2025-01-27 20:31:01,256 CRIT Supervisor is running as root.  Privileges were not dropped because no user is specified in the config file.  If you intend to run as root, you can set user=root in the config file to avoid this message.
2025-01-27 20:31:01,258 INFO supervisord started with pid 7
2025-01-27 20:31:02,262 INFO spawned: 'nginx' with pid 10
2025-01-27 20:31:02,264 INFO spawned: 'app' with pid 11
2025-01-27 20:31:03,337 INFO success: nginx entered RUNNING state, process has stayed up for > than 1 seconds (startsecs)
2025-01-27 20:31:03,337 INFO success: app entered RUNNING state, process has stayed up for > than 1 seconds (startsecs)
Bottle v0.13.2 server starting up (using WSGIRefServer())...
Listening on http://localhost:5000/
Hit Ctrl-C to quit.

[CTRL] POST /setup
[Time: 27.01.25 20:31:13] [Level: info] id: 81e480192e39fc46
[Time: 27.01.25 20:31:13] [Level: info] coordinator: True
[Time: 27.01.25 20:31:13] [Level: info] clients: ['81e480192e39fc46', '492af3544f49e697', 'fb39426e1af73b82']
[Time: 27.01.25 20:31:13] [Level: info] state: initial
[Time: 27.01.25 20:31:13] [Level: info] [State: initial] Reading configuration file...
127.0.0.1 - - [27/Jan/2025 20:31:13] "POST /api/setup HTTP/1.0" 200 0
[Time: 27.01.25 20:31:13] [Level: info] [State: initial] Initializing: Setting iteration to 0, setting max_iterations...
[Time: 27.01.25 20:31:13] [Level: info] [State: initial] Done reading configuration file.
[Time: 27.01.25 20:31:13] [Level: info] [State: initial] Max Iterations: 5
[Time: 27.01.25 20:31:13] [Level: info] [State: initial] Reading training data...
127.0.0.1 - - [27/Jan/2025 20:31:13] "GET /api/status HTTP/1.0" 200 155
[Time: 27.01.25 20:31:14] [Level: info] [State: initial] Initializing pre-trained model...
[Time: 27.01.25 20:31:14] [Level: info] [State: initial] INITIAL input_dim: $10564
[Time: 27.01.25 20:31:14] [Level: info] [State: initial] Initializing cluster centers...
127.0.0.1 - - [27/Jan/2025 20:31:15] "GET /api/status HTTP/1.0" 200 155
[Time: 27.01.25 20:31:16] [Level: info] [State: initial] Broadcasting initial weights to the clients...
[Time: 27.01.25 20:31:16] [Level: info] transition: compute
127.0.0.1 - - [27/Jan/2025 20:31:17] "GET /api/status HTTP/1.0" 200 156
[CTRL] GET /data
127.0.0.1 - - [27/Jan/2025 20:31:17] "GET /api/data HTTP/1.0" 200 58363374
[Time: 27.01.25 20:31:17] [Level: info] state: compute
[Time: 27.01.25 20:31:17] [Level: info] [State: compute] ITERATION 1
[Time: 27.01.25 20:31:17] [Level: info] [State: compute] receiving weights...
[Time: 27.01.25 20:31:17] [Level: info] [State: compute] Loading global weights for model...
[Time: 27.01.25 20:31:17] [Level: info] [State: compute] Updated model with received weights.
[Time: 27.01.25 20:31:17] [Level: info] [State: compute] Loading data...
[Time: 27.01.25 20:31:17] [Level: info] [State: compute] Preparing model training...
[Time: 27.01.25 20:31:17] [Level: info] [State: compute] Training model...
127.0.0.1 - - [27/Jan/2025 20:31:25] "GET /api/status HTTP/1.0" 200 155
127.0.0.1 - - [27/Jan/2025 20:31:27] "GET /api/status HTTP/1.0" 200 155
127.0.0.1 - - [27/Jan/2025 20:31:29] "GET /api/status HTTP/1.0" 200 155
127.0.0.1 - - [27/Jan/2025 20:31:31] "GET /api/status HTTP/1.0" 200 155
127.0.0.1 - - [27/Jan/2025 20:31:33] "GET /api/status HTTP/1.0" 200 155
127.0.0.1 - - [27/Jan/2025 20:31:35] "GET /api/status HTTP/1.0" 200 155
127.0.0.1 - - [27/Jan/2025 20:31:37] "GET /api/status HTTP/1.0" 200 155
127.0.0.1 - - [27/Jan/2025 20:31:39] "GET /api/status HTTP/1.0" 200 155
127.0.0.1 - - [27/Jan/2025 20:31:41] "GET /api/status HTTP/1.0" 200 155
127.0.0.1 - - [27/Jan/2025 20:31:43] "GET /api/status HTTP/1.0" 200 155
127.0.0.1 - - [27/Jan/2025 20:31:45] "GET /api/status HTTP/1.0" 200 155
127.0.0.1 - - [27/Jan/2025 20:31:48] "GET /api/status HTTP/1.0" 200 155
127.0.0.1 - - [27/Jan/2025 20:31:50] "GET /api/status HTTP/1.0" 200 155
127.0.0.1 - - [27/Jan/2025 20:31:52] "GET /api/status HTTP/1.0" 200 155
127.0.0.1 - - [27/Jan/2025 20:31:54] "GET /api/status HTTP/1.0" 200 155
127.0.0.1 - - [27/Jan/2025 20:31:56] "GET /api/status HTTP/1.0" 200 155
127.0.0.1 - - [27/Jan/2025 20:31:58] "GET /api/status HTTP/1.0" 200 155
127.0.0.1 - - [27/Jan/2025 20:32:00] "GET /api/status HTTP/1.0" 200 155
127.0.0.1 - - [27/Jan/2025 20:32:02] "GET /api/status HTTP/1.0" 200 155
127.0.0.1 - - [27/Jan/2025 20:32:04] "GET /api/status HTTP/1.0" 200 155
127.0.0.1 - - [27/Jan/2025 20:32:06] "GET /api/status HTTP/1.0" 200 155
[Time: 27.01.25 20:32:06] [Level: info] [State: compute] Epoch 50, Loss: 3.10921311378479
/usr/local/lib/python3.8/site-packages/sklearn/cluster/_kmeans.py:1416: FutureWarning: The default value of `n_init` will change from 10 to 'auto' in 1.4. Set the value of `n_init` explicitly to suppress the warning
  super()._check_params_vs_input(X, default_n_init=10)
127.0.0.1 - - [27/Jan/2025 20:32:08] "GET /api/status HTTP/1.0" 200 155
[Time: 27.01.25 20:32:08] [Level: info] [State: compute] Saving model and decoder...
[Time: 27.01.25 20:32:08] [Level: info] [State: compute] Sent updated weights to coordinator.
[Time: 27.01.25 20:32:08] [Level: info] transition: aggregate
[Time: 27.01.25 20:32:09] [Level: info] state: aggregate
[Time: 27.01.25 20:32:09] [Level: info] [State: aggregate] Waitig for local models...
127.0.0.1 - - [27/Jan/2025 20:32:10] "GET /api/status HTTP/1.0" 200 157
127.0.0.1 - - [27/Jan/2025 20:32:12] "GET /api/status HTTP/1.0" 200 157
127.0.0.1 - - [27/Jan/2025 20:32:14] "GET /api/status HTTP/1.0" 200 157
127.0.0.1 - - [27/Jan/2025 20:32:16] "GET /api/status HTTP/1.0" 200 157
127.0.0.1 - - [27/Jan/2025 20:32:18] "GET /api/status HTTP/1.0" 200 157
127.0.0.1 - - [27/Jan/2025 20:32:20] "GET /api/status HTTP/1.0" 200 157
127.0.0.1 - - [27/Jan/2025 20:32:22] "GET /api/status HTTP/1.0" 200 157
[CTRL] POST /data
127.0.0.1 - - [27/Jan/2025 20:32:22] "POST /api/data?client=492af3544f49e697&memo=GATHERROUND1 HTTP/1.0" 200 0
[CTRL] POST /data
127.0.0.1 - - [27/Jan/2025 20:32:24] "POST /api/data?client=fb39426e1af73b82&memo=GATHERROUND1 HTTP/1.0" 200 0
[Time: 27.01.25 20:32:24] [Level: info] [State: aggregate] {'encoder.fc.0.weight': array([[-0.01406078,  0.00138681,  0.0018338 , ..., -0.00659415,
         0.0052451 , -0.00740589],
       [ 0.0006599 ,  0.00091586,  0.00082006, ...,  0.00227457,
        -0.00294544, -0.01272497],
       [-0.00823826, -0.00947873,  0.00070189, ...,  0.00739984,
         0.0038716 , -0.01048265],
       ...,
       [-0.00711303, -0.01528373, -0.00864738, ..., -0.01134691,
         0.01295694, -0.01179054],
       [ 0.0026756 ,  0.01282419,  0.00325238, ...,  0.00581989,
         0.00594735, -0.01038615],
       [ 0.01375448,  0.00588443, -0.00279519, ...,  0.00201911,
         0.00841594, -0.00132576]], dtype=float32), 'encoder.fc.0.bias': array([-8.46120808e-03, -1.19979940e-02, -6.39884965e-03, -7.87839573e-03,
        2.79803691e-03, -1.48513009e-05, -9.74218536e-04,  2.00406037e-04,
        4.91959101e-04,  4.25382372e-04, -3.11328680e-03,  2.19195476e-03,
       -1.06822262e-02, -6.03025267e-03, -7.11638015e-03,  9.62804887e-04,
       -1.11226561e-02, -8.88963696e-03,  1.39168382e-03,  6.97438046e-03,
        4.25841380e-03, -5.43154718e-04, -1.06815090e-02, -3.39903403e-03,
       -1.30965570e-02, -2.26083840e-03, -3.64971370e-03, -5.86770754e-03,
       -6.69489009e-03,  8.17686727e-04, -7.96684809e-03, -1.02292420e-02,
       -2.27628136e-03, -1.05869677e-02,  1.14503282e-03,  1.89660781e-03,
        1.15839252e-02,  6.79752557e-04, -6.75540045e-03, -5.97684085e-03,
       -1.05951764e-02, -7.87777919e-03,  4.83636465e-03,  7.53541710e-04,
       -1.20905824e-02, -3.80170858e-03, -1.17328833e-03, -3.74899036e-03,
        4.27084975e-03, -8.55890196e-03,  9.15748882e-04, -1.65755185e-03,
       -1.11091118e-02, -5.19487122e-03, -2.98472354e-03, -3.87809076e-03,
       -1.88101642e-03, -1.41255057e-03, -4.64961631e-03, -1.34593369e-02,
       -1.78817473e-03, -5.03334543e-03, -1.39454962e-03, -7.07302894e-03,
       -8.96546058e-03, -9.16762277e-03, -1.32791302e-03, -1.14019951e-02,
       -8.70899204e-03, -1.99734233e-03, -3.80158366e-04, -1.08192873e-03,
       -1.07271736e-02,  8.07399920e-04, -6.30284566e-03, -9.06685088e-03,
        1.24775292e-02, -1.34219909e-02, -1.10704303e-02, -8.00826401e-03,
       -4.52313805e-03, -1.48359900e-02, -7.86712673e-03, -7.04577798e-03,
       -5.90264704e-03, -1.60265993e-02, -3.87608679e-03,  2.61719548e-03,
       -2.06800411e-03,  2.49851937e-03, -1.11826956e-02,  9.69104189e-03,
       -7.44388532e-03, -6.44395640e-03, -6.59546861e-03, -3.96337267e-03,
       -1.02424519e-02, -8.28025397e-03,  4.49226936e-03,  1.22297313e-02,
       -2.42923124e-04, -8.98674224e-03, -1.29038421e-03, -1.31259598e-02,
        3.44986358e-04, -9.68602113e-03, -4.78828559e-03, -6.48468966e-03,
        1.25340726e-02, -1.95789128e-03,  5.68480056e-04, -1.10203363e-02,
       -1.27808666e-02, -1.18826302e-02,  7.13600311e-04,  2.78476742e-03,
        3.36953113e-03, -8.92517623e-03, -8.63811560e-03, -2.19675433e-03,
       -1.35937454e-02,  2.37123366e-03, -8.82513169e-03, -1.62240602e-02,
        1.40816192e-05, -1.19814137e-02, -1.46722915e-02,  2.56578648e-03,
        1.41244265e-03, -4.97359363e-03, -3.29789566e-03, -7.19464244e-03,
       -6.69278018e-03, -1.36551512e-02, -1.27176400e-02,  9.43608675e-03,
       -9.24978405e-03, -1.59356520e-02, -1.01915617e-02, -2.49846745e-03,
       -7.45425140e-03, -6.89628161e-03, -7.88337551e-03, -1.42917634e-04,
        1.37112336e-03, -2.78255437e-03, -1.08441608e-02, -1.05488254e-02,
       -9.86401550e-03, -1.61071755e-02,  1.37104536e-03, -5.98824059e-04,
        5.17373160e-03, -1.30461473e-02, -5.18272771e-03, -4.24172636e-03,
       -7.64648011e-03, -1.31832948e-02, -1.03525224e-03, -5.36411209e-03,
        3.54271173e-03,  1.77386100e-03,  2.95262644e-03, -5.80381555e-03,
       -6.98280614e-03, -1.55600132e-02, -1.29107665e-02, -7.53603363e-03,
       -1.22065796e-02, -1.53033799e-02, -7.37624010e-03,  3.13190673e-03,
       -1.83225737e-03, -5.33944182e-03, -1.39307296e-02, -6.51144842e-03,
       -3.08180647e-03,  1.72550324e-03, -7.04808533e-03, -1.05350395e-03,
       -1.30493883e-02,  1.75151322e-03, -5.59219159e-04,  8.53855046e-04,
        1.62029639e-03,  1.56626478e-03, -7.85201264e-04, -1.80970400e-03,
        7.21181917e-04, -9.90580861e-03,  3.54748429e-03, -5.27964294e-05,
        4.02767939e-04,  2.08675046e-03, -2.17884357e-04, -8.88215378e-03,
       -3.33171291e-03,  4.39881440e-03, -2.86748447e-03, -2.64647906e-03,
        9.77495871e-03, -1.48311937e-02, -8.15020595e-03,  3.08702956e-03,
        4.74470062e-03, -1.26870498e-02, -1.02207689e-02, -2.32826150e-03,
       -9.08153318e-03,  1.03019746e-02, -5.25971130e-03,  4.15217946e-05,
        9.08692833e-04,  3.02532548e-03, -3.32423486e-03, -6.58844085e-03,
       -4.45020944e-03,  6.58200821e-03,  4.47540358e-03, -1.09686777e-02,
       -1.19533744e-02,  8.92479613e-04, -1.25527130e-02, -8.63711350e-03,
       -2.21283990e-03, -1.20395822e-02,  4.52365773e-03,  3.78920627e-03,
       -1.62077732e-02, -5.44428825e-03, -5.38735837e-03, -7.51078071e-04,
        1.28844602e-03, -7.05612916e-03, -1.91904104e-03,  2.34958576e-03,
       -1.03880912e-02,  2.19067978e-03, -1.16287312e-02, -4.78407415e-03,
        2.06849305e-03, -4.67399554e-03, -6.83938898e-03,  2.92901229e-03,
       -1.10457027e-02, -1.30349286e-02, -9.55048483e-03, -2.60817795e-03,
        2.03949166e-03, -6.33775396e-03, -3.58917867e-03, -9.21584293e-03,
       -6.79602847e-03, -8.59185960e-03,  1.55743456e-03,  2.54949136e-03,
       -1.37937488e-02, -4.61347494e-03, -8.43256898e-03, -3.70779866e-03,
       -2.77919718e-03, -8.19802284e-03,  3.04185669e-03, -5.84265636e-03,
       -1.41645665e-03, -1.21094789e-02, -4.67694458e-03, -1.25698792e-02,
        2.37816432e-03, -1.43098729e-02, -1.62386447e-02, -1.07336612e-02,
       -7.07919709e-03, -5.30016003e-03,  2.94215255e-03, -1.36377597e-02,
       -2.00767424e-02,  2.51789228e-03, -9.77077871e-04, -1.48136485e-02,
       -3.05826985e-03, -7.68829742e-03,  6.36600377e-03, -3.56961670e-03,
       -1.56808109e-03, -7.77772162e-03, -6.34406088e-03, -2.61083199e-03,
        5.55137289e-04, -1.99732906e-03, -1.02459816e-02, -7.95883685e-03,
       -3.03381030e-03, -1.13396477e-02,  2.59545073e-03, -2.65548239e-03,
        3.50931240e-03, -1.06608949e-03, -8.93660169e-03, -1.90759301e-02,
       -1.15061831e-02, -5.44540072e-03, -1.08491741e-02,  3.78964772e-03,
       -3.27723054e-03, -6.49022916e-03, -3.73106077e-03, -2.79698661e-03,
       -1.29352405e-03, -6.78795623e-04, -1.12639609e-04,  1.39195742e-02,
        1.57328858e-03,  1.13898451e-02,  4.78379987e-03, -9.78786312e-03,
       -1.35634318e-02, -1.42723750e-02,  4.54956171e-04,  4.05600527e-03,
       -1.39450487e-02, -5.04788198e-03,  8.53536243e-04, -1.38305342e-02,
       -3.18593741e-03, -3.59244458e-03, -8.51598941e-03, -2.84056598e-03,
        3.83879337e-03,  2.54341005e-03, -5.51606715e-03,  1.43728580e-03,
       -4.31006402e-03,  1.46778510e-03, -9.35436320e-03, -2.66267045e-04,
       -1.38204137e-03, -1.29143018e-02,  1.36940205e-03, -7.37217907e-03,
       -8.31947569e-03, -2.83632101e-03, -6.63785089e-04,  1.31210941e-03,
       -2.65333545e-03,  1.02850795e-03, -1.01742418e-02,  3.71830049e-03,
        7.30365980e-03, -4.51421924e-03, -1.42041547e-02, -3.69376573e-03,
        2.04954227e-03, -3.50704510e-03, -5.64232655e-03, -1.28327701e-02,
        5.40238165e-04, -9.11073200e-03, -2.85135279e-03, -8.26681964e-03,
        3.30033852e-03, -1.32690119e-02, -8.97064712e-03, -1.02276243e-02,
       -1.22685870e-02, -9.14687384e-03, -9.28210840e-03,  3.57321510e-03,
       -2.69579468e-05, -1.22914910e-02, -1.02492692e-02,  3.49220284e-03,
        1.61139830e-03, -2.89141969e-03, -1.32834548e-02,  2.42525269e-03,
       -3.43513413e-04, -5.99666638e-03,  3.30663432e-04,  2.90591642e-03,
       -5.31180855e-03,  3.44190514e-03, -1.36450892e-02,  4.10381099e-03,
       -6.45959564e-03, -9.48081538e-03, -1.14474595e-02,  9.28259268e-03,
       -7.45709985e-03, -8.76880344e-03, -5.74753247e-03, -6.91939751e-03,
       -1.49062369e-02, -8.10327847e-03, -1.99005543e-03, -1.36504909e-02,
       -1.01387519e-02, -2.69201555e-04, -7.66940741e-03,  3.34502268e-03,
       -1.05168130e-02, -8.42717290e-03, -7.91134872e-03, -4.38761851e-03,
       -1.35950735e-02, -9.61740781e-03, -5.32602658e-03, -4.50803339e-03,
       -1.13119893e-02, -1.49624823e-02, -2.39026104e-03,  6.05539652e-03,
       -7.20177311e-03,  5.22339869e-05, -1.19386027e-02, -1.23352548e-02,
       -6.89409906e-03, -1.05728172e-02, -3.40960978e-04,  2.40377360e-03,
       -2.55985186e-03,  3.11429799e-03, -7.52589526e-03, -2.41074478e-03,
       -6.26538787e-03,  1.63281825e-03, -5.60650881e-03, -1.08080028e-04,
        5.11176232e-03, -9.24282428e-03, -9.41060670e-03,  1.12474919e-03,
       -1.28482352e-03,  2.63936701e-04, -1.01872161e-02,  3.52583057e-03,
       -1.45786078e-04, -9.30122565e-03,  4.63878270e-03, -3.31545738e-03,
       -1.03275105e-02, -4.09075851e-03, -9.18407552e-03, -4.54980135e-03,
       -2.38481467e-03, -3.13342130e-03, -2.96380138e-03,  1.18042929e-02,
       -1.36062633e-02,  5.14860079e-03,  8.46914202e-03, -8.42490292e-04,
       -1.42214121e-02, -5.93508407e-03,  3.20486701e-03, -1.45137599e-02,
       -1.41688297e-02, -1.32654794e-02, -9.28041525e-03, -1.30830696e-02,
       -1.11737167e-02, -8.25868640e-03,  8.12609447e-04, -1.49527052e-03,
       -2.92239455e-03,  4.01080074e-03,  4.73129516e-03, -2.12918618e-03,
        4.68626647e-04, -1.13095250e-02,  4.53565852e-04, -6.29971502e-03,
       -1.08758453e-02, -1.45428339e-02, -5.14160888e-03, -3.33612319e-03,
       -3.93360108e-03, -9.43868421e-03, -7.44859083e-03, -2.38290126e-03,
        2.55248393e-04, -2.73372163e-03, -1.00045949e-02, -1.10188080e-02,
        4.12119273e-03, -1.40519198e-02, -1.31859966e-02, -6.27366826e-03,
       -1.46563892e-04,  1.02545670e-03, -1.14238421e-02, -8.30939598e-03,
       -1.15006985e-02, -5.82709094e-04, -5.68460254e-03, -8.70416593e-03,
       -2.96407589e-03,  1.58089437e-02, -6.78453548e-03, -1.40105619e-03],
      dtype=float32), 'encoder.fc.2.weight': array([[-0.02025536,  0.01106893, -0.04295622, ..., -0.00753879,
        -0.0331269 ,  0.03345197],
       [ 0.01125634, -0.00307414,  0.00185675, ...,  0.00721302,
        -0.04664123,  0.01353631],
       [-0.02940432, -0.03285538, -0.02874879, ..., -0.0140089 ,
        -0.01484979, -0.01579339],
       ...,
       [-0.01570873, -0.02551737, -0.01147597, ...,  0.00655332,
         0.01756372,  0.00072236],
       [-0.01663853,  0.02350407, -0.0027193 , ..., -0.03269661,
         0.01306982, -0.0269815 ],
       [-0.03842625,  0.04650277, -0.01766791, ...,  0.00725259,
        -0.02081793,  0.03080745]], dtype=float32), 'encoder.fc.2.bias': array([-0.0463282 ,  0.00641914, -0.00638013, ...,  0.03718868,
        0.01509438,  0.01724089], dtype=float32), 'encoder.fc.4.weight': array([[-0.00246707, -0.02628003, -0.00361268, ..., -0.0151819 ,
        -0.01356921, -0.02567648],
       [ 0.00199527, -0.00947115, -0.00950383, ...,  0.00043286,
         0.01148568,  0.00529591],
       [ 0.00831449, -0.0172041 , -0.01950207, ..., -0.00649484,
         0.00615847, -0.01938047],
       ...,
       [-0.024658  ,  0.00286643,  0.01046317, ..., -0.01201484,
        -0.01201752, -0.00600628],
       [-0.00779891,  0.00900948,  0.00890112, ...,  0.02293812,
         0.01377459, -0.00070746],
       [-0.02602452, -0.0071251 ,  0.00168954, ..., -0.01993292,
         0.00928564, -0.01133028]], dtype=float32), 'encoder.fc.4.bias': array([-2.00222693e-02, -8.09551124e-03, -5.65907033e-03, -2.57007200e-02,
       -1.45957926e-02, -2.67447680e-02,  2.36974889e-03, -1.76601193e-03,
       -1.95137896e-02, -4.38359519e-03,  9.97374021e-03,  6.16291026e-03,
       -1.97793990e-02, -2.27675028e-02,  1.31972088e-03,  2.14192620e-03,
       -2.65992954e-02, -2.93451082e-03, -2.04808987e-03,  1.47164110e-02,
       -1.88298840e-02, -1.19933113e-02, -1.86940338e-02, -8.69092066e-03,
        1.66102201e-02, -4.50276677e-03,  2.80758156e-03,  2.23161969e-02,
       -4.46313847e-04, -8.34212464e-04,  9.04720649e-03, -6.42571319e-03,
        1.51817836e-02, -7.67845474e-03, -1.39905978e-02, -2.00409833e-02,
        3.70057928e-03,  9.94329806e-03,  5.61404368e-03,  1.31979091e-02,
        6.81440812e-03,  1.15396651e-02,  1.14222383e-02,  7.52147008e-03,
        1.33665903e-02, -7.92724779e-04, -2.09622402e-02,  3.06229312e-02,
        9.86117311e-03, -1.65366903e-02,  2.23162919e-02, -1.67430043e-02,
        3.69327120e-03,  3.32931813e-04, -1.71999466e-02, -7.31591228e-03,
        1.16594145e-02,  1.64396055e-02, -2.64508999e-03,  1.54629769e-02,
        1.65983532e-02,  4.01549216e-04,  1.02432529e-02,  6.73398189e-03,
       -9.38322488e-03, -4.67156991e-03, -2.25222029e-05, -8.77165515e-03,
        4.17108764e-04,  1.38388714e-02,  1.74738951e-02, -2.54633799e-02,
        1.65007880e-03,  2.36627646e-02, -1.20706139e-02,  1.97625230e-03,
       -1.88794620e-02, -3.71770514e-03, -1.57149620e-02,  8.94609094e-03,
        8.89011286e-03,  1.35740237e-02, -7.43431924e-03, -1.59685090e-02,
       -2.24541705e-02,  7.04514561e-03, -3.59819460e-05, -2.26163715e-02,
       -2.34590601e-02,  8.64794943e-03, -1.29548777e-02, -6.96664490e-03,
       -2.40242369e-02, -4.43685614e-03,  1.01437597e-02, -1.07367942e-02,
        5.87961404e-03, -2.68433709e-02,  1.73537023e-02, -1.67213809e-02,
        1.79729071e-02,  1.61560662e-02,  9.99781583e-03, -2.21263501e-03,
       -5.38522424e-03,  1.03748133e-02, -9.86689050e-03, -1.33596174e-02,
       -2.22333297e-02,  1.78259797e-02,  2.59872410e-04,  1.01480717e-02,
        6.89635146e-03, -1.94265209e-02,  4.69786813e-03, -9.32026096e-03,
       -1.53909239e-03,  4.66770725e-03,  1.34135457e-02, -3.39608616e-03,
       -2.33781580e-02, -4.21201391e-03, -2.01221462e-02, -1.03178676e-02,
       -2.21872535e-02,  2.83530768e-04, -2.46605510e-03, -3.94058600e-03,
        1.08053060e-02,  9.99368448e-03, -8.09902698e-03,  2.43970174e-02,
       -1.13373687e-02, -2.17512511e-02,  1.65841989e-02, -1.04172614e-04,
        1.14136068e-02,  8.58135335e-03, -1.68975983e-02,  1.15242898e-02,
       -2.64363885e-02, -2.07670256e-02, -1.16170514e-02, -4.01219353e-03,
        7.47838581e-04,  6.35139365e-03,  1.43590542e-02,  1.60127841e-02,
        7.33089726e-03, -7.58350641e-03, -1.20240906e-02,  7.16022868e-03,
        1.45766847e-02,  1.92928489e-03, -3.68920591e-04, -1.83565617e-02,
       -8.30042921e-03,  2.19100658e-02,  1.41922187e-03, -2.60266499e-03,
       -9.31533461e-04, -2.25873590e-02,  1.65471323e-02, -3.29901697e-03,
       -2.05805642e-03, -1.62531808e-02,  1.72838140e-02, -2.65040994e-02,
       -1.32634975e-02,  8.52697250e-03,  1.76993255e-02,  2.35215994e-03,
       -2.64482908e-02,  1.67088266e-02,  1.86056588e-02, -4.79271915e-03,
        6.37435494e-03,  1.19697917e-02, -2.03927979e-02,  7.11597560e-04,
       -1.92370620e-02, -1.03554763e-02, -2.08229106e-02,  1.18293874e-02,
        1.59318335e-02,  1.11352094e-02, -1.16686309e-02,  1.44778844e-02,
       -2.10613180e-02,  1.04567055e-02, -1.30686294e-02, -1.14431297e-02,
       -3.94081837e-03, -2.65478995e-03, -1.71152428e-02,  1.02884034e-02,
        6.33789878e-03,  1.16824629e-02,  2.51163985e-03, -1.15660811e-02,
       -2.50292066e-02, -1.82163785e-03, -1.24682346e-02, -2.36150436e-02,
        1.03417477e-02,  1.60430949e-02, -1.55769354e-02, -2.35933950e-03,
       -9.84721631e-03, -2.76869192e-04,  1.85365546e-02,  9.13838670e-03,
        1.35198152e-02,  9.94448643e-03,  1.70052368e-02,  2.54047848e-02,
       -2.44776178e-02, -2.50688046e-02, -4.28142259e-03, -2.65504159e-02,
       -8.40666890e-03,  1.37022389e-02, -4.26024292e-03, -1.58883110e-02,
        1.42319994e-02,  1.53102297e-02,  1.39070824e-02, -3.32299690e-03,
       -2.34656073e-02, -2.94115627e-03, -1.14384359e-02,  1.26117291e-02,
        2.00676266e-02,  5.18332748e-03,  1.51860844e-02,  8.48879572e-03,
       -1.15117040e-02, -1.37900226e-02,  6.84998836e-03,  4.69719339e-03,
       -1.89697847e-03,  1.67615023e-02,  8.66333768e-03, -1.10218553e-02,
       -2.58527938e-02,  7.16088247e-03,  7.57531496e-03,  1.78919714e-02,
        6.11140160e-03,  1.03375064e-02, -4.04110411e-03,  9.98257892e-04,
       -2.35552564e-02,  1.77567061e-02,  9.56245698e-03, -2.03974359e-02,
       -1.25415605e-02,  6.19122235e-04, -2.49866862e-02, -1.49154775e-02,
        6.71404507e-03,  5.32148452e-03, -2.40709935e-03, -1.91888306e-02,
       -6.99189119e-03, -1.89438846e-03, -1.09020695e-02, -1.69894211e-02,
       -1.19889202e-02,  1.43506965e-02, -3.91174993e-03,  5.60651999e-03,
       -9.22001433e-03,  8.26939195e-03,  1.26517741e-02, -1.30365631e-02,
       -1.09849172e-02, -1.91162489e-02, -1.12088947e-02,  6.56480261e-04,
        9.63267591e-03, -2.84123654e-03, -2.57003531e-02, -1.77669898e-02,
       -2.47604884e-02, -2.21252814e-02, -1.37241920e-02, -2.58516576e-02,
       -1.01631256e-02, -1.21174557e-02,  1.28965331e-02, -5.18192677e-03,
       -1.23291509e-02, -1.89294398e-03, -2.11089887e-02,  7.46969786e-03,
        1.27925240e-02,  1.73808075e-02,  1.48787955e-02,  2.03513652e-02,
       -5.21561247e-04, -1.42707415e-02, -1.23498589e-02,  4.78510745e-04,
       -1.59061458e-02, -2.31010709e-02, -2.72141234e-03, -1.34793501e-02,
       -2.54680961e-02,  9.00160335e-03,  9.26168077e-03,  2.63931579e-03,
        1.18635613e-02, -1.18095502e-02, -4.59493836e-03,  6.40374329e-03,
        1.00542400e-02, -1.34760272e-02, -2.57516727e-02,  1.47213107e-02,
        2.61888821e-02, -1.21565477e-03,  5.25493454e-03, -1.64039209e-02,
        7.74922140e-04, -1.57372970e-02, -1.06388452e-02, -1.75641123e-02,
       -8.69711768e-03, -2.00934410e-02, -2.75550317e-03, -1.03428029e-02,
       -1.10415583e-02,  8.41948390e-03, -2.22894680e-02, -4.45335312e-03,
        6.26702793e-03, -1.70172695e-02, -1.87047478e-02,  1.57367401e-02,
       -5.18940575e-03,  5.24322095e-04, -2.59044077e-02, -4.79869545e-04,
        2.47848202e-02,  2.35572569e-02, -2.18643155e-02,  1.67266894e-02,
       -1.35701392e-02,  7.20359199e-03, -2.31843255e-02,  7.64375599e-03,
       -1.46497507e-03, -2.58185770e-02, -1.92948785e-02,  1.47035597e-02,
       -4.71971789e-03,  1.86587300e-03,  8.70156102e-03,  1.31107001e-02,
       -4.36718576e-04,  8.43199063e-03, -2.25649066e-02,  7.34668877e-03,
       -1.35107003e-02, -1.21358503e-02, -2.08082609e-02,  4.38857730e-03,
       -2.38561574e-02, -1.16018206e-02, -4.91860555e-03, -5.13683492e-03,
       -1.50043527e-02,  1.88860018e-03, -1.95751502e-03, -8.26793257e-03,
       -1.60398912e-02, -8.59100185e-03, -1.58319864e-02, -1.88676342e-02,
        1.75933819e-02,  1.93286482e-02, -3.55273252e-03,  3.09626851e-03,
        1.48358056e-02, -9.35967173e-03, -9.99064744e-03, -2.24382002e-02,
       -7.11774500e-03,  1.73094868e-05, -3.89054860e-03, -2.60067936e-02,
       -1.39223831e-02, -2.39526890e-02,  1.94528920e-03,  2.58300151e-03,
       -2.68024988e-02, -2.26117261e-02,  6.20291289e-03, -8.59472435e-03,
        1.04351528e-02, -1.60885099e-02, -1.07881555e-03, -1.78064276e-02,
        1.06360903e-03,  1.48634389e-02, -1.90225983e-04, -1.34294108e-02,
       -8.35103262e-03, -1.94456745e-02,  3.36792879e-03,  3.85577651e-03,
       -6.56121038e-03,  1.46459695e-02, -1.10076694e-02, -7.70210149e-03,
       -1.56773441e-02, -1.56611553e-03, -2.14562826e-02, -3.08688148e-03,
       -3.38113122e-03,  2.28841249e-02, -2.50681955e-02, -1.44045346e-03,
       -2.01029778e-02, -7.53811840e-03, -1.88596267e-03, -1.63732395e-02,
       -1.28399683e-02, -1.08217811e-02, -8.20564851e-03, -1.18101155e-02,
        1.08879833e-02, -4.77406196e-03,  1.65769365e-02, -9.38453805e-03,
       -2.63933484e-02,  1.53190000e-02, -6.51243841e-03, -2.08663940e-02,
       -2.12900136e-02, -7.47658545e-03,  6.91809552e-03, -1.15228174e-02,
        5.50296856e-03, -1.54303284e-02,  5.23150899e-03, -8.66135675e-03,
       -3.94522166e-03, -2.24514939e-02, -2.18749382e-02, -4.72925510e-03,
        7.74697727e-03, -5.73488045e-03,  1.61600411e-02, -2.88947280e-02,
       -2.62661092e-02,  1.06065627e-03,  3.33285099e-03, -1.07603725e-02,
       -1.15367668e-02, -2.63508540e-02, -1.99073274e-02,  4.83588502e-03,
        1.15311705e-03,  5.15242619e-03, -1.38696535e-02, -1.21934060e-02,
        2.45641340e-02, -1.75388455e-02, -2.28990577e-02, -1.54842678e-02,
       -1.54620372e-02,  9.16594453e-03,  1.90360304e-02, -1.17434002e-02,
       -4.49985685e-03, -2.01230217e-02,  1.74999926e-02, -9.11379978e-03,
       -4.89756232e-03,  1.55236514e-03,  1.64240021e-02, -1.68493087e-03,
        8.38173181e-03, -1.89262368e-02, -2.39695213e-03, -1.28244944e-02,
       -1.44646093e-02, -1.45223206e-02, -1.98354423e-02, -2.53738463e-02,
        2.53123115e-03,  7.07513653e-03, -1.74642541e-02, -7.88980816e-03,
       -1.23941489e-02,  7.45360972e-04,  6.11719955e-03,  1.26470737e-02],
      dtype=float32), 'encoder.fc.6.weight': array([[-0.03068211, -0.02406105,  0.00748794, ..., -0.01448244,
        -0.00492672, -0.03104572],
       [ 0.03540764,  0.03641537,  0.0357684 , ...,  0.03208982,
        -0.04788123,  0.02162038],
       [-0.01424189, -0.01809374, -0.02200352, ...,  0.00094888,
         0.03370511, -0.03793517],
       ...,
       [ 0.01643704, -0.04193823,  0.01515196, ..., -0.03136997,
         0.00906054,  0.03446485],
       [ 0.02686839, -0.02038562, -0.00056458, ..., -0.00069511,
        -0.00706153,  0.03354058],
       [-0.02569727,  0.02502381,  0.02966636, ...,  0.01698459,
        -0.0197226 ,  0.03210559]], dtype=float32), 'encoder.fc.6.bias': array([ 0.02726788, -0.00804454, -0.01967086,  0.0070931 , -0.01295777,
       -0.03631448,  0.02757886,  0.02301833,  0.00686823, -0.02524684],
      dtype=float32), 'decoder.fc.0.weight': array([[-0.09773676,  0.23371972,  0.23064536, ...,  0.08975057,
        -0.03494769,  0.08665752],
       [-0.16275702,  0.12973905, -0.06571846, ..., -0.21706568,
        -0.10275206, -0.30066192],
       [-0.23327948, -0.11629032,  0.03694585, ..., -0.16252358,
        -0.12934937, -0.23349456],
       ...,
       [-0.30259502,  0.02224921, -0.10515895, ...,  0.24474382,
         0.06363646, -0.02661112],
       [ 0.18590538, -0.19724253,  0.21374679, ...,  0.06192485,
        -0.2964327 , -0.13154997],
       [ 0.15133609,  0.05782427, -0.2797855 , ...,  0.15854058,
        -0.23167771, -0.12157489]], dtype=float32), 'decoder.fc.0.bias': array([-9.96896699e-02, -5.55319563e-02,  8.50484073e-02, -2.45815620e-01,
        6.99971765e-02,  2.72725970e-01,  2.75961399e-01,  5.64427376e-02,
       -2.46974245e-01,  1.04714766e-01, -1.62316933e-02, -2.62887836e-01,
       -6.78357333e-02,  6.33410737e-02, -1.46476533e-02,  2.64723226e-02,
       -7.02206716e-02,  1.02317687e-02,  1.79601461e-01, -5.53691611e-02,
       -1.46391496e-01,  1.31661087e-01,  3.99389192e-02, -1.18365861e-01,
        2.12235034e-01,  1.92151010e-01,  1.68803647e-01,  1.96469769e-01,
       -1.31840020e-01,  9.28761289e-02,  2.30783299e-01, -5.97427264e-02,
        2.25679159e-01, -2.68546134e-01,  2.01029152e-01, -9.64379013e-02,
        7.72797018e-02,  2.97342598e-01, -1.90405205e-01, -2.83774406e-01,
       -2.00382039e-01,  9.64339375e-02, -2.52095252e-01,  7.95429796e-02,
        3.22776556e-01, -1.95890083e-04, -7.57082328e-02,  2.29465276e-01,
        2.31246933e-01,  4.38917540e-02, -2.76156336e-01, -2.50633031e-01,
       -9.87657011e-02,  1.47630885e-01, -1.00982808e-01, -7.56427879e-03,
        2.56908655e-01,  2.95285434e-01, -1.92019194e-01, -1.08156681e-01,
       -1.30499944e-01,  2.23289710e-02, -7.74926841e-02,  1.66519046e-01,
        3.17069352e-01,  2.18184084e-01,  6.41833469e-02, -7.56559074e-02,
       -2.40670621e-01, -2.26711228e-01,  1.97458118e-01,  1.79306358e-01,
       -9.74121094e-02,  2.23158393e-02, -2.66682982e-01,  2.78459817e-01,
        1.80158556e-01,  3.01360697e-01,  1.49935978e-02, -1.05786443e-01,
        1.36498902e-02, -2.87312359e-01,  9.83813182e-02,  1.79317787e-01,
        2.24035561e-01, -1.45280287e-01,  2.84890234e-01, -1.63134590e-01,
        2.53678858e-01, -1.35126576e-01, -2.16533449e-02, -3.07993591e-01,
       -5.43816853e-03, -1.78447649e-01, -3.79073992e-02,  1.31957252e-02,
       -1.47713423e-02, -1.74406245e-01, -1.50754049e-01,  3.14203143e-01,
        2.17710093e-01, -2.43482128e-01, -1.70662135e-01, -2.79015332e-01,
        1.50429890e-01, -1.98567241e-01,  2.91205896e-03,  3.28879338e-03,
       -6.14659563e-02, -2.32780799e-01,  6.99096769e-02,  1.30507573e-02,
       -6.46879822e-02,  7.17339143e-02, -8.76881555e-02,  8.04357976e-02,
        4.80844863e-02,  1.83993787e-01,  1.00103535e-01,  1.24181122e-01,
        2.44252160e-01, -4.69009392e-02,  1.61932334e-01,  1.79760963e-01,
       -1.08657315e-01,  4.05204110e-02, -8.27885419e-03,  2.19670713e-01,
        2.24021971e-02, -5.77237420e-02, -1.10434316e-01, -2.46474341e-01,
       -4.31377664e-02,  1.36113927e-01, -3.01474750e-01, -2.66084254e-01,
       -1.21516056e-01, -1.31162360e-01, -3.08020532e-01, -1.36895716e-01,
       -4.97829244e-02,  1.21637717e-01, -1.30270377e-01,  2.91774683e-02,
        2.15006799e-01,  2.53618121e-01, -1.88421175e-01,  2.20194504e-01,
        2.87774920e-01, -7.54607767e-02, -2.22786844e-01,  2.74481237e-01,
        2.67117936e-02, -9.01370943e-02,  2.72691309e-01,  2.69927740e-01,
        3.02732319e-01, -2.20357984e-01,  1.60435081e-01, -2.67857015e-01,
        6.35750517e-02, -1.03685856e-01,  1.84066445e-01, -5.64769916e-02,
        1.72349021e-01, -9.75286365e-02,  1.65484980e-01,  1.08249500e-01,
        3.13978702e-01, -8.10976177e-02, -2.73530662e-01, -3.01637262e-01,
       -3.61350365e-02,  2.65578479e-01,  3.30398232e-01,  2.09601238e-01,
       -1.54855832e-01,  1.26051486e-01, -1.52654797e-01, -2.53776491e-01,
       -7.60795251e-02, -1.14936851e-01,  2.81810254e-01,  6.87937289e-02,
       -2.47071698e-01,  1.18484065e-01,  5.43046650e-03,  2.31546909e-01,
        2.28098571e-01,  8.24783146e-02, -2.25235194e-01,  4.34948653e-02,
        2.56129980e-01, -3.03691655e-01, -1.97604582e-01,  1.69757158e-01,
        1.48818821e-01,  5.63669428e-02,  9.17823538e-02,  2.45784685e-01,
        3.08491617e-01, -7.71263763e-02,  5.33002205e-02,  2.58376688e-01,
       -2.28635952e-01,  2.30491221e-01,  1.39045149e-01,  5.49000911e-02,
       -6.48959056e-02, -3.46196145e-02,  1.76461458e-01,  1.35343745e-01,
        8.51876587e-02, -1.65662140e-01, -5.60130458e-04, -2.68475890e-01,
       -2.12623090e-01,  9.80455950e-02,  3.74315828e-02,  2.38816187e-01,
        9.65621248e-02, -2.63150632e-01,  5.12524061e-02,  8.94615501e-02,
        1.09108448e-01, -2.09677830e-01,  3.17809731e-01, -1.48992866e-01,
        9.97905135e-02,  1.85214549e-01,  1.22313285e-02,  5.12796044e-02,
        8.02428648e-03,  1.64154112e-01,  2.22285718e-01,  6.63499460e-02,
        4.50226367e-02,  2.14567244e-01,  4.71297875e-02,  3.79564203e-02,
       -1.18242338e-01,  1.33415863e-01,  1.14314482e-01,  1.63392112e-01,
        2.01999992e-01,  1.56249240e-01, -1.57422394e-01,  9.51989219e-02,
        2.55705416e-01,  2.40173787e-01, -1.96898237e-01, -1.52926087e-01,
        5.56617184e-03,  1.29035428e-01,  1.51782930e-02,  1.83741778e-01,
        1.33674100e-01, -2.92725116e-01, -8.14803783e-03,  2.00736925e-01,
       -3.47587019e-02, -1.61880031e-01, -3.07831883e-01, -1.73806131e-01,
        4.23566662e-02, -2.03003556e-01,  2.11530223e-01, -2.58854806e-01,
        1.19804136e-01,  3.75073440e-02, -6.93357550e-03,  2.12767214e-01,
       -3.13446671e-02, -2.84970045e-01,  8.23522657e-02, -2.72141725e-01,
       -3.49544287e-02,  2.98287868e-01, -1.66135222e-01,  1.13844171e-01,
       -2.54159272e-01, -2.20084548e-01,  1.36978850e-02,  1.02980725e-01,
       -2.61965282e-02, -2.40599327e-02, -1.13310613e-01, -2.20123425e-01,
        1.29786596e-01, -2.45152876e-01,  1.57572143e-02,  2.91451156e-01,
        1.89937174e-01,  2.56309420e-01, -1.98264420e-01,  1.55100748e-01,
       -1.29197717e-01, -2.02925891e-01,  1.74100071e-01,  2.90535063e-01,
        7.62129501e-02,  7.06608444e-02,  3.80257033e-02, -1.88611731e-01,
        2.77259380e-01, -5.68280742e-02,  4.36469242e-02,  2.01689690e-01,
       -8.38473905e-03,  6.77914396e-02,  5.83224148e-02, -1.20642610e-01,
        3.03637177e-01, -1.16791241e-01, -5.62859289e-02,  2.51677424e-01,
        1.66551203e-01, -1.41472310e-01,  1.43925473e-01, -1.96151033e-01,
        2.84642577e-01, -2.51488149e-01,  1.58712521e-01,  9.37745422e-02,
       -2.39885241e-01,  1.34643510e-01, -1.14793010e-01, -3.40817571e-02,
       -3.12715620e-01,  7.20107257e-02,  1.07175514e-01,  2.36882865e-01,
       -1.56269372e-01, -2.61353105e-02,  1.57227814e-01,  2.38931645e-02,
        2.37464875e-01, -2.63670951e-01,  2.82238901e-01,  2.98222691e-01,
        1.97931826e-01, -7.73960575e-02,  1.84917703e-01, -2.99970388e-01,
        2.08109304e-01,  4.27044146e-02, -5.12404516e-02,  8.06241781e-02,
       -7.63826221e-02, -1.13153212e-01, -9.35996622e-02, -8.74778256e-02,
        1.66556358e-01, -2.66774949e-02, -2.96608776e-01,  7.78897777e-02,
       -1.73851836e-03, -1.24858320e-01,  2.35318869e-01, -1.51675969e-01,
        1.86050639e-01, -2.08679110e-01, -1.51948944e-01,  2.25518346e-01,
       -1.01692773e-01,  2.53724247e-01, -1.45648271e-01, -1.81965992e-01,
        2.77795315e-01,  1.04836486e-01, -2.58806705e-01, -1.97050869e-01,
       -6.01105019e-03, -1.52826225e-02,  2.55221218e-01, -3.10028255e-01,
       -3.56962457e-02,  5.17318323e-02,  9.86478478e-02, -6.73452094e-02,
        4.40811692e-03, -2.30026498e-01,  2.13416621e-01,  1.00313537e-01,
        1.59815073e-01,  2.23558381e-01,  2.76645157e-03,  6.35146797e-02,
       -2.54311979e-01, -2.03767568e-02,  3.47614661e-02,  2.58576989e-01,
       -1.61874041e-01, -1.33331418e-01,  2.19601288e-01,  2.07693204e-01,
        2.49529257e-01, -1.62623554e-01, -3.18447620e-01,  2.74230301e-01,
       -3.19229782e-01, -7.90905654e-02,  1.46069705e-01,  4.92385179e-02,
       -1.07188575e-01, -2.61278927e-01, -2.59896636e-01, -2.24327385e-01,
       -2.26871297e-02,  1.82066679e-01, -2.91932017e-01, -2.59055346e-01,
        1.64804012e-02,  2.69842017e-02, -1.03817396e-01, -1.31215855e-01,
        2.48564914e-01,  2.49817088e-01,  1.87791064e-01,  2.80675501e-01,
       -5.11844419e-02, -9.33054164e-02,  6.39961585e-02,  2.38907650e-01,
        2.84169242e-03,  1.30654171e-01, -2.05607742e-01,  8.92324820e-02,
       -1.94585204e-01, -1.46841612e-02,  3.14054579e-01, -1.35809928e-01,
        1.17354646e-01, -1.26403719e-01, -1.86014980e-01,  2.40816176e-01,
       -1.27847791e-01, -2.12317348e-01, -1.64934829e-01,  2.06622899e-01,
       -6.73118532e-02, -2.97424912e-01, -4.78280038e-02,  1.59544870e-01,
       -2.69211560e-01, -2.68481541e-02, -2.26896659e-01,  2.73845255e-01,
       -2.36239970e-01, -2.43127927e-01, -2.37666279e-01, -2.12522686e-01,
       -2.48328194e-01,  1.98533475e-01, -2.17439253e-02, -1.68709625e-02,
        2.43428275e-01, -1.37550384e-01, -2.29133189e-01,  9.76495519e-02,
       -1.31040692e-01, -7.76365995e-02, -2.42431954e-01, -2.29228929e-01,
        2.89439142e-01,  5.39280064e-02,  1.05277270e-01,  2.33019218e-01,
        1.50313869e-01, -2.86899179e-01,  2.52390236e-01, -2.80969769e-01,
       -1.60262287e-01,  2.46671021e-01, -1.04667440e-01, -5.82191236e-02,
       -8.69564489e-02,  1.88517690e-01,  3.21423262e-01,  1.32494405e-01,
       -1.24985255e-01,  2.74795473e-01,  1.35378659e-01, -2.89452195e-01,
       -5.38263284e-02, -1.02124490e-01, -1.46091565e-01, -2.86917508e-01,
       -1.78842582e-02,  3.20236057e-01, -2.56325692e-01, -2.48823270e-01,
       -1.34308040e-01,  2.26599157e-01, -2.28340641e-01, -5.57538196e-02,
       -2.14790851e-01,  2.67731190e-01,  2.90578187e-01,  2.26911884e-02],
      dtype=float32), 'decoder.fc.2.weight': array([[-0.04102436,  0.00938815, -0.05664716, ...,  0.05694897,
        -0.03761721,  0.03615017],
       [ 0.03024048, -0.00133611, -0.01112126, ..., -0.02105855,
         0.04580395,  0.00935442],
       [ 0.02565355, -0.04409264,  0.00485895, ...,  0.03840329,
         0.02483587,  0.01115177],
       ...,
       [ 0.03716962, -0.02510561, -0.01543693, ...,  0.03573247,
        -0.04344592,  0.01507203],
       [ 0.02972826, -0.00054116, -0.03780698, ..., -0.0101237 ,
         0.03580077,  0.02930067],
       [ 0.00815864,  0.01501393, -0.00231303, ...,  0.00716171,
        -0.00753132,  0.00127085]], dtype=float32), 'decoder.fc.2.bias': array([ 0.03816544,  0.04281776,  0.02285969, ..., -0.02459114,
       -0.01830023, -0.02939443], dtype=float32), 'decoder.fc.4.weight': array([[-0.01187856,  0.02280449,  0.00336963, ..., -0.00578981,
         0.01562715, -0.00123174],
       [-0.01560868, -0.01310138, -0.00384043, ..., -0.0094746 ,
        -0.01681342, -0.01312631],
       [-0.00173262,  0.00644594, -0.01671672, ..., -0.00577011,
         0.00625471, -0.01436986],
       ...,
       [ 0.00311049,  0.0047232 ,  0.01731152, ..., -0.002632  ,
        -0.00271088, -0.019808  ],
       [ 0.00904091,  0.02895529,  0.02618945, ...,  0.00043876,
        -0.01373533,  0.01888887],
       [-0.01948098,  0.00225689,  0.01814116, ..., -0.00019467,
         0.01630615, -0.01014742]], dtype=float32), 'decoder.fc.4.bias': array([-2.39607273e-03, -1.85461976e-02, -2.74860915e-02, -2.04220489e-02,
        2.02097651e-02,  1.22595346e-02, -1.02986833e-02,  6.56470889e-03,
        1.60917584e-02,  7.25224754e-03, -1.09811034e-02,  1.50949154e-02,
        1.47487400e-02, -1.24563333e-02,  3.08219474e-02,  6.90528424e-03,
       -1.78137776e-02, -1.79258939e-02,  1.22792246e-02,  2.43303403e-02,
        2.33503394e-02, -7.74492929e-03,  4.25932137e-03,  6.49837032e-03,
        1.07870400e-02, -5.28004533e-03, -2.68487318e-04, -1.90294895e-03,
        6.56396570e-03, -2.38561928e-02, -2.58214492e-02,  2.93479543e-02,
        2.15057358e-02, -1.50337322e-02,  2.14349199e-02,  8.63964111e-03,
       -2.15758961e-02,  2.10077222e-02,  8.44014867e-04, -1.27368178e-02,
        1.10140825e-02, -2.24791020e-02, -1.97843425e-02, -2.31237765e-02,
        9.88515280e-03,  7.64347799e-03, -7.01392069e-03,  4.86449199e-03,
       -1.00901853e-02, -1.59606002e-02, -1.25893094e-02, -1.18388480e-03,
        5.48420986e-03, -2.63917632e-02, -1.06206229e-02,  2.44722166e-03,
        7.66164996e-03, -2.53211427e-02, -2.58804467e-02,  1.30582387e-02,
       -6.13255985e-03,  2.38048425e-03,  2.28172801e-02,  1.25298267e-02,
       -1.12018576e-02,  2.30612210e-03,  1.15436446e-02, -9.25400760e-03,
        5.72239235e-03, -2.56720036e-02, -1.70420147e-02, -9.37854964e-03,
       -3.56581062e-03,  7.89597631e-03, -9.16883536e-03, -1.41812013e-02,
        2.97975354e-02,  9.35301743e-03, -1.85849704e-02, -2.77425093e-03,
        3.51785719e-02, -1.87743418e-02, -1.91773158e-02,  1.43951876e-02,
        3.23123969e-02, -2.25888435e-02, -1.16019314e-02, -1.57145243e-02,
       -2.07917634e-02, -1.60853602e-02, -2.64515560e-02,  1.18358918e-02,
        3.00621036e-02,  1.35780564e-02, -2.71570459e-02, -8.51586275e-03,
       -8.25482327e-03,  5.31665422e-03,  2.17456860e-03, -1.74042210e-02,
        1.38527248e-02, -8.01333599e-03,  2.97525022e-02, -2.16267090e-02,
        5.47696778e-04,  3.10964473e-02,  1.03053171e-02,  2.70423368e-02,
       -1.40243499e-02,  1.46350442e-02, -3.42120984e-05,  1.88846700e-03,
        1.17556453e-02,  3.70142376e-03, -4.27627703e-03,  2.68256217e-02,
        1.23540312e-02, -1.07241627e-02, -2.47219438e-03,  3.36177684e-02,
       -8.41532368e-04,  2.10428126e-02, -6.73873490e-03, -1.75836624e-03,
       -2.31358316e-03, -4.73943586e-03, -3.34352776e-02,  1.33771915e-02,
       -1.12206340e-02,  1.32839624e-02,  9.62061062e-03,  5.64829493e-03,
       -1.42410016e-02, -3.37112974e-03, -1.10668270e-02, -1.73221771e-02,
       -2.79995464e-02, -6.51444029e-03,  2.63331886e-02,  1.19891986e-02,
       -8.51217471e-03,  1.01562114e-02,  7.60537712e-03,  6.57664752e-03,
        7.33836461e-03, -1.43356789e-02, -1.68206897e-02,  1.08987316e-02,
       -2.06539854e-02,  1.16107669e-02, -7.61289801e-03,  1.55448513e-02,
        1.96267422e-02, -1.68239392e-04, -3.75455804e-03, -1.51662901e-02,
       -6.30122051e-03, -1.38255199e-02,  9.28025506e-03, -7.90445507e-03,
        8.37488100e-03, -1.26046157e-02, -1.21370228e-02, -1.83933713e-02,
       -2.39407318e-03,  2.10900772e-02,  2.03186385e-02, -1.90408193e-02,
        6.57040859e-03, -2.16328707e-02, -5.40775619e-03, -2.22101640e-02,
       -6.62642904e-03, -3.52107617e-03, -1.76120829e-02,  1.47370913e-03,
       -2.16506887e-02, -2.06458848e-02,  1.41056040e-02,  2.12101974e-02,
       -6.07171841e-03, -2.05628425e-02, -2.23399536e-03, -1.50706740e-02,
       -2.12789327e-02,  1.17956065e-02, -4.34027286e-03,  9.40770470e-03,
        6.01265719e-03,  5.61343972e-03, -1.79448090e-02,  9.31194704e-03,
        1.41529301e-02, -2.07650810e-02, -2.49699019e-02,  1.76442433e-02,
        1.03112487e-02, -4.98472480e-03,  3.09816282e-02, -8.94882344e-03,
        1.55435400e-02, -1.34780938e-02, -2.14055534e-02, -5.00132050e-03,
        3.26087363e-02, -1.13131637e-02,  7.72371702e-03, -2.15652362e-02,
        1.21196359e-02,  5.50757209e-03, -1.42662507e-02,  1.83947142e-02,
       -7.79502210e-04,  2.73441877e-02,  3.06852274e-02,  1.87295489e-02,
        1.13301100e-02, -1.20011512e-02,  4.37359046e-03,  7.96887930e-03,
       -1.84462797e-02,  1.36541454e-02,  5.62006887e-03,  5.51345618e-03,
       -1.77713633e-02,  7.99333770e-03, -1.10632053e-03, -2.10282933e-02,
        3.08758747e-02,  1.80107392e-02,  1.37578591e-03, -2.90987059e-03,
       -1.66628473e-02, -3.33444285e-03, -1.98944621e-02, -2.12827255e-03,
        2.79126293e-03, -7.07664512e-05, -2.25326698e-03,  1.49133382e-02,
        1.05224987e-02, -2.83869565e-03,  1.72959249e-02, -4.45810612e-03,
       -2.78475825e-02,  1.00803999e-02, -1.03075374e-02, -1.54711120e-02,
        1.19050927e-02,  1.91819679e-03, -6.00621291e-03,  3.29274796e-02,
        1.43663883e-02,  2.12158542e-02,  3.62915024e-02, -1.55959011e-03,
       -2.77982913e-02, -1.57734137e-02,  1.70016196e-02, -2.11348888e-02,
       -2.15023849e-02,  1.76762827e-02,  2.07558237e-02,  5.68607775e-03,
       -2.48402674e-02, -5.78430155e-03, -1.94882229e-02,  5.25336526e-03,
       -1.02901710e-02, -1.72679536e-02, -1.92371607e-02,  5.86037477e-03,
       -9.44267609e-04,  2.30403095e-02,  1.16141699e-03,  1.88099146e-02,
       -1.37688145e-02,  1.70313492e-02, -1.73886213e-02, -1.76302679e-02,
        7.56225130e-03,  6.93750335e-03, -2.00264454e-02, -2.72930060e-02,
        2.68434398e-02,  1.53942103e-03, -2.81874603e-03, -1.13108719e-03,
       -1.79197751e-02, -2.42703576e-02, -9.38377157e-03,  3.64834815e-03,
        8.55305512e-03, -7.95219443e-04, -1.82098355e-02, -5.70073212e-03,
       -5.86337643e-03,  2.73068552e-03,  1.54580930e-02,  8.32187571e-03,
        1.29841799e-02, -1.32861836e-02,  1.38948243e-02,  5.06001851e-03,
        1.31494384e-02,  9.91728157e-03, -1.90905072e-02,  2.73852944e-02,
        1.86601933e-03,  1.95638519e-02, -2.05016769e-02,  2.61872169e-02,
        1.63561432e-03,  1.11830812e-02,  2.56003719e-02, -1.28323333e-02,
       -1.65913124e-02, -4.25327383e-03,  2.57210340e-02,  1.63300838e-02,
       -1.01367440e-02,  1.42411627e-02,  5.59651107e-03, -2.20322963e-02,
       -1.85092911e-02,  3.42599652e-03,  1.43416757e-02, -6.57559885e-03,
       -1.31505923e-02,  1.86544694e-02,  2.15075517e-04,  1.95348319e-02,
       -9.04185232e-03,  1.73193160e-02,  1.73708296e-03, -1.97097771e-02,
       -2.28767768e-02,  1.20014921e-02, -2.40635369e-02, -2.68566888e-02,
       -4.96582268e-03, -7.44383456e-03,  1.65785977e-03, -8.33792705e-03,
       -4.93398216e-03,  2.06727087e-02,  3.00306939e-02, -1.50975995e-02,
       -1.64700672e-02,  1.54717118e-02, -1.69240460e-02, -2.37563737e-02,
       -1.69885140e-02, -2.69208718e-02, -2.73609795e-02, -4.87011485e-03,
        1.82470874e-04, -6.70495769e-03, -1.41017074e-02,  1.01802121e-04,
        3.00529879e-02,  2.02193279e-02,  8.57927371e-03, -7.95970671e-03,
       -6.58096140e-03,  1.23922853e-02, -2.67535280e-02, -2.20112447e-02,
        1.93539616e-02, -9.13422089e-03,  1.82101950e-02,  2.35082917e-02,
        1.57683622e-04, -9.78366844e-03, -1.25159500e-02,  1.88837340e-03,
        2.86095943e-02, -2.16387697e-02, -1.46493446e-02, -1.24828005e-02,
       -8.53621960e-03, -1.44673213e-02, -6.96072308e-03, -2.08012876e-03,
        1.24042295e-02, -2.46059094e-02,  1.02058314e-02, -1.98725816e-02,
        1.50587615e-02,  1.49518447e-02, -1.40789738e-02,  1.01962620e-02,
       -1.03789372e-02,  2.06678603e-02,  1.82541199e-02, -2.51520649e-02,
        5.34900604e-03,  2.28985641e-02,  2.45435927e-02,  2.03857501e-03,
       -3.87089676e-03,  7.40740215e-03,  2.20665373e-02,  1.38985729e-02,
       -8.39866698e-03,  1.37187764e-02,  2.96410248e-02,  2.83751287e-04,
        1.55620258e-02, -2.41113566e-02,  2.76897624e-02, -2.76245903e-02,
        1.64241921e-02,  1.14988610e-02,  2.16956064e-02, -2.61999521e-04,
       -1.64675899e-02, -1.98442116e-02, -1.18403295e-02, -7.40376906e-03,
       -2.02830806e-02, -1.37461415e-02,  2.04335526e-03, -3.93437076e-04,
       -1.30196451e-04,  7.06472853e-03, -5.10910875e-04,  1.71096083e-02,
        1.33767240e-02,  1.26836793e-02, -1.18479850e-02,  6.34392118e-03,
        4.94785188e-03, -1.13670910e-02,  2.51981281e-02, -8.70772824e-03,
       -2.43015960e-02,  2.89969761e-02, -7.53484899e-03, -2.51737214e-03,
        6.42130943e-03, -2.99118063e-03, -1.94239505e-02,  1.28271561e-02,
       -4.96547623e-03, -8.07293504e-03, -2.50984617e-02, -6.38678088e-04,
        8.93207639e-03,  1.22309541e-02, -2.70825054e-04,  3.45671028e-02,
        2.36646943e-02, -1.45483362e-02, -2.28751469e-02, -1.09994914e-02,
        8.25581327e-03, -1.56572636e-03, -7.34446896e-03,  2.03728545e-02,
        6.06231566e-04,  1.44160055e-02, -2.33544987e-02, -2.78538149e-02,
       -7.78368115e-03, -1.20562864e-02, -1.58955378e-03, -2.59997760e-04,
        3.78187792e-03,  1.22056156e-02,  2.81587671e-02, -1.78789385e-02,
        1.43616525e-02, -3.25408624e-03,  2.94462405e-02, -5.46380738e-03,
        9.57547501e-03,  2.91723805e-03, -3.48046049e-03,  2.36616842e-03,
       -2.18218681e-03, -1.11045120e-02, -7.48765050e-03, -2.12732181e-02,
        1.60651281e-02, -1.04042506e-02, -1.62103157e-02, -1.67485122e-02,
       -1.36314882e-02, -2.64686774e-02, -4.31326544e-03, -1.61924993e-03,
       -8.90558027e-03,  1.04361875e-02,  2.40628198e-02, -1.49419792e-02,
       -2.53419727e-02,  3.08153476e-03,  9.15182289e-03, -2.26552859e-02],
      dtype=float32), 'decoder.fc.6.weight': array([[ 0.01073713, -0.01572104,  0.00892086, ..., -0.04088309,
         0.04094377, -0.01990487],
       [-0.00509286, -0.00606861,  0.00836166, ..., -0.03218939,
         0.04447285, -0.03555307],
       [ 0.02896857, -0.04100673,  0.00418707, ...,  0.02961898,
        -0.02055436,  0.02560276],
       ...,
       [ 0.03279555, -0.02237643,  0.03205732, ...,  0.03369102,
        -0.04474999,  0.00186782],
       [-0.03986877,  0.02695386, -0.03729376, ..., -0.03834137,
         0.0090147 ,  0.04964807],
       [-0.02154903, -0.00724356, -0.01528644, ..., -0.01403663,
        -0.05283679,  0.01329433]], dtype=float32), 'decoder.fc.6.bias': array([ 0.00262292, -0.0159965 ,  0.02254569, ...,  0.02766038,
        0.0209865 ,  0.06199453], dtype=float32)}
127.0.0.1 - - [27/Jan/2025 20:32:24] "GET /api/status HTTP/1.0" 200 157
[Time: 27.01.25 20:32:24] [Level: info] [State: aggregate] {'encoder.fc.0.weight': array([[-0.01449338,  0.00117286,  0.00373809, ..., -0.00656343,
         0.01427645,  0.00132669],
       [ 0.01915068,  0.0154746 ,  0.00131339, ..., -0.00021487,
        -0.00316887, -0.00302266],
       [-0.00720144,  0.00245542, -0.01007119, ..., -0.00338183,
         0.00189023,  0.00409389],
       ...,
       [-0.00686861, -0.01442489, -0.00723578, ..., -0.00091702,
         0.00989753, -0.00241853],
       [ 0.00256046,  0.01266473,  0.00285654, ...,  0.00198262,
        -0.00084207, -0.0013479 ],
       [ 0.00485236,  0.00597981, -0.01192485, ...,  0.00192603,
         0.00234262, -0.00110043]], dtype=float32), 'encoder.fc.0.bias': array([-8.40342417e-03, -1.45241562e-02, -6.47685071e-03, -7.86883384e-03,
        4.64402186e-03, -5.74278878e-04, -1.62393658e-03,  2.20054601e-04,
        2.66001356e-04,  3.03046196e-04, -1.31691049e-03,  2.13250681e-03,
       -1.21571973e-03, -6.10474031e-03, -5.17982524e-03, -1.03750080e-03,
       -1.12490710e-02, -9.10880323e-03,  1.25344703e-03, -3.91951622e-03,
        4.07912070e-03, -6.35505887e-04, -1.09814936e-02, -3.48084420e-03,
       -1.37531301e-02, -4.35454398e-03, -3.87039431e-03, -7.76174897e-03,
       -6.66041113e-03,  2.55059777e-03, -6.11890480e-03, -1.08454591e-02,
       -2.68342299e-03, -1.08348606e-02,  9.62685212e-04, -4.64423653e-03,
       -1.10132038e-03,  3.64329113e-04, -6.72204280e-03, -7.89698772e-03,
       -8.78429785e-03, -3.67075292e-04,  4.72026924e-03, -1.25921960e-03,
       -1.44743668e-02, -5.75633114e-03,  3.02143372e-03, -4.02958598e-03,
        4.14608885e-03, -7.03599351e-03,  2.85133114e-03, -1.77125481e-03,
       -1.11073693e-02, -5.27526345e-03, -3.27212643e-03, -6.02871552e-03,
       -5.76540688e-03, -2.84556742e-03, -4.90946416e-03, -1.55810444e-02,
       -1.82657770e-03, -7.27774110e-03, -1.49643212e-03, -9.06411931e-03,
       -8.67226347e-03, -7.28025427e-03, -1.22059172e-03, -1.15240682e-02,
       -8.85834824e-03, -2.22642277e-03, -4.47643513e-04, -1.38612802e-03,
       -1.08668683e-02,  6.02339860e-04, -4.23602760e-03, -7.11526163e-03,
        1.40914414e-03, -1.15454830e-02, -1.09034413e-02, -8.60394258e-03,
       -1.52728762e-02, -1.55729838e-02, -7.79428240e-03, -6.99175242e-03,
       -6.41092099e-03, -1.40295802e-02, -1.96214742e-03,  2.53718952e-03,
       -2.11531273e-03,  2.50830175e-03, -1.11800684e-02,  8.96005891e-03,
       -1.04332063e-02, -7.03517161e-03, -6.60207262e-03, -4.11289744e-03,
       -1.04637239e-02, -1.02896839e-02,  2.41736625e-03,  1.19549977e-02,
       -7.00129138e-04, -9.28869471e-03, -1.74754416e-03, -1.32108247e-02,
        3.67827713e-04, -9.73214302e-03, -6.51319791e-03, -9.34907980e-03,
        1.15030101e-02, -3.68773290e-05, -1.50217151e-03, -1.10442927e-02,
       -1.09041641e-02, -9.89716314e-03,  6.35026547e-04,  2.70005804e-03,
        1.18116140e-02, -6.66623656e-03, -9.39412322e-03, -2.31453357e-03,
       -1.35866906e-02,  9.87062417e-03, -8.85492377e-03, -1.43575771e-02,
       -2.01754854e-03, -1.20483991e-02, -6.74344599e-03, -1.11071495e-02,
        3.24420817e-03, -6.81125000e-03, -3.29577550e-03, -5.31091914e-03,
       -6.95482222e-03, -1.76260900e-02, -1.30309453e-02,  2.80429772e-03,
       -9.41046141e-03, -1.40633117e-02, -1.02067525e-02, -4.48817591e-04,
       -5.43087674e-03, -8.84907972e-03, -7.92469550e-03, -1.71762018e-04,
        6.84181578e-04, -2.79265526e-03, -1.09354015e-02, -1.05420016e-02,
       -7.87812565e-03, -1.42321447e-02,  1.35079981e-03, -2.64957780e-03,
        4.70857415e-03, -3.88450944e-03, -4.35384410e-03, -5.78434533e-03,
       -7.66428513e-03, -1.51650328e-02, -7.84285134e-04,  4.31870529e-03,
        3.35984421e-03, -4.85222205e-04,  2.75254762e-03, -1.08379114e-03,
       -1.11407991e-02, -9.69230197e-03, -1.29290093e-02, -6.98129414e-03,
       -1.20769311e-02, -1.56638287e-02, -7.66113913e-03,  3.01645929e-03,
       -3.74948140e-03, -3.33754695e-03, -1.39869591e-02, -6.65212702e-03,
        4.38092649e-03, -9.23804007e-03, -7.72145018e-03, -2.96786381e-03,
       -1.52618540e-02,  3.44638759e-03,  8.96172132e-03,  7.89650367e-04,
        1.57476799e-03,  1.67844840e-03, -1.05750910e-03, -2.61797919e-04,
        6.99736644e-04, -1.19147431e-02,  1.37245224e-03, -9.13357217e-05,
        3.47432535e-04,  3.78100318e-03,  1.47900579e-03, -7.03327684e-03,
       -3.65093257e-03,  2.25757365e-03, -3.22627136e-03, -4.78574866e-03,
       -5.51675737e-04, -1.53424479e-02, -8.19778442e-03,  2.78103771e-03,
        4.63652238e-03, -1.27197802e-02, -1.03481403e-02, -1.55532057e-03,
       -9.33276396e-03,  7.29948562e-03, -7.06938654e-03,  1.60607829e-04,
       -1.09858054e-03,  8.36556486e-04, -3.44918622e-03, -8.82268976e-03,
       -5.87435951e-03,  2.05393299e-03,  4.21857834e-03, -1.12774428e-02,
       -1.19738560e-02,  8.64652568e-04, -1.26393735e-02, -9.77272075e-03,
       -2.28781346e-03, -1.41078476e-02,  4.23895335e-03,  2.82977882e-04,
       -1.44458627e-02, -7.91857857e-03, -3.74621013e-03,  1.03147537e-03,
       -8.26324860e-04, -5.44637023e-03, -4.61385446e-03,  2.00544880e-03,
       -1.04201278e-02,  2.07071402e-03, -1.17963590e-02, -6.77286461e-03,
        2.03814916e-03, -2.80327396e-03, -8.98404513e-03,  8.94909201e-04,
       -1.04188509e-02, -1.10876141e-02, -1.17069529e-02, -1.44091500e-02,
       -1.62683229e-03, -6.47016242e-03, -3.82051012e-03, -9.23712738e-03,
       -6.97883824e-03, -8.62618443e-03,  8.29627214e-04,  2.11728946e-03,
       -1.40933534e-02, -3.15820123e-03, -1.05792657e-02, -3.91448801e-03,
       -9.28244274e-03, -1.05686039e-02,  2.96103861e-03, -5.90297300e-03,
       -1.43587205e-03, -1.22320196e-02, -6.72476459e-03, -1.29607311e-02,
        7.64265249e-04, -1.43990191e-02, -1.43185863e-02, -1.31358178e-02,
       -5.95846167e-03, -5.40799368e-03,  2.76860385e-03, -2.93930667e-03,
       -1.19455997e-03,  1.33997751e-02, -3.42780259e-03, -1.28520653e-02,
       -3.17381811e-03, -7.75279384e-03, -4.07552347e-03, -1.20532215e-02,
        3.34011461e-03, -7.80658098e-03, -4.38195886e-03, -6.68728724e-04,
        3.03520472e-03, -5.16594155e-03, -1.03677940e-02, -9.96496622e-03,
       -1.17623191e-02, -1.32734524e-02,  2.23827199e-03, -1.37740793e-02,
        3.26826936e-03, -1.21262413e-03, -1.08892377e-02, -5.83790522e-03,
       -1.20736090e-02, -3.74724297e-03, -1.11305444e-02,  3.46049224e-03,
       -5.52804535e-03, -6.51201326e-03, -3.86569137e-03, -2.72664824e-03,
       -1.37876766e-03, -8.49993608e-04, -9.50427275e-05,  1.21894917e-02,
        1.43418834e-03, -4.22885554e-04,  4.47859894e-03, -9.88929439e-03,
       -1.41959740e-02, -1.03842029e-02, -1.93600368e-03, -6.30968297e-03,
       -1.39645431e-02, -6.96755154e-03, -6.22072548e-04, -1.40160928e-02,
       -6.94443751e-03, -8.41227546e-03, -8.56920797e-03, -4.89705708e-03,
       -6.37352979e-03,  2.33057048e-03, -6.07815338e-03,  1.26221660e-03,
       -4.30861115e-03,  1.37958850e-03, -9.34206881e-03,  1.78901257e-03,
        3.54598160e-04, -1.29484460e-02,  3.35843558e-03, -5.36793470e-03,
       -1.05390381e-02, -2.78339302e-03, -7.90066784e-04,  1.22878852e-03,
        7.22986367e-03, -1.08946487e-03, -1.21716410e-02,  3.62443691e-03,
       -5.76761598e-03, -4.56270855e-03, -1.22142043e-02, -3.87788098e-03,
        1.04949075e-04, -3.81947239e-03, -5.69938961e-03, -1.28775863e-02,
        4.77701979e-04, -9.02979728e-03, -4.79954854e-03, -1.02703981e-02,
        3.23554175e-03, -1.30933076e-02, -8.96164030e-03, -1.25005525e-02,
       -1.22954054e-02, -9.04600229e-03, -6.92603120e-04,  3.52599705e-03,
       -8.90278461e-05, -1.42443432e-02, -8.29748996e-03,  1.65158475e-03,
        3.30966170e-04, -1.14319508e-03, -5.84654137e-03,  2.42388458e-03,
       -2.50817160e-03, -6.04381086e-03, -1.57336821e-03, -8.67609400e-03,
       -3.65026738e-03,  3.36771831e-03, -1.31231546e-02,  2.17942870e-03,
       -4.58113849e-03, -9.55449324e-03, -1.15894498e-02, -1.70344557e-03,
       -7.30014453e-03, -8.78086034e-03, -6.05058949e-03, -6.90167071e-03,
       -1.30244810e-02, -4.84519731e-03, -3.81091195e-05, -1.39630884e-02,
       -1.21816173e-02, -2.24712794e-03, -7.86316488e-03,  3.24642239e-03,
       -8.84176232e-03, -8.43729079e-03, -8.06702767e-03, -4.66349395e-03,
       -1.59445312e-02, -9.10389796e-03, -7.95388594e-03, -6.51554856e-03,
       -1.13568325e-02, -1.49511648e-02, -2.52916524e-03,  5.54439193e-03,
       -7.17470702e-03, -3.49338254e-04, -1.03944056e-02, -1.34838885e-02,
       -6.91138534e-03, -9.37624089e-03, -2.31456623e-04,  1.92616938e-03,
       -2.38801958e-03, -5.22320392e-03, -7.83465244e-03, -2.35829758e-03,
       -6.38689892e-03,  1.52574165e-03, -5.92651870e-03, -1.09277389e-04,
        5.02767460e-03, -8.76798586e-04, -7.47702364e-03, -7.12478021e-03,
       -1.31551747e-03, -8.55979882e-03, -8.37953296e-03,  1.66286097e-03,
       -5.33067679e-04, -9.35456995e-03,  2.56451359e-03, -5.30194584e-03,
       -1.02948630e-02, -1.86812691e-03, -9.27121751e-03, -4.67591267e-03,
       -2.47783191e-03, -1.21295440e-03, -2.99988082e-03,  1.01736002e-03,
       -1.35221239e-02,  5.07690944e-03,  6.53648889e-03,  1.07552367e-03,
       -1.62063017e-02, -5.97652188e-03,  2.73742992e-03, -1.47029106e-02,
       -1.41159408e-02, -1.10476436e-02, -9.49789025e-03, -1.37577504e-02,
       -1.31902816e-02, -8.77026562e-03,  9.35885415e-04, -1.54645543e-03,
       -3.11940978e-03,  3.97207448e-03,  2.76278728e-03, -2.21444736e-03,
        7.16563954e-04, -1.14136571e-02,  4.55912668e-04, -6.37181615e-03,
       -1.08098900e-02, -1.48218805e-02, -1.59614682e-02,  4.05023945e-03,
       -3.98691371e-03, -9.51300655e-03, -8.12350214e-03, -2.43458129e-03,
        1.03659313e-02, -2.51819496e-03, -1.00690648e-02, -1.10744350e-02,
        4.02471609e-03, -1.49113350e-02, -1.34642357e-02, -1.72375259e-03,
       -2.02910567e-04,  1.02832622e-03, -9.33541544e-03, -1.01678837e-02,
       -1.15527520e-02,  1.37958559e-03, -5.12894802e-03, -8.76780692e-03,
        5.80282556e-03,  1.45185981e-02, -7.06183398e-03, -1.45107473e-03],
      dtype=float32), 'encoder.fc.2.weight': array([[-0.0143645 ,  0.01392468, -0.0333897 , ..., -0.00849116,
        -0.02760983,  0.04471767],
       [ 0.01074938, -0.00540024,  0.00180539, ...,  0.00666919,
        -0.04679119,  0.01351146],
       [-0.03040413, -0.03485557, -0.02874844, ..., -0.01412105,
        -0.01585091, -0.01779574],
       ...,
       [-0.01570775, -0.02561542, -0.01344337, ...,  0.00640465,
         0.01747578,  0.00072332],
       [-0.01071691,  0.03445662, -0.00023425, ..., -0.01362572,
         0.00578309, -0.02641217],
       [-0.03713739,  0.03506476, -0.0280887 , ...,  0.00406624,
        -0.02118738,  0.03163983]], dtype=float32), 'encoder.fc.2.bias': array([-0.04163478,  0.00599569, -0.00439985, ...,  0.03704921,
        0.02967452,  0.01426627], dtype=float32), 'encoder.fc.4.weight': array([[-0.0034665 , -0.0262797 , -0.00361117, ..., -0.01518145,
        -0.00309135, -0.02566558],
       [ 0.0085095 , -0.01092188, -0.00498977, ...,  0.00098187,
         0.01599966,  0.00387159],
       [ 0.00748548, -0.01719827, -0.02149748, ..., -0.00649155,
         0.01663393, -0.01937406],
       ...,
       [-0.0256579 ,  0.00286658,  0.01246469, ..., -0.01201419,
        -0.00154095, -0.00600606],
       [-0.01840654,  0.00352725, -0.00310681, ...,  0.01860518,
         0.01532689,  0.00139524],
       [-0.02801732, -0.00712446, -0.00030969, ..., -0.01993449,
         0.00783406, -0.011382  ]], dtype=float32), 'encoder.fc.4.bias': array([-2.00215261e-02, -9.54612624e-03, -5.64314146e-03, -1.48427421e-02,
       -1.25672938e-02, -1.67404246e-02,  2.36943457e-03, -1.36820320e-02,
       -1.95108987e-02, -4.38208645e-03,  9.95825697e-03,  6.16301084e-03,
       -2.12294348e-02, -1.32052023e-02,  1.35600613e-03,  2.15571513e-03,
       -2.46060155e-02, -2.04205280e-03, -1.43286595e-02,  1.17161330e-02,
       -1.88291837e-02, -1.38820829e-02, -2.06960086e-02, -8.68802983e-03,
        5.38149523e-03, -4.49486077e-03,  2.84112711e-03,  2.08983384e-02,
       -2.77282158e-03,  6.16435427e-04,  9.04745236e-03, -3.56475147e-03,
        4.10596374e-03, -7.67079741e-03, -1.54402414e-02, -2.00384259e-02,
        3.07631399e-03,  9.94337443e-03,  5.60983177e-03,  1.31979091e-02,
        1.78529490e-02,  1.15396706e-02,  1.14222709e-02, -1.60515623e-03,
        1.33665688e-02, -7.88717356e-04, -2.09262334e-02,  1.51443938e-02,
        8.56970996e-03, -1.65365767e-02,  2.38671023e-02, -1.61853023e-02,
        3.71865276e-03,  3.35175922e-04, -1.45119783e-02, -1.56613290e-02,
        1.17045389e-02,  1.64385214e-02, -2.63989670e-03,  2.30503008e-02,
        1.66265108e-02,  4.09942382e-04,  1.68105424e-03,  6.73339097e-03,
       -1.05868047e-02, -4.67158854e-03,  1.97802694e-03, -8.76587257e-03,
        4.19207965e-04,  1.18369721e-02,  1.69877745e-02, -2.54630111e-02,
        1.65004923e-03,  1.12872291e-02, -1.20712845e-02,  1.00281565e-02,
       -1.88794471e-02,  5.32733835e-03, -1.57145765e-02,  9.15136095e-03,
        2.16315966e-02,  1.12278443e-02,  7.94568739e-04, -1.59688536e-02,
       -2.45983098e-02,  5.64755406e-03, -1.11562444e-03, -2.26165000e-02,
       -2.34566312e-02,  8.64901394e-03, -1.77345891e-02,  6.86394703e-03,
       -1.52978469e-02, -5.88846114e-03,  9.78657603e-03, -2.23524286e-03,
        1.32090021e-02, -2.68433578e-02,  1.73524525e-02, -7.24060088e-03,
        6.98685227e-03,  1.61560606e-02,  9.99766029e-03, -2.21264083e-03,
       -6.83604041e-03,  1.03740450e-02, -9.86743066e-03, -4.88685491e-03,
       -1.23923151e-02,  1.78263169e-02,  2.57253734e-04,  1.01482291e-02,
        5.16112847e-03, -1.94264930e-02,  4.72040521e-03, -1.06353508e-02,
        1.57677929e-03,  3.12773301e-03,  2.22882945e-02, -3.39681003e-03,
       -2.33781673e-02, -5.70543390e-03, -2.46406719e-02, -1.03142932e-02,
       -2.21865978e-02,  1.73495663e-03, -4.46605915e-03, -1.62885971e-02,
        2.03045253e-02,  7.62078911e-03, -8.07136297e-03,  2.44578924e-02,
       -1.13374889e-02, -2.17504129e-02,  1.66148935e-02, -1.04163599e-04,
        1.14201456e-02,  8.72576889e-03, -1.68223642e-02,  1.09117515e-02,
       -2.64344718e-02, -2.07669642e-02, -2.01831013e-02, -4.00836300e-03,
        4.10667947e-03,  6.35007722e-03,  1.43590542e-02,  2.38703992e-02,
        7.33090471e-03, -5.58407046e-03, -1.40243946e-02,  7.16140028e-03,
        1.65501516e-02,  4.77894070e-03, -3.68960173e-04, -1.83547642e-02,
       -8.30042362e-03,  1.66522283e-02,  1.42006541e-03, -3.20524187e-03,
       -9.32218507e-04, -2.25857906e-02,  1.75988358e-02, -1.54645182e-02,
       -2.40056030e-03, -1.62198171e-02,  1.72841698e-02, -2.85041202e-02,
       -4.01908066e-03,  8.55028071e-03,  1.77001003e-02,  2.35564960e-03,
       -2.61026267e-02,  1.47685586e-02,  1.30711878e-02,  6.61939802e-03,
        6.37792004e-03,  4.95932344e-03, -1.37702469e-02,  7.11614732e-04,
       -2.12348774e-02, -1.23670232e-02, -2.08284725e-02,  1.18294004e-02,
        1.74899306e-02,  1.11352019e-02, -1.16686402e-02,  1.64020117e-02,
       -9.33109783e-03,  1.04787247e-02, -7.81596545e-03, -1.14410324e-02,
       -3.93640948e-03,  1.03016933e-02, -8.59144703e-03,  8.89106374e-03,
        6.33824850e-03,  1.28764464e-02,  5.11881139e-04, -1.01204263e-02,
       -1.54985655e-02, -1.80970051e-03, -1.24681853e-02, -2.36149970e-02,
        8.34267400e-03,  1.60355587e-02, -1.58453975e-02, -1.71487697e-03,
       -9.80457850e-03, -2.75071099e-04,  1.65290702e-02,  1.00884829e-02,
        1.35215949e-02,  9.94320679e-03,  2.37803068e-02,  1.88427959e-02,
       -2.49285679e-02, -2.50662342e-02, -6.01557875e-03, -1.58751924e-02,
       -1.07868519e-02,  1.37027847e-02, -4.26014839e-03, -1.78894699e-02,
        1.42343407e-02,  1.35040535e-02,  1.38959177e-02, -3.32297478e-03,
       -2.34656092e-02,  5.03196288e-03, -1.14377458e-02,  1.26161920e-02,
        4.36577993e-03,  5.18249953e-03,  1.51825193e-02,  8.68076982e-04,
       -1.15116909e-02, -1.37898335e-02,  4.87413676e-03,  3.79507570e-03,
       -2.95714894e-03,  1.67620741e-02,  8.66333768e-03, -1.10357534e-02,
       -2.58511342e-02,  8.10547173e-03,  7.57532101e-03,  1.71142537e-02,
        6.11140626e-03,  8.87019653e-03, -4.04096581e-03,  1.13308961e-02,
       -2.20147781e-02,  1.77578665e-02, -2.20562238e-03, -2.18480770e-02,
       -1.25410305e-02,  1.63422048e-03, -2.49878429e-02, -1.73619054e-02,
        6.58179866e-03,  4.87083476e-03, -4.14045202e-03, -1.91876814e-02,
       -8.38798657e-03,  1.08711552e-04, -1.19944997e-02, -1.69672184e-02,
       -1.59634161e-03,  2.53465511e-02, -3.43273277e-03,  5.61061455e-03,
       -9.22000036e-03,  8.27008206e-03,  1.26532493e-02, -1.30364876e-02,
       -1.48835201e-02, -1.91489812e-02, -1.12109976e-02,  9.99821699e-04,
        1.20376293e-02, -2.62018223e-03, -1.60394199e-02, -1.96507648e-02,
       -2.62115449e-02, -2.21238229e-02, -6.58085803e-03, -2.52972785e-02,
       -1.01631237e-02, -1.38897914e-03,  1.08973468e-02, -5.19353058e-03,
       -1.23291668e-02, -1.88482180e-03, -1.97249632e-02, -3.82236484e-03,
        1.27915880e-02,  1.81325246e-02,  1.48632480e-02,  7.94950780e-03,
       -5.21597860e-04, -1.42705664e-02, -1.23505015e-02,  4.78863629e-04,
       -1.59015153e-02, -2.31542904e-02, -3.74468206e-03, -1.34792021e-02,
       -2.54568607e-02, -1.06480299e-03,  9.26166028e-03,  2.64086877e-03,
        7.73866661e-03, -9.82536562e-03, -6.04593614e-03, -4.67567798e-03,
        2.11325083e-02, -1.23347156e-02, -2.72026472e-02,  1.47205340e-02,
        2.60726288e-02,  5.28932782e-03, -3.74749233e-03, -9.94424149e-03,
       -6.27488736e-03, -1.57372858e-02, -1.20781558e-02, -1.56240761e-02,
       -6.16554590e-03, -2.00853236e-02, -4.18899627e-03, -8.54259729e-03,
       -2.24782694e-02,  8.42110813e-03, -1.10953385e-02, -4.45340201e-03,
        6.26703817e-03, -1.70139428e-02, -2.01549307e-02,  1.37344804e-02,
        4.02554171e-03,  6.72970060e-03, -2.59022750e-02,  7.87716080e-03,
        1.24519365e-02,  2.56492291e-02, -2.18643099e-02,  6.73129689e-03,
       -1.35701243e-02,  6.14632387e-03, -2.31852010e-02,  7.64690433e-03,
       -1.46622222e-03, -2.58185640e-02, -2.07455289e-02,  2.22096452e-03,
        5.42380335e-03,  1.86936057e-03,  8.70155822e-03,  2.06439570e-02,
       -2.01408565e-03,  8.43200367e-03, -2.45633442e-02,  5.89568121e-03,
       -1.35105681e-02, -1.21341655e-02, -2.08082367e-02, -8.20971839e-03,
       -2.38503013e-02, -1.26015209e-02, -6.37123501e-03, -5.13771223e-03,
       -1.82821974e-02,  1.88298244e-03, -1.95346214e-03, -8.26509017e-03,
       -1.60381999e-02, -8.58912896e-03, -1.58306863e-02, -1.88652370e-02,
        1.75907034e-02,  1.22671621e-02,  4.79415478e-03, -9.01255850e-03,
        1.48367975e-02, -1.78644899e-03, -9.99064650e-03, -2.24290453e-02,
       -7.11484114e-03,  1.80054358e-05,  6.14605471e-03, -2.70055626e-02,
       -1.33736115e-02, -2.39434559e-02,  1.94783055e-03, -7.70229893e-03,
       -2.68050823e-02, -1.46873547e-02,  6.20283233e-03, -9.55514517e-03,
        1.18878921e-02, -1.60869975e-02,  4.28661192e-03, -8.68044235e-03,
       -3.86854896e-04,  2.20986623e-02, -1.26349623e-04,  1.39830518e-03,
       -6.90075336e-03, -1.74434185e-02,  8.54120869e-03, -6.07343810e-03,
        1.66531943e-03,  1.60970353e-02, -9.71060712e-03, -7.70092383e-03,
       -1.56760011e-02, -1.56610482e-03, -2.29008216e-02, -1.27187353e-02,
       -3.35392263e-03,  1.98843069e-02, -2.50466708e-02, -5.28448087e-04,
       -2.00938080e-02, -7.53811235e-03, -1.88654114e-03, -1.65154468e-02,
       -1.33889448e-02, -1.08204558e-02,  1.18628191e-03, -2.30227001e-02,
        1.08962981e-02, -3.77406599e-03,  1.48445070e-02,  2.20654905e-03,
       -2.63927709e-02,  1.53227234e-02, -6.51129056e-03, -1.12732947e-02,
       -1.27635058e-02, -7.47555727e-03, -4.10520559e-04,  8.64351969e-05,
        6.50294265e-03, -1.54304756e-02,  4.94645862e-03, -8.65948945e-03,
       -3.94521933e-03, -2.24514846e-02, -2.38744002e-02, -4.75082127e-03,
        7.74234207e-03,  2.04291986e-03,  1.61645133e-02, -2.68518999e-02,
       -2.62623336e-02,  1.11758162e-03,  3.33266659e-03, -1.27602303e-02,
       -1.60152223e-02, -2.53405068e-02, -2.19683051e-02,  1.26130739e-02,
        1.15593232e-03,  3.98211554e-03, -1.38514340e-02, -5.04267984e-04,
        2.61799674e-02, -1.73436515e-02, -2.29184050e-02, -1.54843563e-02,
       -1.54644437e-02,  9.16422531e-03,  1.99973658e-02, -1.19261416e-02,
       -4.49985452e-03, -2.01230142e-02,  1.74989682e-02, -1.73662882e-02,
       -6.34860015e-03, -8.68994184e-03,  1.44237140e-02, -1.16846887e-02,
        8.38401169e-03, -1.89279821e-02,  8.35223997e-04, -1.13728819e-02,
       -1.44547699e-02, -1.44706173e-02, -1.83836371e-02, -2.68224720e-02,
        9.95466835e-04,  8.52611754e-03, -1.74648613e-02, -8.24771356e-03,
       -2.25895364e-02,  7.46606558e-04, -8.72372708e-04,  1.26463240e-02],
      dtype=float32), 'encoder.fc.6.weight': array([[-0.03068213, -0.02261066,  0.00748767, ..., -0.0124825 ,
        -0.01556883, -0.0310458 ],
       [ 0.03740773,  0.0369645 ,  0.03776865, ...,  0.03208989,
        -0.03481431,  0.02162029],
       [-0.014242  , -0.02857252, -0.02200409, ...,  0.00094888,
         0.02258317, -0.03793536],
       ...,
       [ 0.01643708, -0.03145929,  0.01515241, ..., -0.03336994,
         0.01990179,  0.03446511],
       [ 0.0268685 , -0.02183656, -0.00056413, ..., -0.00069504,
         0.00189848,  0.03354068],
       [-0.02569719,  0.01454481,  0.02966617, ...,  0.01698459,
        -0.02697953,  0.03210497]], dtype=float32), 'encoder.fc.6.bias': array([ 0.02677133, -0.00766927, -0.02024605,  0.0067905 , -0.01327848,
       -0.03445475,  0.01759901,  0.02344729,  0.00728705, -0.02549132],
      dtype=float32), 'decoder.fc.0.weight': array([[-0.09451129,  0.2412204 ,  0.25639698, ...,  0.09251526,
        -0.0360516 ,  0.07875482],
       [-0.18228985,  0.15070447, -0.08464047, ..., -0.18664555,
        -0.07610633, -0.3051816 ],
       [-0.2721282 , -0.09009401,  0.01017533, ..., -0.12523812,
        -0.078127  , -0.25112617],
       ...,
       [-0.320506  , -0.00117059, -0.1165672 , ...,  0.23188281,
         0.05786888,  0.01413522],
       [ 0.16804639, -0.15503149,  0.19404021, ...,  0.08173127,
        -0.28001818, -0.17745923],
       [ 0.10800836,  0.06137611, -0.2996077 , ...,  0.18698248,
        -0.21852218, -0.1374734 ]], dtype=float32), 'decoder.fc.0.bias': array([-8.36062357e-02, -4.69219051e-02,  9.26488712e-02, -2.35159233e-01,
        9.26245227e-02,  2.59363174e-01,  2.91271150e-01,  5.75050004e-02,
       -2.68236220e-01,  1.00074686e-01, -1.55838151e-02, -2.58523852e-01,
       -8.35617334e-02,  6.86181337e-02, -2.76445448e-02,  4.03961092e-02,
       -6.27194494e-02, -2.99047004e-03,  1.91452548e-01, -7.87919313e-02,
       -1.20739311e-01,  9.26541686e-02,  4.64074574e-02, -1.38445854e-01,
        2.09265590e-01,  1.98594898e-01,  1.52812257e-01,  1.84594631e-01,
       -8.94867256e-02,  1.04023546e-01,  2.16648489e-01, -6.04006983e-02,
        2.03493610e-01, -2.73946375e-01,  2.12311238e-01, -1.09391898e-01,
        9.03759450e-02,  2.86397249e-01, -2.10270569e-01, -2.80670434e-01,
       -2.30582356e-01,  8.57394636e-02, -2.52118945e-01,  8.90506282e-02,
        3.26485604e-01, -7.50637846e-03, -5.50277494e-02,  2.13910401e-01,
        2.59679884e-01,  1.26023237e-02, -2.70828843e-01, -2.54695714e-01,
       -8.38162377e-02,  1.45808905e-01, -1.15504339e-01, -4.42152619e-02,
        2.53154337e-01,  3.08090776e-01, -2.13274449e-01, -1.08560942e-01,
       -1.59872636e-01,  3.07330042e-02, -5.81368655e-02,  1.55675992e-01,
        3.23355764e-01,  2.29865119e-01,  8.52209777e-02, -6.01771846e-02,
       -2.28107154e-01, -2.04124570e-01,  1.95467263e-01,  1.76841691e-01,
       -6.31501600e-02,  4.52761389e-02, -2.48788744e-01,  2.83820421e-01,
        1.79884881e-01,  2.79431701e-01,  5.33834798e-03, -1.04850814e-01,
        2.89667845e-02, -2.88557142e-01,  1.12602033e-01,  1.92672729e-01,
        2.19156727e-01, -1.59588709e-01,  2.90995836e-01, -1.69551015e-01,
        2.51762658e-01, -1.30111694e-01, -4.72019985e-02, -2.96029508e-01,
        1.49188435e-03, -1.41209453e-01, -5.41869663e-02,  2.21060263e-03,
       -2.63364986e-02, -1.35917082e-01, -1.82322979e-01,  3.12329739e-01,
        2.27453411e-01, -2.41146579e-01, -1.62876353e-01, -2.95431614e-01,
        1.32677034e-01, -1.98006794e-01, -9.62375104e-03,  1.54264532e-02,
       -8.39438736e-02, -2.30039448e-01,  6.29128069e-02,  3.99046987e-02,
       -5.81921712e-02,  7.60650039e-02, -1.09708659e-01,  6.45147860e-02,
        3.77887748e-02,  1.71814620e-01,  1.11217462e-01,  1.45891592e-01,
        2.35890687e-01, -6.90628514e-02,  1.84087753e-01,  1.80522785e-01,
       -1.19052105e-01,  4.13166434e-02, -2.67766137e-02,  2.19920456e-01,
        3.67404632e-02, -5.72387800e-02, -1.19602934e-01, -2.47811556e-01,
       -4.70157154e-02,  1.63216457e-01, -2.84568638e-01, -2.67497003e-01,
       -1.28327906e-01, -1.22056395e-01, -3.07546854e-01, -1.46623611e-01,
       -4.88056503e-02,  9.53632444e-02, -1.38727322e-01,  3.27575058e-02,
        2.04471722e-01,  2.54364461e-01, -1.84710041e-01,  2.15268865e-01,
        2.70389974e-01, -1.07208706e-01, -2.30996937e-01,  2.70307094e-01,
        1.74426027e-02, -1.14541300e-01,  3.03631634e-01,  2.52714902e-01,
        2.93058723e-01, -2.38278404e-01,  1.80740029e-01, -2.62820363e-01,
        1.00624517e-01, -1.06761977e-01,  1.76848978e-01, -4.98308875e-02,
        1.95552066e-01, -1.10216960e-01,  1.77501753e-01,  1.15748636e-01,
        3.13257903e-01, -7.70828202e-02, -2.80890018e-01, -3.05597574e-01,
       -4.93924543e-02,  2.60042071e-01,  3.25175196e-01,  2.17660174e-01,
       -1.74503788e-01,  1.40503854e-01, -1.45496279e-01, -2.53058851e-01,
       -5.97133078e-02, -1.01144977e-01,  2.89974123e-01,  7.64743164e-02,
       -2.22356319e-01,  1.12132601e-01,  1.09708244e-02,  2.15470180e-01,
        2.28070170e-01,  7.45425224e-02, -2.27722287e-01,  5.37211187e-02,
        2.49787882e-01, -3.03501368e-01, -1.76236778e-01,  1.78573012e-01,
        1.51130870e-01,  5.00834957e-02,  9.12718102e-02,  2.39359766e-01,
        3.01228851e-01, -9.99470055e-02,  2.23620841e-03,  2.59415567e-01,
       -1.95262298e-01,  2.48247549e-01,  1.32724345e-01,  4.78614159e-02,
       -8.02676082e-02,  3.84939602e-04,  1.69127390e-01,  1.33628502e-01,
        7.59417489e-02, -1.37481615e-01,  1.68643647e-03, -2.90786952e-01,
       -2.07068264e-01,  1.00360997e-01,  3.50827239e-02,  2.39098012e-01,
        1.02446906e-01, -2.76536435e-01,  6.15181066e-02,  6.10585362e-02,
        9.90045592e-02, -2.01950654e-01,  3.11793178e-01, -1.74465969e-01,
        8.15094486e-02,  1.91399559e-01,  7.44548067e-03,  6.05767593e-02,
        7.52728339e-03,  1.57553613e-01,  2.31747165e-01,  6.61201328e-02,
        2.72921994e-02,  1.89981639e-01,  3.46018560e-02,  3.60921472e-02,
       -1.27961546e-01,  1.44156501e-01,  1.22200049e-01,  1.74390301e-01,
        2.06649914e-01,  1.62676260e-01, -1.50459141e-01,  9.05880257e-02,
        2.52284646e-01,  2.48805627e-01, -1.99649081e-01, -1.57878801e-01,
       -7.75944628e-03,  1.25815928e-01, -2.01864615e-02,  1.73553541e-01,
        1.29348293e-01, -2.90869862e-01, -1.25874183e-04,  1.94986090e-01,
       -1.57550853e-02, -1.80790067e-01, -3.09965283e-01, -1.87820345e-01,
        6.88950941e-02, -2.12003276e-01,  2.08596483e-01, -2.62604445e-01,
        9.60505083e-02,  2.95254365e-02, -2.96021416e-03,  2.05092877e-01,
       -3.99360806e-02, -2.78777272e-01,  8.91972333e-02, -2.64878601e-01,
       -2.75563598e-02,  2.86700606e-01, -1.49472937e-01,  1.21904455e-01,
       -2.82336682e-01, -1.92959622e-01,  2.87741031e-02,  1.25455692e-01,
       -9.94965900e-03, -3.35800904e-03, -1.31680623e-01, -2.13120162e-01,
        1.44013941e-01, -2.06124634e-01,  1.90841723e-02,  2.97997773e-01,
        1.95292234e-01,  2.38095820e-01, -1.90711737e-01,  1.75467297e-01,
       -1.47351295e-01, -1.97648704e-01,  1.92033917e-01,  2.98460275e-01,
        6.80450723e-02,  5.83824404e-02,  3.29462849e-02, -1.91534892e-01,
        2.86677748e-01, -8.19286928e-02,  4.29398604e-02,  2.31786534e-01,
        3.89425550e-03,  7.62739778e-02,  5.40725887e-02, -1.34652287e-01,
        2.98323631e-01, -1.22962259e-01, -6.77886307e-02,  2.41663933e-01,
        1.49542019e-01, -1.55445740e-01,  1.43303052e-01, -1.83776170e-01,
        2.75096595e-01, -2.53686845e-01,  1.56473711e-01,  7.76288658e-02,
       -2.53670037e-01,  1.31091177e-01, -1.19442277e-01, -2.06265673e-02,
       -3.25967133e-01,  8.51717964e-02,  9.97025892e-02,  2.40959331e-01,
       -1.61578447e-01, -2.62910947e-02,  1.57468155e-01,  4.15708385e-02,
        2.33336106e-01, -2.26798013e-01,  2.90142655e-01,  2.89023936e-01,
        2.11954221e-01, -1.09233961e-01,  1.88374490e-01, -2.94386476e-01,
        2.25800872e-01,  6.12949170e-02, -4.68914062e-02,  8.20545107e-02,
       -7.78472126e-02, -1.21481389e-01, -1.25246137e-01, -7.45347887e-02,
        1.75455272e-01, -5.09984046e-02, -2.77497858e-01,  9.46013406e-02,
       -4.06955602e-03, -1.29699007e-01,  2.44433075e-01, -1.61133021e-01,
        1.77415758e-01, -2.23258957e-01, -1.41607687e-01,  2.11033419e-01,
       -7.84508809e-02,  2.47674868e-01, -1.63417548e-01, -1.85767382e-01,
        2.76250154e-01,  1.06958531e-01, -2.49180406e-01, -1.96265206e-01,
       -4.32955567e-03,  5.25290938e-03,  2.56700575e-01, -3.17246258e-01,
       -7.53416568e-02,  4.83957827e-02,  1.28080830e-01, -5.68897091e-02,
        4.46035620e-03, -2.52326488e-01,  2.27920741e-01,  1.19066253e-01,
        1.48508549e-01,  2.13103622e-01,  9.83161014e-03,  5.37454039e-02,
       -2.77175546e-01, -2.85917018e-02,  2.08143946e-02,  2.63888150e-01,
       -1.46292999e-01, -1.33199349e-01,  2.08739027e-01,  2.09771574e-01,
        2.51593471e-01, -1.76297858e-01, -2.94021815e-01,  2.77134359e-01,
       -3.29778731e-01, -9.39850435e-02,  1.39684319e-01,  5.58203571e-02,
       -1.27796099e-01, -2.77352542e-01, -2.65889168e-01, -2.15509996e-01,
       -2.33867243e-02,  1.90080523e-01, -2.96921611e-01, -2.82753617e-01,
       -6.58458564e-03,  2.72828657e-02, -8.82115886e-02, -1.48267075e-01,
        2.59951353e-01,  2.29516193e-01,  1.78630263e-01,  2.81561375e-01,
       -2.79299095e-02, -9.27904770e-02,  5.98183908e-02,  2.38098711e-01,
        2.47555086e-03,  1.23027660e-01, -1.75767139e-01,  1.20219037e-01,
       -1.88763663e-01, -1.05533749e-02,  3.08637172e-01, -1.57853052e-01,
        1.13621272e-01, -1.21533692e-01, -2.08086997e-01,  2.47402519e-01,
       -1.33316606e-01, -2.08793297e-01, -1.51266828e-01,  2.05333799e-01,
       -7.24390671e-02, -2.98845083e-01, -5.44021353e-02,  1.62497118e-01,
       -2.50201672e-01, -2.15991475e-02, -2.37350941e-01,  2.71200985e-01,
       -2.37942114e-01, -2.48575956e-01, -2.60154068e-01, -2.23465979e-01,
       -2.49165967e-01,  1.89266220e-01, -1.63852666e-02, -2.24650912e-02,
        2.41384521e-01, -1.20437540e-01, -2.22741827e-01,  1.11892238e-01,
       -1.35814175e-01, -7.90361837e-02, -2.47149423e-01, -2.55018681e-01,
        2.88560450e-01,  3.67645659e-02,  1.04805887e-01,  2.36728862e-01,
        1.55432373e-01, -2.79128939e-01,  2.54674137e-01, -2.99627692e-01,
       -1.86966062e-01,  2.66702980e-01, -1.28155291e-01, -7.76649192e-02,
       -8.53204355e-02,  2.21962914e-01,  3.14171076e-01,  1.44601360e-01,
       -1.44598991e-01,  2.90995985e-01,  1.53848797e-01, -2.71860361e-01,
       -2.47646868e-02, -7.45274052e-02, -1.54231384e-01, -2.84518033e-01,
       -2.59660315e-02,  3.24505925e-01, -2.59699017e-01, -1.99598923e-01,
       -1.59822345e-01,  2.57840574e-01, -2.44022593e-01, -7.34639019e-02,
       -2.26813674e-01,  2.75873423e-01,  2.86735982e-01, -7.81864394e-03],
      dtype=float32), 'decoder.fc.2.weight': array([[-3.1900797e-02,  2.4936412e-02, -4.6140373e-02, ...,
         3.8562439e-02, -4.5482229e-02,  3.2235648e-02],
       [ 2.7334725e-02, -3.3249212e-03, -1.5659448e-02, ...,
        -6.5466473e-03,  3.4033045e-02,  3.2204345e-02],
       [ 2.7470062e-02, -4.5036979e-02,  4.6512727e-03, ...,
         3.7609901e-02,  3.2099716e-02,  8.9638326e-03],
       ...,
       [ 2.3500396e-02, -4.1883033e-02, -2.1077486e-02, ...,
         3.7019033e-02, -5.2278023e-02,  6.6591236e-03],
       [ 1.3848061e-02, -4.3276716e-03, -2.7137503e-02, ...,
        -2.9546954e-02,  3.7728500e-02,  1.7246561e-02],
       [-1.3534698e-02,  1.3550514e-02,  8.3080186e-03, ...,
        -1.7194685e-02,  3.3178462e-03,  9.5518553e-05]], dtype=float32), 'decoder.fc.2.bias': array([ 0.01635126,  0.03950611,  0.02024633, ..., -0.01818422,
       -0.03757651, -0.02645975], dtype=float32), 'decoder.fc.4.weight': array([[-0.01421207,  0.01811448,  0.00348656, ..., -0.00943163,
         0.01138514,  0.00235586],
       [-0.01560868, -0.01310138, -0.00384043, ..., -0.0094746 ,
        -0.01681342, -0.01312631],
       [ 0.00381632,  0.00255157, -0.0170857 , ..., -0.00752484,
         0.0062608 , -0.01962589],
       ...,
       [-0.01423838, -0.0127133 ,  0.02587819, ...,  0.01551584,
        -0.01233339, -0.01315209],
       [ 0.00322752,  0.01628642,  0.014916  , ...,  0.00218669,
        -0.01561133,  0.00968846],
       [-0.01750079, -0.0040473 ,  0.01323969, ...,  0.01002535,
         0.01936072,  0.00664692]], dtype=float32), 'decoder.fc.4.bias': array([-1.30638806e-03, -1.85461976e-02, -2.88463738e-02, -2.04184819e-02,
        2.44678813e-03,  1.20382104e-02, -1.02987252e-02,  2.48620985e-03,
        1.70421309e-03,  1.79642532e-02,  2.74195010e-03,  1.40830467e-03,
        1.90774314e-02, -4.34635556e-04,  1.24977455e-02, -1.46366768e-02,
       -7.00053107e-03, -1.79022662e-02, -6.89746812e-03,  4.90633212e-03,
        6.02399465e-03, -7.74404686e-03,  9.42486897e-03, -6.63122674e-03,
       -3.92913818e-03, -5.27963275e-03, -2.69311306e-04, -1.30326292e-02,
        1.67379119e-02, -7.25772511e-03, -8.38367920e-03,  1.40036521e-02,
        5.45517216e-03, -1.45540005e-02,  1.65698286e-02,  2.28590034e-02,
       -2.16511041e-02,  1.99034289e-02,  1.14759887e-02, -8.77369754e-03,
        6.92037819e-03, -2.38478947e-02, -2.10062359e-02, -7.44829886e-03,
        2.25424282e-02,  4.27882216e-04, -1.48679372e-02,  1.45022143e-02,
       -1.00907721e-02, -1.49445450e-02, -2.81957369e-02, -1.18793140e-03,
        7.88205070e-04, -2.63884589e-02, -1.30133210e-02,  1.08507788e-02,
        7.66161224e-03, -2.53210906e-02, -2.58777458e-02,  1.28318164e-02,
        2.49100546e-03,  1.31056197e-02,  1.47700496e-02,  2.80593038e-02,
        2.31388211e-03,  1.53299868e-02, -3.03927739e-03, -8.50841682e-03,
        5.71555179e-03, -2.56715901e-02, -2.23355778e-02,  1.95259601e-02,
       -1.16133736e-03,  7.89934490e-03, -9.16945934e-03, -1.42372856e-02,
        1.24757877e-02,  2.39287727e-02, -1.85863245e-02,  8.56993371e-04,
        2.50360183e-02, -1.87741052e-02, -2.63223816e-02,  1.15492595e-02,
        1.47712119e-02, -2.25888696e-02, -1.15911057e-02, -2.88560009e-03,
       -1.33305881e-02, -1.08900359e-02, -1.99263394e-02,  1.22587504e-02,
        2.44111177e-02,  1.35776866e-02, -2.78313104e-02, -2.14902591e-02,
        5.90308663e-03,  5.31587610e-03,  1.05869416e-02, -1.45411780e-02,
        2.78296713e-02, -4.48443880e-03,  2.78814007e-02, -2.16266494e-02,
        1.21705905e-02,  1.54690128e-02,  1.84324002e-04,  2.21412499e-02,
       -3.34647181e-03,  2.74692848e-02,  2.47512688e-03, -1.40479105e-02,
        2.54763793e-02,  2.28108056e-02,  6.02808455e-03,  9.43616126e-03,
        1.21504543e-02, -1.07241627e-02, -2.68047745e-03,  1.03669101e-02,
       -1.87573712e-02,  1.90709215e-02,  1.89385843e-03,  8.20709113e-03,
       -2.31385860e-03,  1.12749515e-02, -2.16643102e-02,  1.32049853e-02,
       -6.08305563e-04,  1.32845156e-02,  1.25614610e-02,  1.69252548e-02,
       -1.42397592e-02, -3.34036909e-03, -5.85931586e-03, -1.78938620e-02,
       -1.53727233e-02, -6.51001744e-03,  6.03109878e-03,  1.19886110e-02,
        2.45288527e-03,  2.40569469e-02,  7.56544340e-03,  6.57652458e-03,
        1.54686207e-02, -2.21619196e-02, -6.99653430e-03,  2.13492010e-02,
       -5.56301465e-03,  1.16115985e-02, -7.61177158e-03,  6.81796344e-03,
        2.57266220e-03, -4.35555412e-04,  1.49852352e-03, -1.51656847e-02,
       -2.00526994e-02, -1.51565839e-02,  2.95833647e-02,  1.22360149e-02,
       -5.69694536e-03, -1.06954677e-02, -2.51475442e-02, -1.83931980e-02,
       -1.83564774e-03,  1.92120932e-02,  1.02730393e-02,  2.65187258e-03,
       -1.07916985e-02, -1.61295962e-02,  8.61906260e-03, -2.26964653e-02,
       -1.60081461e-02,  4.12060181e-03, -9.15930048e-03,  1.47368095e-03,
       -1.31458482e-02, -7.70902680e-03,  2.69284304e-02,  2.12101974e-02,
        9.15471464e-03, -2.05619447e-02, -2.23386730e-03, -1.13399066e-02,
       -1.97131783e-02,  2.41739452e-02,  5.88692864e-03,  1.49668362e-02,
        1.05346888e-02,  5.61322505e-03, -1.53586334e-02,  9.73053370e-03,
        2.30332501e-02, -2.07650810e-02, -2.07285471e-02,  1.42077019e-03,
        2.24528518e-02,  1.69663865e-04,  1.55354077e-02, -1.07324440e-02,
       -1.00706944e-04, -1.92868039e-02, -1.63825881e-02, -5.00459597e-03,
        2.71187462e-02, -1.13131739e-02,  2.34315153e-02, -2.15687789e-02,
        1.21198185e-02, -1.80053394e-02, -1.32951913e-02,  2.37352564e-03,
       -1.20654993e-03,  2.52331216e-02,  1.12176873e-02,  1.99785400e-02,
        1.13433180e-02,  1.72807253e-03,  2.05949768e-02, -9.16348584e-03,
       -9.90627240e-03,  1.68847367e-02, -1.36730652e-02,  1.90873239e-02,
       -2.27785017e-02,  4.49922727e-03, -1.46792503e-03, -2.10269205e-02,
        1.35769267e-02, -1.76816701e-03, -4.17591492e-03, -1.95168797e-02,
       -2.42347755e-02, -2.47167237e-02, -1.03954775e-02,  1.03808921e-02,
       -3.69171798e-03, -2.97706574e-03,  7.32972100e-03,  1.49136642e-02,
        2.26644799e-02, -2.83566630e-03,  1.18298084e-02, -9.10798833e-03,
       -2.78476793e-02,  2.32452210e-02, -1.03065940e-02,  1.32749591e-03,
       -8.84479284e-03,  6.09944481e-03, -7.10697146e-04,  2.36932486e-02,
       -2.47799186e-03,  2.76088412e-03,  1.38715170e-02, -1.55985821e-03,
       -2.77979616e-02, -1.57729276e-02,  3.82817374e-03, -9.02819273e-04,
       -1.86712742e-02,  7.11603835e-03,  6.64847717e-03,  4.32088785e-03,
       -2.48377323e-02, -5.78430714e-03, -2.06626784e-02, -9.28791892e-03,
       -3.24230827e-03, -1.72676612e-02, -3.34114814e-03,  5.86697226e-03,
       -8.01542588e-03,  2.40456201e-02,  1.42154209e-02,  4.38922457e-03,
       -1.46704298e-02,  1.91611368e-02, -1.76364630e-02, -1.30784856e-02,
       -9.05061513e-03,  5.26540400e-03, -5.92934433e-03, -2.72927657e-02,
        9.86987632e-03,  9.94948857e-03, -1.36310542e-02,  1.39066428e-02,
       -6.22313609e-03, -1.87570415e-02, -4.59990744e-03,  2.19351077e-05,
        8.31008796e-03,  1.50387818e-02, -3.62105900e-03, -5.78751368e-03,
        6.05456345e-03,  2.72999727e-03,  1.54616181e-02,  1.06264222e-02,
        1.41023081e-02, -1.32861314e-02,  3.47894318e-02,  5.06097218e-03,
        2.79409830e-02,  2.63940953e-02, -9.64976382e-03,  7.37695536e-03,
       -1.25071034e-02,  1.26544824e-02, -2.05016825e-02,  9.90358740e-03,
        1.39533635e-03,  1.11793196e-02,  3.12421434e-02,  2.87584821e-03,
       -8.34633596e-03, -4.25333856e-03,  2.29499321e-02,  1.08225578e-02,
       -1.55897541e-02,  1.24835745e-02,  6.06591674e-03, -2.01736595e-02,
       -1.85090378e-02,  3.42575624e-03, -3.49855609e-03, -9.91471577e-03,
       -1.20087825e-02,  4.67463722e-03, -4.21223557e-03,  6.33010734e-03,
       -1.20567707e-02,  1.76133588e-02,  1.26259867e-02, -4.92846267e-03,
       -1.67812873e-02,  1.45360688e-03, -1.45014003e-02, -2.68560201e-02,
        4.53514466e-03,  3.45575600e-03,  1.84302144e-02,  5.12051769e-03,
       -4.93359147e-03,  2.46526040e-02,  1.10045327e-02, -1.64430367e-03,
       -2.00556908e-02,  1.54770110e-02, -1.69184264e-02, -1.52141964e-02,
       -2.20330656e-02, -2.71122865e-02, -1.41840130e-02,  5.45280054e-03,
       -1.40432417e-02, -9.33281612e-04, -1.43198557e-02, -2.33596377e-03,
        1.60385817e-02,  3.71260964e-03,  2.39329766e-02,  2.43785733e-04,
       -8.01362284e-03,  2.65564304e-02, -2.67522447e-02, -2.20112521e-02,
       -1.43725064e-03, -9.13425628e-03,  1.68888550e-02,  8.53179581e-03,
       -4.95253876e-03, -7.15983007e-03, -1.56617686e-02,  8.60195514e-03,
        1.17543051e-02, -9.48807131e-03, -5.40719368e-03, -1.77769028e-02,
        5.16903400e-03, -7.82497972e-03,  4.87919198e-03, -1.87132112e-03,
        1.16392868e-02, -1.60550047e-02, -6.41252939e-03, -1.98757350e-02,
        3.33229862e-02, -4.38704295e-03, -2.28161942e-02,  1.01835951e-02,
       -1.04499692e-02,  2.01082714e-02,  1.33958999e-02, -2.54307538e-02,
        1.03985034e-02,  1.54607873e-02,  2.54608802e-02,  7.41563085e-03,
       -3.86420754e-03, -3.49131878e-03,  2.20665373e-02,  2.33423635e-02,
       -1.45392595e-02,  1.89754758e-02,  1.38491075e-02,  3.53819272e-03,
        1.25661204e-02, -1.35026863e-02,  8.49350542e-03, -1.94664020e-02,
        1.64943803e-02,  4.86086495e-03,  2.02454999e-02, -2.67493917e-04,
       -3.07088462e-03, -1.39555326e-02, -1.18389595e-02, -1.01176766e-03,
        1.49307149e-02,  9.35446471e-03,  1.46663049e-02,  1.21948393e-02,
       -1.93491224e-02,  2.92431042e-02,  1.14400415e-02,  5.90674439e-03,
        3.18685509e-02, -3.15369922e-03, -5.48481802e-03,  1.18126012e-02,
        4.94852336e-03,  6.08400255e-03,  1.42608071e-02, -8.70535988e-03,
       -1.43347224e-02,  1.36450166e-02, -6.23393338e-03, -2.51713488e-03,
       -1.02449758e-02, -2.02479884e-02, -1.61784999e-02,  2.67741196e-02,
       -4.96447785e-03, -7.90295657e-03, -2.50669699e-02,  1.53491544e-02,
        8.93251970e-03,  1.22297648e-02, -5.78370458e-03,  2.42403597e-02,
        7.90109951e-03, -4.69283015e-03, -2.40593571e-02, -1.53433317e-02,
        7.75614707e-03, -1.02227950e-03, -4.32359613e-03,  4.00261022e-04,
        5.97163278e-04,  1.10765351e-02, -1.11947823e-02, -2.63815504e-02,
        1.04278764e-02, -6.12867298e-03, -5.58882253e-03, -3.73959332e-03,
        3.75125743e-03,  2.14946028e-02,  1.34354066e-02, -1.74245052e-02,
        2.33661439e-02, -6.41054567e-03,  2.64095459e-02, -5.46380738e-03,
        2.05361471e-02,  1.68723275e-03, -4.87549882e-03, -4.05501900e-03,
       -8.58118478e-03,  6.62147824e-04, -7.48767704e-03, -2.13902947e-02,
        1.60585884e-02, -5.91041474e-03, -1.65002272e-02, -1.70288906e-02,
        6.99033262e-04, -2.64684595e-02, -4.31058370e-03, -2.05573800e-04,
       -4.90136491e-03,  1.82637069e-02,  2.15074793e-02, -1.77402757e-02,
       -1.42172640e-02, -2.40634382e-03, -3.88278556e-03, -1.06437784e-02],
      dtype=float32), 'decoder.fc.6.weight': array([[ 0.01555222, -0.01572104,  0.01019916, ..., -0.05468528,
         0.02548898, -0.01634537],
       [-0.00053751, -0.00606861,  0.00881594, ..., -0.04761555,
         0.04772849, -0.05878921],
       [ 0.04347002, -0.04100673,  0.00519777, ...,  0.00928846,
        -0.00254508,  0.02831749],
       ...,
       [ 0.04304571, -0.02237643,  0.03216336, ...,  0.01702719,
        -0.03690176,  0.01248559],
       [-0.03664149,  0.02695386, -0.04625508, ..., -0.00677159,
         0.02531972,  0.07748394],
       [-0.01761407, -0.00724356, -0.01571707, ..., -0.02215942,
        -0.04532183,  0.04389714]], dtype=float32), 'decoder.fc.6.bias': array([-0.01090708, -0.0100532 ,  0.04529745, ...,  0.05346681,
        0.00615322,  0.0309298 ], dtype=float32)}
[Time: 27.01.25 20:32:24] [Level: info] [State: aggregate] {'encoder.fc.0.weight': array([[-0.01136388,  0.00106441,  0.00395795, ..., -0.00489391,
         0.01216038, -0.0075836 ],
       [ 0.00866808,  0.0073222 ,  0.00901631, ...,  0.01096882,
        -0.01450602, -0.00387811],
       [-0.00212497, -0.01214781, -0.00323731, ...,  0.00680635,
        -0.00871145, -0.00227878],
       ...,
       [-0.00827511, -0.01461109, -0.00672126, ..., -0.00834241,
         0.01343118, -0.009867  ],
       [-0.0061246 ,  0.00395674, -0.00531954, ...,  0.00634224,
        -0.0032589 , -0.01158428],
       [ 0.0033461 , -0.00469795, -0.01065177, ...,  0.0042315 ,
        -0.00305867,  0.00982553]], dtype=float32), 'encoder.fc.0.bias': array([-1.18191657e-03, -1.44112706e-02, -7.63405161e-03, -8.88361875e-03,
        1.12087149e-02,  1.50052703e-03, -9.60569072e-04,  7.21407635e-03,
        4.39130890e-05,  2.29736397e-04, -1.19813881e-03,  2.17907364e-03,
       -9.10972431e-03, -7.90329464e-03, -7.30352663e-03,  6.23274653e-04,
       -1.47331879e-02, -6.75663864e-03, -1.15721626e-03, -2.00539781e-03,
        1.04375544e-03,  5.28321322e-03, -1.11504104e-02, -1.36568991e-03,
       -1.12808403e-02, -4.53245873e-03, -6.43111998e-03, -6.85859844e-03,
       -4.92552854e-03,  5.77804807e-04, -8.00794084e-03, -8.22080486e-03,
       -2.66191876e-03, -1.07447142e-02,  2.62039760e-03,  1.02159604e-02,
        2.98399711e-03, -2.26612188e-04, -6.42171688e-03, -4.83345473e-03,
       -8.10579024e-03, -5.42583968e-03,  5.37644932e-03,  6.74531446e-04,
       -1.24634346e-02,  4.52649826e-03, -8.93854012e-04, -5.76053327e-03,
        3.80434259e-03, -6.67380961e-03,  7.62391323e-03, -5.33451745e-03,
       -1.19645232e-02, -5.52680949e-03, -5.43516362e-03, -5.86325768e-03,
       -1.00940885e-03, -1.10592358e-02, -2.81426404e-03, -1.65657457e-02,
       -1.86824030e-03, -5.28185908e-03,  5.61068591e-04, -9.73349530e-03,
       -3.62330349e-03, -7.32601387e-03,  2.76069704e-06, -1.32719213e-02,
       -7.00981356e-03, -9.07758877e-05, -6.36441342e-04, -3.21846828e-03,
       -1.27812158e-02, -3.19729396e-03, -4.32430767e-03, -9.92609374e-03,
        3.24828504e-03, -3.78278736e-03, -1.25966435e-02, -1.06010158e-02,
       -1.61282159e-02, -1.31327379e-02, -7.68511975e-03, -8.74320138e-03,
       -1.05458181e-02, -9.50277783e-03, -2.14886013e-03,  9.64422151e-03,
       -5.06433984e-03,  8.29340145e-03, -9.58865415e-03,  7.29087507e-04,
       -9.45404917e-03, -7.58494018e-03, -4.84846346e-03, -1.05156461e-04,
       -1.19796107e-02, -1.00564472e-02,  1.90822582e-03,  3.68957687e-03,
        1.76089827e-03, -9.38670989e-03, -9.91890486e-03, -1.35004427e-02,
        8.58767796e-03, -1.03357779e-02, -4.29631723e-03, -6.69093616e-03,
        3.45358741e-03, -2.67176447e-03,  7.90496342e-05, -1.42477341e-02,
       -1.27766589e-02, -1.20252231e-02,  2.56719114e-03,  1.23654893e-02,
        9.59332567e-03, -7.19517982e-03,  1.60349140e-04, -3.66382487e-03,
       -1.18674999e-02,  2.30168458e-03, -1.22839278e-02, -1.09647103e-02,
        7.69355753e-03, -9.10354033e-03, -1.48493294e-02, -1.39942465e-04,
        2.76241265e-03, -6.11414295e-03, -4.75460012e-03, -7.69007625e-03,
       -7.09490012e-03, -1.58225950e-02, -1.51247317e-02,  4.71469201e-03,
       -1.14247436e-02, -1.61140170e-02, -1.02058500e-02, -1.36460317e-03,
       -5.68128703e-03, -6.97066914e-03, -6.60880236e-03, -2.89186439e-03,
        3.15919262e-03, -8.11998732e-03, -1.11030219e-02, -9.51226335e-03,
       -1.03558470e-02, -1.66612715e-02,  1.00298470e-03, -1.09821127e-03,
        4.64434922e-03, -6.37714984e-03, -1.49145937e-02, -5.21952519e-03,
       -7.85045139e-03, -1.35008227e-02, -1.02579244e-03, -3.34185921e-03,
        9.33196687e-04,  9.64985322e-03,  9.32537485e-04, -9.18135326e-03,
       -6.84100622e-03, -1.47973346e-02, -4.60554706e-03, -6.10473519e-03,
       -1.40497340e-02, -1.35685094e-02, -9.18351952e-03, -4.09087213e-03,
       -4.04526806e-03, -5.29751740e-03, -5.51675214e-03, -4.25117603e-03,
       -4.57017776e-03, -7.11132772e-03, -7.47807138e-03, -3.39615089e-03,
       -1.49039458e-02,  2.32714368e-03,  1.12419343e-02, -1.57260150e-03,
        2.01275060e-03,  3.51172918e-03, -1.23891013e-03,  8.85427278e-03,
       -2.84077716e-04, -9.82823130e-03,  1.59624731e-03,  7.07910955e-03,
        8.13408662e-03,  2.20715767e-03,  1.86533644e-03, -9.37640108e-03,
       -3.95739218e-03,  4.01780894e-03, -5.20087313e-03, -2.91475980e-03,
       -8.46423209e-04, -1.48388650e-02, -1.04851034e-02,  1.30702450e-03,
       -1.41322729e-03, -1.29063688e-02, -1.23630986e-02, -1.11408308e-02,
       -9.60391667e-03,  1.48448476e-03, -5.77813387e-03, -2.68341368e-03,
       -2.84815789e-03,  2.38500233e-03, -1.47340959e-03, -8.77739955e-03,
       -2.54659774e-03,  2.56821048e-03,  1.72860548e-03, -1.52724236e-02,
       -1.02626123e-02, -1.56507548e-03, -1.47082061e-02, -6.56220922e-03,
       -1.36711332e-03, -1.53903728e-02,  2.45163590e-03,  3.76277184e-03,
       -1.47764022e-02, -5.85701596e-03, -5.15175052e-03,  8.43735004e-04,
        3.21047870e-03, -7.30590336e-03, -1.52121866e-02,  2.29543727e-03,
       -1.23742567e-02, -2.42602066e-04, -1.01674199e-02, -7.56427180e-03,
       -2.62996939e-04, -5.71427867e-03, -9.54382960e-03,  1.59780146e-03,
       -9.00179334e-03, -1.12746796e-02, -9.98701900e-03, -1.50183579e-02,
        2.01861467e-03, -6.80192094e-03, -1.85909763e-03, -1.11307688e-02,
       -7.27058435e-03, -9.95530281e-03, -5.51101111e-04,  1.40045630e-03,
       -1.45445820e-02, -1.90489390e-03, -1.40823042e-02, -3.68822576e-03,
       -1.08128355e-03, -8.22266191e-03,  9.99684818e-03, -6.07366581e-03,
       -7.74738705e-03, -1.15972329e-02, -6.76249666e-03, -1.69777479e-02,
        9.80099011e-03, -1.23163192e-02, -1.55985961e-02, -1.24331173e-02,
       -6.28236774e-03, -1.03006884e-02,  2.53049238e-03, -1.37638561e-02,
       -1.22203343e-02,  9.00144223e-03, -1.24086055e-03, -1.38788996e-02,
       -5.19231427e-03, -1.10528721e-02, -1.85880996e-03, -1.16953086e-02,
        3.00134090e-03, -1.04984483e-02, -5.31095127e-03,  4.70393617e-03,
        6.15333323e-04, -2.79274536e-03, -1.24038719e-02, -8.07923544e-03,
       -9.88545269e-03, -1.50881186e-02,  2.32376461e-03, -1.07726716e-02,
        4.07541986e-04, -5.21849608e-04, -9.53129772e-03, -1.40356217e-02,
       -1.41092837e-02, -3.82139697e-03, -1.29870009e-02,  1.49519090e-03,
       -3.22570908e-04, -9.80949029e-03, -4.40704962e-03, -1.14727626e-03,
        7.16822036e-03, -3.41656292e-03,  2.29238137e-03,  5.25954459e-03,
       -4.82816598e-04, -1.35732023e-03, -4.31436114e-03, -8.57828744e-03,
       -1.61601584e-02, -1.22652343e-02,  4.80688876e-03, -4.70980164e-03,
       -1.17823193e-02, -6.82896189e-03, -2.49169231e-03, -1.59253236e-02,
       -1.15768891e-03,  3.84330074e-03, -9.26092360e-03, -4.80042724e-03,
       -5.09526674e-03,  2.16113357e-03,  3.96996457e-03,  8.63639265e-03,
        1.78545341e-03, -7.17848015e-04, -1.28275640e-02,  7.16179470e-03,
        1.42109755e-04, -1.20880464e-02,  3.13008553e-03, -5.54408785e-03,
       -8.47933721e-03, -3.29325511e-03, -5.22024510e-03, -7.20497104e-04,
       -1.45961542e-03, -1.01307710e-03, -1.04923612e-02,  2.85367714e-03,
       -3.13709112e-04, -5.18664159e-03, -1.13575980e-02, -3.66418553e-03,
        3.42201348e-03, -1.74344424e-03, -5.27832482e-04, -1.42107522e-02,
        8.13878607e-03, -7.24987453e-03, -3.69984284e-03, -9.93859954e-03,
        9.96413827e-03, -1.15868542e-02, -6.94009475e-03, -1.34064415e-02,
       -1.50557514e-02, -1.08091608e-02, -3.91537615e-04,  2.62591406e-03,
       -6.88599597e-04, -1.54057881e-02, -1.16274226e-02,  4.89565125e-03,
       -8.80404655e-03, -7.90068007e-04, -1.34814894e-02,  2.28268141e-03,
       -2.27435585e-03, -6.07979065e-03, -2.20790319e-03, -1.81172087e-04,
       -7.54352147e-03,  3.20639554e-03, -2.45280447e-03,  2.39404663e-03,
       -6.36168336e-03, -1.16885975e-02, -1.42901540e-02,  1.54438533e-03,
       -3.54231172e-03, -1.08414050e-02, -6.55716565e-03, -9.35613457e-03,
       -1.31459162e-02, -1.00363381e-02, -3.04644345e-04, -1.22454017e-02,
       -1.39055364e-02, -5.65149880e-04, -1.30353346e-02,  1.34889013e-03,
       -8.40680022e-03, -1.03851808e-02, -8.20336305e-03, -7.70263933e-03,
       -1.59941576e-02, -2.43651308e-03, -9.11605731e-03,  4.60889330e-03,
       -2.14371691e-03, -1.33453999e-02, -4.89878329e-03, -1.78940024e-03,
       -9.39509738e-03,  1.84091704e-03, -1.03048319e-02, -1.27481930e-02,
       -7.98691437e-03, -1.13481628e-02, -4.36631410e-04,  8.59336142e-05,
       -4.86500235e-03, -8.06664582e-03, -1.50547375e-03, -2.21708603e-03,
       -6.63473690e-03, -4.32789908e-04, -2.87784496e-03,  1.60151091e-03,
        5.65389730e-03, -8.92473198e-03, -1.27503155e-02, -2.23681505e-04,
       -1.78247527e-03, -9.26251989e-03, -9.95740015e-03,  1.86277297e-03,
       -3.50174290e-04, -9.67756845e-03,  4.30906052e-03,  2.33998941e-03,
       -4.40442329e-03, -1.86758034e-03, -1.06116552e-02,  7.66875979e-04,
       -5.28540974e-03, -1.17313000e-03, -3.08099482e-03,  3.00584361e-03,
       -1.12333084e-02,  9.52446554e-03, -4.65142570e-04,  1.19655929e-03,
       -1.68254171e-02, -1.22453189e-02, -7.85154290e-03, -1.53253209e-02,
       -1.24328695e-02, -1.36232032e-02, -6.44925376e-03, -1.16203884e-02,
       -1.13110468e-02, -5.97961992e-03,  7.95931323e-04,  4.58421791e-03,
       -5.06231422e-03,  1.25461426e-02,  2.74614617e-03, -5.10879187e-03,
       -4.93257889e-04, -1.37632303e-02, -1.40078703e-03, -7.04507064e-03,
       -3.22298193e-03, -1.25983357e-02, -1.41859632e-02, -3.35302646e-03,
       -5.71744796e-03, -9.92196240e-03, -5.77648962e-03, -1.24846736e-03,
        2.23059091e-03, -5.98470634e-03, -1.51488604e-02, -1.16140833e-02,
        3.38508654e-03, -1.54850278e-02, -5.92494057e-03, -1.20594064e-02,
       -2.59282952e-03,  1.04423065e-03, -1.05286650e-02, -1.07469298e-02,
       -1.36354826e-02, -2.25216267e-03, -3.92290158e-03, -1.00830225e-02,
       -7.00403703e-03,  1.38927801e-02, -7.00212549e-03, -3.94823356e-03],
      dtype=float32), 'encoder.fc.2.weight': array([[-0.02019479,  0.01390642, -0.04216757, ..., -0.00402601,
        -0.02682989,  0.03607296],
       [ 0.01203582,  0.00637764,  0.01014734, ...,  0.01321861,
        -0.04192951,  0.01489376],
       [-0.02985521, -0.03430592, -0.01628004, ..., -0.01545295,
        -0.01684934, -0.0177929 ],
       ...,
       [-0.01811244, -0.02761171, -0.0115072 , ...,  0.00637114,
         0.01748053, -0.00200669],
       [-0.01909174,  0.0240532 , -0.00473499, ..., -0.03297605,
         0.0130505 , -0.02902327],
       [-0.03843335,  0.03972795, -0.02796652, ...,  0.00947104,
        -0.02102324,  0.03169555]], dtype=float32), 'encoder.fc.2.bias': array([-0.04421723,  0.0118876 , -0.00638007, ...,  0.03681929,
        0.01023474,  0.01535968], dtype=float32), 'encoder.fc.4.weight': array([[-0.00391725, -0.02773098, -0.00506358, ..., -0.01663275,
        -0.01501783, -0.02115177],
       [ 0.00254652, -0.01092186, -0.01095461, ...,  0.00098193,
         0.01599966,  0.00387123],
       [ 0.0106021 , -0.01300133, -0.00847424, ...,  0.00145794,
         0.00854305, -0.01280903],
       ...,
       [-0.02228308,  0.01057707,  0.02249093, ..., -0.00175251,
        -0.00569522,  0.0036947 ],
       [-0.01317764, -0.00103116, -0.0021253 , ...,  0.01028136,
         0.00835023,  0.00345029],
       [-0.02734595,  0.00042268,  0.00023872, ..., -0.01602076,
         0.01563389, -0.00184185]], dtype=float32), 'encoder.fc.4.bias': array([-2.14732066e-02, -9.54616070e-03,  2.17187218e-03, -1.95013452e-02,
       -2.20695902e-02, -2.50207745e-02,  9.18870734e-04, -1.23422313e-02,
       -1.03818150e-02, -5.83525561e-03,  3.12212110e-03,  6.73941243e-03,
       -1.76909342e-02, -2.47678105e-02,  1.03751123e-02,  6.80476485e-04,
       -1.65489744e-02, -2.49440200e-03, -1.28776496e-02,  1.34146530e-02,
       -1.61077008e-02, -2.43597236e-02, -1.86938718e-02, -1.01404767e-02,
        4.67196060e-03,  2.63487920e-03,  1.01190573e-02,  1.20050022e-02,
       -9.09604877e-03, -8.34617647e-04,  1.69632025e-02, -2.09138752e-03,
        5.57227945e-03, -8.12313613e-03, -6.36358093e-03, -1.09726163e-02,
        4.59053926e-03,  1.14306193e-02,  4.16332576e-03,  1.48238242e-02,
        8.28694552e-03,  1.30473049e-02,  1.80245992e-02, -7.54405162e-04,
        1.93701349e-02,  6.62718015e-03, -1.17002744e-02,  1.44766616e-02,
        1.11079193e-03, -1.79866049e-02,  1.45051423e-02, -8.78154766e-03,
        2.24441150e-03,  3.94193130e-03, -2.36732364e-02, -6.80870377e-03,
        1.02109015e-02,  2.50076205e-02,  1.16609619e-03,  1.59195475e-02,
        1.51475994e-02,  2.03546090e-03,  1.42637512e-03,  1.31595619e-02,
       -1.76435094e-02, -4.64167306e-03,  1.84703432e-03, -7.89112225e-03,
       -1.03186793e-03,  1.41767291e-02,  8.90014227e-03, -2.69140471e-02,
        2.00565890e-04,  1.32636102e-02, -5.39195118e-03,  2.51546921e-03,
       -1.74197219e-02, -2.14964664e-03, -1.71653926e-02,  1.84161402e-02,
        1.17499894e-02,  5.07508498e-03, -1.81411044e-03, -1.74204987e-02,
       -1.93274152e-02,  8.56743846e-03, -8.55001807e-03, -2.26164870e-02,
       -2.30080709e-02,  7.19784107e-03, -2.11858973e-02,  3.69541929e-03,
       -2.22712420e-02, -5.88840107e-03,  1.74675509e-02, -9.28580854e-03,
        5.33071766e-03, -2.51945984e-02,  2.18118764e-02, -1.52326040e-02,
        7.87755195e-03,  1.76236518e-02,  1.14486106e-02, -9.44472267e-04,
       -4.37566824e-03,  8.92323814e-03, -1.13174682e-02, -1.19317826e-02,
       -2.07822770e-02,  2.23795902e-02,  7.15449313e-03,  8.14819615e-03,
        5.44529222e-03, -1.79767329e-02,  2.24140822e-03, -1.76492706e-02,
        4.03344771e-03, -6.16788818e-03,  1.49175273e-02,  3.57065257e-03,
       -2.48316284e-02, -4.87983786e-03, -1.86888892e-02, -4.45724512e-03,
       -1.98930502e-02,  9.64092370e-03, -2.49545043e-03, -1.62883680e-02,
        1.02676796e-02,  1.30603136e-03, -1.00941798e-02,  1.87243503e-02,
       -3.39027424e-03, -2.32014805e-02,  1.51329162e-02,  1.41791592e-03,
        9.96800978e-03, -3.76335368e-03, -2.78870445e-02,  7.76377856e-04,
       -2.78844256e-02, -1.92984473e-02, -2.09411159e-02, -6.86465763e-03,
        9.20651853e-03,  8.54368135e-03,  1.58356763e-02,  1.76899228e-02,
        8.80796369e-03,  1.10033306e-03, -1.58336889e-02,  5.16190846e-03,
        1.51284523e-02,  3.32811521e-03,  8.21134454e-05, -1.58858579e-02,
       -6.83449721e-03,  8.65639653e-03,  6.15438772e-03, -3.04701505e-03,
       -2.38200300e-03, -2.25828886e-02,  8.73387698e-03, -2.23934627e-03,
       -1.04410090e-02, -9.42977518e-03,  1.44135328e-02, -2.40438040e-02,
       -1.32635916e-02,  1.37765994e-02,  1.62491966e-02,  2.38559139e-03,
       -1.84550546e-02,  8.78060702e-03,  8.47433228e-03, -5.34165045e-03,
        4.92475461e-03,  4.47394280e-03, -1.89309455e-02,  7.03021826e-04,
       -1.94008574e-02, -1.80977993e-02, -1.09189283e-02,  1.33394096e-02,
        7.55594159e-03,  1.25734825e-02, -1.02137318e-02,  1.64020117e-02,
       -1.96048040e-02,  1.39973257e-02, -1.16086183e-02, -1.28922109e-02,
        5.97037433e-04, -2.62796436e-03, -1.76641755e-02, -1.77945232e-03,
        4.88974061e-03,  4.84029995e-03,  3.36903776e-03, -1.15661444e-02,
       -2.35693026e-02, -3.27084004e-03, -1.31809860e-02, -2.31639873e-02,
        1.90694835e-02,  1.86547209e-02, -1.45066706e-02, -1.07046198e-02,
       -6.56619761e-03,  3.62283597e-03,  1.10160215e-02,  1.69421937e-02,
        1.20694749e-02,  1.65299177e-02,  1.69895627e-02,  2.03666855e-02,
       -1.62484962e-02, -2.65170448e-02, -8.14851257e-04, -2.63630338e-02,
       -7.95098115e-03,  1.51570467e-02, -4.80920170e-03, -1.73393711e-02,
        2.26237252e-02,  6.07036566e-03,  2.13106498e-02, -3.32297687e-03,
       -1.55202867e-02, -1.41907856e-03, -1.02501875e-02,  1.11620389e-02,
        1.88162469e-03,  9.82908905e-03,  1.23389428e-02, -3.70343449e-04,
       -1.97371445e-03, -1.40749151e-02,  6.87719556e-03,  1.37881120e-03,
       -4.10532113e-04,  1.66971181e-02,  7.21227285e-03, -4.09463933e-03,
       -2.73032393e-02, -1.07728795e-03,  9.15453024e-03,  9.78307053e-03,
        7.57477991e-03,  1.05446326e-02, -4.71456163e-03,  4.66187624e-03,
       -2.29129028e-02,  1.68001726e-02,  2.06611678e-03, -2.04340313e-02,
       -1.63613819e-02,  1.63418334e-03, -2.64361072e-02, -2.32527759e-02,
        5.26792137e-03,  4.87101777e-03, -1.04908384e-02, -2.28099823e-02,
        4.60359128e-03, -1.89849886e-03, -1.62593776e-03, -1.65093169e-02,
       -1.05370190e-02,  1.58272665e-02, -3.43270996e-03,  1.15139987e-02,
       -7.64050148e-03,  1.51835056e-02,  1.26525555e-02, -1.15344450e-02,
       -2.35862806e-02, -1.82176288e-02, -1.26619684e-02,  2.45281029e-03,
        1.35881351e-02, -4.57773218e-03, -2.42412500e-02, -2.59359572e-02,
       -2.21629795e-02, -2.35748515e-02, -1.22838048e-02, -1.85258016e-02,
       -8.65471736e-03, -1.21175572e-02,  1.14462599e-02,  8.45653936e-04,
       -1.08407754e-02,  3.99061944e-03, -1.10423546e-02,  6.46999478e-03,
        1.55596100e-02,  1.80560295e-02,  1.34280277e-02,  1.11007309e-02,
        8.37483071e-03, -1.57204792e-02, -5.78069873e-03, -9.72661248e-04,
       -1.73548907e-02, -2.37033423e-02, -1.35023752e-02, -1.34791462e-02,
       -2.69173849e-02,  3.86195141e-04,  1.07152062e-02,  1.51702741e-04,
        3.29097291e-03, -1.99555121e-02,  3.81158385e-03, -3.18779307e-03,
        1.13631673e-02, -2.15527304e-02, -2.81919874e-02,  1.27205094e-02,
        1.78586505e-02,  2.97404680e-04, -5.19394781e-03, -2.48342305e-02,
       -4.52217273e-03, -1.41787715e-02, -6.11138437e-03, -2.78898496e-02,
       -4.59729368e-03, -1.48324631e-02, -2.22221809e-03, -2.08040439e-02,
       -1.31161837e-02,  6.97002886e-03, -2.09044088e-02, -2.98346113e-03,
        7.66415196e-03, -1.90165937e-02, -1.81166604e-02,  1.57342982e-02,
       -3.73308361e-03,  1.97821087e-03, -2.61911564e-02,  1.04343763e-03,
        2.09543481e-02,  1.39592774e-02, -2.04049572e-02,  5.28057525e-03,
       -1.21223163e-02, -1.61202543e-03, -1.91477258e-02,  1.49280308e-02,
        7.05141900e-03, -2.43264288e-02, -1.24046160e-02,  6.22091396e-03,
        1.42990681e-03,  7.15252524e-03,  7.91838113e-03,  1.50231738e-02,
       -9.13927052e-03,  9.88602173e-03, -2.44385488e-02,  5.89565607e-03,
       -1.49613712e-02, -7.37244915e-03, -2.02592909e-02, -7.66372820e-03,
       -2.53113490e-02, -2.26026401e-03,  4.55707358e-03,  1.74828526e-03,
       -2.33777147e-02, -2.68783397e-03,  5.00249618e-04, -3.98752186e-03,
       -8.78283288e-03, -1.05898743e-02, -1.27193443e-02, -1.04705663e-02,
        2.70495340e-02,  1.43415928e-02, -5.00064855e-03, -7.61488744e-04,
        1.33859180e-02, -9.48475953e-03, -8.53960402e-03, -1.57701503e-02,
       -8.56833905e-03,  1.42493763e-03, -2.47333944e-03, -2.74566207e-02,
       -1.21312588e-02, -2.54072621e-02,  4.95450164e-04, -6.22971030e-03,
       -2.47640386e-02, -2.11588945e-02,  6.20281650e-03, -1.73553601e-02,
        1.04351202e-02, -1.92878246e-02,  6.73276896e-04, -1.60513092e-02,
       -3.86812550e-04,  1.63203739e-02,  3.72874876e-03, -1.05756866e-02,
        1.26322790e-03, -1.88967008e-02,  1.21991402e-02, -4.62236255e-03,
       -5.08894632e-03,  1.46459779e-02, -9.71048791e-03, -9.95557103e-03,
       -1.71266049e-02, -8.41454603e-05, -2.14499272e-02, -1.10249929e-02,
       -4.81027924e-03,  1.20267309e-02, -2.65208744e-02, -1.20221060e-02,
       -1.16095794e-02, -6.07251562e-03,  8.13123712e-04, -4.53956379e-03,
       -1.14845233e-02, -1.22729819e-02, -6.72900211e-03, -2.01092400e-02,
        9.43803694e-03, -3.22452490e-03,  1.64799672e-02, -7.87578709e-03,
       -1.84048060e-02,  1.84831303e-02, -1.77021764e-04, -1.94154829e-02,
       -1.98390633e-02, -7.47631257e-03, -1.27452309e-03, -1.01511255e-02,
        9.61752981e-03, -8.63351580e-03, -6.03913609e-03, -6.94437651e-03,
       -2.48399028e-03, -2.04758924e-02, -1.24083310e-02, -6.81026140e-03,
        6.96379226e-03, -2.38267495e-03,  2.12697648e-02, -2.32349690e-02,
       -1.77833904e-02, -4.09747445e-04,  1.88049453e-03, -2.11126008e-03,
       -2.36425661e-02, -2.67916713e-02, -2.00311430e-02,  6.32431265e-03,
        6.13481738e-03, -3.25900433e-03, -8.23680684e-03, -1.07256621e-02,
        1.35144005e-02, -2.56624650e-02, -2.43687537e-02, -1.54839670e-02,
       -8.85112677e-03,  7.71593396e-03,  1.09951841e-02, -1.93646066e-02,
       -3.03206313e-03, -1.85687020e-02,  1.97200831e-02, -7.68209156e-03,
       -4.89746826e-03, -3.97683913e-03,  1.60767511e-02, -8.94098636e-03,
        1.45382695e-02, -1.04262875e-02,  2.30422127e-03, -1.13923801e-02,
       -8.16984382e-03, -1.14517156e-02, -1.83843616e-02, -1.89487915e-02,
       -9.42827947e-03,  7.07449531e-03, -1.02620590e-02,  3.55589529e-03,
       -2.25895233e-02,  9.53956228e-03, -3.69339040e-03,  1.58010330e-02],
      dtype=float32), 'encoder.fc.6.weight': array([[-0.02923107, -0.02261035, -0.00083521, ..., -0.02012196,
        -0.01376772, -0.03912143],
       [ 0.03595683,  0.03696433,  0.04698652, ...,  0.03440074,
        -0.03713635,  0.02854808],
       [-0.01279094, -0.01664276, -0.03149592, ..., -0.00408668,
         0.0249099 , -0.04462503],
       ...,
       [ 0.01498613, -0.04338915,  0.02267443, ..., -0.02591257,
         0.01986841,  0.04060132],
       [ 0.02541739, -0.00990672,  0.00738628, ...,  0.00757045,
         0.00173747,  0.04139072],
       [-0.0242463 ,  0.02647466,  0.02177538, ...,  0.01302062,
        -0.02868569,  0.02419164]], dtype=float32), 'encoder.fc.6.bias': array([ 0.01904937, -0.00082876, -0.02704451, -0.00091867, -0.02075282,
       -0.03388277,  0.02573909,  0.03046554,  0.01475619, -0.03309435],
      dtype=float32), 'decoder.fc.0.weight': array([[-0.1003857 ,  0.24841706,  0.22949591, ...,  0.10459197,
        -0.02621754,  0.06098257],
       [-0.17482054,  0.16301687, -0.0825519 , ..., -0.20214413,
        -0.05674244, -0.2860812 ],
       [-0.26421842, -0.09784666,  0.01517762, ..., -0.14316979,
        -0.08522513, -0.22630638],
       ...,
       [-0.331147  ,  0.04083309, -0.09897032, ...,  0.23749116,
         0.030329  ,  0.00769803],
       [ 0.16708988, -0.18975244,  0.19551724, ...,  0.04713278,
        -0.27946606, -0.1309951 ],
       [ 0.12301222,  0.08043571, -0.28911266, ...,  0.19237211,
        -0.23257512, -0.11783579]], dtype=float32), 'decoder.fc.0.bias': array([-1.14752680e-01, -4.27798815e-02,  7.85494447e-02, -2.18593866e-01,
        1.13555484e-01,  2.66610205e-01,  2.86096722e-01,  7.84616470e-02,
       -2.43926778e-01,  7.67792314e-02, -2.32636463e-02, -2.50159889e-01,
       -7.72524253e-02,  9.84793901e-02, -1.14539275e-02,  5.03811315e-02,
       -8.14891607e-02,  2.15962697e-02,  1.87105417e-01, -7.76215941e-02,
       -1.49089292e-01,  1.18716568e-01,  1.88953821e-02, -1.15192778e-01,
        2.11341932e-01,  1.82920337e-01,  1.57523990e-01,  1.84075475e-01,
       -1.14691548e-01,  8.17464069e-02,  2.28783146e-01, -6.10155165e-02,
        2.34960809e-01, -2.48598829e-01,  2.08082184e-01, -1.02477856e-01,
        8.43903571e-02,  3.07036012e-01, -1.64214700e-01, -2.87094563e-01,
       -2.09403664e-01,  1.11026570e-01, -2.53658205e-01,  7.76167363e-02,
        3.19399357e-01, -1.71336122e-02, -7.63709769e-02,  2.18576640e-01,
        2.58170605e-01,  7.22792791e-03, -2.56748706e-01, -2.52732515e-01,
       -6.65978715e-02,  1.35593891e-01, -1.20454982e-01, -3.42685282e-02,
        2.66356707e-01,  3.05237591e-01, -2.01006293e-01, -1.08434036e-01,
       -1.49018526e-01,  2.33301464e-02, -9.37089697e-02,  1.63190886e-01,
        3.14606577e-01,  2.28310272e-01,  7.00085014e-02, -7.63655975e-02,
       -2.28206262e-01, -2.44544506e-01,  1.95747226e-01,  1.80559486e-01,
       -8.48647356e-02,  5.76152131e-02, -2.34909579e-01,  2.85104185e-01,
        1.80058911e-01,  3.00881773e-01, -5.42810792e-03, -9.83957276e-02,
        3.11236773e-02, -2.84594774e-01,  1.13492280e-01,  2.01716572e-01,
        2.26124942e-01, -1.47584751e-01,  2.98203379e-01, -1.47457644e-01,
        2.45629370e-01, -1.34799764e-01, -2.77681556e-02, -3.09549958e-01,
       -2.58071758e-02, -1.44496679e-01, -5.81447296e-02, -7.29070883e-03,
        4.09264769e-03, -1.56892464e-01, -1.72857404e-01,  3.05660933e-01,
        2.36878589e-01, -2.24365801e-01, -1.86420754e-01, -3.03912491e-01,
        1.40267953e-01, -2.10620001e-01,  9.09048039e-03,  4.39016223e-02,
       -8.69315192e-02, -2.17082933e-01,  5.82641177e-02,  6.31419271e-02,
       -6.16738424e-02,  7.77313411e-02, -8.38581845e-02,  5.71807809e-02,
        2.43128799e-02,  2.01673970e-01,  1.24199845e-01,  1.53235853e-01,
        2.41495430e-01, -7.92276859e-02,  1.90877199e-01,  1.83171004e-01,
       -9.49300975e-02,  6.06123134e-02, -1.98290008e-03,  2.20440999e-01,
        2.95528993e-02, -6.20817617e-02, -9.64665413e-02, -2.57981986e-01,
       -4.04412858e-02,  1.75900668e-01, -2.94546872e-01, -2.78298348e-01,
       -1.58261478e-01, -1.25746503e-01, -3.04555863e-01, -1.37881756e-01,
       -6.20349124e-02,  1.19051807e-01, -9.32016596e-02, -2.10051518e-03,
        1.90623879e-01,  2.50494510e-01, -1.86078116e-01,  2.22100616e-01,
        2.74111867e-01, -6.62690997e-02, -2.21428648e-01,  2.64561534e-01,
        1.39493812e-02, -1.14493184e-01,  2.82475501e-01,  2.67045230e-01,
        3.05446357e-01, -2.14118972e-01,  1.65978089e-01, -2.47190833e-01,
        1.12452544e-01, -1.09491855e-01,  1.91330254e-01, -2.60124449e-02,
        1.94915459e-01, -8.24866518e-02,  1.76447451e-01,  9.57216024e-02,
        3.19361329e-01, -7.27744550e-02, -2.67791390e-01, -3.10094357e-01,
       -6.61651641e-02,  2.57337660e-01,  3.17742079e-01,  2.19997808e-01,
       -1.67677701e-01,  1.37930244e-01, -1.70893952e-01, -2.51836598e-01,
       -4.00676504e-02, -1.13073997e-01,  2.94597983e-01,  9.14088562e-02,
       -2.26724893e-01,  1.33639231e-01,  9.07938555e-03,  2.15572566e-01,
        2.31776759e-01,  7.57777467e-02, -2.21119657e-01,  5.62921725e-02,
        2.59428501e-01, -3.15062940e-01, -1.92763269e-01,  1.80498451e-01,
        1.60788953e-01,  7.22860992e-02,  9.95500088e-02,  2.55517781e-01,
        2.96180040e-01, -1.10395685e-01,  2.72309259e-02,  2.56735414e-01,
       -2.12588042e-01,  2.32823923e-01,  1.25705436e-01,  4.97347824e-02,
       -7.75084198e-02, -1.11189680e-02,  1.62954867e-01,  1.51136070e-01,
        7.92288855e-02, -1.86422527e-01, -6.59205439e-03, -3.05167645e-01,
       -2.06600025e-01,  1.15077540e-01,  4.52651680e-02,  2.34449938e-01,
        1.06517904e-01, -2.50977129e-01,  7.23173618e-02,  7.63717368e-02,
        1.14270061e-01, -2.35111520e-01,  3.20808053e-01, -1.58327907e-01,
        9.97136533e-02,  2.06614792e-01, -1.32150380e-02,  4.60342690e-02,
        3.23751383e-02,  1.44355774e-01,  2.30035573e-01,  5.36533259e-02,
        5.37967458e-02,  2.01916859e-01,  2.75858883e-02,  3.16180103e-02,
       -1.34608299e-01,  1.45798177e-01,  1.25772163e-01,  1.75555959e-01,
        2.10353985e-01,  1.65993527e-01, -1.30996212e-01,  8.89938027e-02,
        2.53435850e-01,  2.58830786e-01, -1.55084491e-01, -1.51398763e-01,
        3.01141571e-03,  1.08885355e-01,  1.57098926e-04,  1.80199161e-01,
        1.42365336e-01, -2.90112495e-01, -8.32892116e-03,  2.02379510e-01,
       -1.62476785e-02, -1.54941127e-01, -3.04552138e-01, -1.52204335e-01,
        3.94121073e-02, -1.71515107e-01,  2.17957109e-01, -2.36347422e-01,
        1.16394065e-01,  2.42213402e-02, -6.70016045e-03,  2.05910668e-01,
       -2.00224370e-02, -2.55964190e-01,  8.35153982e-02, -2.52834231e-01,
       -2.13095192e-02,  2.96572804e-01, -1.71457738e-01,  1.25969306e-01,
       -2.59191781e-01, -1.88377202e-01,  2.64337007e-02,  1.03478044e-01,
       -1.18630910e-02, -2.33831797e-02, -1.26172990e-01, -2.28866786e-01,
        1.27156779e-01, -2.32327148e-01,  1.64578129e-02,  2.87153870e-01,
        1.95707634e-01,  2.53049970e-01, -1.87792480e-01,  1.71705246e-01,
       -1.04413360e-01, -2.13152155e-01,  1.93963781e-01,  2.77646005e-01,
        6.33581355e-02,  5.96717410e-02,  5.17963693e-02, -1.64414838e-01,
        2.72454053e-01, -7.94535056e-02,  1.13115562e-02,  2.32112527e-01,
        2.04110239e-02,  5.88967875e-02,  5.41672967e-02, -1.35693595e-01,
        2.97939688e-01, -1.23344392e-01, -5.78403510e-02,  2.52938211e-01,
        1.60189345e-01, -1.37995526e-01,  1.50235653e-01, -1.83264241e-01,
        2.80340821e-01, -2.64244288e-01,  1.74309745e-01,  8.64481404e-02,
       -2.35483870e-01,  1.43413574e-01, -9.86547843e-02, -2.51574032e-02,
       -2.94918567e-01,  7.82422870e-02,  1.17616318e-01,  2.31223866e-01,
       -1.45354539e-01, -2.92717963e-02,  1.73595220e-01,  4.79407422e-02,
        2.37754241e-01, -2.57108599e-01,  2.72002995e-01,  2.84680337e-01,
        2.23665938e-01, -8.86049792e-02,  1.78326264e-01, -2.93158025e-01,
        2.16768637e-01,  5.97690493e-02, -5.32590151e-02,  1.04591593e-01,
       -5.42893000e-02, -1.13988332e-01, -1.06952213e-01, -9.97960716e-02,
        1.85950160e-01, -5.72909340e-02, -2.79150784e-01,  7.06715956e-02,
        2.31277999e-02, -1.05046570e-01,  2.52274096e-01, -1.82571068e-01,
        1.62264571e-01, -1.97600693e-01, -1.53606758e-01,  2.23342314e-01,
       -7.45313466e-02,  2.50513196e-01, -1.33582741e-01, -1.73042774e-01,
        2.82990456e-01,  8.44915435e-02, -2.47326925e-01, -2.03407019e-01,
       -2.24848948e-02, -3.02563701e-02,  2.60064632e-01, -3.20309430e-01,
       -5.56171872e-02,  4.90117483e-02,  1.01853244e-01, -4.62344512e-02,
        1.63312703e-02, -2.28724867e-01,  2.26141199e-01,  1.26963288e-01,
        1.60480350e-01,  2.16773391e-01,  1.52584454e-02,  6.96854591e-02,
       -2.76268214e-01, -9.20080394e-03,  2.20424272e-02,  2.71712065e-01,
       -1.51005685e-01, -1.35457665e-01,  2.17480108e-01,  2.05952227e-01,
        2.40125850e-01, -1.59797788e-01, -3.03158998e-01,  2.78114021e-01,
       -3.08355838e-01, -7.21676052e-02,  1.37283623e-01,  3.75018120e-02,
       -1.37114480e-01, -2.69502938e-01, -2.83823013e-01, -2.07437471e-01,
       -1.12931002e-02,  1.77010149e-01, -3.00182641e-01, -2.82272488e-01,
       -1.87666737e-05,  3.02330386e-02, -7.65953138e-02, -1.12881646e-01,
        2.52389014e-01,  2.46550903e-01,  1.69459417e-01,  2.83446878e-01,
       -4.90293466e-02, -8.19576904e-02,  8.25426802e-02,  2.43842959e-01,
        2.63872836e-02,  1.35885835e-01, -2.01378018e-01,  8.96670818e-02,
       -2.03005806e-01,  9.86563973e-03,  3.08014244e-01, -1.66708872e-01,
        1.32307872e-01, -1.31894857e-01, -1.90034047e-01,  2.36127362e-01,
       -1.49093509e-01, -2.07818866e-01, -1.51061714e-01,  2.03363448e-01,
       -3.43549997e-02, -2.96130538e-01, -3.14026475e-02,  1.63114056e-01,
       -2.76996344e-01, -4.93937209e-02, -1.98176846e-01,  2.72056788e-01,
       -2.33202621e-01, -2.14531794e-01, -2.47532025e-01, -2.12669730e-01,
       -2.43888885e-01,  1.93060309e-01, -2.84082256e-02, -4.24180515e-02,
        2.40352556e-01, -1.11397400e-01, -2.16578290e-01,  8.85659531e-02,
       -1.36043414e-01, -6.42423630e-02, -2.56805897e-01, -2.67561406e-01,
        2.86280304e-01,  3.59413698e-02,  1.07009463e-01,  2.42595881e-01,
        1.32009268e-01, -2.72643924e-01,  2.47635961e-01, -2.82029092e-01,
       -1.86957061e-01,  2.64934927e-01, -1.04256094e-01, -4.82506156e-02,
       -5.36962077e-02,  2.21185684e-01,  3.17248762e-01,  1.35294795e-01,
       -1.31451815e-01,  2.98825085e-01,  1.67909443e-01, -2.64924616e-01,
       -4.17459905e-02, -1.00519001e-01, -1.68748990e-01, -3.08292836e-01,
       -1.84125500e-03,  3.19183201e-01, -2.85384178e-01, -2.22379774e-01,
       -1.50329739e-01,  2.45979965e-01, -2.23968610e-01, -6.14069402e-02,
       -2.03599796e-01,  2.81052768e-01,  2.87773430e-01,  2.90294159e-02],
      dtype=float32), 'decoder.fc.2.weight': array([[-0.0319008 ,  0.02189929, -0.04806236, ...,  0.03737392,
        -0.0477412 ,  0.02987823],
       [ 0.0295311 , -0.01171797, -0.04029321, ..., -0.00998141,
         0.01878153,  0.00808813],
       [ 0.04122538, -0.04668234, -0.00245301, ...,  0.05781755,
         0.02844597,  0.01565821],
       ...,
       [ 0.03698582, -0.02605958, -0.02414888, ...,  0.04353871,
        -0.03532407,  0.01001841],
       [ 0.01294751, -0.00724995, -0.0303881 , ..., -0.0178276 ,
         0.03272347,  0.01563246],
       [-0.00891038,  0.01216699,  0.00841256, ..., -0.01489667,
        -0.00218192, -0.0101908 ]], dtype=float32), 'decoder.fc.2.bias': array([ 0.01442219,  0.02860776,  0.03327276, ..., -0.01041021,
       -0.03724737, -0.03401266], dtype=float32), 'decoder.fc.4.weight': array([[-0.02614191,  0.02196752,  0.001619  , ..., -0.01222604,
         0.00969928, -0.0100804 ],
       [-0.01560868, -0.01310138, -0.00384043, ..., -0.01464203,
        -0.01681342, -0.01816607],
       [ 0.00381632,  0.00781637, -0.01120479, ..., -0.00601416,
         0.01176371, -0.01988127],
       ...,
       [-0.01425465,  0.00588425,  0.01555835, ..., -0.00800955,
        -0.00993151, -0.02540672],
       [ 0.01622326,  0.01206225,  0.04360328, ...,  0.00526835,
        -0.01252092,  0.01333129],
       [-0.01750079,  0.00225689,  0.01814116, ...,  0.00157168,
         0.01936072, -0.01147312]], dtype=float32), 'decoder.fc.4.bias': array([-1.68088675e-02, -2.38599312e-02, -2.74737589e-02, -2.51272414e-03,
        1.56157780e-02,  1.20377382e-02, -9.95021965e-03,  2.48750835e-03,
        1.70804700e-03,  2.43052244e-02, -1.09789576e-02,  1.40728243e-03,
       -8.19357461e-04, -1.24566425e-02,  1.02300439e-02, -2.44120718e-03,
       -1.78135820e-02, -1.72577668e-02, -6.89878967e-03,  4.90615424e-03,
        1.69954076e-02, -7.52775138e-03,  3.91663192e-03,  9.96727217e-03,
        8.21719784e-03, -5.28006256e-03,  1.73085742e-02, -7.49033503e-03,
        2.25399602e-02, -2.28792038e-02, -2.58228201e-02,  1.40032088e-02,
        2.06407104e-02, -1.63309742e-02,  2.11173156e-03,  8.64087977e-03,
       -2.16516666e-02,  7.85359927e-03,  1.00819226e-02,  1.83649233e-03,
       -7.07718777e-03, -2.06823535e-02, -1.48588791e-02, -1.43686328e-02,
        2.82624383e-02, -1.34986099e-02, -2.59368923e-02,  1.63296796e-02,
       -1.00906231e-02, -1.63964145e-02, -1.12901311e-02,  1.77517887e-02,
        1.29738757e-02, -2.63912808e-02, -2.58019902e-02,  2.04787496e-02,
        2.81340033e-02, -1.67477224e-02, -1.00991838e-02, -9.21062194e-03,
       -6.13230979e-03,  2.38472200e-03,  4.83448245e-03,  2.92440727e-02,
       -1.12109846e-02,  2.30704667e-03,  1.21442722e-02, -8.48811679e-03,
        5.50975790e-03, -2.56717205e-02, -2.20948923e-02, -9.65778809e-03,
        1.49387326e-02,  2.13906821e-02,  8.39168392e-03, -1.99330854e-03,
        2.67363302e-02,  2.26239152e-02, -6.22572517e-03, -1.32572290e-03,
        1.62407886e-02, -4.95512318e-03, -2.64185537e-02, -1.88280945e-03,
        1.47715267e-02, -2.25889608e-02, -7.34889880e-03, -1.77073106e-02,
       -2.63036210e-02, -5.22146409e-04, -3.96567164e-03, -3.15481192e-03,
        2.19460241e-02,  3.09815127e-02, -1.38936844e-02, -1.30809657e-02,
       -7.99145363e-03,  5.31760044e-03,  2.31957156e-03, -1.47531694e-02,
        2.88054068e-02, -4.48443880e-03,  1.20163821e-02, -2.16238648e-02,
        1.91635527e-02,  1.54696377e-02, -1.06901610e-02,  1.09263090e-02,
        1.92868384e-03,  2.91077923e-02,  5.04257856e-03,  4.95868642e-03,
        7.83806760e-03,  5.00145415e-03, -4.27627703e-03,  2.30712648e-02,
       -4.03346401e-03, -3.80291906e-03,  2.82323384e-03,  1.03643918e-02,
       -1.87576264e-02,  1.74412690e-03, -8.44606664e-03,  1.56846307e-02,
       -1.85499247e-03,  9.15445574e-03, -2.75294986e-02,  2.94000544e-02,
       -1.65168177e-02,  3.01312171e-02,  9.65193100e-03,  5.65753877e-03,
        5.93967782e-03,  7.94700906e-03, -5.55321155e-03, -1.09764487e-02,
       -1.02493688e-02,  1.97291980e-03,  6.03245245e-03,  3.30192521e-02,
       -8.51209834e-03,  1.01561667e-02,  7.55802589e-03,  6.57299859e-03,
        2.31903009e-02, -1.24487123e-02, -8.72178841e-03, -1.52690895e-03,
       -1.08597823e-03,  2.83096675e-02,  4.15933225e-03,  3.82090011e-03,
        2.10605077e-02,  1.37636336e-02, -3.90921626e-03,  2.62522441e-03,
       -2.01948714e-02,  5.24928095e-03,  1.12923365e-02,  1.69553806e-03,
       -1.07921073e-02, -4.79841232e-03, -2.56118495e-02, -1.83921568e-02,
        9.62024461e-03,  5.63928951e-03,  2.12526647e-03, -1.94485746e-02,
        2.23465380e-03, -1.75914839e-02, -6.35785144e-03, -1.03642838e-02,
        3.49435082e-04, -8.68937373e-03, -2.31256485e-02,  1.73257794e-02,
       -1.46280974e-02, -9.72172432e-03,  3.00541595e-02,  2.44113132e-02,
        1.09319836e-02, -2.00467817e-02,  1.62420422e-02, -2.68856008e-02,
       -2.52256319e-02,  1.17148738e-02, -4.34156647e-03,  5.94328507e-04,
        2.23973561e-02,  2.78592426e-02, -2.32236646e-02,  2.71079466e-02,
        8.85715894e-03, -2.07650810e-02, -2.57560555e-02,  1.10766357e-02,
        2.70501617e-02,  8.37118551e-03,  1.55357048e-02, -1.08206561e-02,
        4.38978616e-03, -1.69654787e-02, -8.17064196e-03,  8.83077830e-03,
        1.49286948e-02, -9.95809585e-03,  7.72353541e-03, -4.65720566e-03,
        2.73372270e-02, -1.33927856e-02, -1.42666288e-02,  2.37347302e-03,
        1.10685760e-02,  1.12820668e-02,  1.12195695e-02,  7.34996796e-03,
        1.13490736e-02, -1.28806038e-02,  4.37213201e-03,  3.36940028e-03,
       -3.91585100e-03,  1.89491771e-02, -1.36724943e-02,  2.34310757e-02,
       -2.30671205e-02, -9.08305030e-03, -1.57514925e-03, -2.10276190e-02,
        3.25151756e-02,  1.48783131e-02,  4.92325809e-04, -1.95178185e-02,
       -2.42755190e-02, -2.13494338e-02, -1.98938083e-02, -2.13051122e-03,
       -1.86017565e-02, -1.97832379e-02, -7.42584234e-03,  1.49158547e-02,
        1.05206780e-02,  1.39234634e-02,  1.33750448e-02,  7.35931937e-03,
       -2.78473664e-02,  2.12171059e-02,  5.00585232e-03, -4.05855710e-03,
        5.33887651e-03,  2.23861579e-02,  1.09727969e-02,  1.04680359e-02,
        9.81561281e-03,  8.17443710e-04,  3.29055749e-02, -1.13497546e-03,
       -1.10522583e-02, -1.57730523e-02,  2.01680921e-02, -2.11076234e-02,
       -7.57412566e-03,  1.27017535e-02,  2.54894979e-03,  7.22949859e-03,
       -1.41312163e-02, -3.29602102e-04, -2.06619967e-02,  7.24096969e-03,
       -1.05484445e-02, -3.96630401e-03, -1.20542208e-02,  5.86078502e-03,
       -8.01530108e-03,  8.10132455e-03,  1.83423664e-02,  2.17991769e-02,
       -1.46836217e-03,  3.32211889e-03, -1.21681904e-02, -2.31430195e-02,
        1.71493122e-03,  5.27133700e-03, -2.00249832e-02, -1.58238318e-02,
        9.87007562e-03,  1.22075593e-02,  2.88580405e-03,  7.91375991e-03,
       -1.83913615e-02, -8.74357484e-03, -9.60717723e-03,  2.28601766e-05,
        2.43065096e-02,  1.20679447e-02,  2.86458991e-04, -3.65819549e-04,
       -4.07477375e-03,  2.18156148e-02,  3.25761288e-02,  3.15164924e-02,
       -2.44410615e-03, -1.32854339e-02,  1.38946865e-02,  2.36299224e-02,
        2.92711444e-02,  2.32517347e-02, -1.07881278e-02,  7.58878700e-03,
       -1.29643762e-02,  5.00549376e-03, -2.23935507e-02,  9.90696438e-03,
        1.17916986e-03,  1.11798048e-02,  1.31972414e-02, -8.62604193e-03,
       -2.05290914e-02,  1.09115820e-02,  2.48315800e-02,  1.62238106e-02,
       -8.45436100e-03, -2.30286457e-03, -9.44164861e-03, -1.59142967e-02,
       -3.32722836e-03,  2.27018110e-02, -2.57398584e-03, -2.40415670e-02,
       -1.31492745e-02,  1.05811106e-02, -1.46931121e-02,  5.18615358e-03,
       -1.04288822e-02,  1.57162212e-02,  1.87796762e-03, -1.81262530e-02,
       -1.15809990e-02,  1.65761281e-02, -2.45477688e-02, -2.09434256e-02,
       -5.39457891e-03, -7.44498055e-03,  2.02073622e-02, -8.33792705e-03,
        5.73635800e-03,  2.86473602e-04,  1.10031897e-02,  3.26095801e-03,
       -1.98378302e-02,  3.22018638e-02, -1.66987646e-02, -2.35383343e-02,
       -1.55189913e-02, -2.18247864e-02, -1.79384556e-02,  1.34101557e-02,
       -4.54264088e-03, -5.88031719e-03, -8.80830735e-03, -2.33275816e-03,
        1.62284356e-02,  3.71260662e-03,  8.57932027e-03, -7.96126574e-03,
       -3.46102542e-03,  1.23900091e-02, -2.67540421e-02, -2.20134668e-02,
        1.94423515e-02,  9.02601704e-03,  5.19411219e-03,  2.56751589e-02,
        1.57683622e-04, -2.48424169e-02, -2.69355066e-02,  1.88966841e-03,
        2.49239616e-02, -5.11050690e-03, -1.49870124e-02, -1.77248325e-02,
       -8.54003616e-03, -1.43198064e-02, -5.07625099e-03,  4.89530340e-03,
        1.76984910e-02, -1.93099156e-02, -1.11549301e-02, -1.96577311e-02,
        1.49992909e-02, -3.42810201e-03, -1.98647752e-02,  2.69665010e-02,
       -1.02974232e-02,  1.57344863e-02, -2.26621225e-04, -1.99850649e-02,
        4.89541329e-03,  8.63078050e-03,  1.43564744e-02,  6.17880560e-03,
        1.23127205e-02, -1.10241305e-02,  2.20665373e-02,  2.80121863e-02,
       -1.75542273e-02,  1.37187764e-02,  1.46787940e-02, -7.71452254e-03,
       -1.22166064e-03, -2.41071768e-02,  2.77105123e-02, -8.03957041e-03,
        2.57484224e-02,  1.48220062e-02,  1.05171287e-02, -2.62938382e-04,
       -1.62423700e-02, -2.40966659e-02,  6.30844291e-03,  6.30103936e-03,
       -6.17554132e-03, -1.37585653e-02, -1.10116065e-03, -1.41910772e-04,
       -4.82141180e-03,  2.34923931e-03, -5.12656814e-04,  2.51985081e-02,
        1.33770285e-02, -3.15449829e-03, -1.18470304e-02,  9.69524216e-03,
        5.16495947e-03, -1.59662403e-02,  3.48886698e-02,  4.01456933e-03,
       -2.00131964e-02,  2.96154469e-02, -3.15930904e-03,  7.28925876e-03,
        3.80031485e-03, -2.02471968e-02, -1.64157953e-02,  3.35170776e-02,
       -7.04823667e-03, -6.33880962e-03, -2.55433284e-02, -6.38746715e-04,
        2.61400286e-02,  2.76207104e-02,  1.00364629e-02,  1.40248686e-02,
        7.90096540e-03, -1.43305073e-02, -1.92160625e-02, -2.67823208e-02,
       -7.70394411e-03,  5.77208819e-03, -2.18245629e-02,  3.01905220e-05,
        1.12536689e-02, -3.44543345e-03, -2.33912095e-02, -4.53172857e-03,
        2.08999636e-03, -1.81488562e-02,  4.25076904e-03, -3.95627366e-03,
        1.38736647e-02,  2.67700404e-02,  2.34518703e-02, -1.71611570e-02,
        3.18075158e-02, -7.06489198e-03,  1.19138537e-02, -5.46380738e-03,
        7.85795506e-03, -1.63400173e-02,  1.76091329e-03,  6.58529811e-03,
       -9.97826178e-03, -1.64031070e-02, -7.91944284e-03, -2.15976257e-02,
        3.16195376e-02, -8.06927588e-03, -1.47680193e-02, -1.17366295e-02,
       -1.17451027e-02, -2.14007106e-02,  1.21782040e-02, -5.71829872e-03,
       -1.95355490e-02,  4.92341956e-03,  1.16012152e-02, -1.75186452e-02,
       -1.19380224e-02, -1.04261432e-02,  9.44925472e-03, -2.50199344e-02],
      dtype=float32), 'decoder.fc.6.weight': array([[ 0.01762466, -0.01319647,  0.0199351 , ..., -0.03284556,
         0.0401154 , -0.01815649],
       [ 0.00656777, -0.00807683,  0.01931057, ..., -0.02160254,
         0.05269727, -0.0342138 ],
       [ 0.04111482, -0.04522086,  0.01519468, ...,  0.04049136,
         0.01452634,  0.03607081],
       ...,
       [ 0.02220687, -0.02631937,  0.03190309, ...,  0.0190156 ,
        -0.02846927,  0.01016676],
       [-0.01714784,  0.02506824, -0.03731478, ..., -0.01999136,
         0.02465612,  0.04718401],
       [-0.02368373, -0.0111323 , -0.01528948, ..., -0.02858591,
        -0.02616679,  0.01674499]], dtype=float32), 'decoder.fc.6.bias': array([0.00029472, 0.01700928, 0.03621412, ..., 0.01606887, 0.05032256,
       0.02573055], dtype=float32)}
[Time: 27.01.25 20:32:24] [Level: info] [State: aggregate] {'encoder.fc.0.weight': array([[-0.03991804,  0.00362408,  0.00952983, ..., -0.0180515 ,
         0.03168193, -0.0136628 ],
       [ 0.02847866,  0.02371266,  0.01114976, ...,  0.01302852,
        -0.02062033, -0.01962574],
       [-0.01756467, -0.01917112, -0.0126066 , ...,  0.01082435,
        -0.00294961, -0.00866753],
       ...,
       [-0.02225677, -0.04431971, -0.02260442, ..., -0.02060634,
         0.03628565, -0.02407607],
       [-0.00088855,  0.02944567,  0.00078938, ...,  0.01414475,
         0.00184638, -0.02331832],
       [ 0.02195293,  0.0071663 , -0.02537181, ...,  0.00817665,
         0.0076999 ,  0.00739934]], dtype=float32), 'encoder.fc.0.bias': array([-1.80465486e-02, -4.09334227e-02, -2.05097515e-02, -2.46308483e-02,
        1.86507739e-02,  9.11396870e-04, -3.55872419e-03,  7.63453683e-03,
        8.01873568e-04,  9.58164979e-04, -5.62833622e-03,  6.50353497e-03,
       -2.10076701e-02, -2.00382881e-02, -1.95997320e-02,  5.48578741e-04,
       -3.71049158e-02, -2.47550793e-02,  1.48791447e-03,  1.04946643e-03,
        9.38129053e-03,  4.10455279e-03, -3.28134149e-02, -8.24556779e-03,
       -3.81305292e-02, -1.11478418e-02, -1.39512280e-02, -2.04880554e-02,
       -1.82808302e-02,  3.94608919e-03, -2.20936947e-02, -2.92955060e-02,
       -7.62162311e-03, -3.21665406e-02,  4.72811563e-03,  7.46833161e-03,
        1.34666022e-02,  8.17469438e-04, -1.98991597e-02, -1.87072828e-02,
       -2.74852645e-02, -1.36706941e-02,  1.49330832e-02,  1.68853556e-04,
       -3.90283838e-02, -5.03154146e-03,  9.54291376e-04, -1.35391094e-02,
        1.22212814e-02, -2.22687051e-02,  1.13909934e-02, -8.76332447e-03,
       -3.41810025e-02, -1.59969442e-02, -1.16920136e-02, -1.57700628e-02,
       -8.65583215e-03, -1.53173544e-02, -1.23733440e-02, -4.56061289e-02,
       -5.48299309e-03, -1.75929442e-02, -2.32991320e-03, -2.58706436e-02,
       -2.12610271e-02, -2.37738919e-02, -2.54574395e-03, -3.61979827e-02,
       -2.45771538e-02, -4.31454089e-03, -1.46424328e-03, -5.68652526e-03,
       -3.43752578e-02, -1.78755424e-03, -1.48631809e-02, -2.61082072e-02,
        1.71349589e-02, -2.87502594e-02, -3.45705152e-02, -2.72132214e-02,
       -3.59242298e-02, -4.35417145e-02, -2.33465284e-02, -2.27807313e-02,
       -2.28593871e-02, -3.95589545e-02, -7.98709411e-03,  1.47986067e-02,
       -9.24765691e-03,  1.33002223e-02, -3.19514200e-02,  1.93801895e-02,
       -2.73311399e-02, -2.10640691e-02, -1.80460047e-02, -8.18142667e-03,
       -3.26857865e-02, -2.86263861e-02,  8.81786179e-03,  2.78743058e-02,
        8.17846041e-04, -2.76621468e-02, -1.29568335e-02, -3.98372263e-02,
        9.30049177e-03, -2.97539420e-02, -1.55978017e-02, -2.25247052e-02,
        2.74906699e-02, -4.66653332e-03, -8.54641839e-04, -3.63123640e-02,
       -3.64616886e-02, -3.38050164e-02,  3.91581794e-03,  1.78503152e-02,
        2.47744694e-02, -2.27865931e-02, -1.78718884e-02, -8.17511231e-03,
       -3.90479378e-02,  1.45435426e-02, -2.99639851e-02, -4.15463485e-02,
        5.69009036e-03, -3.31333540e-02, -3.62650678e-02, -8.68130568e-03,
        7.41906371e-03, -1.78989880e-02, -1.13482717e-02, -2.01956369e-02,
       -2.07425021e-02, -4.71038371e-02, -4.08733152e-02,  1.69550776e-02,
       -3.00849900e-02, -4.61129807e-02, -3.06041650e-02, -4.31188848e-03,
       -1.85664147e-02, -2.27160305e-02, -2.24168748e-02, -3.20654409e-03,
        5.21449745e-03, -1.36951972e-02, -3.28825861e-02, -3.06030922e-02,
       -2.80979890e-02, -4.70005907e-02,  3.72482976e-03, -4.34661331e-03,
        1.45266550e-02, -2.33078059e-02, -2.44511664e-02, -1.52455959e-02,
       -2.31612176e-02, -4.18491513e-02, -2.84532970e-03, -4.38726600e-03,
        7.83575233e-03,  1.09384917e-02,  6.63771154e-03, -1.60689596e-02,
       -2.49646101e-02, -4.00496498e-02, -3.04453224e-02, -2.06220634e-02,
       -3.83332446e-02, -4.45357189e-02, -2.42208987e-02,  2.05749413e-03,
       -9.62700695e-03, -1.39745064e-02, -3.34344395e-02, -1.74147524e-02,
       -3.27105774e-03, -1.46238646e-02, -2.22476069e-02, -7.41751865e-03,
       -4.32151854e-02,  7.52504449e-03,  1.96444355e-02,  7.09039159e-05,
        5.20781521e-03,  6.75644260e-03, -3.08162067e-03,  6.78277109e-03,
        1.13684090e-03, -3.16487849e-02,  6.51618373e-03,  6.93497760e-03,
        8.88428744e-03,  8.07491131e-03,  3.12645780e-03, -2.52918322e-02,
       -1.09400377e-02,  1.06741972e-02, -1.12946294e-02, -1.03469882e-02,
        8.37686006e-03, -4.50125039e-02, -2.68330928e-02,  7.17509165e-03,
        7.96799641e-03, -3.83131988e-02, -3.29320058e-02, -1.50244124e-02,
       -2.80182138e-02,  1.90859456e-02, -1.81072317e-02, -2.48128409e-03,
       -3.03804548e-03,  6.24688435e-03, -8.24683066e-03, -2.41885297e-02,
       -1.28711667e-02,  1.12041514e-02,  1.04225874e-02, -3.75185460e-02,
       -3.41898426e-02,  1.92056643e-04, -3.99002917e-02, -2.49720421e-02,
       -5.86776715e-03, -4.15378027e-02,  1.12142470e-02,  7.83495605e-03,
       -4.54300381e-02, -1.92198828e-02, -1.42853186e-02,  1.12413231e-03,
        3.67259979e-03, -1.98084023e-02, -2.17450820e-02,  6.65047206e-03,
       -3.31824757e-02,  4.01879195e-03, -3.35925110e-02, -1.91212110e-02,
        3.84364533e-03, -1.31915482e-02, -2.53672637e-02,  5.42172324e-03,
       -3.04663461e-02, -3.53972241e-02, -3.12444568e-02, -3.20356861e-02,
        2.43127393e-03, -1.96098387e-02, -9.26878676e-03, -2.95837391e-02,
       -2.10454501e-02, -2.71733478e-02,  1.83596066e-03,  6.06723735e-03,
       -4.24316823e-02, -9.67657007e-03, -3.30941379e-02, -1.13105122e-02,
       -1.31429229e-02, -2.69892886e-02,  1.59997437e-02, -1.78192966e-02,
       -1.05997156e-02, -3.59387323e-02, -1.81642063e-02, -4.25083563e-02,
        1.29434196e-02, -4.10252102e-02, -4.61558253e-02, -3.63025963e-02,
       -1.93200260e-02, -2.10088417e-02,  8.24124925e-03, -3.03409230e-02,
       -3.34916376e-02,  2.49191113e-02, -5.64574124e-03, -4.15446125e-02,
       -1.14244018e-02, -2.64939629e-02,  4.31670342e-04, -2.73181461e-02,
        4.77337465e-03, -2.60827504e-02, -1.60369705e-02,  1.42437546e-03,
        4.20567533e-03, -9.95601527e-03, -3.30176465e-02, -2.60030366e-02,
       -2.46815830e-02, -3.97012196e-02,  7.15748686e-03, -2.72022337e-02,
        7.18512386e-03, -2.80056312e-03, -2.93571353e-02, -3.89494598e-02,
       -3.76890749e-02, -1.30140409e-02, -3.49667221e-02,  8.74533132e-03,
       -9.12784692e-03, -2.28117332e-02, -1.20038018e-02, -6.67091133e-03,
        4.49592853e-03, -4.94535221e-03,  2.08469899e-03,  3.13686095e-02,
        2.52466043e-03,  9.60963964e-03,  4.94803768e-03, -2.82554459e-02,
       -4.39195633e-02, -3.69218141e-02,  3.32584139e-03, -6.96347933e-03,
       -3.96919101e-02, -1.88443959e-02, -2.26022862e-03, -4.37719524e-02,
       -1.12880636e-02, -8.16141907e-03, -2.63461210e-02, -1.25380503e-02,
       -7.63000315e-03,  7.03511434e-03, -7.62425642e-03,  1.13358945e-02,
       -6.83322176e-03,  2.12952541e-03, -3.15239951e-02,  8.68454017e-03,
       -8.85333458e-04, -3.79507951e-02,  7.85792340e-03, -1.82842016e-02,
       -2.73378529e-02, -8.91296938e-03, -6.67409692e-03,  1.82040094e-03,
        3.11691314e-03, -1.07403402e-03, -3.28382440e-02,  1.01964138e-02,
        1.22233469e-03, -1.42635694e-02, -3.77759561e-02, -1.12358322e-02,
        5.57650486e-03, -9.06996150e-03, -1.18695488e-02, -3.99211086e-02,
        9.15672630e-03, -2.53904033e-02, -1.13507444e-02, -2.84758173e-02,
        1.65000185e-02, -3.79491746e-02, -2.48723831e-02, -3.61346193e-02,
       -3.96197438e-02, -2.90020369e-02, -1.03662489e-02,  9.72512644e-03,
       -8.04585405e-04, -4.19416241e-02, -3.01741827e-02,  1.00394394e-02,
       -6.86168205e-03, -4.82468260e-03, -3.26114856e-02,  7.13181868e-03,
       -5.12604089e-03, -1.81202684e-02, -3.45060788e-03, -5.95134962e-03,
       -1.65055972e-02,  1.00160185e-02, -2.92210486e-02,  8.67728610e-03,
       -1.74024180e-02, -3.07239071e-02, -3.73270623e-02,  9.12353210e-03,
       -1.82995554e-02, -2.83910688e-02, -1.83552876e-02, -2.31772028e-02,
       -4.10766341e-02, -2.29848139e-02, -2.33280892e-03, -3.98589820e-02,
       -3.62259075e-02, -3.08147934e-03, -2.85679065e-02,  7.94033520e-03,
       -2.77653746e-02, -2.72496454e-02, -2.41817404e-02, -1.67537518e-02,
       -4.55337614e-02, -2.11578179e-02, -2.23959703e-02, -6.41468866e-03,
       -2.48125382e-02, -4.32590470e-02, -9.81820934e-03,  9.81038809e-03,
       -2.37715766e-02,  1.54381280e-03, -3.26378383e-02, -3.85673344e-02,
       -2.17923988e-02, -3.12972218e-02, -1.00904901e-03,  4.41587670e-03,
       -9.81287379e-03, -1.01755522e-02, -1.68660209e-02, -6.98612817e-03,
       -1.92870237e-02,  2.72577023e-03, -1.44108720e-02,  1.38415350e-03,
        1.57933347e-02, -1.90443546e-02, -2.96379477e-02, -6.22371212e-03,
       -4.38281614e-03, -1.75583810e-02, -2.85241492e-02,  7.05146417e-03,
       -1.02902809e-03, -2.83333641e-02,  1.15123568e-02, -6.27741357e-03,
       -2.50267964e-02, -7.82646611e-03, -2.90669482e-02, -8.45883787e-03,
       -1.01480559e-02, -5.51950559e-03, -9.04467702e-03,  1.58274956e-02,
       -3.83616947e-02,  1.97499767e-02,  1.45404888e-02,  1.42959272e-03,
       -4.72531319e-02, -2.41569243e-02, -1.90924574e-03, -4.45419922e-02,
       -4.07176390e-02, -3.79363261e-02, -2.52275597e-02, -3.84612083e-02,
       -3.56750451e-02, -2.30085719e-02,  2.54442613e-03,  1.54249184e-03,
       -1.11041181e-02,  2.05290169e-02,  1.02402288e-02, -9.45242494e-03,
        6.91932742e-04, -3.64864133e-02, -4.91308514e-04, -1.97166018e-02,
       -2.49087159e-02, -4.19630483e-02, -3.52890417e-02, -2.63891020e-03,
       -1.36379628e-02, -2.88736541e-02, -2.13485826e-02, -6.06594980e-03,
        1.28517710e-02, -1.12366229e-02, -3.52225192e-02, -3.37073281e-02,
        1.15309954e-02, -4.44482826e-02, -3.25751714e-02, -2.00568270e-02,
       -2.94230389e-03,  3.09801335e-03, -3.12879235e-02, -2.92242095e-02,
       -3.66889313e-02, -1.45528617e-03, -1.47364531e-02, -2.75549963e-02,
       -4.16528713e-03,  4.42203209e-02, -2.08484940e-02, -6.80036470e-03],
      dtype=float32), 'encoder.fc.2.weight': array([[-0.05481466,  0.03890003, -0.11851349, ..., -0.02005595,
        -0.08756661,  0.1142426 ],
       [ 0.03404154, -0.00209675,  0.01380948, ...,  0.02710083,
        -0.13536192,  0.04194153],
       [-0.08966366, -0.10201687, -0.07377727, ..., -0.0435829 ,
        -0.04755004, -0.05138204],
       ...,
       [-0.04952892, -0.0787445 , -0.03642654, ...,  0.0193291 ,
         0.05252003, -0.00056102],
       [-0.04644718,  0.08201389, -0.00768854, ..., -0.07929838,
         0.0319034 , -0.08241695],
       [-0.113997  ,  0.12129548, -0.07372312, ...,  0.02078987,
        -0.06302855,  0.09414284]], dtype=float32), 'encoder.fc.2.bias': array([-0.13218021,  0.02430243, -0.01716005, ...,  0.11105719,
        0.05500364,  0.04686684], dtype=float32), 'encoder.fc.4.weight': array([[-0.00985082, -0.08029072, -0.01228744, ..., -0.0469961 ,
        -0.03167839, -0.07249382],
       [ 0.01305128, -0.03131489, -0.02544821, ...,  0.00239666,
         0.04348499,  0.01303873],
       [ 0.02640207, -0.0474037 , -0.0494738 , ..., -0.01152845,
         0.03133544, -0.05156355],
       ...,
       [-0.07259899,  0.01631008,  0.04541879, ..., -0.02578153,
        -0.01925369, -0.00831765],
       [-0.03938309,  0.01150558,  0.00366901, ...,  0.05182466,
         0.0374517 ,  0.00413807],
       [-0.08138779, -0.01382687,  0.00161857, ..., -0.05588817,
         0.03275359, -0.02455413]], dtype=float32), 'encoder.fc.4.bias': array([-6.15170002e-02, -2.71877982e-02, -9.13034007e-03, -6.00448102e-02,
       -4.92326766e-02, -6.85059726e-02,  5.65805426e-03, -2.77902745e-02,
       -4.94065024e-02, -1.46009373e-02,  2.30541192e-02,  1.90653335e-02,
       -5.86997680e-02, -6.07405156e-02,  1.30508393e-02,  4.97811753e-03,
       -6.77542835e-02, -7.47096539e-03, -2.92543992e-02,  3.98471951e-02,
       -5.37667684e-02, -5.02351150e-02, -5.80839142e-02, -2.75194272e-02,
        2.66636759e-02, -6.36274833e-03,  1.57677662e-02,  5.52195385e-02,
       -1.23151839e-02, -1.05239474e-03,  3.50578614e-02, -1.20818522e-02,
        2.48600263e-02, -2.34723873e-02, -3.57944220e-02, -5.10520227e-02,
        1.13674328e-02,  3.13172936e-02,  1.53872008e-02,  4.12196442e-02,
        3.29543017e-02,  3.61266397e-02,  4.08691093e-02,  5.16190846e-03,
        4.61032949e-02,  5.04573807e-03, -5.35887480e-02,  6.02439865e-02,
        1.95416752e-02, -5.10598719e-02,  6.06885329e-02, -4.17098552e-02,
        9.65633616e-03,  4.61003929e-03, -5.53851612e-02, -2.97859441e-02,
        3.35748568e-02,  5.78857474e-02, -4.11889050e-03,  5.44328243e-02,
        4.83724661e-02,  2.84695253e-03,  1.33506823e-02,  2.66269352e-02,
       -3.76135409e-02, -1.39848311e-02,  3.80253908e-03, -2.54286490e-02,
       -1.95551198e-04,  3.98525745e-02,  4.33618128e-02, -7.78404400e-02,
        3.50069394e-03,  4.82136048e-02, -2.95338500e-02,  1.45198777e-02,
       -5.51786311e-02, -5.40013425e-04, -4.85949293e-02,  3.65135930e-02,
        4.22716998e-02,  2.98769549e-02, -8.45386088e-03, -4.93578613e-02,
       -6.63798973e-02,  2.12601386e-02, -9.70162451e-03, -6.78493530e-02,
       -6.99237585e-02,  2.44948044e-02, -5.18753640e-02,  3.59272142e-03,
       -6.15933277e-02, -1.62137188e-02,  3.73978876e-02, -2.22578458e-02,
        2.44193338e-02, -7.88813308e-02,  5.65180294e-02, -3.91945839e-02,
        3.28373127e-02,  4.99357767e-02,  3.14440876e-02, -5.36974845e-03,
       -1.65969320e-02,  2.96720956e-02, -3.10517885e-02, -3.01782545e-02,
       -5.54079227e-02,  5.80318868e-02,  7.67161930e-03,  2.84444988e-02,
        1.75027717e-02, -5.68297431e-02,  1.16596818e-02, -3.76048833e-02,
        4.07113461e-03,  1.62755186e-03,  5.06193675e-02, -3.22224386e-03,
       -7.15879574e-02, -1.47972852e-02, -6.34517074e-02, -2.50894055e-02,
       -6.42669052e-02,  1.16594108e-02, -9.42756422e-03, -3.65175530e-02,
        4.13775109e-02,  1.89205036e-02, -2.62645707e-02,  6.75792620e-02,
       -2.60651335e-02, -6.67031407e-02,  4.83320095e-02,  1.20957964e-03,
        3.28017622e-02,  1.35437679e-02, -6.16070107e-02,  2.32124198e-02,
       -8.07552859e-02, -6.08324409e-02, -5.27412668e-02, -1.48852142e-02,
        1.40610365e-02,  2.12451518e-02,  4.45537865e-02,  5.75731024e-02,
        2.34697647e-02, -1.20672435e-02, -4.18821722e-02,  1.94835365e-02,
        4.62552905e-02,  1.00363409e-02, -6.55767333e-04, -5.25971875e-02,
       -2.34353505e-02,  4.72186916e-02,  8.99367500e-03, -8.85492191e-03,
       -4.24575526e-03, -6.77560419e-02,  4.28798422e-02, -2.10028812e-02,
       -1.48996254e-02, -4.19027731e-02,  4.89815138e-02, -7.90520236e-02,
       -3.05461697e-02,  3.08538526e-02,  5.16486242e-02,  7.09340069e-03,
       -7.10059702e-02,  4.02579904e-02,  4.01511788e-02, -3.51497158e-03,
        1.76770296e-02,  2.14030594e-02, -5.30939884e-02,  2.12623412e-03,
       -5.98727986e-02, -4.08203006e-02, -5.25703132e-02,  3.69981974e-02,
        4.09777053e-02,  3.48438919e-02, -3.35510038e-02,  4.72819060e-02,
       -4.99972180e-02,  3.49327549e-02, -3.24932151e-02, -3.57763730e-02,
       -7.28019048e-03,  5.01893926e-03, -4.33708653e-02,  1.74000151e-02,
        1.75658874e-02,  2.93992087e-02,  6.39255904e-03, -3.32526527e-02,
       -6.40970767e-02, -6.90217875e-03, -3.81174050e-02, -7.03940317e-02,
        3.77539024e-02,  5.07333726e-02, -4.59290035e-02, -1.47788357e-02,
       -2.62179933e-02,  3.07089556e-03,  4.60816473e-02,  3.61690633e-02,
        3.91108841e-02,  3.64176109e-02,  5.77751063e-02,  6.46142662e-02,
       -6.56546801e-02, -7.66520798e-02, -1.11118527e-02, -6.87886477e-02,
       -2.71445028e-02,  4.25620712e-02, -1.33295925e-02, -5.11171520e-02,
        5.10900654e-02,  3.48846465e-02,  4.91136499e-02, -9.96894855e-03,
       -6.24515004e-02,  6.71728048e-04, -3.31263691e-02,  3.63899618e-02,
        2.63150316e-02,  2.01949161e-02,  4.27075475e-02,  8.98652989e-03,
       -2.49971095e-02, -4.16547693e-02,  1.86013207e-02,  9.87107959e-03,
       -5.26465941e-03,  5.02206907e-02,  2.45389491e-02, -2.61522476e-02,
       -7.90071711e-02,  1.41890664e-02,  2.43051667e-02,  4.47892956e-02,
        1.97975878e-02,  2.97523364e-02, -1.27966311e-02,  1.69910304e-02,
       -6.84829354e-02,  5.23147434e-02,  9.42295138e-03, -6.26795441e-02,
       -4.14439738e-02,  3.88752599e-03, -7.64106363e-02, -5.55301607e-02,
        1.85637660e-02,  1.50633380e-02, -1.70383900e-02, -6.11864924e-02,
       -1.07762869e-02, -3.68417567e-03, -2.45225076e-02, -5.04659563e-02,
       -2.41222810e-02,  5.55245131e-02, -1.07771922e-02,  2.27311328e-02,
       -2.60805171e-02,  3.17229778e-02,  3.79575789e-02, -3.76074947e-02,
       -4.94547188e-02, -5.64828590e-02, -3.50818597e-02,  4.10911255e-03,
        3.52584384e-02, -1.00391507e-02, -6.59810230e-02, -6.33537099e-02,
       -7.31350109e-02, -6.78239539e-02, -3.25888544e-02, -6.96747378e-02,
       -2.89809667e-02, -2.56239921e-02,  3.52401398e-02, -9.52980295e-03,
       -3.54990959e-02,  2.12853774e-04, -5.18763065e-02,  1.01173278e-02,
        4.11437228e-02,  5.35693616e-02,  4.31700721e-02,  3.94016057e-02,
        7.33167166e-03, -4.42617871e-02, -3.04810591e-02, -1.52869034e-05,
       -4.91625518e-02, -6.99587017e-02, -1.99684687e-02, -4.04376984e-02,
       -7.78423399e-02,  8.32299516e-03,  2.92385481e-02,  5.43188723e-03,
        2.28932016e-02, -4.15904298e-02, -6.82929065e-03, -1.45972776e-03,
        4.25499156e-02, -4.73634750e-02, -8.11463073e-02,  4.21623550e-02,
        7.01201558e-02,  4.37107775e-03, -3.68650560e-03, -5.11823930e-02,
       -1.00221373e-02, -4.56533544e-02, -2.88283862e-02, -6.10780343e-02,
       -1.94599573e-02, -5.50112277e-02, -9.16671753e-03, -3.96894440e-02,
       -4.66360115e-02,  2.38106214e-02, -5.42892143e-02, -1.18902167e-02,
        2.01982185e-02, -5.30478060e-02, -5.69763407e-02,  4.52055186e-02,
       -4.89694765e-03,  9.23223328e-03, -7.79978335e-02,  8.44072923e-03,
        5.81911057e-02,  6.31657690e-02, -6.41335845e-02,  2.87385602e-02,
       -3.92625779e-02,  1.17378905e-02, -6.55172542e-02,  3.02186906e-02,
        4.12022183e-03, -7.59635717e-02, -5.24450243e-02,  2.31454391e-02,
        2.13399227e-03,  1.08877588e-02,  2.53214985e-02,  4.87778336e-02,
       -1.15900747e-02,  2.67500170e-02, -7.15668052e-02,  1.91380251e-02,
       -4.19826396e-02, -3.16424668e-02, -6.18757904e-02, -1.14848688e-02,
       -7.30178058e-02, -2.64636055e-02, -6.73276698e-03, -8.52626190e-03,
       -5.66642657e-02,  1.08374865e-03, -3.41072772e-03, -2.05205455e-02,
       -4.08609249e-02, -2.77700052e-02, -4.43820171e-02, -4.82034348e-02,
        6.22336194e-02,  4.59374040e-02, -3.75922630e-03, -6.67777890e-03,
        4.30585220e-02, -2.06308812e-02, -2.85208989e-02, -6.06373996e-02,
       -2.28009261e-02,  1.46025256e-03, -2.17833323e-04, -8.04689750e-02,
       -3.94272543e-02, -7.33034089e-02,  4.38856985e-03, -1.13490075e-02,
       -7.83716217e-02, -5.84579781e-02,  1.86085626e-02, -3.55052277e-02,
        3.27581652e-02, -5.14633320e-02,  3.88107309e-03, -4.25381809e-02,
        2.89941614e-04,  5.32824732e-02,  3.41217313e-03, -2.26067919e-02,
       -1.39885573e-02, -5.57857901e-02,  2.41082776e-02, -6.84002414e-03,
       -9.98483784e-03,  4.53889817e-02, -3.04287635e-02, -2.53585950e-02,
       -4.84799519e-02, -3.21636582e-03, -6.58070296e-02, -2.68306099e-02,
       -1.15453331e-02,  5.47951646e-02, -7.66357407e-02, -1.39910076e-02,
       -5.18063642e-02, -2.11487468e-02, -2.95937993e-03, -3.74282524e-02,
       -3.77134345e-02, -3.39152217e-02, -1.37483682e-02, -5.49420565e-02,
        3.12223174e-02, -1.17726522e-02,  4.79014143e-02, -1.50537761e-02,
       -7.11909235e-02,  4.91248518e-02, -1.32007506e-02, -5.15551716e-02,
       -5.38925827e-02, -2.24284548e-02,  5.23305219e-03, -2.15875078e-02,
        2.16234401e-02, -3.94943208e-02,  4.13883198e-03, -2.42652223e-02,
       -1.03744306e-02, -6.53788745e-02, -5.81576675e-02, -1.62903368e-02,
        2.24531107e-02, -6.07463531e-03,  5.35943173e-02, -7.89816007e-02,
       -7.03118294e-02,  1.76849030e-03,  8.54601245e-03, -2.56318636e-02,
       -5.11945561e-02, -7.84830302e-02, -6.19067736e-02,  2.37732716e-02,
        8.44386686e-03,  5.87553810e-03, -3.59578952e-02, -2.34233364e-02,
        6.42585009e-02, -6.05449602e-02, -7.01862201e-02, -4.64525931e-02,
       -3.97776067e-02,  2.60461047e-02,  5.00285812e-02, -4.30341475e-02,
       -1.20317740e-02, -5.88147379e-02,  5.47190458e-02, -3.41621786e-02,
       -1.61436312e-02, -1.11144157e-02,  4.69244681e-02, -2.23106071e-02,
        3.13040130e-02, -4.82805036e-02,  7.42493197e-04, -3.55897583e-02,
       -3.70892249e-02, -4.04446535e-02, -5.66034392e-02, -7.11451098e-02,
       -5.90158161e-03,  2.26757489e-02, -4.51911762e-02, -1.25816260e-02,
       -5.75732104e-02,  1.10315299e-02,  1.55143649e-03,  4.10944298e-02],
      dtype=float32), 'encoder.fc.6.weight': array([[-0.09059531, -0.06928206,  0.0141404 , ..., -0.0470869 ,
        -0.03426327, -0.10121294],
       [ 0.1087722 ,  0.11034421,  0.12052357, ...,  0.09858045,
        -0.11983189,  0.07178876],
       [-0.04127483, -0.06330902, -0.07550354, ..., -0.00218891,
         0.08119818, -0.12049557],
       ...,
       [ 0.04786023, -0.11678667,  0.05297881, ..., -0.09065247,
         0.04883075,  0.10953128],
       [ 0.07915428, -0.0521289 ,  0.00625758, ...,  0.0061803 ,
        -0.00342557,  0.10847199],
       [-0.07564077,  0.06604328,  0.08110791, ...,  0.04698979,
        -0.07538782,  0.08840221]], dtype=float32), 'encoder.fc.6.bias': array([ 0.07308859, -0.01654257, -0.06696142,  0.01296492, -0.04698907,
       -0.104652  ,  0.07091697,  0.07693116,  0.02891148, -0.0838325 ],
      dtype=float32), 'decoder.fc.0.weight': array([[-0.29263374,  0.7233572 ,  0.71653825, ...,  0.28685778,
        -0.09721683,  0.2263949 ],
       [-0.5198674 ,  0.4434604 , -0.23291081, ..., -0.60585535,
        -0.23560084, -0.89192474],
       [-0.76962614, -0.304231  ,  0.06229879, ..., -0.43093148,
        -0.29270148, -0.7109271 ],
       ...,
       [-0.95424795,  0.06191172, -0.32069647, ...,  0.71411777,
         0.15183434, -0.00477787],
       [ 0.52104163, -0.54202646,  0.60330427, ...,  0.1907889 ,
        -0.855917  , -0.4400043 ],
       [ 0.38235667,  0.19963609, -0.86850584, ...,  0.5378952 ,
        -0.682775  , -0.37688407]], dtype=float32), 'decoder.fc.0.bias': array([-2.98048586e-01, -1.45233735e-01,  2.56246716e-01, -6.99568748e-01,
        2.76177198e-01,  7.98699319e-01,  8.53329301e-01,  1.92409381e-01,
       -7.59137213e-01,  2.81568706e-01, -5.50791547e-02, -7.71571517e-01,
       -2.28649884e-01,  2.30438590e-01, -5.37461266e-02,  1.17249563e-01,
       -2.14429274e-01,  2.88375691e-02,  5.58159411e-01, -2.11782679e-01,
       -4.16220069e-01,  3.43031824e-01,  1.05241753e-01, -3.72004479e-01,
        6.32842541e-01,  5.73666215e-01,  4.79139894e-01,  5.65139890e-01,
       -3.36018294e-01,  2.78646082e-01,  6.76214933e-01, -1.81158945e-01,
        6.64133549e-01, -7.91091323e-01,  6.21422589e-01, -3.08307648e-01,
        2.52045989e-01,  8.90775919e-01, -5.64890504e-01, -8.51539373e-01,
       -6.40368104e-01,  2.93199956e-01, -7.57872343e-01,  2.46210352e-01,
        9.68661547e-01, -2.48358808e-02, -2.07106948e-01,  6.61952317e-01,
        7.49097407e-01,  6.37220070e-02, -8.03733826e-01, -7.58061290e-01,
       -2.49179810e-01,  4.29033697e-01, -3.36942136e-01, -8.60480666e-02,
        7.76419699e-01,  9.08613801e-01, -6.06299937e-01, -3.25151682e-01,
       -4.39391106e-01,  7.63921216e-02, -2.29338527e-01,  4.85385954e-01,
        9.55031633e-01,  6.76359475e-01,  2.19412819e-01, -2.12198675e-01,
       -6.96984053e-01, -6.75380290e-01,  5.88672638e-01,  5.36707520e-01,
       -2.45427012e-01,  1.25207186e-01, -7.50381291e-01,  8.47384453e-01,
        5.40102363e-01,  8.81674170e-01,  1.49038378e-02, -3.09032977e-01,
        7.37403482e-02, -8.60464275e-01,  3.24475646e-01,  5.73707104e-01,
        6.69317245e-01, -4.52453732e-01,  8.74089479e-01, -4.80143249e-01,
        7.51070917e-01, -4.00038064e-01, -9.66235027e-02, -9.13573027e-01,
       -2.97534596e-02, -4.64153767e-01, -1.50239095e-01,  8.11561849e-03,
       -3.70151922e-02, -4.67215776e-01, -5.05934417e-01,  9.32193875e-01,
        6.82042062e-01, -7.08994508e-01, -5.19959211e-01, -8.78359437e-01,
        4.23374891e-01, -6.07194006e-01,  2.37878831e-03,  6.26168698e-02,
       -2.32341349e-01, -6.79903150e-01,  1.91086605e-01,  1.16097383e-01,
       -1.84553996e-01,  2.25530267e-01, -2.81255007e-01,  2.02131361e-01,
        1.10186145e-01,  5.57482362e-01,  3.35520834e-01,  4.23308551e-01,
        7.21638262e-01, -1.95191473e-01,  5.36897302e-01,  5.43454766e-01,
       -3.22639525e-01,  1.42449379e-01, -3.70383672e-02,  6.60032153e-01,
        8.86955559e-02, -1.77044272e-01, -3.26503783e-01, -7.52267838e-01,
       -1.30594775e-01,  4.75231051e-01, -8.80590200e-01, -8.11879635e-01,
       -4.08105433e-01, -3.78965259e-01, -9.20123219e-01, -4.21401083e-01,
       -1.60623491e-01,  3.36052775e-01, -3.62199366e-01,  5.98344579e-02,
        6.10102415e-01,  7.58477092e-01, -5.59209347e-01,  6.57563984e-01,
        8.32276762e-01, -2.48938590e-01, -6.75212443e-01,  8.09349895e-01,
        5.81037775e-02, -3.19171578e-01,  8.58798385e-01,  7.89687872e-01,
        9.01237369e-01, -6.72755361e-01,  5.07153213e-01, -7.77868211e-01,
        2.76652098e-01, -3.19939673e-01,  5.52245677e-01, -1.32320330e-01,
        5.62816560e-01, -2.90232241e-01,  5.19434214e-01,  3.19719732e-01,
        9.46597934e-01, -2.30954900e-01, -8.22212100e-01, -9.17329192e-01,
       -1.51692659e-01,  7.82958269e-01,  9.73315477e-01,  6.47259235e-01,
       -4.97037321e-01,  4.04485583e-01, -4.69045043e-01, -7.58671939e-01,
       -1.75860494e-01, -3.29155833e-01,  8.66382360e-01,  2.36676902e-01,
       -6.96152925e-01,  3.64255905e-01,  2.54806764e-02,  6.62589669e-01,
        6.87945485e-01,  2.32798576e-01, -6.74077153e-01,  1.53508157e-01,
        7.65346348e-01, -9.22255933e-01, -5.66604614e-01,  5.28828621e-01,
        4.60738659e-01,  1.78736538e-01,  2.82604158e-01,  7.40662217e-01,
        9.05900478e-01, -2.87469089e-01,  8.27673525e-02,  7.74527669e-01,
       -6.36486292e-01,  7.11562693e-01,  3.97474945e-01,  1.52496293e-01,
       -2.22671926e-01, -4.53536436e-02,  5.08543730e-01,  4.20108318e-01,
        2.40358293e-01, -4.89566267e-01, -5.46574825e-03, -8.64430547e-01,
       -6.26291394e-01,  3.13484132e-01,  1.17779478e-01,  7.12364137e-01,
        3.05526942e-01, -7.90664196e-01,  1.85087875e-01,  2.26891816e-01,
        3.22383076e-01, -6.46740019e-01,  9.50410962e-01, -4.81786758e-01,
        2.81013608e-01,  5.83228886e-01,  6.46177027e-03,  1.57890633e-01,
        4.79267091e-02,  4.66063499e-01,  6.84068441e-01,  1.86123401e-01,
        1.26111582e-01,  6.06465757e-01,  1.09317534e-01,  1.05666578e-01,
       -3.80812168e-01,  4.23370540e-01,  3.62286687e-01,  5.13338387e-01,
        6.19003892e-01,  4.84919012e-01, -4.38877761e-01,  2.74780750e-01,
        7.61425912e-01,  7.47810185e-01, -5.51631808e-01, -4.62203681e-01,
        8.18141270e-04,  3.63736689e-01, -4.85106977e-03,  5.37494481e-01,
        4.05387729e-01, -8.73707473e-01, -1.66028328e-02,  5.98102510e-01,
       -6.67614639e-02, -4.97611225e-01, -9.22349274e-01, -5.13830781e-01,
        1.50663868e-01, -5.86521924e-01,  6.38083816e-01, -7.57806659e-01,
        3.32248718e-01,  9.12541226e-02, -1.65939499e-02,  6.23770773e-01,
       -9.13031846e-02, -8.19711447e-01,  2.55064905e-01, -7.89854527e-01,
       -8.38203058e-02,  8.81561279e-01, -4.87065881e-01,  3.61717939e-01,
       -7.95687675e-01, -6.01421356e-01,  6.89056888e-02,  3.31914455e-01,
       -4.80092764e-02, -5.08011207e-02, -3.71164232e-01, -6.62110329e-01,
        4.00957346e-01, -6.83604658e-01,  5.12991995e-02,  8.76602769e-01,
        5.80937028e-01,  7.47455239e-01, -5.76768637e-01,  5.02273321e-01,
       -3.80962372e-01, -6.13726735e-01,  5.60097754e-01,  8.66641343e-01,
        2.07616150e-01,  1.88715026e-01,  1.22768357e-01, -5.44561446e-01,
        8.36391211e-01, -2.18210280e-01,  9.78983417e-02,  6.65588737e-01,
        1.59205403e-02,  2.02962190e-01,  1.66562304e-01, -3.90988469e-01,
        8.99900436e-01, -3.63097906e-01, -1.81914911e-01,  7.46279597e-01,
        4.76282537e-01, -4.34913576e-01,  4.37464178e-01, -5.63191473e-01,
        8.40080023e-01, -7.69419312e-01,  4.89495993e-01,  2.57851541e-01,
       -7.29039133e-01,  4.09148246e-01, -3.32890064e-01, -7.98657238e-02,
       -9.33601260e-01,  2.35424802e-01,  3.24494421e-01,  7.09066093e-01,
       -4.63202357e-01, -8.16982016e-02,  4.88291174e-01,  1.13404751e-01,
        7.08555222e-01, -7.47577548e-01,  8.44384551e-01,  8.71927023e-01,
        6.33552015e-01, -2.75234997e-01,  5.51618457e-01, -8.87514949e-01,
        6.50678813e-01,  1.63768381e-01, -1.51390880e-01,  2.67270267e-01,
       -2.08519131e-01, -3.48622948e-01, -3.25798005e-01, -2.61808693e-01,
        5.27961791e-01, -1.34966835e-01, -8.53257418e-01,  2.43162721e-01,
        1.73197258e-02, -3.59603882e-01,  7.32026041e-01, -4.95380044e-01,
        5.25730968e-01, -6.29538774e-01, -4.47163403e-01,  6.59894049e-01,
       -2.54675001e-01,  7.51912296e-01, -4.42648560e-01, -5.40776134e-01,
        8.37035894e-01,  2.96286553e-01, -7.55314052e-01, -5.96723080e-01,
       -3.28254998e-02, -4.02860828e-02,  7.71986365e-01, -9.47583914e-01,
       -1.66655093e-01,  1.49139360e-01,  3.28581929e-01, -1.70469373e-01,
        2.51997430e-02, -7.11077809e-01,  6.67478561e-01,  3.46343070e-01,
        4.68803972e-01,  6.53435409e-01,  2.78565064e-02,  1.86945543e-01,
       -8.07755709e-01, -5.81692606e-02,  7.76182860e-02,  7.94177175e-01,
       -4.59172726e-01, -4.01988417e-01,  6.45820439e-01,  6.23417020e-01,
        7.41248548e-01, -4.98719215e-01, -9.15628433e-01,  8.29478681e-01,
       -9.57364321e-01, -2.45243222e-01,  4.23037648e-01,  1.42560691e-01,
       -3.72099161e-01, -8.08134377e-01, -8.09608817e-01, -6.47274852e-01,
       -5.73669523e-02,  5.49157381e-01, -8.89036238e-01, -8.24081421e-01,
        9.87704843e-03,  8.45001042e-02, -2.68624306e-01, -3.92364562e-01,
        7.60905266e-01,  7.25884199e-01,  5.35880744e-01,  8.45683813e-01,
       -1.28143698e-01, -2.68053591e-01,  2.06357241e-01,  7.20849335e-01,
        3.17045264e-02,  3.89567673e-01, -5.82752943e-01,  2.99118608e-01,
       -5.86354673e-01, -1.53718963e-02,  9.30706024e-01, -4.60371852e-01,
        3.63283813e-01, -3.79832268e-01, -5.84136009e-01,  7.24346042e-01,
       -4.10257906e-01, -6.28929496e-01, -4.67263371e-01,  6.15320146e-01,
       -1.74105927e-01, -8.92400503e-01, -1.33632779e-01,  4.85156059e-01,
       -7.96409607e-01, -9.78410244e-02, -6.62424445e-01,  8.17103028e-01,
       -7.07384706e-01, -7.06235647e-01, -7.45352387e-01, -6.48658395e-01,
       -7.41383076e-01,  5.80860019e-01, -6.65374175e-02, -8.17541033e-02,
        7.25165367e-01, -3.69385302e-01, -6.68453336e-01,  2.98107743e-01,
       -4.02898312e-01, -2.20915139e-01, -7.46387243e-01, -7.51809001e-01,
        8.64279866e-01,  1.26633942e-01,  3.17092627e-01,  7.12343931e-01,
        4.37755525e-01, -8.38672042e-01,  7.54700303e-01, -8.62626553e-01,
       -5.34185410e-01,  7.78308868e-01, -3.37078810e-01, -1.84134662e-01,
       -2.25973099e-01,  6.31666303e-01,  9.52843130e-01,  4.12390560e-01,
       -4.01036054e-01,  8.64616573e-01,  4.57136899e-01, -8.26237202e-01,
       -1.20337009e-01, -2.77170897e-01, -4.69071925e-01, -8.79728436e-01,
       -4.56915423e-02,  9.63925242e-01, -8.01408887e-01, -6.70801997e-01,
       -4.44460124e-01,  7.30419695e-01, -6.96331859e-01, -1.90624654e-01,
       -6.45204306e-01,  8.24657381e-01,  8.65087569e-01,  4.39019613e-02],
      dtype=float32), 'decoder.fc.2.weight': array([[-0.10482594,  0.05622385, -0.1508499 , ...,  0.13288532,
        -0.13084063,  0.09826405],
       [ 0.0871063 , -0.016379  , -0.06707392, ..., -0.0375866 ,
         0.09861852,  0.04964689],
       [ 0.094349  , -0.13581197,  0.00705721, ...,  0.13383074,
         0.08538156,  0.03577381],
       ...,
       [ 0.09765583, -0.09304823, -0.0606633 , ...,  0.11629021,
        -0.13104801,  0.03174957],
       [ 0.05652383, -0.01211878, -0.09533259, ..., -0.05749825,
         0.10625274,  0.06217969],
       [-0.01428643,  0.04073143,  0.01440756, ..., -0.02492964,
        -0.00639539, -0.00882443]], dtype=float32), 'decoder.fc.2.bias': array([ 0.0689389 ,  0.11093163,  0.07637877, ..., -0.05318557,
       -0.09312411, -0.08986684], dtype=float32), 'decoder.fc.4.weight': array([[-0.05223255,  0.06288649,  0.00847518, ..., -0.02744748,
         0.03671157, -0.00895627],
       [-0.04682605, -0.03930414, -0.0115213 , ..., -0.03359122,
        -0.05044027, -0.0444187 ],
       [ 0.00590003,  0.01681389, -0.04500722, ..., -0.01930911,
         0.02427923, -0.05387702],
       ...,
       [-0.02538253, -0.00210585,  0.05874806, ...,  0.0048743 ,
        -0.02497579, -0.05836681],
       [ 0.0284917 ,  0.05730396,  0.08470874, ...,  0.0078938 ,
        -0.04186758,  0.04190862],
       [-0.05448256,  0.00046648,  0.04952201, ...,  0.01140237,
         0.05502759, -0.01497362]], dtype=float32), 'decoder.fc.4.bias': array([-2.05113292e-02, -6.09523281e-02, -8.38062242e-02, -4.33532521e-02,
        3.82723287e-02,  3.63354832e-02, -3.05476300e-02,  1.15384273e-02,
        1.95040181e-02,  4.95217256e-02, -1.92181114e-02,  1.79105029e-02,
        3.30068134e-02, -2.53476109e-02,  5.35497367e-02, -1.01725999e-02,
       -4.26278897e-02, -5.30859232e-02, -1.51703320e-03,  3.41428258e-02,
        4.63697426e-02, -2.30167285e-02,  1.76008232e-02,  9.83441621e-03,
        1.50750997e-02, -1.58397406e-02,  1.67707764e-02, -2.24259123e-02,
        4.58418354e-02, -5.39931208e-02, -6.00279495e-02,  5.73548153e-02,
        4.76016179e-02, -4.59187068e-02,  4.01164815e-02,  4.01395261e-02,
       -6.48786724e-02,  4.87647504e-02,  2.24019252e-02, -1.96740236e-02,
        1.08572729e-02, -6.70093447e-02, -5.56494594e-02, -4.49407101e-02,
        6.06900156e-02, -5.42724971e-03, -4.78187501e-02,  3.56963873e-02,
       -3.02715804e-02, -4.73015606e-02, -5.20751774e-02,  1.53799728e-02,
        1.92462914e-02, -7.91715011e-02, -4.94359359e-02,  3.37767489e-02,
        4.34572659e-02, -6.73899576e-02, -6.18573762e-02,  1.66794341e-02,
       -9.77386441e-03,  1.78708266e-02,  4.24218103e-02,  6.98332042e-02,
       -2.00989600e-02,  1.99431553e-02,  2.06486396e-02, -2.62505412e-02,
        1.69477016e-02, -7.70153105e-02, -6.14724830e-02,  4.89622355e-04,
        1.02115851e-02,  3.71860042e-02, -9.94661078e-03, -3.04117948e-02,
        6.90096542e-02,  5.59057035e-02, -4.33970205e-02, -3.24298046e-03,
        7.64553770e-02, -4.25035693e-02, -7.19182491e-02,  2.40616370e-02,
        6.18551373e-02, -6.77666739e-02, -3.05419359e-02, -3.63074355e-02,
       -6.04259744e-02, -2.74975430e-02, -5.03435694e-02,  2.09398288e-02,
        7.64192492e-02,  5.81372529e-02, -6.88820407e-02, -4.30870876e-02,
       -1.03431903e-02,  1.59501303e-02,  1.50810815e-02, -4.66985703e-02,
        7.04878047e-02, -1.69822145e-02,  6.96502849e-02, -6.48772269e-02,
        3.18818390e-02,  6.20350949e-02, -2.00520270e-04,  6.01098947e-02,
       -1.54421385e-02,  7.12121204e-02,  7.48349354e-03, -7.20075704e-03,
        4.50700931e-02,  3.15136835e-02, -2.52446951e-03,  5.93330488e-02,
        2.04710215e-02, -2.52512451e-02, -2.32943776e-03,  5.43490686e-02,
       -3.83565277e-02,  4.18578610e-02, -1.32909436e-02,  2.21333560e-02,
       -6.48243446e-03,  1.56899709e-02, -8.26290846e-02,  5.59822321e-02,
       -2.83457562e-02,  5.66996932e-02,  3.18340026e-02,  2.82310881e-02,
       -2.25410834e-02,  1.23551022e-03, -2.24793553e-02, -4.61924896e-02,
       -5.36216386e-02, -1.10515375e-02,  3.83967385e-02,  5.69970608e-02,
       -1.45713873e-02,  4.43693250e-02,  2.27288455e-02,  1.97261702e-02,
        4.59972844e-02, -4.89463136e-02, -3.25390138e-02,  3.07210218e-02,
       -2.73029786e-02,  5.15320301e-02, -1.10653369e-02,  2.61837151e-02,
        4.32599112e-02,  1.31598385e-02, -6.16525067e-03, -2.77067497e-02,
       -4.65487912e-02, -2.37328224e-02,  5.01559600e-02,  6.02709781e-03,
       -8.11417215e-03, -2.80984957e-02, -6.28964156e-02, -5.51787280e-02,
        5.39052393e-03,  4.59414609e-02,  3.27169448e-02, -3.58375236e-02,
       -1.98663608e-03, -5.53539507e-02, -3.14654503e-03, -5.52709140e-02,
       -2.22851392e-02, -8.08984786e-03, -4.98970300e-02,  2.02731695e-02,
       -4.94246334e-02, -3.80766355e-02,  7.10881948e-02,  6.68317080e-02,
        1.40149798e-02, -6.11715689e-02,  1.17741795e-02, -5.32961786e-02,
       -6.62177429e-02,  4.76844236e-02, -2.79491069e-03,  2.49688700e-02,
        3.89447026e-02,  3.90859097e-02, -5.65271080e-02,  4.61504273e-02,
        4.60433364e-02, -6.22952431e-02, -7.14545026e-02,  3.01416479e-02,
        5.98142594e-02,  3.55612440e-03,  6.20527416e-02, -3.05019245e-02,
        1.98326185e-02, -4.97303754e-02, -4.59587835e-02, -1.17513817e-03,
        7.46561736e-02, -3.25844325e-02,  3.88787687e-02, -4.77912202e-02,
        5.15766814e-02, -2.58905534e-02, -4.18280698e-02,  2.31417138e-02,
        9.08252411e-03,  6.38593733e-02,  5.31224832e-02,  4.60580587e-02,
        3.40225026e-02, -2.31536813e-02,  2.93406993e-02,  2.17479374e-03,
       -3.22684012e-02,  4.94880602e-02, -2.17254907e-02,  4.80318554e-02,
       -6.36169910e-02,  3.40951513e-03, -4.14939458e-03, -6.30828291e-02,
        7.69679770e-02,  3.11208852e-02, -2.30780314e-03, -4.19445708e-02,
       -6.51731417e-02, -4.94005978e-02, -5.01837507e-02,  6.12210855e-03,
       -1.95022114e-02, -2.28310712e-02, -2.34938832e-03,  4.47428562e-02,
        4.37076576e-02,  8.24910123e-03,  4.25007790e-02, -6.20677508e-03,
       -8.35426301e-02,  5.45427278e-02, -1.56082800e-02, -1.82021726e-02,
        8.39917641e-03,  3.04038003e-02,  4.25588712e-03,  6.70887679e-02,
        2.17040088e-02,  2.47941818e-02,  8.30685943e-02, -4.25442355e-03,
       -6.66485131e-02, -4.73193899e-02,  4.09978852e-02, -4.31453288e-02,
       -4.77477834e-02,  3.74940746e-02,  2.99532507e-02,  1.72364637e-02,
       -6.38092160e-02, -1.18982112e-02, -6.08128980e-02,  3.20641603e-03,
       -2.40809247e-02, -3.85019220e-02, -3.46325301e-02,  1.75881311e-02,
       -1.69749949e-02,  5.51872551e-02,  3.37192044e-02,  4.49983180e-02,
       -2.99076065e-02,  3.95146012e-02, -4.71932739e-02, -5.38517721e-02,
        2.26567383e-04,  1.74742453e-02, -4.59807739e-02, -7.04096034e-02,
        4.65833917e-02,  2.36964691e-02, -1.35639962e-02,  2.06893161e-02,
       -4.25342731e-02, -5.17709777e-02, -2.35908553e-02,  3.69314360e-03,
        4.11696509e-02,  2.63115074e-02, -2.15444341e-02, -1.18540656e-02,
       -3.88358673e-03,  2.72762980e-02,  6.34958446e-02,  5.04647903e-02,
        2.46423818e-02, -3.98577489e-02,  6.25789389e-02,  3.37509140e-02,
        7.03615695e-02,  5.95631115e-02, -3.95283997e-02,  4.23510373e-02,
       -2.36054603e-02,  3.72238271e-02, -6.33969158e-02,  4.59977686e-02,
        4.21012053e-03,  3.35422046e-02,  7.00397566e-02, -1.85825266e-02,
       -4.54667397e-02,  2.40496919e-03,  7.35025480e-02,  4.33764532e-02,
       -3.41808572e-02,  2.44218726e-02,  2.22077873e-03, -5.81202507e-02,
       -4.03455570e-02,  2.95535643e-02,  8.26913398e-03, -4.05318812e-02,
       -3.83086503e-02,  3.39102186e-02, -1.86902732e-02,  3.10510937e-02,
       -3.15275043e-02,  5.06488942e-02,  1.62410382e-02, -4.27644923e-02,
       -5.12390621e-02,  3.00312266e-02, -6.31127059e-02, -7.46561363e-02,
       -5.82525693e-03, -1.14330593e-02,  4.02954370e-02, -1.15553364e-02,
       -4.13121516e-03,  4.56117876e-02,  5.20384163e-02, -1.34809455e-02,
       -5.63635863e-02,  6.31505847e-02, -5.05412370e-02, -6.25089034e-02,
       -5.45405746e-02, -7.58579448e-02, -5.94834462e-02,  1.39928414e-02,
       -1.84034109e-02, -1.35185570e-02, -3.72298695e-02, -4.56691999e-03,
        6.23200089e-02,  2.76445448e-02,  4.10915725e-02, -1.56771876e-02,
       -1.80556104e-02,  5.13387248e-02, -8.02598149e-02, -6.60359636e-02,
        3.73590626e-02, -9.24246013e-03,  4.02931646e-02,  5.77152483e-02,
       -4.63717151e-03, -4.17859182e-02, -5.51132262e-02,  1.23799965e-02,
        6.52878582e-02, -3.62373479e-02, -3.50435525e-02, -4.79845330e-02,
       -1.19072217e-02, -3.66121083e-02, -7.15778209e-03,  9.43853520e-04,
        4.17420045e-02, -5.99708296e-02, -7.36162812e-03, -5.94060495e-02,
        6.33810386e-02,  7.13670021e-03, -5.67599423e-02,  4.73463573e-02,
       -3.11263297e-02,  5.65106198e-02,  3.14234011e-02, -7.05678836e-02,
        2.06429232e-02,  4.69901338e-02,  6.43609464e-02,  1.56330112e-02,
        4.57761623e-03, -7.10804714e-03,  6.61996156e-02,  6.52531236e-02,
       -4.04921547e-02,  4.64130268e-02,  5.81689291e-02, -3.89257865e-03,
        2.69064866e-02, -6.17212206e-02,  6.38937801e-02, -5.51305637e-02,
        5.86669967e-02,  3.11817322e-02,  5.24582341e-02, -7.92431820e-04,
       -3.57808471e-02, -5.78964129e-02, -1.73708461e-02, -2.11449759e-03,
       -1.15279071e-02, -1.81502420e-02,  1.56084988e-02,  1.16594909e-02,
       -2.43007317e-02,  3.86570729e-02,  1.04164742e-02,  4.82148603e-02,
        5.86223044e-02,  6.37548137e-03, -2.91798338e-02,  2.78517641e-02,
        1.50613347e-02, -2.12493278e-02,  7.43476003e-02, -1.33985179e-02,
       -5.86495176e-02,  7.22574443e-02, -1.69280916e-02,  2.25475151e-03,
       -2.33515166e-05, -4.34863642e-02, -5.20182475e-02,  7.31183514e-02,
       -1.69781912e-02, -2.23147012e-02, -7.57087618e-02,  1.40717300e-02,
        4.40046266e-02,  5.20814285e-02,  3.98193346e-03,  7.28323311e-02,
        3.94667573e-02, -3.35716717e-02, -6.61505684e-02, -5.31251431e-02,
        8.30801670e-03,  3.18408245e-03, -3.34926285e-02,  2.08033063e-02,
        1.24570634e-02,  2.20471080e-02, -5.79404905e-02, -5.87670952e-02,
        4.73419158e-03, -3.63338143e-02, -2.92760739e-03, -7.95586407e-03,
        2.14067996e-02,  6.04702607e-02,  6.50460422e-02, -5.24646007e-02,
        6.95353150e-02, -1.67295244e-02,  6.77696392e-02, -1.63914226e-02,
        3.79695781e-02, -1.17355464e-02, -6.59504626e-03,  4.89644753e-03,
       -2.07416341e-02, -2.68454701e-02, -2.28947699e-02, -6.42611384e-02,
        6.37432486e-02, -2.43839398e-02, -4.74785641e-02, -4.55140322e-02,
       -2.46775579e-02, -7.43378475e-02,  3.55435442e-03, -7.54312240e-03,
       -3.33424956e-02,  3.36233117e-02,  5.71715161e-02, -5.02009019e-02,
       -5.14972582e-02, -9.75095201e-03,  1.47182923e-02, -5.83190024e-02],
      dtype=float32), 'decoder.fc.6.weight': array([[ 0.04391402, -0.04463855,  0.03905512, ..., -0.12841393,
         0.10654815, -0.05440672],
       [ 0.00093739, -0.02021405,  0.03648817, ..., -0.10140748,
         0.14489862, -0.12855607],
       [ 0.1135534 , -0.12723431,  0.02457953, ...,  0.0793988 ,
        -0.00857309,  0.08999105],
       ...,
       [ 0.09804812, -0.07107224,  0.09612377, ...,  0.06973381,
        -0.11012102,  0.02452017],
       [-0.0936581 ,  0.07897597, -0.12086362, ..., -0.06510432,
         0.05899054,  0.174316  ],
       [-0.06284683, -0.02561942, -0.046293  , ..., -0.06478196,
        -0.1243254 ,  0.07393645]], dtype=float32), 'decoder.fc.6.bias': array([-0.00798944, -0.00904042,  0.10405726, ...,  0.09719606,
        0.07746228,  0.11865488], dtype=float32)}
[Time: 27.01.25 20:32:24] [Level: info] [State: aggregate] Updating global model...
[Time: 27.01.25 20:32:24] [Level: info] [State: aggregate] GOAE(
  (encoder): Encoder(
    (fc): Sequential(
      (0): Linear(in_features=10564, out_features=500, bias=True)
      (1): ReLU()
      (2): Linear(in_features=500, out_features=2000, bias=True)
      (3): ReLU()
      (4): Linear(in_features=2000, out_features=500, bias=True)
      (5): ReLU()
      (6): Linear(in_features=500, out_features=10, bias=True)
    )
  )
  (decoder): Decoder(
    (fc): Sequential(
      (0): Linear(in_features=10, out_features=500, bias=True)
      (1): ReLU()
      (2): Linear(in_features=500, out_features=2000, bias=True)
      (3): ReLU()
      (4): Linear(in_features=2000, out_features=500, bias=True)
      (5): ReLU()
      (6): Linear(in_features=500, out_features=10564, bias=True)
    )
  )
)
[Time: 27.01.25 20:32:24] [Level: info] [State: aggregate] Broadcasting model...
[Time: 27.01.25 20:32:24] [Level: info] transition: compute
[Time: 27.01.25 20:32:25] [Level: info] state: compute
[Time: 27.01.25 20:32:25] [Level: info] [State: compute] ITERATION 2
[Time: 27.01.25 20:32:25] [Level: info] [State: compute] receiving weights...
[Time: 27.01.25 20:32:25] [Level: info] [State: compute] Loading global weights for model...
[Time: 27.01.25 20:32:25] [Level: info] [State: compute] Updated model with received weights.
[Time: 27.01.25 20:32:25] [Level: info] [State: compute] Loading data...
[Time: 27.01.25 20:32:25] [Level: info] [State: compute] Preparing model training...
[Time: 27.01.25 20:32:25] [Level: info] [State: compute] Training model...
127.0.0.1 - - [27/Jan/2025 20:32:26] "GET /api/status HTTP/1.0" 200 158
[CTRL] GET /data
127.0.0.1 - - [27/Jan/2025 20:32:33] "GET /api/data HTTP/1.0" 200 58363374
[Time: 27.01.25 20:32:34] [Level: info] [State: compute] Epoch 50, Loss: 1.7092373371124268
/usr/local/lib/python3.8/site-packages/sklearn/cluster/_kmeans.py:1416: FutureWarning: The default value of `n_init` will change from 10 to 'auto' in 1.4. Set the value of `n_init` explicitly to suppress the warning
  super()._check_params_vs_input(X, default_n_init=10)
[Time: 27.01.25 20:32:34] [Level: info] [State: compute] Saving model and decoder...
[Time: 27.01.25 20:32:34] [Level: info] [State: compute] Sent updated weights to coordinator.
[Time: 27.01.25 20:32:34] [Level: info] transition: aggregate
[Time: 27.01.25 20:32:35] [Level: info] state: aggregate
[Time: 27.01.25 20:32:35] [Level: info] [State: aggregate] Waitig for local models...
127.0.0.1 - - [27/Jan/2025 20:32:36] "GET /api/status HTTP/1.0" 200 157
127.0.0.1 - - [27/Jan/2025 20:32:38] "GET /api/status HTTP/1.0" 200 157
127.0.0.1 - - [27/Jan/2025 20:32:40] "GET /api/status HTTP/1.0" 200 157
127.0.0.1 - - [27/Jan/2025 20:32:42] "GET /api/status HTTP/1.0" 200 157
127.0.0.1 - - [27/Jan/2025 20:32:44] "GET /api/status HTTP/1.0" 200 157
127.0.0.1 - - [27/Jan/2025 20:32:46] "GET /api/status HTTP/1.0" 200 157
127.0.0.1 - - [27/Jan/2025 20:32:48] "GET /api/status HTTP/1.0" 200 157
127.0.0.1 - - [27/Jan/2025 20:32:50] "GET /api/status HTTP/1.0" 200 157
127.0.0.1 - - [27/Jan/2025 20:32:52] "GET /api/status HTTP/1.0" 200 157
[CTRL] POST /data
127.0.0.1 - - [27/Jan/2025 20:32:54] "POST /api/data?client=fb39426e1af73b82&memo=GATHERROUND2 HTTP/1.0" 200 0
[CTRL] POST /data
127.0.0.1 - - [27/Jan/2025 20:32:54] "POST /api/data?client=492af3544f49e697&memo=GATHERROUND2 HTTP/1.0" 200 0
[Time: 27.01.25 20:32:54] [Level: info] [State: aggregate] {'encoder.fc.0.weight': array([[-0.04624052, -0.00030489,  0.00473674, ..., -0.02197037,
         0.02530502, -0.01685328],
       [ 0.02518467,  0.01598794,  0.01125042, ...,  0.00983663,
        -0.02168659, -0.02040978],
       [-0.02269037, -0.01179766, -0.00525258, ...,  0.01782992,
        -0.00766776, -0.00269537],
       ...,
       [-0.01465955, -0.04040309, -0.02003404, ..., -0.01904517,
         0.04644221, -0.02099488],
       [-0.00675676,  0.03766962,  0.00788264, ...,  0.02217706,
        -0.00490037, -0.01747906],
       [ 0.01444711, -0.00080194, -0.03431377, ...,  0.0009345 ,
         0.00704496,  0.00291056]], dtype=float32), 'encoder.fc.0.bias': array([-1.36533529e-02, -4.47654463e-02, -1.47441225e-02, -2.00458169e-02,
        1.86538324e-02,  1.02906721e-02, -1.19105317e-02,  3.26484791e-03,
       -3.53224319e-03, -3.42015247e-03, -1.34959826e-02,  1.27707757e-02,
       -1.92912221e-02, -2.49297302e-02, -2.22876333e-02, -1.34792994e-03,
       -4.34776470e-02, -2.50909831e-02,  8.26439448e-03, -6.18558377e-03,
        8.08668789e-03,  7.72645511e-03, -3.98965776e-02, -1.46806762e-02,
       -3.65719572e-02, -9.73324385e-03, -8.83478764e-03, -2.45240256e-02,
       -2.64278408e-02,  4.74279001e-03, -1.38598979e-02, -3.77708599e-02,
       -1.25941085e-02, -3.80310118e-02, -1.90428094e-04,  8.91743600e-03,
        1.19961251e-03,  4.06001555e-03, -1.36649115e-02, -1.16291540e-02,
       -3.36325876e-02, -2.29574069e-02,  1.41245369e-02, -6.00448158e-03,
       -4.82416302e-02,  2.63310340e-03, -4.75046039e-03, -1.55179063e-02,
        1.09061366e-02, -2.38972809e-02,  5.17492276e-03, -1.35810403e-02,
       -2.86822021e-02, -2.19699387e-02, -1.60388201e-02, -2.04627793e-02,
       -7.77472230e-03, -1.84876099e-02, -2.12081429e-02, -4.97436412e-02,
        3.76481120e-03, -2.35914793e-02, -5.95067581e-03, -3.28565314e-02,
       -2.02592444e-02, -3.34332176e-02, -3.96914722e-04, -3.74543369e-02,
       -3.03634498e-02,  9.66831017e-03, -9.52986162e-03, -7.94530846e-03,
       -4.21882346e-02,  4.53629717e-03, -2.28722021e-02, -1.92684289e-02,
        5.96250081e-03, -2.21729521e-02, -4.15552519e-02, -2.79534552e-02,
       -4.40110564e-02, -3.80197056e-02, -3.40064019e-02, -2.81018838e-02,
       -1.40827894e-02, -3.77741754e-02, -3.01345880e-03,  1.84631590e-02,
       -1.00422688e-02,  1.50436582e-02, -4.00355980e-02,  1.38032408e-02,
       -3.41499969e-02, -2.63828188e-02, -1.35712214e-02, -1.35968244e-02,
       -3.97237875e-02, -2.81214956e-02,  1.20492559e-03,  3.04820873e-02,
       -4.01848136e-03, -2.72518396e-02, -4.55199787e-03, -4.74010035e-02,
        1.65707022e-02, -2.51673535e-02, -2.08561048e-02, -3.20119970e-02,
        2.41658632e-02, -1.28557896e-02, -6.92181429e-03, -2.92059556e-02,
       -4.63450626e-02, -2.76738089e-02, -4.32028482e-03,  1.56427734e-02,
        3.33391875e-02, -2.77706217e-02, -1.38573619e-02, -3.07480618e-03,
       -3.54076922e-02,  1.80303119e-02, -3.56274955e-02, -5.05077280e-02,
        1.41289886e-02, -2.98156925e-02, -2.93144584e-02, -2.93506845e-03,
        1.07351039e-03, -1.76298488e-02, -1.17456112e-02, -2.35530399e-02,
       -2.02243943e-02, -5.71947396e-02, -4.09695730e-02,  2.24246345e-02,
       -2.42483765e-02, -5.00892289e-02, -3.87729667e-02,  6.96252938e-03,
       -2.14117244e-02, -1.37211196e-02, -3.05386744e-02,  2.15685274e-03,
        9.68708564e-03, -1.95144154e-02, -3.15891132e-02, -3.87708806e-02,
       -3.47400755e-02, -4.37716432e-02, -3.99469398e-03, -1.09819891e-02,
        1.61660183e-02, -8.46671965e-03, -1.58095900e-02, -1.19048022e-02,
       -1.94767509e-02, -3.46025750e-02, -9.17746313e-03, -1.54115334e-02,
        8.10306240e-03,  2.75701890e-03,  8.06812569e-03, -1.40959788e-02,
       -1.82628613e-02, -5.21950759e-02, -3.72743681e-02, -2.80593131e-02,
       -4.53924015e-02, -4.77978811e-02, -1.94759909e-02, -4.03080927e-03,
       -1.85865106e-03, -1.60263088e-02, -3.08657885e-02, -2.53444370e-02,
        4.83139418e-03, -1.74333137e-02, -2.45526265e-02, -1.06370514e-02,
       -4.28453237e-02, -4.04639140e-04,  2.86037680e-02,  4.92464192e-03,
       -7.92061386e-04, -1.43313734e-03, -6.59945799e-05, -4.21361485e-03,
        9.29908454e-03, -3.54710817e-02,  4.75627865e-04,  7.10563152e-04,
        1.88301262e-02,  4.76473710e-03,  3.46715748e-03, -3.40311043e-02,
       -1.51153263e-02,  1.08209858e-02, -1.78891104e-02, -1.21723404e-02,
        5.92116779e-03, -5.33911586e-02, -2.69285291e-02,  3.18860449e-03,
        5.00103598e-03, -4.64540273e-02, -3.32359262e-02, -8.99902359e-03,
       -3.53837647e-02,  1.40628340e-02, -1.36354836e-02,  4.22455696e-03,
       -1.05984211e-02,  4.25443146e-03, -3.05980747e-03, -2.88599879e-02,
       -2.25861818e-02,  1.70951542e-02,  9.03859362e-03, -2.93944087e-02,
       -3.40240151e-02,  3.80180986e-03, -4.71410304e-02, -3.30718309e-02,
       -1.37247033e-02, -3.50632407e-02,  1.16409892e-02,  2.94573314e-04,
       -5.06337062e-02, -1.65014919e-02, -6.03079237e-03,  1.29672978e-02,
        1.15948701e-02, -2.80507095e-02, -2.89012343e-02,  2.93671293e-03,
       -3.44916210e-02,  1.63899525e-03, -2.50363834e-02, -2.49894187e-02,
       -3.72545514e-03, -8.42243433e-03, -2.96283159e-02, -2.00476381e-03,
       -2.93127690e-02, -4.20435965e-02, -3.87358926e-02, -2.33132429e-02,
       -8.43033474e-03, -2.63968799e-02, -1.05712591e-02, -2.36555878e-02,
       -2.56177224e-02, -3.44024263e-02,  1.10805989e-03,  7.62425736e-03,
       -5.02305180e-02, -1.41336471e-02, -3.43761146e-02, -1.85130574e-02,
       -2.52187420e-02, -1.94296334e-02,  1.97357107e-02, -2.53645051e-02,
       -4.81703598e-03, -2.84706056e-02, -1.02379424e-02, -4.90610301e-02,
        6.61407458e-03, -4.01191600e-02, -5.46124801e-02, -4.09681611e-02,
       -8.00222624e-03, -2.68190112e-02,  1.38693778e-02, -3.92562561e-02,
       -2.69346833e-02,  2.08236407e-02, -8.43451358e-03, -4.86548170e-02,
       -1.95998885e-02, -3.27649154e-02,  1.03607057e-02, -2.10240502e-02,
       -3.75988311e-04, -3.37344334e-02, -2.36527454e-02,  3.66300903e-03,
        7.30022090e-03, -1.70482416e-02, -4.03785706e-02, -2.62879003e-02,
       -3.29183377e-02, -3.84573117e-02,  8.95522628e-03, -1.78793203e-02,
        9.10146441e-03, -1.05236545e-02, -2.16918942e-02, -4.43008617e-02,
       -2.97140665e-02, -1.87795721e-02, -3.53022851e-02,  1.12746246e-02,
       -1.06332228e-02, -1.61851551e-02, -1.95937064e-02, -1.21932924e-02,
        1.16615398e-02,  1.55273662e-03,  9.58261173e-03,  2.38044746e-02,
       -5.40270004e-03,  1.38535677e-02,  1.40944328e-02, -2.94470154e-02,
       -4.41011377e-02, -3.47903185e-02,  2.65277852e-03, -5.71903214e-03,
       -4.97643091e-02, -2.60155238e-02,  1.06658030e-03, -3.69456969e-02,
       -9.06490162e-03, -6.81296969e-03, -3.14657837e-02, -1.21011045e-02,
        8.08164943e-04, -1.89361861e-03, -1.38013680e-02,  1.69421528e-02,
       -3.32854083e-03, -6.03145361e-03, -4.04733643e-02,  2.63027265e-04,
       -8.35865363e-03, -4.71185111e-02,  4.68940343e-05, -2.38059536e-02,
       -2.60084532e-02, -1.80393718e-02, -1.00042624e-02, -6.06312230e-03,
        9.74055100e-03, -9.64023275e-05, -4.01554927e-02,  3.55137722e-03,
        5.80143090e-03, -2.00771559e-02, -2.92271357e-02, -3.79356579e-03,
       -2.06621201e-03, -5.44214156e-03, -1.27568720e-02, -4.75966297e-02,
        2.26233853e-03, -2.05410104e-02, -1.75977983e-02, -2.03063842e-02,
        1.22513417e-02, -4.61690277e-02, -3.21243741e-02, -3.77066918e-02,
       -4.76658791e-02, -2.53997408e-02, -9.70081054e-03,  3.68618150e-03,
       -8.63665994e-03, -4.25742343e-02, -3.62820290e-02,  6.12525828e-03,
        3.14294919e-03, -1.21622682e-02, -4.08821665e-02, -7.25187070e-04,
       -1.27794622e-02, -9.39807668e-03, -1.10161696e-02, -1.14858272e-02,
       -2.47953925e-02,  7.34487316e-03, -3.54301408e-02,  1.41384667e-02,
       -9.89115797e-03, -2.50444598e-02, -4.28591073e-02,  1.71739701e-02,
       -8.04654602e-03, -3.30996327e-02, -1.09204873e-02, -2.87371967e-02,
       -4.24314700e-02, -2.48509366e-02, -9.78388637e-03, -2.98995394e-02,
       -3.44410129e-02,  1.54609524e-03, -2.37523913e-02,  1.07802022e-02,
       -3.25352065e-02, -3.47590037e-02, -1.86117906e-02, -2.58374587e-02,
       -5.15194722e-02, -2.30689906e-02, -2.25784741e-02, -4.35256865e-03,
       -1.81292854e-02, -4.69718724e-02, -1.77645348e-02,  2.04190910e-02,
       -2.84605660e-02,  2.52530631e-03, -3.38357277e-02, -4.83391657e-02,
       -2.71685179e-02, -4.07168120e-02, -5.40905073e-03,  4.38907323e-03,
       -8.07756931e-03, -1.05570005e-02, -2.16382258e-02, -1.49987424e-02,
       -2.12389026e-02,  9.05549899e-03, -8.34323000e-03,  4.71671112e-03,
        6.29185513e-03, -1.84694268e-02, -3.37857120e-02,  2.01284420e-03,
       -1.12177161e-02, -2.68826936e-03, -2.73755901e-02, -2.80449283e-03,
        5.75669575e-03, -2.51233503e-02,  8.91095586e-03, -9.65902396e-03,
       -3.54916081e-02, -1.71435010e-02, -2.58512367e-02, -1.39967678e-02,
       -1.72071457e-02, -7.35272607e-03, -1.74388587e-02,  7.28531089e-03,
       -4.51653711e-02,  1.57686900e-02,  5.24152629e-03,  1.10050500e-03,
       -5.51830754e-02, -3.22697647e-02,  5.66245476e-03, -3.96848135e-02,
       -3.35867442e-02, -4.57543358e-02, -2.78547127e-02, -3.43309715e-02,
       -3.44596319e-02, -1.36758992e-02, -3.69368750e-03, -5.84121794e-03,
       -8.66373535e-03,  1.69100091e-02,  5.20393904e-03, -1.51373902e-02,
        1.10704536e-02, -4.31966893e-02, -3.14713526e-03, -1.61977708e-02,
       -2.95265634e-02, -3.29354219e-02, -4.56257537e-02,  3.77591769e-03,
       -1.44766206e-02, -3.17943916e-02, -1.23756472e-02, -9.79935471e-03,
        9.13484395e-03, -5.43049769e-03, -3.45814638e-02, -3.94216776e-02,
        4.82762512e-03, -4.45229486e-02, -3.33951898e-02, -2.80777514e-02,
       -9.56620090e-03,  1.14944475e-02, -3.80240194e-02, -3.47282887e-02,
       -4.39151488e-02, -6.75070938e-03, -2.02901680e-02, -2.19891835e-02,
       -6.16409350e-03,  4.26838472e-02, -2.71431375e-02, -4.91459202e-03],
      dtype=float32), 'encoder.fc.2.weight': array([[-0.05485997,  0.03885385, -0.11855814, ..., -0.02018913,
        -0.08769131,  0.11418844],
       [ 0.02936047, -0.0094401 ,  0.00578898, ...,  0.02124036,
        -0.1429339 ,  0.03622803],
       [-0.08970831, -0.10206153, -0.07382193, ..., -0.04362755,
        -0.04759469, -0.05142668],
       ...,
       [-0.04957357, -0.07878922, -0.0364717 , ...,  0.01928431,
         0.05247513, -0.00060576],
       [-0.04649183,  0.08196924, -0.00773324, ..., -0.07934308,
         0.03185876, -0.0824616 ],
       [-0.11407688,  0.12125074, -0.07371922, ...,  0.02071966,
        -0.06327119,  0.0940173 ]], dtype=float32), 'encoder.fc.2.bias': array([-0.13222516,  0.01674327, -0.01720473, ...,  0.11101214,
        0.05495896,  0.04678818], dtype=float32), 'encoder.fc.4.weight': array([[-0.00989549, -0.08033537, -0.0123321 , ..., -0.04704075,
        -0.03172303, -0.07253858],
       [ 0.01300661, -0.03135953, -0.02549288, ...,  0.00235199,
         0.04344034,  0.01299382],
       [ 0.0263574 , -0.04744834, -0.04951844, ..., -0.01157311,
         0.0312908 , -0.05160794],
       ...,
       [-0.07264364,  0.01626541,  0.04537414, ..., -0.0258262 ,
        -0.01929836, -0.00836232],
       [-0.03933955,  0.01154606,  0.00371367, ...,  0.0518675 ,
         0.03749485,  0.0040159 ],
       [-0.08143247, -0.01387154,  0.0015739 , ..., -0.05593281,
         0.03270895, -0.02459799]], dtype=float32), 'encoder.fc.4.bias': array([-6.15616478e-02, -2.72324737e-02, -9.17497929e-03, -6.17377236e-02,
       -4.92025539e-02, -7.37517625e-02,  5.61338617e-03, -2.77549289e-02,
       -4.94511500e-02, -1.46455970e-02,  2.30720658e-02,  1.90206580e-02,
       -5.87444268e-02, -6.07851595e-02,  1.14850802e-02,  4.93359147e-03,
       -6.77989498e-02, -2.73264665e-03, -2.92117447e-02,  3.97869386e-02,
       -5.38114309e-02, -5.55988848e-02, -5.81285618e-02, -2.75641065e-02,
        2.66319234e-02, -6.40739081e-03,  1.57230869e-02,  4.76309210e-02,
       -1.22758569e-02, -1.09260716e-03,  2.68555768e-02, -1.21749314e-02,
        2.48826928e-02, -2.35171095e-02, -3.58390883e-02, -5.10966852e-02,
        1.13272155e-02,  3.12770791e-02,  1.53425308e-02,  4.11794297e-02,
        3.29140909e-02,  3.60864252e-02,  4.08244617e-02,  5.20188874e-03,
        3.84918451e-02,  5.00104204e-03, -5.40503487e-02,  6.40586317e-02,
        1.95841454e-02, -5.11045344e-02,  5.02312630e-02, -4.17547300e-02,
        9.61164664e-03,  4.56536189e-03, -6.06767498e-02, -3.74418832e-02,
        3.35301794e-02,  5.78411110e-02, -4.16357582e-03,  5.43881804e-02,
        4.83278222e-02,  2.80226767e-03,  1.33884344e-02,  2.65822597e-02,
       -3.75727788e-02, -1.40295057e-02,  3.75787076e-03, -2.54733283e-02,
       -2.40238791e-04,  3.98079343e-02,  4.33999002e-02, -7.78851062e-02,
        3.45602538e-03,  4.82490137e-02, -2.95785014e-02,  1.44752562e-02,
       -5.52188456e-02, -5.80234569e-04, -4.86395769e-02,  3.64653058e-02,
        4.22164761e-02,  2.99148615e-02, -8.49853177e-03, -4.94025052e-02,
       -6.64246455e-02,  2.12199185e-02, -9.66443866e-03, -6.78895786e-02,
       -6.99639842e-02,  2.44501252e-02, -5.18401489e-02, -1.85208477e-03,
       -6.16335422e-02, -1.62583813e-02,  2.97864322e-02, -2.22980659e-02,
        2.43791137e-02, -7.89215565e-02,  5.64733371e-02, -3.92347984e-02,
        3.28740329e-02,  4.98955622e-02,  3.14038768e-02, -5.40997088e-03,
       -1.66416019e-02,  2.96274330e-02, -3.10964640e-02, -3.02184746e-02,
       -5.54481372e-02,  5.79872392e-02,  7.62696471e-03,  2.83998251e-02,
        1.74581017e-02, -5.68699576e-02,  1.16150146e-02, -3.97289880e-02,
        3.96676967e-03, -9.21580847e-03,  5.05791530e-02, -3.26691684e-03,
       -7.16325864e-02, -1.48468921e-02, -6.34966418e-02, -2.51340829e-02,
       -6.43115789e-02,  7.37152109e-03, -9.47223231e-03, -3.64744999e-02,
        4.13372964e-02,  1.89589132e-02, -2.63092387e-02,  6.76180869e-02,
       -3.32601555e-02, -6.67478219e-02,  4.82873656e-02,  1.16935861e-03,
        3.27570550e-02,  5.16014965e-03, -6.15692921e-02,  1.56134367e-02,
       -8.07999820e-02, -6.08726554e-02, -5.27040549e-02, -1.49298860e-02,
        1.39565384e-02,  2.12004986e-02,  4.45135720e-02,  5.75328879e-02,
        2.34295446e-02, -1.21119116e-02, -4.19268161e-02,  1.94388572e-02,
        4.62106131e-02,  9.98123176e-03, -6.95987372e-04, -5.26418500e-02,
       -2.34755706e-02,  4.72552031e-02,  8.94901436e-03, -8.81519169e-03,
       -4.29042941e-03, -6.78006932e-02,  4.27958779e-02, -1.99719556e-02,
       -2.19944939e-02, -4.94141653e-02,  4.89368737e-02, -7.90966749e-02,
       -3.05863898e-02,  3.08092311e-02,  5.16039655e-02,  7.04870187e-03,
       -7.58125409e-02,  4.02896516e-02,  4.01842110e-02, -3.55519145e-03,
        1.76323503e-02,  2.13949159e-02, -5.31341992e-02,  2.08156416e-03,
       -5.99174425e-02, -4.07908298e-02, -5.28856143e-02,  3.69579829e-02,
        4.10128310e-02,  3.48036774e-02, -3.35912183e-02,  4.71018702e-02,
       -5.00374287e-02,  3.48880887e-02, -3.25334296e-02, -3.58210467e-02,
       -7.32487580e-03,  4.97425580e-03, -4.34110798e-02,  1.73428133e-02,
        1.75211914e-02,  1.91751830e-02,  6.34789048e-03, -3.32928672e-02,
       -6.41373023e-02, -6.94686547e-03, -3.62003185e-02, -7.04342574e-02,
        3.77092436e-02,  5.06887287e-02, -4.47983928e-02, -2.23495904e-02,
       -2.62631420e-02,  3.02621606e-03,  4.61202115e-02,  3.61194648e-02,
        3.90662253e-02,  3.63729373e-02,  5.77305853e-02,  5.67829907e-02,
       -6.56993315e-02, -7.66967759e-02, -1.87064447e-02, -6.88432008e-02,
       -2.71125846e-02,  4.25218567e-02, -1.33698117e-02, -5.11617996e-02,
        5.10454066e-02,  3.51486839e-02,  4.90690060e-02, -1.00091686e-02,
       -6.24961480e-02,  6.31507428e-04, -3.31710204e-02,  3.63452956e-02,
        2.88343746e-02,  2.01502405e-02,  4.26628888e-02,  9.02662240e-03,
       -2.50461325e-02, -4.16994169e-02,  1.85566656e-02,  9.90830734e-03,
       -5.30488091e-03,  5.01760431e-02,  2.44942792e-02, -2.61969436e-02,
       -7.90518448e-02,  1.44354207e-02,  2.42649466e-02,  4.48192693e-02,
        1.97573677e-02,  2.97078229e-02, -1.28413001e-02,  1.69118345e-02,
       -6.85267821e-02,  5.22700995e-02,  9.44499765e-03, -6.27242103e-02,
       -4.14886214e-02,  3.83779895e-03, -7.64553174e-02, -5.55134378e-02,
        1.85190495e-02,  1.50186699e-02, -1.70069877e-02, -6.12311587e-02,
       -1.94286648e-02, -3.72880418e-03, -2.45627277e-02, -5.05106002e-02,
       -2.41625011e-02,  5.54842986e-02, -1.08212093e-02,  2.26864535e-02,
       -2.61207372e-02,  3.16783190e-02,  3.79129164e-02, -3.76477093e-02,
       -4.94165309e-02, -5.65275028e-02, -3.51264961e-02,  3.92229855e-03,
        3.51773538e-02, -1.00838020e-02, -6.60212487e-02, -6.33172020e-02,
       -7.31796622e-02, -6.78686351e-02, -3.26290689e-02, -6.97194636e-02,
       -2.90211868e-02, -2.56642122e-02,  3.51954810e-02, -9.57448594e-03,
       -3.55393104e-02,  1.68309547e-04, -5.19165061e-02, -8.52543977e-04,
        4.10990417e-02,  5.35248294e-02,  4.31254283e-02,  3.94347794e-02,
        7.29145063e-03, -4.43064533e-02, -3.05257086e-02, -5.99535852e-05,
       -4.92072254e-02, -7.00476691e-02, -1.99263152e-02, -4.04779129e-02,
       -7.78870210e-02,  8.36232584e-03,  2.91983280e-02,  5.38721029e-03,
        2.29306165e-02, -4.15628850e-02, -6.87395781e-03, -1.42118509e-03,
        4.24906425e-02, -4.73608002e-02, -8.11909586e-02,  4.21177112e-02,
        7.01555908e-02,  4.33085533e-03, -3.66922631e-03, -5.71001284e-02,
       -1.00221373e-02, -4.56935689e-02, -2.88730636e-02, -6.10429645e-02,
       -1.95271373e-02, -5.50559051e-02, -9.21155605e-03, -3.96560766e-02,
       -4.65982817e-02,  2.37659421e-02, -5.43294288e-02, -1.19304340e-02,
        2.01579984e-02, -5.30924648e-02, -5.70209995e-02,  4.51608784e-02,
       -4.93716402e-03,  9.19201225e-03, -7.80380592e-02,  8.40051286e-03,
        4.81193848e-02,  6.49690181e-02, -6.41738102e-02,  2.87685189e-02,
       -3.93027924e-02,  1.17786871e-02, -6.55619204e-02,  3.01740151e-02,
        4.07554908e-03, -7.60037974e-02, -5.29931374e-02,  2.31809095e-02,
        2.08929577e-03,  1.08431019e-02,  2.52768286e-02,  4.87376191e-02,
       -1.15497028e-02,  2.67097969e-02, -7.16114864e-02,  1.90933552e-02,
       -4.20272872e-02, -3.16871293e-02, -6.19204380e-02, -1.14469938e-02,
       -7.30624124e-02, -3.18127051e-02, -6.77741785e-03, -8.57095141e-03,
       -5.66299595e-02,  1.03916810e-03, -3.45541979e-03, -2.05652229e-02,
       -4.09055836e-02, -2.78146844e-02, -4.44266647e-02, -4.82480824e-02,
        6.21889718e-02,  4.58774157e-02, -3.80392442e-03, -1.26314918e-02,
        4.30138595e-02, -2.06755213e-02, -2.85611190e-02, -6.06820434e-02,
       -2.28456017e-02,  1.41558156e-03,  6.14637462e-03, -8.05136561e-02,
       -3.94719020e-02, -7.33480379e-02,  4.34389105e-03, -1.13073699e-02,
       -7.84163326e-02, -5.84981926e-02,  1.85683426e-02, -3.54637764e-02,
        3.27179506e-02, -5.15079908e-02,  3.83640733e-03, -4.25783955e-02,
        2.45268457e-04,  5.32422587e-02,  3.36746546e-03, -3.19282748e-02,
       -1.40287653e-02, -5.58304377e-02,  1.01259649e-02, -6.80376403e-03,
       -1.00250589e-02,  4.53487672e-02, -3.05156726e-02, -2.54032705e-02,
       -4.85246256e-02, -3.25658661e-03, -6.58517778e-02, -2.64938418e-02,
       -1.15902247e-02,  5.37442379e-02, -7.66803771e-02, -1.39598325e-02,
       -5.18510267e-02, -2.11889669e-02, -3.00406688e-03, -3.74729000e-02,
       -3.77536491e-02, -3.39598656e-02, -1.37885893e-02, -5.49024791e-02,
        3.11776400e-02, -1.18173202e-02,  4.78567518e-02, -2.26652250e-02,
       -7.12355971e-02,  4.90801893e-02, -1.32454215e-02, -5.15953824e-02,
       -5.39327934e-02, -2.24686749e-02,  5.26947388e-03, -2.16277279e-02,
        2.15787701e-02, -3.95389684e-02, -1.45355659e-03, -2.43099015e-02,
       -1.04146516e-02, -6.54191002e-02, -5.82734868e-02, -1.63351074e-02,
        2.24084407e-02, -1.36860898e-02,  5.35496585e-02, -7.90266767e-02,
       -7.03565031e-02,  1.72399043e-03,  8.50136299e-03, -2.56765373e-02,
       -5.12298122e-02, -7.85280913e-02, -6.19618557e-02,  2.37330515e-02,
        8.39919131e-03,  5.91506995e-03, -3.60025167e-02, -2.34635565e-02,
        6.42913654e-02, -6.05136640e-02, -7.02306777e-02, -4.64928076e-02,
       -3.98222655e-02,  2.60014255e-02,  5.00577055e-02, -4.30066548e-02,
       -1.20719951e-02, -5.88549525e-02,  5.46743870e-02, -4.17733714e-02,
       -1.61883011e-02, -1.10763628e-02,  4.68798243e-02, -2.22738124e-02,
        3.11432239e-02, -4.83251475e-02,  6.38613070e-04, -3.56299728e-02,
       -3.71338911e-02, -4.04893272e-02, -5.66436537e-02, -7.11898059e-02,
       -9.64367297e-04,  2.26355363e-02, -4.52358164e-02, -1.26439119e-02,
       -5.75328283e-02,  1.09868618e-02,  1.58613792e-03,  4.10497896e-02],
      dtype=float32), 'encoder.fc.6.weight': array([[-0.09055066, -0.06923741,  0.01418507, ..., -0.04704225,
        -0.03422142, -0.10116829],
       [ 0.10872755,  0.11029956,  0.12047892, ...,  0.0985358 ,
        -0.1198729 ,  0.07174411],
       [-0.04123019, -0.06326437, -0.07545888, ..., -0.00214424,
         0.08123975, -0.1204509 ],
       ...,
       [ 0.04781559, -0.11683133,  0.05293416, ..., -0.09069712,
         0.04878872,  0.10948662],
       [ 0.07910963, -0.05217355,  0.00621291, ...,  0.00613564,
        -0.00346692,  0.10842734],
       [-0.07559612,  0.06608795,  0.08115258, ...,  0.04703444,
        -0.07534429,  0.08844689]], dtype=float32), 'encoder.fc.6.bias': array([ 0.06739686, -0.02242059, -0.07358504,  0.01824985, -0.05395343,
       -0.09703805,  0.07179356,  0.07945121,  0.0327251 , -0.08802751],
      dtype=float32), 'decoder.fc.0.weight': array([[-0.2948371 ,  0.7158179 ,  0.7261743 , ...,  0.27688572,
        -0.10557407,  0.22006848],
       [-0.5139885 ,  0.44990474, -0.23984347, ..., -0.59961486,
        -0.23528738, -0.8821505 ],
       [-0.7587977 , -0.30218387,  0.05913039, ..., -0.42820302,
        -0.28900948, -0.6974974 ],
       ...,
       [-0.9676936 ,  0.04425344, -0.32848847, ...,  0.7169123 ,
         0.1663369 , -0.00834905],
       [ 0.53275275, -0.5384055 ,  0.60736984, ...,  0.193606  ,
        -0.84627384, -0.42923853],
       [ 0.3663107 ,  0.17831077, -0.8584311 , ...,  0.5207571 ,
        -0.6957151 , -0.36023688]], dtype=float32), 'decoder.fc.0.bias': array([-2.89911956e-01, -1.55115575e-01,  2.52399266e-01, -7.11419463e-01,
        2.76422352e-01,  7.86501408e-01,  8.40882599e-01,  1.73425376e-01,
       -7.68608212e-01,  2.71428138e-01, -6.60465583e-02, -7.82410800e-01,
       -2.10688800e-01,  2.22132847e-01, -5.37196845e-02,  1.07962340e-01,
       -2.23114297e-01,  1.38816070e-02,  5.74672401e-01, -2.05907524e-01,
       -4.28930491e-01,  3.27255160e-01,  9.41142365e-02, -3.86693180e-01,
        6.41388535e-01,  5.73584676e-01,  4.65971768e-01,  5.48648953e-01,
       -3.52194071e-01,  2.86235422e-01,  6.62704527e-01, -1.95192203e-01,
        6.65201366e-01, -8.02249432e-01,  6.21082127e-01, -3.19807440e-01,
        2.39889339e-01,  9.06938195e-01, -5.75560451e-01, -8.46419513e-01,
       -6.53357923e-01,  2.78835207e-01, -7.74276972e-01,  2.37021640e-01,
        9.53481972e-01, -3.53843048e-02, -2.24741206e-01,  6.45156324e-01,
        7.39101827e-01,  5.48173077e-02, -8.16770613e-01, -7.71404564e-01,
       -2.62191027e-01,  4.16207761e-01, -3.29548419e-01, -1.06143840e-01,
        7.90828645e-01,  9.13219094e-01, -6.18240356e-01, -3.16283673e-01,
       -4.46456254e-01,  9.02631804e-02, -2.42818534e-01,  4.96337742e-01,
        9.46156919e-01,  6.66943848e-01,  2.31789798e-01, -2.21911579e-01,
       -7.12240458e-01, -6.67188883e-01,  5.78789234e-01,  5.49308896e-01,
       -2.57961184e-01,  1.16944522e-01, -7.60212958e-01,  8.63878071e-01,
        5.29747903e-01,  8.87698650e-01,  4.14016191e-03, -3.17843229e-01,
        7.67039880e-02, -8.74134421e-01,  3.33331645e-01,  5.62883854e-01,
        6.78331614e-01, -4.55196232e-01,  8.68861735e-01, -4.90013689e-01,
        7.46605754e-01, -4.16535497e-01, -1.09172776e-01, -8.97998452e-01,
       -4.11882810e-02, -4.73481089e-01, -1.59453541e-01, -2.16272962e-03,
       -4.90919538e-02, -4.83667791e-01, -5.13727248e-01,  9.21351910e-01,
        6.94395304e-01, -7.01885760e-01, -5.30531228e-01, -8.94236267e-01,
        4.43613052e-01, -6.18912995e-01, -1.25753079e-02,  5.48231900e-02,
       -2.21691743e-01, -6.93848729e-01,  1.81074783e-01,  9.83208418e-02,
       -1.95565626e-01,  2.16481626e-01, -2.96770960e-01,  1.93120256e-01,
        9.98493433e-02,  5.71099579e-01,  3.32617074e-01,  4.05441672e-01,
        7.30685472e-01, -2.07372382e-01,  5.49674034e-01,  5.30708015e-01,
       -3.35351557e-01,  1.52174547e-01, -5.16943634e-02,  6.56113327e-01,
        7.78423250e-02, -1.88021794e-01, -3.39752704e-01, -7.62577713e-01,
       -1.47538289e-01,  4.96917307e-01, -8.94905567e-01, -8.03646624e-01,
       -4.12214667e-01, -3.87198240e-01, -9.18271899e-01, -4.19859111e-01,
       -1.78491563e-01,  3.18294376e-01, -3.76362622e-01,  5.16845398e-02,
        6.01528347e-01,  7.44568110e-01, -5.56052566e-01,  6.44347310e-01,
        8.41167271e-01, -2.36232281e-01, -6.75401568e-01,  8.02549601e-01,
        5.06958775e-02, -3.31928611e-01,  8.47432494e-01,  7.81495512e-01,
        9.01594400e-01, -6.85942709e-01,  5.04212022e-01, -7.88520157e-01,
        2.81304806e-01, -3.33753526e-01,  5.72981834e-01, -1.50869474e-01,
        5.45544147e-01, -3.04501832e-01,  5.30945659e-01,  3.32630664e-01,
        9.42247331e-01, -2.44254082e-01, -8.31475377e-01, -9.07719195e-01,
       -1.62032351e-01,  7.70827293e-01,  9.60620403e-01,  6.40285015e-01,
       -5.10881007e-01,  3.94255340e-01, -4.77583766e-01, -7.74954498e-01,
       -1.94214866e-01, -3.39341819e-01,  8.78297627e-01,  2.21588671e-01,
       -7.12208390e-01,  3.66037160e-01,  1.18283657e-02,  6.48346066e-01,
        6.70205355e-01,  2.19523609e-01, -6.87881052e-01,  1.36726961e-01,
        7.82773793e-01, -9.34240282e-01, -5.56393564e-01,  5.23065746e-01,
        4.45449024e-01,  1.66117013e-01,  2.83048511e-01,  7.28060067e-01,
        9.02517736e-01, -2.85146058e-01,  6.98138922e-02,  7.82410920e-01,
       -6.54430568e-01,  6.94528341e-01,  3.83827120e-01,  1.36669055e-01,
       -2.35544965e-01, -5.99251203e-02,  5.05114913e-01,  4.25964415e-01,
        2.27160856e-01, -4.99954462e-01, -1.58608910e-02, -8.57236266e-01,
       -6.28140569e-01,  3.23854238e-01,  1.03934363e-01,  7.00079858e-01,
        3.13817531e-01, -8.03336620e-01,  1.71901837e-01,  2.14837313e-01,
        3.09968978e-01, -6.56440377e-01,  9.58867729e-01, -4.68651295e-01,
        2.70208806e-01,  5.76156378e-01, -7.70332199e-03,  1.47131979e-01,
        3.56336497e-02,  4.59696233e-01,  6.82590365e-01,  1.75828442e-01,
        1.10890776e-01,  5.93323767e-01,  1.17840692e-01,  8.55786949e-02,
       -3.98902267e-01,  4.28474903e-01,  3.73527318e-01,  5.22707999e-01,
        6.25101507e-01,  4.97031271e-01, -4.53467101e-01,  2.62932420e-01,
        7.52555728e-01,  7.53404737e-01, -5.67227364e-01, -4.64098334e-01,
       -1.28386253e-02,  3.47730815e-01, -1.73079204e-02,  5.32083392e-01,
        4.07491058e-01, -8.64096582e-01, -5.11831744e-03,  6.10506415e-01,
       -7.80052096e-02, -5.10702014e-01, -9.14181173e-01, -5.26308060e-01,
        1.60514697e-01, -5.99105895e-01,  6.16184294e-01, -7.69979954e-01,
        3.22318912e-01,  9.48813930e-02, -6.21820567e-03,  6.10373199e-01,
       -1.05177134e-01, -8.32632184e-01,  2.57945538e-01, -8.00558209e-01,
       -7.72787929e-02,  8.96018326e-01, -4.95568246e-01,  3.51644903e-01,
       -7.89384186e-01, -5.96614838e-01,  5.70532791e-02,  3.18353623e-01,
       -6.21020459e-02, -6.66910559e-02, -3.79608154e-01, -6.72100306e-01,
        3.91560972e-01, -6.92142606e-01,  3.31354961e-02,  8.64907920e-01,
        5.93052864e-01,  7.34204710e-01, -5.83863735e-01,  4.94337887e-01,
       -3.97462249e-01, -5.94926715e-01,  5.48395753e-01,  8.55661988e-01,
        2.13858113e-01,  1.77846774e-01,  1.37392431e-01, -5.52415073e-01,
        8.18540573e-01, -2.10280880e-01,  8.75890180e-02,  6.63634777e-01,
        2.84663896e-04,  2.02570796e-01,  1.52344972e-01, -3.97036523e-01,
        9.07042861e-01, -3.74082834e-01, -1.87538922e-01,  7.35055149e-01,
        4.76628393e-01, -4.54048783e-01,  4.46226567e-01, -5.79174161e-01,
        8.47922325e-01, -7.78024852e-01,  5.00918508e-01,  2.49512479e-01,
       -7.32090533e-01,  4.16755468e-01, -3.45524430e-01, -9.68718901e-02,
       -9.46965396e-01,  2.23295584e-01,  3.43441993e-01,  7.20008850e-01,
       -4.75859553e-01, -9.29658562e-02,  4.73000795e-01,  1.10803857e-01,
        7.18546927e-01, -7.56911099e-01,  8.34755599e-01,  8.59826982e-01,
        6.30100906e-01, -2.92457730e-01,  5.39720953e-01, -8.97092044e-01,
        6.36848569e-01,  1.53445855e-01, -1.60343260e-01,  2.59183615e-01,
       -2.21590459e-01, -3.62148553e-01, -3.21609944e-01, -2.71064758e-01,
        5.13442159e-01, -1.46630958e-01, -8.64354074e-01,  2.31356561e-01,
        3.38714919e-03, -3.73108476e-01,  7.46914089e-01, -5.04239857e-01,
        5.13948023e-01, -6.42112195e-01, -4.60798681e-01,  6.51825726e-01,
       -2.70685434e-01,  7.34889388e-01, -4.55117017e-01, -5.52181423e-01,
        8.52762759e-01,  2.83712983e-01, -7.65817821e-01, -6.04476750e-01,
       -4.52912040e-02, -5.19524589e-02,  7.80254662e-01, -9.28350091e-01,
       -1.75960198e-01,  1.54991686e-01,  3.16533923e-01, -1.85327083e-01,
        1.35855302e-02, -6.91399455e-01,  6.80721998e-01,  3.51055473e-01,
        4.62046236e-01,  6.65282905e-01,  1.12939980e-02,  1.96225032e-01,
       -8.19902241e-01, -7.76721984e-02,  8.51650238e-02,  8.09208035e-01,
       -4.69067693e-01, -4.11879748e-01,  6.62747979e-01,  6.11283600e-01,
        7.28908420e-01, -5.12228668e-01, -9.24425781e-01,  8.13844204e-01,
       -9.56534564e-01, -2.50060409e-01,  4.08047616e-01,  1.27420664e-01,
       -3.81664336e-01, -8.21095943e-01, -8.28415155e-01, -6.61270380e-01,
       -6.26262501e-02,  5.39085031e-01, -8.89184177e-01, -8.40125382e-01,
       -1.90717762e-03,  7.25924224e-02, -2.77355134e-01, -4.06446338e-01,
        7.69333184e-01,  7.15036333e-01,  5.47279835e-01,  8.52920353e-01,
       -1.24148935e-01, -2.79456824e-01,  1.94764480e-01,  7.38631487e-01,
        1.72661785e-02,  3.66048902e-01, -5.90855718e-01,  2.84196854e-01,
       -5.92776656e-01, -2.75931153e-02,  9.19036508e-01, -4.56394434e-01,
        3.35371614e-01, -4.00113225e-01, -5.97285867e-01,  7.33214796e-01,
       -4.20247287e-01, -6.21127784e-01, -4.77857798e-01,  6.36642694e-01,
       -1.90551981e-01, -8.85425925e-01, -1.45258680e-01,  4.74038869e-01,
       -8.07657897e-01, -1.07223429e-01, -6.74198449e-01,  8.08389783e-01,
       -7.17843771e-01, -7.19370782e-01, -7.58429945e-01, -6.54964805e-01,
       -7.44382441e-01,  5.94533265e-01, -7.95958489e-02, -9.58745852e-02,
        7.36806273e-01, -3.83409530e-01, -6.81672037e-01,  3.11524302e-01,
       -4.18101102e-01, -2.37121567e-01, -7.55010188e-01, -7.36438274e-01,
        8.51858556e-01,  1.38659865e-01,  3.05557489e-01,  7.18527496e-01,
        4.37416285e-01, -8.31371784e-01,  7.52061546e-01, -8.76761258e-01,
       -5.23673952e-01,  7.99000978e-01, -3.46644133e-01, -1.98876277e-01,
       -2.42432803e-01,  6.37749970e-01,  9.64170158e-01,  3.96846741e-01,
       -3.98568034e-01,  8.82213175e-01,  4.41462696e-01, -8.37652981e-01,
       -1.32186681e-01, -2.86625564e-01, -4.79374737e-01, -8.90760362e-01,
       -6.02481142e-02,  9.50887203e-01, -8.09420943e-01, -6.89244747e-01,
       -4.54526305e-01,  7.19473600e-01, -7.09376395e-01, -2.05228478e-01,
       -6.55248582e-01,  8.38555217e-01,  8.79198313e-01,  3.01485583e-02],
      dtype=float32), 'decoder.fc.2.weight': array([[-0.10281542,  0.06112454, -0.15340585, ...,  0.13250631,
        -0.14071113,  0.10312901],
       [ 0.09674023, -0.00940858, -0.056453  , ..., -0.02094709,
         0.10858542,  0.06054334],
       [ 0.0829545 , -0.15014772, -0.00405179, ...,  0.12240984,
         0.07654834,  0.02117885],
       ...,
       [ 0.08471351, -0.10831157, -0.07602678, ...,  0.10056867,
        -0.13911514,  0.01667327],
       [ 0.05992758, -0.02787099, -0.08866567, ..., -0.07114258,
         0.10820943,  0.04661382],
       [-0.02435327,  0.03263455,  0.00520629, ..., -0.0356813 ,
        -0.01692864, -0.01498426]], dtype=float32), 'decoder.fc.2.bias': array([ 0.07749332,  0.12466856,  0.0613915 , ..., -0.07033352,
       -0.10637801, -0.10380388], dtype=float32), 'decoder.fc.4.weight': array([[-0.06066183,  0.05420738,  0.00843316, ..., -0.0273878 ,
         0.03488932, -0.01367414],
       [-0.04682605, -0.03930414, -0.0115213 , ..., -0.03359122,
        -0.05044027, -0.0444187 ],
       [ 0.00585543,  0.01680821, -0.04505183, ..., -0.01934879,
         0.02423466, -0.05387702],
       ...,
       [-0.02822097, -0.01219076,  0.05870606, ..., -0.00311484,
        -0.03373748, -0.06639714],
       [ 0.02685159,  0.03876017,  0.08473625, ...,  0.00021898,
        -0.04162724,  0.02921133],
       [-0.05451994, -0.01314103,  0.04952201, ...,  0.01131195,
         0.05497406, -0.02879785]], dtype=float32), 'decoder.fc.4.bias': array([-2.17729304e-02, -6.09523281e-02, -8.38509873e-02, -4.33934256e-02,
        2.95002833e-02,  3.62860337e-02, -3.05922870e-02,  3.73212784e-03,
        1.06404042e-02,  4.19103466e-02, -2.68291924e-02,  1.02910483e-02,
        2.20189746e-02, -3.54469977e-02,  4.17463891e-02, -1.94416884e-02,
       -5.02393469e-02, -5.31305671e-02, -1.86546927e-03,  3.69214676e-02,
        3.33962068e-02, -2.30613928e-02,  1.75459199e-02,  4.93426435e-03,
        1.91135774e-03, -1.58843920e-02,  9.17418394e-03, -4.63028364e-02,
        3.75532694e-02, -5.40412553e-02, -6.00681230e-02,  5.87057732e-02,
        3.93361300e-02, -4.59633060e-02,  3.62763591e-02,  4.00993489e-02,
       -6.49226233e-02,  3.36994268e-02,  1.44019229e-02, -3.12680118e-02,
       -3.76474857e-03, -7.97667429e-02, -7.07743913e-02, -4.62732762e-02,
        6.01892211e-02, -1.19824307e-02, -5.65564856e-02,  2.62925439e-02,
       -3.03162206e-02, -4.73462045e-02, -6.85603172e-02,  4.62303078e-03,
        8.70224182e-03, -7.92161450e-02, -6.18064404e-02,  2.45950464e-02,
        4.34170887e-02, -6.74345791e-02, -6.18975721e-02,  9.70085058e-03,
       -1.95931345e-02,  9.41616390e-03,  3.07165869e-02,  5.17135076e-02,
       -2.01389845e-02,  1.23316636e-02,  1.57186165e-02, -4.75231968e-02,
        1.68982614e-02, -7.70599619e-02, -6.14724830e-02, -4.15031100e-03,
        2.59999791e-03,  3.71458270e-02, -2.02504136e-02, -3.84516604e-02,
        6.77090958e-02,  4.53903265e-02, -5.16426228e-02, -1.53333675e-02,
        6.82217553e-02, -5.74207380e-02, -7.67842978e-02,  1.66007094e-02,
        6.45611286e-02, -6.78113177e-02, -4.04899381e-02, -4.43786979e-02,
       -7.32930079e-02, -4.30574603e-02, -6.33084401e-02,  1.92368533e-02,
        6.06335513e-02,  5.00800461e-02, -7.94126391e-02, -6.31535277e-02,
       -2.67575309e-02,  1.59099419e-02,  4.55810269e-03, -5.38946427e-02,
        6.26586974e-02, -2.06096712e-02,  5.90768531e-02, -6.49218708e-02,
        2.38867998e-02,  6.32774010e-02, -8.80060159e-03,  5.26635200e-02,
       -2.24334076e-02,  6.36006370e-02,  7.34423427e-03, -1.82547662e-02,
        3.37404124e-02,  1.86833162e-02, -5.33545390e-04,  4.65833060e-02,
        1.03172045e-02, -4.23259065e-02, -2.37900577e-03,  5.68671785e-02,
       -3.67982984e-02,  2.26574894e-02, -2.36345436e-02,  1.41125303e-02,
       -6.52709091e-03,  9.19883198e-04, -9.97484177e-02,  4.52445336e-02,
       -4.20637354e-02,  5.66594973e-02,  3.17890719e-02,  1.93269849e-02,
       -2.25812960e-02, -1.02291014e-02, -3.31638604e-02, -4.62317728e-02,
       -6.12274371e-02, -1.89864840e-02,  2.74269078e-02,  5.69568723e-02,
       -2.21828986e-02,  3.67578082e-02,  2.26895846e-02,  1.96860600e-02,
        2.93937065e-02, -5.01507707e-02, -4.72093895e-02,  7.03412108e-03,
       -4.03168760e-02,  5.14918305e-02, -1.91470124e-02,  1.12342248e-02,
        3.79616246e-02,  1.31048756e-02, -6.38017338e-03, -2.77469624e-02,
       -5.63663095e-02, -4.01842557e-02,  2.27639340e-02, -1.01693440e-02,
       -1.66619718e-02, -3.75838839e-02, -6.27466068e-02, -5.52233718e-02,
       -1.15570566e-02,  4.48568389e-02,  1.82448216e-02, -4.83781919e-02,
       -7.00129708e-03, -5.53983822e-02, -1.17389672e-02, -6.81452230e-02,
       -3.71024199e-02, -2.29578409e-02, -6.13120236e-02,  2.02329569e-02,
       -6.58314973e-02, -5.39502874e-02,  6.54207766e-02,  5.37423268e-02,
       -1.29088666e-03, -6.12162128e-02,  1.17340181e-02, -6.62650168e-02,
       -6.87161386e-02,  3.79561819e-02, -1.27576664e-02,  1.06171006e-02,
        2.95416713e-02,  3.90457213e-02, -5.65271080e-02,  3.21070328e-02,
        3.82205248e-02, -6.22952431e-02, -8.75374302e-02,  1.29203172e-02,
        4.42579761e-02, -9.43733938e-03,  5.46058454e-02, -3.05552501e-02,
        1.48984082e-02, -6.04641810e-02, -6.38612658e-02, -1.18151763e-02,
        6.61666393e-02, -3.26290764e-02,  3.88385765e-02, -5.60191981e-02,
        4.35461663e-02, -3.66238877e-02, -4.18726914e-02,  2.42240839e-02,
        1.05238613e-03,  5.36425374e-02,  5.65030612e-02,  3.11221294e-02,
        3.39778587e-02, -2.31938735e-02,  1.87842585e-02, -2.33514111e-05,
       -4.47691977e-02,  4.94385101e-02, -2.28412244e-02,  3.56909744e-02,
       -6.36169910e-02, -1.15847923e-02, -4.25247755e-03, -6.31274730e-02,
        6.94395900e-02,  2.77636945e-02, -6.99568074e-03, -4.10661101e-02,
       -7.68454671e-02, -6.11482970e-02, -5.85042797e-02, -2.86025158e-03,
       -2.24997364e-02, -3.42721157e-02, -1.02200741e-02,  4.47026826e-02,
        3.38421166e-02,  8.20889510e-03,  4.25007790e-02, -1.62923466e-02,
       -8.35872740e-02,  4.00810130e-02, -1.56529378e-02, -4.38644774e-02,
        5.50096715e-03,  1.56722460e-02, -1.17071392e-02,  5.41602112e-02,
        1.98422298e-02,  2.40382459e-02,  6.83379099e-02, -4.29907674e-03,
       -6.66931644e-02, -4.73640338e-02,  3.31054963e-02, -5.63019924e-02,
       -4.78305817e-02,  1.99311227e-02,  2.80120093e-02, -1.21220876e-03,
       -6.38538599e-02, -1.19428746e-02, -7.41578415e-02, -1.28386049e-02,
       -3.49615104e-02, -5.42437956e-02, -4.83310968e-02,  1.75479352e-02,
       -2.44977959e-02,  4.63474616e-02,  2.71881502e-02,  4.34022620e-02,
       -2.99570672e-02,  3.67845595e-02, -4.73868884e-02, -5.38517721e-02,
       -1.84604824e-02,  1.74314193e-02, -5.35918586e-02, -7.04542473e-02,
        3.92665006e-02,  1.59549713e-02, -2.81823799e-02,  1.28682135e-02,
       -5.50984927e-02, -5.18156216e-02, -3.24228406e-02,  9.26747732e-03,
        4.10766713e-02,  2.44790800e-02, -3.63292843e-02, -2.03240849e-02,
       -1.08395936e-02,  2.72361003e-02,  6.34556487e-02,  4.55490574e-02,
        2.37434004e-02, -3.99023928e-02,  5.34720197e-02,  3.37107144e-02,
        6.25721216e-02,  4.83697280e-02, -5.41065671e-02,  4.04627845e-02,
       -3.54911238e-02,  2.58505978e-02, -6.34415671e-02,  4.75384295e-02,
        4.14223270e-03,  3.35020833e-02,  6.93177357e-02, -4.10733670e-02,
       -6.22564629e-02,  2.36032135e-03,  5.73851354e-02,  4.33764532e-02,
       -3.41808572e-02,  2.37087365e-02, -5.60544990e-03, -5.85950688e-02,
       -4.84084040e-02,  1.65321119e-02,  4.90297889e-03, -4.11694907e-02,
       -3.83532941e-02,  2.23652795e-02, -3.42233665e-02,  1.91326272e-02,
       -5.19185476e-02,  5.06060757e-02,  8.42601713e-03, -4.28332388e-02,
       -6.63519427e-02,  1.68035161e-02, -7.20670819e-02, -7.47007802e-02,
       -1.47162266e-02, -1.90445166e-02,  3.21353637e-02, -2.27869507e-02,
       -4.17585578e-03,  2.56059784e-02,  5.34607023e-02, -1.56898629e-02,
       -6.64597601e-02,  6.31103888e-02, -5.05858809e-02, -7.40017071e-02,
       -6.75792620e-02, -7.59190321e-02, -6.89362288e-02,  2.71444023e-03,
       -2.91261096e-02, -2.19705608e-02, -4.68842871e-02, -1.58067103e-02,
        5.61026372e-02,  2.98712365e-02,  4.10513766e-02, -2.45099086e-02,
       -1.80867780e-02,  5.12985662e-02, -8.03044513e-02, -6.60761222e-02,
        2.47156881e-02, -2.36772671e-02,  2.59912182e-02,  5.48691154e-02,
       -4.63717151e-03, -5.26264161e-02, -6.67873099e-02, -1.47780101e-03,
        6.41667917e-02, -4.63791043e-02, -4.60104607e-02, -6.47014081e-02,
       -1.95186846e-02, -4.74315546e-02, -7.21324096e-03, -1.01394020e-02,
        3.17905508e-02, -6.89654127e-02, -5.53737534e-03, -5.94506413e-02,
        6.33419976e-02, -4.19133925e-04, -6.68351203e-02,  4.73063961e-02,
       -3.11703309e-02,  5.12844995e-02,  3.20657864e-02, -7.06228092e-02,
        2.05396507e-02,  3.35395783e-02,  5.48248664e-02, -1.43613573e-03,
       -6.53910264e-03, -1.91025306e-02,  5.91956005e-02,  5.71169816e-02,
       -4.87363897e-02,  3.42329703e-02,  5.08718267e-02, -1.67271383e-02,
        1.62491370e-02, -7.25238472e-02,  5.91397136e-02, -6.57249317e-02,
        5.18683977e-02,  1.93423815e-02,  3.63495946e-02, -8.32486199e-04,
       -4.00390886e-02, -6.81350455e-02, -1.74110606e-02, -1.12206675e-02,
       -3.21978442e-02, -3.58593911e-02,  7.97154475e-03,  1.16139855e-02,
       -3.63864377e-02,  1.91826541e-02,  2.80501228e-03,  3.73474732e-02,
        5.05630933e-02,  8.27058591e-03, -4.16971855e-02,  2.17101444e-02,
        1.50166713e-02, -3.49546298e-02,  6.38165176e-02, -2.83738710e-02,
       -6.62609637e-02,  6.09385297e-02, -3.18195187e-02,  2.21009064e-03,
       -1.79024581e-02, -4.33005095e-02, -6.04277961e-02,  7.48293847e-02,
       -1.70228481e-02, -2.97365710e-02, -7.58232176e-02,  1.40315257e-02,
        4.39644381e-02,  5.20412512e-02, -7.65537843e-04,  6.14992417e-02,
        3.94437201e-02, -4.60793562e-02, -6.62119389e-02, -6.59974366e-02,
       -3.67440889e-03, -5.05374232e-03, -5.07838540e-02,  1.11277988e-02,
        1.24171022e-02,  1.92922708e-02, -6.58802465e-02, -5.88192418e-02,
       -1.17696058e-02, -5.14478758e-02, -1.66656617e-02, -8.68905708e-03,
        9.53652803e-03,  5.20251803e-02,  5.54309972e-02, -5.36507852e-02,
        6.05425127e-02, -2.97938529e-02,  6.06486723e-02, -2.34315637e-02,
        2.27373261e-02, -2.36676764e-02, -2.25118119e-02, -1.06728664e-02,
       -3.69896367e-02, -3.56980227e-02, -2.29394268e-02, -6.43161237e-02,
        6.37032166e-02, -4.05756384e-02, -4.75705490e-02, -4.55806926e-02,
       -2.47177705e-02, -7.43824989e-02,  3.51414224e-03, -2.33410690e-02,
       -5.03547341e-02,  2.58010812e-02,  4.16471250e-02, -5.79873249e-02,
       -5.97799644e-02, -1.91004984e-02, -2.70771328e-04, -7.22200423e-02],
      dtype=float32), 'decoder.fc.6.weight': array([[ 0.04338738, -0.04463855,  0.03901059, ..., -0.12059638,
         0.0923163 , -0.04296907],
       [-0.002115  , -0.02021405,  0.03644437, ..., -0.09347894,
         0.12949415, -0.11733104],
       [ 0.11375074, -0.12723431,  0.02453499, ...,  0.08733065,
        -0.02056119,  0.09924488],
       ...,
       [ 0.09690357, -0.07107224,  0.09616833, ...,  0.07766349,
        -0.11932025,  0.03536336],
       [-0.10105742,  0.07897597, -0.12081915, ..., -0.07295869,
         0.04140965,  0.16502161],
       [-0.06125161, -0.02561942, -0.04624872, ..., -0.05687379,
        -0.1325595 ,  0.07726216]], dtype=float32), 'decoder.fc.6.bias': array([0.00639234, 0.00220037, 0.11826552, ..., 0.11462521, 0.06333004,
       0.12980789], dtype=float32)}
[Time: 27.01.25 20:32:54] [Level: info] [State: aggregate] {'encoder.fc.0.weight': array([[-0.04342973,  0.00252487,  0.01069139, ..., -0.01677529,
         0.03579369, -0.01255497],
       [ 0.0210924 ,  0.01665635,  0.00393437, ...,  0.01120378,
        -0.02849302, -0.02714567],
       [-0.01059988, -0.0125454 , -0.00576106, ...,  0.01794593,
         0.00302626, -0.0020167 ],
       ...,
       [-0.01635567, -0.03372201, -0.01540104, ..., -0.01460313,
         0.03303253, -0.01822354],
       [ 0.00608331,  0.03617918,  0.00780745, ...,  0.021659  ,
         0.00845703, -0.01517205],
       [ 0.00987706, -0.01187366, -0.03979847, ..., -0.01045377,
         0.02463977, -0.00838398]], dtype=float32), 'encoder.fc.0.bias': array([-0.01665207, -0.04876461, -0.01426904, -0.02308029,  0.01009693,
        0.00961161, -0.01538962, -0.00011251, -0.00665786, -0.00627944,
       -0.01686949,  0.01223701, -0.00898388, -0.02831195, -0.01830857,
       -0.00713022, -0.04545595, -0.03378955,  0.00978333, -0.00581559,
        0.01214683, -0.00454845, -0.04166162, -0.02161627, -0.04562279,
       -0.02220509, -0.02294436, -0.02761396, -0.02790132, -0.00745652,
       -0.01815777, -0.02659618,  0.00118061, -0.04639045,  0.00137686,
        0.01459822,  0.00197113,  0.01073212, -0.01325666, -0.01093379,
       -0.02630504, -0.02303425,  0.00937963, -0.00716803, -0.0496747 ,
        0.00440637,  0.0060728 , -0.01589144,  0.01972445, -0.01497686,
        0.00327543,  0.0032903 , -0.02696026, -0.0276802 , -0.00536183,
       -0.03090579, -0.01603367, -0.0189041 , -0.02041858, -0.04195576,
        0.00334212, -0.02844547,  0.00471437, -0.03344888, -0.01592025,
       -0.03755828, -0.00040489, -0.04423691, -0.03110191, -0.01137355,
       -0.01017167, -0.00924056, -0.04093174,  0.00472504, -0.02315817,
       -0.01867867,  0.00890646, -0.03577838, -0.04177489, -0.01997434,
       -0.02677224, -0.03768912, -0.03337161, -0.01111729, -0.0143783 ,
       -0.04375432, -0.01616751,  0.00691532, -0.00068084,  0.01804954,
       -0.04255346,  0.01773599, -0.03494202, -0.02485507, -0.01138074,
       -0.01530303, -0.04462833, -0.03650933,  0.00108107,  0.03529382,
        0.00443271, -0.02556529, -0.01115508, -0.03645797,  0.01702138,
       -0.02308729, -0.01340078, -0.01884595,  0.02072966, -0.0126079 ,
       -0.00712927, -0.02797033, -0.04565071, -0.02748818, -0.00286454,
        0.01667706,  0.03621349, -0.02715139, -0.0062737 , -0.01171827,
       -0.04537697,  0.01014323, -0.02520425, -0.04950284,  0.01448112,
       -0.04075234, -0.04322213, -0.00229118,  0.00033255, -0.01013434,
       -0.00293771, -0.02818409, -0.01374286, -0.05702684, -0.0490187 ,
        0.01967449, -0.01730993, -0.03758496, -0.03912543, -0.00070903,
       -0.01073317, -0.01297806, -0.03185012,  0.00378459,  0.01069405,
       -0.0211095 , -0.0403151 , -0.03865976, -0.0342733 , -0.06100484,
        0.00954318, -0.01337238,  0.02809359, -0.01455281, -0.01222871,
       -0.00748325, -0.02528586, -0.04788928, -0.01167745, -0.01763176,
        0.00320566,  0.00294564,  0.01328298, -0.00820406, -0.01753829,
       -0.03711802, -0.0377075 , -0.02895376, -0.04206882, -0.04169413,
       -0.02807783, -0.00379682,  0.00638171, -0.00804473, -0.02691647,
       -0.02518401,  0.00324168, -0.02266631, -0.01366665, -0.01583133,
       -0.03547113,  0.00177741,  0.03004901, -0.01076764, -0.00237762,
       -0.00268489, -0.00786529,  0.01440711,  0.01074646, -0.02297175,
        0.00231234, -0.00182046,  0.00404439,  0.01857404,  0.00869704,
       -0.03537938, -0.00617023,  0.02241829, -0.01929961, -0.00762181,
        0.00420419, -0.05188989, -0.01816687,  0.0002908 ,  0.01208032,
       -0.05102085, -0.03995119, -0.0135888 , -0.03784407,  0.01382407,
       -0.01518109, -0.01101726, -0.01322448,  0.01431092, -0.01046723,
       -0.02924467, -0.0255528 ,  0.01647362, -0.0004067 , -0.02957996,
       -0.02968512,  0.00815418, -0.04763359, -0.0259805 , -0.01595143,
       -0.03363084,  0.01721586, -0.00099307, -0.05863423, -0.01335545,
       -0.00596215,  0.01805422, -0.0017092 , -0.02763721, -0.01645526,
        0.0055537 , -0.02703712, -0.00390943, -0.03933076, -0.0264393 ,
       -0.00443867, -0.00636877, -0.03151079, -0.0019408 , -0.02306655,
       -0.03097201, -0.03934817, -0.02459412, -0.00880372, -0.01434605,
       -0.00322141, -0.02940325, -0.02744566, -0.0347881 , -0.00445122,
        0.0135164 , -0.04994741, -0.00673699, -0.03793975, -0.01907892,
       -0.0204496 , -0.01941948,  0.02455959, -0.02539184, -0.00597913,
       -0.03825093, -0.00788149, -0.0377949 ,  0.00700864, -0.04433907,
       -0.05259006, -0.03156023, -0.00990372, -0.02891537,  0.01631931,
       -0.04308209, -0.02538543,  0.01532586,  0.00277116, -0.03275892,
       -0.01984518, -0.03433358,  0.01084655, -0.0203103 ,  0.00552967,
       -0.03325823, -0.02871999,  0.00750602, -0.00687366, -0.0028365 ,
       -0.04022803, -0.02174967, -0.02963771, -0.03208406,  0.01776747,
       -0.01463555, -0.00080941, -0.01372209, -0.0218736 , -0.04647899,
       -0.03014683, -0.02018587, -0.04729738,  0.00328861, -0.0164365 ,
       -0.01494347, -0.02276378,  0.00078064,  0.0146236 ,  0.00279229,
        0.009733  ,  0.03751078, -0.00613803,  0.01379621,  0.01221163,
       -0.03791082, -0.05283146, -0.03511674, -0.00573119, -0.01047999,
       -0.05606148, -0.02544588,  0.00203686, -0.04866626, -0.02151622,
       -0.01589037, -0.0343042 , -0.00999271, -0.00540964, -0.00198785,
       -0.00338363,  0.01896687,  0.00256925, -0.00630044, -0.02859956,
       -0.00331839, -0.00912369, -0.04795551, -0.00222295, -0.0077576 ,
       -0.02002716, -0.01986337, -0.01579036, -0.00915254,  0.00979056,
        0.00267007, -0.04074731,  0.00270222,  0.00108824, -0.02076614,
       -0.02974422, -0.00296305, -0.00169867, -0.00306459, -0.02054763,
       -0.0510606 ,  0.00172063, -0.01918952, -0.01967749, -0.02007361,
        0.00882578, -0.04635302, -0.03193019, -0.04376815, -0.05050305,
       -0.03499046, -0.02292006,  0.00372225, -0.00883719, -0.04339074,
       -0.03363939,  0.01803554,  0.0012167 , -0.00668234, -0.0454551 ,
       -0.00055157, -0.01424839, -0.00958384, -0.01299643, -0.01536222,
       -0.02634855,  0.01073205, -0.03702763,  0.01563224, -0.0159534 ,
       -0.02307917, -0.04785739,  0.01766274, -0.0225145 , -0.03913709,
       -0.00990027, -0.01476171, -0.03012487, -0.02025365, -0.01009601,
       -0.02930274, -0.04374212,  0.00110771, -0.02086255, -0.00298643,
       -0.0335144 , -0.03513617, -0.03149423, -0.02572284, -0.05294924,
       -0.01314317, -0.0294099 , -0.00069067, -0.01581388, -0.03599115,
       -0.01781231,  0.00967684, -0.029094  ,  0.00145873, -0.02765285,
       -0.05169786, -0.02976482, -0.04071425, -0.0079592 ,  0.01346463,
       -0.00339491, -0.00597478, -0.02377648, -0.01433216, -0.0133977 ,
        0.01146396, -0.00718419,  0.00627398,  0.00330199, -0.01945639,
       -0.03616183,  0.00056183,  0.00032743, -0.02351316, -0.02341663,
       -0.00321565, -0.00754565, -0.0367141 ,  0.02009057, -0.00971311,
       -0.03627091, -0.0172716 , -0.03557701, -0.01592956, -0.01740443,
       -0.01256047, -0.01926728,  0.0048169 , -0.04589156,  0.01271489,
        0.0038331 , -0.00656868, -0.05447466, -0.03243442,  0.00655683,
       -0.0373393 , -0.03240106, -0.04412559, -0.037329  , -0.04112913,
       -0.04502166, -0.01437182,  0.00278116, -0.00599562, -0.00072781,
        0.0121907 , -0.00518526, -0.01652262,  0.01066762, -0.04399594,
       -0.01040085, -0.02956439, -0.01622012, -0.03298941, -0.0376913 ,
       -0.00730803, -0.02158665, -0.01673771, -0.00940127, -0.01398712,
        0.01393937, -0.0041274 , -0.02477225, -0.02685548,  0.00163638,
       -0.03991284, -0.04010867, -0.02809589, -0.00182866,  0.01154645,
       -0.03816188, -0.0391528 , -0.04474537, -0.00875391, -0.01994653,
       -0.0370062 ,  0.00632362,  0.04037332, -0.01396518,  0.00965998],
      dtype=float32), 'encoder.fc.2.weight': array([[-0.05485931,  0.03885403, -0.11854898, ..., -0.02010075,
        -0.08761132,  0.11419795],
       [ 0.0339623 , -0.00970819,  0.00577047, ...,  0.0270725 ,
        -0.14315121,  0.04183565],
       [-0.08970389, -0.10205708, -0.07373727, ..., -0.04362299,
        -0.04759469, -0.05142668],
       ...,
       [-0.04957872, -0.07879028, -0.03647188, ...,  0.01928201,
         0.05247412, -0.00061497],
       [-0.04649679,  0.08197369, -0.0077334 , ..., -0.0793457 ,
         0.03185856, -0.08246201],
       [-0.11404096,  0.11375249, -0.08086985, ...,  0.02074561,
        -0.06307264,  0.0865408 ]], dtype=float32), 'encoder.fc.2.bias': array([-0.13222462,  0.01659909, -0.01720472, ...,  0.11100815,
        0.05492907,  0.0406441 ], dtype=float32), 'encoder.fc.4.weight': array([[-0.00989104, -0.08033095, -0.01232765, ..., -0.04703631,
        -0.03171856, -0.07249382],
       [ 0.0130111 , -0.0313551 , -0.02548843, ...,  0.00235644,
         0.04348499,  0.01299852],
       [ 0.02635639, -0.04741253, -0.04942915, ..., -0.01149503,
         0.0312936 , -0.05154583],
       ...,
       [-0.07263377,  0.01630794,  0.04546344, ..., -0.02574489,
        -0.01925677, -0.00828735],
       [-0.03939432,  0.01146767,  0.00362434, ...,  0.05178228,
         0.0374398 ,  0.00409622],
       [-0.08144826, -0.01381931,  0.00157835, ..., -0.05589661,
         0.03275093, -0.02452563]], dtype=float32), 'encoder.fc.4.bias': array([-6.15572147e-02, -2.72280183e-02, -9.12006479e-03, -5.57236597e-02,
       -4.92719412e-02, -6.85328543e-02,  5.61783323e-03, -2.78359838e-02,
       -4.93795127e-02, -1.46411583e-02,  2.30122749e-02,  1.90224834e-02,
       -5.87350801e-02, -6.65348768e-02,  1.30737498e-02,  4.93789464e-03,
       -6.77471682e-02, -1.62391792e-04, -2.92990692e-02,  3.97912525e-02,
       -5.38033061e-02, -5.77718765e-02, -5.81285618e-02, -2.75596473e-02,
        2.66081411e-02, -6.33906713e-03,  1.57936402e-02,  4.76157591e-02,
       -1.23590203e-02, -1.09261565e-03,  3.50513943e-02, -1.21263070e-02,
        2.48155426e-02, -2.35126074e-02, -3.57710458e-02, -5.10291979e-02,
        1.13174859e-02,  3.12729701e-02,  1.53469797e-02,  4.11766320e-02,
        3.29098329e-02,  3.60825062e-02,  4.08659056e-02,  5.12160268e-03,
        3.84919047e-02,  5.04938886e-03, -5.35628051e-02,  6.32219836e-02,
        1.94981024e-02, -5.11000864e-02,  6.25246838e-02, -4.17212062e-02,
        9.61611606e-03,  4.59736772e-03, -5.54568693e-02, -2.97645349e-02,
        3.35346423e-02,  5.79029694e-02, -4.13255626e-03,  5.43928891e-02,
        4.83322516e-02,  2.81363190e-03,  1.33035546e-02,  2.66405512e-02,
       -3.76522988e-02, -1.40292291e-02,  3.75664607e-03, -2.54696719e-02,
       -2.35772139e-04,  3.98111418e-02,  4.33171764e-02, -7.78806657e-02,
        3.46050365e-03,  4.81687151e-02, -2.95223556e-02,  1.44799761e-02,
       -5.52232154e-02, -5.83585643e-04, -4.86351401e-02,  3.41504328e-02,
        4.22270522e-02,  2.98326835e-02, -8.44876748e-03, -4.93980758e-02,
       -6.64050132e-02,  2.12161317e-02, -9.74629261e-03, -6.78895786e-02,
       -6.99684098e-02,  2.44545843e-02, -5.19299805e-02,  5.08545293e-03,
       -6.16350137e-02, -1.62539389e-02,  2.97863893e-02, -2.23025158e-02,
        2.43746638e-02, -7.89240152e-02,  5.65109886e-02, -3.94041464e-02,
        3.27063985e-02,  4.98912632e-02,  3.13994400e-02, -5.41619724e-03,
       -1.66379474e-02,  2.96318755e-02, -3.10920086e-02, -3.02231368e-02,
       -5.54525666e-02,  5.80055825e-02,  7.69035658e-03,  2.83998270e-02,
        1.74625516e-02, -5.68744056e-02,  1.16100414e-02, -3.76478173e-02,
        4.02646745e-03, -7.58143840e-03,  5.05751707e-02, -3.20121855e-03,
       -7.16281831e-02, -1.48375025e-02, -6.35118783e-02, -2.50802040e-02,
       -6.42943680e-02,  1.68673564e-02, -9.47250798e-03, -3.65577638e-02,
        4.13329490e-02,  1.88759472e-02, -2.63091922e-02,  6.75420314e-02,
       -3.36699449e-02, -6.67433664e-02,  4.82917950e-02,  1.16557663e-03,
        3.27615477e-02,  5.66431554e-03, -6.16472252e-02,  1.56009616e-02,
       -8.07955116e-02, -6.08769432e-02, -5.27932644e-02, -1.49403643e-02,
        1.40610365e-02,  2.12029275e-02,  4.45093736e-02,  5.75307347e-02,
        2.34253388e-02, -1.20483227e-02, -4.19644825e-02,  1.94388647e-02,
        4.62150760e-02,  9.99612827e-03, -7.00435252e-04, -5.26257977e-02,
       -2.34798845e-02,  4.71654236e-02,  8.99229664e-03, -8.84207245e-03,
       -4.28597815e-03, -6.78006709e-02,  4.41002026e-02, -3.43631506e-02,
       -2.19519697e-02, -4.19049039e-02,  4.89262044e-02, -7.90743008e-02,
       -3.05863898e-02,  3.08573712e-02,  5.16084097e-02,  7.04900222e-03,
       -7.09968135e-02,  4.02151756e-02,  4.01080661e-02, -3.55964014e-03,
        1.76368095e-02,  2.13571638e-02, -5.31385504e-02,  2.08148384e-03,
       -5.99189922e-02, -4.08624262e-02, -5.46798110e-02,  3.69540751e-02,
        4.09330986e-02,  3.47991064e-02, -3.35956253e-02,  4.72372584e-02,
       -5.00418246e-02,  3.49216163e-02, -3.25377993e-02, -3.58165875e-02,
       -7.28410063e-03,  4.97452216e-03, -4.34155129e-02,  1.73535757e-02,
        1.75256673e-02,  2.78873723e-02,  6.35275664e-03, -3.32928672e-02,
       -6.41416311e-02, -6.94240164e-03, -3.81635986e-02, -7.04386830e-02,
        3.77726071e-02,  5.06993234e-02, -5.97877875e-02, -2.23986246e-02,
       -2.62362268e-02,  3.06064147e-03,  4.60370854e-02,  3.61577384e-02,
        3.90706696e-02,  3.64351049e-02,  5.77304587e-02,  5.58458604e-02,
       -6.56417832e-02, -7.66923055e-02, -1.87232979e-02, -6.88288733e-02,
       -2.69029289e-02,  4.25174460e-02, -1.33742606e-02, -5.11573665e-02,
        5.11068925e-02,  3.48444358e-02,  4.91028950e-02, -1.00091677e-02,
       -6.24403618e-02,  6.27725036e-04, -3.31645980e-02,  3.63497473e-02,
        2.98137944e-02,  2.01711915e-02,  4.26524505e-02,  8.94076470e-03,
       -2.49709636e-02, -4.17021029e-02,  1.85569152e-02,  9.88030247e-03,
       -5.30899549e-03,  5.01754321e-02,  2.44987290e-02, -2.61349659e-02,
       -7.90473968e-02,  1.95731670e-02,  2.42618192e-02,  4.47437055e-02,
        1.97530296e-02,  2.97097787e-02, -1.28476070e-02,  1.69463605e-02,
       -6.85275868e-02,  5.22596017e-02,  9.37813148e-03, -6.27256334e-02,
       -4.15196866e-02,  3.84730636e-03, -7.64508620e-02, -5.55749312e-02,
        1.85235478e-02,  1.50231300e-02, -1.70830302e-02, -6.12674505e-02,
       -1.71193425e-02, -3.72884446e-03, -2.50480007e-02, -5.05116023e-02,
       -2.41669379e-02,  5.54800853e-02, -1.08174104e-02,  2.27419958e-02,
       -2.61238776e-02,  3.17445248e-02,  3.79129313e-02, -3.76516245e-02,
       -4.94993739e-02, -5.65188006e-02, -3.51220742e-02,  4.06446541e-03,
        3.52146961e-02, -1.00813350e-02, -6.60256073e-02, -6.33946359e-02,
       -7.31860697e-02, -6.78641796e-02, -3.26336212e-02, -6.96861818e-02,
       -2.90251002e-02, -2.56642122e-02,  3.51999253e-02, -9.52273887e-03,
       -3.55434045e-02,  2.22233866e-04, -5.18598780e-02,  8.06893408e-03,
        4.10966612e-02,  5.35183102e-02,  4.31298688e-02,  3.93569581e-02,
        7.33765960e-03, -4.43020016e-02, -3.04641500e-02, -5.55078186e-05,
       -4.92027663e-02, -7.00033531e-02, -2.00128388e-02, -4.04779091e-02,
       -7.78825656e-02,  8.27832799e-03,  2.91939080e-02,  5.38195111e-03,
        2.28485484e-02, -4.16356213e-02, -1.47429295e-02, -1.50404964e-03,
        4.25034463e-02, -4.74080369e-02, -8.13958272e-02,  4.21177074e-02,
        7.00760633e-02,  4.32699174e-03, -3.72672523e-03, -5.93333393e-02,
       -1.00717442e-02, -4.56969552e-02, -2.88407803e-02, -6.11226819e-02,
       -1.95034519e-02, -5.50066195e-02, -9.20601562e-03, -3.97340916e-02,
       -4.66210209e-02,  2.37704013e-02, -5.43344915e-02, -1.19347097e-02,
        2.01530401e-02, -5.30924536e-02, -5.70189059e-02,  4.51608710e-02,
       -4.94156498e-03,  9.18759219e-03, -7.80397654e-02,  8.39690957e-03,
        4.34921868e-02,  5.61547615e-02, -6.41781464e-02,  2.86983401e-02,
       -3.93072590e-02,  1.16929105e-02, -6.55270517e-02,  3.02442051e-02,
        4.13484825e-03, -7.60078281e-02, -5.24427481e-02,  2.31001284e-02,
        2.12567649e-03,  1.08921221e-02,  2.52718963e-02,  4.87378091e-02,
       -1.16347251e-02,  2.67053768e-02, -7.16103092e-02,  1.90978050e-02,
       -4.20228541e-02, -3.16429436e-02, -6.19160049e-02, -1.15250871e-02,
       -7.30580315e-02, -2.64420584e-02, -6.65021734e-03, -8.50630086e-03,
       -5.67089394e-02,  1.00418483e-03, -1.27475103e-02, -2.05281992e-02,
       -4.08573598e-02, -2.78146770e-02, -4.44015786e-02, -4.81883287e-02,
        6.22594431e-02,  4.59094457e-02, -3.79944593e-03, -1.42867323e-02,
        4.30183075e-02, -2.06766743e-02, -2.85655688e-02, -6.06158525e-02,
       -2.28411462e-02,  1.43257040e-03,  6.40247110e-03, -8.05092007e-02,
       -3.94738801e-02, -7.33436346e-02,  4.34834696e-03, -1.13934726e-02,
       -7.84183070e-02, -5.85026182e-02,  1.85683426e-02, -4.30602320e-02,
        3.27179506e-02, -5.15245348e-02,  3.81605048e-03, -4.25799489e-02,
        2.49723700e-04,  5.32378666e-02,  3.39552620e-03, -2.43873503e-02,
       -1.39766559e-02, -5.58260046e-02,  2.41282247e-02, -6.88469131e-03,
       -1.00293048e-02,  4.53487672e-02, -3.04689836e-02, -2.54056398e-02,
       -4.85201664e-02, -3.26074450e-03, -6.58516809e-02, -2.41843015e-02,
       -1.15855522e-02,  5.56136444e-02, -7.66759664e-02, -1.40375327e-02,
       -5.17887846e-02, -2.11932864e-02, -3.01213376e-03, -3.73845771e-02,
       -3.77589725e-02, -3.39554362e-02, -1.37927849e-02, -5.49824536e-02,
        3.11820973e-02, -1.18253939e-02,  4.78559248e-02, -2.24988032e-02,
       -7.11567625e-02,  4.91045006e-02, -1.31851509e-02, -5.15998192e-02,
       -5.39372303e-02, -2.24686712e-02,  5.19089308e-03, -2.16329135e-02,
        2.15979870e-02, -3.94871496e-02, -2.31999927e-03, -2.42969990e-02,
       -1.04190055e-02, -6.54180720e-02, -6.57461360e-02, -1.63370986e-02,
        2.24035084e-02, -6.06429158e-03,  5.35953343e-02, -7.89996758e-02,
       -7.02986196e-02,  1.72826904e-03,  8.50579143e-03, -2.56141219e-02,
       -5.88060059e-02, -7.85232559e-02, -6.19563721e-02,  2.37289462e-02,
        8.44480097e-03,  5.83366770e-03, -3.59516889e-02, -2.34678499e-02,
        6.41582906e-02, -6.05896078e-02, -7.02264458e-02, -4.64927927e-02,
       -3.97611521e-02,  2.60058846e-02,  4.99840900e-02, -4.30766046e-02,
       -1.20762866e-02, -5.88584282e-02,  5.46916686e-02, -4.17736210e-02,
       -1.61882993e-02, -1.11409063e-02,  4.68765646e-02, -2.24785004e-02,
        3.12137455e-02, -4.82663140e-02,  6.97993208e-04, -3.56345996e-02,
       -3.70762907e-02, -4.04661372e-02, -5.66480830e-02, -7.11303577e-02,
       -1.25154402e-04,  2.26355288e-02, -4.51648049e-02, -1.25707518e-02,
       -5.76134250e-02,  1.10501442e-02,  1.51165784e-03,  4.10773978e-02],
      dtype=float32), 'encoder.fc.6.weight': array([[-0.09055509, -0.06924184,  0.01410391, ..., -0.04708788,
        -0.03430791, -0.10124709],
       [ 0.10873199,  0.11030398,  0.1205479 , ...,  0.09854599,
        -0.11978751,  0.07181075],
       [-0.04123462, -0.0632688 , -0.0755313 , ..., -0.00216708,
         0.08115378, -0.12051523],
       ...,
       [ 0.04782002, -0.11682689,  0.05300772, ..., -0.09066083,
         0.04887502,  0.10954565],
       [ 0.07911406, -0.05208869,  0.00628956, ...,  0.00617125,
        -0.00338098,  0.10850362],
       [-0.07560054,  0.06608351,  0.0810771 , ...,  0.04700689,
        -0.07543249,  0.08837022]], dtype=float32), 'encoder.fc.6.bias': array([ 0.06135477, -0.02525679, -0.07537491,  0.02036427, -0.05422261,
       -0.09595601,  0.06404089,  0.08401635,  0.03499035, -0.09098149],
      dtype=float32), 'decoder.fc.0.weight': array([[-0.29250613,  0.7161922 ,  0.72116655, ...,  0.2851459 ,
        -0.08133147,  0.21276182],
       [-0.53299576,  0.45109633, -0.24273704, ..., -0.5971794 ,
        -0.24545582, -0.8798644 ],
       [-0.7670075 , -0.30785182,  0.05957663, ..., -0.43506798,
        -0.29531553, -0.6916267 ],
       ...,
       [-0.962308  ,  0.04547729, -0.33735663, ...,  0.7250016 ,
         0.16944848, -0.00829289],
       [ 0.53254443, -0.53516746,  0.6112662 , ...,  0.17736481,
        -0.86121136, -0.43102998],
       [ 0.391261  ,  0.18430655, -0.88292056, ...,  0.5214513 ,
        -0.6706134 , -0.35902834]], dtype=float32), 'decoder.fc.0.bias': array([-2.87842840e-01, -1.59212396e-01,  2.52818257e-01, -7.18808115e-01,
        2.85252273e-01,  7.77709901e-01,  8.45735669e-01,  1.77796856e-01,
       -7.73660958e-01,  2.62420505e-01, -6.44662753e-02, -7.81971931e-01,
       -2.13534221e-01,  2.22885743e-01, -5.49601391e-02,  1.07017055e-01,
       -2.22311899e-01,  1.40272928e-02,  5.57606876e-01, -2.12607101e-01,
       -4.33247298e-01,  3.48594725e-01,  8.59194100e-02, -3.90095800e-01,
        6.25180781e-01,  5.65237701e-01,  4.62350845e-01,  5.45834959e-01,
       -3.51981223e-01,  2.87272841e-01,  6.64063513e-01, -1.95555389e-01,
        6.78633451e-01, -8.05601120e-01,  6.14845216e-01, -3.22043091e-01,
        2.32110754e-01,  9.01839554e-01, -5.78593075e-01, -8.37332487e-01,
       -6.51374698e-01,  2.77122527e-01, -7.72884190e-01,  2.29332820e-01,
        9.52310622e-01, -2.28395481e-02, -2.25491360e-01,  6.43716455e-01,
        7.29475498e-01,  5.88725433e-02, -8.17832708e-01, -7.78210819e-01,
       -2.61643171e-01,  4.18306231e-01, -3.42931181e-01, -7.30344281e-02,
        7.74410188e-01,  9.02615130e-01, -6.21705413e-01, -3.08843940e-01,
       -4.50355351e-01,  7.27887228e-02, -2.46006817e-01,  4.77712184e-01,
        9.52035785e-01,  6.65628612e-01,  2.30156213e-01, -2.15733424e-01,
       -7.15481997e-01, -6.56446338e-01,  5.76890945e-01,  5.52854478e-01,
       -2.65586317e-01,  1.35275543e-01, -7.63139665e-01,  8.42898965e-01,
        5.39548397e-01,  8.97244871e-01,  1.22329118e-02, -3.16959798e-01,
        6.57244995e-02, -8.79652858e-01,  3.34250122e-01,  5.61747611e-01,
        6.86744750e-01, -4.51190501e-01,  8.73272657e-01, -4.94434863e-01,
        7.43781388e-01, -4.18148547e-01, -1.12637267e-01, -9.00802135e-01,
       -4.04187664e-02, -4.83966678e-01, -1.67640269e-01, -8.22678953e-03,
       -4.79748920e-02, -4.80560631e-01, -5.05584776e-01,  9.19076383e-01,
        6.98203266e-01, -7.02036619e-01, -5.30956566e-01, -8.96685004e-01,
        4.39425588e-01, -6.19589865e-01, -1.36543661e-02,  6.36163950e-02,
       -2.34954968e-01, -6.95911229e-01,  1.78741366e-01,  1.29375502e-01,
       -2.02783078e-01,  2.13955298e-01, -2.91062772e-01,  1.92478344e-01,
        9.97824222e-02,  5.64751446e-01,  3.45318645e-01,  4.09829736e-01,
        7.14471757e-01, -2.02354327e-01,  5.51792741e-01,  5.29873610e-01,
       -3.28020900e-01,  1.60093904e-01, -5.37021644e-02,  6.51649475e-01,
        7.37873986e-02, -1.94252402e-01, -3.41315120e-01, -7.70591199e-01,
       -1.45792723e-01,  4.88532960e-01, -8.88343751e-01, -7.95953572e-01,
       -4.15837020e-01, -3.96180451e-01, -9.12039757e-01, -4.31815445e-01,
       -1.75898775e-01,  3.19360286e-01, -3.75215441e-01,  5.04566655e-02,
        6.00510955e-01,  7.51003563e-01, -5.69398701e-01,  6.42495036e-01,
        8.49692941e-01, -2.50740409e-01, -6.77007198e-01,  8.24051023e-01,
        4.55620661e-02, -3.38275969e-01,  8.39077473e-01,  7.86118627e-01,
        8.93266261e-01, -6.88597441e-01,  4.90289629e-01, -7.76594281e-01,
        2.81088620e-01, -3.34534734e-01,  5.46869159e-01, -1.43259257e-01,
        5.46355367e-01, -3.06107491e-01,  5.38787425e-01,  3.12125474e-01,
        9.40304518e-01, -2.44304180e-01, -8.33845317e-01, -9.08600807e-01,
       -1.69431865e-01,  7.86755264e-01,  9.58310902e-01,  6.40294969e-01,
       -5.14491379e-01,  3.96187425e-01, -4.69884336e-01, -7.73998439e-01,
       -1.93106487e-01, -3.44473541e-01,  8.70019197e-01,  2.23886013e-01,
       -7.12646604e-01,  3.58426988e-01,  6.31457334e-03,  6.44355953e-01,
        6.79609001e-01,  2.13581160e-01, -6.89702511e-01,  1.39058232e-01,
        7.80196071e-01, -9.37254727e-01, -5.51120400e-01,  5.31154752e-01,
        4.48671013e-01,  1.70469299e-01,  2.80750483e-01,  7.33915806e-01,
        9.21369433e-01, -2.90206909e-01,  6.52278885e-02,  7.76567161e-01,
       -6.51637733e-01,  6.94288254e-01,  3.88509601e-01,  1.34313583e-01,
       -2.34299257e-01, -6.29648194e-02,  5.14943361e-01,  4.19340909e-01,
        2.41713196e-01, -5.07750988e-01, -2.18935758e-02, -8.68811607e-01,
       -6.35669827e-01,  3.17465276e-01,  1.01384319e-01,  6.96589768e-01,
        3.04957867e-01, -8.02278519e-01,  1.69349998e-01,  2.09964484e-01,
        3.10739666e-01, -6.65103734e-01,  9.63658750e-01, -4.85564798e-01,
        2.79551089e-01,  5.87091267e-01, -1.21054240e-02,  1.41580418e-01,
        2.91388202e-02,  4.56342787e-01,  6.73385143e-01,  1.71074659e-01,
        1.11080877e-01,  6.20893359e-01,  1.11393802e-01,  9.01392400e-02,
       -3.89381617e-01,  4.31474149e-01,  3.78013432e-01,  5.23610294e-01,
        6.14301920e-01,  4.98699963e-01, -4.42747653e-01,  2.63276786e-01,
        7.43429542e-01,  7.56884098e-01, -5.65983713e-01, -4.60082591e-01,
       -1.78032853e-02,  3.45187068e-01, -2.07723621e-02,  5.33878744e-01,
        3.98105532e-01, -8.72727931e-01, -1.94342770e-02,  6.00601733e-01,
       -7.39870295e-02, -5.12411952e-01, -9.13944662e-01, -5.28369069e-01,
        1.62787184e-01, -6.00585520e-01,  6.20685577e-01, -7.69309998e-01,
        3.35040957e-01,  8.51928964e-02, -8.95970967e-03,  6.21812284e-01,
       -1.08424827e-01, -8.22029114e-01,  2.48637646e-01, -8.06582570e-01,
       -9.12048295e-02,  8.97341311e-01, -4.96734828e-01,  3.45291108e-01,
       -8.00327301e-01, -6.09435737e-01,  6.03833459e-02,  3.15650731e-01,
       -5.68233468e-02, -6.73770979e-02, -3.79464298e-01, -6.78529799e-01,
        3.89406443e-01, -7.00397491e-01,  3.58518995e-02,  8.58611822e-01,
        5.91003418e-01,  7.45978296e-01, -5.75962365e-01,  4.93476003e-01,
       -3.96744668e-01, -6.19502604e-01,  5.55959880e-01,  8.48533094e-01,
        2.11785853e-01,  1.67824417e-01,  1.37916028e-01, -5.47802925e-01,
        8.20184767e-01, -2.16643602e-01,  8.31082389e-02,  6.76787615e-01,
        1.13309571e-03,  1.95969641e-01,  1.49222642e-01, -3.98490697e-01,
        9.02165651e-01, -3.74309480e-01, -1.95809498e-01,  7.27840781e-01,
        4.82035697e-01, -4.43622828e-01,  4.41378862e-01, -5.81942499e-01,
        8.58024478e-01, -7.75536656e-01,  5.02069831e-01,  2.56664127e-01,
       -7.40121365e-01,  4.04046595e-01, -3.50409150e-01, -9.46503133e-02,
       -9.41625834e-01,  2.18059614e-01,  3.35094184e-01,  7.20797956e-01,
       -4.68597054e-01, -9.97665375e-02,  4.70686167e-01,  1.05178662e-01,
        7.18116581e-01, -7.65677035e-01,  8.30305755e-01,  8.52246821e-01,
        6.29027009e-01, -2.88721681e-01,  5.34436941e-01, -9.00001049e-01,
        6.36326730e-01,  1.47035286e-01, -1.62164271e-01,  2.52764136e-01,
       -2.20760405e-01, -3.58968675e-01, -3.33395541e-01, -2.72289395e-01,
        5.12208164e-01, -1.46828577e-01, -8.64199102e-01,  2.32225254e-01,
        6.43035528e-05, -3.66105556e-01,  7.47553587e-01, -5.04579365e-01,
        5.28225243e-01, -6.43615246e-01, -4.61495459e-01,  6.73511147e-01,
       -2.68626302e-01,  7.32954621e-01, -4.56614524e-01, -5.54028451e-01,
        8.38377535e-01,  2.85705298e-01, -7.69715250e-01, -6.09383166e-01,
       -5.06910607e-02, -5.68864159e-02,  7.87843645e-01, -9.32490289e-01,
       -1.81794763e-01,  1.45190760e-01,  3.09866995e-01, -1.79669634e-01,
        6.95013907e-03, -6.96022093e-01,  6.77507937e-01,  3.49398822e-01,
        4.70460713e-01,  6.64601266e-01,  1.19893523e-02,  2.03973800e-01,
       -8.12708497e-01, -7.05454350e-02,  7.63546675e-02,  7.95894563e-01,
       -4.69943643e-01, -4.13126081e-01,  6.39807820e-01,  6.27674937e-01,
        7.26505041e-01, -5.01031995e-01, -9.31451142e-01,  8.12205911e-01,
       -9.53381598e-01, -2.47387901e-01,  4.07615751e-01,  1.23357221e-01,
       -3.82697761e-01, -8.15910339e-01, -8.24735403e-01, -6.63608432e-01,
       -5.24012297e-02,  5.32508314e-01, -8.84287417e-01, -8.32124591e-01,
       -9.20728873e-03,  9.36592668e-02, -2.79887140e-01, -4.10334915e-01,
        7.60659873e-01,  7.17408240e-01,  5.48080266e-01,  8.37689400e-01,
       -1.47563413e-01, -2.86490589e-01,  1.92143649e-01,  7.14288592e-01,
        1.63649172e-02,  3.71980220e-01, -5.86014271e-01,  2.80893087e-01,
       -5.90314567e-01, -3.08156963e-02,  9.21482921e-01, -4.69441682e-01,
        3.72644871e-01, -3.88183594e-01, -6.01134419e-01,  7.38119960e-01,
       -4.28813159e-01, -6.18364215e-01, -4.81826544e-01,  6.32682383e-01,
       -1.72114521e-01, -9.00013208e-01, -1.39165580e-01,  4.70574856e-01,
       -8.09530020e-01, -1.10015988e-01, -6.78365946e-01,  8.25668752e-01,
       -7.20285654e-01, -7.23342240e-01, -7.60456800e-01, -6.43152118e-01,
       -7.51078248e-01,  5.88083923e-01, -8.22479129e-02, -1.00266889e-01,
        7.20548630e-01, -3.87723744e-01, -6.83348358e-01,  2.92605549e-01,
       -4.19603258e-01, -2.37312943e-01, -7.57840574e-01, -7.37424970e-01,
        8.51216435e-01,  1.23004042e-01,  3.25217545e-01,  7.13077903e-01,
        4.34444755e-01, -8.28675687e-01,  7.48967052e-01, -8.77899528e-01,
       -5.34481287e-01,  7.91229486e-01, -3.52842480e-01, -2.02103794e-01,
       -2.39266887e-01,  6.35128319e-01,  9.65020239e-01,  3.97204161e-01,
       -4.04176801e-01,  8.82660151e-01,  4.39944178e-01, -8.39881480e-01,
       -1.39084980e-01, -2.97111034e-01, -4.76556420e-01, -9.00009096e-01,
       -6.06847405e-02,  9.45744216e-01, -8.12157571e-01, -6.85306191e-01,
       -4.52473104e-01,  7.25339890e-01, -7.10419655e-01, -2.05515712e-01,
       -6.62702441e-01,  8.32201898e-01,  8.77823949e-01,  5.12176752e-02],
      dtype=float32), 'decoder.fc.2.weight': array([[-0.09686713,  0.05439748, -0.14461443, ...,  0.11786675,
        -0.12123986,  0.10987396],
       [ 0.10209327, -0.00759339, -0.05264365, ..., -0.03117886,
         0.1116382 ,  0.06164765],
       [ 0.07773364, -0.15134774, -0.00801171, ...,  0.11464173,
         0.0823908 ,  0.01566328],
       ...,
       [ 0.08592356, -0.10377192, -0.07209726, ...,  0.10151194,
        -0.1386746 ,  0.0168296 ],
       [ 0.05668388, -0.02599195, -0.08857312, ..., -0.06697237,
         0.09707338,  0.06220955],
       [-0.02632944,  0.02277712,  0.00377575, ..., -0.04085136,
        -0.01598642, -0.03059164]], dtype=float32), 'decoder.fc.2.bias': array([ 0.07369916,  0.12689127,  0.05945928, ..., -0.06585487,
       -0.10173319, -0.10148811], dtype=float32), 'decoder.fc.4.weight': array([[-0.06042735,  0.0547124 ,  0.00843505, ..., -0.02744748,
         0.03667152, -0.0171577 ],
       [-0.04682605, -0.03930414, -0.0115213 , ..., -0.03384503,
        -0.05044027, -0.04466332],
       [ 0.00590003,  0.01681389, -0.04500722, ..., -0.01935371,
         0.02427923, -0.05392163],
       ...,
       [-0.02542263, -0.01563616,  0.058708  , ..., -0.00629044,
        -0.03212505, -0.06789122],
       [ 0.0285408 ,  0.04224236,  0.06841936, ..., -0.00829247,
        -0.04193065,  0.02466574],
       [-0.04667159,  0.00472355,  0.04952201, ..., -0.00512213,
         0.05502759, -0.02647482]], dtype=float32), 'decoder.fc.4.bias': array([-0.02812579, -0.06121692, -0.08385085, -0.04266298,  0.02555109,
        0.03629086, -0.03060251,  0.00138719,  0.00758042,  0.04322496,
       -0.02682846,  0.00516413,  0.02032104, -0.03881408,  0.03595139,
       -0.02057992, -0.05023936, -0.05501645, -0.00155724,  0.03410265,
        0.0304335 , -0.02306632,  0.01755627,  0.00313113, -0.00216508,
       -0.01588439,  0.01729849, -0.03234022,  0.0377962 , -0.05403331,
       -0.06006815,  0.05731465,  0.04060308, -0.04597714,  0.0321922 ,
        0.04009936, -0.06492332,  0.03030916,  0.00650208, -0.03312048,
       -0.0071203 , -0.0814603 , -0.07208897, -0.04387159,  0.05890943,
       -0.01417909, -0.05897278,  0.0259534 , -0.03031623, -0.04734148,
       -0.07004751,  0.01628631,  0.01331394, -0.07921614, -0.06257652,
        0.02023089,  0.04284846, -0.06743301, -0.06160443,  0.00867204,
       -0.02548985,  0.0048912 ,  0.02393783,  0.05435367, -0.02013917,
        0.01233163,  0.01617256, -0.04119408,  0.01690327, -0.07705995,
       -0.06154029, -0.01229919, -0.00028868,  0.03499795, -0.00944282,
       -0.03851582,  0.06920576,  0.05005154, -0.04920835, -0.0230295 ,
        0.06367858, -0.05998386, -0.07196288,  0.0273137 ,  0.06181495,
       -0.06781133, -0.04806689, -0.04910837, -0.07695258, -0.04665398,
       -0.07695841,  0.01504864,  0.05644546,  0.05504325, -0.08001601,
       -0.05248189, -0.03027719,  0.01590997, -0.0028877 , -0.05690106,
        0.06027391, -0.02522037,  0.06065959, -0.0649218 ,  0.01850435,
        0.06199491, -0.01136065,  0.04564841, -0.01574513,  0.06383149,
        0.00748349, -0.01487045,  0.02762835,  0.01445077,  0.00392536,
        0.05214107,  0.00896602, -0.04389911, -0.00232944,  0.05430887,
       -0.03839673,  0.02352461, -0.02758345,  0.01444245, -0.00655029,
       -0.00068037, -0.10260084,  0.04338108, -0.04812554,  0.05693722,
        0.03178936,  0.0245463 , -0.02263349, -0.01141898, -0.03701623,
       -0.04625621, -0.06068415, -0.02502734,  0.02999716,  0.05748254,
       -0.02240881,  0.03675797,  0.02268863,  0.01968598,  0.02986178,
       -0.05060463, -0.04199835,  0.02104633, -0.03834896,  0.05172244,
       -0.01808982,  0.00661132,  0.04223792,  0.01206866, -0.00652827,
       -0.02728195, -0.05943733, -0.04101107,  0.02384367, -0.01334341,
       -0.0204639 , -0.03883006, -0.06294106, -0.05522336, -0.01333154,
        0.04436567,  0.01296782, -0.05047977, -0.01557103, -0.05545331,
       -0.01840917, -0.06917489, -0.03937433, -0.02634999, -0.0676785 ,
        0.02000935, -0.06938937, -0.05497034,  0.06249706,  0.05329311,
       -0.00149326, -0.06125426,  0.01205818, -0.06695744, -0.06626237,
        0.03410288, -0.01875154,  0.0070035 ,  0.027116  ,  0.03882076,
       -0.05676522,  0.03104139,  0.04599376, -0.06229524, -0.09038424,
        0.01308185,  0.05475432, -0.00163547,  0.0526686 , -0.0305434 ,
        0.00887316, -0.0576323 , -0.06139102, -0.00992232,  0.05948771,
       -0.03261641,  0.03883857, -0.05153009,  0.04561975, -0.03434184,
       -0.0418727 ,  0.02310153,  0.00305341,  0.05601316,  0.05308231,
        0.02616744,  0.03397823, -0.02320098,  0.02167045,  0.00027783,
       -0.04415626,  0.04948806, -0.02176569,  0.04454884, -0.06366654,
       -0.00651367, -0.00419404, -0.06312746,  0.07103373,  0.0248957 ,
       -0.01382375, -0.04198476, -0.07373237, -0.05801611, -0.06001132,
       -0.00784806, -0.02502077, -0.03757821, -0.00240446,  0.04470273,
        0.02668397,  0.00578657,  0.0424571 , -0.0153121 , -0.08358727,
        0.04085451, -0.01606724, -0.03090507,  0.00307518,  0.01703729,
       -0.01353088,  0.05677353,  0.01544035,  0.02466951,  0.07090607,
       -0.00431531, -0.06652062, -0.04736403,  0.02899406, -0.05236499,
       -0.04768956,  0.01938249,  0.02990863, -0.00216639, -0.06376116,
       -0.01197874, -0.06928679, -0.00514465, -0.03562455, -0.05378337,
       -0.05064744,  0.01754794, -0.02644086,  0.04516552,  0.02274311,
        0.04338681, -0.02804753,  0.03367339, -0.04719327, -0.05389641,
       -0.00986382,  0.01743417, -0.0536504 , -0.07034028,  0.03501279,
        0.01608822, -0.02965529,  0.0129546 , -0.06166214, -0.0516675 ,
       -0.03490128, -0.00212586,  0.04064985,  0.01129955, -0.04110944,
       -0.02256223, -0.00669378,  0.02728067,  0.06371991,  0.0505471 ,
        0.01725066, -0.03990239,  0.05404453,  0.0340945 ,  0.07187435,
        0.04988987, -0.05824671,  0.04175132, -0.03217096,  0.0174622 ,
       -0.06345924,  0.04595764,  0.00416549,  0.03350203,  0.06245756,
       -0.03462347, -0.06514723,  0.00282212,  0.05240299,  0.03282749,
       -0.03349821,  0.02176577, -0.00808954, -0.07097583, -0.04221176,
        0.02276412, -0.00526817, -0.03509383, -0.03835328,  0.01668254,
       -0.03835198,  0.01513716, -0.0559223 ,  0.05060945,  0.0080878 ,
       -0.04280914, -0.07038645,  0.02116475, -0.07662822, -0.07474089,
       -0.0174935 , -0.01904456,  0.03890728, -0.01910728, -0.00410436,
        0.02840071,  0.05199822, -0.01414143, -0.06995197,  0.06331355,
       -0.05059063, -0.08186555, -0.06750526, -0.07585794, -0.06833903,
        0.00254598, -0.02649241, -0.03159481, -0.04639249, -0.01231711,
        0.05447384,  0.02760433,  0.04105138, -0.02936224, -0.01814408,
        0.05129853, -0.08030446, -0.06607616,  0.01963866, -0.02400196,
        0.02292434,  0.04522874, -0.00463717, -0.05526394, -0.07352969,
       -0.00670788,  0.06056377, -0.04758069, -0.05061955, -0.05714968,
       -0.01951865, -0.05378567, -0.00281372, -0.01005917,  0.02728398,
       -0.07196503, -0.00769104, -0.0594556 ,  0.06334084,  0.0070965 ,
       -0.06484368,  0.04756674, -0.03145148,  0.04660702,  0.03138321,
       -0.07056788,  0.02059848,  0.02768382,  0.05339894, -0.0039398 ,
       -0.00748726, -0.02493984,  0.06619962,  0.06460741, -0.05208812,
        0.02678076,  0.0581355 , -0.02099266,  0.00875638, -0.07958988,
        0.05309973, -0.06922992,  0.04875565,  0.02291895,  0.03227456,
       -0.00083251, -0.04452071, -0.06798521, -0.01702427, -0.01406948,
       -0.03946133, -0.0399797 ,  0.00774698,  0.01161603, -0.02614472,
        0.02348897,  0.002805  ,  0.04060354,  0.05858212,  0.00633527,
       -0.04784693,  0.02612877,  0.01501174, -0.02866973,  0.06195659,
       -0.02215665, -0.06626135,  0.06926512, -0.0253037 ,  0.00163783,
       -0.00914317, -0.04352655, -0.06545936,  0.0728204 , -0.01705224,
       -0.03156141, -0.07575329,  0.01403152,  0.04428811,  0.0522404 ,
        0.00268312,  0.05765444,  0.03942657, -0.05218564, -0.06615057,
       -0.07038946,  0.00492894, -0.00556635, -0.0444818 ,  0.01309756,
        0.01218607,  0.0116994 , -0.07038987, -0.05857547, -0.01444358,
       -0.05538108, -0.01809183, -0.00800051,  0.00823173,  0.05005146,
        0.05234053, -0.06347146,  0.05008434, -0.02575183,  0.05729305,
       -0.01639142,  0.02043688, -0.02230944, -0.02617375, -0.00364782,
       -0.03016667, -0.03706844, -0.0229346 , -0.06430534,  0.06508844,
       -0.04300811, -0.04760942, -0.04551403, -0.02470248, -0.07440259,
        0.00394996, -0.02494773, -0.05315659,  0.02932388,  0.03729317,
       -0.06320051, -0.05968488, -0.02601993, -0.00344637, -0.05596624],
      dtype=float32), 'decoder.fc.6.weight': array([[ 0.03615603, -0.04453937,  0.03909956, ..., -0.11795235,
         0.09284461, -0.03821271],
       [-0.00653755, -0.02028991,  0.03653257, ..., -0.08981894,
         0.12814148, -0.11366031],
       [ 0.10634073, -0.12742431,  0.02462396, ...,  0.09037656,
        -0.02478475,  0.10466556],
       ...,
       [ 0.09285389, -0.07124595,  0.09616604, ...,  0.08086577,
        -0.12456118,  0.04090161],
       [-0.08577386,  0.07890538, -0.12081949, ..., -0.07566603,
         0.04894881,  0.16081913],
       [-0.07050508, -0.02578995, -0.0462486 , ..., -0.05321428,
        -0.13042375,  0.08680008]], dtype=float32), 'decoder.fc.6.bias': array([0.00998383, 0.00216446, 0.11790285, ..., 0.11664451, 0.06180679,
       0.13048968], dtype=float32)}
127.0.0.1 - - [27/Jan/2025 20:32:54] "GET /api/status HTTP/1.0" 200 157
[Time: 27.01.25 20:32:54] [Level: info] [State: aggregate] {'encoder.fc.0.weight': array([[-4.3873042e-02,  2.5379741e-05,  5.4492867e-03, ...,
        -1.9021226e-02,  3.4838505e-02, -2.0844501e-02],
       [ 2.2688862e-02,  1.7755261e-02,  5.3863409e-03, ...,
         7.6732622e-03, -2.8473847e-02, -1.2742685e-02],
       [-2.3205746e-02, -2.4715740e-02, -1.8240040e-02, ...,
         1.2012413e-02,  2.4696386e-03, -1.2886609e-02],
       ...,
       [-1.5362234e-02, -3.8028117e-02, -1.5672367e-02, ...,
        -2.7744099e-02,  2.9801158e-02, -3.4324113e-02],
       [ 4.5960699e-03,  3.6098320e-02,  7.5651123e-03, ...,
         2.0675024e-02, -6.8082707e-03, -2.3234526e-02],
       [ 1.1689188e-02, -2.8522208e-03, -3.5087403e-02, ...,
         2.7043833e-03,  1.8123433e-02, -1.0644685e-03]], dtype=float32), 'encoder.fc.0.bias': array([-1.44365123e-02, -5.04716523e-02, -1.50939263e-02, -1.85308773e-02,
        2.30037551e-02,  9.61858220e-03, -1.36344824e-02,  9.62047745e-03,
       -3.94160440e-03, -6.48138486e-03, -1.39313973e-02,  1.33567881e-02,
       -1.62279140e-02, -2.80769709e-02, -2.35599857e-02, -4.15007118e-03,
       -4.28435765e-02, -2.49309614e-02,  7.83182308e-03, -6.25047274e-03,
        5.03176637e-03,  7.61540560e-03, -4.08700258e-02, -9.49987117e-03,
       -4.55699861e-02, -4.32284689e-03, -2.34001651e-02, -2.75467802e-02,
       -2.80428454e-02,  8.24327860e-03, -1.84737090e-02, -3.73846702e-02,
       -1.45381540e-02, -3.72398086e-02, -1.70759356e-03,  1.15938960e-02,
        2.86353659e-03,  7.03159487e-03, -1.27047794e-02, -1.10258590e-02,
       -3.52748036e-02, -2.10369881e-02,  1.11534605e-02, -3.74343060e-03,
       -4.74973768e-02,  3.70829785e-03, -7.66272377e-03, -8.49199295e-03,
        2.32513659e-02, -1.36138787e-02,  3.17414966e-03, -1.55241042e-02,
       -2.87178736e-02, -2.64984667e-02, -1.00758923e-02, -2.58465242e-02,
       -5.26220817e-03, -2.04662252e-02, -2.21266337e-02, -5.91705218e-02,
        3.00083915e-03, -2.58582272e-02, -9.26565658e-03, -3.33461910e-02,
       -1.43782841e-02, -3.32927965e-02,  2.85576400e-03, -2.97896601e-02,
       -2.80052852e-02,  5.06935967e-03, -9.97904316e-03, -1.16285461e-03,
       -3.96659523e-02,  4.21493547e-03, -2.27231197e-02, -1.94041152e-02,
        4.65673534e-03, -3.70814651e-02, -4.13594916e-02, -2.02450901e-02,
       -4.31022421e-02, -3.86284627e-02, -3.18520293e-02, -1.45522747e-02,
       -1.50503423e-02, -3.18198800e-02, -4.25211433e-03,  1.96737088e-02,
       -1.54179465e-02,  1.85777079e-02, -3.85665856e-02,  1.41379666e-02,
       -3.51374149e-02, -2.79803053e-02, -1.16044227e-02, -1.34037100e-02,
       -4.39299643e-02, -1.94041263e-02,  5.93261002e-03,  3.18734422e-02,
        4.16017231e-03, -2.34050769e-02, -1.90818999e-02, -4.77539115e-02,
        1.65523607e-02, -2.42199264e-02, -2.44964603e-02, -2.75457259e-02,
        1.60258878e-02, -1.20977648e-02, -6.22877898e-03, -2.64014583e-02,
       -4.53047678e-02, -2.96686999e-02, -4.80893115e-03,  1.79231390e-02,
        3.63613702e-02, -2.89248209e-02, -1.02711488e-02, -5.22107631e-03,
       -3.28931808e-02,  8.63680057e-03, -3.78513671e-02, -4.95347753e-02,
        1.11625679e-02, -3.90768312e-02, -4.28971760e-02, -2.67714146e-03,
       -9.75704985e-04, -2.74989028e-02, -5.78389270e-04, -2.35871486e-02,
       -2.67609674e-02, -5.52752018e-02, -4.75621745e-02,  2.38888711e-02,
       -1.90130156e-02, -5.13469465e-02, -3.93229909e-02,  6.01459015e-03,
       -1.64965633e-02, -1.30400034e-02, -3.35537083e-02,  2.62291799e-03,
        9.08538699e-03, -2.17123777e-02, -3.46865915e-02, -3.99527475e-02,
       -1.97426882e-02, -5.13653867e-02, -4.04118234e-03, -1.64175089e-02,
        2.56158505e-02, -2.86801662e-02, -1.57368686e-02, -9.98093747e-03,
       -1.91091280e-02, -4.19022366e-02,  5.70614975e-05, -1.46610448e-02,
        6.89580711e-03,  2.11686222e-03,  1.12811802e-02, -9.47213080e-03,
       -1.59665085e-02, -4.79097627e-02, -3.59441005e-02, -2.98748557e-02,
       -4.46487963e-02, -3.68563533e-02, -1.88605711e-02, -4.76887170e-03,
        2.88591633e-04, -2.08354276e-02, -3.88529673e-02, -2.52599604e-02,
        3.64143495e-03, -8.69582966e-03, -3.05321366e-02, -1.60935447e-02,
       -5.34857735e-02, -4.18454256e-05,  2.73718853e-02,  2.63432972e-03,
       -9.31638409e-04, -1.35512254e-03,  3.00153601e-03, -1.29694701e-03,
        1.07467584e-02, -3.83284912e-02, -4.46238136e-03, -2.34999182e-03,
        2.28181053e-02,  1.52277984e-02, -3.82322329e-03, -3.61609347e-02,
       -9.25915968e-03,  4.17858502e-03, -2.20972151e-02, -2.58059520e-03,
        1.63363654e-03, -5.13606928e-02, -3.27292942e-02,  7.78294576e-04,
       -1.32126617e-04, -4.81515378e-02, -3.09290383e-02, -1.00116655e-02,
       -3.74716409e-02,  1.38578610e-02, -1.28239403e-02,  3.96403903e-03,
       -1.08567737e-02, -6.53993804e-04, -1.26641861e-03, -3.16912793e-02,
       -2.02285349e-02,  1.24774324e-02,  1.40474150e-02, -2.84600090e-02,
       -3.52543779e-02,  7.88766332e-03, -4.81796935e-02, -3.11051290e-02,
       -1.60741583e-02, -3.37760933e-02,  1.56049570e-02, -2.63104797e-04,
       -5.05273901e-02, -2.88378336e-02, -3.67720961e-03,  7.10029202e-03,
       -3.49760614e-03, -2.86538322e-02, -2.78889425e-02, -2.16758181e-03,
       -2.97156330e-02,  3.42260441e-03, -3.78911421e-02, -2.45357174e-02,
       -4.25507640e-03, -3.16099287e-03, -3.40091325e-02, -2.41864589e-03,
       -3.67933735e-02, -4.16589491e-02, -2.53212675e-02, -2.09076088e-02,
       -7.49605335e-03, -2.82406844e-02, -1.01991929e-03, -2.23994013e-02,
       -2.85521038e-02, -3.37111801e-02, -4.18279413e-03, -3.46667902e-03,
       -5.12753837e-02, -5.85677894e-03, -3.89026552e-02, -1.82741117e-02,
       -7.69995805e-03, -2.51784381e-02,  2.47582849e-02, -2.66210455e-02,
       -4.37622471e-03, -2.78201401e-02, -9.74657480e-03, -4.97157723e-02,
        8.56741983e-03, -3.90341729e-02, -5.09586893e-02, -4.54809591e-02,
       -7.46949762e-03, -2.82544605e-02,  1.44005865e-02, -4.03196737e-02,
       -3.07903830e-02,  1.61977503e-02, -8.16748198e-03, -4.80648130e-02,
       -1.99402031e-02, -3.32266949e-02,  1.05143748e-02, -2.01712083e-02,
       -2.33858777e-03, -3.33072394e-02, -2.38846466e-02, -1.16592422e-02,
       -1.00212600e-02, -1.62048396e-02, -4.05588076e-02, -2.29415800e-02,
       -3.45876105e-02, -3.80041339e-02,  1.08446674e-02, -1.75879858e-02,
        8.57357774e-03, -1.06716529e-02, -2.09563430e-02, -4.88685183e-02,
       -3.18206809e-02, -1.88452750e-02, -3.12941447e-02,  1.26055966e-03,
       -1.79050770e-02, -1.11326985e-02, -2.01853141e-02, -1.31785823e-02,
        1.25089521e-02,  1.49327912e-03,  9.36424080e-03,  2.46279705e-02,
       -5.75898821e-03,  2.09695566e-02,  1.34110069e-02, -3.77884135e-02,
       -4.72024269e-02, -3.23027782e-02,  2.16241949e-03,  6.62896258e-04,
       -4.91012931e-02, -2.72061303e-02,  3.29303299e-03, -3.52507792e-02,
       -1.84145290e-02, -3.26379621e-03, -3.39635834e-02, -1.40954228e-02,
        1.24453485e-03, -2.06680922e-03, -1.38772642e-02,  1.70592964e-02,
       -4.09693093e-05, -6.53330376e-03, -3.22265327e-02, -4.07965963e-05,
       -8.59292410e-03, -4.56215478e-02,  2.19567982e-03, -1.11184241e-02,
       -3.15273590e-02, -1.77700650e-02, -1.21346069e-02, -5.64006530e-03,
        1.10652549e-02,  1.89352687e-03, -4.01429683e-02,  3.23326164e-03,
        6.30567223e-03, -9.26418416e-03, -2.94120740e-02, -3.53789073e-03,
       -1.70582719e-03, -2.32025306e-03, -1.08009735e-02, -4.84644361e-02,
        2.14993139e-03, -1.76775809e-02, -1.03564328e-02, -1.92811899e-02,
        7.76908360e-03, -4.53952216e-02, -3.18130404e-02, -2.94966325e-02,
       -4.79160324e-02, -2.27323957e-02, -9.08654183e-03,  2.68393895e-03,
       -8.50201398e-03, -5.07417507e-02, -3.62512767e-02,  2.00763196e-02,
       -1.20891826e-02, -1.27523774e-02, -3.97219025e-02,  2.76737555e-05,
       -1.30920773e-02, -8.93739797e-03, -1.31835034e-02, -1.47753684e-02,
       -2.53996868e-02,  1.56951509e-02, -2.92612612e-02, -7.18187657e-04,
       -1.21597955e-02, -2.23685037e-02, -3.19354646e-02,  1.79445706e-02,
       -9.07491241e-03, -3.80010381e-02, -1.04612578e-02, -2.49643177e-02,
       -4.22010347e-02, -1.27936602e-02, -9.91142914e-03, -4.40868624e-02,
       -3.57189998e-02,  5.14902500e-03, -2.69347653e-02, -4.46544989e-04,
       -3.62116396e-02, -3.47336493e-02, -1.82519611e-02, -2.51673087e-02,
       -5.44487201e-02, -9.36604477e-03, -1.58510394e-02,  9.00046609e-04,
       -1.60339419e-02, -4.88785207e-02, -1.76210124e-02,  2.34538652e-02,
       -2.94402670e-02,  5.55131538e-03, -3.46256681e-02, -4.02392149e-02,
       -2.97027752e-02, -4.00613397e-02, -6.63523236e-03, -8.92811397e-04,
       -1.51876090e-02, -8.47609434e-03, -2.21087597e-02, -1.34248026e-02,
       -3.00855376e-02,  1.19900303e-02, -7.73999793e-03, -5.02481498e-03,
        7.47275818e-03, -2.34972071e-02, -1.81028843e-02,  2.49825651e-03,
       -1.23487907e-02, -9.76807810e-03, -4.04654108e-02, -3.07072024e-03,
       -5.94656495e-03, -2.44117305e-02,  8.33198614e-03, -9.21424571e-03,
       -2.18492039e-02, -1.75019689e-02, -3.06115337e-02, -1.35654556e-02,
       -1.88860688e-02,  5.19018387e-03, -1.78849455e-02,  7.46305427e-03,
       -4.52190600e-02,  1.21445730e-02,  8.55173357e-03,  6.56132959e-03,
       -5.64928651e-02, -3.31958830e-02,  5.21914102e-03, -3.95797081e-02,
       -3.44666392e-02, -4.58920114e-02, -3.17408927e-02, -2.94000506e-02,
       -3.16802338e-02, -1.64554864e-02, -7.86273926e-03, -6.49861107e-03,
       -8.03321367e-04,  9.85759217e-03,  1.03510525e-02, -1.61134377e-02,
        8.53679888e-03, -4.35937978e-02, -1.17477681e-03, -1.49892410e-02,
       -1.46899112e-02, -3.53228003e-02, -4.61218208e-02, -7.20229291e-04,
       -2.31968071e-02, -3.13006938e-02, -1.16542932e-02,  1.26886152e-04,
        5.71267121e-03, -3.98859708e-03, -3.78278717e-02, -4.16214243e-02,
        4.50529670e-03, -3.70647162e-02, -3.24401557e-02, -2.83234697e-02,
       -1.32218031e-02,  1.11803189e-02, -3.52242962e-02, -4.25754227e-02,
       -4.52515520e-02, -9.32998117e-03, -1.20496824e-02, -2.55565513e-02,
       -1.17443278e-02,  3.83675843e-02, -1.45434393e-02,  2.33508786e-03],
      dtype=float32), 'encoder.fc.2.weight': array([[-0.05483503,  0.03882198, -0.11842956, ..., -0.02020772,
        -0.08317503,  0.11427937],
       [ 0.02823468, -0.00972384,  0.00645652, ...,  0.0196631 ,
        -0.14301166,  0.03453641],
       [-0.08970831, -0.10206154, -0.07382192, ..., -0.04362889,
        -0.04759471, -0.05142672],
       ...,
       [-0.04957356, -0.07879049, -0.03647118, ...,  0.01928229,
         0.05247384, -0.00060573],
       [-0.04713045,  0.08194485, -0.00849462, ..., -0.0797116 ,
         0.03038148, -0.08345873],
       [-0.11404951,  0.12119428, -0.07376787, ...,  0.02068175,
        -0.06307455,  0.0940982 ]], dtype=float32), 'encoder.fc.2.bias': array([-0.1322039 ,  0.01667217, -0.01720494, ...,  0.11101018,
        0.05457048,  0.04681379], dtype=float32), 'encoder.fc.4.weight': array([[-0.00989549, -0.08033537, -0.01233209, ..., -0.04704074,
        -0.03163821, -0.07253847],
       [ 0.01305128, -0.0313551 , -0.02544821, ...,  0.00235644,
         0.04348499,  0.01299853],
       [ 0.0263592 , -0.0474483 , -0.04951841, ..., -0.01157308,
         0.03137562, -0.05160787],
       ...,
       [-0.07264364,  0.01626542,  0.04537415, ..., -0.02582619,
        -0.01921352, -0.00836232],
       [-0.03946253,  0.01150759,  0.00359885, ...,  0.05184191,
         0.03749187,  0.00406549],
       [-0.08143242, -0.01387154,  0.00157391, ..., -0.05593282,
         0.03271339, -0.0245988 ]], dtype=float32), 'encoder.fc.4.bias': array([-6.15616441e-02, -2.72280183e-02, -9.17481724e-03, -6.71810135e-02,
       -4.92005944e-02, -7.66722932e-02,  5.61338197e-03, -2.78304946e-02,
       -4.94511388e-02, -1.46455783e-02,  2.30743252e-02,  1.90206636e-02,
       -5.87399825e-02, -6.06727712e-02,  5.77755598e-03,  4.93369205e-03,
       -6.77990317e-02, -2.95631075e-03, -2.92946193e-02,  3.97331938e-02,
       -5.38114160e-02, -5.58961928e-02, -5.81285879e-02, -2.75640804e-02,
        2.66234558e-02, -6.40731119e-03,  1.57234427e-02,  4.77722473e-02,
       -1.23032779e-02, -1.09706249e-03,  3.50176618e-02, -1.21220713e-02,
        2.48198062e-02, -2.35170387e-02, -3.58346365e-02, -5.10966666e-02,
        1.12577751e-02,  3.12770791e-02,  1.53424907e-02,  4.11794297e-02,
        3.29798609e-02,  3.60864252e-02,  4.08244617e-02,  5.11264801e-03,
        3.84918451e-02,  5.00108441e-03, -5.36330417e-02,  6.12362064e-02,
        1.95673294e-02, -5.11045344e-02,  5.81583902e-02, -4.17500660e-02,
        9.61193908e-03,  4.56538284e-03, -6.14579357e-02, -2.98311301e-02,
        3.35306451e-02,  5.78411035e-02, -4.16352227e-03,  5.44326007e-02,
        4.83280905e-02,  2.80235545e-03,  1.33059407e-02,  2.65822560e-02,
       -3.75877209e-02, -1.40295057e-02,  3.75787704e-03, -2.54732724e-02,
       -2.40219102e-04,  3.98079269e-02,  4.33689468e-02, -7.78850913e-02,
        3.45602538e-03,  4.81689572e-02, -2.95785163e-02,  1.45263225e-02,
       -5.52188456e-02, -5.14598854e-04, -4.86395769e-02,  3.63175943e-02,
        4.23011333e-02,  2.98595913e-02, -8.44746456e-03, -4.94025052e-02,
       -6.64260760e-02,  2.12050360e-02, -9.67765320e-03, -6.78895786e-02,
       -6.99639246e-02,  2.44501363e-02, -5.23604974e-02,  3.85986501e-03,
       -6.15703240e-02, -1.62539389e-02,  2.99004521e-02, -2.22501457e-02,
        2.43973173e-02, -7.89215565e-02,  5.64733259e-02, -3.91591936e-02,
        3.27976495e-02,  4.98955622e-02,  3.14038768e-02, -5.40997088e-03,
       -1.66371521e-02,  2.96274200e-02, -3.10964677e-02, -3.01619750e-02,
       -5.53967878e-02,  5.79872392e-02,  7.62694050e-03,  2.83998288e-02,
        1.74477268e-02, -5.68699576e-02,  1.16152540e-02, -3.76961976e-02,
        4.02149651e-03, -1.12873241e-02,  5.06427884e-02, -3.26692360e-03,
       -7.16325939e-02, -1.50868297e-02, -6.35235906e-02, -2.51340456e-02,
       -6.43115565e-02,  9.07872990e-03, -9.47223231e-03, -3.65577675e-02,
        4.13841195e-02,  1.89306326e-02, -2.63089053e-02,  6.75795302e-02,
       -3.36766653e-02, -6.67477921e-02,  4.82877120e-02,  1.16935885e-03,
        3.27569991e-02,  5.83309541e-03, -6.15809746e-02,  1.56017682e-02,
       -8.07999671e-02, -6.08726554e-02, -5.27861677e-02, -1.49298515e-02,
        1.39998561e-02,  2.12004799e-02,  4.45135720e-02,  5.75847514e-02,
        2.34295446e-02, -1.21119134e-02, -4.19268161e-02,  1.94388609e-02,
        4.62083071e-02,  9.99167375e-03, -6.95988187e-04, -5.26418313e-02,
       -2.34755706e-02,  4.72154245e-02,  8.94901715e-03, -8.85090604e-03,
       -4.29043453e-03, -6.78006858e-02,  3.93166579e-02, -1.91274602e-02,
       -2.21063476e-02, -4.95133623e-02,  4.89368774e-02, -7.90966749e-02,
       -3.05234883e-02,  3.08094677e-02,  5.16039766e-02,  7.04873772e-03,
       -7.61408135e-02,  4.02673483e-02,  4.01206277e-02, -3.48260766e-03,
        1.76323894e-02,  2.13418771e-02, -5.31112701e-02,  2.08156393e-03,
       -5.99174388e-02, -4.08156179e-02, -5.37410527e-02,  3.69579829e-02,
        4.10086624e-02,  3.48036774e-02, -3.35912183e-02,  4.72372584e-02,
       -4.99620624e-02,  3.48882973e-02, -3.25126909e-02, -3.58210169e-02,
       -7.32483296e-03,  5.30009437e-03, -4.33503576e-02,  1.74379423e-02,
        1.75211914e-02,  1.92872547e-02,  6.34789187e-03, -3.32973525e-02,
       -6.40634224e-02, -6.94674114e-03, -3.68140042e-02, -7.04342574e-02,
        3.77092548e-02,  5.06886579e-02, -5.35847358e-02, -2.23818142e-02,
       -2.62626726e-02,  3.02623259e-03,  4.60956991e-02,  3.60983834e-02,
        3.90662402e-02,  3.63729224e-02,  5.77900670e-02,  5.72470538e-02,
       -6.56949058e-02, -7.66967461e-02, -1.86944827e-02, -6.87696338e-02,
       -2.08924823e-02,  4.25218754e-02, -1.33698098e-02, -5.11618108e-02,
        5.09593710e-02,  3.48787718e-02,  4.90688756e-02, -1.00091677e-02,
       -6.24961480e-02,  6.84521860e-04, -3.31710130e-02,  3.63453329e-02,
        2.99019217e-02,  2.01502368e-02,  4.26628515e-02,  8.89388192e-03,
       -2.50417795e-02, -4.16994132e-02,  1.85569152e-02,  9.89714824e-03,
       -5.31480880e-03,  5.01760468e-02,  2.44942792e-02, -2.61970684e-02,
       -7.90518224e-02,  1.78299341e-02,  2.42649466e-02,  4.48092967e-02,
        1.97573677e-02,  2.97121163e-02, -1.28412992e-02,  1.70058403e-02,
       -6.85322285e-02,  5.22701032e-02,  9.35382489e-03, -6.27197698e-02,
       -4.14886177e-02,  3.84730683e-03, -7.64553323e-02, -5.55558465e-02,
        1.85107607e-02,  1.50231253e-02, -1.70272775e-02, -6.12311438e-02,
       -1.37615567e-02, -3.73014226e-03, -2.45908611e-02, -5.05103841e-02,
       -2.41054073e-02,  5.55498712e-02, -1.08174114e-02,  2.26864927e-02,
       -2.61207372e-02,  3.16783302e-02,  3.79129350e-02, -3.76477093e-02,
       -4.94385734e-02, -5.65278940e-02, -3.51265073e-02,  4.06889152e-03,
        3.52182239e-02, -1.00822225e-02, -6.59477338e-02, -6.33386075e-02,
       -7.31752366e-02, -6.78686053e-02, -3.25876251e-02, -6.97149634e-02,
       -2.90211868e-02, -2.56013554e-02,  3.51954922e-02, -9.57459304e-03,
       -3.55393104e-02,  3.56725759e-05, -5.19216582e-02,  1.93496537e-03,
        4.10990305e-02,  5.34376353e-02,  4.31230515e-02,  3.93288881e-02,
        7.29144923e-03, -4.43064496e-02, -3.05257142e-02, -5.99506020e-05,
       -4.92071882e-02, -6.99989274e-02, -1.99395847e-02, -4.04779091e-02,
       -7.78868943e-02,  8.28277785e-03,  2.91983280e-02,  5.38712414e-03,
        2.28808243e-02, -4.15715240e-02, -6.86951308e-03, -1.49994658e-03,
        4.25728634e-02, -4.73421179e-02, -8.11865330e-02,  4.21177074e-02,
        7.01368526e-02,  4.36721137e-03, -3.73121677e-03, -5.48025928e-02,
       -1.00725209e-02, -4.56935689e-02, -2.88683847e-02, -6.10391833e-02,
       -1.95001774e-02, -5.50558344e-02, -9.20693763e-03, -3.96524891e-02,
       -4.66806591e-02,  2.37659514e-02, -5.42613193e-02, -1.19304350e-02,
        2.01579984e-02, -5.30924425e-02, -5.70165552e-02,  4.51608710e-02,
       -4.89100209e-03,  9.22320597e-03, -7.80380070e-02,  8.45411140e-03,
        4.73813675e-02,  5.30592538e-02, -6.41738102e-02,  2.86938846e-02,
       -3.93027924e-02,  1.17641613e-02, -6.55619353e-02,  3.01740505e-02,
        4.07553557e-03, -7.60037974e-02, -5.24852201e-02,  2.30616219e-02,
        2.15884182e-03,  1.08431308e-02,  2.52768286e-02,  4.87834401e-02,
       -1.15905898e-02,  2.67097969e-02, -7.16114566e-02,  1.90978050e-02,
       -4.20272872e-02, -3.16871107e-02, -6.19204380e-02, -1.15637453e-02,
       -7.30623454e-02, -3.40398066e-02, -6.77298987e-03, -8.57096445e-03,
       -5.66640310e-02,  1.03911816e-03, -3.45539069e-03, -2.05651969e-02,
       -4.09055687e-02, -2.78146639e-02, -4.44266610e-02, -4.82480749e-02,
        6.21889383e-02,  4.58927825e-02, -3.75216920e-03, -1.42892329e-02,
        4.30138744e-02, -2.06305925e-02, -2.85611190e-02, -6.06819727e-02,
       -2.28455663e-02,  1.41558773e-03,  4.69962507e-03, -8.05136263e-02,
       -3.94674689e-02, -7.33479038e-02,  4.34391433e-03, -1.13892285e-02,
       -7.84163699e-02, -5.84579818e-02,  1.85683426e-02, -4.30549867e-02,
        3.27135213e-02, -5.15079759e-02,  3.84604395e-03, -4.25108969e-02,
        2.49722973e-04,  5.32879941e-02,  3.36832064e-03, -2.88983341e-02,
       -1.40332263e-02, -5.58304302e-02,  1.64422709e-02, -6.88024657e-03,
       -9.96766519e-03,  4.53443341e-02, -3.04689836e-02, -2.54032537e-02,
       -4.85245995e-02, -3.25658615e-03, -6.58472553e-02, -2.35374793e-02,
       -1.15899323e-02,  5.48251309e-02, -7.66801387e-02, -1.39301224e-02,
       -5.18509485e-02, -2.11889669e-02, -3.00407154e-03, -3.74744348e-02,
       -3.77580822e-02, -3.39598656e-02, -1.37200272e-02, -5.49922362e-02,
        3.11777275e-02, -1.18173202e-02,  4.78362739e-02, -1.50169497e-02,
       -7.12355748e-02,  4.90802154e-02, -1.32454149e-02, -5.15350588e-02,
       -5.38723543e-02, -2.24686544e-02,  5.18963812e-03, -2.15577725e-02,
        2.15787701e-02, -3.95389684e-02, -1.95862609e-03, -2.43098903e-02,
       -1.04146516e-02, -6.54191002e-02, -5.85810393e-02, -1.63353290e-02,
        2.24083383e-02, -1.36863617e-02,  5.35496958e-02, -7.90262297e-02,
       -7.03564584e-02,  1.72462885e-03,  8.50135274e-03, -2.56765336e-02,
       -5.77986464e-02, -7.85276815e-02, -6.19770102e-02,  2.37826724e-02,
        8.39921646e-03,  5.89963980e-03, -3.60023454e-02, -2.33887061e-02,
        6.42873868e-02, -6.05369620e-02, -7.02309012e-02, -4.64928076e-02,
       -3.98222879e-02,  2.60014106e-02,  5.00588380e-02, -4.30078283e-02,
       -1.20719951e-02, -5.88549525e-02,  5.46743721e-02, -4.17737924e-02,
       -1.61838513e-02, -1.11695072e-02,  4.68798205e-02, -2.24036686e-02,
        3.12593691e-02, -4.83251698e-02,  7.02272577e-04, -3.56344022e-02,
       -3.71338017e-02, -4.04887497e-02, -5.66480830e-02, -7.11853355e-02,
       -1.08765671e-03,  2.26310864e-02, -4.52358201e-02, -1.26495715e-02,
       -5.76134250e-02,  1.09868711e-02,  1.53151306e-03,  4.10497859e-02],
      dtype=float32), 'encoder.fc.6.weight': array([[-0.09055066, -0.06924187,  0.01418506, ..., -0.04704225,
        -0.03433748, -0.10116829],
       [ 0.10872755,  0.11030398,  0.12047892, ...,  0.0985358 ,
        -0.11975374,  0.07174411],
       [-0.04123019, -0.06334925, -0.07545888, ..., -0.00214424,
         0.08111998, -0.12045091],
       ...,
       [ 0.04781559, -0.11674644,  0.05293416, ..., -0.09069712,
         0.04890624,  0.10948663],
       [ 0.07910963, -0.05216911,  0.00621292, ...,  0.00613564,
        -0.00334861,  0.10842734],
       [-0.0755961 ,  0.06600305,  0.08115257, ...,  0.04703444,
        -0.07543135,  0.08844686]], dtype=float32), 'encoder.fc.6.bias': array([ 0.06652334, -0.02196625, -0.07569391,  0.01847673, -0.05396629,
       -0.09742878,  0.07581351,  0.08025636,  0.03452555, -0.08877176],
      dtype=float32), 'decoder.fc.0.weight': array([[-0.3079562 ,  0.7064922 ,  0.70908415, ...,  0.28323293,
        -0.09507645,  0.21500097],
       [-0.5327293 ,  0.45222536, -0.24170549, ..., -0.5991223 ,
        -0.22822474, -0.8792682 ],
       [-0.77237284, -0.31204456,  0.06525435, ..., -0.43228388,
        -0.29287496, -0.69748026],
       ...,
       [-0.96783787,  0.0443378 , -0.3343246 , ...,  0.72177625,
         0.16714787, -0.0134317 ],
       [ 0.52900976, -0.53748494,  0.6114554 , ...,  0.18974581,
        -0.8608235 , -0.42987865],
       [ 0.36482006,  0.1730563 , -0.88339835, ...,  0.5399373 ,
        -0.66744107, -0.3545451 ]], dtype=float32), 'decoder.fc.0.bias': array([-3.10839027e-01, -1.57976002e-01,  2.56257594e-01, -7.10884154e-01,
        2.71862447e-01,  7.83735991e-01,  8.37203026e-01,  1.66246459e-01,
       -7.67323136e-01,  2.70908117e-01, -6.93289414e-02, -7.79954076e-01,
       -2.17865616e-01,  2.16502398e-01, -6.59407973e-02,  1.09547965e-01,
       -2.23563716e-01,  1.31605631e-02,  5.71178079e-01, -2.11303607e-01,
       -4.28580135e-01,  3.34039629e-01,  9.41858143e-02, -3.88011128e-01,
        6.21104836e-01,  5.71540654e-01,  4.64269012e-01,  5.47024310e-01,
       -3.54178011e-01,  2.84997314e-01,  6.60439670e-01, -1.96375862e-01,
        6.67808712e-01, -8.01840723e-01,  6.17926300e-01, -3.20676148e-01,
        2.40827173e-01,  9.09066617e-01, -5.74942231e-01, -8.56701136e-01,
       -6.52630448e-01,  2.77302206e-01, -7.73382187e-01,  2.38494769e-01,
        9.51130629e-01, -3.42804454e-02, -2.22878143e-01,  6.43398345e-01,
        7.39303589e-01,  5.75760193e-02, -8.16096544e-01, -7.70238936e-01,
       -2.64977872e-01,  4.14366156e-01, -3.35356236e-01, -9.06512961e-02,
        7.88886666e-01,  9.09963906e-01, -6.18716478e-01, -3.15843731e-01,
       -4.49230641e-01,  7.93890208e-02, -2.42809311e-01,  4.87033159e-01,
        9.44264531e-01,  6.66672349e-01,  2.35127270e-01, -2.21957475e-01,
       -7.12720156e-01, -6.65925086e-01,  5.80069423e-01,  5.41122973e-01,
       -2.57140547e-01,  1.21055223e-01, -7.59696364e-01,  8.56661201e-01,
        5.32691061e-01,  8.83932054e-01,  4.72063664e-03, -3.19073021e-01,
        7.68764392e-02, -8.74419749e-01,  3.33994865e-01,  5.66617787e-01,
        6.78429484e-01, -4.40271884e-01,  8.70026946e-01, -4.91634458e-01,
        7.41371393e-01, -4.18201953e-01, -1.12121508e-01, -8.95075619e-01,
       -4.38813306e-02, -4.74620551e-01, -1.60422787e-01, -2.78048054e-03,
       -5.32972589e-02, -4.84491765e-01, -5.15092671e-01,  9.22677815e-01,
        6.82232380e-01, -7.01424658e-01, -5.27903438e-01, -8.95259678e-01,
        4.35234070e-01, -6.20310128e-01, -1.35581382e-02,  5.66099063e-02,
       -2.24781260e-01, -6.93518937e-01,  1.82011291e-01,  1.21770330e-01,
       -1.95215926e-01,  2.16317549e-01, -2.86949039e-01,  1.91164553e-01,
        1.02553174e-01,  5.70923865e-01,  3.23621958e-01,  4.02716696e-01,
        7.28314340e-01, -2.07233116e-01,  5.45562744e-01,  5.28268158e-01,
       -3.35383803e-01,  1.51386648e-01, -5.14864177e-02,  6.47318184e-01,
        7.81655684e-02, -1.86924607e-01, -3.41509938e-01, -7.61070549e-01,
       -1.52553752e-01,  4.87920076e-01, -9.00995910e-01, -8.02443147e-01,
       -4.15030718e-01, -3.87890637e-01, -9.23563778e-01, -4.19633448e-01,
       -1.80301860e-01,  3.17356944e-01, -3.78599823e-01,  5.18173054e-02,
        6.00617766e-01,  7.45564997e-01, -5.55208743e-01,  6.43507898e-01,
        8.38683784e-01, -2.44428426e-01, -6.80677950e-01,  8.01627517e-01,
        4.83598858e-02, -3.32035542e-01,  8.47499430e-01,  7.77418971e-01,
        8.99679661e-01, -6.87102675e-01,  5.02257824e-01, -7.87794471e-01,
        2.82690972e-01, -3.32984418e-01,  5.59862077e-01, -1.48355901e-01,
        5.43632030e-01, -3.05439144e-01,  5.29263794e-01,  3.32862258e-01,
        9.27950680e-01, -2.43686080e-01, -8.32716346e-01, -9.16459322e-01,
       -1.63823858e-01,  7.69120276e-01,  9.56254005e-01,  6.35442495e-01,
       -5.15148699e-01,  3.93618703e-01, -4.77571875e-01, -7.75529563e-01,
       -1.95406556e-01, -3.38799000e-01,  8.72579813e-01,  2.16287285e-01,
       -7.13816285e-01,  3.60978365e-01,  1.29087213e-02,  6.44648612e-01,
        6.71993196e-01,  2.20066249e-01, -6.90655470e-01,  1.36596486e-01,
        7.71188498e-01, -9.30883825e-01, -5.56076407e-01,  5.22231996e-01,
        4.45355356e-01,  1.63092718e-01,  2.90462971e-01,  7.26684272e-01,
        9.04776454e-01, -2.91495532e-01,  6.50962293e-02,  7.80329943e-01,
       -6.53768659e-01,  6.93684459e-01,  3.82832825e-01,  1.33942723e-01,
       -2.37106815e-01, -6.04860783e-02,  5.07722139e-01,  4.30607259e-01,
        2.20676363e-01, -5.00856698e-01, -2.38992628e-02, -8.56984973e-01,
       -6.21413946e-01,  3.22541028e-01,  1.01693183e-01,  7.00102627e-01,
        3.11463028e-01, -8.05902600e-01,  1.70135647e-01,  2.10491925e-01,
        3.11438590e-01, -6.56938612e-01,  9.40213263e-01, -4.83413100e-01,
        2.78538346e-01,  5.76643705e-01, -8.20018817e-03,  1.48268029e-01,
        3.66387069e-02,  4.59300995e-01,  6.81369126e-01,  1.77077487e-01,
        1.10865757e-01,  5.95436394e-01,  1.12822801e-01,  8.96091461e-02,
       -3.97964537e-01,  4.25348341e-01,  3.71327937e-01,  5.21387041e-01,
        6.23984635e-01,  4.96734023e-01, -4.53648210e-01,  2.62784570e-01,
        7.46278703e-01,  7.51140833e-01, -5.66488683e-01, -4.59994316e-01,
       -1.28379604e-02,  3.46717358e-01, -1.78286266e-02,  5.34843922e-01,
        4.01103079e-01, -8.68917406e-01, -1.38048409e-02,  6.05889618e-01,
       -7.97502398e-02, -5.15809596e-01, -9.17849839e-01, -5.27781844e-01,
        1.59506246e-01, -6.02344096e-01,  6.27448678e-01, -7.69957960e-01,
        3.23323488e-01,  8.44555348e-02, -1.19033353e-02,  6.06965899e-01,
       -1.08030722e-01, -8.28601480e-01,  2.51638919e-01, -8.01588893e-01,
       -7.91891590e-02,  8.91685665e-01, -4.96753782e-01,  3.52565289e-01,
       -7.95669198e-01, -6.02800429e-01,  5.36803417e-02,  3.17274570e-01,
       -5.84263504e-02, -6.75656646e-02, -3.84413362e-01, -6.71584845e-01,
        3.92134935e-01, -6.93251133e-01,  2.73733921e-02,  8.65561485e-01,
        5.92761576e-01,  7.34266579e-01, -5.76012015e-01,  4.92367268e-01,
       -3.94962221e-01, -5.95773458e-01,  5.48145056e-01,  8.55774939e-01,
        1.93254158e-01,  1.75497711e-01,  1.37911186e-01, -5.56042135e-01,
        8.18492472e-01, -2.08499029e-01,  8.82430226e-02,  6.55615330e-01,
       -4.93927451e-04,  2.04642922e-01,  1.48794711e-01, -4.01122749e-01,
        8.92202556e-01, -3.75867069e-01, -1.81559980e-01,  7.27587044e-01,
        4.66733277e-01, -4.46029246e-01,  4.42461193e-01, -5.79651058e-01,
        8.46831203e-01, -7.83053696e-01,  4.90556151e-01,  2.56818056e-01,
       -7.19580352e-01,  4.16185349e-01, -3.48742098e-01, -9.40465406e-02,
       -9.49310124e-01,  2.23939076e-01,  3.33453864e-01,  7.19756544e-01,
       -4.76938337e-01, -9.12249833e-02,  4.69379991e-01,  1.03010677e-01,
        7.19043314e-01, -7.57538974e-01,  8.35332394e-01,  8.58936787e-01,
        6.23886704e-01, -2.95448601e-01,  5.35320222e-01, -8.97018671e-01,
        6.35765195e-01,  1.53119221e-01, -1.61169216e-01,  2.60746270e-01,
       -2.23460391e-01, -3.64748299e-01, -3.29504699e-01, -2.70895630e-01,
        5.10232627e-01, -1.45717055e-01, -8.65758955e-01,  2.31884971e-01,
       -3.94266914e-04, -3.72348636e-01,  7.43700087e-01, -5.04983544e-01,
        5.05654991e-01, -6.43648982e-01, -4.63223875e-01,  6.45788014e-01,
       -2.71007836e-01,  7.34788418e-01, -4.57159519e-01, -5.57990789e-01,
        8.52275074e-01,  2.87473351e-01, -7.69521832e-01, -6.02998197e-01,
       -4.48005572e-02, -5.55331558e-02,  7.81690478e-01, -9.26753938e-01,
       -1.77534536e-01,  1.50114506e-01,  3.17470580e-01, -1.89519376e-01,
        1.35393739e-02, -6.99741185e-01,  6.84594929e-01,  3.38698119e-01,
        4.63886589e-01,  6.54370010e-01,  8.57675169e-03,  1.96508393e-01,
       -8.21933448e-01, -7.73911253e-02,  7.77627379e-02,  7.98812151e-01,
       -4.69551295e-01, -4.09007043e-01,  6.59426033e-01,  6.07507885e-01,
        7.28958607e-01, -5.13257921e-01, -9.29901659e-01,  8.11387122e-01,
       -9.50292885e-01, -2.48562053e-01,  4.06033576e-01,  1.27302542e-01,
       -3.82187515e-01, -8.22519064e-01, -8.26940894e-01, -6.63613796e-01,
       -6.21239394e-02,  5.39593637e-01, -8.90879929e-01, -8.39528739e-01,
       -1.29567902e-03,  7.89462328e-02, -2.78594434e-01, -4.08644319e-01,
        7.62160242e-01,  7.12670326e-01,  5.42627573e-01,  8.45215678e-01,
       -1.27709016e-01, -2.78936327e-01,  1.93607509e-01,  7.37487078e-01,
        1.58945285e-02,  3.61182749e-01, -5.91440260e-01,  2.84476906e-01,
       -5.92823803e-01, -2.77912784e-02,  9.18333232e-01, -4.56152856e-01,
        3.44891101e-01, -3.87478977e-01, -6.00119650e-01,  7.33806908e-01,
       -4.18497145e-01, -6.19080245e-01, -4.77182478e-01,  6.26705229e-01,
       -1.86881691e-01, -8.80912185e-01, -1.46962509e-01,  4.72238779e-01,
       -8.08556795e-01, -1.07665919e-01, -6.74130261e-01,  8.01963687e-01,
       -7.18016982e-01, -7.22645223e-01, -7.61283100e-01, -6.56927288e-01,
       -7.41933286e-01,  5.82487941e-01, -7.96909779e-02, -9.37795341e-02,
        7.34178841e-01, -3.84114206e-01, -6.83081806e-01,  3.09885919e-01,
       -4.19875652e-01, -2.37092033e-01, -7.55132020e-01, -7.37880766e-01,
        8.46725583e-01,  1.31142214e-01,  3.08046341e-01,  7.14127362e-01,
        4.29410636e-01, -8.45653951e-01,  7.52713442e-01, -8.76421511e-01,
       -5.27718723e-01,  7.90726721e-01, -3.47348630e-01, -2.00646579e-01,
       -2.40514979e-01,  6.16128922e-01,  9.47853208e-01,  3.86998653e-01,
       -4.06448036e-01,  8.80753696e-01,  4.38331634e-01, -8.42939675e-01,
       -1.32391632e-01, -2.86652744e-01, -4.79627132e-01, -8.95304918e-01,
       -6.13445081e-02,  9.50088561e-01, -8.09783161e-01, -6.91701531e-01,
       -4.56396639e-01,  7.19536424e-01, -7.10493922e-01, -2.04486698e-01,
       -6.54912412e-01,  8.29664409e-01,  8.75184417e-01,  2.90831346e-02],
      dtype=float32), 'decoder.fc.2.weight': array([[-0.11323366,  0.06037517, -0.15855455, ...,  0.11188971,
        -0.12377134,  0.103039  ],
       [ 0.09799144, -0.00565182, -0.04982606, ..., -0.02336154,
         0.10772223,  0.0639678 ],
       [ 0.08619773, -0.14390245,  0.00701474, ...,  0.12477104,
         0.0771304 ,  0.02761407],
       ...,
       [ 0.0823143 , -0.10943643, -0.07861684, ...,  0.10042034,
        -0.14497623,  0.0171741 ],
       [ 0.03928043, -0.02827526, -0.08775351, ..., -0.07432915,
         0.09901762,  0.04807264],
       [-0.02867294,  0.03003969,  0.00361815, ..., -0.03720446,
        -0.01761687, -0.02023105]], dtype=float32), 'decoder.fc.2.bias': array([ 0.0719875 ,  0.12487896,  0.06781272, ..., -0.07282186,
       -0.10526472, -0.1059072 ], dtype=float32), 'decoder.fc.4.weight': array([[-0.06039701,  0.05746388,  0.00843423, ..., -0.02762707,
         0.03666889, -0.01059314],
       [-0.04682605, -0.03930414, -0.0115213 , ..., -0.03359122,
        -0.05044027, -0.0444187 ],
       [ 0.00590003,  0.01677424, -0.04505527, ..., -0.01936778,
         0.02423479, -0.0539257 ],
       ...,
       [-0.02542231, -0.01263845,  0.05879151, ..., -0.00405989,
        -0.01736434, -0.06635782],
       [ 0.02845301,  0.03997182,  0.08467088, ..., -0.00083065,
        -0.04190411,  0.02922668],
       [-0.05448256, -0.00380385,  0.04948065, ...,  0.00495618,
         0.05502759, -0.02649559]], dtype=float32), 'decoder.fc.4.bias': array([-2.11005211e-02, -6.09523281e-02, -8.38637128e-02, -4.33933623e-02,
        2.25860104e-02,  3.62908728e-02, -3.05922888e-02,  1.24973443e-03,
        8.82299989e-03,  3.55982892e-02, -2.52791457e-02,  3.44665628e-03,
        2.27672197e-02, -3.44400071e-02,  4.20469493e-02, -2.10486706e-02,
       -5.02556935e-02, -5.31300902e-02, -1.55721884e-03,  3.41026485e-02,
        3.25648598e-02, -2.30613686e-02,  1.76008232e-02, -3.56769888e-03,
       -2.59298482e-03, -1.58843808e-02,  9.66055971e-03, -4.81386669e-02,
        3.67565490e-02, -5.42103760e-02, -5.98114133e-02,  5.73146604e-02,
        3.52516361e-02, -4.60115522e-02,  2.93995161e-02,  3.95451896e-02,
       -6.49233088e-02,  3.13244015e-02,  1.22746034e-02, -3.09324674e-02,
       -5.01647592e-03, -8.13689902e-02, -7.35300481e-02, -5.01688235e-02,
        5.36836460e-02, -5.30822948e-03, -5.62705956e-02,  2.67548077e-02,
       -3.03162336e-02, -4.73460816e-02, -6.82252049e-02,  1.53397601e-02,
        1.02446675e-02, -7.92160630e-02, -6.31224141e-02,  2.32376251e-02,
        4.34170887e-02, -6.74345791e-02, -6.18975200e-02, -4.32339817e-04,
       -1.90216545e-02,  9.50545631e-03,  3.20610404e-02,  5.79243638e-02,
       -1.82831828e-02,  1.23413876e-02,  1.19442586e-02, -4.78470214e-02,
        1.68981049e-02, -7.70599544e-02, -6.15220033e-02, -8.91222246e-03,
        2.54177069e-03,  3.71458828e-02, -9.98682436e-03, -3.87124978e-02,
        5.75843491e-02,  4.57059890e-02, -4.34416234e-02, -1.42437965e-02,
        6.88076541e-02, -5.91777377e-02, -7.96316937e-02,  1.88687965e-02,
        6.18149452e-02, -6.78113177e-02, -4.07041796e-02, -3.72096747e-02,
       -7.17448965e-02, -4.47794870e-02, -6.67810440e-02,  2.08383743e-02,
        6.25552014e-02,  5.01035303e-02, -6.89330176e-02, -6.66414946e-02,
       -2.80798543e-02,  1.59099307e-02,  5.31476038e-03, -5.67068309e-02,
        6.09682240e-02, -2.50075143e-02,  6.06748983e-02, -6.49218708e-02,
        1.80644188e-02,  6.19948991e-02, -9.21780895e-03,  5.21230809e-02,
       -2.78428607e-02,  6.36221841e-02,  7.33942585e-03, -2.03866158e-02,
        3.10548693e-02,  1.43190781e-02, -4.82595153e-03,  4.68309782e-02,
        1.63255967e-02, -4.38541286e-02, -2.37388769e-03,  5.43089211e-02,
       -3.83967198e-02,  2.06461754e-02, -2.24978309e-02,  1.35687245e-02,
       -6.52709464e-03,  9.43821447e-04, -1.02138139e-01,  4.48256806e-02,
       -4.20170762e-02,  5.66595048e-02,  3.18165906e-02,  1.96797810e-02,
       -2.25812700e-02, -8.11657682e-03, -3.22556905e-02, -4.62370962e-02,
       -5.65838255e-02, -2.26730388e-02,  2.81762406e-02,  5.69568649e-02,
       -2.22321153e-02,  3.67639177e-02,  2.26887930e-02,  1.96860600e-02,
        2.75476873e-02, -4.89871055e-02, -5.38306646e-02,  1.08303837e-02,
       -3.90220881e-02,  5.14918528e-02, -1.93026140e-02,  1.04943495e-02,
        3.14093232e-02,  1.27562732e-02, -6.16525067e-03, -2.77469475e-02,
       -5.85513674e-02, -4.15967926e-02,  3.21142599e-02, -1.22475056e-02,
       -1.57984234e-02, -3.90057750e-02, -6.29367083e-02, -5.52233718e-02,
       -1.38450144e-02,  3.22575569e-02,  1.99021697e-02, -4.58004251e-02,
       -1.34200659e-02, -5.53539507e-02, -2.39648204e-02, -6.58545345e-02,
       -3.52223963e-02, -2.54631639e-02, -5.97479530e-02,  1.20446356e-02,
       -6.75246194e-02, -5.54009080e-02,  5.70420213e-02,  5.27980849e-02,
       -3.04317381e-03, -6.12162016e-02,  1.17340209e-02, -6.75278902e-02,
       -6.62177429e-02,  3.83324400e-02, -1.15026049e-02,  6.94593880e-03,
        2.90950518e-02,  3.90457176e-02, -5.70897795e-02,  3.03455777e-02,
        3.91402282e-02, -6.22952431e-02, -8.96538869e-02,  1.26673393e-02,
        4.19248417e-02, -4.41978034e-03,  6.20125458e-02, -3.05509511e-02,
        6.46090554e-03, -6.36303425e-02, -6.61506206e-02, -9.33878589e-03,
        6.69493675e-02, -3.26290764e-02,  3.94282155e-02, -4.78314124e-02,
        4.34354022e-02, -4.04994413e-02, -4.18636277e-02,  2.31015272e-02,
        8.80690874e-04,  5.51361814e-02,  5.30822910e-02,  3.06894537e-02,
        3.39781120e-02, -2.04958897e-02,  2.00076159e-02, -5.71200950e-03,
       -4.72514220e-02,  4.94434908e-02, -2.17657015e-02,  3.64041999e-02,
       -6.37000054e-02, -9.30434186e-03, -4.97987121e-03, -6.31274581e-02,
        6.77407086e-02,  2.23761760e-02, -9.72739235e-03, -4.19847444e-02,
       -7.78717920e-02, -5.96176349e-02, -5.85444309e-02, -2.47553852e-03,
       -1.85272917e-02, -3.57247293e-02, -1.08280557e-03,  4.47026826e-02,
        3.51011194e-02, -1.65516376e-05,  4.17453907e-02, -1.83730610e-02,
       -8.35872814e-02,  3.90677601e-02, -1.56529211e-02, -4.34016250e-02,
       -3.38356057e-03,  1.42955789e-02, -1.36858542e-02,  5.32427691e-02,
        7.20155798e-03,  2.47539692e-02,  6.89752251e-02, -4.29908233e-03,
       -6.66931570e-02, -4.73640263e-02,  2.64407340e-02, -5.47065735e-02,
       -4.77973521e-02,  1.71086844e-02,  2.98626553e-02, -2.95779365e-03,
       -6.38538003e-02, -1.19428746e-02, -7.50877857e-02, -1.70004964e-02,
       -3.43867242e-02, -5.62151335e-02, -4.92608622e-02,  1.75480694e-02,
       -2.89396197e-02,  4.53085601e-02,  2.35927161e-02,  3.22329551e-02,
       -2.99586449e-02,  3.08102202e-02, -4.79490645e-02, -5.84168620e-02,
       -2.01235469e-02,  1.74340457e-02, -5.27155921e-02, -7.04542473e-02,
        3.35186757e-02,  1.58229489e-02, -2.65216492e-02,  1.24959731e-02,
       -5.41966744e-02, -5.17709777e-02, -3.23886201e-02,  1.83735508e-03,
        4.11204733e-02,  2.17408929e-02, -3.73984873e-02, -2.03926284e-02,
       -2.39309371e-02,  2.72360835e-02,  6.34557158e-02,  5.04246578e-02,
        1.44608868e-02, -3.99023928e-02,  5.38048148e-02,  3.37107368e-02,
        6.39681444e-02,  4.73003425e-02, -5.52999079e-02,  4.85586300e-02,
       -3.70418914e-02,  2.73047891e-02, -6.34415671e-02,  4.59575765e-02,
        4.16053738e-03,  3.35020162e-02,  5.94901405e-02, -3.04793715e-02,
       -6.49918914e-02,  2.36031902e-03,  5.50302453e-02,  3.71450819e-02,
       -3.49338911e-02,  2.12581586e-02, -9.04988684e-03, -6.87909648e-02,
       -4.03857492e-02,  1.84703134e-02,  8.22895207e-03, -4.36101183e-02,
       -3.83521095e-02,  2.57280525e-02, -3.32996100e-02,  1.89442597e-02,
       -5.46057858e-02,  5.06084524e-02,  8.62506591e-03, -4.29530814e-02,
       -6.74334764e-02,  1.14643499e-02, -7.20595568e-02, -7.47007653e-02,
       -1.46354958e-02, -1.90609843e-02,  2.95376405e-02, -2.26365197e-02,
       -4.17584740e-03,  2.97620762e-02,  5.19982427e-02, -1.99941285e-02,
       -6.98933676e-02,  6.31105006e-02, -5.05857654e-02, -7.30192736e-02,
       -6.85296655e-02, -7.59073347e-02, -7.71259144e-02,  4.34265425e-03,
       -2.92503312e-02, -2.42511686e-02, -4.81361672e-02, -1.44757880e-02,
        5.08253090e-02,  2.76043322e-02,  4.15516831e-02, -2.40334906e-02,
       -1.81000903e-02,  5.41918352e-02, -8.03044364e-02, -6.60761222e-02,
        2.08675750e-02, -2.49482282e-02,  2.34641582e-02,  4.45771515e-02,
       -5.25879208e-03, -5.46684116e-02, -6.65002465e-02, -3.56893201e-04,
        6.52476624e-02, -4.21094634e-02, -4.47169133e-02, -6.04427010e-02,
       -1.89479329e-02, -4.68982570e-02, -6.99674617e-03, -9.15275794e-03,
        3.10137831e-02, -6.76442310e-02, -7.40183331e-03, -5.94506934e-02,
        5.94812743e-02, -4.74541273e-04, -6.64281696e-02,  4.73061576e-02,
       -3.11709866e-02,  3.53142805e-02,  3.24536934e-02, -7.10624084e-02,
        2.06429232e-02,  3.42740640e-02,  5.54043129e-02, -2.47675483e-03,
       -4.58462629e-03, -1.61631126e-02,  6.61996156e-02,  5.82620129e-02,
       -5.22737950e-02,  3.57324891e-02,  5.05574979e-02, -1.76407881e-02,
        1.65961273e-02, -7.04541355e-02,  4.92914356e-02, -6.59818649e-02,
        5.05915061e-02,  1.44964969e-02,  3.56740542e-02, -8.32596386e-04,
       -5.81662767e-02, -6.72534779e-02, -1.74110327e-02, -1.17788222e-02,
       -3.48657221e-02, -3.57577465e-02,  6.37997454e-03,  1.14750862e-02,
       -3.78546342e-02,  2.25950964e-02,  2.79373676e-03,  3.92474942e-02,
        5.80616556e-02,  6.33528549e-03, -4.02339064e-02,  1.84783954e-02,
        1.50166852e-02, -3.06313206e-02,  6.08344972e-02, -2.61297226e-02,
       -6.62647933e-02,  6.49893805e-02, -3.91068868e-02,  2.21009576e-03,
       -1.64714996e-02, -4.35265638e-02, -6.57242984e-02,  6.92711174e-02,
       -1.70228314e-02, -3.22712958e-02, -7.58016407e-02,  1.44797293e-02,
        4.39644419e-02,  5.20412289e-02, -1.45709806e-03,  6.37352318e-02,
        3.16307917e-02, -4.43374217e-02, -6.68907762e-02, -6.57482371e-02,
        2.07910594e-03,  3.10244807e-03, -4.12291810e-02,  1.18377190e-02,
        1.24169206e-02,  1.76534951e-02, -6.58879280e-02, -5.88073060e-02,
       -1.38430558e-02, -5.43744117e-02, -1.83948334e-02, -8.00545234e-03,
        9.32014268e-03,  5.14698178e-02,  5.69661967e-02, -6.55012503e-02,
        5.82777038e-02, -3.06351166e-02,  5.33260964e-02, -1.63914226e-02,
        2.09197905e-02, -1.99393462e-02, -2.40434818e-02, -1.98364910e-02,
       -4.59815003e-02, -3.50814573e-02, -2.29394287e-02, -6.43104538e-02,
        6.37030751e-02, -4.21551503e-02, -4.75281402e-02, -4.55635190e-02,
       -2.28190329e-02, -7.43824989e-02,  3.51419649e-03, -2.53340136e-02,
       -5.26667535e-02,  3.20901945e-02,  4.14507724e-02, -6.31381720e-02,
       -6.07604198e-02, -1.86657552e-02, -3.22499243e-03, -6.73955977e-02],
      dtype=float32), 'decoder.fc.6.weight': array([[ 0.04427976, -0.04463855,  0.03902287, ..., -0.12071829,
         0.11442222, -0.04002738],
       [-0.00232536, -0.02021405,  0.03644891, ..., -0.09369186,
         0.14772302, -0.11704635],
       [ 0.1125794 , -0.12723431,  0.02454497, ...,  0.08711162,
        -0.02438172,  0.10284285],
       ...,
       [ 0.0976435 , -0.07107224,  0.09616963, ...,  0.07742897,
        -0.1018685 ,  0.03859504],
       [-0.08907086,  0.07897597, -0.12088827, ..., -0.07282857,
         0.05048658,  0.16532472],
       [-0.0561933 , -0.02561942, -0.04625341, ..., -0.05709351,
        -0.1160709 ,  0.08771165]], dtype=float32), 'decoder.fc.6.bias': array([0.00636662, 0.00052709, 0.11521988, ..., 0.11612967, 0.06183307,
       0.12798974], dtype=float32)}
[Time: 27.01.25 20:32:54] [Level: info] [State: aggregate] {'encoder.fc.0.weight': array([[-0.13354328,  0.00224536,  0.02087742, ..., -0.05776688,
         0.09593721, -0.05025275],
       [ 0.06896593,  0.05039955,  0.02057113, ...,  0.02871368,
        -0.07865345, -0.06029813],
       [-0.05649599, -0.04905881, -0.02925368, ...,  0.04778827,
        -0.00217186, -0.01759867],
       ...,
       [-0.04637745, -0.11215323, -0.05110744, ..., -0.0613924 ,
         0.10927589, -0.07354254],
       [ 0.00392262,  0.10994712,  0.0232552 , ...,  0.06451108,
        -0.00325162, -0.05588564],
       [ 0.03601335, -0.01552782, -0.10919964, ..., -0.00681489,
         0.04980817, -0.00653789]], dtype=float32), 'encoder.fc.0.bias': array([-4.47419323e-02, -1.44001707e-01, -4.41070907e-02, -6.16569892e-02,
        5.17545119e-02,  2.95208637e-02, -4.09346372e-02,  1.27728181e-02,
       -1.41317062e-02, -1.61809735e-02, -4.42968681e-02,  3.83645743e-02,
       -4.45030183e-02, -8.13186467e-02, -6.41561970e-02, -1.26282191e-02,
       -1.31777167e-01, -8.38114917e-02,  2.58795507e-02, -1.82516444e-02,
        2.52652876e-02,  1.07934140e-02, -1.22428223e-01, -4.57968116e-02,
       -1.27764732e-01, -3.62611823e-02, -5.51793166e-02, -7.96847716e-02,
       -8.23720098e-02,  5.52954758e-03, -5.04913703e-02, -1.01751715e-01,
       -2.59516500e-02, -1.21661261e-01, -5.21165552e-04,  3.51095535e-02,
        6.03427505e-03,  2.18237340e-02, -3.96263562e-02, -3.35888043e-02,
       -9.52124298e-02, -6.70286492e-02,  3.46576236e-02, -1.69159397e-02,
       -1.45413712e-01,  1.07477754e-02, -6.34038681e-03, -3.99013385e-02,
        5.38819581e-02, -5.24880216e-02,  1.16245067e-02, -2.58148424e-02,
       -8.43603313e-02, -7.61486068e-02, -3.14765386e-02, -7.72150978e-02,
       -2.90705971e-02, -5.78579307e-02, -6.37533516e-02, -1.50869921e-01,
        1.01077724e-02, -7.78951794e-02, -1.05019603e-02, -9.96516049e-02,
       -5.05577736e-02, -1.04284301e-01,  2.05396209e-03, -1.11480907e-01,
       -8.94706473e-02,  3.36412387e-03, -2.96805725e-02, -1.83487199e-02,
       -1.22785926e-01,  1.34762730e-02, -6.87534958e-02, -5.73512167e-02,
        1.95256937e-02, -9.50328037e-02, -1.24689631e-01, -6.81728870e-02,
       -1.13885537e-01, -1.14337280e-01, -9.92300436e-02, -5.37714437e-02,
       -4.35114354e-02, -1.13348380e-01, -2.34330855e-02,  4.50521894e-02,
       -2.61410587e-02,  5.16709089e-02, -1.21155649e-01,  4.56772000e-02,
       -1.04229428e-01, -7.92181939e-02, -3.65563855e-02, -4.23035659e-02,
       -1.28282070e-01, -8.40349570e-02,  8.21860321e-03,  9.76493433e-02,
        4.57440084e-03, -7.62222037e-02, -3.47889736e-02, -1.31612882e-01,
        5.01444414e-02, -7.24745691e-02, -5.87533414e-02, -7.84036741e-02,
        6.09214082e-02, -3.75614502e-02, -2.02798620e-02, -8.35777447e-02,
       -1.37300536e-01, -8.48306865e-02, -1.19937602e-02,  5.02429716e-02,
        1.05914056e-01, -8.38468373e-02, -3.04022096e-02, -2.00141538e-02,
       -1.13677844e-01,  3.68103385e-02, -9.86831188e-02, -1.49545342e-01,
        3.97726782e-02, -1.09644860e-01, -1.15433767e-01, -7.90338684e-03,
        4.30354616e-04, -5.52630946e-02, -1.52617153e-02, -7.53242821e-02,
       -6.07282221e-02, -1.69496775e-01, -1.37550443e-01,  6.59879893e-02,
       -6.05713278e-02, -1.39021143e-01, -1.17221385e-01,  1.22680860e-02,
       -4.86414507e-02, -3.97391804e-02, -9.59424973e-02,  8.56436044e-03,
        2.94665247e-02, -6.23362884e-02, -1.06590807e-01, -1.17383383e-01,
       -8.87560621e-02, -1.56141877e-01,  1.50730228e-03, -4.07718755e-02,
        6.98754564e-02, -5.16996980e-02, -4.37751710e-02, -2.93689910e-02,
       -6.38717413e-02, -1.24394096e-01, -2.07978543e-02, -4.77043390e-02,
        1.82045307e-02,  7.81951938e-03,  3.26322913e-02, -3.17721739e-02,
       -5.17676584e-02, -1.37222856e-01, -1.10925972e-01, -8.68879259e-02,
       -1.32110015e-01, -1.26348376e-01, -6.64143860e-02, -1.25965038e-02,
        4.81165200e-03, -4.49064597e-02, -9.66352224e-02, -7.57884085e-02,
        1.17145050e-02, -4.87954579e-02, -6.87514096e-02, -4.25619222e-02,
       -1.31802231e-01,  1.33093004e-03,  8.60246643e-02, -3.20867263e-03,
       -4.10132064e-03, -5.47315273e-03, -4.92974650e-03,  8.89655203e-03,
        3.07923034e-02, -9.67713147e-02, -1.67441298e-03, -3.45988572e-03,
        4.56926189e-02,  3.85665745e-02,  8.34097248e-03, -1.05571419e-01,
       -3.05447131e-02,  3.74178626e-02, -5.92859387e-02, -2.23747455e-02,
        1.17589980e-02, -1.56641752e-01, -7.78246969e-02,  4.25769715e-03,
        1.69492308e-02, -1.45626411e-01, -1.04116157e-01, -3.25994939e-02,
       -1.10699475e-01,  4.17447649e-02, -4.16405126e-02, -2.82866787e-03,
       -3.46796773e-02,  1.79113541e-02, -1.47934565e-02, -8.97959322e-02,
       -6.83675185e-02,  4.60462086e-02,  2.26793066e-02, -8.74343812e-02,
       -9.89635140e-02,  1.98436547e-02, -1.42954320e-01, -9.01574641e-02,
       -4.57502976e-02, -1.02470174e-01,  4.44618016e-02, -9.61597252e-04,
       -1.59795329e-01, -5.86947724e-02, -1.56701487e-02,  3.81218158e-02,
        6.38806913e-03, -8.43417495e-02, -7.32454360e-02,  6.32282626e-03,
       -9.12443772e-02,  1.15216686e-03, -1.02258287e-01, -7.59644359e-02,
       -1.24192014e-02, -1.79521926e-02, -9.51482356e-02, -6.36420958e-03,
       -8.91726911e-02, -1.14674553e-01, -1.03405334e-01, -6.88149706e-02,
       -2.47301105e-02, -6.89836144e-02, -1.48125868e-02, -7.54582435e-02,
       -8.16154927e-02, -1.02901705e-01, -7.52595067e-03,  1.76739823e-02,
       -1.51453316e-01, -2.67274193e-02, -1.11218512e-01, -5.58660850e-02,
       -5.33683077e-02, -6.40275553e-02,  6.90535828e-02, -7.73773938e-02,
       -1.51723940e-02, -9.45416689e-02, -2.78660059e-02, -1.36571705e-01,
        2.21901350e-02, -1.23492405e-01, -1.58161223e-01, -1.18009351e-01,
       -2.53754407e-02, -8.39888453e-02,  4.45892774e-02, -1.22658022e-01,
       -8.31104964e-02,  5.23472428e-02, -1.38308369e-02, -1.29478544e-01,
       -5.93852699e-02, -1.00325197e-01,  3.17216255e-02, -6.15055561e-02,
        2.81508965e-03, -1.00299902e-01, -7.62573853e-02, -4.90212813e-04,
       -9.59469564e-03, -3.60895842e-02, -1.21165402e-01, -7.09791481e-02,
       -9.71436650e-02, -1.08545497e-01,  3.75673622e-02, -5.01028560e-02,
        1.68656297e-02, -3.49173993e-02, -6.45218417e-02, -1.39648378e-01,
       -9.16815698e-02, -5.78107163e-02, -1.13893814e-01,  1.58237983e-02,
       -4.49747965e-02, -4.22613174e-02, -6.25428036e-02, -2.45912373e-02,
        3.87940966e-02,  5.83830476e-03,  2.86798477e-02,  8.59432220e-02,
       -1.72997210e-02,  4.86193374e-02,  3.97170708e-02, -1.05146252e-01,
       -1.44135028e-01, -1.02209836e-01, -9.15995799e-04, -1.55361230e-02,
       -1.54927075e-01, -7.86675364e-02,  6.39646873e-03, -1.20862737e-01,
       -4.89956550e-02, -2.59671379e-02, -9.97335687e-02, -3.61892320e-02,
       -3.35693592e-03, -5.94828092e-03, -3.10622603e-02,  5.29683195e-02,
       -8.00255162e-04, -1.88651998e-02, -1.01299457e-01, -3.09616141e-03,
       -2.60752682e-02, -1.40695557e-01,  1.96269248e-05, -4.26819734e-02,
       -7.75629729e-02, -5.56728020e-02, -3.79292257e-02, -2.08557285e-02,
        3.05963643e-02,  4.46719304e-03, -1.21045776e-01,  9.48685780e-03,
        1.31953452e-02, -5.01074791e-02, -8.83834288e-02, -1.02945073e-02,
       -5.47071127e-03, -1.08269816e-02, -4.41054739e-02, -1.47121668e-01,
        6.13290351e-03, -5.74081093e-02, -4.76317182e-02, -5.96611835e-02,
        2.88462024e-02, -1.37917265e-01, -9.58676040e-02, -1.10971473e-01,
       -1.46084964e-01, -8.31225961e-02, -4.17074151e-02,  1.00923702e-02,
       -2.59758662e-02, -1.36706725e-01, -1.06172696e-01,  4.42371219e-02,
       -7.72952894e-03, -3.15969884e-02, -1.26059175e-01, -1.24908634e-03,
       -4.01199348e-02, -2.79193092e-02, -3.71961072e-02, -4.16234173e-02,
       -7.65436292e-02,  3.37720737e-02, -1.01719029e-01,  2.90525146e-02,
       -3.80043536e-02, -7.04921409e-02, -1.22651964e-01,  5.27812876e-02,
       -3.96359563e-02, -1.10237762e-01, -3.12820189e-02, -6.84632286e-02,
       -1.14757374e-01, -5.78982495e-02, -2.97913253e-02, -1.03289142e-01,
       -1.13902129e-01,  7.80282728e-03, -7.15497136e-02,  7.34722894e-03,
       -1.02261245e-01, -1.04628816e-01, -6.83579817e-02, -7.67275989e-02,
       -1.58917427e-01, -4.55781966e-02, -6.78394139e-02, -4.14319662e-03,
       -4.99771014e-02, -1.31841540e-01, -5.31978533e-02,  5.35497963e-02,
       -8.69948342e-02,  9.53534991e-03, -9.61142480e-02, -1.40276238e-01,
       -8.66361111e-02, -1.21492401e-01, -2.00034864e-02,  1.69608910e-02,
       -2.66600922e-02, -2.50078700e-02, -6.75234646e-02, -4.27557081e-02,
       -6.47221431e-02,  3.25094908e-02, -2.32674219e-02,  5.96587919e-03,
        1.70666017e-02, -6.14230186e-02, -8.80504251e-02,  5.07293269e-03,
       -2.32390799e-02, -3.59695032e-02, -9.12576318e-02, -9.09086596e-03,
       -7.73551548e-03, -8.62491876e-02,  3.73335145e-02, -2.85863802e-02,
       -9.36117172e-02, -5.19170724e-02, -9.20397788e-02, -4.34917770e-02,
       -5.34976423e-02, -1.47230085e-02, -5.45910820e-02,  1.95652600e-02,
       -1.36275992e-01,  4.06281501e-02,  1.76263601e-02,  1.09315012e-03,
       -1.66150600e-01, -9.79000628e-02,  1.74384229e-02, -1.16603822e-01,
       -1.00454435e-01, -1.35771930e-01, -9.69246030e-02, -1.04860157e-01,
       -1.11161523e-01, -4.45032082e-02, -8.77526589e-03, -1.83354449e-02,
       -1.01948706e-02,  3.89582999e-02,  1.03697330e-02, -4.77734506e-02,
        3.02748736e-02, -1.30786419e-01, -1.47227608e-02, -6.07514083e-02,
       -6.04365878e-02, -1.01247631e-01, -1.29438877e-01, -4.25234484e-03,
       -5.92600778e-02, -7.98327923e-02, -3.34312096e-02, -2.36595850e-02,
        2.87868865e-02, -1.35464985e-02, -9.71815884e-02, -1.07898578e-01,
        1.09693045e-02, -1.21500507e-01, -1.05944023e-01, -8.44971165e-02,
       -2.46166624e-02,  3.42212170e-02, -1.11410193e-01, -1.16456509e-01,
       -1.33912072e-01, -2.48345956e-02, -5.22863790e-02, -8.45519304e-02,
       -1.15847979e-02,  1.21424749e-01, -5.56517541e-02,  7.08047999e-03],
      dtype=float32), 'encoder.fc.2.weight': array([[-0.1645543 ,  0.11652987, -0.3555367 , ..., -0.0604976 ,
        -0.25847766,  0.34266576],
       [ 0.09155744, -0.02887212,  0.01801598, ...,  0.06797596,
        -0.4290968 ,  0.1126001 ],
       [-0.2691205 , -0.30618015, -0.22138111, ..., -0.13087943,
        -0.14278409, -0.15428008],
       ...,
       [-0.14872585, -0.23637   , -0.10941477, ...,  0.05784861,
         0.15742308, -0.00182645],
       [-0.14011908,  0.24588779, -0.02396126, ..., -0.23840038,
         0.0940988 , -0.24838233],
       [-0.34216735,  0.3561975 , -0.22835693, ...,  0.06214702,
        -0.18941838,  0.2746563 ]], dtype=float32), 'encoder.fc.2.bias': array([-0.39665368,  0.05001453, -0.05161439, ...,  0.33303046,
        0.16445851,  0.13424608], dtype=float32), 'encoder.fc.4.weight': array([[-0.02968202, -0.2410017 , -0.03699185, ..., -0.1411178 ,
        -0.09507981, -0.21757087],
       [ 0.039069  , -0.09406973, -0.07642952, ...,  0.00706488,
         0.13041031,  0.03899088],
       [ 0.079073  , -0.14230917, -0.148466  , ..., -0.03464121,
         0.09396002, -0.15476164],
       ...,
       [-0.21792105,  0.04883877,  0.13621172, ..., -0.07739729,
        -0.05776865, -0.02501198],
       [-0.1181964 ,  0.03452132,  0.01093686, ...,  0.1554917 ,
         0.11242652,  0.01217761],
       [-0.24431315, -0.04156239,  0.00472615, ..., -0.16776223,
         0.09817327, -0.07372242]], dtype=float32), 'encoder.fc.4.bias': array([-1.84680507e-01, -8.16885084e-02, -2.74698623e-02, -1.84642404e-01,
       -1.47675097e-01, -2.18956918e-01,  1.68446004e-02, -8.34214091e-02,
       -1.48281798e-01, -4.39323336e-02,  6.91586658e-02,  5.70638031e-02,
       -1.76219493e-01, -1.87992811e-01,  3.03363875e-02,  1.48051791e-02,
       -2.03345150e-01, -5.85134886e-03, -8.78054351e-02,  1.19311385e-01,
       -1.61426157e-01, -1.69266954e-01, -1.74385712e-01, -8.26878324e-02,
        7.98635185e-02, -1.91537701e-02,  4.72401679e-02,  1.43018931e-01,
       -3.69381532e-02, -3.28228530e-03,  9.69246328e-02, -3.64233106e-02,
        7.45180398e-02, -7.05467612e-02, -1.07444778e-01, -1.53222546e-01,
        3.39024775e-02,  9.38271284e-02,  4.60320041e-02,  1.23535499e-01,
        9.88037884e-02,  1.08255357e-01,  1.22514829e-01,  1.54361390e-02,
        1.15475595e-01,  1.50515158e-02, -1.61246195e-01,  1.88516825e-01,
        5.86495772e-02, -1.53309152e-01,  1.70914337e-01, -1.25225991e-01,
        2.88396999e-02,  1.37281120e-02, -1.77591547e-01, -9.70375538e-02,
        1.00595467e-01,  1.73585191e-01, -1.24596544e-02,  1.63213670e-01,
        1.44988164e-01,  8.41825455e-03,  3.99979278e-02,  7.98050687e-02,
       -1.12812802e-01, -4.20882404e-02,  1.12723941e-02, -7.64162764e-02,
       -7.16230017e-04,  1.19427010e-01,  1.30086020e-01, -2.33650863e-01,
        1.03725549e-02,  1.44586682e-01, -8.86793733e-02,  4.34815548e-02,
       -1.65660903e-01, -1.67841907e-03, -1.45914301e-01,  1.06933333e-01,
        1.26744658e-01,  8.96071345e-02, -2.53947638e-02, -1.48203090e-01,
       -1.99255735e-01,  6.36410862e-02, -2.90883854e-02, -2.03668743e-01,
       -2.09896326e-01,  7.33548477e-02, -1.56130627e-01,  7.09323306e-03,
       -1.84838891e-01, -4.87662628e-02,  8.94732773e-02, -6.68507293e-02,
        7.31510967e-02, -2.36767128e-01,  1.69457659e-01, -1.17798135e-01,
        9.83780771e-02,  1.49682388e-01,  9.42071900e-02, -1.62361395e-02,
       -4.99166995e-02,  8.88867304e-02, -9.32849422e-02, -9.06035900e-02,
       -1.66297495e-01,  1.73980057e-01,  2.29442604e-02,  8.51994753e-02,
        5.23683801e-02, -1.70614317e-01,  3.48403081e-02, -1.15073003e-01,
        1.20147336e-02, -2.80845705e-02,  1.51797116e-01, -9.73505899e-03,
       -2.14893371e-01, -4.47712243e-02, -1.90532118e-01, -7.53483325e-02,
       -1.92917496e-01,  3.33176069e-02, -2.84169726e-02, -1.09590024e-01,
        1.24054357e-01,  5.67654930e-02, -7.89273381e-02,  2.02739656e-01,
       -1.00606769e-01, -2.00238973e-01,  1.44866884e-01,  3.50429397e-03,
        9.82756019e-02,  1.66575611e-02, -1.84797496e-01,  4.68161665e-02,
       -2.42395461e-01, -1.82622254e-01, -1.58283487e-01, -4.48001027e-02,
        4.20174301e-02,  6.36039078e-02,  1.33536518e-01,  1.72648370e-01,
        7.02844262e-02, -3.62721458e-02, -1.25818118e-01,  5.83165810e-02,
        1.38633996e-01,  2.99690347e-02, -2.09241081e-03, -1.57909483e-01,
       -7.04310238e-02,  1.41636044e-01,  2.68903282e-02, -2.65081711e-02,
       -1.28668426e-02, -2.03402057e-01,  1.26212731e-01, -7.34625682e-02,
       -6.60528094e-02, -1.40832424e-01,  1.46799952e-01, -2.37267643e-01,
       -9.16962698e-02,  9.24760699e-02,  1.54816344e-01,  2.11464409e-02,
       -2.22950161e-01,  1.20772175e-01,  1.20412901e-01, -1.05974395e-02,
        5.29015511e-02,  6.40939549e-02, -1.59384012e-01,  6.24461193e-03,
       -1.79753870e-01, -1.22468874e-01, -1.61306471e-01,  1.10870034e-01,
        1.22954592e-01,  1.04406461e-01, -1.00778066e-01,  1.41576394e-01,
       -1.50041312e-01,  1.04698002e-01, -9.75839198e-02, -1.07458651e-01,
       -2.19338089e-02,  1.52488723e-02, -1.30176947e-01,  5.21343313e-02,
        5.25680520e-02,  6.63498044e-02,  1.90485381e-02, -9.98830870e-02,
       -1.92342371e-01, -2.08360087e-02, -1.11177921e-01, -2.11307198e-01,
        1.13191098e-01,  1.52076706e-01, -1.58170924e-01, -6.71300292e-02,
       -7.87620395e-02,  9.11309011e-03,  1.38253003e-01,  1.08375587e-01,
        1.17203131e-01,  1.09180965e-01,  1.73251107e-01,  1.69875905e-01,
       -1.97036028e-01, -2.30085820e-01, -5.61242253e-02, -2.06441700e-01,
       -7.49079958e-02,  1.27561182e-01, -4.01138812e-02, -1.53480977e-01,
        1.53111666e-01,  1.04871899e-01,  1.47240788e-01, -3.00275031e-02,
       -1.87432647e-01,  1.94375427e-03, -9.95066315e-02,  1.09040380e-01,
        8.85500908e-02,  6.04716688e-02,  1.27978191e-01,  2.68612690e-02,
       -7.50588775e-02, -1.25100926e-01,  5.56704961e-02,  2.96857581e-02,
       -1.59286857e-02,  1.50527522e-01,  7.34872818e-02, -7.85289779e-02,
       -2.37151057e-01,  5.18385246e-02,  7.27917105e-02,  1.34372264e-01,
        5.92677668e-02,  8.91297162e-02, -3.85302082e-02,  5.08640334e-02,
       -2.05586597e-01,  1.56799808e-01,  2.81769522e-02, -1.88169599e-01,
       -1.24496922e-01,  1.15324119e-02, -2.29361504e-01, -1.66644216e-01,
        5.55533543e-02,  4.50649261e-02, -5.11172973e-02, -1.83729753e-01,
       -5.03095649e-02, -1.11877909e-02, -7.42015839e-02, -1.51532590e-01,
       -7.24348426e-02,  1.66514263e-01, -3.24560329e-02,  6.81149364e-02,
       -7.83653557e-02,  9.51011777e-02,  1.13738783e-01, -1.12947047e-01,
       -1.48354471e-01, -1.69574201e-01, -1.05375081e-01,  1.20556550e-02,
        1.05610274e-01, -3.02473605e-02, -1.97994590e-01, -1.90050453e-01,
       -2.19540969e-01, -2.03601420e-01, -9.78503153e-02, -2.09120601e-01,
       -8.70674774e-02, -7.69297779e-02,  1.05590902e-01, -2.86718160e-02,
       -1.06622025e-01,  4.26215993e-04, -1.55698031e-01,  9.15135536e-03,
        1.23294726e-01,  1.60480767e-01,  1.29378349e-01,  1.18120626e-01,
        2.19205599e-02, -1.32914901e-01, -9.15155709e-02, -1.75412002e-04,
       -1.47617191e-01, -2.10049957e-01, -5.98787367e-02, -1.21433727e-01,
       -2.33656481e-01,  2.49234326e-02,  8.75905603e-02,  1.61562860e-02,
        6.86599910e-02, -1.24770030e-01, -2.84864008e-02, -4.42518154e-03,
        1.27566963e-01, -1.42110959e-01, -2.43773311e-01,  1.26353115e-01,
        2.10368514e-01,  1.30250584e-02, -1.11271683e-02, -1.71236068e-01,
       -3.01664025e-02, -1.37084097e-01, -8.65822285e-02, -1.83204830e-01,
       -5.85307665e-02, -1.65118366e-01, -2.76245084e-02, -1.19042657e-01,
       -1.39899969e-01,  7.13022947e-02, -1.62925243e-01, -3.57955806e-02,
        6.04690388e-02, -1.59277350e-01, -1.71056464e-01,  1.35482624e-01,
       -1.47697311e-02,  2.76028104e-02, -2.34115839e-01,  2.52515338e-02,
        1.38992935e-01,  1.74183026e-01, -1.92525774e-01,  8.61607417e-02,
       -1.17912844e-01,  3.52357589e-02, -1.96650907e-01,  9.05922651e-02,
        1.22859329e-02, -2.28015423e-01, -1.57921106e-01,  6.93426579e-02,
        6.37381431e-03,  3.25783566e-02,  7.58255571e-02,  1.46258861e-01,
       -3.47750187e-02,  8.01249668e-02, -2.14833260e-01,  5.72889671e-02,
       -1.26077428e-01, -9.50171798e-02, -1.85756877e-01, -3.45358253e-02,
       -2.19182789e-01, -9.22945738e-02, -2.02006251e-02, -2.56482176e-02,
       -1.70002937e-01,  3.08247097e-03, -1.96583215e-02, -6.16586208e-02,
       -1.22668505e-01, -8.34440291e-02, -1.33254901e-01, -1.44684494e-01,
        1.86637357e-01,  1.37679636e-01, -1.13555398e-02, -4.12074588e-02,
        1.29046038e-01, -6.19827881e-02, -8.56878012e-02, -1.81979865e-01,
       -6.85323179e-02,  4.26374003e-03,  1.72484703e-02, -2.41536483e-01,
       -1.18413255e-01, -2.20039576e-01,  1.30361523e-02, -3.40900719e-02,
       -2.35251009e-01, -1.75458789e-01,  5.57050258e-02, -1.21578991e-01,
        9.81494188e-02, -1.54540509e-01,  1.14985015e-02, -1.27669245e-01,
        7.44715100e-04,  1.59768119e-01,  1.01313125e-02, -8.52139592e-02,
       -4.20386493e-02, -1.67486876e-01,  5.06964624e-02, -2.05687024e-02,
       -3.00220288e-02,  1.36041865e-01, -9.14536417e-02, -7.62121677e-02,
       -1.45569399e-01, -9.77391750e-03, -1.97550714e-01, -7.42156208e-02,
       -3.47657092e-02,  1.64183006e-01, -2.30036482e-01, -4.19274867e-02,
       -1.55490756e-01, -6.35712221e-02, -9.02027171e-03, -1.12331912e-01,
       -1.13270700e-01, -1.01875171e-01, -4.13014032e-02, -1.64877176e-01,
        9.35374647e-02, -3.54600362e-02,  1.43548951e-01, -6.01809770e-02,
       -2.13627934e-01,  1.47264898e-01, -3.96759883e-02, -1.54730260e-01,
       -1.61742389e-01, -6.74059987e-02,  1.56500060e-02, -6.48184121e-02,
        6.47555292e-02, -1.18565083e-01, -5.73218195e-03, -7.29167908e-02,
       -3.12483087e-02, -1.96256280e-01, -1.82600662e-01, -4.90075350e-02,
        6.72202855e-02, -3.34367417e-02,  1.60694689e-01, -2.37052590e-01,
       -2.11011589e-01,  5.17688831e-03,  2.55085062e-02, -7.69671947e-02,
       -1.67834461e-01, -2.35579044e-01, -1.85895234e-01,  7.12446719e-02,
        2.52432097e-02,  1.76483765e-02, -1.07956551e-01, -7.03201145e-02,
        1.92737043e-01, -1.81640238e-01, -2.10688025e-01, -1.39478415e-01,
       -1.19405709e-01,  7.80087188e-02,  1.50100634e-01, -1.29091084e-01,
       -3.62202749e-02, -1.76568329e-01,  1.64040431e-01, -1.25320792e-01,
       -4.85604554e-02, -3.33867781e-02,  1.40636206e-01, -6.71559870e-02,
        9.36163366e-02, -1.44916624e-01,  2.03887885e-03, -1.06898978e-01,
       -1.11343980e-01, -1.21444210e-01, -1.69939816e-01, -2.13505492e-01,
       -2.17717839e-03,  6.79021478e-02, -1.35636449e-01, -3.78642380e-02,
       -1.72759682e-01,  3.30238789e-02,  4.62930882e-03,  1.23176970e-01],
      dtype=float32), 'encoder.fc.6.weight': array([[-0.2716564 , -0.20772113,  0.04247404, ..., -0.1411724 ,
        -0.10286681, -0.30358368],
       [ 0.32618707,  0.33090752,  0.36150575, ...,  0.29561758,
        -0.35941416,  0.21529898],
       [-0.123695  , -0.18988241, -0.22644907, ..., -0.00645557,
         0.24351352, -0.36141706],
       ...,
       [ 0.1434512 , -0.35040468,  0.15887603, ..., -0.27205506,
         0.14656997,  0.3285189 ],
       [ 0.23733333, -0.15643135,  0.01871538, ...,  0.01844253,
        -0.01019651,  0.3253583 ],
       [-0.22679275,  0.1981745 ,  0.24338225, ...,  0.14107578,
        -0.22620814,  0.26526397]], dtype=float32), 'encoder.fc.6.bias': array([ 0.19527498, -0.06964362, -0.22465385,  0.05709084, -0.16214234,
       -0.29042286,  0.21164796,  0.24372391,  0.102241  , -0.26778078],
      dtype=float32), 'decoder.fc.0.weight': array([[-0.89529943,  2.1385024 ,  2.156425  , ...,  0.84526455,
        -0.28198197,  0.64783126],
       [-1.5797136 ,  1.3532264 , -0.724286  , ..., -1.7959166 ,
        -0.7089679 , -2.641283  ],
       [-2.2981782 , -0.9220802 ,  0.18396136, ..., -1.2955549 ,
        -0.8772    , -2.0866044 ],
       ...,
       [-2.8978395 ,  0.13406852, -1.0001698 , ...,  2.16369   ,
         0.50293326, -0.03007364],
       [ 1.594307  , -1.6110578 ,  1.8300915 , ...,  0.5607166 ,
        -2.5683088 , -1.2901471 ],
       [ 1.1223917 ,  0.5356736 , -2.62475   , ...,  1.5821457 ,
        -2.0337696 , -1.0738103 ]], dtype=float32), 'decoder.fc.0.bias': array([-8.88593793e-01, -4.72303957e-01,  7.61475146e-01, -2.14111161e+00,
        8.33537042e-01,  2.34794736e+00,  2.52382135e+00,  5.17468691e-01,
       -2.30959225e+00,  8.04756761e-01, -1.99841768e-01, -2.34433699e+00,
       -6.42088652e-01,  6.61520958e-01, -1.74620628e-01,  3.24527353e-01,
       -6.68989897e-01,  4.10694629e-02,  1.70345736e+00, -6.29818201e-01,
       -1.29075789e+00,  1.00988960e+00,  2.74219453e-01, -1.16480005e+00,
        1.88767421e+00,  1.71036291e+00,  1.39259160e+00,  1.64150810e+00,
       -1.05835330e+00,  8.58505607e-01,  1.98720765e+00, -5.87123454e-01,
        2.01164365e+00, -2.40969133e+00,  1.85385370e+00, -9.62526679e-01,
        7.12827265e-01,  2.71784449e+00, -1.72909582e+00, -2.54045320e+00,
       -1.95736301e+00,  8.33259940e-01, -2.32054329e+00,  7.04849243e-01,
        2.85692310e+00, -9.25042927e-02, -6.73110723e-01,  1.93227100e+00,
        2.20788097e+00,  1.71265870e-01, -2.45069981e+00, -2.31985426e+00,
       -7.88812101e-01,  1.24888015e+00, -1.00783587e+00, -2.69829571e-01,
        2.35412550e+00,  2.72579813e+00, -1.85866225e+00, -9.40971375e-01,
       -1.34604228e+00,  2.42440924e-01, -7.31634676e-01,  1.46108305e+00,
        2.84245729e+00,  1.99924481e+00,  6.97073281e-01, -6.59602523e-01,
       -2.14044261e+00, -1.98956037e+00,  1.73574960e+00,  1.64328623e+00,
       -7.80688047e-01,  3.73275280e-01, -2.28304911e+00,  2.56343842e+00,
        1.60198736e+00,  2.66887569e+00,  2.10937113e-02, -9.53876078e-01,
        2.19304919e-01, -2.62820697e+00,  1.00157666e+00,  1.69124913e+00,
        2.04350567e+00, -1.34665859e+00,  2.61216116e+00, -1.47608304e+00,
        2.23175859e+00, -1.25288594e+00, -3.33931565e-01, -2.69387627e+00,
       -1.25488371e-01, -1.43206835e+00, -4.87516582e-01, -1.31699992e-02,
       -1.50364101e-01, -1.44872022e+00, -1.53440475e+00,  2.76310611e+00,
        2.07483101e+00, -2.10534692e+00, -1.58939123e+00, -2.68618083e+00,
        1.31827271e+00, -1.85881305e+00, -3.97878140e-02,  1.75049484e-01,
       -6.81427956e-01, -2.08327889e+00,  5.41827440e-01,  3.49466681e-01,
       -5.93564630e-01,  6.46754444e-01, -8.74782801e-01,  5.76763153e-01,
        3.02184939e-01,  1.70677495e+00,  1.00155771e+00,  1.21798801e+00,
        2.17347169e+00, -6.16959810e-01,  1.64702952e+00,  1.58884978e+00,
       -9.98756289e-01,  4.63655084e-01, -1.56882942e-01,  1.95508099e+00,
        2.29795277e-01, -5.69198847e-01, -1.02257776e+00, -2.29423952e+00,
       -4.45884764e-01,  1.47337031e+00, -2.68424535e+00, -2.40204334e+00,
       -1.24308240e+00, -1.17126942e+00, -2.75387549e+00, -1.27130795e+00,
       -5.34692168e-01,  9.55011606e-01, -1.13017797e+00,  1.53958499e-01,
        1.80265701e+00,  2.24113655e+00, -1.68066001e+00,  1.93035030e+00,
        2.52954412e+00, -7.31401086e-01, -2.03308678e+00,  2.42822814e+00,
        1.44617826e-01, -1.00224018e+00,  2.53400946e+00,  2.34503317e+00,
        2.69454026e+00, -2.06164265e+00,  1.49675941e+00, -2.35290909e+00,
        8.45084429e-01, -1.00127268e+00,  1.67971301e+00, -4.42484617e-01,
        1.63553154e+00, -9.16048408e-01,  1.59899688e+00,  9.77618396e-01,
        2.81050253e+00, -7.32244372e-01, -2.49803686e+00, -2.73277926e+00,
       -4.95288074e-01,  2.32670283e+00,  2.87518525e+00,  1.91602254e+00,
       -1.54052114e+00,  1.18406153e+00, -1.42504001e+00, -2.32448244e+00,
       -5.82727909e-01, -1.02261436e+00,  2.62089658e+00,  6.61761999e-01,
       -2.13867140e+00,  1.08544254e+00,  3.10516600e-02,  1.93735051e+00,
        2.02180767e+00,  6.53171003e-01, -2.06823897e+00,  4.12381709e-01,
        2.33415842e+00, -2.80237889e+00, -1.66359031e+00,  1.57645249e+00,
        1.33947539e+00,  4.99679029e-01,  8.54261994e-01,  2.18866014e+00,
        2.72866344e+00, -8.66848469e-01,  2.00138003e-01,  2.33930802e+00,
       -1.95983696e+00,  2.08250093e+00,  1.15516949e+00,  4.04925346e-01,
       -7.06951022e-01, -1.83376014e-01,  1.52778041e+00,  1.27591252e+00,
        6.89550400e-01, -1.50856209e+00, -6.16537333e-02, -2.58303285e+00,
       -1.88522434e+00,  9.63860512e-01,  3.07011873e-01,  2.09677219e+00,
        9.30238366e-01, -2.41151762e+00,  5.11387467e-01,  6.35293722e-01,
        9.32147264e-01, -1.97848272e+00,  2.86273980e+00, -1.43762922e+00,
        8.28298211e-01,  1.73989129e+00, -2.80089341e-02,  4.36980426e-01,
        1.01411179e-01,  1.37533998e+00,  2.03734469e+00,  5.23980558e-01,
        3.32837403e-01,  1.80965352e+00,  3.42057288e-01,  2.65327096e-01,
       -1.18624842e+00,  1.28529739e+00,  1.12286878e+00,  1.56770539e+00,
        1.86338806e+00,  1.49246526e+00, -1.34986293e+00,  7.88993835e-01,
        2.24226403e+00,  2.26142979e+00, -1.69969988e+00, -1.38417530e+00,
       -4.34798710e-02,  1.03963518e+00, -5.59089109e-02,  1.60080600e+00,
        1.20669961e+00, -2.60574198e+00, -3.83574367e-02,  1.81699777e+00,
       -2.31742471e-01, -1.53892350e+00, -2.74597573e+00, -1.58245897e+00,
        4.82808113e-01, -1.80203557e+00,  1.86431849e+00, -2.30924797e+00,
        9.80683327e-01,  2.64529824e-01, -2.70812511e-02,  1.83915138e+00,
       -3.21632683e-01, -2.48326278e+00,  7.58222103e-01, -2.40872955e+00,
       -2.47672766e-01,  2.68504524e+00, -1.48905683e+00,  1.04950130e+00,
       -2.38538074e+00, -1.80885100e+00,  1.71116963e-01,  9.51278925e-01,
       -1.77351743e-01, -2.01633826e-01, -1.14348578e+00, -2.02221489e+00,
        1.17310238e+00, -2.08579111e+00,  9.63607877e-02,  2.58908129e+00,
        1.77681780e+00,  2.21444964e+00, -1.73583806e+00,  1.48018122e+00,
       -1.18916917e+00, -1.81020284e+00,  1.65250063e+00,  2.55996990e+00,
        6.18898153e-01,  5.21168888e-01,  4.13219631e-01, -1.65626025e+00,
        2.45721769e+00, -6.35423481e-01,  2.58940279e-01,  1.99603772e+00,
        9.23832122e-04,  6.03183389e-01,  4.50362325e-01, -1.19665003e+00,
        2.70141101e+00, -1.12425947e+00, -5.64908385e-01,  2.19048285e+00,
        1.42539740e+00, -1.34370089e+00,  1.33006668e+00, -1.74076772e+00,
        2.55277801e+00, -2.33661509e+00,  1.49354446e+00,  7.62994647e-01,
       -2.19179225e+00,  1.23698747e+00, -1.04467571e+00, -2.85568744e-01,
       -2.83790135e+00,  6.65294290e-01,  1.01199007e+00,  2.16056347e+00,
       -1.42139494e+00, -2.83957362e-01,  1.41306698e+00,  3.18993211e-01,
        2.15570688e+00, -2.28012705e+00,  2.50039387e+00,  2.57101059e+00,
        1.88301456e+00, -8.76627982e-01,  1.60947824e+00, -2.69411182e+00,
        1.90894043e+00,  4.53600347e-01, -4.83676732e-01,  7.72693992e-01,
       -6.65811241e-01, -1.08586550e+00, -9.84510183e-01, -8.14249754e-01,
        1.53588295e+00, -4.39176589e-01, -2.59431219e+00,  6.95466757e-01,
        3.05718603e-03, -1.11156273e+00,  2.23816776e+00, -1.51380277e+00,
        1.54782820e+00, -1.92937648e+00, -1.38551807e+00,  1.97112489e+00,
       -8.10319602e-01,  2.20263243e+00, -1.36889100e+00, -1.66420066e+00,
        2.54341531e+00,  8.56891632e-01, -2.30505490e+00, -1.81685805e+00,
       -1.40782833e-01, -1.64372027e-01,  2.34978867e+00, -2.78759432e+00,
       -5.35289466e-01,  4.50296968e-01,  9.43871498e-01, -5.54516077e-01,
        3.40750441e-02, -2.08716273e+00,  2.04282475e+00,  1.03915238e+00,
        1.39639354e+00,  1.98425412e+00,  3.18601020e-02,  5.96707225e-01,
       -2.45454431e+00, -2.25608766e-01,  2.39282429e-01,  2.40391469e+00,
       -1.40856266e+00, -1.23401284e+00,  1.96198177e+00,  1.84646654e+00,
        2.18437195e+00, -1.52651858e+00, -2.78577852e+00,  2.43743730e+00,
       -2.86020899e+00, -7.46010363e-01,  1.22169685e+00,  3.78080428e-01,
       -1.14654958e+00, -2.45952535e+00, -2.48009157e+00, -1.98849261e+00,
       -1.77151412e-01,  1.61118698e+00, -2.66435146e+00, -2.51177883e+00,
       -1.24101453e-02,  2.45197922e-01, -8.35836709e-01, -1.22542560e+00,
        2.29215336e+00,  2.14511490e+00,  1.63798761e+00,  2.53582525e+00,
       -3.99421394e-01, -8.44883740e-01,  5.80515623e-01,  2.19040728e+00,
        4.95256223e-02,  1.09921193e+00, -1.76831031e+00,  8.49566817e-01,
       -1.77591491e+00, -8.62000883e-02,  2.75885272e+00, -1.38198900e+00,
        1.05290759e+00, -1.17577577e+00, -1.79853988e+00,  2.20514154e+00,
       -1.26755762e+00, -1.85857224e+00, -1.43686688e+00,  1.89603019e+00,
       -5.49548149e-01, -2.66635132e+00, -4.31386769e-01,  1.41685247e+00,
       -2.42574477e+00, -3.24905336e-01, -2.02669454e+00,  2.43602228e+00,
       -2.15614653e+00, -2.16535830e+00, -2.28016996e+00, -1.95504427e+00,
       -2.23739409e+00,  1.76510513e+00, -2.41534740e-01, -2.89921016e-01,
        2.19153380e+00, -1.15524745e+00, -2.04810214e+00,  9.14015770e-01,
       -1.25758004e+00, -7.11526513e-01, -2.26798272e+00, -2.21174407e+00,
        2.54980040e+00,  3.92806113e-01,  9.38821375e-01,  2.14573264e+00,
        1.30127168e+00, -2.50570154e+00,  2.25374198e+00, -2.63108230e+00,
       -1.58587408e+00,  2.38095713e+00, -1.04683518e+00, -6.01626635e-01,
       -7.22214699e-01,  1.88900721e+00,  2.87704372e+00,  1.18104959e+00,
       -1.20919287e+00,  2.64562702e+00,  1.31973851e+00, -2.52047420e+00,
       -4.03663278e-01, -8.70389342e-01, -1.43555832e+00, -2.68607426e+00,
       -1.82277367e-01,  2.84671998e+00, -2.43136168e+00, -2.06625247e+00,
       -1.36339605e+00,  2.16435003e+00, -2.13029003e+00, -6.15230918e-01,
       -1.97286344e+00,  2.50042152e+00,  2.63220668e+00,  1.10449366e-01],
      dtype=float32), 'decoder.fc.2.weight': array([[-0.31291622,  0.17589718, -0.45657483, ...,  0.3622628 ,
        -0.38572234,  0.31604195],
       [ 0.29682493, -0.02265379, -0.1589227 , ..., -0.07548749,
         0.32794586,  0.18615879],
       [ 0.24688588, -0.4453979 , -0.00504876, ...,  0.3618226 ,
         0.23606953,  0.06445619],
       ...,
       [ 0.25295138, -0.3215199 , -0.22674087, ...,  0.30250096,
        -0.42276597,  0.05067698],
       [ 0.1558919 , -0.0821382 , -0.2649923 , ..., -0.2124441 ,
         0.30430043,  0.15689602],
       [-0.07935566,  0.08545136,  0.01260019, ..., -0.11373712,
        -0.05053192, -0.06580696]], dtype=float32), 'decoder.fc.2.bias': array([ 0.22318   ,  0.3764388 ,  0.18866351, ..., -0.20901024,
       -0.31337592, -0.3111992 ], dtype=float32), 'decoder.fc.4.weight': array([[-0.18148619,  0.16638365,  0.02530243, ..., -0.08246236,
         0.10822974, -0.04142498],
       [-0.14047816, -0.11791243, -0.03456389, ..., -0.10102747,
        -0.15132082, -0.13350071],
       [ 0.01765549,  0.05039634, -0.13511433, ..., -0.05807028,
         0.07274868, -0.16172434],
       ...,
       [-0.07906591, -0.04046537,  0.17620558, ..., -0.01346518,
        -0.08322687, -0.20064618],
       [ 0.08384539,  0.12097435,  0.2378265 , ..., -0.00890414,
        -0.125462  ,  0.08310375],
       [-0.1556741 , -0.01222134,  0.14852467, ...,  0.011146  ,
         0.16502924, -0.08176826]], dtype=float32), 'decoder.fc.4.bias': array([-0.07099923, -0.18312156, -0.25156555, -0.12944977,  0.07763739,
        0.10886776, -0.09178708,  0.00636905,  0.02704383,  0.1207336 ,
       -0.0789368 ,  0.01890183,  0.06510723, -0.10870109,  0.11974473,
       -0.06107028, -0.1507344 , -0.16127712, -0.00497993,  0.10512677,
        0.09639457, -0.06918909,  0.05270301,  0.0044977 , -0.00284671,
       -0.04765316,  0.03613324, -0.12678173,  0.11210601, -0.16228494,
       -0.17994769,  0.17333508,  0.11519085, -0.137952  ,  0.09786807,
        0.1197439 , -0.19476926,  0.09533299,  0.0331786 , -0.09532097,
       -0.01590152, -0.24259603, -0.21639341, -0.14031368,  0.1727823 ,
       -0.03146975, -0.17179987,  0.07900074, -0.09094869, -0.14203377,
       -0.20683303,  0.0362491 ,  0.03226085, -0.23764834, -0.18750536,
        0.06806356,  0.12968263, -0.20230216, -0.18539952,  0.01794055,
       -0.06410464,  0.02381282,  0.08671546,  0.16399154, -0.05856134,
        0.03700469,  0.04383543, -0.1365643 ,  0.05069964, -0.23117986,
       -0.18453477, -0.02536173,  0.00485309,  0.10928966, -0.03968006,
       -0.11567998,  0.1944992 ,  0.14114785, -0.1442926 , -0.05260667,
        0.200708  , -0.17658234, -0.22837886,  0.06278321,  0.18819103,
       -0.20343396, -0.129261  , -0.13069674, -0.2219905 , -0.13449094,
       -0.2070479 ,  0.05512387,  0.17963421,  0.15522683, -0.22836167,
       -0.18227692, -0.08511457,  0.04772984,  0.00698516, -0.16750254,
        0.18390083, -0.07083756,  0.18041134, -0.19476555,  0.06045557,
        0.1872672 , -0.02937906,  0.15043502, -0.0660214 ,  0.19105431,
        0.02216715, -0.05351183,  0.09242363,  0.04745317, -0.00143414,
        0.14555536,  0.03560883, -0.13007915, -0.00708233,  0.16548496,
       -0.11359175,  0.06682828, -0.07371583,  0.04212371, -0.01960448,
        0.00118334, -0.3044874 ,  0.1334513 , -0.13220635,  0.17025623,
        0.09539501,  0.06355307, -0.06779606, -0.02976466, -0.10243578,
       -0.13872507, -0.1784954 , -0.06668687,  0.08560031,  0.17139629,
       -0.06682383,  0.11027969,  0.06806701,  0.0590581 ,  0.08680317,
       -0.14974251, -0.1430384 ,  0.03891084, -0.11768793,  0.15470612,
       -0.05653944,  0.02833989,  0.11160887,  0.0379298 , -0.01907369,
       -0.08277586, -0.17435502, -0.12279212,  0.07872187, -0.03576026,
       -0.0529243 , -0.11541972, -0.18862437, -0.16567011, -0.03873361,
        0.12148006,  0.05111482, -0.14465839, -0.0359924 , -0.16620564,
       -0.05411296, -0.20317464, -0.11169915, -0.074771  , -0.18873848,
        0.05228694, -0.20274547, -0.16432153,  0.18495984,  0.15983352,
       -0.00582732, -0.18368667,  0.03552622, -0.20075035, -0.20119625,
        0.11039151, -0.04301181,  0.02456654,  0.08575273,  0.1169122 ,
       -0.17038211,  0.093494  ,  0.12335451, -0.18688573, -0.26757556,
        0.0386695 ,  0.14093715, -0.01549259,  0.169287  , -0.09164961,
        0.03023247, -0.18172683, -0.1914029 , -0.03107629,  0.19260372,
       -0.09787457,  0.11710536, -0.1553807 ,  0.13260132, -0.11146516,
       -0.12560901,  0.07042713,  0.00498649,  0.16479188,  0.16266766,
        0.08797903,  0.1019342 , -0.06689075,  0.06046233, -0.00545753,
       -0.13617688,  0.14837006, -0.06637261,  0.11664402, -0.19098355,
       -0.0274028 , -0.01342639, -0.18938239,  0.20821403,  0.07503557,
       -0.03054683, -0.12503561, -0.22844964, -0.17878205, -0.17706004,
       -0.01318385, -0.0660478 , -0.10757506, -0.01370734,  0.1341081 ,
        0.0956272 ,  0.01397891,  0.12670328, -0.04997751, -0.25076184,
        0.12000328, -0.0473731 , -0.11817117,  0.00519258,  0.04700511,
       -0.03892387,  0.16417651,  0.04248413,  0.07346173,  0.20821922,
       -0.01291347, -0.19990695, -0.1420921 ,  0.08854029, -0.16337356,
       -0.14331749,  0.05642229,  0.08778329, -0.00633639, -0.19146882,
       -0.03586449, -0.21853241, -0.03498375, -0.10497279, -0.1642423 ,
       -0.1482394 ,  0.05264394, -0.07987827,  0.13682154,  0.07352398,
        0.11902203, -0.08796324,  0.10126817, -0.14252922, -0.16616504,
       -0.04844785,  0.05229963, -0.15995786, -0.21124879,  0.10779797,
        0.04786614, -0.08435932,  0.03831879, -0.1709573 , -0.1552541 ,
       -0.09971274,  0.00897897,  0.12284699,  0.05751953, -0.11483721,
       -0.06327894, -0.04146431,  0.08175285,  0.19063127,  0.14652082,
        0.05545494, -0.11970717,  0.16132137,  0.10151595,  0.19841462,
        0.14555994, -0.16765319,  0.13077274, -0.10470398,  0.07061759,
       -0.19034237,  0.13945365,  0.01246826,  0.10050613,  0.19126543,
       -0.10617621, -0.19239558,  0.00754276,  0.16481838,  0.11334902,
       -0.10261296,  0.06673267, -0.02274488, -0.19836187, -0.13100591,
        0.05776655,  0.00786376, -0.11987344, -0.11505868,  0.06477587,
       -0.10587496,  0.05321405, -0.16244663,  0.15182398,  0.02513889,
       -0.12859546, -0.20417187,  0.04943262, -0.22075486, -0.22414243,
       -0.04684522, -0.05715007,  0.10058028, -0.06453075, -0.01245606,
        0.08376876,  0.15745717, -0.04982542, -0.20630509,  0.18953444,
       -0.15176228, -0.22888651, -0.20361418, -0.2276843 , -0.21440116,
        0.00960307, -0.08486886, -0.07781654, -0.14141294, -0.04259961,
        0.1614018 ,  0.0850799 ,  0.12365444, -0.07790564, -0.05433095,
        0.15678893, -0.24091336, -0.19822842,  0.06522192, -0.07262745,
        0.07237972,  0.14467502, -0.01453314, -0.16255876, -0.20681724,
       -0.00854257,  0.18997823, -0.13606925, -0.14134692, -0.18229379,
       -0.05798526, -0.14811549, -0.01702371, -0.02935134,  0.09008832,
       -0.20857468, -0.02063025, -0.17835695,  0.18616413,  0.00620283,
       -0.19810696,  0.14217928, -0.0937928 ,  0.1332058 ,  0.09590269,
       -0.2122531 ,  0.06178105,  0.09549746,  0.16362813, -0.00785269,
       -0.01861099, -0.06020548,  0.19159482,  0.17998642, -0.1530983 ,
        0.09674622,  0.15956482, -0.05536059,  0.04160164, -0.22256787,
        0.16153088, -0.2009367 ,  0.15121555,  0.05675783,  0.1042982 ,
       -0.00249759, -0.14272608, -0.20337373, -0.05184636, -0.03706896,
       -0.10652489, -0.11159684,  0.0220985 ,  0.0347051 , -0.10038579,
        0.06526672,  0.00840375,  0.11719851,  0.16720687,  0.02094114,
       -0.12977803,  0.06631731,  0.0450451 , -0.09425568,  0.1866076 ,
       -0.07666025, -0.19878711,  0.19519302, -0.0962301 ,  0.00605802,
       -0.04351713, -0.13035361, -0.19161145,  0.21692091, -0.05109792,
       -0.09356928, -0.22737816,  0.04254278,  0.13221699,  0.15632288,
        0.00046049,  0.18288891,  0.11050108, -0.14260241, -0.19925329,
       -0.20213515,  0.00333363, -0.00751765, -0.13649483,  0.03606308,
        0.0370201 ,  0.04864517, -0.20215803, -0.17620201, -0.04005624,
       -0.16120337, -0.05315233, -0.02469502,  0.0270884 ,  0.15354645,
        0.16473773, -0.1826235 ,  0.16890456, -0.0861808 ,  0.17126782,
       -0.05621441,  0.064094  , -0.06591646, -0.07272904, -0.03415718,
       -0.11313781, -0.10784793, -0.06881346, -0.19293192,  0.19249474,
       -0.12573889, -0.14270812, -0.13665825, -0.07223928, -0.22316758,
        0.0109783 , -0.07362282, -0.15617807,  0.08721516,  0.12039107,
       -0.18432601, -0.18022527, -0.06378619, -0.00694213, -0.19558188],
      dtype=float32), 'decoder.fc.6.weight': array([[ 0.12382317, -0.13381648,  0.11713301, ..., -0.359267  ,
         0.29958314, -0.12120914],
       [-0.01097791, -0.06071801,  0.10942586, ..., -0.27698973,
         0.40535864, -0.34803772],
       [ 0.33267087, -0.38189295,  0.07370391, ...,  0.26481885,
        -0.06972765,  0.30675328],
       ...,
       [ 0.28740096, -0.21339042,  0.288504  , ...,  0.23595822,
        -0.34574994,  0.11486001],
       [-0.27590215,  0.23685732, -0.36252692, ..., -0.22145328,
         0.14084505,  0.49116546],
       [-0.18794999, -0.07702878, -0.13875073, ..., -0.16718158,
        -0.37905416,  0.2517739 ]], dtype=float32), 'decoder.fc.6.bias': array([0.02274279, 0.00489192, 0.35138825, ..., 0.34739938, 0.18696989,
       0.3882873 ], dtype=float32)}
[Time: 27.01.25 20:32:54] [Level: info] [State: aggregate] Updating global model...
[Time: 27.01.25 20:32:54] [Level: info] [State: aggregate] GOAE(
  (encoder): Encoder(
    (fc): Sequential(
      (0): Linear(in_features=10564, out_features=500, bias=True)
      (1): ReLU()
      (2): Linear(in_features=500, out_features=2000, bias=True)
      (3): ReLU()
      (4): Linear(in_features=2000, out_features=500, bias=True)
      (5): ReLU()
      (6): Linear(in_features=500, out_features=10, bias=True)
    )
  )
  (decoder): Decoder(
    (fc): Sequential(
      (0): Linear(in_features=10, out_features=500, bias=True)
      (1): ReLU()
      (2): Linear(in_features=500, out_features=2000, bias=True)
      (3): ReLU()
      (4): Linear(in_features=2000, out_features=500, bias=True)
      (5): ReLU()
      (6): Linear(in_features=500, out_features=10564, bias=True)
    )
  )
)
[Time: 27.01.25 20:32:54] [Level: info] [State: aggregate] Broadcasting model...
[Time: 27.01.25 20:32:54] [Level: info] transition: compute
[Time: 27.01.25 20:32:55] [Level: info] state: compute
[Time: 27.01.25 20:32:55] [Level: info] [State: compute] ITERATION 3
[Time: 27.01.25 20:32:55] [Level: info] [State: compute] receiving weights...
[Time: 27.01.25 20:32:55] [Level: info] [State: compute] Loading global weights for model...
[Time: 27.01.25 20:32:56] [Level: info] [State: compute] Updated model with received weights.
[Time: 27.01.25 20:32:56] [Level: info] [State: compute] Loading data...
[Time: 27.01.25 20:32:56] [Level: info] [State: compute] Preparing model training...
[Time: 27.01.25 20:32:56] [Level: info] [State: compute] Training model...
127.0.0.1 - - [27/Jan/2025 20:32:56] "GET /api/status HTTP/1.0" 200 158
[CTRL] GET /data
127.0.0.1 - - [27/Jan/2025 20:33:03] "GET /api/data HTTP/1.0" 200 58363374
[Time: 27.01.25 20:33:04] [Level: info] [State: compute] Epoch 50, Loss: 23.628320693969727
/usr/local/lib/python3.8/site-packages/sklearn/cluster/_kmeans.py:1416: FutureWarning: The default value of `n_init` will change from 10 to 'auto' in 1.4. Set the value of `n_init` explicitly to suppress the warning
  super()._check_params_vs_input(X, default_n_init=10)
/usr/local/lib/python3.8/site-packages/sklearn/base.py:1152: ConvergenceWarning: Number of distinct clusters (1) found smaller than n_clusters (2). Possibly due to duplicate points in X.
  return fit_method(estimator, *args, **kwargs)
[Time: 27.01.25 20:33:04] [Level: info] [State: compute] Saving model and decoder...
[Time: 27.01.25 20:33:04] [Level: info] [State: compute] Sent updated weights to coordinator.
[Time: 27.01.25 20:33:04] [Level: info] transition: aggregate
[Time: 27.01.25 20:33:05] [Level: info] state: aggregate
[Time: 27.01.25 20:33:05] [Level: info] [State: aggregate] Waitig for local models...
127.0.0.1 - - [27/Jan/2025 20:33:06] "GET /api/status HTTP/1.0" 200 157
127.0.0.1 - - [27/Jan/2025 20:33:08] "GET /api/status HTTP/1.0" 200 157
127.0.0.1 - - [27/Jan/2025 20:33:10] "GET /api/status HTTP/1.0" 200 157
127.0.0.1 - - [27/Jan/2025 20:33:12] "GET /api/status HTTP/1.0" 200 157
127.0.0.1 - - [27/Jan/2025 20:33:14] "GET /api/status HTTP/1.0" 200 157
127.0.0.1 - - [27/Jan/2025 20:33:16] "GET /api/status HTTP/1.0" 200 157
127.0.0.1 - - [27/Jan/2025 20:33:18] "GET /api/status HTTP/1.0" 200 157
127.0.0.1 - - [27/Jan/2025 20:33:20] "GET /api/status HTTP/1.0" 200 157
127.0.0.1 - - [27/Jan/2025 20:33:22] "GET /api/status HTTP/1.0" 200 157
[CTRL] POST /data
127.0.0.1 - - [27/Jan/2025 20:33:24] "POST /api/data?client=fb39426e1af73b82&memo=GATHERROUND3 HTTP/1.0" 200 0
[CTRL] POST /data
127.0.0.1 - - [27/Jan/2025 20:33:24] "POST /api/data?client=492af3544f49e697&memo=GATHERROUND3 HTTP/1.0" 200 0
[Time: 27.01.25 20:33:24] [Level: info] [State: aggregate] {'encoder.fc.0.weight': array([[-0.13358133,  0.00222583,  0.02085792, ..., -0.05778162,
         0.09589661, -0.05026094],
       [ 0.06895354,  0.05035013,  0.0205988 , ...,  0.02869945,
        -0.07866193, -0.06029603],
       [-0.0565484 , -0.04900736, -0.02918935, ...,  0.04783456,
        -0.00218868, -0.01753856],
       ...,
       [-0.04646625, -0.11214687, -0.05106976, ..., -0.06140113,
         0.10940633, -0.07345469],
       [ 0.00388234,  0.11000603,  0.02330566, ...,  0.06457045,
        -0.00331027, -0.05584532],
       [ 0.03600752, -0.01557628, -0.1092843 , ..., -0.00685268,
         0.04979608, -0.00662886]], dtype=float32), 'encoder.fc.0.bias': array([-4.47235070e-02, -1.44037992e-01, -4.40607741e-02, -6.16764054e-02,
        5.17502725e-02,  2.95905508e-02, -4.09851745e-02,  1.27410572e-02,
       -1.41621530e-02, -1.62126105e-02, -4.43443954e-02,  3.84038724e-02,
       -4.45000716e-02, -8.13903511e-02, -6.41536713e-02, -1.27376569e-02,
       -1.31823510e-01, -8.36146623e-02,  2.59098057e-02, -1.83030255e-02,
        2.52508149e-02,  1.08170351e-02, -1.22493871e-01, -4.58507501e-02,
       -1.27632603e-01, -3.62533890e-02, -5.51235415e-02, -7.97718838e-02,
       -8.24359804e-02,  5.49701229e-03, -5.04231267e-02, -1.01811320e-01,
       -2.59954277e-02, -1.21699661e-01, -5.52765967e-04,  3.51031609e-02,
        5.97314350e-03,  2.18523443e-02, -3.95656675e-02, -3.35391201e-02,
       -9.52555016e-02, -6.70931712e-02,  3.46530080e-02, -1.69414766e-02,
       -1.45479351e-01,  1.08017167e-02, -6.38156757e-03, -4.00320105e-02,
        5.38679883e-02, -5.24991527e-02,  1.15807531e-02, -2.58498508e-02,
       -8.43138397e-02, -7.61935860e-02, -3.15126702e-02, -7.72332102e-02,
       -2.90760007e-02, -5.78785203e-02, -6.38169795e-02, -1.50899306e-01,
        1.01731513e-02, -7.79369697e-02, -1.05244974e-02, -9.96985212e-02,
       -5.05538471e-02, -1.04348272e-01,  2.06387672e-03, -1.11498810e-01,
       -8.95068571e-02,  3.48960818e-03, -2.97377687e-02, -1.83514096e-02,
       -1.22845620e-01,  1.35202380e-02, -6.88103065e-02, -5.73033839e-02,
        1.94404591e-02, -9.49884504e-02, -1.24738216e-01, -6.81757256e-02,
       -1.13944553e-01, -1.14296235e-01, -9.93089229e-02, -5.37707806e-02,
       -4.34317514e-02, -1.13159031e-01, -2.33915318e-02,  4.50776555e-02,
       -2.61448659e-02,  5.16731516e-02, -1.21213846e-01,  4.56455089e-02,
       -1.04284890e-01, -7.92538375e-02, -3.65286507e-02, -4.23414521e-02,
       -1.28334954e-01, -8.40314999e-02,  8.14954378e-03,  9.77648273e-02,
        4.54101618e-03, -7.62264952e-02, -3.47359329e-02, -1.31666884e-01,
        5.01955636e-02, -7.24515542e-02, -5.87931424e-02, -7.84879476e-02,
        6.09024614e-02, -3.76241617e-02, -2.03222856e-02, -8.35282803e-02,
       -1.37376338e-01, -8.47601444e-02, -1.20535223e-02,  5.02184294e-02,
        1.05941117e-01, -8.38750154e-02, -3.03117130e-02, -1.99785735e-02,
       -1.13612182e-01,  3.67332213e-02, -9.87297446e-02, -1.49613038e-01,
        3.98348980e-02, -1.09622121e-01, -1.15384094e-01, -7.86714070e-03,
        3.83225823e-04, -5.52539863e-02, -1.52640324e-02, -7.53482208e-02,
       -6.07224181e-02, -1.69569284e-01, -1.37527525e-01,  6.60370961e-02,
       -6.05346784e-02, -1.39046654e-01, -1.17281690e-01,  1.23526631e-02,
       -4.86614145e-02, -3.96684222e-02, -9.60018486e-02,  8.60151742e-03,
        2.94342637e-02, -6.23773523e-02, -1.06547028e-01, -1.17442988e-01,
       -8.88079181e-02, -1.56138629e-01,  1.45217904e-03, -4.08296809e-02,
        6.99523389e-02, -5.15944660e-02, -4.37282994e-02, -2.93495040e-02,
       -6.38468564e-02, -1.24339841e-01, -2.08541881e-02, -4.77928184e-02,
        1.82106029e-02,  7.76154967e-03,  3.26386727e-02, -3.17644365e-02,
       -5.16746789e-02, -1.37316465e-01, -1.10973917e-01, -8.69396776e-02,
       -1.32159650e-01, -1.26360610e-01, -6.63895458e-02, -1.26432907e-02,
        4.86706523e-03, -4.50004973e-02, -9.66117010e-02, -7.58452713e-02,
        1.17544103e-02, -4.90665846e-02, -6.87709078e-02, -4.25803922e-02,
       -1.31801188e-01,  1.27383228e-03,  8.61491188e-02, -3.17734899e-03,
       -4.14454285e-03, -5.53259952e-03, -4.92098369e-03,  8.81366804e-03,
        3.08507625e-02, -9.67981145e-02, -1.72705250e-03, -3.50485067e-03,
        4.57676388e-02,  3.85378711e-02,  8.34431127e-03, -1.05637349e-01,
       -3.05845384e-02,  3.73892486e-02, -5.93340583e-02, -2.23662499e-02,
        1.17878774e-02, -1.56708643e-01, -7.78258294e-02,  4.23285738e-03,
        1.69290919e-02, -1.45682037e-01, -1.04127370e-01, -3.25658992e-02,
       -1.10751219e-01,  4.16525491e-02, -4.16779928e-02, -2.79602571e-03,
       -3.47333513e-02,  1.78970657e-02, -1.47528313e-02, -8.98285285e-02,
       -6.84362724e-02,  4.61080484e-02,  2.27105264e-02, -8.73767436e-02,
       -9.89585146e-02,  1.98662784e-02, -1.43005788e-01, -9.02164057e-02,
       -4.58257832e-02, -1.02423899e-01,  4.44573089e-02, -1.01126544e-03,
       -1.59802645e-01, -5.86698279e-02, -1.54753244e-02,  3.81121635e-02,
        6.45099720e-03, -8.44010115e-02, -7.34331906e-02,  6.29229425e-03,
       -9.12548006e-02,  1.13274262e-03, -1.02236390e-01, -7.60028139e-02,
       -1.24755064e-02, -1.79526974e-02, -9.50660855e-02, -6.41658064e-03,
       -8.92608613e-02, -1.14725992e-01, -1.03462838e-01, -6.87543824e-02,
       -2.48117112e-02, -6.90321773e-02, -1.48347896e-02, -7.54168928e-02,
       -8.16497356e-02, -1.02952652e-01, -7.64908874e-03,  1.76841430e-02,
       -1.51536748e-01, -2.67708506e-02, -1.11094184e-01, -5.59174269e-02,
       -5.35437539e-02, -6.39676601e-02,  6.90871105e-02, -7.74310306e-02,
       -1.51308058e-02, -9.44886953e-02, -2.78234240e-02, -1.36615261e-01,
        2.21440997e-02, -1.23509504e-01, -1.58222750e-01, -1.18044823e-01,
       -2.52950005e-02, -8.40302035e-02,  4.46516648e-02, -1.22736588e-01,
       -8.30268413e-02,  5.23266010e-02, -1.38443131e-02, -1.29530564e-01,
       -5.94438873e-02, -1.00372352e-01,  3.17560621e-02, -6.14282712e-02,
        2.77844444e-03, -1.00354709e-01, -7.63153508e-02, -5.01434726e-04,
       -9.49659944e-03, -3.61406803e-02, -1.21217698e-01, -7.09558427e-02,
       -9.72006544e-02, -1.08538084e-01,  3.75846289e-02, -5.00393473e-02,
        1.68733895e-02, -3.49670835e-02, -6.44657910e-02, -1.39674008e-01,
       -9.16330963e-02, -5.78531511e-02, -1.13923676e-01,  1.58143863e-02,
       -4.49790470e-02, -4.22124788e-02, -6.25963882e-02, -2.46328004e-02,
        3.88453379e-02,  5.88350929e-03,  2.87329201e-02,  8.59546587e-02,
       -1.73560437e-02,  4.86083925e-02,  3.97395417e-02, -1.05144732e-01,
       -1.44153610e-01, -1.02197371e-01, -9.23964137e-04, -1.56396944e-02,
       -1.54998735e-01, -7.87183046e-02,  6.41233288e-03, -1.20751105e-01,
       -4.89697754e-02, -2.59461179e-02, -9.96972024e-02, -3.61902267e-02,
       -3.31594469e-03, -6.01290492e-03, -3.11016645e-02,  5.30055054e-02,
       -7.81387324e-04, -1.89234931e-02, -1.01374045e-01, -3.15656280e-03,
       -2.61281207e-02, -1.40761048e-01, -3.88673434e-05, -4.27508317e-02,
       -7.76878670e-02, -5.57415895e-02, -3.79539207e-02, -2.09123977e-02,
        3.06592863e-02,  4.46630176e-03, -1.21097296e-01,  9.44122020e-03,
        1.32354517e-02, -5.01543470e-02, -8.83227363e-02, -1.02788443e-02,
       -5.53291664e-03, -1.07310526e-02, -4.41120267e-02, -1.47176847e-01,
        6.08534925e-03, -5.73792420e-02, -4.76783849e-02, -5.96027672e-02,
        2.88543422e-02, -1.37982786e-01, -9.59187075e-02, -1.10964723e-01,
       -1.46143124e-01, -8.31055194e-02, -4.17311564e-02,  1.00499382e-02,
       -2.60318890e-02, -1.36711299e-01, -1.06214710e-01,  4.42109704e-02,
       -7.63727119e-03, -3.16464379e-02, -1.26125038e-01, -1.30564522e-03,
       -4.01733555e-02, -2.78564394e-02, -3.72506231e-02, -4.17134613e-02,
       -7.66040981e-02,  3.37960683e-02, -1.01752967e-01,  2.90984716e-02,
       -3.79511602e-02, -7.04528242e-02, -1.22699328e-01,  5.28393723e-02,
       -3.95038538e-02, -1.10272035e-01, -3.12297493e-02, -6.85025081e-02,
       -1.14790194e-01, -5.79103976e-02, -2.98442077e-02, -1.03188522e-01,
       -1.13894001e-01,  7.83781707e-03, -7.15177506e-02,  7.34562520e-03,
       -1.02362461e-01, -1.04681998e-01, -6.83153272e-02, -7.68277645e-02,
       -1.58959016e-01, -4.55870926e-02, -6.78444877e-02, -4.12686262e-03,
       -4.99059632e-02, -1.31859422e-01, -5.32558188e-02,  5.36182895e-02,
       -8.70257914e-02,  9.54854209e-03, -9.61093605e-02, -1.40348747e-01,
       -8.66753906e-02, -1.21559292e-01, -2.00663060e-02,  1.69627666e-02,
       -2.66487971e-02, -2.51144730e-02, -6.75575212e-02, -4.28158343e-02,
       -6.47386909e-02,  3.25577371e-02, -2.32231990e-02,  5.99217415e-03,
        1.69972498e-02, -6.14517853e-02, -8.80773291e-02,  5.13152964e-03,
       -2.32878495e-02, -3.59884761e-02, -9.12502706e-02, -9.18183010e-03,
       -7.68283615e-03, -8.62284452e-02,  3.73124145e-02, -2.86118146e-02,
       -9.36898068e-02, -5.19866571e-02, -9.20524523e-02, -4.35311496e-02,
       -5.35473749e-02, -1.47354994e-02, -5.46746366e-02,  1.95725989e-02,
       -1.36323288e-01,  4.06014174e-02,  1.76473539e-02,  9.97140305e-04,
       -1.66188568e-01, -9.79588255e-02,  1.74806714e-02, -1.16575271e-01,
       -1.00400627e-01, -1.35827586e-01, -9.69383195e-02, -1.04840614e-01,
       -1.11154526e-01, -4.44346480e-02, -8.82863346e-03, -1.83878541e-02,
       -1.01414081e-02,  3.89328934e-02,  1.03295008e-02, -4.78123277e-02,
        3.01228315e-02, -1.30836174e-01, -1.47397304e-02, -6.07280508e-02,
       -6.04694001e-02, -1.01253740e-01, -1.29498288e-01, -4.31581447e-03,
       -5.92660829e-02, -7.98507705e-02, -3.34683694e-02, -2.36856043e-02,
        2.87627615e-02, -1.35543039e-02, -9.71774235e-02, -1.07939534e-01,
        1.09210489e-02, -1.21403456e-01, -1.06007606e-01, -8.45311359e-02,
       -2.46661492e-02,  3.42454463e-02, -1.11458421e-01, -1.16505265e-01,
       -1.33954495e-01, -2.48749927e-02, -5.23466058e-02, -8.45148712e-02,
       -1.15932515e-02,  1.21460110e-01, -5.56952059e-02,  7.07069645e-03],
      dtype=float32), 'encoder.fc.2.weight': array([[-0.16455458,  0.11652956, -0.35553694, ..., -0.06049853,
        -0.25847846,  0.34266546],
       [ 0.09152431, -0.02892329,  0.01795889, ...,  0.06793473,
        -0.4291499 ,  0.11256129],
       [-0.26912075, -0.3061804 , -0.22138138, ..., -0.1308797 ,
        -0.14278436, -0.15428035],
       ...,
       [-0.14872612, -0.23637028, -0.10941506, ...,  0.05784832,
         0.1574228 , -0.00182677],
       [-0.14011934,  0.24588752, -0.02396157, ..., -0.23840067,
         0.09409852, -0.2483826 ],
       [-0.3421678 ,  0.35619727, -0.22835693, ...,  0.06214653,
        -0.18942001,  0.2746555 ]], dtype=float32), 'encoder.fc.2.bias': array([-0.39665392,  0.0499611 , -0.05161469, ...,  0.33303022,
        0.16445823,  0.13424557], dtype=float32), 'encoder.fc.4.weight': array([[-0.02968233, -0.24100196, -0.03699215, ..., -0.14111806,
        -0.09508009, -0.21757115],
       [ 0.0390687 , -0.09407002, -0.07642981, ...,  0.00706456,
         0.13041005,  0.03899058],
       [ 0.07907271, -0.14230944, -0.14846627, ..., -0.03464151,
         0.09395973, -0.15476191],
       ...,
       [-0.21792132,  0.04883847,  0.13621145, ..., -0.07739757,
        -0.05776894, -0.02501229],
       [-0.11819611,  0.03452158,  0.01093718, ...,  0.15549195,
         0.1124268 ,  0.01217674],
       [-0.24431342, -0.04156269,  0.00472584, ..., -0.1677625 ,
         0.09817299, -0.07372271]], dtype=float32), 'encoder.fc.4.bias': array([-1.84680775e-01, -8.16887915e-02, -2.74701715e-02, -1.84661895e-01,
       -1.47674933e-01, -2.19002873e-01,  1.68442912e-02, -8.34211856e-02,
       -1.48282066e-01, -4.39326316e-02,  6.91587627e-02,  5.70635051e-02,
       -1.76219761e-01, -1.87993079e-01,  3.03253140e-02,  1.48048634e-02,
       -2.03345418e-01, -5.83211333e-03, -8.78051519e-02,  1.19310983e-01,
       -1.61426425e-01, -1.69311851e-01, -1.74385980e-01, -8.26881155e-02,
        7.98633173e-02, -1.91540793e-02,  4.72398698e-02,  1.42965272e-01,
       -3.69378887e-02, -3.28256958e-03,  9.67352539e-02, -3.64239588e-02,
        7.45181814e-02, -7.05470443e-02, -1.07445061e-01, -1.53222814e-01,
        3.39022093e-02,  9.38268751e-02,  4.60317060e-02,  1.23535246e-01,
        9.88035351e-02,  1.08255103e-01,  1.22514546e-01,  1.54364211e-02,
        1.15421787e-01,  1.50511991e-02, -1.61250710e-01,  1.88526884e-01,
        5.86498678e-02, -1.53309420e-01,  1.70818448e-01, -1.25226274e-01,
        2.88393907e-02,  1.37277953e-02, -1.77638128e-01, -9.70917866e-02,
        1.00595184e-01,  1.73584923e-01, -1.24599710e-02,  1.63213402e-01,
        1.44987896e-01,  8.41793790e-03,  3.99981886e-02,  7.98047855e-02,
       -1.12812541e-01, -4.20885384e-02,  1.12720774e-02, -7.64165595e-02,
       -7.16546143e-04,  1.19426727e-01,  1.30086243e-01, -2.33651131e-01,
        1.03722382e-02,  1.44586876e-01, -8.86796564e-02,  4.34812568e-02,
       -1.65661141e-01, -1.67870312e-03, -1.45914569e-01,  1.06932968e-01,
        1.26744300e-01,  8.96073803e-02, -2.53950730e-02, -1.48203358e-01,
       -1.99256018e-01,  6.36408329e-02, -2.90881284e-02, -2.03668982e-01,
       -2.09896564e-01,  7.33545646e-02, -1.56130433e-01,  7.04365503e-03,
       -1.84839129e-01, -4.87665609e-02,  8.94194692e-02, -6.68509826e-02,
        7.31508434e-02, -2.36767367e-01,  1.69457376e-01, -1.17798388e-01,
        9.83783081e-02,  1.49682149e-01,  9.42069367e-02, -1.62364189e-02,
       -4.99169976e-02,  8.88864473e-02, -9.32852253e-02, -9.06038433e-02,
       -1.66297734e-01,  1.73979789e-01,  2.29439512e-02,  8.51991922e-02,
        5.23680821e-02, -1.70614555e-01,  3.48400101e-02, -1.15088038e-01,
        1.20139960e-02, -2.81638652e-02,  1.51796877e-01, -9.73537564e-03,
       -2.14893639e-01, -4.47715558e-02, -1.90532401e-01, -7.53486156e-02,
       -1.92917764e-01,  3.32419686e-02, -2.84172818e-02, -1.09589741e-01,
        1.24054104e-01,  5.67657538e-02, -7.89276212e-02,  2.02739879e-01,
       -1.00657642e-01, -2.00239241e-01,  1.44866616e-01,  3.50400968e-03,
        9.82753187e-02,  1.65977124e-02, -1.84797272e-01,  4.67624441e-02,
       -2.42395744e-01, -1.82622492e-01, -1.58283263e-01, -4.48004007e-02,
        4.20166962e-02,  6.36036247e-02,  1.33536279e-01,  1.72648132e-01,
        7.02841729e-02, -3.62724438e-02, -1.25818387e-01,  5.83162829e-02,
        1.38633713e-01,  2.99686547e-02, -2.09269510e-03, -1.57909751e-01,
       -7.04312772e-02,  1.41636252e-01,  2.68900190e-02, -2.65078917e-02,
       -1.28671592e-02, -2.03402326e-01,  1.26211777e-01, -7.34594092e-02,
       -6.61025271e-02, -1.40885517e-01,  1.46799684e-01, -2.37267911e-01,
       -9.16965231e-02,  9.24757868e-02,  1.54816076e-01,  2.11461317e-02,
       -2.23061249e-01,  1.20772377e-01,  1.20413102e-01, -1.05977245e-02,
        5.29012531e-02,  6.40939251e-02, -1.59384251e-01,  6.24429528e-03,
       -1.79754138e-01, -1.22468695e-01, -1.61309630e-01,  1.10869780e-01,
        1.22954816e-01,  1.04406208e-01, -1.00778319e-01,  1.41575173e-01,
       -1.50041550e-01,  1.04697719e-01, -9.75841731e-02, -1.07458934e-01,
       -2.19341181e-02,  1.52485548e-02, -1.30177185e-01,  5.21339364e-02,
        5.25677539e-02,  6.62586987e-02,  1.90482289e-02, -9.98833403e-02,
       -1.92342609e-01, -2.08363179e-02, -1.11193009e-01, -2.11307436e-01,
        1.13190815e-01,  1.52076438e-01, -1.58178851e-01, -6.71835318e-02,
       -7.87623301e-02,  9.11277346e-03,  1.38253227e-01,  1.08375259e-01,
        1.17202848e-01,  1.09180681e-01,  1.73250839e-01,  1.69820383e-01,
       -1.97036296e-01, -2.30086103e-01, -5.61779141e-02, -2.06442028e-01,
       -7.49077946e-02,  1.27560943e-01, -4.01141495e-02, -1.53481245e-01,
        1.53111383e-01,  1.04873762e-01,  1.47240520e-01, -3.00277825e-02,
       -1.87432915e-01,  1.94347033e-03, -9.95069146e-02,  1.09040096e-01,
        8.85521024e-02,  6.04713708e-02,  1.27977923e-01,  2.68615484e-02,
       -7.51002133e-02, -1.25101194e-01,  5.56701981e-02,  2.96860151e-02,
       -1.59289651e-02,  1.50527254e-01,  7.34869987e-02, -7.85292611e-02,
       -2.37151325e-01,  5.18350787e-02,  7.27914572e-02,  1.34372428e-01,
        5.92674986e-02,  8.91294330e-02, -3.85305062e-02,  5.08634821e-02,
       -2.05586851e-01,  1.56799540e-01,  2.81771012e-02, -1.88169867e-01,
       -1.24497205e-01,  1.15320617e-02, -2.29361773e-01, -1.66644141e-01,
        5.55530563e-02,  4.50646281e-02, -5.11170849e-02, -1.83730036e-01,
       -5.05192354e-02, -1.11881075e-02, -7.42018372e-02, -1.51532859e-01,
       -7.24350959e-02,  1.66514024e-01, -3.24563310e-02,  6.81146532e-02,
       -7.83656090e-02,  9.51008946e-02,  1.13738500e-01, -1.12947300e-01,
       -1.48354247e-01, -1.69574469e-01, -1.05375364e-01,  1.20543363e-02,
        1.05609737e-01, -3.02476697e-02, -1.97994828e-01, -1.90050244e-01,
       -2.19541237e-01, -2.03601688e-01, -9.78505686e-02, -2.09120885e-01,
       -8.70677307e-02, -7.69300312e-02,  1.05590619e-01, -2.86721252e-02,
       -1.06622279e-01,  4.25901060e-04, -1.55698270e-01,  9.07134265e-03,
        1.23294443e-01,  1.60480499e-01,  1.29378080e-01,  1.18120834e-01,
        2.19202805e-02, -1.32915169e-01, -9.15158540e-02, -1.75727750e-04,
       -1.47617474e-01, -2.10050523e-01, -5.98784462e-02, -1.21433981e-01,
       -2.33656764e-01,  2.49237083e-02,  8.75903070e-02,  1.61559768e-02,
        6.86602369e-02, -1.24769852e-01, -2.84867100e-02, -4.42490913e-03,
        1.27566606e-01, -1.42110959e-01, -2.43773580e-01,  1.26352847e-01,
        2.10368708e-01,  1.30247734e-02, -1.11270482e-02, -1.71288297e-01,
       -3.01664025e-02, -1.37084335e-01, -8.65825117e-02, -1.83204636e-01,
       -5.85312247e-02, -1.65118650e-01, -2.76248176e-02, -1.19042449e-01,
       -1.39899746e-01,  7.13020116e-02, -1.62925482e-01, -3.57958488e-02,
        6.04687706e-02, -1.59277618e-01, -1.71056733e-01,  1.35482356e-01,
       -1.47700161e-02,  2.76025310e-02, -2.34116077e-01,  2.52512544e-02,
        1.38919085e-01,  1.74191415e-01, -1.92526013e-01,  8.61609206e-02,
       -1.17913097e-01,  3.52360345e-02, -1.96651176e-01,  9.05919820e-02,
        1.22856162e-02, -2.28015661e-01, -1.57925293e-01,  6.93428814e-02,
        6.37349766e-03,  3.25780585e-02,  7.58252740e-02,  1.46258622e-01,
       -3.47747505e-02,  8.01247135e-02, -2.14833528e-01,  5.72886690e-02,
       -1.26077697e-01, -9.50174630e-02, -1.85757145e-01, -3.45355645e-02,
       -2.19183058e-01, -9.23370346e-02, -2.02009343e-02, -2.56485268e-02,
       -1.70002744e-01,  3.08215572e-03, -1.96586307e-02, -6.16589189e-02,
       -1.22668788e-01, -8.34443122e-02, -1.33255169e-01, -1.44684762e-01,
        1.86637089e-01,  1.37679264e-01, -1.13558564e-02, -4.12495472e-02,
        1.29045770e-01, -6.19830862e-02, -8.56880546e-02, -1.81980133e-01,
       -6.85326010e-02,  4.26342338e-03,  1.72857940e-02, -2.41536751e-01,
       -1.18413538e-01, -2.20039845e-01,  1.30358357e-02, -3.40897813e-02,
       -2.35251293e-01, -1.75459027e-01,  5.57047576e-02, -1.21578716e-01,
        9.81491655e-02, -1.54540777e-01,  1.14981849e-02, -1.27669483e-01,
        7.44399207e-04,  1.59767881e-01,  1.01309959e-02, -8.53132606e-02,
       -4.20389175e-02, -1.67487144e-01,  5.05406596e-02, -2.05684509e-02,
       -3.00223082e-02,  1.36041626e-01, -9.14542302e-02, -7.62124509e-02,
       -1.45569682e-01, -9.77420248e-03, -1.97550997e-01, -7.42166266e-02,
       -3.47660072e-02,  1.64152518e-01, -2.30036750e-01, -4.19272743e-02,
       -1.55491024e-01, -6.35714754e-02, -9.02058836e-03, -1.12332195e-01,
       -1.13270953e-01, -1.01875454e-01, -4.13016714e-02, -1.64876953e-01,
        9.35371816e-02, -3.54603343e-02,  1.43548682e-01, -6.02347888e-02,
       -2.13628203e-01,  1.47264630e-01, -3.96762863e-02, -1.54730499e-01,
       -1.61742628e-01, -6.74062520e-02,  1.56502575e-02, -6.48186654e-02,
        6.47552460e-02, -1.18565366e-01, -5.77106327e-03, -7.29170740e-02,
       -3.12485881e-02, -1.96256518e-01, -1.82601735e-01, -4.90078330e-02,
        6.72200024e-02, -3.34905535e-02,  1.60694420e-01, -2.37052873e-01,
       -2.11011857e-01,  5.17657259e-03,  2.55081970e-02, -7.69674778e-02,
       -1.67833298e-01, -2.35579327e-01, -1.85895592e-01,  7.12444186e-02,
        2.52429005e-02,  1.76486522e-02, -1.07956834e-01, -7.03203678e-02,
        1.92737222e-01, -1.81640074e-01, -2.10688293e-01, -1.39478654e-01,
       -1.19405992e-01,  7.80084357e-02,  1.50100783e-01, -1.29090935e-01,
       -3.62205431e-02, -1.76568568e-01,  1.64040163e-01, -1.25374585e-01,
       -4.85607535e-02, -3.33865173e-02,  1.40635937e-01, -6.71557561e-02,
        9.36148167e-02, -1.44916892e-01,  2.03814451e-03, -1.06899232e-01,
       -1.11344263e-01, -1.21444494e-01, -1.69940054e-01, -2.13505775e-01,
       -2.14534393e-03,  6.79018945e-02, -1.35636717e-01, -3.78646702e-02,
       -1.72759444e-01,  3.30235809e-02,  4.62955516e-03,  1.23176686e-01],
      dtype=float32), 'encoder.fc.6.weight': array([[-0.27165616, -0.20772086,  0.04247434, ..., -0.14117213,
        -0.10286654, -0.30358344],
       [ 0.32618684,  0.3309073 ,  0.3615055 , ...,  0.29561734,
        -0.35941437,  0.21529871],
       [-0.12369472, -0.18988214, -0.2264488 , ..., -0.00645525,
         0.24351378, -0.36141682],
       ...,
       [ 0.14345093, -0.35040492,  0.15887576, ..., -0.2720553 ,
         0.14656971,  0.32851866],
       [ 0.23733306, -0.15643162,  0.01871507, ...,  0.01844222,
        -0.0101968 ,  0.32535806],
       [-0.22679248,  0.19817477,  0.24338251, ...,  0.14107604,
        -0.22620788,  0.2652642 ]], dtype=float32), 'encoder.fc.6.bias': array([ 0.19521363, -0.06966691, -0.2246718 ,  0.05711258, -0.16217844,
       -0.29034933,  0.21154842,  0.24366103,  0.1022341 , -0.26775688],
      dtype=float32), 'decoder.fc.0.weight': array([[-0.8953553 ,  2.1379821 ,  2.156532  , ...,  0.8454097 ,
        -0.28260598,  0.64846003],
       [-1.5796626 ,  1.3532712 , -0.72433823, ..., -1.7958682 ,
        -0.7089927 , -2.6411955 ],
       [-2.2981043 , -0.9221581 ,  0.1839356 , ..., -1.2954918 ,
        -0.8772304 , -2.0863998 ],
       ...,
       [-2.8979897 ,  0.13388568, -1.0002519 , ...,  2.1637073 ,
         0.5030423 , -0.03007307],
       [ 1.5943966 , -1.6109663 ,  1.8300965 , ...,  0.56066895,
        -2.568133  , -1.290184  ],
       [ 1.1222508 ,  0.5354787 , -2.6246493 , ...,  1.5820035 ,
        -2.0339038 , -1.073644  ]], dtype=float32), 'decoder.fc.0.bias': array([-8.8962644e-01, -4.7239152e-01,  7.6131594e-01, -2.1413071e+00,
        8.3791423e-01,  2.3478389e+00,  2.5237195e+00,  5.1731747e-01,
       -2.3096590e+00,  8.0467331e-01, -1.9991964e-01, -2.3451328e+00,
       -6.4194065e-01,  6.6274297e-01, -1.7793536e-01,  3.2446203e-01,
       -6.6906041e-01,  4.1309018e-02,  1.7028347e+00, -6.2933594e-01,
       -1.2908679e+00,  1.0102513e+00,  2.7413064e-01, -1.1650022e+00,
        1.8877164e+00,  1.7103450e+00,  1.3925785e+00,  1.6413718e+00,
       -1.0585033e+00,  8.5857874e-01,  1.9876344e+00, -5.8715808e-01,
        2.0121057e+00, -2.4098191e+00,  1.8538655e+00, -9.6246386e-01,
        7.1273011e-01,  2.7180882e+00, -1.7288294e+00, -2.5403852e+00,
       -1.9580636e+00,  8.3263409e-01, -2.3206775e+00,  7.0478320e-01,
        2.8567998e+00, -9.2509776e-02, -6.7326194e-01,  1.9318759e+00,
        2.2078023e+00,  1.7117639e-01, -2.4507990e+00, -2.3199682e+00,
       -7.8891844e-01,  1.2486293e+00, -1.0078170e+00, -2.6981837e-01,
        2.3542402e+00,  2.7260904e+00, -1.8589009e+00, -9.4090772e-01,
       -1.3460861e+00,  2.4137588e-01, -7.3175305e-01,  1.4611788e+00,
        2.8423872e+00,  1.9991705e+00,  6.9718689e-01, -6.5967637e-01,
       -2.1405532e+00, -1.9893770e+00,  1.7356796e+00,  1.6432501e+00,
       -7.8079081e-01,  3.7468493e-01, -2.2831457e+00,  2.5635695e+00,
        1.6020864e+00,  2.6713455e+00,  2.1376912e-02, -9.5394379e-01,
        2.2063908e-01, -2.6287599e+00,  1.0018260e+00,  1.6881710e+00,
        2.0438414e+00, -1.3466293e+00,  2.6121335e+00, -1.4768102e+00,
        2.2317092e+00, -1.2530355e+00, -3.3425477e-01, -2.6926506e+00,
       -1.2557589e-01, -1.4321404e+00, -4.8758885e-01, -1.3251494e-02,
       -1.5150988e-01, -1.4488727e+00, -1.5344634e+00,  2.7630188e+00,
        2.0779104e+00, -2.1049931e+00, -1.5894715e+00, -2.6863120e+00,
        1.3223851e+00, -1.8589075e+00, -4.0108588e-02,  1.7491697e-01,
       -6.8104327e-01, -2.0838037e+00,  5.4186815e-01,  3.4586596e-01,
       -5.9365338e-01,  6.4668715e-01, -8.7426895e-01,  5.7675117e-01,
        3.0218422e-01,  1.7068918e+00,  1.0038399e+00,  1.2178279e+00,
        2.1735344e+00, -6.1705631e-01,  1.6471088e+00,  1.5887467e+00,
       -9.9884886e-01,  4.6366671e-01, -1.5722604e-01,  1.9550637e+00,
        2.2970705e-01, -5.6928307e-01, -1.0226933e+00, -2.2943177e+00,
       -4.4605473e-01,  1.4796368e+00, -2.6843536e+00, -2.4019835e+00,
       -1.2430066e+00, -1.1713327e+00, -2.7538435e+00, -1.2713031e+00,
       -5.3485382e-01,  9.5485973e-01, -1.1302981e+00,  1.5353607e-01,
        1.8025914e+00,  2.2410262e+00, -1.6806383e+00,  1.9305543e+00,
        2.5296476e+00, -7.3141325e-01, -2.0330715e+00,  2.4297807e+00,
        1.4456409e-01, -1.0024419e+00,  2.5339158e+00,  2.3449564e+00,
        2.6945152e+00, -2.0616674e+00,  1.4972256e+00, -2.3522146e+00,
        8.4488833e-01, -1.0013748e+00,  1.6799544e+00, -4.4169053e-01,
        1.6353883e+00, -9.1660655e-01,  1.5989752e+00,  9.7740793e-01,
        2.8104041e+00, -7.3234493e-01, -2.4981022e+00, -2.7359698e+00,
       -4.9537250e-01,  2.3301136e+00,  2.8771429e+00,  1.9159621e+00,
       -1.5406469e+00,  1.1839784e+00, -1.4251047e+00, -2.3246121e+00,
       -5.8220989e-01, -1.0226966e+00,  2.6217873e+00,  6.6161495e-01,
       -2.1388314e+00,  1.0839825e+00,  3.0983247e-02,  1.9370301e+00,
        2.0216181e+00,  6.5305775e-01, -2.0684776e+00,  4.1224092e-01,
        2.3376677e+00, -2.8024819e+00, -1.6634547e+00,  1.5772560e+00,
        1.3406429e+00,  5.0058287e-01,  8.5443956e-01,  2.1879520e+00,
        2.7292833e+00, -8.6721700e-01,  2.0001353e-01,  2.3396707e+00,
       -1.9600226e+00,  2.0826652e+00,  1.1550620e+00,  4.0479785e-01,
       -7.0705473e-01, -1.8335016e-01,  1.5276544e+00,  1.2792965e+00,
        6.8934005e-01, -1.5086474e+00, -6.1757654e-02, -2.5825644e+00,
       -1.8852513e+00,  9.6354890e-01,  3.0689374e-01,  2.0975685e+00,
        9.3038303e-01, -2.4127927e+00,  5.1139212e-01,  6.3518453e-01,
        9.3206352e-01, -1.9785600e+00,  2.8631060e+00, -1.4375106e+00,
        8.2957077e-01,  1.7407370e+00, -2.8122786e-02,  4.3689504e-01,
        1.0132999e-01,  1.3738790e+00,  2.0373433e+00,  5.2374113e-01,
        3.3371097e-01,  1.8121636e+00,  3.4245670e-01,  2.6513827e-01,
       -1.1864053e+00,  1.2854632e+00,  1.1225098e+00,  1.5678426e+00,
        1.8638526e+00,  1.4924947e+00, -1.3501657e+00,  7.8924072e-01,
        2.2433627e+00,  2.2702558e+00, -1.7006463e+00, -1.3839787e+00,
       -4.3587577e-02,  1.0395044e+00, -5.6627385e-02,  1.6007525e+00,
        1.2085412e+00, -2.6056581e+00, -3.8981512e-02,  1.8168747e+00,
       -2.3183233e-01, -1.5391544e+00, -2.7459176e+00, -1.5826823e+00,
        4.8236719e-01, -1.8020873e+00,  1.8624653e+00, -2.3094950e+00,
        9.8075646e-01,  2.6455426e-01, -2.6975805e-02,  1.8390460e+00,
       -3.2185736e-01, -2.4837699e+00,  7.5991213e-01, -2.4091640e+00,
       -2.4762948e-01,  2.6854835e+00, -1.4891173e+00,  1.0498029e+00,
       -2.3852763e+00, -1.8083878e+00,  1.7100999e-01,  9.5119005e-01,
       -1.7748594e-01, -2.0176697e-01, -1.1440088e+00, -2.0222931e+00,
        1.1734838e+00, -2.0859084e+00,  9.6250512e-02,  2.5889473e+00,
        1.7770103e+00,  2.2143490e+00, -1.7358829e+00,  1.4804306e+00,
       -1.1898468e+00, -1.8100344e+00,  1.6527132e+00,  2.5604186e+00,
        6.1895669e-01,  5.2108014e-01,  4.1194677e-01, -1.6562103e+00,
        2.4570742e+00, -6.3545209e-01,  2.5886163e-01,  1.9981147e+00,
        3.1221088e-04,  6.0237372e-01,  4.5024371e-01, -1.1977206e+00,
        2.7101617e+00, -1.1255418e+00, -5.6571108e-01,  2.1903863e+00,
        1.4261506e+00, -1.3461845e+00,  1.3305445e+00, -1.7409748e+00,
        2.5528240e+00, -2.3374152e+00,  1.4966006e+00,  7.6172358e-01,
       -2.1917710e+00,  1.2371089e+00, -1.0447909e+00, -2.8398055e-01,
       -2.8379223e+00,  6.6519994e-01,  1.0121953e+00,  2.1606448e+00,
       -1.4215364e+00, -2.8404522e-01,  1.4129387e+00,  3.1898722e-01,
        2.1557837e+00, -2.2801993e+00,  2.5009801e+00,  2.5709810e+00,
        1.8859130e+00, -8.7680709e-01,  1.6093851e+00, -2.6941810e+00,
        1.9085461e+00,  4.5368457e-01, -4.8368600e-01,  7.8125715e-01,
       -6.6591173e-01, -1.0859846e+00, -9.8448515e-01, -8.1459999e-01,
        1.5358565e+00, -4.3927073e-01, -2.5943816e+00,  6.9537055e-01,
        2.5060200e-03, -1.1116672e+00,  2.2392082e+00, -1.5138667e+00,
        1.5476592e+00, -1.9293201e+00, -1.3856305e+00,  1.9757802e+00,
       -8.1119138e-01,  2.2024877e+00, -1.3696508e+00, -1.6648195e+00,
        2.5441706e+00,  8.5679650e-01, -2.3051426e+00, -1.8169167e+00,
       -1.4105667e-01, -1.6446178e-01,  2.3500190e+00, -2.7868006e+00,
       -5.3536212e-01,  4.5031634e-01,  9.4377863e-01, -5.5464911e-01,
        3.4150995e-02, -2.0860071e+00,  2.0429287e+00,  1.0391960e+00,
        1.3963470e+00,  1.9875008e+00,  3.1753410e-02,  5.9688014e-01,
       -2.4546342e+00, -2.2578345e-01,  2.3932238e-01,  2.4124963e+00,
       -1.4086419e+00, -1.2340821e+00,  1.9621227e+00,  1.8463665e+00,
        2.1844115e+00, -1.5264630e+00, -2.7858210e+00,  2.4373112e+00,
       -2.8601391e+00, -7.4656701e-01,  1.2215736e+00,  3.7795717e-01,
       -1.1466231e+00, -2.4595659e+00, -2.4802701e+00, -1.9883471e+00,
       -1.7791666e-01,  1.6111059e+00, -2.6643560e+00, -2.5119114e+00,
       -1.2503456e-02,  2.4195784e-01, -8.3649558e-01, -1.2257326e+00,
        2.2926874e+00,  2.1489177e+00,  1.6368051e+00,  2.5406027e+00,
       -3.9943263e-01, -8.4490025e-01,  5.8230883e-01,  2.1905537e+00,
        4.9247846e-02,  1.0989587e+00, -1.7683699e+00,  8.4931141e-01,
       -1.7759515e+00, -8.6311392e-02,  2.7588873e+00, -1.3819563e+00,
        1.0607347e+00, -1.1759702e+00, -1.7985457e+00,  2.2052011e+00,
       -1.2676319e+00, -1.8585131e+00, -1.4370034e+00,  1.8960600e+00,
       -5.5210203e-01, -2.6663003e+00, -4.3227404e-01,  1.4167600e+00,
       -2.4258380e+00, -3.2526225e-01, -2.0271194e+00,  2.4359314e+00,
       -2.1561236e+00, -2.1655061e+00, -2.2802863e+00, -1.9550914e+00,
       -2.2373998e+00,  1.7668703e+00, -2.4159624e-01, -2.8996158e-01,
        2.1915526e+00, -1.1553597e+00, -2.0482011e+00,  9.1390216e-01,
       -1.2577026e+00, -7.1168131e-01, -2.2684371e+00, -2.2132857e+00,
        2.5497000e+00,  3.9286962e-01,  9.3868816e-01,  2.1457586e+00,
        1.3012831e+00, -2.5056577e+00,  2.2519436e+00, -2.6314812e+00,
       -1.5862857e+00,  2.3825510e+00, -1.0463409e+00, -6.0221368e-01,
       -7.2235835e-01,  1.8942748e+00,  2.8773193e+00,  1.1810783e+00,
       -1.2091918e+00,  2.6465626e+00,  1.3198111e+00, -2.5205686e+00,
       -4.0375867e-01, -8.7046152e-01, -1.4356365e+00, -2.6848035e+00,
       -1.8259282e-01,  2.8469849e+00, -2.4315922e+00, -2.0664458e+00,
       -1.3636146e+00,  2.1644673e+00, -2.1301088e+00, -6.1644971e-01,
       -1.9729381e+00,  2.5005586e+00,  2.6324658e+00,  1.1039577e-01],
      dtype=float32), 'decoder.fc.2.weight': array([[-0.31295294,  0.17597711, -0.45661405, ...,  0.36223832,
        -0.38593736,  0.31608462],
       [ 0.29734635, -0.02144516, -0.15795222, ..., -0.07533414,
         0.3281798 ,  0.18625449],
       [ 0.24661478, -0.445646  , -0.00522365, ...,  0.3615497 ,
         0.2359544 ,  0.06419778],
       ...,
       [ 0.25282127, -0.32166782, -0.22689186, ...,  0.30235115,
        -0.42282373,  0.05053348],
       [ 0.15591283, -0.08230012, -0.26494715, ..., -0.21257967,
         0.304309  ,  0.1567716 ],
       [-0.0794308 ,  0.08538201,  0.01253264, ..., -0.11389691,
        -0.05060989, -0.06590521]], dtype=float32), 'decoder.fc.2.bias': array([ 0.22324908,  0.37666887,  0.18839437, ..., -0.20915885,
       -0.31348163, -0.31133544], dtype=float32), 'decoder.fc.4.weight': array([[-0.18160576,  0.16620196,  0.02530214, ..., -0.08246197,
         0.10821689, -0.04153657],
       [-0.14047816, -0.11791243, -0.03456389, ..., -0.10102747,
        -0.15132082, -0.13350071],
       [ 0.01765518,  0.05039632, -0.1351146 , ..., -0.05807054,
         0.07274839, -0.16172434],
       ...,
       [-0.07908596, -0.04054518,  0.17620532, ..., -0.01352257,
        -0.08328964, -0.20070373],
       [ 0.08383379,  0.1207494 ,  0.23782665, ..., -0.00901149,
        -0.12546036,  0.08289168],
       [-0.15567432, -0.01237272,  0.14852467, ...,  0.01114536,
         0.16502893, -0.08192223]], dtype=float32), 'decoder.fc.4.bias': array([-7.10236356e-02, -1.83121562e-01, -2.51565784e-01, -1.29450008e-01,
        7.74902776e-02,  1.08867444e-01, -9.17873681e-02,  6.30921824e-03,
        2.69798599e-02,  1.20679796e-01, -7.89906085e-02,  1.88380573e-02,
        6.48036227e-02, -1.08778521e-01,  1.19647130e-01, -6.11377507e-02,
       -1.50788203e-01, -1.61277384e-01, -5.00264438e-03,  1.05146423e-01,
        9.61827859e-02, -6.91893697e-02,  5.27026430e-02,  4.40930342e-03,
       -3.02747288e-03, -4.76534627e-02,  3.59579101e-02, -1.27034247e-01,
        1.12030253e-01, -1.62285224e-01, -1.79947928e-01,  1.73344642e-01,
        1.15055338e-01, -1.37952268e-01,  9.78176594e-02,  1.19743645e-01,
       -1.94769517e-01,  9.52118859e-02,  3.31153348e-02, -9.54077616e-02,
       -1.60181392e-02, -2.42691711e-01, -2.16514722e-01, -1.40539080e-01,
        1.72607973e-01, -3.15494612e-02, -1.71864688e-01,  7.89294094e-02,
       -9.09489691e-02, -1.42034039e-01, -2.06972972e-01,  3.59942578e-02,
        3.21817249e-02, -2.37648606e-01, -1.87609896e-01,  6.79935738e-02,
        1.29682392e-01, -2.02302426e-01, -1.85399756e-01,  1.77705418e-02,
       -6.41816109e-02,  2.37501878e-02,  8.66221637e-02,  1.63720250e-01,
       -5.85616082e-02,  3.69508751e-02,  4.37204018e-02, -1.36811376e-01,
        5.06993048e-02, -2.31180131e-01, -1.84534773e-01, -2.55096368e-02,
        4.79928264e-03,  1.09289408e-01, -3.99235971e-02, -1.15804464e-01,
        1.94470674e-01,  1.41066030e-01, -1.44525334e-01, -5.27035818e-02,
        2.00647801e-01, -1.76700756e-01, -2.28428662e-01,  6.27306700e-02,
        1.88210130e-01, -2.03434229e-01, -1.29333094e-01, -1.30834803e-01,
       -2.22094938e-01, -1.34617403e-01, -2.07188815e-01,  5.50854728e-02,
        1.79503933e-01,  1.55088991e-01, -2.28438243e-01, -1.82498559e-01,
       -8.52514803e-02,  4.77295741e-02,  6.90245070e-03, -1.67562082e-01,
        1.83801293e-01, -7.08631575e-02,  1.80070803e-01, -1.94765821e-01,
        6.03968091e-02,  1.87275961e-01, -2.94418018e-02,  1.50382400e-01,
       -6.63237199e-02,  1.91000506e-01,  2.21661758e-02, -5.35936654e-02,
        9.23210382e-02,  4.72993106e-02, -1.57045934e-03,  1.45344511e-01,
        3.54125835e-02, -1.30222037e-01, -7.08268397e-03,  1.65502742e-01,
       -1.13580726e-01,  6.65862337e-02, -7.37963840e-02,  4.20654453e-02,
       -1.96047872e-02,  1.02058030e-03, -3.04630429e-01,  1.33371919e-01,
       -1.32316768e-01,  1.70255989e-01,  9.53947231e-02,  6.34867474e-02,
       -6.77963123e-02, -2.99307909e-02, -1.02520823e-01, -1.38725296e-01,
       -1.78602129e-01, -6.67981729e-02,  8.55199322e-02,  1.71396047e-01,
       -6.68776333e-02,  1.10225886e-01,  6.80667609e-02,  5.90578318e-02,
        8.66648778e-02, -1.49750993e-01, -1.43197611e-01,  3.86544056e-02,
       -1.17794469e-01,  1.54705882e-01, -5.66776767e-02,  2.82175951e-02,
        1.11535467e-01,  3.79294343e-02, -1.90752167e-02, -8.27761143e-02,
       -1.74433812e-01, -1.22925833e-01,  7.82385468e-02, -3.58933471e-02,
       -5.29876947e-02, -1.15488783e-01, -1.88640088e-01, -1.65670380e-01,
       -3.88742797e-02,  1.21427037e-01,  5.09956218e-02, -1.44935876e-01,
       -3.61425132e-02, -1.66205913e-01, -5.43991253e-02, -2.03384414e-01,
       -1.11819468e-01, -7.48900175e-02, -1.88828230e-01,  5.22866733e-02,
       -2.02882186e-01, -1.64452359e-01,  1.84865803e-01,  1.59734160e-01,
       -6.04420854e-03, -1.83686942e-01,  3.55259553e-02, -2.00856537e-01,
       -2.01213881e-01,  1.10315934e-01, -4.30879109e-02,  2.44525988e-02,
        8.56796578e-02,  1.16911948e-01, -1.70382112e-01,  9.33857858e-02,
        1.23272687e-01, -1.86885729e-01, -2.67706841e-01,  3.85261513e-02,
        1.40541598e-01, -1.57048143e-02,  1.69107392e-01, -9.16499570e-02,
        3.01797595e-02, -1.81805164e-01, -1.91552430e-01, -3.12454943e-02,
        1.92540929e-01, -9.78748500e-02,  1.17105111e-01, -1.55590802e-01,
        1.32476896e-01, -1.11583002e-01, -1.25609279e-01,  7.04347938e-02,
        4.86210594e-03,  1.64690763e-01,  1.62691563e-01,  8.78564641e-02,
        1.01933919e-01, -6.68909997e-02,  6.03374541e-02, -5.53899119e-03,
       -1.36444494e-01,  1.48369744e-01, -6.63804859e-02,  1.16461784e-01,
       -1.90983549e-01, -2.78143566e-02, -1.34271206e-02, -1.89382657e-01,
        2.07971931e-01,  7.49099106e-02, -3.07475254e-02, -1.25029415e-01,
       -2.28539348e-01, -1.78874522e-01, -1.77120894e-01, -1.32517843e-02,
       -6.60917684e-02, -1.07880622e-01, -1.37982052e-02,  1.34107858e-01,
        9.55516174e-02,  1.39786238e-02,  1.26703277e-01, -5.01284488e-02,
       -2.50762075e-01,  1.19891159e-01, -4.73733954e-02, -1.20553374e-01,
        5.13357716e-03,  4.68915403e-02, -3.90522145e-02,  1.64070114e-01,
        4.24316600e-02,  7.34563768e-02,  2.08069980e-01, -1.29137859e-02,
       -1.99907213e-01, -1.42092362e-01,  8.83827433e-02, -1.63637862e-01,
       -1.43318042e-01,  5.62727675e-02,  8.77242759e-02, -6.49210112e-03,
       -1.91469088e-01, -3.58647890e-02, -2.18650773e-01, -3.51234600e-02,
       -1.05059952e-01, -1.64367855e-01, -1.48345381e-01,  5.26436754e-02,
       -7.99379051e-02,  1.36556238e-01,  7.32573420e-02,  1.18984841e-01,
       -8.79635587e-02,  1.01117723e-01, -1.42530546e-01, -1.66165039e-01,
       -4.88465838e-02,  5.22993393e-02, -1.60011649e-01, -2.11249053e-01,
        1.07738584e-01,  4.78105284e-02, -8.45799148e-02,  3.82618643e-02,
       -1.71059549e-01, -1.55254364e-01, -9.97793972e-02,  8.93331040e-03,
        1.22846350e-01,  5.73079512e-02, -1.14957042e-01, -6.33458719e-02,
       -4.15632613e-02,  8.17525983e-02,  1.90631032e-01,  1.46486089e-01,
        5.54363132e-02, -1.19707450e-01,  1.61133364e-01,  1.01515695e-01,
        1.98315561e-01,  1.45408049e-01, -1.67770416e-01,  1.30565494e-01,
       -1.04797684e-01,  7.05279186e-02, -1.90342635e-01,  1.39464602e-01,
        1.24677792e-02,  1.00505874e-01,  1.91248372e-01, -1.06561884e-01,
       -1.92535415e-01,  7.54243974e-03,  1.64668664e-01,  1.13349020e-01,
       -1.02612957e-01,  6.67134896e-02, -2.28130668e-02, -1.98531538e-01,
       -1.31143838e-01,  5.75887486e-02,  7.77330808e-03, -1.20087169e-01,
       -1.15058966e-01,  6.46859184e-02, -1.06007673e-01,  5.31159230e-02,
       -1.62766486e-01,  1.51823729e-01,  2.50830129e-02, -1.28595904e-01,
       -2.04294860e-01,  4.93282564e-02, -2.20823273e-01, -2.24142700e-01,
       -4.69114706e-02, -5.72038777e-02,  1.00409806e-01, -6.46126345e-02,
       -1.24563798e-02,  8.33788887e-02,  1.57467261e-01, -4.99907620e-02,
       -2.06381857e-01,  1.89534202e-01, -1.51762545e-01, -2.28977799e-01,
       -2.03715160e-01, -2.27684706e-01, -2.14629441e-01,  9.51336604e-03,
       -8.51949379e-02, -7.80539364e-02, -1.41485512e-01, -4.26821113e-02,
        1.61307693e-01,  8.50956216e-02,  1.23654187e-01, -7.79724941e-02,
       -5.43311648e-02,  1.56788692e-01, -2.40913630e-01, -1.98228657e-01,
        6.48435578e-02, -7.27389976e-02,  7.22653717e-02,  1.44621685e-01,
       -1.45331351e-02, -1.62832245e-01, -2.06913069e-01, -8.65342468e-03,
        1.89920455e-01, -1.36229903e-01, -1.41432822e-01, -1.82485551e-01,
       -5.80390766e-02, -1.48202807e-01, -1.70240924e-02, -2.94327307e-02,
        8.98827910e-02, -2.08641529e-01, -2.06173453e-02, -1.78357214e-01,
        1.86163902e-01,  6.14941493e-03, -1.98180005e-01,  1.42179057e-01,
       -9.37930867e-02,  1.33102626e-01,  9.59072411e-02, -2.12253451e-01,
        6.17803298e-02,  9.53902379e-02,  1.63557246e-01, -7.99743645e-03,
       -1.87717061e-02, -6.02996200e-02,  1.91508606e-01,  1.79798558e-01,
       -1.53162897e-01,  9.66485441e-02,  1.59509048e-01, -5.54602370e-02,
        4.15171720e-02, -2.22651124e-01,  1.61427438e-01, -2.01020956e-01,
        1.51042223e-01,  5.66627309e-02,  1.04163371e-01, -2.49787071e-03,
       -1.42915294e-01, -2.03452781e-01, -5.18466309e-02, -3.71383354e-02,
       -1.06782012e-01, -1.11838445e-01,  2.20320076e-02,  3.47047858e-02,
       -1.00585498e-01,  6.49323016e-02,  8.34994018e-03,  1.17119290e-01,
        1.67054519e-01,  2.09545400e-02, -1.29879549e-01,  6.60910159e-02,
        4.50448021e-02, -9.45209265e-02,  1.86523870e-01, -7.68882185e-02,
       -1.98840916e-01,  1.94999844e-01, -9.63618830e-02,  6.05770294e-03,
       -4.36982885e-02, -1.30352333e-01, -1.91680610e-01,  2.16837123e-01,
       -5.10982201e-02, -9.36289057e-02, -2.27378920e-01,  4.25425097e-02,
        1.32216752e-01,  1.56322643e-01,  2.90243159e-04,  1.82795852e-01,
        1.10466227e-01, -1.42702222e-01, -1.99253693e-01, -2.02245295e-01,
        3.02496809e-03, -7.72787072e-03, -1.36682883e-01,  3.59932072e-02,
        3.70198302e-02,  4.85922769e-02, -2.02215374e-01, -1.76202327e-01,
       -4.01917323e-02, -1.61326528e-01, -5.32578081e-02, -2.47002076e-02,
        2.70004831e-02,  1.53483480e-01,  1.64492875e-01, -1.82692170e-01,
        1.68833882e-01, -8.62971544e-02,  1.71214595e-01, -5.64511195e-02,
        6.39710650e-02, -6.61909506e-02, -7.28596002e-02, -3.42931375e-02,
       -1.13317735e-01, -1.07913457e-01, -6.88137412e-02, -1.92932278e-01,
        1.92494512e-01, -1.25873014e-01, -1.42708734e-01, -1.36658654e-01,
       -7.22395331e-02, -2.23167852e-01,  1.09780161e-02, -7.37545341e-02,
       -1.56319931e-01,  8.71333331e-02,  1.20262191e-01, -1.84387311e-01,
       -1.80288628e-01, -6.38573915e-02, -7.15987897e-03, -1.95737094e-01],
      dtype=float32), 'decoder.fc.6.weight': array([[ 0.12381072, -0.13381648,  0.11713273, ..., -0.3592111 ,
         0.29938385, -0.12108539],
       [-0.0109992 , -0.06071801,  0.10942557, ..., -0.27693284,
         0.40515843, -0.3479169 ],
       [ 0.33266848, -0.38189295,  0.07370363, ...,  0.2648757 ,
        -0.0699252 ,  0.30685022],
       ...,
       [ 0.2873961 , -0.21339042,  0.28850424, ...,  0.23601508,
        -0.3459364 ,  0.11497658],
       [-0.27594125,  0.23685732, -0.36252668, ..., -0.2215095 ,
         0.1406446 ,  0.49106804],
       [-0.18793695, -0.07702878, -0.13875048, ..., -0.16712481,
        -0.37919354,  0.25179794]], dtype=float32), 'decoder.fc.6.bias': array([0.02304506, 0.00457975, 0.34930256, ..., 0.34637755, 0.18510674,
       0.38736376], dtype=float32)}
127.0.0.1 - - [27/Jan/2025 20:33:24] "GET /api/status HTTP/1.0" 200 157
[Time: 27.01.25 20:33:24] [Level: info] [State: aggregate] {'encoder.fc.0.weight': array([[-0.13355395,  0.00224986,  0.02090963, ..., -0.05773238,
         0.09595381, -0.05021801],
       [ 0.06891448,  0.05035085,  0.02052155, ...,  0.02871864,
        -0.07870979, -0.06035066],
       [-0.05644403, -0.04901401, -0.02920034, ...,  0.04782141,
        -0.00212457, -0.01755399],
       ...,
       [-0.04671383, -0.11178856, -0.05166092, ..., -0.06057015,
         0.1080795 , -0.07339115],
       [ 0.0040031 ,  0.10998433,  0.02336281, ...,  0.06447947,
        -0.00313761, -0.05583748],
       [ 0.03591553, -0.0157079 , -0.10932121, ..., -0.00698177,
         0.04996016, -0.00667259]], dtype=float32), 'encoder.fc.0.bias': array([-0.04475577, -0.14405791, -0.04405878, -0.0613685 ,  0.05166044,
        0.02957091, -0.04104498,  0.01256176, -0.01418455, -0.01623229,
       -0.04490123,  0.03833111, -0.04441606, -0.08133297, -0.06415438,
       -0.01276086, -0.13183989, -0.08388055,  0.02613929, -0.01834645,
        0.02507933,  0.01072974, -0.12107661, -0.04589907, -0.12781754,
       -0.03640705, -0.05517516, -0.07973441, -0.08244248,  0.00544002,
       -0.05047535, -0.10173138, -0.02589491, -0.12328345, -0.00051618,
        0.03502143,  0.00594808,  0.02189617, -0.03957587, -0.03351134,
       -0.0953506 , -0.06709439,  0.03462502, -0.01696761, -0.14493155,
        0.01075539, -0.00759363, -0.03994157,  0.05337884, -0.05239376,
        0.01150659, -0.02555874, -0.08431045, -0.07630512, -0.03152922,
       -0.07610419, -0.02915078, -0.05788045, -0.06380957, -0.15084824,
        0.01018811, -0.07773166, -0.0101754 , -0.09969652, -0.05015856,
       -0.10438828,  0.00206063, -0.1115384 , -0.08951461,  0.00331746,
       -0.02974313, -0.01834372, -0.12285288,  0.01353872, -0.06880436,
       -0.05730496,  0.01931318, -0.09515545, -0.12474019, -0.06892918,
       -0.11388264, -0.11486764, -0.09928188, -0.05236783, -0.04336278,
       -0.11337329, -0.02349036,  0.04499968, -0.02538282,  0.05169627,
       -0.12086923,  0.0456567 , -0.10426819, -0.07947884, -0.03651068,
       -0.0423454 , -0.12812342, -0.08409054,  0.00817808,  0.09771629,
        0.00422451, -0.07621516, -0.0347881 , -0.13159737,  0.05019718,
       -0.07249267, -0.05874313, -0.07753728,  0.06087523, -0.03763011,
       -0.02033986, -0.08354391, -0.13739352, -0.08479477, -0.01201958,
        0.05009238,  0.10598832, -0.08384045, -0.03032256, -0.01987628,
       -0.11373615,  0.03505815, -0.09865496, -0.14962135,  0.03998719,
       -0.1096836 , -0.11550839, -0.00786087,  0.00019947, -0.05516165,
       -0.01515533, -0.07542308, -0.06067323, -0.1694729 , -0.13762766,
        0.06598933, -0.06053388, -0.13889258, -0.11733141,  0.01230577,
       -0.04858109, -0.03930754, -0.09607416,  0.00876096,  0.02962845,
       -0.06238847, -0.1066426 , -0.11748191, -0.08879841, -0.15613638,
        0.00153728, -0.04077061,  0.0699803 , -0.05177169, -0.04368706,
       -0.03300762, -0.06390391, -0.12441316, -0.02087128, -0.04781856,
        0.01823009,  0.00776463,  0.03267731, -0.03171699, -0.05167463,
       -0.13721943, -0.11097496, -0.08695403, -0.13213298, -0.12632996,
       -0.06644081, -0.01263662,  0.00537668, -0.04486614, -0.09694321,
       -0.07586497,  0.01177144, -0.04885907, -0.06865592, -0.04262493,
       -0.13165636,  0.00145336,  0.08610117, -0.00329082, -0.00414368,
       -0.00558457, -0.00496964,  0.00935469,  0.03084263, -0.09674539,
       -0.00246589, -0.00351205,  0.04571349,  0.03864834,  0.00851913,
       -0.10556063, -0.02994102,  0.03797608, -0.05940462, -0.02238062,
        0.01173647, -0.15668994, -0.07781108,  0.00418614,  0.01672737,
       -0.14627059, -0.10361227, -0.03260105, -0.11074074,  0.04171005,
       -0.04162711, -0.00289075, -0.03475443,  0.01672674, -0.014641  ,
       -0.08964153, -0.06806397,  0.0462239 ,  0.02261654, -0.08736155,
       -0.09922586,  0.01990067, -0.1430091 , -0.0896974 , -0.04582467,
       -0.10238586,  0.04543   ,  0.00028188, -0.16088484, -0.05855838,
       -0.01565584,  0.03784078,  0.00679245, -0.08442547, -0.07321732,
        0.00605857, -0.09123524,  0.00109611, -0.10240418, -0.0760162 ,
       -0.01249315, -0.01786572, -0.09574006, -0.00642013, -0.08910736,
       -0.1145355 , -0.10346472, -0.06883352, -0.02534722, -0.06874001,
       -0.01477634, -0.07582337, -0.08109958, -0.10295577, -0.00756987,
        0.01773874, -0.15150227, -0.02665559, -0.1112881 , -0.05592173,
       -0.05345236, -0.06411204,  0.06926246, -0.07745984, -0.01525003,
       -0.09447175, -0.0278387 , -0.13628303,  0.02215001, -0.1235383 ,
       -0.1581989 , -0.11797602, -0.02531053, -0.08410887,  0.04463113,
       -0.12341442, -0.08306721,  0.05131878, -0.01368566, -0.12950791,
       -0.05945841, -0.10033899,  0.03182204, -0.06150352,  0.00360962,
       -0.10035066, -0.07644648, -0.00045925, -0.00968376, -0.03621727,
       -0.12121561, -0.070947  , -0.09716676, -0.10852794,  0.03763789,
       -0.04974714,  0.01680722, -0.03285173, -0.06449673, -0.13969684,
       -0.09159762, -0.05788056, -0.1139865 ,  0.01574009, -0.04503248,
       -0.04221134, -0.06249706, -0.0245832 ,  0.03867167,  0.00590755,
        0.02874346,  0.08603248, -0.01732988,  0.04863872,  0.03976513,
       -0.1052742 , -0.14419985, -0.10220429, -0.000983  , -0.01554934,
       -0.15631622, -0.07900054,  0.00646535, -0.12089391, -0.04906956,
       -0.02602142, -0.09978992, -0.03612801, -0.00332886, -0.00598427,
       -0.03124973,  0.05306409, -0.00120825, -0.01890241, -0.10130821,
       -0.00320447, -0.0260122 , -0.140628  , -0.00044282, -0.0426066 ,
       -0.07752921, -0.05518305, -0.03789916, -0.02091058,  0.0306389 ,
        0.00448478, -0.12110058,  0.00946173,  0.01318688, -0.05015848,
       -0.08831856, -0.01011018, -0.00552208, -0.01078472, -0.04416864,
       -0.14720432,  0.00611496, -0.05736985, -0.04770972, -0.05965983,
        0.02880963, -0.13812734, -0.09592251, -0.11102618, -0.14614615,
       -0.08316285, -0.04180107,  0.01013438, -0.02602001, -0.1366018 ,
       -0.10609163,  0.04426781, -0.00767143, -0.03160371, -0.12616417,
       -0.00131821, -0.04027605, -0.02789842, -0.03727566, -0.04170203,
       -0.07662087,  0.03376846, -0.10174245,  0.02910175, -0.03803531,
       -0.07051655, -0.12273287,  0.05284976, -0.03937986, -0.11031796,
       -0.03121201, -0.06840908, -0.11467844, -0.05727088, -0.02984614,
       -0.1025958 , -0.11395523,  0.00783283, -0.07142917,  0.00717793,
       -0.10264996, -0.10468902, -0.06841013, -0.07679243, -0.15899348,
       -0.04552272, -0.06788844, -0.00404482, -0.04993388, -0.13179202,
       -0.0532801 ,  0.05356174, -0.08702945,  0.00952807, -0.09608556,
       -0.14037463, -0.08676139, -0.12137208, -0.02004826,  0.01695684,
       -0.02655616, -0.0249833 , -0.06772833, -0.04274032, -0.06474429,
        0.03263827, -0.02325546,  0.00592538,  0.01680921, -0.06143511,
       -0.08794704,  0.00511876, -0.02316636, -0.03600904, -0.09121334,
       -0.00934837, -0.00776943, -0.08631121,  0.03739844, -0.02857272,
       -0.09364326, -0.05219984, -0.09218585, -0.04352348, -0.05354871,
       -0.01477269, -0.05450489,  0.01948205, -0.13632913,  0.04057989,
        0.01754031,  0.00103648, -0.16565241, -0.09796812,  0.01749986,
       -0.11649198, -0.10037719, -0.1358126 , -0.09677892, -0.10364506,
       -0.10959553, -0.0443546 , -0.00904411, -0.01838841, -0.01011491,
        0.0387605 ,  0.01024618, -0.04778921,  0.03035789, -0.13083911,
       -0.01374173, -0.06084234, -0.06052757, -0.10118647, -0.12947395,
       -0.00416087, -0.05931664, -0.07972232, -0.03335023, -0.02375079,
        0.02879656, -0.01340986, -0.09679157, -0.10791057,  0.0108283 ,
       -0.12147728, -0.10599768, -0.08454497, -0.02475041,  0.03428169,
       -0.11145778, -0.11600828, -0.13396922, -0.02488579, -0.05232523,
       -0.08442885, -0.01151413,  0.12020233, -0.05553535,  0.00722707],
      dtype=float32), 'encoder.fc.2.weight': array([[-0.16455457,  0.11652956, -0.35553685, ..., -0.06049789,
        -0.2584779 ,  0.34266552],
       [ 0.09155691, -0.02892593,  0.01795883, ...,  0.06797578,
        -0.42915192,  0.11259937],
       [-0.26912072, -0.30618036, -0.22138089, ..., -0.13087966,
        -0.14278436, -0.15428035],
       ...,
       [-0.14872617, -0.23637028, -0.10941508, ...,  0.05784829,
         0.1574228 , -0.00182683],
       [-0.14011939,  0.24588755, -0.02396157, ..., -0.23840067,
         0.09409851, -0.24838261],
       [-0.34216756,  0.35614428, -0.22840744, ...,  0.06214672,
        -0.18941863,  0.27460256]], dtype=float32), 'encoder.fc.2.bias': array([-0.39665392,  0.04996001, -0.05161469, ...,  0.3330302 ,
        0.16445802,  0.13420212], dtype=float32), 'encoder.fc.4.weight': array([[-0.0296823 , -0.24100193, -0.03699212, ..., -0.14111803,
        -0.09508006, -0.21757087],
       [ 0.03906873, -0.09406999, -0.07642978, ...,  0.00706459,
         0.13041031,  0.03899061],
       [ 0.07907269, -0.14230917, -0.14846574, ..., -0.03464099,
         0.09395974, -0.15476157],
       ...,
       [-0.21792124,  0.04883877,  0.13621199, ..., -0.07739706,
        -0.05776865, -0.02501178],
       [-0.11819646,  0.03452105,  0.01093654, ...,  0.15549144,
         0.11242646,  0.01217731],
       [-0.24431354, -0.04156235,  0.00472587, ..., -0.16776223,
         0.09817327, -0.07372224]], dtype=float32), 'encoder.fc.4.bias': array([-1.84680745e-01, -8.16887617e-02, -2.74697933e-02, -1.84615806e-01,
       -1.47675321e-01, -2.18957052e-01,  1.68443210e-02, -8.34217146e-02,
       -1.48281664e-01, -4.39326018e-02,  6.91583902e-02,  5.70635088e-02,
       -1.76219687e-01, -1.88046724e-01,  3.03365458e-02,  1.48048941e-02,
       -2.03345150e-01, -5.80226583e-03, -8.78057182e-02,  1.19311005e-01,
       -1.61426380e-01, -1.69320136e-01, -1.74385980e-01, -8.26880857e-02,
        7.98631385e-02, -1.91536061e-02,  4.72403392e-02,  1.42965198e-01,
       -3.69384512e-02, -3.28256958e-03,  9.69246179e-02, -3.64236087e-02,
        7.45177567e-02, -7.05470145e-02, -1.07444637e-01, -1.53222427e-01,
        3.39021385e-02,  9.38268453e-02,  4.60317358e-02,  1.23535216e-01,
        9.88035053e-02,  1.08255073e-01,  1.22514829e-01,  1.54358540e-02,
        1.15421787e-01,  1.50515381e-02, -1.61246061e-01,  1.88506112e-01,
        5.86492792e-02, -1.53309390e-01,  1.70917615e-01, -1.25226006e-01,
        2.88394205e-02,  1.37280244e-02, -1.77602828e-01, -9.70374271e-02,
        1.00595213e-01,  1.73585266e-01, -1.24597466e-02,  1.63213447e-01,
        1.44987926e-01,  8.41802172e-03,  3.99976037e-02,  7.98051432e-02,
       -1.12813056e-01, -4.20885384e-02,  1.12720737e-02, -7.64165521e-02,
       -7.16514245e-04,  1.19426735e-01,  1.30085751e-01, -2.33651102e-01,
        1.03722699e-02,  1.44586399e-01, -8.86793137e-02,  4.34812866e-02,
       -1.65661171e-01, -1.67872687e-03, -1.45914540e-01,  1.06898069e-01,
        1.26744390e-01,  8.96068513e-02, -2.53947321e-02, -1.48203328e-01,
       -1.99255869e-01,  6.36408031e-02, -2.90886946e-02, -2.03668982e-01,
       -2.09896594e-01,  7.33545944e-02, -1.56131282e-01,  7.09681306e-03,
       -1.84839144e-01, -4.87665311e-02,  8.94194692e-02, -6.68510124e-02,
        7.31508136e-02, -2.36767381e-01,  1.69457659e-01, -1.17800757e-01,
        9.83771682e-02,  1.49682119e-01,  9.42069069e-02, -1.62364636e-02,
       -4.99169789e-02,  8.88864771e-02, -9.32851955e-02, -9.06038806e-02,
       -1.66297764e-01,  1.73979923e-01,  2.29443889e-02,  8.51991922e-02,
        5.23681119e-02, -1.70614585e-01,  3.48399766e-02, -1.15073286e-01,
        1.20144170e-02, -2.81509403e-02,  1.51796862e-01, -9.73491278e-03,
       -2.14893609e-01, -4.47714925e-02, -1.90532491e-01, -7.53482878e-02,
       -1.92917645e-01,  3.33408713e-02, -2.84172818e-02, -1.09590277e-01,
        1.24054074e-01,  5.67651950e-02, -7.89276212e-02,  2.02739432e-01,
       -1.00660548e-01, -2.00239211e-01,  1.44866645e-01,  3.50398291e-03,
        9.82753485e-02,  1.66017730e-02, -1.84797734e-01,  4.67623547e-02,
       -2.42395699e-01, -1.82622522e-01, -1.58283800e-01, -4.48004790e-02,
        4.20174301e-02,  6.36036322e-02,  1.33536249e-01,  1.72648117e-01,
        7.02841431e-02, -3.62720229e-02, -1.25818670e-01,  5.83162829e-02,
        1.38633758e-01,  2.99687553e-02, -2.09272699e-03, -1.57909632e-01,
       -7.04313070e-02,  1.41635731e-01,  2.68903263e-02, -2.65080854e-02,
       -1.28671275e-02, -2.03402326e-01,  1.26206741e-01, -7.35634118e-02,
       -6.61020502e-02, -1.40832424e-01,  1.46799594e-01, -2.37267762e-01,
       -9.16965231e-02,  9.24760699e-02,  1.54816106e-01,  2.11461317e-02,
       -2.22950161e-01,  1.20771892e-01,  1.20412618e-01, -1.05977561e-02,
        5.29012829e-02,  6.40936494e-02, -1.59384280e-01,  6.24429435e-03,
       -1.79754153e-01, -1.22469150e-01, -1.61338985e-01,  1.10869750e-01,
        1.22954309e-01,  1.04406178e-01, -1.00778349e-01,  1.41576126e-01,
       -1.50041580e-01,  1.04697943e-01, -9.75842029e-02, -1.07458904e-01,
       -2.19338294e-02,  1.52485576e-02, -1.30177215e-01,  5.21340109e-02,
        5.25677837e-02,  6.63011745e-02,  1.90482587e-02, -9.98833403e-02,
       -1.92342639e-01, -2.08362881e-02, -1.11178227e-01, -2.11307466e-01,
        1.13191210e-01,  1.52076513e-01, -1.58300772e-01, -6.71838969e-02,
       -7.87621439e-02,  9.11302026e-03,  1.38252735e-01,  1.08375527e-01,
        1.17202878e-01,  1.09181061e-01,  1.73250839e-01,  1.69813022e-01,
       -1.97035998e-01, -2.30086058e-01, -5.61780371e-02, -2.06441939e-01,
       -7.49155283e-02,  1.27560914e-01, -4.01141793e-02, -1.53481215e-01,
        1.53111741e-01,  1.04871646e-01,  1.47240788e-01, -3.00277825e-02,
       -1.87432632e-01,  1.94344332e-03, -9.95068774e-02,  1.09040126e-01,
        8.85604545e-02,  6.04715124e-02,  1.27977833e-01,  2.68609524e-02,
       -7.50587210e-02, -1.25101209e-01,  5.56701981e-02,  2.96858158e-02,
       -1.59289949e-02,  1.50527239e-01,  7.34870285e-02, -7.85288811e-02,
       -2.37151295e-01,  5.18721677e-02,  7.27914274e-02,  1.34371981e-01,
        5.92674688e-02,  8.91294330e-02, -3.85305621e-02,  5.08637354e-02,
       -2.05586866e-01,  1.56799451e-01,  2.81766430e-02, -1.88169882e-01,
       -1.24497443e-01,  1.15321269e-02, -2.29361743e-01, -1.66644499e-01,
        5.55530861e-02,  4.50646579e-02, -5.11175953e-02, -1.83730260e-01,
       -5.03989905e-02, -1.11881075e-02, -7.42053092e-02, -1.51532874e-01,
       -7.24351257e-02,  1.66513994e-01, -3.24563012e-02,  6.81149885e-02,
       -7.83656389e-02,  9.51013044e-02,  1.13738500e-01, -1.12947330e-01,
       -1.48354739e-01, -1.69574395e-01, -1.05375335e-01,  1.20553384e-02,
        1.05609991e-01, -3.02476529e-02, -1.97994858e-01, -1.90050706e-01,
       -2.19541281e-01, -2.03601658e-01, -9.78505984e-02, -2.09120616e-01,
       -8.70677605e-02, -7.69300312e-02,  1.05590649e-01, -2.86717713e-02,
       -1.06622308e-01,  4.26282350e-04, -1.55697957e-01,  9.12479591e-03,
        1.23294413e-01,  1.60480455e-01,  1.29378110e-01,  1.18120342e-01,
        2.19205953e-02, -1.32915139e-01, -9.15154740e-02, -1.75696361e-04,
       -1.47617429e-01, -2.10050225e-01, -5.98790348e-02, -1.21433981e-01,
       -2.33656719e-01,  2.49231234e-02,  8.75902772e-02,  1.61559395e-02,
        6.86597079e-02, -1.24770328e-01, -2.85795219e-02, -4.42549540e-03,
        1.27566680e-01, -1.42111227e-01, -2.43775040e-01,  1.26352847e-01,
        2.10368261e-01,  1.30247464e-02, -1.11274533e-02, -1.71307728e-01,
       -3.01667452e-02, -1.37084350e-01, -8.65822956e-02, -1.83205098e-01,
       -5.85310645e-02, -1.65118366e-01, -2.76247840e-02, -1.19042940e-01,
       -1.39899909e-01,  7.13020414e-02, -1.62925526e-01, -3.57958786e-02,
        6.04687333e-02, -1.59277618e-01, -1.71056718e-01,  1.35482356e-01,
       -1.47700468e-02,  2.76025012e-02, -2.34116092e-01,  2.52512284e-02,
        1.38879240e-01,  1.74133942e-01, -1.92526042e-01,  8.61604884e-02,
       -1.17913127e-01,  3.52354534e-02, -1.96650907e-01,  9.05924216e-02,
        1.22860344e-02, -2.28015676e-01, -1.57921106e-01,  6.93423524e-02,
        6.37375750e-03,  3.25783752e-02,  7.58252293e-02,  1.46258637e-01,
       -3.47753167e-02,  8.01246837e-02, -2.14833513e-01,  5.72886989e-02,
       -1.26077667e-01, -9.50171798e-02, -1.85757115e-01, -3.45360935e-02,
       -2.19183028e-01, -9.22944471e-02, -2.02000476e-02, -2.56480835e-02,
       -1.70003220e-01,  3.08190868e-03, -1.97606962e-02, -6.16586618e-02,
       -1.22668505e-01, -8.34443122e-02, -1.33254990e-01, -1.44684434e-01,
        1.86637491e-01,  1.37679487e-01, -1.13558248e-02, -4.12612557e-02,
        1.29045799e-01, -6.19831048e-02, -8.56880844e-02, -1.81979761e-01,
       -6.85325712e-02,  4.26354539e-03,  1.72863863e-02, -2.41536722e-01,
       -1.18413560e-01, -2.20039815e-01,  1.30358674e-02, -3.40903699e-02,
       -2.35251293e-01, -1.75459057e-01,  5.57047576e-02, -1.21632375e-01,
        9.81491655e-02, -1.54540911e-01,  1.14980396e-02, -1.27669498e-01,
        7.44430872e-04,  1.59767851e-01,  1.01311989e-02, -8.52397904e-02,
       -4.20385785e-02, -1.67487115e-01,  5.06965891e-02, -2.05690116e-02,
       -3.00223380e-02,  1.36041626e-01, -9.14538950e-02, -7.62124807e-02,
       -1.45569637e-01, -9.77423135e-03, -1.97550982e-01, -7.42054135e-02,
       -3.47659774e-02,  1.64138645e-01, -2.30036721e-01, -4.19278108e-02,
       -1.55490682e-01, -6.35715052e-02, -9.02064610e-03, -1.12331629e-01,
       -1.13271005e-01, -1.01875424e-01, -4.13017012e-02, -1.64877430e-01,
        9.35372114e-02, -3.54604013e-02,  1.43548667e-01, -6.02336116e-02,
       -2.13627741e-01,  1.47264794e-01, -3.96758877e-02, -1.54730529e-01,
       -1.61742657e-01, -6.74062520e-02,  1.56497136e-02, -6.48187175e-02,
        6.47553727e-02, -1.18565060e-01, -5.77659952e-03, -7.29169920e-02,
       -3.12486179e-02, -1.96256503e-01, -1.82685807e-01, -4.90078591e-02,
        6.72199577e-02, -3.34366783e-02,  1.60694689e-01, -2.37052679e-01,
       -2.11011559e-01,  5.17660286e-03,  2.55082268e-02, -7.69670978e-02,
       -1.67888269e-01, -2.35579282e-01, -1.85895547e-01,  7.12443888e-02,
        2.52432097e-02,  1.76480841e-02, -1.07956536e-01, -7.03203976e-02,
        1.92736357e-01, -1.81640506e-01, -2.10688263e-01, -1.39478654e-01,
       -1.19405620e-01,  7.80084655e-02,  1.50100365e-01, -1.29091337e-01,
       -3.62205729e-02, -1.76568583e-01,  1.64040282e-01, -1.25374600e-01,
       -4.85607535e-02, -3.33869532e-02,  1.40635923e-01, -6.71571568e-02,
        9.36143100e-02, -1.44916579e-01,  2.03856453e-03, -1.06899269e-01,
       -1.11343913e-01, -1.21444337e-01, -1.69940084e-01, -2.13505447e-01,
       -2.15907395e-03,  6.79018945e-02, -1.35636315e-01, -3.78641747e-02,
       -1.72759920e-01,  3.30240019e-02,  4.62902617e-03,  1.23176873e-01],
      dtype=float32), 'encoder.fc.6.weight': array([[-0.2716562 , -0.20772089,  0.0424738 , ..., -0.1411724 ,
        -0.1028671 , -0.30358383],
       [ 0.32618687,  0.33090732,  0.3615058 , ...,  0.29561743,
        -0.35941392,  0.21529908],
       [-0.12369475, -0.18988217, -0.22644922, ..., -0.00645541,
         0.24351326, -0.36141706],
       ...,
       [ 0.14345096, -0.3504049 ,  0.15887618, ..., -0.27205506,
         0.14657022,  0.3285189 ],
       [ 0.23733309, -0.15643111,  0.01871561, ...,  0.01844247,
        -0.0101962 ,  0.32535842],
       [-0.22679251,  0.19817474,  0.24338208, ...,  0.14107585,
        -0.2262084 ,  0.26526386]], dtype=float32), 'encoder.fc.6.bias': array([ 0.19517681, -0.06970075, -0.22471008,  0.05713036, -0.16218932,
       -0.2903597 ,  0.21158765,  0.24371849,  0.10227741, -0.26781055],
      dtype=float32), 'decoder.fc.0.weight': array([[-0.89528984,  2.1384344 ,  2.156464  , ...,  0.8452589 ,
        -0.28185326,  0.6477266 ],
       [-1.5866051 ,  1.3542348 , -0.72509956, ..., -1.7951239 ,
        -0.710158  , -2.63798   ],
       [-2.298004  , -0.92161405,  0.18395275, ..., -1.2954298 ,
        -0.8773278 , -2.0864751 ],
       ...,
       [-2.8978927 ,  0.13389419, -1.0003227 , ...,  2.1638227 ,
         0.50309104, -0.0300587 ],
       [ 1.5925267 , -1.6104636 ,  1.8296907 , ...,  0.563524  ,
        -2.5688107 , -1.2870519 ],
       [ 1.1258154 ,  0.5350226 , -2.623866  , ...,  1.5806586 ,
        -2.0328658 , -1.0770051 ]], dtype=float32), 'decoder.fc.0.bias': array([-8.88512135e-01, -4.73417848e-01,  7.60541141e-01, -2.14134717e+00,
        8.35121095e-01,  2.34787679e+00,  2.52372479e+00,  5.22216916e-01,
       -2.30970049e+00,  8.04143012e-01, -1.98632598e-01, -2.34309196e+00,
       -6.34055316e-01,  6.62327766e-01, -1.81362838e-01,  3.18867028e-01,
       -6.69048667e-01,  4.08966951e-02,  1.70367658e+00, -6.29812896e-01,
       -1.29079366e+00,  1.00694847e+00,  2.73985773e-01, -1.16576302e+00,
        1.88761532e+00,  1.70927143e+00,  1.39223528e+00,  1.64422202e+00,
       -1.05824852e+00,  8.56949091e-01,  1.99220657e+00, -5.87237060e-01,
        2.01177168e+00, -2.40851474e+00,  1.85575581e+00, -9.64666665e-01,
        7.12632716e-01,  2.71645665e+00, -1.72764099e+00, -2.54110384e+00,
       -1.95744359e+00,  8.34061921e-01, -2.31776547e+00,  7.04719484e-01,
        2.85690594e+00, -9.24959555e-02, -6.70805752e-01,  1.93279457e+00,
        2.20816731e+00,  1.64318979e-01, -2.45071816e+00, -2.32003593e+00,
       -7.88569152e-01,  1.24704111e+00, -1.00928605e+00, -2.64332741e-01,
        2.35411215e+00,  2.72652054e+00, -1.85993981e+00, -9.40842867e-01,
       -1.34611547e+00,  2.42420167e-01, -7.31780112e-01,  1.46438015e+00,
        2.84263587e+00,  2.00014567e+00,  7.07740664e-01, -6.59661293e-01,
       -2.14059806e+00, -1.98940063e+00,  1.73566186e+00,  1.64348137e+00,
       -7.81323373e-01,  3.73380244e-01, -2.28315806e+00,  2.56361961e+00,
        1.60921001e+00,  2.66588807e+00,  1.89488288e-02, -9.54244256e-01,
        2.19308287e-01, -2.63243532e+00,  1.00176072e+00,  1.68810439e+00,
        2.04364514e+00, -1.34661436e+00,  2.61132503e+00, -1.47825718e+00,
        2.23173952e+00, -1.25383723e+00, -3.35874528e-01, -2.68612456e+00,
       -1.25569329e-01, -1.43217111e+00, -4.87670183e-01, -1.32026728e-02,
       -1.54373974e-01, -1.44867849e+00, -1.53442264e+00,  2.76278710e+00,
        2.07982183e+00, -2.10840440e+00, -1.59052467e+00, -2.68473983e+00,
        1.32301843e+00, -1.85891664e+00, -4.14858051e-02,  1.75016344e-01,
       -6.81442857e-01, -2.08466077e+00,  5.41749120e-01,  3.49585563e-01,
       -5.93880951e-01,  6.46661639e-01, -8.74806583e-01,  5.76934874e-01,
        3.02139133e-01,  1.70778608e+00,  1.00705516e+00,  1.21799266e+00,
        2.17341876e+00, -6.17005527e-01,  1.64715123e+00,  1.58864534e+00,
       -9.97837067e-01,  4.63125229e-01, -1.59730926e-01,  1.96039867e+00,
        2.30001256e-01, -5.69336832e-01, -1.02105927e+00, -2.29438829e+00,
       -4.46026891e-01,  1.47855294e+00, -2.67441392e+00, -2.40190721e+00,
       -1.24295604e+00, -1.17142487e+00, -2.75479984e+00, -1.27138186e+00,
       -5.33425868e-01,  9.53009725e-01, -1.13102126e+00,  1.53859228e-01,
        1.80258310e+00,  2.24129343e+00, -1.68073428e+00,  1.93354559e+00,
        2.52893019e+00, -7.31152892e-01, -2.03533840e+00,  2.42997909e+00,
        1.44514993e-01, -1.00246310e+00,  2.53373170e+00,  2.34640265e+00,
        2.69447923e+00, -2.06159806e+00,  1.49656069e+00, -2.35291171e+00,
        8.45138431e-01, -1.00139129e+00,  1.68248892e+00, -4.42570001e-01,
        1.63546443e+00, -9.19577241e-01,  1.60090995e+00,  9.79562223e-01,
        2.81044865e+00, -7.35631347e-01, -2.50292063e+00, -2.73729873e+00,
       -4.95714784e-01,  2.32618809e+00,  2.87594295e+00,  1.91597104e+00,
       -1.54333413e+00,  1.18399823e+00, -1.42507517e+00, -2.32475638e+00,
       -5.88146567e-01, -1.02267540e+00,  2.62093282e+00,  6.61648393e-01,
       -2.13883018e+00,  1.08514583e+00,  3.04082502e-02,  1.93666518e+00,
        2.02174163e+00,  6.54658973e-01, -2.06944323e+00,  4.13662344e-01,
        2.34124517e+00, -2.79368567e+00, -1.66434646e+00,  1.57407951e+00,
        1.33998263e+00,  4.99611527e-01,  8.53898644e-01,  2.18142676e+00,
        2.73075819e+00, -8.66858840e-01,  1.95224911e-01,  2.34220171e+00,
       -1.95942807e+00,  2.08472610e+00,  1.15642977e+00,  4.04011160e-01,
       -7.07043886e-01, -1.83060691e-01,  1.52414799e+00,  1.27739334e+00,
        6.87155783e-01, -1.50846493e+00, -6.17615394e-02, -2.58305550e+00,
       -1.88529873e+00,  9.62029934e-01,  3.05242568e-01,  2.09670258e+00,
        9.30238724e-01, -2.41713953e+00,  5.09089887e-01,  6.32642508e-01,
        9.35536325e-01, -1.97869444e+00,  2.86578345e+00, -1.43719614e+00,
        8.27202916e-01,  1.74157274e+00, -2.80681960e-02,  4.36900139e-01,
        1.01079144e-01,  1.37535667e+00,  2.03673720e+00,  5.24039984e-01,
        3.32692266e-01,  1.81035435e+00,  3.42489809e-01,  2.65480816e-01,
       -1.18566251e+00,  1.29272544e+00,  1.11881173e+00,  1.56778789e+00,
        1.86332941e+00,  1.49637759e+00, -1.35229945e+00,  7.88910031e-01,
        2.24731827e+00,  2.26146936e+00, -1.70140898e+00, -1.38955629e+00,
       -4.36513424e-02,  1.03913832e+00, -5.68314642e-02,  1.60079551e+00,
        1.20666492e+00, -2.59918904e+00, -3.83698791e-02,  1.81703591e+00,
       -2.31840923e-01, -1.53855813e+00, -2.74588513e+00, -1.58287752e+00,
        4.80364621e-01, -1.80179906e+00,  1.86510289e+00, -2.30934787e+00,
        9.79686916e-01,  2.63762563e-01, -3.00748404e-02,  1.83883643e+00,
       -3.22023422e-01, -2.48891377e+00,  7.58174896e-01, -2.40874743e+00,
       -2.47731596e-01,  2.68451667e+00, -1.48912740e+00,  1.04970968e+00,
       -2.38540101e+00, -1.80891824e+00,  1.71047166e-01,  9.51101899e-01,
       -1.77423179e-01, -2.02517897e-01, -1.14355123e+00, -2.02174735e+00,
        1.17307556e+00, -2.08592534e+00,  9.62057337e-02,  2.58900714e+00,
        1.77805531e+00,  2.21232796e+00, -1.72762203e+00,  1.48060858e+00,
       -1.18930280e+00, -1.80881238e+00,  1.65538454e+00,  2.55994987e+00,
        6.23399138e-01,  5.20984650e-01,  4.13358510e-01, -1.65146172e+00,
        2.45709109e+00, -6.35410130e-01,  2.59505630e-01,  1.99579751e+00,
        1.63805892e-03,  6.02781177e-01,  4.47782278e-01, -1.19670308e+00,
        2.70139599e+00, -1.12434638e+00, -5.65020263e-01,  2.19505072e+00,
        1.42198646e+00, -1.34430575e+00,  1.33730352e+00, -1.74102759e+00,
        2.55292892e+00, -2.33846807e+00,  1.49400258e+00,  7.57073283e-01,
       -2.19187331e+00,  1.23693800e+00, -1.05036104e+00, -2.85627723e-01,
       -2.83792305e+00,  6.67954922e-01,  1.01211751e+00,  2.16196871e+00,
       -1.42144680e+00, -2.84108639e-01,  1.41223156e+00,  3.18930984e-01,
        2.15586352e+00, -2.28027654e+00,  2.50074983e+00,  2.57823753e+00,
        1.88300455e+00, -8.77069712e-01,  1.60946155e+00, -2.69422317e+00,
        1.90712118e+00,  4.53529835e-01, -4.83484447e-01,  7.72987545e-01,
       -6.69665813e-01, -1.08613896e+00, -9.84569907e-01, -8.14073980e-01,
        1.53297901e+00, -4.39205974e-01, -2.59443855e+00,  6.95177674e-01,
        1.78831234e-03, -1.11190128e+00,  2.23934865e+00, -1.51416898e+00,
        1.54960501e+00, -1.93074834e+00, -1.38725829e+00,  1.97124338e+00,
       -8.11764121e-01,  2.20286608e+00, -1.37254846e+00, -1.66431296e+00,
        2.54489923e+00,  8.58783484e-01, -2.29628825e+00, -1.81614983e+00,
       -1.40086859e-01, -1.65121332e-01,  2.34991670e+00, -2.78567076e+00,
       -5.35818398e-01,  4.50274318e-01,  9.43926394e-01, -5.54590583e-01,
        3.37715857e-02, -2.08725762e+00,  2.03906751e+00,  1.03961408e+00,
        1.39640272e+00,  1.98407018e+00,  3.21511105e-02,  5.97674012e-01,
       -2.45282507e+00, -2.25768656e-01,  2.39868954e-01,  2.40451169e+00,
       -1.40857053e+00, -1.23408794e+00,  1.96414173e+00,  1.84687746e+00,
        2.18386436e+00, -1.52570903e+00, -2.78085995e+00,  2.43802667e+00,
       -2.86012053e+00, -7.51824498e-01,  1.21940994e+00,  3.77415657e-01,
       -1.14663005e+00, -2.45527315e+00, -2.47987199e+00, -1.98961079e+00,
       -1.77369654e-01,  1.61067069e+00, -2.66812325e+00, -2.51183701e+00,
       -1.27980225e-02,  2.46955514e-01, -8.41847360e-01, -1.22620547e+00,
        2.29416895e+00,  2.14560342e+00,  1.63718069e+00,  2.53576064e+00,
       -3.98735791e-01, -8.45038414e-01,  5.80813706e-01,  2.19038534e+00,
        4.89035882e-02,  1.09901655e+00, -1.76836836e+00,  8.47582519e-01,
       -1.77646673e+00, -8.63414109e-02,  2.75572252e+00, -1.38205457e+00,
        1.05296540e+00, -1.17584324e+00, -1.79793644e+00,  2.20334125e+00,
       -1.26770854e+00, -1.85849130e+00, -1.43698204e+00,  1.89354587e+00,
       -5.42214870e-01, -2.66640377e+00, -4.28978145e-01,  1.41793478e+00,
       -2.42584372e+00, -3.22996944e-01, -2.02682543e+00,  2.43944120e+00,
       -2.15624309e+00, -2.16580319e+00, -2.28046823e+00, -1.95608199e+00,
       -2.23496222e+00,  1.76966178e+00, -2.43129224e-01, -2.90032059e-01,
        2.19141626e+00, -1.15541852e+00, -2.04824686e+00,  9.13976669e-01,
       -1.26276922e+00, -7.11511850e-01, -2.26806188e+00, -2.21164060e+00,
        2.54962921e+00,  3.92509311e-01,  9.38870251e-01,  2.14638281e+00,
        1.30129313e+00, -2.50559187e+00,  2.25469327e+00, -2.62882257e+00,
       -1.58587205e+00,  2.38136363e+00, -1.04694331e+00, -6.05704248e-01,
       -7.22769082e-01,  1.89088309e+00,  2.87883711e+00,  1.17969573e+00,
       -1.20920062e+00,  2.64925289e+00,  1.31957519e+00, -2.52061367e+00,
       -4.03757840e-01, -8.70556355e-01, -1.43560934e+00, -2.68985033e+00,
       -1.85126618e-01,  2.84513402e+00, -2.43132687e+00, -2.06638670e+00,
       -1.36345077e+00,  2.16479826e+00, -2.13198733e+00, -6.15670741e-01,
       -1.97300649e+00,  2.50050879e+00,  2.63032436e+00,  1.11551747e-01],
      dtype=float32), 'decoder.fc.2.weight': array([[-0.31285167,  0.17579202, -0.45652452, ...,  0.36200738,
        -0.38564694,  0.31614298],
       [ 0.29694405, -0.03279178, -0.15892163, ..., -0.07543932,
         0.32477602,  0.17652015],
       [ 0.24661602, -0.44561613, -0.0052788 , ...,  0.36151832,
         0.2359997 ,  0.06422818],
       ...,
       [ 0.25282982, -0.3216289 , -0.22685124, ...,  0.30234915,
        -0.42283747,  0.05053496],
       [ 0.15590411, -0.08247153, -0.26492795, ..., -0.21253505,
         0.30423474,  0.15690127],
       [-0.07944972,  0.08526195,  0.01251669, ..., -0.11413737,
        -0.05061893, -0.0660627 ]], dtype=float32), 'decoder.fc.2.bias': array([ 0.22313938,  0.37540478,  0.18838458, ..., -0.20914078,
       -0.31343922, -0.31136832], dtype=float32), 'decoder.fc.4.weight': array([[-0.18167543,  0.16619423,  0.02530215, ..., -0.08246236,
         0.10822949, -0.04161435],
       [-0.14047816, -0.11791243, -0.03456389, ..., -0.10102922,
        -0.15132082, -0.13350235],
       [ 0.01765549,  0.05039634, -0.13511433, ..., -0.05807058,
         0.07274868, -0.16172461],
       ...,
       [-0.07906616, -0.04057458,  0.17620535, ..., -0.01357438,
        -0.08328831, -0.20071526],
       [ 0.0838457 ,  0.12074228,  0.23758754, ..., -0.00914009,
        -0.1254624 ,  0.08284871],
       [-0.15559253, -0.01225442,  0.14852467, ...,  0.01095075,
         0.16502924, -0.08200062]], dtype=float32), 'decoder.fc.4.bias': array([-0.07117499, -0.18312338, -0.25156578, -0.12944488,  0.07740303,
        0.10886748, -0.09178745,  0.00628796,  0.02695371,  0.12054928,
       -0.0789906 ,  0.01879681,  0.06479847, -0.10882886,  0.11959417,
       -0.0611559 , -0.1507882 , -0.16129075, -0.00498022,  0.10512652,
        0.09615743, -0.06918941,  0.05270271,  0.00438009, -0.00306523,
       -0.04765346,  0.03613697, -0.12687416,  0.11204129, -0.16228518,
       -0.17994793,  0.17333484,  0.11509188, -0.13795236,  0.09768514,
        0.11974365, -0.19476953,  0.09517979,  0.03297299, -0.09543216,
       -0.01604949, -0.24270979, -0.21652739, -0.14043286,  0.17262425,
       -0.03156217, -0.17189604,  0.0788949 , -0.09094897, -0.142034  ,
       -0.20697963,  0.03625552,  0.03221181, -0.2376486 , -0.18761556,
        0.06794681,  0.12967835, -0.20230241, -0.18539776,  0.01784097,
       -0.06423687,  0.0237016 ,  0.08655819,  0.16378526, -0.05856161,
        0.03695088,  0.04375506, -0.13681704,  0.05069934, -0.23118013,
       -0.18453522, -0.03426103,  0.00476954,  0.10927417, -0.03967651,
       -0.11583222,  0.19448724,  0.1410647 , -0.14439316, -0.0527734 ,
        0.20059614, -0.17672695, -0.22837913,  0.06276989,  0.18819079,
       -0.20343423, -0.12940231, -0.13094796, -0.22214483, -0.1346527 ,
       -0.20736192,  0.05495776,  0.179465  ,  0.15517034, -0.22845086,
       -0.18235813, -0.08528493,  0.04772957,  0.00683455, -0.16758408,
        0.18374035, -0.07107101,  0.18029453, -0.19476582,  0.06028601,
        0.18726696, -0.02946373,  0.15030985, -0.0660975 ,  0.19100212,
        0.02216715, -0.05356666,  0.09225736,  0.0472022 , -0.01029368,
        0.14543293,  0.03544207, -0.13023655, -0.00708233,  0.16548473,
       -0.113592  ,  0.06662743, -0.07385139,  0.04206816, -0.01960495,
        0.00091935, -0.30465934,  0.1333482 , -0.13237256,  0.17025787,
        0.09539473,  0.06349139, -0.0677967 , -0.03001842, -0.10257806,
       -0.13872547, -0.17863989, -0.06690779,  0.08554062,  0.17139965,
       -0.06690565,  0.11022589,  0.06806676,  0.05905783,  0.08665074,
       -0.1497659 , -0.14312467,  0.03882265, -0.11779767,  0.15470743,
       -0.05667872,  0.02817396,  0.11160165,  0.03792208, -0.01907626,
       -0.08277284, -0.17445521, -0.12293689,  0.07836723, -0.03592411,
       -0.05302879, -0.1155095 , -0.18862464, -0.16567038, -0.03889199,
        0.12128866,  0.0509481 , -0.14489613, -0.03622739, -0.1662063 ,
       -0.05439045, -0.20341372, -0.11183903, -0.07492179, -0.18888827,
        0.05228507, -0.20291631, -0.16447939,  0.18475984,  0.15972033,
       -0.00602473, -0.18368722,  0.03552822, -0.20096761, -0.20119652,
        0.11025457, -0.04314463,  0.02441838,  0.08565482,  0.11691034,
       -0.17038375,  0.09337383,  0.12335418, -0.18688573, -0.26773787,
        0.03851865,  0.14075877, -0.01556706,  0.1690426 , -0.09164986,
        0.03005796, -0.18178295, -0.19155176, -0.03122131,  0.19248086,
       -0.09787477,  0.11710511, -0.15545104,  0.13250239, -0.11153297,
       -0.12560928,  0.07042688,  0.0048839 ,  0.16473481,  0.16266742,
        0.08781088,  0.10193392, -0.06689106,  0.06040258, -0.00547094,
       -0.1363095 ,  0.14837006, -0.06637286,  0.1165711 , -0.19098386,
       -0.02775549, -0.01342671, -0.18938266,  0.20802186,  0.07489771,
       -0.03069956, -0.12503585, -0.2285108 , -0.17884652, -0.17713703,
       -0.01330102, -0.06616174, -0.10789346, -0.01370773,  0.13410787,
        0.09548716,  0.01392798,  0.12670302, -0.05013833, -0.25076208,
        0.11987954, -0.04737635, -0.119192  ,  0.00511735,  0.04688446,
       -0.03907543,  0.16409501,  0.04236491,  0.07346086,  0.20808302,
       -0.0129139 , -0.19990608, -0.14209236,  0.08822411, -0.16359982,
       -0.14331713,  0.05626637,  0.08778301, -0.00650406, -0.19146854,
       -0.03586505, -0.21859737, -0.03504908, -0.10510471, -0.16438252,
       -0.14836507,  0.05264368, -0.07995345,  0.1365664 ,  0.07332143,
        0.11899498, -0.08795009,  0.101095  , -0.14252922, -0.1661653 ,
       -0.04859003,  0.05229937, -0.16001762, -0.21124834,  0.10770423,
        0.04781235, -0.08462117,  0.03826265, -0.1711165 , -0.15525341,
       -0.09980523,  0.00892192,  0.1228433 ,  0.05724918, -0.11500247,
       -0.06336792, -0.04155005,  0.08175285,  0.19063282,  0.14652137,
        0.05527117, -0.11970745,  0.16111565,  0.10151838,  0.19842534,
        0.14543326, -0.16780847,  0.12058809, -0.10476515,  0.07045175,
       -0.19034277,  0.13945343,  0.01246794,  0.10050587,  0.19121183,
       -0.10636441, -0.19256392,  0.0075457 ,  0.16458932,  0.11323541,
       -0.10260814,  0.06657513, -0.02290843, -0.19849816, -0.13101912,
        0.05766564,  0.00760615, -0.12001812, -0.11505897,  0.0646349 ,
       -0.10604156,  0.05306099, -0.16273944,  0.15182376,  0.02508085,
       -0.12859572, -0.20433342,  0.0493554 , -0.22087239, -0.224143  ,
       -0.0469607 , -0.05720388,  0.10050268, -0.06458382, -0.01245587,
        0.0834481 ,  0.15745693, -0.04983009, -0.20641185,  0.18953554,
       -0.15176257, -0.2290485 , -0.20372377, -0.2276843 , -0.21447802,
        0.00948916, -0.08494928, -0.07811247, -0.14148295, -0.04265451,
        0.16132809,  0.08507965,  0.12365419, -0.07802176, -0.05433157,
        0.15678869, -0.24091363, -0.19822866,  0.06473077, -0.07274415,
        0.07223651,  0.14444484, -0.01453314, -0.16279472, -0.2069703 ,
       -0.00870105,  0.18988246, -0.13627553, -0.14149132, -0.18237725,
       -0.05803908, -0.14825627, -0.01786397, -0.02944121,  0.08990061,
       -0.20870106, -0.02063258, -0.17835726,  0.18616389,  0.00620254,
       -0.19816443,  0.14218079, -0.09379509,  0.13309434,  0.09590244,
       -0.2122531 ,  0.06178075,  0.0953368 ,  0.16354717, -0.00801785,
       -0.01882205, -0.06035082,  0.19159482,  0.17996398, -0.15319206,
        0.09658094,  0.15956463, -0.05550041,  0.04145311, -0.22271237,
        0.1612859 , -0.2010586 ,  0.15104282,  0.05669426,  0.10412581,
       -0.00249787, -0.14280114, -0.20349461, -0.05184392, -0.03716817,
       -0.10685176, -0.11182753,  0.02203548,  0.0347048 , -0.1004305 ,
        0.06496852,  0.00834994,  0.1171447 ,  0.16720663,  0.02094086,
       -0.12993778,  0.06619188,  0.04504477, -0.09446607,  0.18651104,
       -0.07679369, -0.19884092,  0.19514622, -0.09629795,  0.00605366,
       -0.04359302, -0.13035385, -0.19172344,  0.21681222, -0.05109843,
       -0.09364258, -0.22737843,  0.04254251,  0.13221899,  0.15632395,
        0.00045131,  0.18275459,  0.11050083, -0.14276028, -0.19925329,
       -0.20228635,  0.00317388, -0.00767014, -0.13663068,  0.03600854,
        0.03701818,  0.04842312, -0.20225938, -0.1762007 , -0.0402231 ,
       -0.16136388, -0.05327205, -0.02469533,  0.02697915,  0.15346998,
        0.1645099 , -0.18273577,  0.16867259, -0.08624932,  0.17117538,
       -0.05621441,  0.06395117, -0.06615116, -0.07289479, -0.03422591,
       -0.11321997, -0.1079471 , -0.06881371, -0.19293217,  0.19250421,
       -0.1258965 , -0.14270899, -0.13665825, -0.07223944, -0.22316799,
        0.0109811 , -0.07376722, -0.15634845,  0.08673115,  0.12022234,
       -0.18443352, -0.18028863, -0.0639199 , -0.00720679, -0.1956645 ],
      dtype=float32), 'decoder.fc.6.weight': array([[ 0.12364343, -0.13381597,  0.1171333 , ..., -0.359185  ,
         0.29935688, -0.12105858],
       [-0.01115129, -0.06071842,  0.10942614, ..., -0.2768965 ,
         0.4051179 , -0.3479053 ],
       [ 0.3325043 , -0.38189408,  0.0737042 , ...,  0.26490563,
        -0.06995815,  0.3068843 ],
       ...,
       [ 0.2872822 , -0.21339145,  0.2885042 , ...,  0.23604599,
        -0.3459772 ,  0.11501659],
       [-0.27572057,  0.23685698, -0.3625267 , ..., -0.2215361 ,
         0.14065857,  0.49105245],
       [-0.18812482, -0.07702982, -0.13875048, ..., -0.16708893,
        -0.3791176 ,  0.2518787 ]], dtype=float32), 'decoder.fc.6.bias': array([0.02357615, 0.00610694, 0.3516815 , ..., 0.34662482, 0.18786368,
       0.3854004 ], dtype=float32)}
[Time: 27.01.25 20:33:25] [Level: info] [State: aggregate] {'encoder.fc.0.weight': array([[-0.1317933 , -0.0051896 ,  0.02753431, ..., -0.06723274,
         0.1050017 , -0.05962572],
       [ 0.0604354 ,  0.05780718,  0.01145301, ...,  0.02019695,
        -0.06877021, -0.07038175],
       [-0.05660464, -0.04873499, -0.0288847 , ...,  0.05153394,
        -0.00155432, -0.01871895],
       ...,
       [-0.03664162, -0.12200312, -0.04115657, ..., -0.07138386,
         0.11925404, -0.08352432],
       [ 0.01401159,  0.10243811,  0.0332486 , ...,  0.07299663,
         0.0063434 , -0.06606269],
       [ 0.0259599 , -0.0249849 , -0.11733791, ..., -0.01692296,
         0.05990254, -0.01665899]], dtype=float32), 'encoder.fc.0.bias': array([-3.57059985e-02, -1.33893266e-01, -4.35007513e-02, -5.24995662e-02,
        4.25354131e-02,  3.96606438e-02, -3.59321237e-02,  1.23960283e-02,
       -6.07522530e-03, -2.60696765e-02, -4.23531681e-02,  4.88604158e-02,
       -5.46525568e-02, -7.22253248e-02, -5.39223664e-02, -2.28091795e-02,
       -1.38163000e-01, -7.36860111e-02,  2.53184307e-02, -1.67428069e-02,
        3.53578143e-02,  2.01563369e-02, -1.23968832e-01, -5.59777506e-02,
       -1.36664703e-01, -2.58132257e-02, -6.53618723e-02, -7.99197182e-02,
       -7.50195608e-02, -8.76454636e-04, -4.05542664e-02, -9.29325819e-02,
       -3.58621888e-02, -1.16130464e-01, -6.54642237e-04,  3.41946222e-02,
        6.19979622e-03,  1.21810194e-02, -3.35901119e-02, -2.39700787e-02,
       -9.52652842e-02, -7.18919858e-02,  2.44804043e-02, -7.02068303e-03,
       -1.40565872e-01,  1.44689456e-02, -1.65093858e-02, -5.00388667e-02,
        6.43985868e-02, -6.24438971e-02,  2.69793347e-03, -3.59332226e-02,
       -9.44365785e-02, -6.61466569e-02, -3.76512446e-02, -7.86675662e-02,
       -2.90521700e-02, -4.77172658e-02, -6.92827180e-02, -1.59104124e-01,
        2.03059111e-02, -8.26542452e-02, -3.46709421e-04, -1.09543093e-01,
       -6.03085235e-02, -9.41141844e-02,  1.12945773e-02, -1.05536595e-01,
       -8.41334686e-02,  1.35431420e-02, -3.87412682e-02, -8.30743648e-03,
       -1.27590463e-01,  1.95237100e-02, -5.94307445e-02, -5.42867556e-02,
        2.95027103e-02, -9.50939134e-02, -1.34792700e-01, -6.49440587e-02,
       -1.13935366e-01, -1.24571316e-01, -1.09412424e-01, -4.36144620e-02,
       -3.56319658e-02, -1.20782629e-01, -3.35506499e-02,  3.53550911e-02,
       -3.63208838e-02,  5.42963445e-02, -1.10841461e-01,  5.59829064e-02,
       -1.14135087e-01, -6.98616356e-02, -2.64429543e-02, -4.23385464e-02,
       -1.18709415e-01, -7.38785863e-02, -1.97109953e-03,  1.07680641e-01,
        1.44176064e-02, -6.59341514e-02, -3.63062955e-02, -1.37074962e-01,
        5.09286262e-02, -7.58043006e-02, -6.89146146e-02, -6.84008375e-02,
        6.54235184e-02, -4.77372929e-02, -3.03877443e-02, -7.43835419e-02,
       -1.47438571e-01, -7.48757422e-02, -2.21690573e-02,  4.15909998e-02,
        1.16229400e-01, -8.85808617e-02, -2.02199146e-02, -1.02967238e-02,
       -1.03237905e-01,  2.66583040e-02, -9.01322886e-02, -1.59259230e-01,
        3.98131721e-02, -1.19826838e-01, -1.20148197e-01, -7.86488410e-03,
        3.77677334e-03, -4.51370068e-02, -6.21791650e-03, -8.55066329e-02,
       -5.14990166e-02, -1.79586247e-01, -1.37833342e-01,  5.64940944e-02,
       -5.08171208e-02, -1.34806827e-01, -1.07061580e-01,  2.10165493e-02,
       -3.83844860e-02, -4.99001145e-02, -8.58622938e-02, -1.40891643e-03,
        3.53401229e-02, -7.25907460e-02, -9.55694094e-02, -1.07469417e-01,
       -8.06623399e-02, -1.52021423e-01, -8.62005446e-03, -5.09546697e-02,
        5.97363785e-02, -4.14758772e-02, -3.35708521e-02, -3.94390561e-02,
       -5.37185334e-02, -1.13657676e-01, -3.03685069e-02, -5.78787625e-02,
        8.09622835e-03,  1.04188230e-02,  2.47383993e-02, -2.17253771e-02,
       -6.18751422e-02, -1.40577942e-01, -1.12123281e-01, -9.47256833e-02,
       -1.42334446e-01, -1.22693956e-01, -7.49327093e-02, -1.26440125e-02,
        1.46911070e-02, -4.25253771e-02, -9.66764465e-02, -8.59381855e-02,
        1.52200775e-03, -3.86757627e-02, -7.85055235e-02, -4.84104715e-02,
       -1.39959380e-01,  5.38109476e-03,  9.59134027e-02, -1.19549697e-02,
       -1.21751241e-02,  4.17295331e-03,  3.60528543e-03,  8.83752387e-03,
        3.47924195e-02, -9.52887237e-02,  7.48048164e-03, -3.52933723e-03,
        3.55810598e-02,  3.30417566e-02,  1.89765505e-02, -1.15752697e-01,
       -4.06211838e-02,  3.24682593e-02, -6.99018165e-02, -1.23204989e-02,
        1.18160089e-02, -1.66815504e-01, -6.85468167e-02,  1.92971420e-04,
        1.68932881e-02, -1.53823510e-01, -9.41967070e-02, -2.45770849e-02,
       -1.20741844e-01,  5.18950932e-02, -4.45709117e-02, -1.30038271e-02,
       -2.46159695e-02,  7.72924675e-03, -2.49422099e-02, -8.36776420e-02,
       -6.23758174e-02,  3.56430747e-02,  1.24977957e-02, -8.72007534e-02,
       -8.83563235e-02,  1.54011482e-02, -1.52670562e-01, -7.99976438e-02,
       -4.47404087e-02, -1.12243541e-01,  3.43520232e-02,  1.37358916e-03,
       -1.50720462e-01, -5.87639548e-02, -6.13001129e-03,  4.76970226e-02,
        5.87853836e-03, -8.45538825e-02, -6.30448610e-02, -3.78323440e-03,
       -1.01283297e-01,  1.15302615e-02, -9.20389965e-02, -6.58812895e-02,
       -2.23183390e-02, -8.18094984e-03, -9.57291201e-02, -1.64816994e-02,
       -7.89916664e-02, -1.04783580e-01, -9.26282406e-02, -5.86903952e-02,
       -3.37970033e-02, -5.92523217e-02, -4.60020639e-03, -7.84396827e-02,
       -7.29309916e-02, -1.10381164e-01,  2.31871451e-03,  2.51451861e-02,
       -1.41341433e-01, -3.69057432e-02, -1.18372783e-01, -4.59390134e-02,
       -4.33567464e-02, -7.42189363e-02,  6.43124580e-02, -8.75034109e-02,
       -1.50504895e-02, -9.12986174e-02, -1.77576430e-02, -1.26462102e-01,
        1.20834345e-02, -1.13351978e-01, -1.47956997e-01, -1.20376281e-01,
       -3.56868692e-02, -8.40951800e-02,  3.82612161e-02, -1.32747009e-01,
       -7.33328760e-02,  4.22164015e-02, -2.37666480e-02, -1.29530817e-01,
       -6.94651231e-02, -9.03247446e-02,  3.30707319e-02, -5.35809249e-02,
       -7.35788373e-03, -9.02343541e-02, -8.64368826e-02, -1.06414305e-02,
       -1.97778512e-02, -4.62190546e-02, -1.31204635e-01, -8.09285119e-02,
       -8.76596570e-02, -1.18720919e-01,  4.75567169e-02, -5.77420443e-02,
        6.68384833e-03, -4.50939573e-02, -5.58726266e-02, -1.30414784e-01,
       -8.77955332e-02, -4.76819128e-02, -1.24067910e-01,  7.26475241e-03,
       -4.55047749e-02, -3.20809595e-02, -7.16111436e-02, -1.67419333e-02,
        4.55379561e-02, -4.00709873e-03,  3.79958078e-02,  9.60679203e-02,
       -2.73751318e-02,  5.87912090e-02,  4.98021320e-02, -9.78305861e-02,
       -1.54290259e-01, -9.20737311e-02, -1.73735421e-03, -5.38810203e-03,
       -1.47782490e-01, -8.88610259e-02, -2.88187177e-03, -1.30929053e-01,
       -5.91777228e-02, -1.58741046e-02, -1.09913751e-01, -4.53017019e-02,
        6.73981616e-03,  3.97170987e-03, -4.12331708e-02,  5.57267852e-02,
       -1.08701251e-02, -1.89272054e-02, -1.09852053e-01, -1.32601494e-02,
       -3.62357944e-02, -1.32002339e-01,  1.01416092e-02, -5.25643192e-02,
       -8.62289891e-02, -6.57605901e-02, -4.81097549e-02, -3.10238991e-02,
        4.07654531e-02, -5.65983681e-03, -1.30648330e-01,  1.86214093e-02,
        2.34074146e-02, -4.28866670e-02, -9.26950648e-02, -1.29190711e-02,
       -1.56883225e-02, -6.25508744e-03, -3.38797979e-02, -1.57270193e-01,
       -1.81340647e-03, -5.79969697e-02, -3.74644883e-02, -6.78682923e-02,
        2.73477621e-02, -1.37009770e-01, -8.59994143e-02, -1.20841734e-01,
       -1.56116784e-01, -7.30529204e-02, -3.11526395e-02,  1.93890519e-02,
       -3.45644318e-02, -1.26530841e-01, -1.15178667e-01,  5.44563532e-02,
        7.79971830e-04, -2.14854255e-02, -1.15901127e-01,  4.04393999e-03,
       -3.07104178e-02, -2.80782171e-02, -2.69757025e-02, -5.17068803e-02,
       -6.77697212e-02,  3.93769853e-02, -1.01719283e-01,  3.92379798e-02,
       -2.81650592e-02, -7.48543739e-02, -1.32832795e-01,  4.90838289e-02,
       -4.53969166e-02, -1.00089908e-01, -3.98639925e-02, -6.84019551e-02,
       -1.05142646e-01, -6.81009889e-02, -3.96868996e-02, -1.12926237e-01,
       -1.24002188e-01, -2.35345284e-03, -6.69799075e-02,  1.32355606e-02,
       -1.08434334e-01, -1.09353311e-01, -6.84965849e-02, -8.68884102e-02,
       -1.48756817e-01, -3.53614911e-02, -7.79545233e-02,  3.18945415e-04,
       -3.97394188e-02, -1.41997397e-01, -4.54500616e-02,  6.38200045e-02,
       -9.14334431e-02,  9.14727629e-04, -9.57980454e-02, -1.40961692e-01,
       -9.66597572e-02, -1.24707028e-01, -3.01670544e-02,  2.72642318e-02,
       -1.64837241e-02, -3.51888500e-02, -6.75696433e-02, -5.32463416e-02,
       -6.48006946e-02,  2.23748218e-02, -3.11080776e-02,  5.91768511e-03,
        1.70039218e-02, -5.12023978e-02, -9.86668840e-02,  2.74243206e-03,
       -2.78339274e-02, -4.37974818e-02, -9.13442224e-02, -1.65792946e-02,
       -7.51945842e-03, -9.63261500e-02,  3.60343121e-02, -3.87480855e-02,
       -9.31291133e-02, -6.17575794e-02, -1.01312906e-01, -4.26378325e-02,
       -6.37517571e-02, -2.42962334e-02, -6.46894500e-02,  2.86380667e-02,
       -1.26089558e-01,  3.07455435e-02,  1.54108284e-02, -9.07539017e-03,
       -1.73834562e-01, -8.96796361e-02,  2.76090614e-02, -1.06400207e-01,
       -9.05063003e-02, -1.27368942e-01, -8.67825001e-02, -1.14549801e-01,
       -1.00882277e-01, -3.42665315e-02, -1.19542889e-02, -1.83922686e-02,
        1.21890880e-04,  4.24384847e-02,  1.36356932e-04, -3.79416794e-02,
        3.96351218e-02, -1.21809468e-01, -2.40363404e-02, -5.05427159e-02,
       -7.05964118e-02, -9.10103545e-02, -1.28619596e-01,  4.28526755e-03,
       -6.80410564e-02, -6.96510971e-02, -4.36434262e-02, -3.37716229e-02,
        3.88042964e-02, -4.96250857e-03, -1.06163591e-01, -9.81129184e-02,
        8.09462916e-04, -1.11657344e-01, -1.09082364e-01, -9.46752131e-02,
       -1.44548072e-02,  4.41380888e-02, -1.21503040e-01, -1.26568303e-01,
       -1.44038379e-01, -2.32758876e-02, -6.24581687e-02, -7.54338056e-02,
       -1.42451876e-03,  1.31378561e-01, -4.55232486e-02,  1.71757638e-02],
      dtype=float32), 'encoder.fc.2.weight': array([[-0.1645544 ,  0.11652934, -0.35553306, ..., -0.06049867,
        -0.25815248,  0.34266594],
       [ 0.0915164 , -0.02892605,  0.01796383, ...,  0.06792338,
        -0.42915094,  0.1125477 ],
       [-0.26912075, -0.3061804 , -0.22138138, ..., -0.13087972,
        -0.14278437, -0.15428036],
       ...,
       [-0.14872612, -0.23637028, -0.10941505, ...,  0.05784829,
         0.1574228 , -0.00182677],
       [-0.14012387,  0.24588734, -0.02396695, ..., -0.23840326,
         0.09408804, -0.24838972],
       [-0.34216762,  0.35619688, -0.22835721, ...,  0.06214626,
        -0.18941866,  0.27465606]], dtype=float32), 'encoder.fc.2.bias': array([-0.39665312,  0.04996056, -0.05161469, ...,  0.33303022,
        0.16445547,  0.13424577], dtype=float32), 'encoder.fc.4.weight': array([[-0.02968233, -0.24100196, -0.03699215, ..., -0.14111806,
        -0.09507956, -0.21757114],
       [ 0.039069  , -0.09406999, -0.07642952, ...,  0.00706459,
         0.13041031,  0.03899061],
       [ 0.07907271, -0.14230944, -0.14846627, ..., -0.03464151,
         0.09396027, -0.1547619 ],
       ...,
       [-0.21792132,  0.04883847,  0.13621145, ..., -0.07739757,
        -0.05776838, -0.02501229],
       [-0.11819693,  0.03452132,  0.01093637, ...,  0.15549177,
         0.11242677,  0.01217709],
       [-0.24431342, -0.04156269,  0.00472584, ..., -0.1677625 ,
         0.09817301, -0.07372271]], dtype=float32), 'encoder.fc.4.bias': array([-1.84680775e-01, -8.16887617e-02, -2.74701715e-02, -1.84704319e-01,
       -1.47674933e-01, -2.19046146e-01,  1.68442912e-02, -8.34216624e-02,
       -1.48282066e-01, -4.39326316e-02,  6.91587925e-02,  5.70635051e-02,
       -1.76219732e-01, -1.87992364e-01,  3.02849766e-02,  1.48048643e-02,
       -2.03345433e-01, -1.60303041e-02, -8.78056884e-02,  1.19310595e-01,
       -1.61426425e-01, -1.69312328e-01, -1.74385995e-01, -8.26881155e-02,
        7.98632652e-02, -1.91540793e-02,  4.72398698e-02,  1.42966449e-01,
       -3.69380824e-02, -3.28260148e-03,  9.69243795e-02, -3.64235789e-02,
        7.45177865e-02, -7.05470443e-02, -1.07445031e-01, -1.53222814e-01,
        3.39017175e-02,  9.38268751e-02,  4.60317060e-02,  1.23535246e-01,
        9.88039449e-02,  1.08255103e-01,  1.22514546e-01,  1.54357897e-02,
        1.15421787e-01,  1.50511991e-02, -1.61246449e-01,  1.88506261e-01,
        5.86497486e-02, -1.53309420e-01,  1.70888677e-01, -1.25226229e-01,
        2.88393907e-02,  1.37277953e-02, -1.77661330e-01, -9.70378518e-02,
        1.00595184e-01,  1.73584923e-01, -1.24599710e-02,  1.63213670e-01,
        1.44987896e-01,  8.41793884e-03,  3.99976298e-02,  7.98047855e-02,
       -1.12812646e-01, -4.20885384e-02,  1.12720774e-02, -7.64165595e-02,
       -7.16545852e-04,  1.19426727e-01,  1.30086020e-01, -2.33651131e-01,
        1.03722382e-02,  1.44586414e-01, -8.86796564e-02,  4.34815884e-02,
       -1.65661141e-01, -1.67823932e-03, -1.45914569e-01,  1.06930606e-01,
        1.26744807e-01,  8.96070376e-02, -2.53947247e-02, -1.48203358e-01,
       -1.99256018e-01,  6.36407211e-02, -2.90882215e-02, -2.03668982e-01,
       -2.09896564e-01,  7.33545646e-02, -1.56136677e-01,  7.08649214e-03,
       -1.84838772e-01, -4.87665311e-02,  8.94203484e-02, -6.68506995e-02,
        7.31509700e-02, -2.36767367e-01,  1.69457376e-01, -1.17797911e-01,
        9.83778238e-02,  1.49682149e-01,  9.42069367e-02, -1.62364189e-02,
       -4.99169677e-02,  8.88864473e-02, -9.32852253e-02, -9.06035081e-02,
       -1.66297480e-01,  1.73979789e-01,  2.29400210e-02,  8.51991922e-02,
        5.23680039e-02, -1.70614555e-01,  3.48400101e-02, -1.15075156e-01,
        1.20143835e-02, -2.81807948e-02,  1.51797235e-01, -9.73537564e-03,
       -2.14893639e-01, -4.47732732e-02, -1.90532565e-01, -7.53486156e-02,
       -1.92917764e-01,  3.32827903e-02, -2.84172818e-02, -1.09590277e-01,
        1.24054372e-01,  5.67655563e-02, -7.89276212e-02,  2.02739656e-01,
       -1.00660577e-01, -2.00239241e-01,  1.44866630e-01,  3.50400968e-03,
        9.82753187e-02,  1.66030917e-02, -1.84797361e-01,  4.67623621e-02,
       -2.42395729e-01, -1.82622492e-01, -1.58283770e-01, -4.48004007e-02,
        4.20170128e-02,  6.36036247e-02,  1.33536279e-01,  1.72648385e-01,
        7.02841729e-02, -3.62724438e-02, -1.25818387e-01,  5.83162829e-02,
        1.38633713e-01,  2.99687255e-02, -2.09269510e-03, -1.57909751e-01,
       -7.04312772e-02,  1.41636044e-01,  2.68900190e-02, -2.65081506e-02,
       -1.28671592e-02, -2.03402326e-01,  1.26177981e-01, -7.34535903e-02,
       -6.61033839e-02, -1.40886188e-01,  1.46799684e-01, -2.37267911e-01,
       -9.16961282e-02,  9.24757868e-02,  1.54816076e-01,  2.11461317e-02,
       -2.22991183e-01,  1.20772220e-01,  1.20412700e-01, -1.05972113e-02,
        5.29012531e-02,  6.40935376e-02, -1.59384087e-01,  6.24429528e-03,
       -1.79754138e-01, -1.22468874e-01, -1.61334157e-01,  1.10869780e-01,
        1.22954793e-01,  1.04406208e-01, -1.00778319e-01,  1.41576126e-01,
       -1.50041118e-01,  1.04697719e-01, -9.75840315e-02, -1.07458934e-01,
       -2.19341181e-02,  1.52240647e-02, -1.30176842e-01,  5.21345921e-02,
        5.25677539e-02,  6.62596449e-02,  1.90482289e-02, -9.98833701e-02,
       -1.92342177e-01, -2.08363179e-02, -1.11272633e-01, -2.11307436e-01,
        1.13190815e-01,  1.52076423e-01, -1.58288687e-01, -6.71837851e-02,
       -7.87623227e-02,  9.11277346e-03,  1.38253048e-01,  1.08375110e-01,
        1.17202848e-01,  1.09180681e-01,  1.73251167e-01,  1.69824019e-01,
       -1.97036266e-01, -2.30086088e-01, -5.61778508e-02, -2.06441611e-01,
       -7.48701915e-02,  1.27560943e-01, -4.01141495e-02, -1.53481245e-01,
        1.51678011e-01,  1.04871891e-01,  1.47240505e-01, -3.00277825e-02,
       -1.87432915e-01,  1.94384460e-03, -9.95069146e-02,  1.09040096e-01,
        8.79262984e-02,  6.04713708e-02,  1.27977908e-01,  2.68606152e-02,
       -7.50591606e-02, -1.25101194e-01,  5.56701981e-02,  2.96859387e-02,
       -1.59290321e-02,  1.50527254e-01,  7.34869987e-02, -7.85292685e-02,
       -2.37151325e-01,  4.91444990e-02,  7.27914572e-02,  1.34372368e-01,
        5.92674986e-02,  8.91294628e-02, -3.85305062e-02,  5.08641228e-02,
       -2.05586895e-01,  1.56799540e-01,  2.81764660e-02, -1.88169837e-01,
       -1.24497205e-01,  1.15321269e-02, -2.29361787e-01, -1.66644350e-01,
        5.55529892e-02,  4.50646579e-02, -5.11172302e-02, -1.83730021e-01,
       -5.03888130e-02, -1.11881113e-02, -7.42020532e-02, -1.51532859e-01,
       -7.24347457e-02,  1.66514397e-01, -3.24563012e-02,  6.81146532e-02,
       -7.83656090e-02,  9.51008946e-02,  1.13738500e-01, -1.12947300e-01,
       -1.48354411e-01, -1.69574484e-01, -1.05375364e-01,  1.20553700e-02,
        1.05610020e-01, -3.02476641e-02, -1.97994396e-01, -1.90050393e-01,
       -2.19541207e-01, -2.03601688e-01, -9.78503153e-02, -2.09120840e-01,
       -8.70677307e-02, -7.69296363e-02,  1.05590619e-01, -2.86721252e-02,
       -1.06622279e-01,  4.24867205e-04, -1.55698314e-01,  9.09309741e-03,
        1.23294443e-01,  1.60479903e-01,  1.29378065e-01,  1.18120141e-01,
        2.19202805e-02, -1.32915169e-01, -9.15158540e-02, -1.75727735e-04,
       -1.47617459e-01, -2.10050195e-01, -5.98785430e-02, -1.21433981e-01,
       -2.33656749e-01,  2.49231532e-02,  8.75903070e-02,  1.61559768e-02,
        6.86599240e-02, -1.24769919e-01, -2.84866802e-02, -4.42546699e-03,
        1.27567083e-01, -1.42110854e-01, -2.43773550e-01,  1.26352847e-01,
        2.10368589e-01,  1.30250333e-02, -1.11274850e-02, -1.71266779e-01,
       -3.01667526e-02, -1.37084335e-01, -8.65824819e-02, -1.83204606e-01,
       -5.85310347e-02, -1.65118635e-01, -2.76247878e-02, -1.19042426e-01,
       -1.39900237e-01,  7.13020116e-02, -1.62925094e-01, -3.57958488e-02,
        6.04687706e-02, -1.59277618e-01, -1.71056703e-01,  1.35482356e-01,
       -1.47696920e-02,  2.76027545e-02, -2.34116077e-01,  2.52516214e-02,
        1.38913199e-01,  1.74107969e-01, -1.92526013e-01,  8.61604586e-02,
       -1.17913097e-01,  3.52359340e-02, -1.96651176e-01,  9.05919820e-02,
        1.22856162e-02, -2.28015661e-01, -1.57921344e-01,  6.93420768e-02,
        6.37398940e-03,  3.25780585e-02,  7.58252740e-02,  1.46258861e-01,
       -3.47750187e-02,  8.01247135e-02, -2.14833528e-01,  5.72886989e-02,
       -1.26077697e-01, -9.50174630e-02, -1.85757145e-01, -3.45363766e-02,
       -2.19183058e-01, -9.23481062e-02, -2.02009045e-02, -2.56485268e-02,
       -1.70002937e-01,  3.08215548e-03, -1.96586307e-02, -6.16589189e-02,
       -1.22668788e-01, -8.34443122e-02, -1.33255169e-01, -1.44684762e-01,
        1.86637074e-01,  1.37679368e-01, -1.13554923e-02, -4.12612706e-02,
        1.29045770e-01, -6.19827881e-02, -8.56880546e-02, -1.81980133e-01,
       -6.85326010e-02,  4.26342338e-03,  1.72764584e-02, -2.41536751e-01,
       -1.18413508e-01, -2.20039845e-01,  1.30358357e-02, -3.40903401e-02,
       -2.35251293e-01, -1.75458789e-01,  5.57047576e-02, -1.21632375e-01,
        9.81491357e-02, -1.54540777e-01,  1.14982557e-02, -1.27669096e-01,
        7.44430872e-04,  1.59768119e-01,  1.01310024e-02, -8.52869675e-02,
       -4.20389473e-02, -1.67487144e-01,  5.06367125e-02, -2.05689818e-02,
       -3.00219115e-02,  1.36041597e-01, -9.14538950e-02, -7.62124509e-02,
       -1.45569667e-01, -9.77420248e-03, -1.97550952e-01, -7.42036328e-02,
       -3.47660072e-02,  1.64183170e-01, -2.30036750e-01, -4.19270694e-02,
       -1.55491024e-01, -6.35714754e-02, -9.02058836e-03, -1.12332217e-01,
       -1.13270983e-01, -1.01875454e-01, -4.13012132e-02, -1.64877489e-01,
        9.35371816e-02, -3.54603343e-02,  1.43548548e-01, -6.01807274e-02,
       -2.13628203e-01,  1.47264630e-01, -3.96762863e-02, -1.54730156e-01,
       -1.61742285e-01, -6.74062520e-02,  1.56497005e-02, -6.48182333e-02,
        6.47552460e-02, -1.18565366e-01, -5.77480113e-03, -7.29170740e-02,
       -3.12485881e-02, -1.96256518e-01, -1.82604343e-01, -4.90078405e-02,
        6.72200024e-02, -3.34905535e-02,  1.60694420e-01, -2.37052858e-01,
       -2.11011857e-01,  5.17657818e-03,  2.55081970e-02, -7.69674778e-02,
       -1.67953730e-01, -2.35579312e-01, -1.85895681e-01,  7.12447166e-02,
        2.52429005e-02,  1.76485423e-02, -1.07956834e-01, -7.03198910e-02,
        1.92737192e-01, -1.81640238e-01, -2.10688293e-01, -1.39478654e-01,
       -1.19405992e-01,  7.80084357e-02,  1.50100797e-01, -1.29090950e-01,
       -3.62205431e-02, -1.76568568e-01,  1.64040148e-01, -1.25374600e-01,
       -4.85607237e-02, -3.33871543e-02,  1.40635937e-01, -6.71566352e-02,
        9.36160535e-02, -1.44916892e-01,  2.03859457e-03, -1.06899261e-01,
       -1.11344263e-01, -1.21444494e-01, -1.69940084e-01, -2.13505730e-01,
       -2.14966782e-03,  6.79018646e-02, -1.35636717e-01, -3.78647074e-02,
       -1.72759920e-01,  3.30235809e-02,  4.62916773e-03,  1.23176686e-01],
      dtype=float32), 'encoder.fc.6.weight': array([[-0.27165616, -0.20772089,  0.04247434, ..., -0.14117213,
        -0.10286732, -0.30358344],
       [ 0.32618684,  0.33090732,  0.3615055 , ...,  0.29561734,
        -0.3594137 ,  0.21529871],
       [-0.12369472, -0.18988265, -0.2264488 , ..., -0.00645525,
         0.24351302, -0.36141682],
       ...,
       [ 0.14345093, -0.35040447,  0.15887576, ..., -0.2720553 ,
         0.14657046,  0.32851866],
       [ 0.23733306, -0.15643159,  0.01871507, ...,  0.01844222,
        -0.01019597,  0.32535806],
       [-0.22679248,  0.19817427,  0.24338251, ...,  0.14107604,
        -0.22620839,  0.2652642 ]], dtype=float32), 'encoder.fc.6.bias': array([ 0.19993035, -0.05995861, -0.22522007,  0.04932034, -0.15959443,
       -0.28890258,  0.2126966 ,  0.2530122 ,  0.0963653 , -0.27133963],
      dtype=float32), 'decoder.fc.0.weight': array([[-0.89542955,  2.1383023 ,  2.1563501 , ...,  0.8452249 ,
        -0.28196153,  0.6477354 ],
       [-1.5697993 ,  1.3446338 , -0.721592  , ..., -1.8042682 ,
        -0.7190028 , -2.650405  ],
       [-2.2879992 , -0.9118986 ,  0.17424375, ..., -1.2853743 ,
        -0.8873808 , -2.0967593 ],
       ...,
       [-2.8979564 ,  0.13385136, -1.0003164 , ...,  2.163734  ,
         0.50306064, -0.03016366],
       [ 1.6044868 , -1.6008754 ,  1.8201218 , ...,  0.5708988 ,
        -2.5784888 , -1.3003234 ],
       [ 1.1320212 ,  0.5261464 , -2.6159427 , ...,  1.5721985 ,
        -2.0439115 , -1.0838494 ]], dtype=float32), 'decoder.fc.0.bias': array([-8.8878918e-01, -4.6767563e-01,  7.5137776e-01, -2.1458557e+00,
        8.4370685e-01,  2.3384659e+00,  2.5301497e+00,  5.0760800e-01,
       -2.3095610e+00,  7.9482025e-01, -2.0204782e-01, -2.3341820e+00,
       -6.3213688e-01,  6.7168158e-01, -1.8065010e-01,  3.1436774e-01,
       -6.6496980e-01,  4.0694144e-02,  1.7134697e+00, -6.2259686e-01,
       -1.2996535e+00,  1.0009392e+00,  2.7012277e-01, -1.1733416e+00,
        1.8875389e+00,  1.7134161e+00,  1.4017483e+00,  1.6482805e+00,
       -1.0482620e+00,  8.5259080e-01,  1.9973663e+00, -5.8715111e-01,
        2.0143547e+00, -2.4097083e+00,  1.8634008e+00, -9.7265273e-01,
        7.1449232e-01,  2.7280021e+00, -1.7190300e+00, -2.5504282e+00,
       -1.9574572e+00,  8.4196877e-01, -2.3205919e+00,  7.0519024e-01,
        2.8637066e+00, -9.2537917e-02, -6.6628867e-01,  1.9416970e+00,
        2.2159116e+00,  1.6109022e-01, -2.4530334e+00, -2.3208497e+00,
       -7.9673171e-01,  1.2461796e+00, -1.0055780e+00, -2.6029280e-01,
        2.3631191e+00,  2.7359014e+00, -1.8667665e+00, -9.4379526e-01,
       -1.3370546e+00,  2.5126296e-01, -7.2368145e-01,  1.4697407e+00,
        2.8452992e+00,  2.0093508e+00,  7.0721972e-01, -6.5778935e-01,
       -2.1434064e+00, -1.9884146e+00,  1.7360065e+00,  1.6458032e+00,
       -7.9055113e-01,  3.7345582e-01, -2.2830467e+00,  2.5734930e+00,
        1.6019915e+00,  2.6688120e+00,  1.8979410e-02, -9.6265215e-01,
        2.1918236e-01, -2.6380734e+00,  1.0016263e+00,  1.6810653e+00,
        2.0435941e+00, -1.3387948e+00,  2.6124842e+00, -1.4742098e+00,
        2.2217970e+00, -1.2625755e+00, -3.4406126e-01, -2.6837254e+00,
       -1.2571378e-01, -1.4242160e+00, -4.8431754e-01, -2.2166289e-02,
       -1.4029369e-01, -1.4511247e+00, -1.5344702e+00,  2.7630279e+00,
        2.0847013e+00, -2.1052585e+00, -1.5993046e+00, -2.6962016e+00,
        1.3280824e+00, -1.8542011e+00, -4.9784653e-02,  1.7485283e-01,
       -6.8143678e-01, -2.0933144e+00,  5.4918128e-01,  3.4920555e-01,
       -6.0270733e-01,  6.4719391e-01, -8.6472815e-01,  5.8668905e-01,
        3.0211094e-01,  1.7068753e+00,  1.0117177e+00,  1.2280205e+00,
        2.1735840e+00, -6.1332542e-01,  1.6468667e+00,  1.5836442e+00,
       -1.0089149e+00,  4.6084523e-01, -1.6198604e-01,  1.9650408e+00,
        2.3899752e-01, -5.6928325e-01, -1.0232514e+00, -2.3024895e+00,
       -4.3573713e-01,  1.4739754e+00, -2.6741338e+00, -2.4037223e+00,
       -1.2368703e+00, -1.1713431e+00, -2.7439041e+00, -1.2814072e+00,
       -5.2499396e-01,  9.4493616e-01, -1.1213974e+00,  1.6237828e-01,
        1.8025266e+00,  2.2503381e+00, -1.6803939e+00,  1.9336147e+00,
        2.5296006e+00, -7.2124070e-01, -2.0229797e+00,  2.4281621e+00,
        1.4612614e-01, -1.0062649e+00,  2.5283856e+00,  2.3552060e+00,
        2.6942260e+00, -2.0715494e+00,  1.4877651e+00, -2.3527858e+00,
        8.4511518e-01, -9.9361819e-01,  1.6796800e+00, -4.4300044e-01,
        1.6278428e+00, -9.2028624e-01,  1.6063173e+00,  9.8773503e-01,
        2.8102922e+00, -7.2805303e-01, -2.5082018e+00, -2.7226090e+00,
       -5.0497514e-01,  2.3171580e+00,  2.8853464e+00,  1.9158547e+00,
       -1.5322407e+00,  1.1839671e+00, -1.4250969e+00, -2.3280022e+00,
       -5.9289223e-01, -1.0159799e+00,  2.6204178e+00,  6.7154288e-01,
       -2.1388578e+00,  1.0850976e+00,  2.1078551e-02,  1.9378862e+00,
        2.0216069e+00,  6.4343196e-01, -2.0778801e+00,  4.2239693e-01,
        2.3341231e+00, -2.7922072e+00, -1.6636925e+00,  1.5699651e+00,
        1.3404253e+00,  4.9963135e-01,  8.4436554e-01,  2.1790740e+00,
        2.7187726e+00, -8.6690980e-01,  1.8999165e-01,  2.3392971e+00,
       -1.9496956e+00,  2.0897286e+00,  1.1633546e+00,  3.9534703e-01,
       -7.0716769e-01, -1.9337742e-01,  1.5283027e+00,  1.2860930e+00,
        6.7935967e-01, -1.5020486e+00, -7.0571758e-02, -2.5829732e+00,
       -1.8851497e+00,  9.6386254e-01,  2.9696053e-01,  2.0874662e+00,
        9.3024522e-01, -2.4196448e+00,  5.0165886e-01,  6.2513685e-01,
        9.3229544e-01, -1.9870020e+00,  2.8689456e+00, -1.4275575e+00,
        8.3664858e-01,  1.7499849e+00, -2.1736367e-02,  4.3369380e-01,
        9.2518747e-02,  1.3754508e+00,  2.0305526e+00,  5.3311253e-01,
        3.3278877e-01,  1.8192787e+00,  3.5219887e-01,  2.7540737e-01,
       -1.1792667e+00,  1.2896096e+00,  1.1131636e+00,  1.5655086e+00,
        1.8649030e+00,  1.4988304e+00, -1.3570032e+00,  7.9695511e-01,
        2.2338779e+00,  2.2613702e+00, -1.7034706e+00, -1.3942933e+00,
       -4.7108397e-02,  1.0300375e+00, -6.6048443e-02,  1.6106213e+00,
        1.2156476e+00, -2.5959637e+00, -3.8291942e-02,  1.8104154e+00,
       -2.3187263e-01, -1.5289757e+00, -2.7362015e+00, -1.5825353e+00,
        4.8656183e-01, -1.7926670e+00,  1.8632920e+00, -2.3115611e+00,
        9.8264956e-01,  2.6089954e-01, -1.9086491e-02,  1.8391496e+00,
       -3.2731915e-01, -2.4740076e+00,  7.6431680e-01, -2.4118452e+00,
       -2.4453910e-01,  2.6922777e+00, -1.4891809e+00,  1.0560818e+00,
       -2.3752646e+00, -1.8015311e+00,  1.6987038e-01,  9.4132131e-01,
       -1.8192826e-01, -2.1164390e-01, -1.1354988e+00, -2.0121291e+00,
        1.1644291e+00, -2.0924115e+00,  1.0646784e-01,  2.5889595e+00,
        1.7868711e+00,  2.2045987e+00, -1.7453549e+00,  1.4800915e+00,
       -1.1867547e+00, -1.8000203e+00,  1.6621687e+00,  2.5636246e+00,
        6.2703180e-01,  5.1136404e-01,  4.1571975e-01, -1.6460906e+00,
        2.4479153e+00, -6.3479245e-01,  2.5884235e-01,  1.9958802e+00,
       -1.3685023e-03,  5.9313232e-01,  4.4031608e-01, -1.1955597e+00,
        2.6989784e+00, -1.1154889e+00, -5.7124424e-01,  2.1987431e+00,
        1.4299157e+00, -1.3376254e+00,  1.3378941e+00, -1.7499051e+00,
        2.5528016e+00, -2.3467941e+00,  1.4936975e+00,  7.5282675e-01,
       -2.1816347e+00,  1.2373039e+00, -1.0548186e+00, -2.7681565e-01,
       -2.8375535e+00,  6.7186040e-01,  1.0191491e+00,  2.1633303e+00,
       -1.4163438e+00, -2.8402877e-01,  1.4029602e+00,  3.2738465e-01,
        2.1575265e+00, -2.2874928e+00,  2.5100987e+00,  2.5811751e+00,
        1.8835715e+00, -8.8676655e-01,  1.6094338e+00, -2.6941833e+00,
        1.8994762e+00,  4.5351350e-01, -4.7380698e-01,  7.7163422e-01,
       -6.7590898e-01, -1.0953493e+00, -9.8977906e-01, -8.0490446e-01,
        1.5264232e+00, -4.3405473e-01, -2.5943716e+00,  6.8615139e-01,
       -6.8108542e-03, -1.1212670e+00,  2.2384408e+00, -1.5236063e+00,
        1.5579580e+00, -1.9356281e+00, -1.3957026e+00,  1.9811811e+00,
       -8.0022639e-01,  2.2034209e+00, -1.3593975e+00, -1.6643547e+00,
        2.5535572e+00,  8.6001754e-01, -2.2949626e+00, -1.8073972e+00,
       -1.3441871e-01, -1.6347198e-01,  2.3498518e+00, -2.7776661e+00,
       -5.4526478e-01,  4.4646508e-01,  9.4902450e-01, -5.5491036e-01,
        2.4252955e-02, -2.0769837e+00,  2.0407271e+00,  1.0300256e+00,
        1.3969648e+00,  1.9744705e+00,  3.1443071e-02,  5.9700441e-01,
       -2.4446135e+00, -2.2582307e-01,  2.3907064e-01,  2.4042807e+00,
       -1.4007639e+00, -1.2342110e+00,  1.9717997e+00,  1.8418961e+00,
        2.1743510e+00, -1.5285254e+00, -2.7771590e+00,  2.4273846e+00,
       -2.8500738e+00, -7.5617337e-01,  1.2252553e+00,  3.6973631e-01,
       -1.1562560e+00, -2.4493592e+00, -2.4880846e+00, -1.9984306e+00,
       -1.7700411e-01,  1.6013213e+00, -2.6713357e+00, -2.5119605e+00,
       -2.2274014e-02,  2.4517769e-01, -8.4597701e-01, -1.2192980e+00,
        2.2925489e+00,  2.1552811e+00,  1.6412102e+00,  2.5357640e+00,
       -3.8939926e-01, -8.4497994e-01,  5.9067285e-01,  2.1970296e+00,
        3.9509408e-02,  1.1055874e+00, -1.7683129e+00,  8.3948040e-01,
       -1.7858429e+00, -8.6292721e-02,  2.7489583e+00, -1.3819703e+00,
        1.0616350e+00, -1.1814522e+00, -1.7893579e+00,  2.2044206e+00,
       -1.2675232e+00, -1.8543538e+00, -1.4369053e+00,  1.8858633e+00,
       -5.3940189e-01, -2.6682777e+00, -4.2133790e-01,  1.4157348e+00,
       -2.4169188e+00, -3.3361447e-01, -2.0267727e+00,  2.4461918e+00,
       -2.1540601e+00, -2.1561830e+00, -2.2897189e+00, -1.9451541e+00,
       -2.2272675e+00,  1.7740139e+00, -2.5162768e-01, -2.8235018e-01,
        2.1916573e+00, -1.1650366e+00, -2.0383005e+00,  9.1401160e-01,
       -1.2677612e+00, -7.0173645e-01, -2.2680371e+00, -2.2069638e+00,
        2.5523593e+00,  3.8268247e-01,  9.4752401e-01,  2.1458051e+00,
        1.3011221e+00, -2.5058007e+00,  2.2572939e+00, -2.6217713e+00,
       -1.5757093e+00,  2.3895416e+00, -1.0420097e+00, -6.1148357e-01,
       -7.3052996e-01,  1.8990588e+00,  2.8843281e+00,  1.1815207e+00,
       -1.2063088e+00,  2.6558051e+00,  1.3137405e+00, -2.5306337e+00,
       -4.0574917e-01, -8.6103618e-01, -1.4452580e+00, -2.6956460e+00,
       -1.9204924e-01,  2.8367863e+00, -2.4221234e+00, -2.0561635e+00,
       -1.3635863e+00,  2.1711152e+00, -2.1206753e+00, -6.1495310e-01,
       -1.9788814e+00,  2.5004127e+00,  2.6220858e+00,  1.1690849e-01],
      dtype=float32), 'decoder.fc.2.weight': array([[-0.31314117,  0.17589062, -0.45685586, ...,  0.35214737,
        -0.3861955 ,  0.31602517],
       [ 0.29693183, -0.03283378, -0.16910356, ..., -0.07541363,
         0.31780094,  0.1759849 ],
       [ 0.24674594, -0.4455364 , -0.00504906, ...,  0.36166376,
         0.23592672,  0.06431632],
       ...,
       [ 0.25277615, -0.32167885, -0.22692357, ...,  0.30234295,
        -0.4229468 ,  0.05053389],
       [ 0.15569395, -0.08232983, -0.26493883, ..., -0.22027615,
         0.30417314,  0.15676704],
       [-0.0794825 ,  0.08536264,  0.01251666, ..., -0.11359607,
        -0.05061291, -0.06592185]], dtype=float32), 'decoder.fc.2.bias': array([ 0.22159985,  0.36779734,  0.18851507, ..., -0.20922041,
       -0.31359488, -0.3112756 ], dtype=float32), 'decoder.fc.4.weight': array([[-0.1816961 ,  0.16620685,  0.02530215, ..., -0.08246359,
         0.10822946, -0.04147647],
       [-0.14047816, -0.11791243, -0.03456389, ..., -0.10102747,
        -0.15132082, -0.13350071],
       [ 0.01765549,  0.05039608, -0.13511461, ..., -0.05807069,
         0.07274839, -0.16172463],
       ...,
       [-0.07906616, -0.04055111,  0.17620583, ..., -0.0135625 ,
        -0.08317307, -0.20070411],
       [ 0.08384515,  0.12072349,  0.23782627, ..., -0.009012  ,
        -0.12546219,  0.08292521],
       [-0.1556741 , -0.0123389 ,  0.14852445, ...,  0.01104273,
         0.16502924, -0.08194316]], dtype=float32), 'decoder.fc.4.bias': array([-0.07102203, -0.18312156, -0.25156584, -0.12945   ,  0.07733312,
        0.10886748, -0.09178737,  0.00628252,  0.02695502,  0.12047939,
       -0.07897965,  0.01875283,  0.06459076, -0.10877078,  0.11964817,
       -0.06115022, -0.15078829, -0.16127737, -0.00498022,  0.10512652,
        0.09616265, -0.06918937,  0.05270301,  0.00429748, -0.00308817,
       -0.04765346,  0.03596918, -0.12712856,  0.11201862, -0.16228642,
       -0.17994621,  0.17333484,  0.11498752, -0.13795261,  0.09768268,
        0.1197397 , -0.19476953,  0.09518626,  0.03307976, -0.09540607,
       -0.0160325 , -0.24270657, -0.21654342, -0.1404899 ,  0.17257269,
       -0.03146891, -0.17188227,  0.07893243, -0.09094897, -0.14203404,
       -0.20696658,  0.03624883,  0.03218354, -0.2376486 , -0.18762411,
        0.06797969,  0.12968239, -0.20230243, -0.18539976,  0.01682759,
       -0.06417637,  0.02375077,  0.08663227,  0.1638605 , -0.0585485 ,
        0.03695095,  0.04369944, -0.13680847,  0.0506993 , -0.23118013,
       -0.18453509, -0.03522485,  0.00479334,  0.10928941, -0.03968033,
       -0.11583354,  0.19431621,  0.1410661 , -0.14429286, -0.05269432,
        0.20065391, -0.17671932, -0.22843865,  0.06275026,  0.18819079,
       -0.20343423, -0.12933625, -0.1307031 , -0.22208431, -0.13463634,
       -0.20725471,  0.05510976,  0.17951186,  0.15510233, -0.22836198,
       -0.18259156, -0.08526856,  0.04772957,  0.00690742, -0.16758808,
        0.18374908, -0.07101741,  0.18004312, -0.19476582,  0.06033777,
        0.18726696, -0.02944808,  0.15037733, -0.06629188,  0.19100066,
        0.02216613, -0.05366135,  0.09228683,  0.04725008, -0.01162018,
        0.14535046,  0.03554502, -0.13023773, -0.00708265,  0.16548473,
       -0.113592  ,  0.06653571, -0.07378715,  0.04205836, -0.01960479,
        0.00101305, -0.3046564 ,  0.13336036, -0.13231824,  0.17025599,
        0.09539492,  0.06348902, -0.06779631, -0.02989793, -0.10251373,
       -0.13872534, -0.17853247, -0.06687287,  0.08552624,  0.17139605,
       -0.066878  ,  0.11022592,  0.06806676,  0.05905783,  0.08664452,
       -0.14974277, -0.14333098,  0.03864748, -0.11779236,  0.15470588,
       -0.05674965,  0.02820825,  0.1114306 ,  0.03792695, -0.01907369,
       -0.08277611, -0.17445469, -0.12294172,  0.07820832, -0.03591643,
       -0.05297885, -0.11550779, -0.1886246 , -0.16567038, -0.03889858,
        0.12120428,  0.05100415, -0.14502619, -0.03617524, -0.16620564,
       -0.05440705, -0.20336032, -0.11180478, -0.07491773, -0.18881677,
        0.05207688, -0.20290193, -0.1644688 ,  0.18469816,  0.15972486,
       -0.00611572, -0.18368694,  0.03552596, -0.20110787, -0.20119625,
        0.11031844, -0.04307764,  0.02441353,  0.08567502,  0.11691195,
       -0.17038609,  0.09336764,  0.12326162, -0.18688573, -0.26773152,
        0.03852357,  0.14061756, -0.01564247,  0.16928676, -0.09164992,
        0.030013  , -0.18187034, -0.19157414, -0.0312468 ,  0.19254886,
       -0.09787485,  0.11710922, -0.15538093,  0.13241337, -0.11164028,
       -0.1256092 ,  0.07042688,  0.00479712,  0.16473114,  0.16266742,
        0.08784722,  0.10193392, -0.06687194,  0.06029842, -0.0056396 ,
       -0.13639276,  0.14836979, -0.06637286,  0.11644959, -0.1909841 ,
       -0.02778809, -0.01343224, -0.18938266,  0.20785859,  0.0748623 ,
       -0.03060384, -0.12503585, -0.22856903, -0.17886132, -0.1771218 ,
       -0.01324842, -0.06605244, -0.10784501, -0.01369839,  0.13410786,
        0.09556256,  0.0137455 ,  0.12669797, -0.05019631, -0.25076208,
        0.11988191, -0.0473734 , -0.11849067,  0.00497872,  0.04687678,
       -0.03907469,  0.16404366,  0.04215927,  0.07346147,  0.20809436,
       -0.01291379, -0.19990721, -0.14209236,  0.08829225, -0.16371848,
       -0.1433178 ,  0.05624336,  0.08778268, -0.00651088, -0.19146909,
       -0.03586479, -0.21867536, -0.03526229, -0.10505657, -0.16438994,
       -0.14835463,  0.05264368, -0.07998246,  0.1364234 ,  0.07325201,
        0.11882804, -0.08796358,  0.10092151, -0.14253452, -0.16619729,
       -0.0487221 ,  0.05229937, -0.1600306 , -0.21124905,  0.10768536,
        0.04780794, -0.08457226,  0.03825467, -0.17105485, -0.1552541 ,
       -0.09977943,  0.00882482,  0.12284668,  0.05731885, -0.11496778,
       -0.06334692, -0.0417488 ,  0.0817526 ,  0.19063105,  0.1465206 ,
        0.05526595, -0.11970745,  0.16100334,  0.1015157 ,  0.19828065,
        0.14535974, -0.16778414,  0.13105717, -0.10483788,  0.07053903,
       -0.19034263,  0.13945341,  0.01246791,  0.10050587,  0.19118866,
       -0.10664648, -0.19256423,  0.00754244,  0.16464281,  0.11267851,
       -0.10261828,  0.06656848, -0.02297534, -0.19864923, -0.13100615,
        0.05760629,  0.00786347, -0.12011521, -0.11505897,  0.0647164 ,
       -0.10600413,  0.05311089, -0.16286339,  0.15182373,  0.02508505,
       -0.12859675, -0.20430753,  0.04913052, -0.22082326, -0.2241427 ,
       -0.04691213, -0.05720399,  0.10042272, -0.06461219, -0.01245638,
        0.0832704 ,  0.15745693, -0.05006303, -0.20642297,  0.18953422,
       -0.15176255, -0.22897206, -0.2037347 , -0.2276846 , -0.21469758,
        0.0095256 , -0.08497464, -0.07794906, -0.1415095 , -0.04267133,
        0.16127737,  0.08507965,  0.12365768, -0.07796737, -0.05433125,
        0.15676588, -0.24091363, -0.19822866,  0.06457632, -0.07275188,
        0.07223701,  0.14442635, -0.01453739, -0.16292313, -0.2069133 ,
       -0.00864649,  0.18997799, -0.1361645 , -0.14142376, -0.18242186,
       -0.05803505, -0.14819944, -0.01702257, -0.02943221,  0.09000677,
       -0.20862918, -0.02063053, -0.17835721,  0.18606755,  0.00614902,
       -0.19818704,  0.14217904, -0.09379309,  0.13259614,  0.09590998,
       -0.21225654,  0.06178105,  0.09539414,  0.16355938, -0.00800543,
       -0.0187616 , -0.06027408,  0.19159482,  0.17982371, -0.15319712,
        0.09666199,  0.15951103, -0.05547151,  0.0415196 , -0.22263396,
        0.1612226 , -0.2010258 ,  0.1510774 ,  0.05655676,  0.10415225,
       -0.00249787, -0.1430435 , -0.20344628, -0.05184663, -0.03714522,
       -0.10687219, -0.11202417,  0.0220132 ,  0.0347038 , -0.10077249,
        0.06479265,  0.00834986,  0.11713412,  0.16720292,  0.02094086,
       -0.1298692 ,  0.06611171,  0.0450448 , -0.09456012,  0.1864893 ,
       -0.07686812, -0.19884095,  0.19510475, -0.09653228,  0.0060577 ,
       -0.04368009, -0.13035385, -0.19173211,  0.21678934, -0.05109822,
       -0.09365325, -0.22737877,  0.04254566,  0.13221675,  0.15632264,
        0.00033222,  0.18281914,  0.11041926, -0.1426902 , -0.1992585 ,
       -0.20224367,  0.00306635, -0.00751822, -0.13656877,  0.03599872,
        0.03701983,  0.04853198, -0.20221536, -0.17620225, -0.04021376,
       -0.16135855, -0.05327412, -0.02469537,  0.0269978 ,  0.15347654,
        0.16459954, -0.1829189 ,  0.16880205, -0.08632723,  0.17105515,
       -0.05621441,  0.06394644, -0.06611165, -0.07287885, -0.03447678,
       -0.11346876, -0.1079083 , -0.06881374, -0.19293222,  0.1924945 ,
       -0.1258904 , -0.14270844, -0.13665856, -0.07222613, -0.22316785,
        0.01097802, -0.07377524, -0.15634423,  0.08705314,  0.12025569,
       -0.18443838, -0.1803012 , -0.06385427, -0.00720738, -0.19574411],
      dtype=float32), 'decoder.fc.6.weight': array([[ 0.12381024, -0.13381648,  0.11713281, ..., -0.35921222,
         0.2996533 , -0.12109503],
       [-0.01101139, -0.06071801,  0.1094256 , ..., -0.2769348 ,
         0.40537027, -0.34792668],
       [ 0.33264923, -0.38189295,  0.07370369, ...,  0.2648737 ,
        -0.06994903,  0.30686155],
       ...,
       [ 0.28739974, -0.21339042,  0.28850424, ...,  0.23601294,
        -0.3456732 ,  0.11498331],
       [-0.27583736,  0.23685732, -0.36252698, ..., -0.22150832,
         0.14076436,  0.491058  ],
       [-0.18790282, -0.07702878, -0.13875051, ..., -0.16712697,
        -0.37897626,  0.25187433]], dtype=float32), 'decoder.fc.6.bias': array([ 0.02650671, -0.00122233,  0.3565754 , ...,  0.35046178,
        0.19159694,  0.37659964], dtype=float32)}
[Time: 27.01.25 20:33:25] [Level: info] [State: aggregate] {'encoder.fc.0.weight': array([[-3.9892858e-01, -7.1390579e-04,  6.9301851e-02, ...,
        -1.8274674e-01,  2.9685211e-01, -1.6010466e-01],
       [ 1.9830342e-01,  1.5850815e-01,  5.2573361e-02, ...,
         7.7615052e-02, -2.2614193e-01, -1.9102845e-01],
       [-1.6959707e-01, -1.4675635e-01, -8.7274387e-02, ...,
         1.4718992e-01, -5.8675674e-03, -5.3811491e-02],
       ...,
       [-1.2982169e-01, -3.4593856e-01, -1.4388725e-01, ...,
        -1.9335513e-01,  3.3673987e-01, -2.3037016e-01],
       [ 2.1897025e-02,  3.2242846e-01,  7.9917066e-02, ...,
         2.0204656e-01, -1.0447996e-04, -1.7774549e-01],
       [ 9.7882941e-02, -5.6269079e-02, -3.3594343e-01, ...,
        -3.0757409e-02,  1.5965879e-01, -2.9960440e-02]], dtype=float32), 'encoder.fc.0.bias': array([-1.25185281e-01, -4.21989143e-01, -1.31620303e-01, -1.75544471e-01,
        1.45946130e-01,  9.88221094e-02, -1.17962278e-01,  3.76988500e-02,
       -3.44219320e-02, -5.85145801e-02, -1.31598800e-01,  1.25595391e-01,
       -1.43568695e-01, -2.34948635e-01, -1.82230428e-01, -4.83076982e-02,
       -4.01826411e-01, -2.41181225e-01,  7.73675218e-02, -5.33922836e-02,
        8.56879652e-02,  4.17031124e-02, -3.67539316e-01, -1.47727579e-01,
       -3.92114818e-01, -9.84736532e-02, -1.75660580e-01, -2.39426017e-01,
       -2.39898026e-01,  1.00605730e-02, -1.41452745e-01, -2.96475291e-01,
       -8.77525210e-02, -3.61113578e-01, -1.72358332e-03,  1.04319215e-01,
        1.81210209e-02,  5.59295341e-02, -1.12731650e-01, -9.10205394e-02,
       -2.85871387e-01, -2.06079543e-01,  9.37584341e-02, -4.09297720e-02,
       -4.30976778e-01,  3.60260531e-02, -3.04845795e-02, -1.30012453e-01,
        1.71645418e-01, -1.67336807e-01,  2.57852785e-02, -8.73418152e-02,
       -2.63060868e-01, -2.18645364e-01, -1.00693136e-01, -2.32004970e-01,
       -8.72789547e-02, -1.63476229e-01, -1.96909249e-01, -4.60851669e-01,
        4.06671688e-02, -2.38322884e-01, -2.10466068e-02, -3.08938116e-01,
       -1.61020935e-01, -3.02850723e-01,  1.54190846e-02, -3.28573823e-01,
       -2.63154954e-01,  2.03502066e-02, -9.82221738e-02, -4.50025722e-02,
       -3.73288989e-01,  4.65826727e-02, -1.97045416e-01, -1.68895096e-01,
        6.82563484e-02, -2.85237819e-01, -3.84271085e-01, -2.02048957e-01,
       -3.41762543e-01, -3.53735179e-01, -3.08003217e-01, -1.49753064e-01,
       -1.22426495e-01, -3.47314954e-01, -8.04325491e-02,  1.25432432e-01,
       -8.78485739e-02,  1.57665774e-01, -3.52924526e-01,  1.47285119e-01,
       -3.22688162e-01, -2.28594318e-01, -9.94822755e-02, -1.27025396e-01,
       -3.75167787e-01, -2.42000625e-01,  1.43565200e-02,  3.03161770e-01,
        2.31831297e-02, -2.18375802e-01, -1.05830327e-01, -4.00339186e-01,
        1.51321366e-01, -2.20748514e-01, -1.86450899e-01, -2.24426061e-01,
        1.87201202e-01, -1.22991569e-01, -7.10498840e-02, -2.41455734e-01,
       -4.22208428e-01, -2.44430661e-01, -4.62421626e-02,  1.41901806e-01,
        3.28158855e-01, -2.56296337e-01, -8.08541924e-02, -5.01515791e-02,
       -3.30586225e-01,  9.84496772e-02, -2.87517011e-01, -4.58493620e-01,
        1.19635254e-01, -3.39132547e-01, -3.51040661e-01, -2.35929005e-02,
        4.35946789e-03, -1.55552641e-01, -3.66372727e-02, -2.36277938e-01,
       -1.72894657e-01, -5.18628418e-01, -4.12988544e-01,  1.88520521e-01,
       -1.71885669e-01, -4.12746072e-01, -3.41674685e-01,  4.56749797e-02,
       -1.35626987e-01, -1.28876075e-01, -2.77938306e-01,  1.59535669e-02,
        9.44028348e-02, -1.97356567e-01, -3.08759034e-01, -3.42394322e-01,
       -2.58268654e-01, -4.64296401e-01, -5.63059840e-03, -1.32554948e-01,
        1.99669003e-01, -1.44842029e-01, -1.20986208e-01, -1.01796180e-01,
       -1.81469306e-01, -3.62410694e-01, -7.20939711e-02, -1.53490141e-01,
        4.45369221e-02,  2.59450022e-02,  9.00543779e-02, -8.52068141e-02,
       -1.65224463e-01, -4.15113837e-01, -3.34072173e-01, -2.68619418e-01,
       -4.06627059e-01, -3.75384510e-01, -2.07763061e-01, -3.79239246e-02,
        2.49348488e-02, -1.32392019e-01, -2.90231347e-01, -2.37648427e-01,
        2.50478610e-02, -1.36601418e-01, -2.15932339e-01, -1.33615792e-01,
       -4.03416932e-01,  8.10828991e-03,  2.68163681e-01, -1.84231363e-02,
       -2.04633512e-02, -6.94422098e-03, -6.28533866e-03,  2.70058848e-02,
        9.64858085e-02, -2.88832217e-01,  3.28753470e-03, -1.05462410e-02,
        1.27062187e-01,  1.10227972e-01,  3.58399972e-02, -3.26950669e-01,
       -1.01146743e-01,  1.07833594e-01, -1.88640505e-01, -5.70673682e-02,
        3.53403613e-02, -4.80214119e-01, -2.24183723e-01,  8.61196499e-03,
        5.05497456e-02, -4.45776105e-01, -3.01936328e-01, -8.97440314e-02,
       -3.42233807e-01,  1.35257691e-01, -1.27876014e-01, -1.86905973e-02,
       -9.41037536e-02,  4.23530564e-02, -5.43360338e-02, -2.63147712e-01,
       -1.98876053e-01,  1.27975032e-01,  5.78248650e-02, -2.61939049e-01,
       -2.86540687e-01,  5.51680997e-02, -4.38685447e-01, -2.59911448e-01,
       -1.36390865e-01, -3.17053288e-01,  1.24239326e-01,  6.44205895e-04,
       -4.71407950e-01, -1.75992161e-01, -3.72611731e-02,  1.23649970e-01,
        1.91219859e-02, -2.53380358e-01, -2.09695384e-01,  8.56763031e-03,
       -2.83773333e-01,  1.37591120e-02, -2.96679556e-01, -2.17900306e-01,
       -4.72869948e-02, -4.39993702e-02, -2.86535263e-01, -2.93184109e-02,
       -2.57359862e-01, -3.34045053e-01, -2.99555779e-01, -1.96278304e-01,
       -8.39559361e-02, -1.97024509e-01, -3.42113376e-02, -2.29679942e-01,
       -2.35680312e-01, -3.16289574e-01, -1.29002435e-02,  6.05680719e-02,
       -4.44380462e-01, -9.03321803e-02, -3.40755045e-01, -1.57778174e-01,
       -1.50352865e-01, -2.02298641e-01,  2.02662021e-01, -2.42394269e-01,
       -4.54313271e-02, -2.80259073e-01, -7.34197646e-02, -3.99360389e-01,
        5.63775450e-02, -3.60399783e-01, -4.64378625e-01, -3.56397122e-01,
       -8.62924010e-02, -2.52234250e-01,  1.27544016e-01, -3.78898025e-01,
       -2.39426926e-01,  1.45861775e-01, -5.12966216e-02, -3.88569295e-01,
       -1.88367426e-01, -2.91036069e-01,  9.66488272e-02, -1.76512718e-01,
       -9.69820190e-04, -2.90939748e-01, -2.39198714e-01, -1.16021195e-02,
       -3.89582142e-02, -1.18577003e-01, -3.73637944e-01, -2.22831339e-01,
       -2.82027066e-01, -3.35786939e-01,  1.22779235e-01, -1.57528520e-01,
        4.03644592e-02, -1.12912774e-01, -1.84835136e-01, -4.09785628e-01,
       -2.71026254e-01, -1.63415626e-01, -3.51978093e-01,  3.88192274e-02,
       -1.35516301e-01, -1.16504788e-01, -1.96704596e-01, -6.59579337e-02,
        1.23054959e-01,  7.78396474e-03,  9.54721868e-02,  2.68055081e-01,
       -6.20610565e-02,  1.56038314e-01,  1.29306793e-01, -3.08249533e-01,
       -4.42643702e-01, -2.96475410e-01, -3.64431972e-03, -3.65771353e-02,
       -4.59097445e-01, -2.46579856e-01,  9.99581069e-03, -3.72574061e-01,
       -1.57217056e-01, -6.78416416e-02, -3.09400856e-01, -1.17619947e-01,
        9.50088724e-05, -8.02546274e-03, -1.03584573e-01,  1.61796376e-01,
       -1.28597654e-02, -5.67531027e-02, -3.12534302e-01, -1.96211785e-02,
       -8.83761123e-02, -4.13391411e-01,  9.65992454e-03, -1.37921751e-01,
       -2.41446078e-01, -1.76685244e-01, -1.23962834e-01, -7.28468820e-02,
        1.02063641e-01,  3.29124043e-03, -3.72846186e-01,  3.75243649e-02,
        4.98297513e-02, -1.43199503e-01, -2.69336343e-01, -3.33080925e-02,
       -2.67433152e-02, -2.77708620e-02, -1.22160465e-01, -4.51651365e-01,
        1.03868991e-02, -1.72746062e-01, -1.32852599e-01, -1.87130898e-01,
        8.50117356e-02, -4.13119882e-01, -2.77840614e-01, -3.42832655e-01,
       -4.48406041e-01, -2.39321291e-01, -1.14684865e-01,  3.95733751e-02,
       -8.66163298e-02, -3.99843931e-01, -3.27484995e-01,  1.42935127e-01,
       -1.45287309e-02, -8.47355798e-02, -3.68190348e-01,  1.42008439e-03,
       -1.11159816e-01, -8.38330686e-02, -1.01501986e-01, -1.35122374e-01,
       -2.20994696e-01,  1.06941521e-01, -3.05214703e-01,  9.74382013e-02,
       -1.04151525e-01, -2.15823740e-01, -3.78264993e-01,  1.54772967e-01,
       -1.24280624e-01, -3.20679903e-01, -1.02305755e-01, -2.05313534e-01,
       -3.34611297e-01, -1.83282271e-01, -9.93772447e-02, -3.18710566e-01,
       -3.51851404e-01,  1.33171929e-02, -2.09926844e-01,  2.77591124e-02,
       -3.13446760e-01, -3.18724334e-01, -2.05222040e-01, -2.40508616e-01,
       -4.66709316e-01, -1.26471311e-01, -2.13687450e-01, -7.85273779e-03,
       -1.39579266e-01, -4.05648828e-01, -1.51985973e-01,  1.71000034e-01,
       -2.65488684e-01,  1.99913401e-02, -2.87992954e-01, -4.21685100e-01,
       -2.70096540e-01, -3.67638409e-01, -7.02816248e-02,  6.11838400e-02,
       -6.96886778e-02, -8.52866322e-02, -2.02855498e-01, -1.38802499e-01,
       -1.94283679e-01,  8.75708312e-02, -7.75867403e-02,  1.78352352e-02,
        5.08103818e-02, -1.74089298e-01, -2.74691254e-01,  1.29927257e-02,
       -7.42881447e-02, -1.15794986e-01, -2.73807824e-01, -3.51094976e-02,
       -2.29717270e-02, -2.68865794e-01,  1.10745162e-01, -9.59326178e-02,
       -2.80462205e-01, -1.65944070e-01, -2.85551220e-01, -1.29692465e-01,
       -1.70847833e-01, -5.38044199e-02, -1.73868984e-01,  6.76927194e-02,
       -3.98741961e-01,  1.11926854e-01,  5.05984947e-02, -7.04176631e-03,
       -5.05675554e-01, -2.85606563e-01,  6.25896007e-02, -3.39467466e-01,
       -2.91284114e-01, -3.99009109e-01, -2.80499756e-01, -3.23035479e-01,
       -3.21632326e-01, -1.23055786e-01, -2.98270360e-02, -5.51685356e-02,
       -2.01344304e-02,  1.20131880e-01,  2.07120385e-02, -1.33543223e-01,
        1.00115851e-01, -3.83484781e-01, -5.25178015e-02, -1.72113106e-01,
       -1.91593379e-01, -2.93450564e-01, -3.87591839e-01, -4.19141818e-03,
       -1.86623782e-01, -2.29224190e-01, -1.10462025e-01, -8.12080204e-02,
        9.63636190e-02, -3.19266692e-02, -3.00132573e-01, -3.13963026e-01,
        2.25588102e-02, -3.54538083e-01, -3.21087658e-01, -2.63751328e-01,
       -6.38713613e-02,  1.12665229e-01, -3.44419241e-01, -3.59081864e-01,
       -4.11962092e-01, -7.30366707e-02, -1.67130008e-01, -2.44377539e-01,
       -2.45318990e-02,  3.73041004e-01, -1.56753808e-01,  3.14735249e-02],
      dtype=float32), 'encoder.fc.2.weight': array([[-0.49366355,  0.34958845, -1.0666068 , ..., -0.18149509,
        -0.7751088 ,  1.0279969 ],
       [ 0.27459762, -0.08677528,  0.05388156, ...,  0.2038339 ,
        -1.2874527 ,  0.33770835],
       [-0.80736226, -0.9185411 , -0.6641436 , ..., -0.39263904,
        -0.42835307, -0.46284106],
       ...,
       [-0.44617838, -0.70911086, -0.3282452 , ...,  0.1735449 ,
         0.4722684 , -0.00548037],
       [-0.42036262,  0.73766243, -0.07189009, ..., -0.7152046 ,
         0.28228506, -0.7451549 ],
       [-1.026503  ,  1.0685384 , -0.6851216 , ...,  0.18643951,
        -0.56825733,  0.8239141 ]], dtype=float32), 'encoder.fc.2.bias': array([-1.189961  ,  0.14988166, -0.15484406, ...,  0.9990907 ,
        0.49337173,  0.40269345], dtype=float32), 'encoder.fc.4.weight': array([[-0.08904696, -0.7230059 , -0.11097641, ..., -0.42335415,
        -0.2852397 , -0.6527132 ],
       [ 0.11720644, -0.28221   , -0.22928911, ...,  0.02119375,
         0.39123067,  0.1169718 ],
       [ 0.23721811, -0.42692804, -0.44539827, ..., -0.10392401,
         0.28187972, -0.46428537],
       ...,
       [-0.6537639 ,  0.14651573,  0.4086349 , ..., -0.2321922 ,
        -0.17330597, -0.07503635],
       [-0.35458952,  0.10356395,  0.03281009, ...,  0.46647516,
         0.33728004,  0.03653115],
       [-0.7329404 , -0.12468773,  0.01417754, ..., -0.50328726,
         0.29451928, -0.22116765]], dtype=float32), 'encoder.fc.4.bias': array([-5.54042280e-01, -2.45066315e-01, -8.24101344e-02, -5.53982019e-01,
       -4.43025172e-01, -6.57006025e-01,  5.05329035e-02, -2.50264585e-01,
       -4.44845796e-01, -1.31797865e-01,  2.07475945e-01,  1.71190515e-01,
       -5.28659225e-01, -5.64032197e-01,  9.09468383e-02,  4.44146246e-02,
       -6.10036016e-01, -2.76646838e-02, -2.63416559e-01,  3.57932568e-01,
       -4.84279215e-01, -5.07944345e-01, -5.23157954e-01, -2.48064309e-01,
        2.39589721e-01, -5.74617647e-02,  1.41720086e-01,  4.28896904e-01,
       -1.10814422e-01, -9.84774064e-03,  2.90584266e-01, -1.09271146e-01,
        2.23553717e-01, -2.11641103e-01, -3.22334737e-01, -4.59668040e-01,
        1.01706073e-01,  2.81480610e-01,  1.38095140e-01,  3.70605707e-01,
        2.96410978e-01,  3.24765265e-01,  3.67543936e-01,  4.63080630e-02,
        3.46265376e-01,  4.51539382e-02, -4.83743221e-01,  5.65539241e-01,
        1.75948888e-01, -4.59928215e-01,  5.12624741e-01, -3.75678509e-01,
        8.65181983e-02,  4.11836132e-02, -5.32902241e-01, -2.91167080e-01,
        3.01785588e-01,  5.20755112e-01, -3.73796895e-02,  4.89640534e-01,
        4.34963703e-01,  2.52538994e-02,  1.19993426e-01,  2.39414722e-01,
       -3.38438243e-01, -1.26265615e-01,  3.38162296e-02, -2.29249656e-01,
       -2.14960612e-03,  3.58280182e-01,  3.90258014e-01, -7.00953364e-01,
        3.11167464e-02,  4.33759689e-01, -2.66038626e-01,  1.30444139e-01,
       -4.96983469e-01, -5.03566954e-03, -4.37743664e-01,  3.20761651e-01,
        3.80233496e-01,  2.68821269e-01, -7.61845261e-02, -4.44610059e-01,
       -5.97767889e-01,  1.90922350e-01, -8.72650445e-02, -6.11006975e-01,
       -6.29689693e-01,  2.20063716e-01, -4.68398392e-01,  2.12269612e-02,
       -5.54517031e-01, -1.46299630e-01,  2.68259287e-01, -2.00552702e-01,
        2.19452620e-01, -7.10302114e-01,  5.08372426e-01, -3.53397071e-01,
        2.95133293e-01,  4.49046433e-01,  2.82620788e-01, -4.87093031e-02,
       -1.49750948e-01,  2.66659379e-01, -2.79855639e-01, -2.71811217e-01,
       -4.98892963e-01,  5.21939516e-01,  6.88283592e-02,  2.55597591e-01,
        1.57104194e-01, -5.11843681e-01,  1.04520001e-01, -3.45236480e-01,
        3.60427946e-02, -8.44955966e-02,  4.55390990e-01, -2.92056650e-02,
       -6.44680858e-01, -1.34316325e-01, -5.71597457e-01, -2.26045519e-01,
       -5.78753173e-01,  9.98656303e-02, -8.52518454e-02, -3.28770280e-01,
        3.72162551e-01,  1.70296505e-01, -2.36782864e-01,  6.08218968e-01,
       -3.01978767e-01, -6.00717664e-01,  4.34599876e-01,  1.05120027e-02,
        2.94825971e-01,  4.98025790e-02, -5.54392338e-01,  1.40287161e-01,
       -7.27187157e-01, -5.47867537e-01, -4.74850833e-01, -1.34401277e-01,
        1.26051143e-01,  1.90810874e-01,  4.00608808e-01,  5.17944634e-01,
        2.10852489e-01, -1.08816914e-01, -3.77455413e-01,  1.74948841e-01,
        4.15901184e-01,  8.99061337e-02, -6.27811719e-03, -4.73729134e-01,
       -2.11293861e-01,  4.24908012e-01,  8.06703642e-02, -7.95241296e-02,
       -3.86014469e-02, -6.10206962e-01,  3.78596485e-01, -2.20476404e-01,
       -1.98307961e-01, -4.22604144e-01,  4.40398961e-01, -7.11803555e-01,
       -2.75089175e-01,  2.77427644e-01,  4.64448273e-01,  6.34383932e-02,
       -6.69002593e-01,  3.62316489e-01,  3.61238420e-01, -3.17926928e-02,
        1.58703789e-01,  1.92281097e-01, -4.78152633e-01,  1.87328849e-02,
       -5.39262414e-01, -3.67406726e-01, -4.83982772e-01,  3.32609296e-01,
        3.68863910e-01,  3.13218594e-01, -3.02334994e-01,  4.24727440e-01,
       -4.50124264e-01,  3.14093381e-01, -2.92752415e-01, -3.22376788e-01,
       -6.58020675e-02,  4.57211770e-02, -3.90531242e-01,  1.56402543e-01,
        1.57703295e-01,  1.98819518e-01,  5.71447164e-02, -2.99650043e-01,
       -5.77027440e-01, -6.25089258e-02, -3.33643854e-01, -6.33922338e-01,
        3.39572847e-01,  4.56229389e-01, -4.74768311e-01, -2.01551229e-01,
       -2.36286789e-01,  2.73385663e-02,  4.14758980e-01,  3.25125903e-01,
        3.51608574e-01,  3.27542424e-01,  5.19752860e-01,  5.09457409e-01,
       -5.91108561e-01, -6.90258265e-01, -1.68533802e-01, -6.19325578e-01,
       -2.24693507e-01,  3.82682800e-01, -1.20342478e-01, -4.60443705e-01,
        4.57901120e-01,  3.14617306e-01,  4.41721797e-01, -9.00833458e-02,
       -5.62298417e-01,  5.83075825e-03, -2.98520714e-01,  3.27120304e-01,
        2.65038848e-01,  1.81414247e-01,  3.83933663e-01,  8.05831179e-02,
       -2.25218102e-01, -3.75303626e-01,  1.67010590e-01,  8.90577659e-02,
       -4.77869920e-02,  4.51581717e-01,  2.20461026e-01, -2.35587418e-01,
       -7.11453915e-01,  1.52851745e-01,  2.18374342e-01,  4.03116763e-01,
        1.77802473e-01,  2.67388344e-01, -1.15591578e-01,  1.52591348e-01,
       -6.16760612e-01,  4.70398545e-01,  8.45302120e-02, -5.64509571e-01,
       -3.73491853e-01,  3.45963165e-02, -6.88085318e-01, -4.99933004e-01,
        1.66659132e-01,  1.35193944e-01, -1.53351903e-01, -5.51190317e-01,
       -1.51307046e-01, -3.35643254e-02, -2.22609192e-01, -4.54598576e-01,
       -2.17304975e-01,  4.99542415e-01, -9.73689333e-02,  2.04344288e-01,
       -2.35096857e-01,  2.85303116e-01,  3.41215491e-01, -3.38841915e-01,
       -4.45063412e-01, -5.08723378e-01, -3.16126049e-01,  3.61650437e-02,
        3.16829741e-01, -9.07429904e-02, -5.93984067e-01, -5.70151329e-01,
       -6.58623695e-01, -6.10805035e-01, -2.93551475e-01, -6.27362370e-01,
       -2.61203229e-01, -2.30789691e-01,  3.16771895e-01, -8.60160217e-02,
       -3.19866866e-01,  1.27705070e-03, -4.67094541e-01,  2.72892378e-02,
        3.69883299e-01,  4.81440842e-01,  3.88134241e-01,  3.54361326e-01,
        6.57611564e-02, -3.98745477e-01, -2.74547160e-01, -5.27151860e-04,
       -4.42852378e-01, -6.30150914e-01, -1.79636031e-01, -3.64301950e-01,
       -7.00970232e-01,  7.47699887e-02,  2.62770891e-01,  4.84678932e-02,
        2.05979884e-01, -3.74310106e-01, -8.55529159e-02, -1.32758720e-02,
        3.82700354e-01, -4.26333040e-01, -7.31322169e-01,  3.79058540e-01,
        6.31105542e-01,  3.90745550e-02, -3.33819836e-02, -5.13862789e-01,
       -9.04999003e-02, -4.11253005e-01, -2.59747297e-01, -5.49614310e-01,
       -1.75593317e-01, -4.95355666e-01, -8.28743875e-02, -3.57127815e-01,
       -4.19699878e-01,  2.13906065e-01, -4.88776118e-01, -1.07387573e-01,
        1.81406274e-01, -4.77832854e-01, -5.13170123e-01,  4.06447053e-01,
       -4.43097539e-02,  8.28077868e-02, -7.02348232e-01,  7.57541060e-02,
        4.16711509e-01,  5.22433341e-01, -5.77578068e-01,  2.58481860e-01,
       -3.53739321e-01,  1.05707422e-01, -5.89953244e-01,  2.71776378e-01,
        3.68572660e-02, -6.84046984e-01, -4.73767728e-01,  2.08027303e-01,
        1.91212445e-02,  9.77344885e-02,  2.27475777e-01,  4.38776106e-01,
       -1.04325086e-01,  2.40374118e-01, -6.44500613e-01,  1.71866059e-01,
       -3.78233075e-01, -2.85052121e-01, -5.57271421e-01, -1.03608035e-01,
       -6.57549143e-01, -2.76979595e-01, -6.06018864e-02, -7.69451410e-02,
       -5.10008931e-01,  9.24621988e-03, -5.90779558e-02, -1.84976503e-01,
       -3.68006080e-01, -2.50332952e-01, -3.99765313e-01, -4.34053957e-01,
        5.59911609e-01,  4.13038105e-01, -3.40671726e-02, -1.23772070e-01,
        3.87137353e-01, -1.85948968e-01, -2.57064193e-01, -5.45940042e-01,
       -2.05597773e-01,  1.27903922e-02,  5.18486388e-02, -7.24610209e-01,
       -3.55240613e-01, -6.60119534e-01,  3.91075388e-02, -1.02270491e-01,
       -7.05753863e-01, -5.26376843e-01,  1.67114273e-01, -3.64843458e-01,
        2.94447482e-01, -4.63622451e-01,  3.44944820e-02, -3.83008063e-01,
        2.23326101e-03,  4.79303837e-01,  3.03931981e-02, -2.55840033e-01,
       -1.26116440e-01, -5.02461433e-01,  1.51873961e-01, -6.17064461e-02,
       -9.00665596e-02,  4.08124864e-01, -2.74362028e-01, -2.28637382e-01,
       -4.36708987e-01, -2.93226372e-02, -5.92652917e-01, -2.22625673e-01,
       -1.04297996e-01,  4.92474347e-01, -6.90110207e-01, -1.25782162e-01,
       -4.66472715e-01, -1.90714449e-01, -2.70618238e-02, -3.36996049e-01,
       -3.39812934e-01, -3.05626333e-01, -1.23904586e-01, -4.94631886e-01,
        2.80611575e-01, -1.06381074e-01,  4.30645883e-01, -1.80649132e-01,
       -6.40884161e-01,  4.41794068e-01, -1.19028457e-01, -4.64191198e-01,
       -4.85227585e-01, -2.02218756e-01,  4.69496697e-02, -1.94455624e-01,
        1.94265857e-01, -3.55695784e-01, -1.73224639e-02, -2.18751132e-01,
       -9.37457979e-02, -5.88769555e-01, -5.47891855e-01, -1.47023529e-01,
        2.01659963e-01, -1.00417785e-01,  4.82083529e-01, -7.11158395e-01,
       -6.33035302e-01,  1.55297536e-02,  7.65246227e-02, -2.30902046e-01,
       -5.03675282e-01, -7.06737936e-01, -5.57686806e-01,  2.13733524e-01,
        7.57290125e-02,  5.29452786e-02, -3.23870212e-01, -2.10960656e-01,
        5.78210771e-01, -5.44920802e-01, -6.32064819e-01, -4.18435961e-01,
       -3.58217597e-01,  2.34025329e-01,  4.50301945e-01, -3.87273252e-01,
       -1.08661659e-01, -5.29705703e-01,  4.92120594e-01, -3.76123786e-01,
       -1.45682231e-01, -1.00160629e-01,  4.21907812e-01, -2.01469541e-01,
        2.80845165e-01, -4.34750378e-01,  6.11530337e-03, -3.20697755e-01,
       -3.34032416e-01, -3.64333332e-01, -5.09820223e-01, -6.40516937e-01,
       -6.45408593e-03,  2.03705654e-01, -4.06909734e-01, -1.13593556e-01,
       -5.18279314e-01,  9.90711600e-02,  1.38877491e-02,  3.69530261e-01],
      dtype=float32), 'encoder.fc.6.weight': array([[-0.81496847, -0.6231626 ,  0.12742248, ..., -0.42351663,
        -0.30860096, -0.9107507 ],
       [ 0.9785605 ,  0.9927219 ,  1.0845168 , ...,  0.88685215,
        -1.0782421 ,  0.6458965 ],
       [-0.37108418, -0.56964695, -0.6793468 , ..., -0.01936591,
         0.73054004, -1.0842507 ],
       ...,
       [ 0.4303528 , -1.0512143 ,  0.4766277 , ..., -0.8161657 ,
         0.43971038,  0.98555624],
       [ 0.7119992 , -0.4692943 ,  0.05614575, ...,  0.05532691,
        -0.03058896,  0.9760746 ],
       [-0.6803775 ,  0.5945238 ,  0.7301471 , ...,  0.4232279 ,
        -0.6786247 ,  0.7957923 ]], dtype=float32), 'encoder.fc.6.bias': array([ 0.5903208 , -0.19932628, -0.674602  ,  0.16356327, -0.48396218,
       -0.8696116 ,  0.63583267,  0.74039173,  0.3008768 , -0.80690706],
      dtype=float32), 'decoder.fc.0.weight': array([[-2.6860747 ,  6.414719  ,  6.469346  , ...,  2.5358934 ,
        -0.84642076,  1.943922  ],
       [-4.736067  ,  4.05214   , -2.1710298 , ..., -5.3952603 ,
        -2.1381536 , -7.9295807 ],
       [-6.8841076 , -2.7556708 ,  0.5421321 , ..., -3.876296  ,
        -2.641939  , -6.2696342 ],
       ...,
       [-8.693838  ,  0.40163124, -3.000891  , ...,  6.491264  ,
         1.5091939 , -0.09029542],
       [ 4.79141   , -4.822305  ,  5.479909  , ...,  1.6950917 ,
        -7.7154326 , -3.8775592 ],
       [ 3.3800874 ,  1.5966477 , -7.864458  , ...,  4.7348604 ,
        -6.110681  , -3.2344985 ]], dtype=float32), 'decoder.fc.0.bias': array([-2.6669278e+00, -1.4134851e+00,  2.2732348e+00, -6.4285097e+00,
        2.5167422e+00,  7.0341816e+00,  7.5775938e+00,  1.5471423e+00,
       -6.9289207e+00,  2.4036367e+00, -6.0060006e-01, -7.0224066e+00,
       -1.9081328e+00,  1.9967523e+00, -5.3994828e-01,  9.5769680e-01,
       -2.0030789e+00,  1.2289986e-01,  5.1199808e+00, -1.8817457e+00,
       -3.8813152e+00,  3.0181389e+00,  8.1823921e-01, -3.5041070e+00,
        5.6628704e+00,  5.1330328e+00,  4.1865621e+00,  4.9338746e+00,
       -3.1650138e+00,  2.5681186e+00,  5.9772072e+00, -1.7615461e+00,
        6.0382318e+00, -7.2280416e+00,  5.5730224e+00, -2.8997831e+00,
        2.1398551e+00,  8.1625462e+00, -5.1755004e+00, -7.6319170e+00,
       -5.8729644e+00,  2.5086648e+00, -6.9590349e+00,  2.1146929e+00,
        8.5774126e+00, -2.7754363e-01, -2.0103564e+00,  5.8063674e+00,
        6.6318817e+00,  4.9658558e-01, -7.3545504e+00, -6.9608536e+00,
       -2.3742194e+00,  3.7418499e+00, -3.0226812e+00, -7.9444385e-01,
        7.0714712e+00,  8.1885128e+00, -5.5856071e+00, -2.8255458e+00,
       -4.0292563e+00,  7.3505902e-01, -2.1872146e+00,  4.3952999e+00,
        8.5303230e+00,  6.0086670e+00,  2.1121473e+00, -1.9771270e+00,
       -6.4245577e+00, -5.9671922e+00,  5.2073479e+00,  4.9325347e+00,
       -2.3526654e+00,  1.1215210e+00, -6.8493505e+00,  7.7006822e+00,
        4.8132882e+00,  8.0060453e+00,  5.9305146e-02, -2.8708403e+00,
        6.5912974e-01, -7.8992686e+00,  3.0052130e+00,  5.0573406e+00,
        6.1310806e+00, -4.0320382e+00,  7.8359423e+00, -4.4292774e+00,
        6.6852455e+00, -3.7694483e+00, -1.0141906e+00, -8.0625000e+00,
       -3.7685901e-01, -4.2885275e+00, -1.4595766e+00, -4.8620455e-02,
       -4.4617754e-01, -4.3486757e+00, -4.6033564e+00,  8.2888336e+00,
        6.2424335e+00, -6.3186560e+00, -4.7793007e+00, -8.0672531e+00,
        3.9734859e+00, -5.5720253e+00, -1.3137904e-01,  5.2478617e-01,
       -2.0439229e+00, -6.2617788e+00,  1.6327984e+00,  1.0446570e+00,
       -1.7902417e+00,  1.9405427e+00, -2.6138036e+00,  1.7403750e+00,
        9.0643430e-01,  5.1215534e+00,  3.0226126e+00,  3.6638412e+00,
        6.5205374e+00, -1.8473873e+00,  4.9411268e+00,  4.7610359e+00,
       -3.0056009e+00,  1.3876371e+00, -4.7894299e-01,  5.8805032e+00,
        6.9870579e-01, -1.7079031e+00, -3.0670042e+00, -6.8911953e+00,
       -1.3278188e+00,  4.4321651e+00, -8.0329018e+00, -7.2076130e+00,
       -3.7228329e+00, -3.5141008e+00, -8.2525473e+00, -3.8240924e+00,
       -1.5932736e+00,  2.8528056e+00, -3.3827167e+00,  4.6977356e-01,
        5.4077010e+00,  6.7326579e+00, -5.0417662e+00,  5.7977147e+00,
        7.5881782e+00, -2.1838069e+00, -6.0913897e+00,  7.2879219e+00,
        4.3520522e-01, -3.0111699e+00,  7.5960331e+00,  7.0465651e+00,
        8.0832205e+00, -6.1948147e+00,  4.4815512e+00, -7.0579119e+00,
        2.5351419e+00, -2.9963844e+00,  5.0421233e+00, -1.3272610e+00,
        4.8986955e+00, -2.7564700e+00,  4.8062024e+00,  2.9447052e+00,
        8.4311447e+00, -2.1960294e+00, -7.5092249e+00, -8.1958771e+00,
       -1.4960625e+00,  6.9734592e+00,  8.6384325e+00,  5.7477875e+00,
       -4.6162219e+00,  3.5519438e+00, -4.2752767e+00, -6.9773703e+00,
       -1.7632487e+00, -3.0613518e+00,  7.8631382e+00,  1.9948063e+00,
       -6.4165192e+00,  3.2542260e+00,  8.2470044e-02,  5.8115816e+00,
        6.0649667e+00,  1.9511487e+00, -6.2158012e+00,  1.2483002e+00,
        7.0130363e+00, -8.3883743e+00, -4.9914937e+00,  4.7213006e+00,
        4.0210505e+00,  1.4998257e+00,  2.5527039e+00,  6.5484533e+00,
        8.1788139e+00, -2.6009855e+00,  5.8523011e-01,  7.0211697e+00,
       -5.8691463e+00,  6.2571201e+00,  3.4748464e+00,  1.2041560e+00,
       -2.1212664e+00, -5.5978829e-01,  4.5801048e+00,  3.8427827e+00,
        2.0558555e+00, -4.5191607e+00, -1.9409096e-01, -7.7485933e+00,
       -5.6556997e+00,  2.8894415e+00,  9.0909684e-01,  6.2817373e+00,
        2.7908669e+00, -7.2495770e+00,  1.5221410e+00,  1.8929639e+00,
        2.7998953e+00, -5.9442563e+00,  8.5978355e+00, -4.3022642e+00,
        2.4934223e+00,  5.2322946e+00, -7.7927351e-02,  1.3074889e+00,
        2.9492790e-01,  4.1246862e+00,  6.1046333e+00,  1.5808936e+00,
        9.9919200e-01,  5.4417968e+00,  1.0371454e+00,  8.0602646e-01,
       -3.5513346e+00,  3.8677983e+00,  3.3544850e+00,  4.7011395e+00,
        5.5920849e+00,  4.4877028e+00, -4.0594683e+00,  2.3751059e+00,
        6.7245588e+00,  6.7930951e+00, -5.1055260e+00, -4.1678286e+00,
       -1.3434732e-01,  3.1086802e+00, -1.7950729e-01,  4.8121696e+00,
        3.6308537e+00, -7.8008108e+00, -1.1564334e-01,  5.4443259e+00,
       -6.9554585e-01, -4.6066885e+00, -8.2280045e+00, -4.7480950e+00,
        1.4492936e+00, -5.3965535e+00,  5.5908604e+00, -6.9304042e+00,
        2.9430928e+00,  7.8921640e-01, -7.6137140e-02,  5.5170321e+00,
       -9.7119993e-01, -7.4466915e+00,  2.2824039e+00, -7.2297564e+00,
       -7.3990017e-01,  8.0622778e+00, -4.4674258e+00,  3.1555943e+00,
       -7.1459422e+00, -5.4188371e+00,  5.1192755e-01,  2.8436134e+00,
       -5.3683740e-01, -6.1592877e-01, -3.4230587e+00, -6.0561695e+00,
        3.5109887e+00, -6.2642455e+00,  2.9892409e-01,  7.7669144e+00,
        5.3419366e+00,  6.6312752e+00, -5.2088594e+00,  4.4411306e+00,
       -3.5659041e+00, -5.4188671e+00,  4.9702663e+00,  7.6839933e+00,
        1.8693876e+00,  1.5534289e+00,  1.2410250e+00, -4.9537625e+00,
        7.3620806e+00, -1.9056547e+00,  7.7720964e-01,  5.9897923e+00,
        5.8176753e-04,  1.7982872e+00,  1.3383421e+00, -3.5899835e+00,
        8.1105366e+00, -3.3653769e+00, -1.7019756e+00,  6.5841799e+00,
        4.2780523e+00, -4.0281157e+00,  4.0057421e+00, -5.2319074e+00,
        7.6585546e+00, -7.0226774e+00,  4.4843006e+00,  2.2716236e+00,
       -6.5652790e+00,  3.7113509e+00, -3.1499705e+00, -8.4642392e-01,
       -8.5133991e+00,  2.0050154e+00,  3.0434620e+00,  6.4859438e+00,
       -4.2593269e+00, -8.5218263e-01,  4.2281303e+00,  9.6530288e-01,
        6.4691739e+00, -6.8479686e+00,  7.5118284e+00,  7.7303934e+00,
        5.6524892e+00, -2.6406434e+00,  4.8282804e+00, -8.0825872e+00,
        5.7151432e+00,  1.3607279e+00, -1.4409775e+00,  2.3258791e+00,
       -2.0114865e+00, -3.2674727e+00, -2.9588342e+00, -2.4335785e+00,
        4.5952587e+00, -1.3125315e+00, -7.7831917e+00,  2.0766997e+00,
       -2.5165221e-03, -3.3448353e+00,  6.7169971e+00, -4.5516419e+00,
        4.6552224e+00, -5.7956963e+00, -4.1685915e+00,  5.9282045e+00,
       -2.4231820e+00,  6.6087742e+00, -4.1015968e+00, -4.9934874e+00,
        7.6426268e+00,  2.5755975e+00, -6.8963938e+00, -5.4404640e+00,
       -4.1556227e-01, -4.9305511e-01,  7.0497875e+00, -8.3501377e+00,
       -1.6164453e+00,  1.3470557e+00,  2.8367295e+00, -1.6641500e+00,
        9.2175528e-02, -6.2502480e+00,  6.1227231e+00,  3.1088357e+00,
        4.1897144e+00,  5.9460416e+00,  9.5347598e-02,  1.7915585e+00,
       -7.3520727e+00, -6.7737520e-01,  7.1826196e-01,  7.2212887e+00,
       -4.2179766e+00, -3.7023811e+00,  5.8980641e+00,  5.5351400e+00,
        6.5426264e+00, -4.5806975e+00, -8.3438396e+00,  7.3027220e+00,
       -8.5703335e+00, -2.2545648e+00,  3.6662388e+00,  1.1251092e+00,
       -3.4495091e+00, -7.3641977e+00, -7.4482269e+00, -5.9763885e+00,
       -5.3229040e-01,  4.8230977e+00, -8.0038147e+00, -7.5357089e+00,
       -4.7575492e-02,  7.3409104e-01, -2.5243199e+00, -3.6712360e+00,
        6.8794050e+00,  6.4498024e+00,  4.9151959e+00,  7.6121273e+00,
       -1.1875677e+00, -2.5349185e+00,  1.7537954e+00,  6.5779686e+00,
        1.3766083e-01,  3.3035626e+00, -5.3050513e+00,  2.5363743e+00,
       -5.3382611e+00, -2.5894552e-01,  8.2635679e+00, -4.1459813e+00,
        3.1753352e+00, -3.5332656e+00, -5.3858404e+00,  6.6129632e+00,
       -3.8028636e+00, -5.5713582e+00, -4.3108907e+00,  5.6754694e+00,
       -1.6337188e+00, -8.0009823e+00, -1.2825902e+00,  4.2504296e+00,
       -7.2686005e+00, -9.8187363e-01, -6.0807171e+00,  7.3215647e+00,
       -6.4664268e+00, -6.4874926e+00, -6.8504734e+00, -5.8563275e+00,
       -6.6996298e+00,  5.3105459e+00, -7.3635316e-01, -8.6234379e-01,
        6.5746260e+00, -3.4758148e+00, -6.1347485e+00,  2.7418904e+00,
       -3.7882330e+00, -2.1249297e+00, -6.8045359e+00, -6.6318903e+00,
        7.6516886e+00,  1.1680614e+00,  2.8250825e+00,  6.4379463e+00,
        3.9036984e+00, -7.5170503e+00,  6.7639303e+00, -7.8820748e+00,
       -4.7478671e+00,  7.1534562e+00, -3.1352940e+00, -1.8194015e+00,
       -2.1756575e+00,  5.6842165e+00,  8.6404848e+00,  3.5422947e+00,
       -3.6247013e+00,  7.9516206e+00,  3.9531267e+00, -7.5718164e+00,
       -1.2132657e+00, -2.6020541e+00, -4.3165040e+00, -8.0703001e+00,
       -5.5976868e-01,  8.5289049e+00, -7.2850423e+00, -6.1889963e+00,
       -4.0906515e+00,  6.5003805e+00, -6.3827715e+00, -1.8470736e+00,
       -5.9248257e+00,  7.5014801e+00,  7.8848763e+00,  3.3885601e-01],
      dtype=float32), 'decoder.fc.2.weight': array([[-0.9389458 ,  0.5276598 , -1.3699944 , ...,  1.076393  ,
        -1.1577798 ,  0.9482528 ],
       [ 0.89122224, -0.08707073, -0.4859774 , ..., -0.2261871 ,
         0.97075677,  0.5387595 ],
       [ 0.73997676, -1.3367985 , -0.01555151, ...,  1.0847318 ,
         0.70788085,  0.19274227],
       ...,
       [ 0.75842726, -0.9649756 , -0.6806667 , ...,  0.9070433 ,
        -1.268608  ,  0.15160233],
       [ 0.46751088, -0.24710149, -0.79481393, ..., -0.64539087,
         0.91271687,  0.4704399 ],
       [-0.23836303,  0.2560066 ,  0.03756599, ..., -0.34163037,
        -0.15184173, -0.19788975]], dtype=float32), 'decoder.fc.2.bias': array([ 0.6679883,  1.119871 ,  0.565294 , ..., -0.62752  , -0.9405157,
       -0.9339794], dtype=float32), 'decoder.fc.4.weight': array([[-0.5449773 ,  0.49860305,  0.07590646, ..., -0.24738792,
         0.32467583, -0.1246274 ],
       [-0.4214345 , -0.3537373 , -0.10369167, ..., -0.30308414,
        -0.45396245, -0.40050375],
       [ 0.05296617,  0.15118875, -0.40534353, ..., -0.1742118 ,
         0.21824546, -0.48517358],
       ...,
       [-0.23721829, -0.12167087,  0.5286165 , ..., -0.04065944,
        -0.24975102, -0.6021231 ],
       [ 0.25152463,  0.36221516,  0.71324044, ..., -0.02716359,
        -0.3763849 ,  0.2486656 ],
       [-0.46694094, -0.03696604,  0.4455738 , ...,  0.03313884,
         0.4950874 , -0.245866  ]], dtype=float32), 'decoder.fc.4.bias': array([-0.21322066, -0.5493665 , -0.75469744, -0.38834488,  0.23222643,
        0.3266024 , -0.2753622 ,  0.0188797 ,  0.08088859,  0.36170846,
       -0.23696086,  0.0563877 ,  0.19419286, -0.32637817,  0.35888946,
       -0.18344387, -0.45236468, -0.48384547, -0.01496308,  0.31539947,
        0.28850287, -0.20756815,  0.15810837,  0.01308687, -0.00918087,
       -0.14296038,  0.10806406, -0.38103694,  0.33609015, -0.48685682,
       -0.53984207,  0.5200143 ,  0.34513474, -0.41385722,  0.29318547,
        0.359227  , -0.5843086 ,  0.28557795,  0.09916809, -0.286246  ,
       -0.04810014, -0.72810805, -0.64958555, -0.42146185,  0.5178049 ,
       -0.09458055, -0.515643  ,  0.23675674, -0.2728469 , -0.4261021 ,
       -0.62091917,  0.1084986 ,  0.09657708, -0.7129458 , -0.5628496 ,
        0.20392007,  0.38904312, -0.60690725, -0.5561973 ,  0.0524391 ,
       -0.19259484,  0.07120256,  0.25981262,  0.49136603, -0.17567173,
        0.1108527 ,  0.1311749 , -0.41043687,  0.15209796, -0.6935404 ,
       -0.5536051 , -0.09499551,  0.01436216,  0.327853  , -0.11928044,
       -0.34747022,  0.5832741 ,  0.42319682, -0.43321136, -0.1581713 ,
        0.60189784, -0.530147  , -0.68524647,  0.18825081,  0.5645917 ,
       -0.6103027 , -0.38807166, -0.39248586, -0.6663241 , -0.40390646,
       -0.6218054 ,  0.165153  ,  0.53848076,  0.46536165, -0.68525106,
       -0.5474483 , -0.25580496,  0.14318871,  0.02064442, -0.50273424,
        0.55129075, -0.21295157,  0.54040843, -0.5842975 ,  0.18102059,
        0.5618099 , -0.08835361,  0.4510696 , -0.19871311,  0.5730033 ,
        0.06649946, -0.16082168,  0.2768652 ,  0.14175159, -0.02348432,
        0.4361279 ,  0.10639967, -0.39069632, -0.02124766,  0.49647218,
       -0.34076473,  0.19974938, -0.22143492,  0.12619197, -0.05881453,
        0.00295298, -0.91394615,  0.40008047, -0.39700758,  0.51076984,
        0.28618437,  0.19046715, -0.20338932, -0.08984715, -0.3076126 ,
       -0.4161761 , -0.53577447, -0.20057884,  0.2565868 ,  0.51419175,
       -0.20066127,  0.3306777 ,  0.20420028,  0.1771735 ,  0.25996011,
       -0.44925964, -0.4296533 ,  0.11612454, -0.3533845 ,  0.4641192 ,
       -0.17010605,  0.0845998 ,  0.33456773,  0.11377846, -0.05722518,
       -0.24832506, -0.5233437 , -0.36880445,  0.2348141 , -0.10773389,
       -0.15899533, -0.34650606, -0.56588936, -0.49701113, -0.11666485,
        0.36391997,  0.15294787, -0.4348582 , -0.10854514, -0.49861786,
       -0.16319662, -0.61015844, -0.3354633 , -0.22472954, -0.56653327,
        0.15664862, -0.6087004 , -0.49340054,  0.5543238 ,  0.47917935,
       -0.01818466, -0.55106115,  0.10658013, -0.60293204, -0.60360664,
        0.33088893, -0.12931019,  0.07328451,  0.2570095 ,  0.35073423,
       -0.51115197,  0.28012726,  0.36988848, -0.5606572 , -0.8031763 ,
        0.11556837,  0.42191792, -0.04691434,  0.50743675, -0.27494973,
        0.09025072, -0.54545844, -0.57467836, -0.09371361,  0.5775707 ,
       -0.29362446,  0.35131943, -0.46642277,  0.3973927 , -0.33475626,
       -0.37682778,  0.21128856,  0.01454313,  0.49415672,  0.4880264 ,
        0.26351458,  0.30580175, -0.200654  ,  0.18103845, -0.01664953,
       -0.4091468 ,  0.4451096 , -0.19912621,  0.34948248, -0.57295156,
       -0.08335793, -0.04028607, -0.56814796,  0.6238524 ,  0.22466993,
       -0.09205092, -0.37510112, -0.6856192 , -0.53658235, -0.53137976,
       -0.03980122, -0.19830593, -0.3236191 , -0.04120432,  0.40232357,
        0.28660136,  0.0416521 ,  0.38010424, -0.15046309, -0.7522862 ,
        0.3596526 , -0.14212315, -0.35823604,  0.01522965,  0.14065279,
       -0.11720234,  0.49220878,  0.12695584,  0.22037871,  0.6242474 ,
       -0.03874147, -0.5997205 , -0.4262771 ,  0.2648991 , -0.49095613,
       -0.42995298,  0.1687825 ,  0.26328996, -0.01950704, -0.5744067 ,
       -0.10759462, -0.6559235 , -0.10543482, -0.31522125, -0.4931403 ,
       -0.44506508,  0.15793103, -0.23987381,  0.40954602,  0.21983078,
        0.35680786, -0.2638772 ,  0.30313423, -0.42759427, -0.49852765,
       -0.14615871,  0.15689807, -0.48005986, -0.63374645,  0.32312816,
        0.14343081, -0.25377333,  0.11477919, -0.5132309 , -0.46576187,
       -0.29936406,  0.02668005,  0.36853635,  0.17187598, -0.3449273 ,
       -0.1900607 , -0.12486212,  0.24525805,  0.5718949 ,  0.43952805,
        0.16597342, -0.35912234,  0.48325235,  0.30454975,  0.59502155,
        0.43620104, -0.503363  ,  0.38221076, -0.31440073,  0.2115187 ,
       -0.571028  ,  0.41837144,  0.03740363,  0.3015176 ,  0.57364887,
       -0.31957278, -0.5776636 ,  0.02263058,  0.49390078,  0.33926293,
       -0.30783936,  0.1998571 , -0.06869684, -0.5956789 , -0.3931691 ,
        0.17286068,  0.02324293, -0.3602205 , -0.3451769 ,  0.19403723,
       -0.31805336,  0.15928781, -0.4883693 ,  0.45547122,  0.07524891,
       -0.38578838, -0.6129358 ,  0.14781417, -0.6625189 , -0.67242837,
       -0.1407843 , -0.17161174,  0.3013352 , -0.19380865, -0.03736863,
        0.2500974 ,  0.47238111, -0.14988388, -0.6192167 ,  0.568604  ,
       -0.45528767, -0.68699837, -0.6111736 , -0.6830536 , -0.643805  ,
        0.02852813, -0.25511888, -0.23411547, -0.42447796, -0.12800795,
        0.48391312,  0.25525492,  0.37096605, -0.23396161, -0.162994  ,
        0.47034326, -0.7227409 , -0.594686  ,  0.19415066, -0.21823503,
        0.2167389 ,  0.43349287, -0.04360366, -0.4885501 , -0.6207967 ,
       -0.02600097,  0.5697809 , -0.40866995, -0.4243479 , -0.54728466,
       -0.1741132 , -0.44465852, -0.05191063, -0.08830615,  0.26979017,
       -0.6259718 , -0.06188045, -0.53507173,  0.5583954 ,  0.01850098,
       -0.5945315 ,  0.42653888, -0.28138128,  0.3987931 ,  0.28771967,
       -0.6367631 ,  0.18534213,  0.2861212 ,  0.4906638 , -0.02402071,
       -0.05635536, -0.18092452,  0.57469827,  0.53958625, -0.45955205,
        0.28989148,  0.4785847 , -0.16643216,  0.12448987, -0.6679975 ,
        0.48393595, -0.60310537,  0.45316243,  0.16991375,  0.3124414 ,
       -0.00749361, -0.42875993, -0.61039364, -0.15553719, -0.11145173,
       -0.32050598, -0.33569014,  0.06608069,  0.1041134 , -0.30178848,
        0.19469346,  0.02504974,  0.3513981 ,  0.50146407,  0.06283627,
       -0.38968652,  0.1983946 ,  0.13513437, -0.2835471 ,  0.5595242 ,
       -0.23055002, -0.5965228 ,  0.58525085, -0.2891921 ,  0.01816906,
       -0.1309714 , -0.39106005, -0.5751362 ,  0.65043867, -0.15329486,
       -0.28092474, -0.6821361 ,  0.12763068,  0.3966525 ,  0.46896923,
        0.00107376,  0.5483696 ,  0.33138633, -0.42815268, -0.5977655 ,
       -0.60677534,  0.0092652 , -0.02291623, -0.40988237,  0.10800046,
        0.11105785,  0.14554738, -0.6066901 , -0.5286053 , -0.1206286 ,
       -0.48404896, -0.15980399, -0.07409091,  0.08097743,  0.46043   ,
        0.49360234, -0.5483469 ,  0.50630856, -0.2588737 ,  0.51344514,
       -0.16887994,  0.19186868, -0.19845375, -0.21863323, -0.10299583,
       -0.34000647, -0.32376885, -0.2064412 , -0.5787966 ,  0.57749325,
       -0.37765992, -0.42812616, -0.40997547, -0.21670511, -0.6695037 ,
        0.03293713, -0.221297  , -0.46901262,  0.26091763,  0.3607402 ,
       -0.55325925, -0.5408785 , -0.19163156, -0.02157405, -0.5871457 ],
      dtype=float32), 'decoder.fc.6.weight': array([[ 0.3712644 , -0.40144894,  0.35139883, ..., -1.0776083 ,
         0.898394  , -0.363239  ],
       [-0.03316187, -0.18215445,  0.32827732, ..., -0.8307641 ,
         1.2156466 , -1.0437489 ],
       [ 0.99782205, -1.14568   ,  0.22111152, ...,  0.7946551 ,
        -0.20983239,  0.920596  ],
       ...,
       [ 0.8620781 , -0.6401723 ,  0.8655127 , ...,  0.708074  ,
        -1.0375868 ,  0.34497648],
       [-0.8274992 ,  0.71057165, -1.0875804 , ..., -0.66455394,
         0.42206752,  1.4731785 ],
       [-0.5639646 , -0.23108739, -0.41625148, ..., -0.5013407 ,
        -1.1372874 ,  0.755551  ]], dtype=float32), 'decoder.fc.6.bias': array([0.07312793, 0.00946437, 1.0575595 , ..., 1.0434642 , 0.5645673 ,
       1.1493639 ], dtype=float32)}
[Time: 27.01.25 20:33:25] [Level: info] [State: aggregate] Updating global model...
[Time: 27.01.25 20:33:25] [Level: info] [State: aggregate] GOAE(
  (encoder): Encoder(
    (fc): Sequential(
      (0): Linear(in_features=10564, out_features=500, bias=True)
      (1): ReLU()
      (2): Linear(in_features=500, out_features=2000, bias=True)
      (3): ReLU()
      (4): Linear(in_features=2000, out_features=500, bias=True)
      (5): ReLU()
      (6): Linear(in_features=500, out_features=10, bias=True)
    )
  )
  (decoder): Decoder(
    (fc): Sequential(
      (0): Linear(in_features=10, out_features=500, bias=True)
      (1): ReLU()
      (2): Linear(in_features=500, out_features=2000, bias=True)
      (3): ReLU()
      (4): Linear(in_features=2000, out_features=500, bias=True)
      (5): ReLU()
      (6): Linear(in_features=500, out_features=10564, bias=True)
    )
  )
)
[Time: 27.01.25 20:33:25] [Level: info] [State: aggregate] Broadcasting model...
[Time: 27.01.25 20:33:25] [Level: info] transition: compute
[Time: 27.01.25 20:33:26] [Level: info] state: compute
[Time: 27.01.25 20:33:26] [Level: info] [State: compute] ITERATION 4
[Time: 27.01.25 20:33:26] [Level: info] [State: compute] receiving weights...
[Time: 27.01.25 20:33:26] [Level: info] [State: compute] Loading global weights for model...
[Time: 27.01.25 20:33:26] [Level: info] [State: compute] Updated model with received weights.
[Time: 27.01.25 20:33:26] [Level: info] [State: compute] Loading data...
[Time: 27.01.25 20:33:26] [Level: info] [State: compute] Preparing model training...
[Time: 27.01.25 20:33:26] [Level: info] [State: compute] Training model...
127.0.0.1 - - [27/Jan/2025 20:33:26] "GET /api/status HTTP/1.0" 200 158
[CTRL] GET /data
127.0.0.1 - - [27/Jan/2025 20:33:35] "GET /api/data HTTP/1.0" 200 58363374
[Time: 27.01.25 20:33:36] [Level: info] [State: compute] Epoch 50, Loss: 2028.2869873046875
/usr/local/lib/python3.8/site-packages/sklearn/cluster/_kmeans.py:1416: FutureWarning: The default value of `n_init` will change from 10 to 'auto' in 1.4. Set the value of `n_init` explicitly to suppress the warning
  super()._check_params_vs_input(X, default_n_init=10)
/usr/local/lib/python3.8/site-packages/sklearn/base.py:1152: ConvergenceWarning: Number of distinct clusters (1) found smaller than n_clusters (2). Possibly due to duplicate points in X.
  return fit_method(estimator, *args, **kwargs)
[Time: 27.01.25 20:33:36] [Level: info] [State: compute] Saving model and decoder...
[Time: 27.01.25 20:33:36] [Level: info] [State: compute] Sent updated weights to coordinator.
[Time: 27.01.25 20:33:36] [Level: info] transition: aggregate
[Time: 27.01.25 20:33:37] [Level: info] state: aggregate
[Time: 27.01.25 20:33:37] [Level: info] [State: aggregate] Waitig for local models...
127.0.0.1 - - [27/Jan/2025 20:33:38] "GET /api/status HTTP/1.0" 200 157
127.0.0.1 - - [27/Jan/2025 20:33:40] "GET /api/status HTTP/1.0" 200 157
127.0.0.1 - - [27/Jan/2025 20:33:42] "GET /api/status HTTP/1.0" 200 157
127.0.0.1 - - [27/Jan/2025 20:33:44] "GET /api/status HTTP/1.0" 200 157
127.0.0.1 - - [27/Jan/2025 20:33:46] "GET /api/status HTTP/1.0" 200 157
127.0.0.1 - - [27/Jan/2025 20:33:48] "GET /api/status HTTP/1.0" 200 157
127.0.0.1 - - [27/Jan/2025 20:33:50] "GET /api/status HTTP/1.0" 200 157
127.0.0.1 - - [27/Jan/2025 20:33:52] "GET /api/status HTTP/1.0" 200 157
127.0.0.1 - - [27/Jan/2025 20:33:54] "GET /api/status HTTP/1.0" 200 157
[CTRL] POST /data
127.0.0.1 - - [27/Jan/2025 20:33:56] "POST /api/data?client=492af3544f49e697&memo=GATHERROUND4 HTTP/1.0" 200 0
127.0.0.1 - - [27/Jan/2025 20:33:56] "GET /api/status HTTP/1.0" 200 157
[CTRL] POST /data
127.0.0.1 - - [27/Jan/2025 20:33:57] "POST /api/data?client=fb39426e1af73b82&memo=GATHERROUND4 HTTP/1.0" 200 0
[Time: 27.01.25 20:33:57] [Level: info] [State: aggregate] {'encoder.fc.0.weight': array([[-3.8678852e-01,  1.1426165e-02,  8.1441887e-02, ...,
        -1.7060666e-01,  3.0899218e-01, -1.4796458e-01],
       [ 1.8616334e-01,  1.4636807e-01,  4.0433288e-02, ...,
         6.5475017e-02, -2.3828201e-01, -2.0316853e-01],
       [-1.8173715e-01, -1.5889643e-01, -9.9414423e-02, ...,
         1.3504983e-01, -1.8007634e-02, -6.5951526e-02],
       ...,
       [-1.2982219e-01, -3.4593856e-01, -1.4388706e-01, ...,
        -1.9335513e-01,  3.3674058e-01, -2.3036966e-01],
       [ 2.1896774e-02,  3.2242873e-01,  7.9917364e-02, ...,
         2.0204687e-01, -1.0484950e-04, -1.7774528e-01],
       [ 1.1002298e-01, -4.4129007e-02, -3.2380337e-01, ...,
        -1.8617341e-02,  1.7179887e-01, -1.7820373e-02]], dtype=float32), 'encoder.fc.0.bias': array([-0.13732536, -0.40984908, -0.11948027, -0.17554455,  0.14594613,
        0.09882253, -0.13010237,  0.03769866, -0.03442211, -0.07065444,
       -0.13159905,  0.11345537, -0.13142861, -0.23494904, -0.17009035,
       -0.06044777, -0.38968635, -0.2533213 ,  0.08950755, -0.05339259,
        0.0856879 ,  0.04170325, -0.3675396 , -0.1355875 , -0.37997475,
       -0.09847363, -0.1635205 , -0.22728594, -0.23989838,  0.02219936,
       -0.12931266, -0.29647556, -0.09989256, -0.37325364, -0.01386366,
        0.09217919,  0.00598095,  0.05592971, -0.11273129, -0.09102026,
       -0.28587157, -0.2060799 ,  0.09375843, -0.05306984, -0.4188367 ,
        0.03602638, -0.01834451, -0.14215253,  0.15950534, -0.1673368 ,
        0.02578501, -0.08734202, -0.26306066, -0.2186456 , -0.10069334,
       -0.23200503, -0.08727895, -0.15133615, -0.1969096 , -0.46085173,
        0.04066757, -0.2383231 , -0.02104674, -0.30893832, -0.16102093,
       -0.30285102,  0.00327902, -0.31643376, -0.2510149 ,  0.00821017,
       -0.11036207, -0.05714265, -0.38542905,  0.04658294, -0.19704573,
       -0.16889484,  0.08039638, -0.28523764, -0.39641115, -0.18990888,
       -0.32962248, -0.36587524, -0.32014328, -0.13761298, -0.12242601,
       -0.34731382, -0.09257258,  0.12543255, -0.08784857,  0.1455257 ,
       -0.3529248 ,  0.1594252 , -0.32268843, -0.22859448, -0.09948213,
       -0.12702559, -0.37516803, -0.24200062,  0.00221646,  0.2910217 ,
        0.02318292, -0.23051588, -0.11797032, -0.38819912,  0.15132165,
       -0.22074841, -0.19859098, -0.22442655,  0.17506112, -0.12299194,
       -0.07105013, -0.24145547, -0.42220882, -0.2565707 , -0.04624253,
        0.1419017 ,  0.32815892, -0.2562964 , -0.06871416, -0.05015136,
       -0.3427252 ,  0.11058971, -0.27537695, -0.44635355,  0.11963563,
       -0.3512726 , -0.35104042, -0.02359268,  0.00435917, -0.15555264,
       -0.03663727, -0.23627804, -0.17289466, -0.51862866, -0.41298854,
        0.2006606 , -0.17188549, -0.4127461 , -0.34167495,  0.0456755 ,
       -0.13562706, -0.11673605, -0.26579824,  0.01595379,  0.09440266,
       -0.20949657, -0.30875885, -0.3423946 , -0.27040872, -0.47643647,
       -0.00563095, -0.13255526,  0.21180908, -0.1448414 , -0.1331263 ,
       -0.10179608, -0.19360939, -0.36241046, -0.07209431, -0.15349065,
        0.04453695,  0.02594464,  0.09005439, -0.08520679, -0.16522393,
       -0.41511434, -0.33407238, -0.28075948, -0.4066273 , -0.38752457,
       -0.19562298, -0.02578386,  0.02493519, -0.1445321 , -0.29023135,
       -0.22550835,  0.03718794, -0.1487415 , -0.21593241, -0.13361587,
       -0.40341693,  0.00810793,  0.25602362, -0.01842295, -0.02046362,
       -0.0190842 , -0.01842541,  0.02700537,  0.09648616, -0.28883225,
        0.0032872 , -0.01054652,  0.12706262,  0.11022782,  0.03584   ,
       -0.33908635, -0.08900671,  0.10783344, -0.18864076, -0.0449273 ,
        0.04748043, -0.48021442, -0.22418372, -0.0035281 ,  0.05054963,
       -0.45791617, -0.28979626, -0.08974384, -0.34223405,  0.13525715,
       -0.11573598, -0.01869039, -0.09410407,  0.04235298, -0.05433579,
       -0.2631478 , -0.19887646,  0.12797537,  0.05782505, -0.249799  ,
       -0.2865407 ,  0.05516823, -0.4508255 , -0.25991172, -0.12425081,
       -0.31705308,  0.1120993 ,  0.01278428, -0.47140795, -0.17599204,
       -0.02512111,  0.13579005,  0.03126205, -0.26552042, -0.20969653,
        0.02070766, -0.28377333,  0.00161905, -0.29667956, -0.23004039,
       -0.05942706, -0.04399937, -0.28653485, -0.02931873, -0.24521977,
       -0.3340453 , -0.29955605, -0.19627798, -0.09609597, -0.19702476,
       -0.02207127, -0.22967972, -0.24782039, -0.3162898 , -0.02504031,
        0.07270811, -0.43224376, -0.09033243, -0.34075433, -0.15777846,
       -0.13821279, -0.19015856,  0.20266217, -0.24239455, -0.03329126,
       -0.28025883, -0.07341951, -0.39936057,  0.05637727, -0.34825972,
       -0.4765187 , -0.35639724, -0.09843243, -0.25223443,  0.12754437,
       -0.3788984 , -0.22728685,  0.1337217 , -0.05129669, -0.38856953,
       -0.2005075 , -0.29103628,  0.09664903, -0.17651227, -0.00097005,
       -0.29094002, -0.23919903, -0.01160219, -0.02681815, -0.1185773 ,
       -0.385778  , -0.21069126, -0.27007508, -0.33578694,  0.12277932,
       -0.14538844,  0.05250454, -0.11291306, -0.18483482, -0.4219257 ,
       -0.27102605, -0.1755557 , -0.35197818,  0.03881918, -0.12337627,
       -0.11650451, -0.19670488, -0.06595817,  0.12305526,  0.00778425,
        0.0954725 ,  0.2801951 , -0.0620614 ,  0.15603831,  0.14144687,
       -0.30824953, -0.4426437 , -0.28433535, -0.01578439, -0.04871721,
       -0.44695738, -0.24658014, -0.00214424, -0.38471413, -0.16935714,
       -0.07998168, -0.32154092, -0.11761995, -0.01192041, -0.02016553,
       -0.11572461,  0.16179655, -0.0007197 , -0.05675346, -0.3125347 ,
       -0.00748151, -0.07623608, -0.4133917 ,  0.00965956, -0.13792215,
       -0.24144682, -0.17668565, -0.13610291, -0.07284722,  0.11420368,
       -0.00884803, -0.37284642,  0.03752409,  0.06196982, -0.14319976,
       -0.26933604, -0.04544816, -0.03888339, -0.02777026, -0.12216047,
       -0.46379143,  0.0103866 , -0.16060598, -0.12071256, -0.18713059,
        0.08501176, -0.42525995, -0.27784085, -0.35497275, -0.4484063 ,
       -0.25146136, -0.11468499,  0.03957312, -0.08661667, -0.39984393,
       -0.32748517,  0.14293501, -0.01452815, -0.09687562, -0.3803304 ,
        0.00141973, -0.11116013, -0.0838327 , -0.11364202, -0.13512288,
       -0.23313478,  0.11908156, -0.2930746 ,  0.10957823, -0.10415121,
       -0.21582355, -0.3782652 ,  0.15477328, -0.1364207 , -0.3085398 ,
       -0.10230544, -0.20531373, -0.3467514 , -0.17114219, -0.09937756,
       -0.31871003, -0.36399147,  0.00117714, -0.2099267 ,  0.02775911,
       -0.31344733, -0.30658427, -0.19308196, -0.24050918, -0.4667095 ,
       -0.12647131, -0.20154737, -0.0199928 , -0.15171935, -0.4177889 ,
       -0.15198629,  0.18314011, -0.26548877,  0.00785128, -0.2758529 ,
       -0.43382424, -0.2700967 , -0.3676387 , -0.070282  ,  0.06118384,
       -0.06968863, -0.09742667, -0.21499553, -0.15094258, -0.19428374,
        0.08757111, -0.08972678,  0.0178354 ,  0.03867031, -0.16194922,
       -0.2746913 ,  0.02513277, -0.07428843, -0.10365495, -0.27380782,
       -0.02296943, -0.0229714 , -0.2688658 ,  0.1228852 , -0.08379258,
       -0.29260227, -0.16594447, -0.28555122, -0.11755244, -0.18298791,
       -0.05380449, -0.1617289 ,  0.05555264, -0.3866019 ,  0.12406689,
        0.05059861,  0.0050983 , -0.51781535, -0.28560683,  0.06258985,
       -0.3394674 , -0.29128388, -0.39900938, -0.28049976, -0.33517554,
       -0.32163233, -0.12305537, -0.02982737, -0.04306168, -0.03227451,
        0.12013174,  0.00857197, -0.13354342,  0.11225589, -0.38348502,
       -0.04037773, -0.172113  , -0.19159353, -0.2813105 , -0.37545174,
       -0.01633148, -0.18662378, -0.24136427, -0.09832199, -0.08120816,
        0.09636349, -0.0197866 , -0.30013257, -0.3139632 ,  0.03469889,
       -0.342398  , -0.3089476 , -0.26375145, -0.06387164,  0.10052519,
       -0.34441945, -0.35908207, -0.42410216, -0.07303689, -0.15498993,
       -0.24437736, -0.01239183,  0.37304112, -0.15675403,  0.01933346],
      dtype=float32), 'encoder.fc.2.weight': array([[-0.49366355,  0.34958845, -1.0666068 , ..., -0.18149509,
        -0.7751088 ,  1.0279969 ],
       [ 0.2745975 , -0.08677558,  0.05388121, ...,  0.20383367,
        -1.2874527 ,  0.3377082 ],
       [-0.80736226, -0.9185411 , -0.6641436 , ..., -0.39263904,
        -0.42835307, -0.46284106],
       ...,
       [-0.44617838, -0.70911086, -0.3282452 , ...,  0.1735449 ,
         0.4722684 , -0.00548037],
       [-0.42036262,  0.73766243, -0.07189009, ..., -0.7152046 ,
         0.28228506, -0.7451549 ],
       [-1.026503  ,  1.0685384 , -0.6851216 , ...,  0.18643951,
        -0.56825733,  0.8239141 ]], dtype=float32), 'encoder.fc.2.bias': array([-1.189961  ,  0.14988138, -0.15484406, ...,  0.9990907 ,
        0.49337173,  0.40269345], dtype=float32), 'encoder.fc.4.weight': array([[-0.08904696, -0.7230059 , -0.11097641, ..., -0.42335415,
        -0.2852397 , -0.6527132 ],
       [ 0.11720644, -0.28221   , -0.22928911, ...,  0.02119375,
         0.39123067,  0.1169718 ],
       [ 0.23721811, -0.42692804, -0.44539827, ..., -0.10392401,
         0.28187972, -0.46428537],
       ...,
       [-0.6537639 ,  0.14651573,  0.4086349 , ..., -0.2321922 ,
        -0.17330597, -0.07503635],
       [-0.35458952,  0.10356395,  0.03281009, ...,  0.46647516,
         0.33728004,  0.03653115],
       [-0.7329404 , -0.12468773,  0.01417754, ..., -0.50328726,
         0.29451928, -0.22116765]], dtype=float32), 'encoder.fc.4.bias': array([-5.54042280e-01, -2.45066315e-01, -8.24101344e-02, -5.53982019e-01,
       -4.43025172e-01, -6.57006025e-01,  5.05329035e-02, -2.50264585e-01,
       -4.44845796e-01, -1.31797865e-01,  2.07475945e-01,  1.71190515e-01,
       -5.28659225e-01, -5.64032197e-01,  9.09467936e-02,  4.44146246e-02,
       -6.10036016e-01, -2.76645683e-02, -2.63416559e-01,  3.57932568e-01,
       -4.84279215e-01, -5.07944345e-01, -5.23157954e-01, -2.48064309e-01,
        2.39589721e-01, -5.74617647e-02,  1.41720086e-01,  4.28896666e-01,
       -1.10814422e-01, -9.84774064e-03,  2.90583134e-01, -1.09271146e-01,
        2.23553717e-01, -2.11641103e-01, -3.22334737e-01, -4.59668040e-01,
        1.01706073e-01,  2.81480610e-01,  1.38095140e-01,  3.70605707e-01,
        2.96410978e-01,  3.24765265e-01,  3.67543936e-01,  4.63080630e-02,
        3.46265137e-01,  4.51539382e-02, -4.83743221e-01,  5.65539241e-01,
        1.75948888e-01, -4.59928215e-01,  5.12624323e-01, -3.75678509e-01,
        8.65181983e-02,  4.11836132e-02, -5.32902241e-01, -2.91167319e-01,
        3.01785588e-01,  5.20755112e-01, -3.73796895e-02,  4.89640534e-01,
        4.34963703e-01,  2.52538994e-02,  1.19993426e-01,  2.39414722e-01,
       -3.38438243e-01, -1.26265615e-01,  3.38162296e-02, -2.29249656e-01,
       -2.14960752e-03,  3.58280182e-01,  3.90258014e-01, -7.00953364e-01,
        3.11167464e-02,  4.33759689e-01, -2.66038626e-01,  1.30444139e-01,
       -4.96983469e-01, -5.03566954e-03, -4.37743664e-01,  3.20761651e-01,
        3.80233496e-01,  2.68821269e-01, -7.61845261e-02, -4.44610059e-01,
       -5.97767889e-01,  1.90922350e-01, -8.72650445e-02, -6.11006975e-01,
       -6.29689693e-01,  2.20063716e-01, -4.68398392e-01,  2.12266520e-02,
       -5.54517031e-01, -1.46299630e-01,  2.68259048e-01, -2.00552702e-01,
        2.19452620e-01, -7.10302114e-01,  5.08372426e-01, -3.53397071e-01,
        2.95133293e-01,  4.49046433e-01,  2.82620788e-01, -4.87093031e-02,
       -1.49750948e-01,  2.66659379e-01, -2.79855639e-01, -2.71811217e-01,
       -4.98892963e-01,  5.21939516e-01,  6.88283592e-02,  2.55597591e-01,
        1.57104194e-01, -5.11843681e-01,  1.04520001e-01, -3.45236480e-01,
        3.60427946e-02, -8.44960809e-02,  4.55390990e-01, -2.92056650e-02,
       -6.44680858e-01, -1.34316325e-01, -5.71597457e-01, -2.26045519e-01,
       -5.78753173e-01,  9.98651832e-02, -8.52518454e-02, -3.28770280e-01,
        3.72162551e-01,  1.70296505e-01, -2.36782864e-01,  6.08218968e-01,
       -3.01979005e-01, -6.00717664e-01,  4.34599876e-01,  1.05120027e-02,
        2.94825971e-01,  4.98022102e-02, -5.54392338e-01,  1.40286878e-01,
       -7.27187157e-01, -5.47867537e-01, -4.74850833e-01, -1.34401277e-01,
        1.26051143e-01,  1.90810874e-01,  4.00608808e-01,  5.17944634e-01,
        2.10852489e-01, -1.08816914e-01, -3.77455413e-01,  1.74948841e-01,
        4.15901184e-01,  8.99061337e-02, -6.27811719e-03, -4.73729134e-01,
       -2.11293861e-01,  4.24908012e-01,  8.06703642e-02, -7.95241296e-02,
       -3.86014469e-02, -6.10206962e-01,  3.78596485e-01, -2.20476404e-01,
       -1.98308229e-01, -4.22604382e-01,  4.40398961e-01, -7.11803555e-01,
       -2.75089175e-01,  2.77427644e-01,  4.64448273e-01,  6.34383932e-02,
       -6.69003129e-01,  3.62316489e-01,  3.61238420e-01, -3.17926928e-02,
        1.58703789e-01,  1.92281097e-01, -4.78152633e-01,  1.87328849e-02,
       -5.39262414e-01, -3.67406726e-01, -4.83982772e-01,  3.32609296e-01,
        3.68863910e-01,  3.13218594e-01, -3.02334994e-01,  4.24727440e-01,
       -4.50124264e-01,  3.14093381e-01, -2.92752415e-01, -3.22376788e-01,
       -6.58020675e-02,  4.57211770e-02, -3.90531242e-01,  1.56402543e-01,
        1.57703295e-01,  1.98818982e-01,  5.71447164e-02, -2.99650043e-01,
       -5.77027440e-01, -6.25089258e-02, -3.33643854e-01, -6.33922338e-01,
        3.39572847e-01,  4.56229389e-01, -4.74768311e-01, -2.01551512e-01,
       -2.36286789e-01,  2.73385663e-02,  4.14758980e-01,  3.25125903e-01,
        3.51608574e-01,  3.27542424e-01,  5.19752860e-01,  5.09457290e-01,
       -5.91108561e-01, -6.90258265e-01, -1.68534085e-01, -6.19325578e-01,
       -2.24693507e-01,  3.82682800e-01, -1.20342478e-01, -4.60443705e-01,
        4.57901120e-01,  3.14617306e-01,  4.41721797e-01, -9.00833458e-02,
       -5.62298417e-01,  5.83075825e-03, -2.98520714e-01,  3.27120304e-01,
        2.65038848e-01,  1.81414247e-01,  3.83933663e-01,  8.05831179e-02,
       -2.25218326e-01, -3.75303626e-01,  1.67010590e-01,  8.90577659e-02,
       -4.77869920e-02,  4.51581717e-01,  2.20461026e-01, -2.35587418e-01,
       -7.11453915e-01,  1.52851745e-01,  2.18374342e-01,  4.03116763e-01,
        1.77802473e-01,  2.67388344e-01, -1.15591578e-01,  1.52591348e-01,
       -6.16760612e-01,  4.70398545e-01,  8.45302120e-02, -5.64509571e-01,
       -3.73491853e-01,  3.45963165e-02, -6.88085318e-01, -4.99933004e-01,
        1.66659132e-01,  1.35193944e-01, -1.53351903e-01, -5.51190317e-01,
       -1.51308328e-01, -3.35643254e-02, -2.22609192e-01, -4.54598576e-01,
       -2.17304975e-01,  4.99542415e-01, -9.73689333e-02,  2.04344288e-01,
       -2.35096857e-01,  2.85303116e-01,  3.41215491e-01, -3.38841915e-01,
       -4.45063412e-01, -5.08723378e-01, -3.16126049e-01,  3.61650437e-02,
        3.16829741e-01, -9.07429904e-02, -6.06124163e-01, -5.70151329e-01,
       -6.58623695e-01, -6.10805035e-01, -2.93551475e-01, -6.27362370e-01,
       -2.61203229e-01, -2.30789691e-01,  3.16771895e-01, -8.60160217e-02,
       -3.19866866e-01,  1.27704907e-03, -4.67094541e-01,  2.72887331e-02,
        3.69883299e-01,  4.81440842e-01,  3.88134241e-01,  3.54361326e-01,
        6.57611564e-02, -3.98745477e-01, -2.74547160e-01, -5.27153607e-04,
       -4.42852378e-01, -6.30150914e-01, -1.79636031e-01, -3.64301950e-01,
       -7.00970232e-01,  7.47699887e-02,  2.62770891e-01,  4.84678932e-02,
        2.05979884e-01, -3.74310106e-01, -8.55529159e-02, -1.32758720e-02,
        3.82700354e-01, -4.26333040e-01, -7.31322169e-01,  3.79058540e-01,
        6.31105542e-01,  3.90745550e-02, -3.33819836e-02, -5.13862848e-01,
       -9.04999003e-02, -4.11253005e-01, -2.59747297e-01, -5.49614310e-01,
       -1.75593317e-01, -4.95355666e-01, -8.28743875e-02, -3.57127815e-01,
       -4.19699878e-01,  2.13906065e-01, -4.88776118e-01, -1.07387573e-01,
        1.81406274e-01, -4.77832854e-01, -5.13170123e-01,  4.06447053e-01,
       -4.43097539e-02,  8.28077868e-02, -7.02348232e-01,  7.57541060e-02,
        4.16711152e-01,  5.22433341e-01, -5.77578068e-01,  2.58481860e-01,
       -3.53739321e-01,  1.05707422e-01, -5.89953244e-01,  2.71776378e-01,
        3.68572660e-02, -6.84046984e-01, -4.73767728e-01,  2.08027303e-01,
        1.91212445e-02,  9.77344885e-02,  2.27475777e-01,  4.38776106e-01,
       -1.04325086e-01,  2.40374118e-01, -6.44500613e-01,  1.71866059e-01,
       -3.78233075e-01, -2.85052121e-01, -5.57271421e-01, -1.03608035e-01,
       -6.57549143e-01, -2.76979774e-01, -6.06018864e-02, -7.69451410e-02,
       -5.10008931e-01,  9.24621988e-03, -5.90779558e-02, -1.84976503e-01,
       -3.68006080e-01, -2.50332952e-01, -3.99765313e-01, -4.34053957e-01,
        5.59911609e-01,  4.13038105e-01, -3.40671726e-02, -1.23772308e-01,
        3.87137353e-01, -1.85948968e-01, -2.57064193e-01, -5.45940042e-01,
       -2.05597773e-01,  1.27903922e-02,  5.18488623e-02, -7.24610209e-01,
       -3.55240613e-01, -6.60119534e-01,  3.91075388e-02, -1.02270491e-01,
       -7.05753863e-01, -5.26376843e-01,  1.67114273e-01, -3.64843458e-01,
        2.94447482e-01, -4.63622451e-01,  3.44944820e-02, -3.83008063e-01,
        2.23325961e-03,  4.79303837e-01,  3.03931981e-02, -2.55840570e-01,
       -1.26116440e-01, -5.02461433e-01,  1.51873022e-01, -6.17064461e-02,
       -9.00665596e-02,  4.08124864e-01, -2.74362028e-01, -2.28637382e-01,
       -4.36708987e-01, -2.93226372e-02, -5.92652917e-01, -2.22625673e-01,
       -1.04297996e-01,  4.92474258e-01, -6.90110207e-01, -1.25782162e-01,
       -4.66472715e-01, -1.90714449e-01, -2.70618238e-02, -3.36996049e-01,
       -3.39812934e-01, -3.05626333e-01, -1.23904586e-01, -4.94631886e-01,
        2.80611575e-01, -1.06381074e-01,  4.30645883e-01, -1.80649415e-01,
       -6.40884161e-01,  4.41794068e-01, -1.19028457e-01, -4.64191198e-01,
       -4.85227585e-01, -2.02218756e-01,  4.69496697e-02, -1.94455624e-01,
        1.94265857e-01, -3.55695784e-01, -1.73227061e-02, -2.18751132e-01,
       -9.37457979e-02, -5.88769555e-01, -5.47891855e-01, -1.47023529e-01,
        2.01659963e-01, -1.00418098e-01,  4.82083529e-01, -7.11158395e-01,
       -6.33035302e-01,  1.55297536e-02,  7.65246227e-02, -2.30902046e-01,
       -5.03675282e-01, -7.06737936e-01, -5.57686806e-01,  2.13733524e-01,
        7.57290125e-02,  5.29452786e-02, -3.23870212e-01, -2.10960656e-01,
        5.78210771e-01, -5.44920802e-01, -6.32064819e-01, -4.18435961e-01,
       -3.58217597e-01,  2.34025329e-01,  4.50301945e-01, -3.87273252e-01,
       -1.08661659e-01, -5.29705703e-01,  4.92120594e-01, -3.76124024e-01,
       -1.45682231e-01, -1.00160629e-01,  4.21907812e-01, -2.01469541e-01,
        2.80845165e-01, -4.34750378e-01,  6.11530012e-03, -3.20697755e-01,
       -3.34032416e-01, -3.64333332e-01, -5.09820223e-01, -6.40516937e-01,
       -6.45388616e-03,  2.03705654e-01, -4.06909734e-01, -1.13593556e-01,
       -5.18279314e-01,  9.90711600e-02,  1.38877491e-02,  3.69530261e-01],
      dtype=float32), 'encoder.fc.6.weight': array([[-0.81496847, -0.6231626 ,  0.12742248, ..., -0.42351663,
        -0.30860096, -0.9107507 ],
       [ 0.9785605 ,  0.9927219 ,  1.0845168 , ...,  0.88685215,
        -1.0782421 ,  0.6458965 ],
       [-0.37108418, -0.56964695, -0.6793468 , ..., -0.01936591,
         0.73054004, -1.0842507 ],
       ...,
       [ 0.4303528 , -1.0512143 ,  0.4766277 , ..., -0.8161657 ,
         0.43971038,  0.98555624],
       [ 0.7119992 , -0.4692943 ,  0.05614575, ...,  0.05532691,
        -0.03058896,  0.9760746 ],
       [-0.6803775 ,  0.5945238 ,  0.7301471 , ...,  0.4232279 ,
        -0.6786247 ,  0.7957923 ]], dtype=float32), 'encoder.fc.6.bias': array([ 0.60237944, -0.21142186, -0.6865048 ,  0.15141988, -0.47212452,
       -0.8574771 ,  0.6236209 ,  0.7524311 ,  0.31248158, -0.81898314],
      dtype=float32), 'decoder.fc.0.weight': array([[-2.6860747 ,  6.4147177 ,  6.469346  , ...,  2.5358934 ,
        -0.8464245 ,  1.9439256 ],
       [-4.736067  ,  4.05214   , -2.1710298 , ..., -5.3952603 ,
        -2.1381536 , -7.9295807 ],
       [-6.8841076 , -2.7556708 ,  0.5421321 , ..., -3.876296  ,
        -2.641939  , -6.2696342 ],
       ...,
       [-8.693838  ,  0.40163016, -3.000891  , ...,  6.491264  ,
         1.5091941 , -0.09029542],
       [ 4.79141   , -4.822305  ,  5.479909  , ...,  1.6950917 ,
        -7.7154326 , -3.8775592 ],
       [ 3.3800874 ,  1.5966469 , -7.864458  , ...,  4.7348604 ,
        -6.110681  , -3.2344985 ]], dtype=float32), 'decoder.fc.0.bias': array([-2.66693354e+00, -1.41348505e+00,  2.27323484e+00, -6.41636801e+00,
        2.50460315e+00,  7.03418159e+00,  7.58973551e+00,  1.54714167e+00,
       -6.91677904e+00,  2.41577578e+00, -6.00600362e-01, -7.02241039e+00,
       -1.90813220e+00,  1.98461175e+00, -5.39969087e-01,  9.57696617e-01,
       -2.01521802e+00,  1.22901358e-01,  5.11997843e+00, -1.89388621e+00,
       -3.88131523e+00,  3.01814055e+00,  8.30379009e-01, -3.50410724e+00,
        5.67501211e+00,  5.13303280e+00,  4.18656206e+00,  4.93387461e+00,
       -3.17715287e+00,  2.56811857e+00,  5.98934889e+00, -1.77368665e+00,
        6.03823280e+00, -7.22804165e+00,  5.56088066e+00, -2.89978313e+00,
        2.12771606e+00,  8.17468357e+00, -5.17550039e+00, -7.63191700e+00,
       -5.88510609e+00,  2.49652576e+00, -6.94689322e+00,  2.10255384e+00,
        8.56527519e+00, -2.65403569e-01, -2.01035643e+00,  5.80636692e+00,
        6.61974001e+00,  4.96585101e-01, -7.35455036e+00, -6.96085358e+00,
       -2.37421942e+00,  3.74184918e+00, -3.03482032e+00, -7.94443846e-01,
        7.08361292e+00,  8.17637539e+00, -5.58560705e+00, -2.82554579e+00,
       -4.02925634e+00,  7.22918928e-01, -2.17507553e+00,  4.39529991e+00,
        8.53032303e+00,  6.02080870e+00,  2.11214733e+00, -1.98926747e+00,
       -6.42455769e+00, -5.95505047e+00,  5.21948957e+00,  4.93253469e+00,
       -2.36480451e+00,  1.13366151e+00, -6.84935045e+00,  7.68854046e+00,
        4.82542992e+00,  8.00605774e+00,  5.93069196e-02, -2.85870123e+00,
        6.59137845e-01, -7.91141033e+00,  3.00521374e+00,  5.05732250e+00,
        6.14322233e+00, -4.03203821e+00,  7.84808397e+00, -4.42928076e+00,
        6.69738722e+00, -3.76944828e+00, -1.01419222e+00, -8.06249523e+00,
       -3.88999075e-01, -4.27638578e+00, -1.45957661e+00, -3.64803858e-02,
       -4.46184725e-01, -4.34867573e+00, -4.59121466e+00,  8.27669621e+00,
        6.24245167e+00, -6.31865597e+00, -4.76715899e+00, -8.06725311e+00,
        3.98562503e+00, -5.58416700e+00, -1.43519118e-01,  5.24785578e-01,
       -2.04392123e+00, -6.26178026e+00,  1.62065792e+00,  1.05679750e+00,
       -1.77810121e+00,  1.94054270e+00, -2.61380124e+00,  1.72823453e+00,
        8.94294202e-01,  5.10941172e+00,  3.03475165e+00,  3.65170217e+00,
        6.53267908e+00, -1.85952783e+00,  4.94112682e+00,  4.76103592e+00,
       -3.00560093e+00,  1.38763714e+00, -4.66802925e-01,  5.88050318e+00,
        6.86565697e-01, -1.72004366e+00, -3.06700420e+00, -6.90333700e+00,
       -1.33995926e+00,  4.43220329e+00, -8.03290176e+00, -7.20761299e+00,
       -3.73497200e+00, -3.51410079e+00, -8.25254726e+00, -3.82409239e+00,
       -1.59327435e+00,  2.85280561e+00, -3.38271666e+00,  4.57633495e-01,
        5.39555931e+00,  6.73265791e+00, -5.04176617e+00,  5.79771471e+00,
        7.58817816e+00, -2.19594598e+00, -6.07924795e+00,  7.30006361e+00,
        4.35204983e-01, -2.99903083e+00,  7.58389139e+00,  7.05870676e+00,
        8.09535789e+00, -6.19481468e+00,  4.46940947e+00, -7.04577017e+00,
        2.54728103e+00, -2.98424530e+00,  5.04212332e+00, -1.32725644e+00,
        4.89869547e+00, -2.75647259e+00,  4.79406071e+00,  2.94470501e+00,
        8.44328213e+00, -2.19602942e+00, -7.50922489e+00, -8.19589424e+00,
       -1.49606252e+00,  6.97347927e+00,  8.65056992e+00,  5.75992918e+00,
       -4.61622190e+00,  3.53980470e+00, -4.26313496e+00, -6.97737026e+00,
       -1.76324582e+00, -3.07349086e+00,  7.86314249e+00,  1.99480569e+00,
       -6.42866087e+00,  3.24208689e+00,  8.24696422e-02,  5.81158161e+00,
        6.07710838e+00,  1.96328926e+00, -6.21580124e+00,  1.23615968e+00,
        7.01305676e+00, -8.40051174e+00, -4.99149370e+00,  4.72130442e+00,
        4.02105618e+00,  1.48768520e+00,  2.55270386e+00,  6.54845047e+00,
        8.19095135e+00, -2.61312461e+00,  5.85229516e-01,  7.02116966e+00,
       -5.88128805e+00,  6.25712013e+00,  3.48698545e+00,  1.20415568e+00,
       -2.13340545e+00, -5.59788287e-01,  4.58010483e+00,  3.84280348e+00,
        2.05585527e+00, -4.53130245e+00, -1.94091573e-01, -7.76073503e+00,
       -5.65569973e+00,  2.90158057e+00,  9.09096301e-01,  6.28174114e+00,
        2.77872777e+00, -7.23743534e+00,  1.52214098e+00,  1.89296365e+00,
        2.78775620e+00, -5.93211460e+00,  8.59783554e+00, -4.31440592e+00,
        2.49342942e+00,  5.22015285e+00, -9.00673866e-02,  1.31962943e+00,
        2.82787859e-01,  4.12467813e+00,  6.09249163e+00,  1.56875312e+00,
        9.87051904e-01,  5.44181108e+00,  1.02500486e+00,  8.06025445e-01,
       -3.55133462e+00,  3.86779833e+00,  3.34234595e+00,  4.71328115e+00,
        5.60422659e+00,  4.49984455e+00, -4.05946827e+00,  2.38724494e+00,
        6.72456408e+00,  6.79314899e+00, -5.09338427e+00, -4.16782856e+00,
       -1.34347945e-01,  3.10868025e+00, -1.91647366e-01,  4.82431126e+00,
        3.63086462e+00, -7.78866911e+00, -1.27783418e-01,  5.45646763e+00,
       -6.83405757e-01, -4.60668850e+00, -8.21586704e+00, -4.73595333e+00,
        1.44929123e+00, -5.39655352e+00,  5.57871866e+00, -6.93040419e+00,
        2.94309282e+00,  7.77076304e-01, -7.61364996e-02,  5.51703215e+00,
       -9.71201181e-01, -7.44669294e+00,  2.29454303e+00, -7.24189806e+00,
       -7.27760077e-01,  8.06227779e+00, -4.45528412e+00,  3.14345527e+00,
       -7.14594221e+00, -5.41883612e+00,  5.11927068e-01,  2.84361339e+00,
       -5.48977494e-01, -6.28068864e-01, -3.43519783e+00, -6.06831121e+00,
        3.49884963e+00, -6.27638721e+00,  2.98923492e-01,  7.77905607e+00,
        5.34193659e+00,  6.63127518e+00, -5.20885944e+00,  4.42898893e+00,
       -3.57804322e+00, -5.41886711e+00,  4.98240805e+00,  7.69613504e+00,
        1.88152814e+00,  1.55342889e+00,  1.25316548e+00, -4.95376253e+00,
        7.36208057e+00, -1.91779518e+00,  7.65069544e-01,  5.97765064e+00,
       -1.15583055e-02,  1.79828238e+00,  1.33834183e+00, -3.58998919e+00,
        8.11058807e+00, -3.35323787e+00, -1.71411610e+00,  6.58417988e+00,
        4.27805567e+00, -4.01597404e+00,  4.00574350e+00, -5.23190737e+00,
        7.64641285e+00, -7.02268124e+00,  4.49644232e+00,  2.27161646e+00,
       -6.57742071e+00,  3.72349000e+00, -3.14997053e+00, -8.58564019e-01,
       -8.50126171e+00,  2.01715446e+00,  3.05560112e+00,  6.48594379e+00,
       -4.25932693e+00, -8.64322722e-01,  4.22813034e+00,  9.77442980e-01,
        6.48131561e+00, -6.84796858e+00,  7.52397013e+00,  7.73039341e+00,
        5.66463089e+00, -2.62850428e+00,  4.81613874e+00, -8.09472466e+00,
        5.71514273e+00,  1.37286842e+00, -1.45311797e+00,  2.32593274e+00,
       -1.99934685e+00, -3.26747274e+00, -2.95883417e+00, -2.44571757e+00,
        4.60740042e+00, -1.30039096e+00, -7.77104998e+00,  2.08883882e+00,
       -2.51999404e-03, -3.34483528e+00,  6.71700191e+00, -4.56378365e+00,
        4.65522242e+00, -5.79569626e+00, -4.16859150e+00,  5.94034624e+00,
       -2.41104293e+00,  6.60877419e+00, -4.10160017e+00, -4.99348974e+00,
        7.63048506e+00,  2.58773661e+00, -6.89639378e+00, -5.42832232e+00,
       -4.27702338e-01, -5.05195260e-01,  7.06192923e+00, -8.35013676e+00,
       -1.61644530e+00,  1.35919607e+00,  2.82459044e+00, -1.66415048e+00,
        8.00355002e-02, -6.23810625e+00,  6.12272310e+00,  3.10883570e+00,
        4.20185614e+00,  5.95818329e+00,  8.32075626e-02,  1.79155922e+00,
       -7.35207272e+00, -6.77376091e-01,  7.30402052e-01,  7.22134113e+00,
       -4.20583487e+00, -3.71452022e+00,  5.89806414e+00,  5.53514004e+00,
        6.55476809e+00, -4.58069754e+00, -8.34383965e+00,  7.31486368e+00,
       -8.57033348e+00, -2.25456738e+00,  3.66623878e+00,  1.12510884e+00,
       -3.46164823e+00, -7.37633944e+00, -7.44822693e+00, -5.97638845e+00,
       -5.32295048e-01,  4.81095600e+00, -8.00381470e+00, -7.54785061e+00,
       -5.97155616e-02,  7.34070718e-01, -2.52432323e+00, -3.67123723e+00,
        6.87940693e+00,  6.44982481e+00,  4.91519022e+00,  7.62426901e+00,
       -1.18756771e+00, -2.54705763e+00,  1.74165487e+00,  6.57796860e+00,
        1.37659147e-01,  3.30356193e+00, -5.29290962e+00,  2.53637362e+00,
       -5.32611942e+00, -2.71085590e-01,  8.26356792e+00, -4.15812302e+00,
        3.17538381e+00, -3.52112651e+00, -5.38584042e+00,  6.61296320e+00,
       -3.79072809e+00, -5.57135820e+00, -4.29874897e+00,  5.67546940e+00,
       -1.64585936e+00, -8.00098228e+00, -1.28259528e+00,  4.25042963e+00,
       -7.26860046e+00, -9.94013727e-01, -6.06857538e+00,  7.32156467e+00,
       -6.47856855e+00, -6.48749256e+00, -6.85047340e+00, -5.85632753e+00,
       -6.69962978e+00,  5.32268763e+00, -7.36353338e-01, -8.74483883e-01,
        6.56248426e+00, -3.47581482e+00, -6.13474846e+00,  2.72975135e+00,
       -3.77609396e+00, -2.12492967e+00, -6.81667757e+00, -6.63189840e+00,
        7.66383028e+00,  1.16806138e+00,  2.82508254e+00,  6.45008802e+00,
        3.91583753e+00, -7.50490856e+00,  6.76392031e+00, -7.89421654e+00,
       -4.76000881e+00,  7.16559792e+00, -3.13529158e+00, -1.81940472e+00,
       -2.17565751e+00,  5.69635820e+00,  8.64048481e+00,  3.55443382e+00,
       -3.63684034e+00,  7.93947887e+00,  3.94098759e+00, -7.55967474e+00,
       -1.22540617e+00, -2.58991504e+00, -4.31650400e+00, -8.07029533e+00,
       -5.59770465e-01,  8.54104233e+00, -7.29718399e+00, -6.18899632e+00,
       -4.10279322e+00,  6.48823881e+00, -6.38277149e+00, -1.83493304e+00,
       -5.93696737e+00,  7.50148010e+00,  7.88487625e+00,  3.38855773e-01],
      dtype=float32), 'decoder.fc.2.weight': array([[-0.9389458 ,  0.5276601 , -1.3699944 , ...,  1.076393  ,
        -1.1577808 ,  0.9482528 ],
       [ 0.89122534, -0.0870631 , -0.48597133, ..., -0.22618617,
         0.970758  ,  0.53875995],
       [ 0.7399752 , -1.3367997 , -0.01555262, ...,  1.0847305 ,
         0.7078803 ,  0.19274068],
       ...,
       [ 0.75842667, -0.9649763 , -0.68066746, ...,  0.9070425 ,
        -1.268608  ,  0.15160146],
       [ 0.46751088, -0.24710245, -0.79481393, ..., -0.6453915 ,
         0.91271687,  0.4704392 ],
       [-0.23836346,  0.25600627,  0.03756558, ..., -0.34163126,
        -0.15184218, -0.19789031]], dtype=float32), 'decoder.fc.2.bias': array([ 0.6801284 ,  1.1198721 ,  0.5652925 , ..., -0.62752074,
       -0.9405162 , -0.9461195 ], dtype=float32), 'decoder.fc.4.weight': array([[-0.54497784,  0.49860203,  0.07590646, ..., -0.24738792,
         0.32467583, -0.12462808],
       [-0.4214345 , -0.3537373 , -0.10369167, ..., -0.30308414,
        -0.45396245, -0.40050375],
       [ 0.05296617,  0.15118875, -0.40534353, ..., -0.1742118 ,
         0.21824546, -0.48517358],
       ...,
       [-0.23721837, -0.12167136,  0.5286165 , ..., -0.0406598 ,
        -0.24975137, -0.6021232 ],
       [ 0.25152463,  0.36221382,  0.71324044, ..., -0.02716426,
        -0.3763849 ,  0.2486643 ],
       [-0.46694094, -0.03696699,  0.4455738 , ...,  0.03313884,
         0.4950874 , -0.24586692]], dtype=float32), 'decoder.fc.4.bias': array([-0.21322076, -0.5493665 , -0.75469744, -0.38834488,  0.23222557,
        0.3266024 , -0.2753622 ,  0.01887933,  0.0808882 ,  0.36170822,
       -0.23696114,  0.0563873 ,  0.19419098, -0.32637855,  0.35888895,
       -0.18344426, -0.45236492, -0.48384547, -0.01496322,  0.31539947,
        0.28850162, -0.20756815,  0.15810837,  0.01308631, -0.00918201,
       -0.14296038,  0.10806297, -0.38103843,  0.33608976, -0.48685682,
       -0.53984207,  0.5200143 ,  0.34513396, -0.41385722,  0.29318523,
        0.359227  , -0.5843086 ,  0.2855773 ,  0.09916772, -0.28624645,
       -0.04810087, -0.72810847, -0.64958614, -0.43360192,  0.517804  ,
       -0.09458103, -0.5156432 ,  0.23675634, -0.2728469 , -0.4261021 ,
       -0.6209198 ,  0.10849702,  0.09657659, -0.7129458 , -0.56285006,
        0.20391966,  0.38904312, -0.60690725, -0.5561973 ,  0.05243805,
       -0.19259529,  0.07120219,  0.25981212,  0.49136442, -0.17567173,
        0.11085239,  0.13117422, -0.4104383 ,  0.15209796, -0.6935404 ,
       -0.5536051 , -0.09499642,  0.01436182,  0.327853  , -0.11928196,
       -0.34747094,  0.5832741 ,  0.4231964 , -0.43321276, -0.15817186,
        0.60189766, -0.53014755, -0.6852465 ,  0.18825053,  0.5645917 ,
       -0.6103027 , -0.38807198, -0.39248666, -0.66632456, -0.40390718,
       -0.6218061 ,  0.1651528 ,  0.53848016,  0.46536085, -0.68525136,
       -0.5595884 , -0.25580573,  0.14318871,  0.0206439 , -0.5027344 ,
        0.5512903 , -0.21295169,  0.5404064 , -0.5842975 ,  0.18102027,
        0.5618099 , -0.08835398,  0.45106936, -0.19871496,  0.5730032 ,
        0.06649946, -0.16082212,  0.27686465,  0.14175066, -0.02348518,
        0.43612665,  0.10639844, -0.39069712, -0.02124766,  0.49647218,
       -0.34076473,  0.1997479 , -0.22143537,  0.12619166, -0.05881453,
        0.00295195, -0.9139468 ,  0.40008008, -0.39700818,  0.51076984,
        0.28618437,  0.19046679, -0.20338932, -0.08984816, -0.30761304,
       -0.4161761 , -0.53577495, -0.20057948,  0.2565864 ,  0.51419175,
       -0.20066155,  0.33067745,  0.20420028,  0.1771735 ,  0.2599593 ,
       -0.44925964, -0.42965418,  0.11612295, -0.35338506,  0.4641192 ,
       -0.17010689,  0.08459906,  0.33456737,  0.11377846, -0.05722518,
       -0.24832506, -0.523344  , -0.36880517,  0.23481108, -0.10773471,
       -0.15899569, -0.3465064 , -0.56588936, -0.49701113, -0.11666572,
        0.36391973,  0.15294717, -0.43485987, -0.10854605, -0.49861786,
       -0.1631984 , -0.6101596 , -0.3354639 , -0.22473024, -0.5665337 ,
        0.15664862, -0.60870105, -0.49340126,  0.5543234 ,  0.47917882,
       -0.01818603, -0.55106115,  0.10658013, -0.6029325 , -0.60360664,
        0.33088854, -0.12931064,  0.07328382,  0.25700915,  0.35073423,
       -0.51115197,  0.2801267 ,  0.36988807, -0.5606572 , -0.8031769 ,
        0.11556748,  0.42191553, -0.04691567,  0.5074358 , -0.27494973,
        0.09025041, -0.54545873, -0.57467914, -0.09371465,  0.5775705 ,
       -0.29362446,  0.35131943, -0.46642402,  0.39739197, -0.34689632,
       -0.37682778,  0.21128856,  0.01454234,  0.49415615,  0.4880264 ,
        0.2635139 ,  0.30580175, -0.200654  ,  0.18103771, -0.01665004,
       -0.4091484 ,  0.4451096 , -0.19912621,  0.3494814 , -0.57295156,
       -0.08336052, -0.04028607, -0.56814796,  0.62385106,  0.22466919,
       -0.09205218, -0.37510112, -0.6856196 , -0.53658277, -0.53137994,
       -0.03980163, -0.19830616, -0.32362095, -0.04120488,  0.40232357,
        0.28660098,  0.0416521 ,  0.38010424, -0.15046398, -0.7522862 ,
        0.35965198, -0.14212315, -0.3582511 ,  0.01522928,  0.14065212,
       -0.11720314,  0.4922082 ,  0.12695555,  0.22037871,  0.6242466 ,
       -0.03874147, -0.5997205 , -0.4262771 ,  0.2648982 , -0.49095768,
       -0.42995298,  0.16878161,  0.2632897 , -0.01950802, -0.5744067 ,
       -0.10759462, -0.655924  , -0.10543567, -0.3152217 , -0.49314103,
       -0.44506565,  0.15793103, -0.23987412,  0.40954447,  0.21982914,
        0.3568077 , -0.2638772 ,  0.30313337, -0.42759427, -0.49852765,
       -0.14616118,  0.15689807, -0.4800601 , -0.63374645,  0.3231279 ,
        0.14343052, -0.2537746 ,  0.11477885, -0.5132314 , -0.46576187,
       -0.29936436,  0.02667977,  0.36853635,  0.17187469, -0.34492794,
       -0.19006106, -0.12486272,  0.24525805,  0.5718949 ,  0.43952793,
        0.16597335, -0.35912234,  0.4832512 ,  0.30454975,  0.59502107,
        0.43620017, -0.50336355,  0.38220954, -0.31440124,  0.2115182 ,
       -0.571028  ,  0.41837144,  0.03740363,  0.3015176 ,  0.57364887,
       -0.31957513, -0.57766426,  0.02263058,  0.4938999 ,  0.33926293,
       -0.30783936,  0.19985703, -0.06869724, -0.5956798 , -0.3931699 ,
        0.17285961,  0.02324236, -0.36022174, -0.3451769 ,  0.19403672,
       -0.31805408,  0.15928724, -0.48837122,  0.45547122,  0.07524858,
       -0.38578838, -0.6129364 ,  0.14781354, -0.66251916, -0.67242837,
       -0.14078465, -0.17161202,  0.30133417, -0.19380909, -0.03736863,
        0.250095  ,  0.47238111, -0.14988488, -0.619217  ,  0.568604  ,
       -0.45528767, -0.6869988 , -0.6111741 , -0.6830536 , -0.6438063 ,
        0.02852757, -0.2551208 , -0.23411694, -0.436618  , -0.12800843,
        0.48391262,  0.25525492,  0.37096605, -0.23396197, -0.162994  ,
        0.47034326, -0.7227409 , -0.594686  ,  0.19414833, -0.21823567,
        0.21673822,  0.43349263, -0.04360366, -0.4885517 , -0.6207971 ,
       -0.02600167,  0.56978077, -0.40867084, -0.42434835, -0.5472857 ,
       -0.17411348, -0.44465896, -0.05191063, -0.08830664,  0.26978898,
       -0.62597203, -0.06188038, -0.53507173,  0.5583954 ,  0.01850064,
       -0.5945318 ,  0.42653888, -0.28138128,  0.39879254,  0.28771967,
       -0.6367631 ,  0.18534213,  0.28612062,  0.49066347, -0.02402162,
       -0.05635637, -0.18092509,  0.5746979 ,  0.53958523, -0.45955235,
        0.28989097,  0.47858444, -0.16643272,  0.12448936, -0.66799784,
        0.4839354 , -0.6031057 ,  0.45316142,  0.16991319,  0.31244063,
       -0.00749361, -0.42876107, -0.61039394, -0.15553719, -0.11145215,
       -0.32050753, -0.33569154,  0.0660803 ,  0.1041134 , -0.3017896 ,
        0.19469142,  0.02504941,  0.35139772,  0.5014633 ,  0.06283633,
       -0.3896871 ,  0.19839323,  0.13513437, -0.28354865,  0.5595238 ,
       -0.23055139, -0.5965229 ,  0.58524984, -0.28919283,  0.01816906,
       -0.13097249, -0.39106005, -0.5751364 ,  0.6504383 , -0.15329486,
       -0.280925  , -0.6821361 ,  0.12763068,  0.3966525 ,  0.46896923,
        0.00107269,  0.54836917,  0.3313862 , -0.42815322, -0.5977655 ,
       -0.6067759 ,  0.00926326, -0.02291756, -0.4098835 ,  0.10800005,
        0.11105785,  0.14554709, -0.6066902 , -0.5286053 , -0.12062941,
       -0.48404965, -0.15980461, -0.07409091,  0.0809769 ,  0.4604297 ,
        0.4936009 , -0.5483471 ,  0.5063083 , -0.25887433,  0.5134451 ,
       -0.1688814 ,  0.19186796, -0.19845544, -0.21863401, -0.10299665,
       -0.34000748, -0.32376915, -0.2064412 , -0.5787966 ,  0.57749325,
       -0.37766066, -0.42812616, -0.40997547, -0.21670511, -0.6695037 ,
        0.03293713, -0.22129777, -0.46901342,  0.26091722,  0.3607395 ,
       -0.55325943, -0.54087865, -0.19163196, -0.02157542, -0.58714646],
      dtype=float32), 'decoder.fc.6.weight': array([[ 0.3712644 , -0.40144894,  0.35139883, ..., -1.0776083 ,
         0.8983929 , -0.3632383 ],
       [-0.033162  , -0.18215445,  0.32827732, ..., -0.830764  ,
         1.2156457 , -1.0437485 ],
       [ 0.99782205, -1.14568   ,  0.22111152, ...,  0.7946552 ,
        -0.20983358,  0.9205964 ],
       ...,
       [ 0.8620781 , -0.6401723 ,  0.8655127 , ...,  0.7080741 ,
        -1.0375876 ,  0.3449771 ],
       [-0.8274992 ,  0.71057165, -1.0875804 , ..., -0.66455406,
         0.4220664 ,  1.4731784 ],
       [-0.5639646 , -0.23108739, -0.41625148, ..., -0.50134057,
        -1.1372879 ,  0.755551  ]], dtype=float32), 'decoder.fc.6.bias': array([ 0.08525612, -0.00267697,  1.0452578 , ...,  1.053793  ,
        0.552316  ,  1.1370775 ], dtype=float32)}
[Time: 27.01.25 20:33:58] [Level: info] [State: aggregate] {'encoder.fc.0.weight': array([[-3.9892018e-01, -7.5702672e-04,  6.9339424e-02, ...,
        -1.8280295e-01,  2.9690564e-01, -1.6016084e-01],
       [ 1.9824970e-01,  1.5855484e-01,  5.2515917e-02, ...,
         7.7561364e-02, -2.2607964e-01, -1.9109198e-01],
       [-1.6959770e-01, -1.4675434e-01, -8.7272085e-02, ...,
         1.4721350e-01, -5.8636772e-03, -5.3818557e-02],
       ...,
       [-1.2976083e-01, -3.4599984e-01, -1.4382516e-01, ...,
        -1.9341718e-01,  3.3680204e-01, -2.3043212e-01],
       [ 2.1960586e-02,  3.2238117e-01,  7.9980001e-02, ...,
         2.0210001e-01, -4.4028948e-05, -1.7780964e-01],
       [ 9.7819254e-02, -5.6327637e-02, -3.3599684e-01, ...,
        -3.0820748e-02,  1.5972197e-01, -3.0023972e-02]], dtype=float32), 'encoder.fc.0.bias': array([-1.25131860e-01, -4.21925485e-01, -1.31616518e-01, -1.75488114e-01,
        1.45888075e-01,  9.88859758e-02, -1.17930755e-01,  3.76964770e-02,
       -3.43744978e-02, -5.85768782e-02, -1.31586581e-01,  1.25665173e-01,
       -1.43632561e-01, -2.34887406e-01, -1.82165623e-01, -4.83718254e-02,
       -4.01866406e-01, -2.41117433e-01,  7.73639977e-02, -5.33837527e-02,
        8.57515410e-02,  4.17620949e-02, -3.67548943e-01, -1.47791773e-01,
       -3.92166585e-01, -9.84062850e-02, -1.75724775e-01, -2.39427462e-01,
       -2.39851728e-01,  1.00202132e-02, -1.41390175e-01, -2.96419770e-01,
       -8.78149495e-02, -3.61078739e-01, -1.72442442e-03,  1.04313441e-01,
        1.81220677e-02,  5.58687784e-02, -1.12693623e-01, -9.09599364e-02,
       -2.85871625e-01, -2.06110150e-01,  9.36943367e-02, -4.08682935e-02,
       -4.30946112e-01,  3.60494927e-02, -3.05485874e-02, -1.30076349e-01,
        1.71716034e-01, -1.67398468e-01,  2.57290397e-02, -8.74055624e-02,
       -2.63124377e-01, -2.18582541e-01, -1.00732028e-01, -2.32014179e-01,
       -8.72788653e-02, -1.63412422e-01, -1.96944118e-01, -4.60903525e-01,
        4.07315120e-02, -2.38352850e-01, -2.09826902e-02, -3.09000283e-01,
       -1.61082342e-01, -3.02786380e-01,  1.54757900e-02, -3.28539759e-01,
       -2.63121247e-01,  2.04143319e-02, -9.82792825e-02, -4.49396074e-02,
       -3.73319358e-01,  4.66207713e-02, -1.96988195e-01, -1.68875799e-01,
        6.83182999e-02, -2.85238117e-01, -3.84334594e-01, -2.02028647e-01,
       -3.41762781e-01, -3.53799880e-01, -3.08067352e-01, -1.49689153e-01,
       -1.22365564e-01, -3.47361743e-01, -8.04960504e-02,  1.25371367e-01,
       -8.79127160e-02,  1.57682285e-01, -3.52858752e-01,  1.47350684e-01,
       -3.22750658e-01, -2.28536263e-01, -9.94187891e-02, -1.27025560e-01,
       -3.75109375e-01, -2.41936728e-01,  1.42922904e-02,  3.03224325e-01,
        2.32439172e-02, -2.18310431e-01, -1.05839871e-01, -4.00374264e-01,
        1.51326314e-01, -2.20769510e-01, -1.86514795e-01, -2.24363804e-01,
        1.87229618e-01, -1.23055644e-01, -7.11135641e-02, -2.41397768e-01,
       -4.22272027e-01, -2.44369015e-01, -4.63062748e-02,  1.41847312e-01,
        3.28224510e-01, -2.56315112e-01, -8.07899982e-02, -5.00903390e-02,
       -3.30519050e-01,  9.83857661e-02, -2.87463248e-01, -4.58554715e-01,
        1.19635478e-01, -3.39196682e-01, -3.51070404e-01, -2.35926658e-02,
        4.38055117e-03, -1.55489102e-01, -3.65802906e-02, -2.36342132e-01,
       -1.72836512e-01, -5.18692136e-01, -4.12990272e-01,  1.88460708e-01,
       -1.71824262e-01, -4.12719488e-01, -3.41610670e-01,  4.57301028e-02,
       -1.35561928e-01, -1.28940091e-01, -2.77875304e-01,  1.58907343e-02,
        9.44398344e-02, -1.97421595e-01, -3.08685035e-01, -3.42332155e-01,
       -2.58215845e-01, -4.64270353e-01, -5.69440331e-03, -1.32619143e-01,
        1.99605107e-01, -1.44777343e-01, -1.20921627e-01, -1.01859644e-01,
       -1.81405425e-01, -3.62339288e-01, -7.21551850e-02, -1.53554291e-01,
        4.44732346e-02,  2.59613916e-02,  9.00046825e-02, -8.51440653e-02,
       -1.65288150e-01, -4.15135026e-01, -3.34079653e-01, -2.68682361e-01,
       -4.06691998e-01, -3.75368267e-01, -2.07816705e-01, -3.79242115e-02,
        2.49970909e-02, -1.32377058e-01, -2.90231526e-01, -2.37712368e-01,
        2.49835774e-02, -1.36537969e-01, -2.15993747e-01, -1.33652613e-01,
       -4.03468341e-01,  8.13380722e-03,  2.68225580e-01, -1.84802115e-02,
       -2.05142274e-02, -6.88250782e-03, -6.23238040e-03,  2.70055141e-02,
        9.65110287e-02, -2.88822889e-01,  3.34521173e-03, -1.05466768e-02,
        1.26998410e-01,  1.10193156e-01,  3.59092504e-02, -3.27014804e-01,
       -1.01210244e-01,  1.07802413e-01, -1.88709646e-01, -5.70045114e-02,
        3.53407077e-02, -4.80278254e-01, -2.24125192e-01,  8.58635642e-03,
        5.05494028e-02, -4.45827842e-01, -3.01873714e-01, -8.96934792e-02,
       -3.42297137e-01,  1.35321572e-01, -1.27894461e-01, -1.87546983e-02,
       -9.40404609e-02,  4.22889143e-02, -5.43999821e-02, -2.63109177e-01,
       -1.98838308e-01,  1.27907932e-01,  5.77607304e-02, -2.61937648e-01,
       -2.86471546e-01,  5.51401041e-02, -4.38746542e-01, -2.59847432e-01,
       -1.36386454e-01, -3.17114830e-01,  1.24175757e-01,  6.58918172e-04,
       -4.71350670e-01, -1.75992563e-01, -3.72010618e-02,  1.23710319e-01,
        1.91318765e-02, -2.53381610e-01, -2.09631041e-01,  8.50396231e-03,
       -2.83836842e-01,  1.38255646e-02, -2.96614885e-01, -2.17836961e-01,
       -4.73493524e-02, -4.39394750e-02, -2.86538899e-01, -2.93821488e-02,
       -2.57295728e-01, -3.33982617e-01, -2.99482465e-01, -1.96214437e-01,
       -8.40130746e-02, -1.96964324e-01, -3.41468528e-02, -2.29698762e-01,
       -2.35625610e-01, -3.16336721e-01, -1.28395958e-02,  6.06151484e-02,
       -4.44317013e-01, -9.03962627e-02, -3.40800047e-01, -1.57715425e-01,
       -1.50290623e-01, -2.02362925e-01,  2.02632144e-01, -2.42458135e-01,
       -4.54305671e-02, -2.80238599e-01, -7.33564422e-02, -3.99296254e-01,
        5.63141927e-02, -3.60336155e-01, -4.64313895e-01, -3.56398553e-01,
       -8.63580331e-02, -2.52234817e-01,  1.27504095e-01, -3.78962249e-01,
       -2.39367262e-01,  1.45798162e-01, -5.13592064e-02, -3.88569534e-01,
       -1.88430920e-01, -2.90973902e-01,  9.66573432e-02, -1.76462844e-01,
       -1.03389530e-03, -2.90876269e-01, -2.39262894e-01, -1.16660753e-02,
       -3.90223637e-02, -1.18640818e-01, -3.73701274e-01, -2.22893298e-01,
       -2.81968027e-01, -3.35851073e-01,  1.22842155e-01, -1.57576650e-01,
        4.03003246e-02, -1.12976871e-01, -1.84785768e-01, -4.09728736e-01,
       -2.71001846e-01, -1.63352042e-01, -3.52042198e-01,  3.87653112e-02,
       -1.35519624e-01, -1.16440646e-01, -1.96761727e-01, -6.59084842e-02,
        1.23097427e-01,  7.72193447e-03,  9.55308750e-02,  2.68118650e-01,
       -6.21245429e-02,  1.56102389e-01,  1.29370674e-01, -3.08203399e-01,
       -4.42707717e-01, -2.96411783e-01, -3.64949531e-03, -3.65133211e-02,
       -4.59052503e-01, -2.46644139e-01,  9.93735250e-03, -3.72637033e-01,
       -1.57281250e-01, -6.77784681e-02, -3.09464991e-01, -1.17677361e-01,
        1.58292372e-04, -7.96400569e-03, -1.03648610e-01,  1.61813751e-01,
       -1.29226744e-02, -5.67534827e-02, -3.12588066e-01, -1.96852088e-02,
       -8.84401202e-02, -4.13339168e-01,  9.72369406e-03, -1.37983993e-01,
       -2.41500661e-01, -1.76748827e-01, -1.24026977e-01, -7.29109123e-02,
        1.02127656e-01,  3.22769489e-03, -3.72906744e-01,  3.75808477e-02,
        4.98942286e-02, -1.43153995e-01, -2.69363523e-01, -3.33246179e-02,
       -2.68078968e-02, -2.77420618e-02, -1.22094907e-01, -4.51715350e-01,
        1.03368349e-02, -1.72734946e-01, -1.32788599e-01, -1.87182605e-01,
        8.50022733e-02, -4.13121223e-01, -2.77778924e-01, -3.42894852e-01,
       -4.48469311e-01, -2.39258394e-01, -1.14616424e-01,  3.96311842e-02,
       -8.66704509e-02, -3.99779826e-01, -3.27541828e-01,  1.42999724e-01,
       -1.44751184e-02, -8.46721828e-02, -3.68126363e-01,  1.45343167e-03,
       -1.11101761e-01, -8.38340521e-02, -1.01437375e-01, -1.35185912e-01,
       -2.20939457e-01,  1.06971264e-01, -3.05214703e-01,  9.75023657e-02,
       -1.04089521e-01, -2.15851232e-01, -3.78329128e-01,  1.54749662e-01,
       -1.24316916e-01, -3.20616186e-01, -1.02359831e-01, -2.05313191e-01,
       -3.34550679e-01, -1.83346659e-01, -9.94389206e-02, -3.18771243e-01,
       -3.51914793e-01,  1.32530630e-02, -2.09898099e-01,  2.77962126e-02,
       -3.13485593e-01, -3.18754107e-01, -2.05222875e-01, -2.40572631e-01,
       -4.66645300e-01, -1.26406744e-01, -2.13750944e-01, -7.82462396e-03,
       -1.39514461e-01, -4.05712843e-01, -1.51942179e-01,  1.71065122e-01,
       -2.65516758e-01,  1.99427046e-02, -2.87991017e-01, -4.21689302e-01,
       -2.70159781e-01, -3.67658734e-01, -7.03456402e-02,  6.12523556e-02,
       -6.96241781e-02, -8.53507817e-02, -2.02855751e-01, -1.38873249e-01,
       -1.94284126e-01,  8.75069872e-02, -7.76361302e-02,  1.78349335e-02,
        5.08100018e-02, -1.74024686e-01, -2.74760514e-01,  1.29780415e-02,
       -7.43171126e-02, -1.15844287e-01, -2.73808271e-01, -3.51566710e-02,
       -2.29703654e-02, -2.68928796e-01,  1.10736981e-01, -9.59965289e-02,
       -2.80459255e-01, -1.66005030e-01, -2.85609633e-01, -1.29687130e-01,
       -1.70912802e-01, -5.38647324e-02, -1.73932597e-01,  6.77468628e-02,
       -3.98677617e-01,  1.11864597e-01,  5.05845286e-02, -7.10583152e-03,
       -5.05724132e-01, -2.85558641e-01,  6.26537576e-02, -3.39403123e-01,
       -2.91221380e-01, -3.98958057e-01, -2.80436069e-01, -3.23094368e-01,
       -3.21566999e-01, -1.22991011e-01, -2.98470687e-02, -5.51688783e-02,
       -2.00687591e-02,  1.20153792e-01,  2.06472613e-02, -1.33482397e-01,
        1.00171544e-01, -3.83428663e-01, -5.25764823e-02, -1.72047988e-01,
       -1.91657394e-01, -2.93385148e-01, -3.87586802e-01, -4.13762964e-03,
       -1.86679080e-01, -2.29159996e-01, -1.10526621e-01, -8.12713951e-02,
        9.64261293e-02, -3.18657570e-02, -3.00189197e-01, -3.13901901e-01,
        2.24949103e-02, -3.54474097e-01, -3.21107447e-01, -2.63815463e-01,
       -6.38072118e-02,  1.12727523e-01, -3.44482601e-01, -3.59145522e-01,
       -4.12025630e-01, -7.30268434e-02, -1.67194083e-01, -2.44320080e-01,
       -2.44679283e-02,  3.73102963e-01, -1.56689927e-01,  3.15367132e-02],
      dtype=float32), 'encoder.fc.2.weight': array([[-0.49366355,  0.34958845, -1.0666068 , ..., -0.18149509,
        -0.775107  ,  1.0279969 ],
       [ 0.27459744, -0.08677559,  0.05388124, ...,  0.20383361,
        -1.2874527 ,  0.33770812],
       [-0.80736226, -0.9185411 , -0.6641436 , ..., -0.39263904,
        -0.42835307, -0.46284106],
       ...,
       [-0.44617838, -0.70911086, -0.3282452 , ...,  0.1735449 ,
         0.4722684 , -0.00548037],
       [-0.42036262,  0.73766243, -0.07189009, ..., -0.7152046 ,
         0.28228506, -0.7451549 ],
       [-1.026503  ,  1.0685384 , -0.6851216 , ...,  0.18643951,
        -0.56825733,  0.8239141 ]], dtype=float32), 'encoder.fc.2.bias': array([-1.189961  ,  0.14988138, -0.15484406, ...,  0.9990907 ,
        0.49337173,  0.40269345], dtype=float32), 'encoder.fc.4.weight': array([[-0.08904696, -0.7230059 , -0.11097641, ..., -0.42335415,
        -0.2852397 , -0.6527132 ],
       [ 0.11720644, -0.28221   , -0.22928911, ...,  0.02119375,
         0.39123067,  0.1169718 ],
       [ 0.23721811, -0.42692804, -0.44539827, ..., -0.10392401,
         0.28187972, -0.46428537],
       ...,
       [-0.6537639 ,  0.14651573,  0.4086349 , ..., -0.2321922 ,
        -0.17330597, -0.07503635],
       [-0.35458952,  0.10356395,  0.03281009, ...,  0.46647516,
         0.33728004,  0.03653115],
       [-0.7329404 , -0.12468773,  0.01417754, ..., -0.50328726,
         0.29451928, -0.22116765]], dtype=float32), 'encoder.fc.4.bias': array([-5.54042280e-01, -2.45066315e-01, -8.24101344e-02, -5.53982198e-01,
       -4.43025172e-01, -6.57006383e-01,  5.05329035e-02, -2.50264585e-01,
       -4.44845796e-01, -1.31797865e-01,  2.07475945e-01,  1.71190515e-01,
       -5.28659225e-01, -5.64032197e-01,  9.09465402e-02,  4.44146246e-02,
       -6.10036016e-01, -2.77288090e-02, -2.63416559e-01,  3.57932568e-01,
       -4.84279215e-01, -5.07944345e-01, -5.23157954e-01, -2.48064309e-01,
        2.39589721e-01, -5.74617647e-02,  1.41720086e-01,  4.28896666e-01,
       -1.10814422e-01, -9.84774064e-03,  2.90584266e-01, -1.09271146e-01,
        2.23553717e-01, -2.11641103e-01, -3.22334737e-01, -4.59668040e-01,
        1.01706073e-01,  2.81480610e-01,  1.38095140e-01,  3.70605707e-01,
        2.96410978e-01,  3.24765265e-01,  3.67543936e-01,  4.63080630e-02,
        3.46265137e-01,  4.51539382e-02, -4.83743221e-01,  5.65539241e-01,
        1.75948888e-01, -4.59928215e-01,  5.12624741e-01, -3.75678509e-01,
        8.65181983e-02,  4.11836132e-02, -5.32902479e-01, -2.91167080e-01,
        3.01785588e-01,  5.20755112e-01, -3.73796895e-02,  4.89640534e-01,
        4.34963703e-01,  2.52538994e-02,  1.19993426e-01,  2.39414722e-01,
       -3.38438243e-01, -1.26265615e-01,  3.38162296e-02, -2.29249656e-01,
       -2.14960752e-03,  3.58280182e-01,  3.90258014e-01, -7.00953364e-01,
        3.11167464e-02,  4.33759689e-01, -2.66038626e-01,  1.30444139e-01,
       -4.96983469e-01, -5.03566954e-03, -4.37743664e-01,  3.20761651e-01,
        3.80233496e-01,  2.68821269e-01, -7.61845261e-02, -4.44610059e-01,
       -5.97767889e-01,  1.90922350e-01, -8.72650445e-02, -6.11006975e-01,
       -6.29689693e-01,  2.20063716e-01, -4.68398392e-01,  2.12269258e-02,
       -5.54517031e-01, -1.46299630e-01,  2.68259048e-01, -2.00552702e-01,
        2.19452620e-01, -7.10302114e-01,  5.08372426e-01, -3.53397071e-01,
        2.95133293e-01,  4.49046433e-01,  2.82620788e-01, -4.87093031e-02,
       -1.49750948e-01,  2.66659379e-01, -2.79855639e-01, -2.71811217e-01,
       -4.98892963e-01,  5.21939516e-01,  6.88283145e-02,  2.55597591e-01,
        1.57104194e-01, -5.11843681e-01,  1.04520001e-01, -3.45236480e-01,
        3.60427946e-02, -8.44961852e-02,  4.55390990e-01, -2.92056650e-02,
       -6.44680858e-01, -1.34316325e-01, -5.71597457e-01, -2.26045519e-01,
       -5.78753173e-01,  9.98654291e-02, -8.52518454e-02, -3.28770280e-01,
        3.72162551e-01,  1.70296505e-01, -2.36782864e-01,  6.08218968e-01,
       -3.01979005e-01, -6.00717664e-01,  4.34599876e-01,  1.05120027e-02,
        2.94825971e-01,  4.98022474e-02, -5.54392338e-01,  1.40286878e-01,
       -7.27187157e-01, -5.47867537e-01, -4.74850833e-01, -1.34401277e-01,
        1.26051143e-01,  1.90810874e-01,  4.00608808e-01,  5.17944634e-01,
        2.10852489e-01, -1.08816914e-01, -3.77455413e-01,  1.74948841e-01,
        4.15901184e-01,  8.99061337e-02, -6.27811719e-03, -4.73729134e-01,
       -2.11293861e-01,  4.24908012e-01,  8.06703642e-02, -7.95241296e-02,
       -3.86014469e-02, -6.10206962e-01,  3.78596365e-01, -2.20476404e-01,
       -1.98308244e-01, -4.22604382e-01,  4.40398961e-01, -7.11803555e-01,
       -2.75089175e-01,  2.77427644e-01,  4.64448273e-01,  6.34383932e-02,
       -6.69002593e-01,  3.62316489e-01,  3.61238420e-01, -3.17926928e-02,
        1.58703789e-01,  1.92281097e-01, -4.78152633e-01,  1.87328849e-02,
       -5.39262414e-01, -3.67406726e-01, -4.83982831e-01,  3.32609296e-01,
        3.68863910e-01,  3.13218594e-01, -3.02334994e-01,  4.24727440e-01,
       -4.50124264e-01,  3.14093381e-01, -2.92752415e-01, -3.22376788e-01,
       -6.58020675e-02,  4.57210355e-02, -3.90531242e-01,  1.56402543e-01,
        1.57703295e-01,  1.98819011e-01,  5.71447164e-02, -2.99650043e-01,
       -5.77027440e-01, -6.25089258e-02, -3.33644360e-01, -6.33922338e-01,
        3.39572847e-01,  4.56229389e-01, -4.74768937e-01, -2.01551512e-01,
       -2.36286789e-01,  2.73385663e-02,  4.14758980e-01,  3.25125903e-01,
        3.51608574e-01,  3.27542424e-01,  5.19752860e-01,  5.09457350e-01,
       -5.91108561e-01, -6.90258265e-01, -1.68534085e-01, -6.19325578e-01,
       -2.24693313e-01,  3.82682800e-01, -1.20342478e-01, -4.60443705e-01,
        4.57892090e-01,  3.14617306e-01,  4.41721797e-01, -9.00833458e-02,
       -5.62298417e-01,  5.83075825e-03, -2.98520714e-01,  3.27120304e-01,
        2.65031844e-01,  1.81414247e-01,  3.83933663e-01,  8.05831179e-02,
       -2.25218102e-01, -3.75303626e-01,  1.67010590e-01,  8.90577659e-02,
       -4.77869920e-02,  4.51581717e-01,  2.20461026e-01, -2.35587418e-01,
       -7.11453915e-01,  1.52834743e-01,  2.18374342e-01,  4.03116763e-01,
        1.77802473e-01,  2.67388344e-01, -1.15591578e-01,  1.52591348e-01,
       -6.16760612e-01,  4.70398545e-01,  8.45302120e-02, -5.64509571e-01,
       -3.73491853e-01,  3.45963165e-02, -6.88085318e-01, -4.99933004e-01,
        1.66659132e-01,  1.35193944e-01, -1.53351903e-01, -5.51190317e-01,
       -1.51307493e-01, -3.35643254e-02, -2.22609192e-01, -4.54598576e-01,
       -2.17304975e-01,  4.99542415e-01, -9.73689333e-02,  2.04344288e-01,
       -2.35096857e-01,  2.85303116e-01,  3.41215491e-01, -3.38841915e-01,
       -4.45063412e-01, -5.08723378e-01, -3.16126049e-01,  3.61650437e-02,
        3.16829741e-01, -9.07429904e-02, -5.93984067e-01, -5.70151329e-01,
       -6.58623695e-01, -6.10805035e-01, -2.93551475e-01, -6.27362370e-01,
       -2.61203229e-01, -2.30789691e-01,  3.16771895e-01, -8.60160217e-02,
       -3.19866866e-01,  1.27704255e-03, -4.67094541e-01,  2.72888765e-02,
        3.69883299e-01,  4.81440842e-01,  3.88134241e-01,  3.54361326e-01,
        6.57611564e-02, -3.98745477e-01, -2.74547160e-01, -5.27153607e-04,
       -4.42852378e-01, -6.30150914e-01, -1.79636031e-01, -3.64301950e-01,
       -7.00970232e-01,  7.47699887e-02,  2.62770891e-01,  4.84678932e-02,
        2.05979884e-01, -3.74310106e-01, -8.55529159e-02, -1.32758720e-02,
        3.82700354e-01, -4.26333040e-01, -7.31322169e-01,  3.79058540e-01,
        6.31105542e-01,  3.90745550e-02, -3.33819836e-02, -5.13862789e-01,
       -9.04999003e-02, -4.11253005e-01, -2.59747297e-01, -5.49614310e-01,
       -1.75593317e-01, -4.95355666e-01, -8.28743875e-02, -3.57127815e-01,
       -4.19699878e-01,  2.13906065e-01, -4.88776118e-01, -1.07387573e-01,
        1.81406274e-01, -4.77832854e-01, -5.13170123e-01,  4.06447053e-01,
       -4.43097539e-02,  8.28077868e-02, -7.02348232e-01,  7.57541060e-02,
        4.16711122e-01,  5.22433043e-01, -5.77578068e-01,  2.58481860e-01,
       -3.53739321e-01,  1.05707422e-01, -5.89953244e-01,  2.71776378e-01,
        3.68572660e-02, -6.84046984e-01, -4.73767728e-01,  2.08027303e-01,
        1.91212445e-02,  9.77344885e-02,  2.27475777e-01,  4.38776106e-01,
       -1.04325086e-01,  2.40374118e-01, -6.44500613e-01,  1.71866059e-01,
       -3.78233075e-01, -2.85052121e-01, -5.57271421e-01, -1.03608035e-01,
       -6.57549143e-01, -2.76979834e-01, -6.06018864e-02, -7.69451410e-02,
       -5.10008931e-01,  9.24621988e-03, -5.90779558e-02, -1.84976503e-01,
       -3.68006080e-01, -2.50332952e-01, -3.99765313e-01, -4.34053957e-01,
        5.59911609e-01,  4.13038105e-01, -3.40671726e-02, -1.23772383e-01,
        3.87137353e-01, -1.85948968e-01, -2.57064193e-01, -5.45940042e-01,
       -2.05597773e-01,  1.27903922e-02,  5.18488064e-02, -7.24610209e-01,
       -3.55240613e-01, -6.60119534e-01,  3.91075388e-02, -1.02270491e-01,
       -7.05753863e-01, -5.26376843e-01,  1.67114273e-01, -3.64843696e-01,
        2.94447482e-01, -4.63622451e-01,  3.44944820e-02, -3.83008063e-01,
        2.23326008e-03,  4.79303837e-01,  3.03931981e-02, -2.55840391e-01,
       -1.26116440e-01, -5.02461433e-01,  1.51873648e-01, -6.17064461e-02,
       -9.00665596e-02,  4.08124864e-01, -2.74362028e-01, -2.28637382e-01,
       -4.36708987e-01, -2.93226372e-02, -5.92652917e-01, -2.22625673e-01,
       -1.04297996e-01,  4.92474347e-01, -6.90110207e-01, -1.25782162e-01,
       -4.66472715e-01, -1.90714449e-01, -2.70618238e-02, -3.36996049e-01,
       -3.39812934e-01, -3.05626333e-01, -1.23904586e-01, -4.94631886e-01,
        2.80611575e-01, -1.06381074e-01,  4.30645883e-01, -1.80649132e-01,
       -6.40884161e-01,  4.41794068e-01, -1.19028457e-01, -4.64191198e-01,
       -4.85227585e-01, -2.02218756e-01,  4.69496697e-02, -1.94455624e-01,
        1.94265857e-01, -3.55695784e-01, -1.73227247e-02, -2.18751132e-01,
       -9.37457979e-02, -5.88769555e-01, -5.47891855e-01, -1.47023529e-01,
        2.01659963e-01, -1.00418098e-01,  4.82083529e-01, -7.11158395e-01,
       -6.33035302e-01,  1.55297536e-02,  7.65246227e-02, -2.30902046e-01,
       -5.03675818e-01, -7.06737936e-01, -5.57686806e-01,  2.13733524e-01,
        7.57290125e-02,  5.29452786e-02, -3.23870212e-01, -2.10960656e-01,
        5.78210771e-01, -5.44920802e-01, -6.32064819e-01, -4.18435961e-01,
       -3.58217597e-01,  2.34025329e-01,  4.50301945e-01, -3.87273252e-01,
       -1.08661659e-01, -5.29705703e-01,  4.92120594e-01, -3.76124024e-01,
       -1.45682231e-01, -1.00160629e-01,  4.21907812e-01, -2.01469541e-01,
        2.80845165e-01, -4.34750378e-01,  6.11530337e-03, -3.20697755e-01,
       -3.34032416e-01, -3.64333332e-01, -5.09820223e-01, -6.40516937e-01,
       -6.45391224e-03,  2.03705654e-01, -4.06909734e-01, -1.13593556e-01,
       -5.18279314e-01,  9.90711600e-02,  1.38877491e-02,  3.69530261e-01],
      dtype=float32), 'encoder.fc.6.weight': array([[-0.81496847, -0.6231626 ,  0.12742248, ..., -0.42351663,
        -0.30860096, -0.9107507 ],
       [ 0.9785605 ,  0.9927219 ,  1.0845168 , ...,  0.88685215,
        -1.0782421 ,  0.6458965 ],
       [-0.37108418, -0.56964695, -0.6793468 , ..., -0.01936591,
         0.73054004, -1.0842507 ],
       ...,
       [ 0.4303528 , -1.0512143 ,  0.4766277 , ..., -0.8161657 ,
         0.43971038,  0.98555624],
       [ 0.7119992 , -0.4692943 ,  0.05614575, ...,  0.05532691,
        -0.03058896,  0.9760746 ],
       [-0.6803775 ,  0.5945238 ,  0.7301471 , ...,  0.4232279 ,
        -0.6786247 ,  0.7957923 ]], dtype=float32), 'encoder.fc.6.bias': array([ 0.5896044 , -0.19911522, -0.6741028 ,  0.16334707, -0.4836766 ,
       -0.8692325 ,  0.6351064 ,  0.739606  ,  0.30046013, -0.8060381 ],
      dtype=float32), 'decoder.fc.0.weight': array([[-2.6860747 ,  6.414719  ,  6.469346  , ...,  2.5358934 ,
        -0.84642076,  1.943922  ],
       [-4.736005  ,  4.052088  , -2.1710134 , ..., -5.3953123 ,
        -2.138216  , -7.9296374 ],
       [-6.8840446 , -2.7556071 ,  0.54207075, ..., -3.8762324 ,
        -2.6420026 , -6.269697  ],
       ...,
       [-8.693838  ,  0.40162998, -3.000891  , ...,  6.491264  ,
         1.5091943 , -0.09029596],
       [ 4.791473  , -4.822242  ,  5.479847  , ...,  1.6951557 ,
        -7.715496  , -3.8776228 ],
       [ 3.3801475 ,  1.5965875 , -7.864404  , ...,  4.7347984 ,
        -6.110744  , -3.234561  ]], dtype=float32), 'decoder.fc.0.bias': array([-2.6669281e+00, -1.4134558e+00,  2.2731719e+00, -6.4285383e+00,
        2.5168059e+00,  7.0341234e+00,  7.5776320e+00,  1.5470802e+00,
       -6.9289207e+00,  2.4035745e+00, -6.0061383e-01, -7.0223436e+00,
       -1.9080701e+00,  1.9968162e+00, -5.3998625e-01,  9.5763278e-01,
       -2.0030546e+00,  1.2289751e-01,  5.1200438e+00, -1.8817005e+00,
       -3.8813705e+00,  3.0180829e+00,  8.1821364e-01, -3.5041606e+00,
        5.6628704e+00,  5.1330509e+00,  4.1866188e+00,  4.9339161e+00,
       -3.1649511e+00,  2.5680823e+00,  5.9772701e+00, -1.7615461e+00,
        6.0382476e+00, -7.2280416e+00,  5.5730805e+00, -2.8998463e+00,
        2.1398652e+00,  8.1626081e+00, -5.1754375e+00, -7.6319790e+00,
       -5.8729644e+00,  2.5087190e+00, -6.9590349e+00,  2.1146944e+00,
        8.5774527e+00, -2.7754375e-01, -2.0103135e+00,  5.8064256e+00,
        6.6319304e+00,  4.9652144e-01, -7.3545632e+00, -6.9608583e+00,
       -2.3742685e+00,  3.7418334e+00, -3.0226676e+00, -7.9438394e-01,
        7.0715270e+00,  8.1885748e+00, -5.5856571e+00, -2.8255630e+00,
       -4.0292006e+00,  7.3511481e-01, -2.1871653e+00,  4.3953524e+00,
        8.5303373e+00,  6.0087299e+00,  2.1122110e+00, -1.9771160e+00,
       -6.4245749e+00, -5.9671869e+00,  5.2073479e+00,  4.9325490e+00,
       -2.3527267e+00,  1.1215218e+00, -6.8493505e+00,  7.7007451e+00,
        4.8132882e+00,  8.0060453e+00,  5.9291821e-02, -2.8708949e+00,
        6.5912914e-01, -7.8993287e+00,  3.0052130e+00,  5.0572772e+00,
        6.1310806e+00, -4.0319905e+00,  7.8359423e+00, -4.4292674e+00,
        6.6851835e+00, -3.7695088e+00, -1.0142543e+00, -8.0624380e+00,
       -3.7686035e-01, -4.2884803e+00, -1.4595568e+00, -4.8677132e-02,
       -4.4611403e-01, -4.3486896e+00, -4.6033564e+00,  8.2888336e+00,
        6.2424936e+00, -6.3186560e+00, -4.7793617e+00, -8.0673141e+00,
        3.9735470e+00, -5.5719976e+00, -1.3144200e-01,  5.2478516e-01,
       -2.0439229e+00, -6.2618418e+00,  1.6328446e+00,  1.0446558e+00,
       -1.7902993e+00,  1.9405451e+00, -2.6137412e+00,  1.7404375e+00,
        9.0643400e-01,  5.1215534e+00,  3.0226762e+00,  3.6639037e+00,
        6.5205374e+00, -1.8473649e+00,  4.9411268e+00,  4.7610049e+00,
       -3.0056646e+00,  1.3876197e+00, -4.7897515e-01,  5.8805652e+00,
        6.9876379e-01, -1.7079031e+00, -3.0670078e+00, -6.8912463e+00,
       -1.3277549e+00,  4.4321675e+00, -8.0328398e+00, -7.2076221e+00,
       -3.7227943e+00, -3.5141008e+00, -8.2524872e+00, -3.8241553e+00,
       -1.5932124e+00,  2.8527431e+00, -3.3826621e+00,  4.6982667e-01,
        5.4077010e+00,  6.7327151e+00, -5.0417662e+00,  5.7977338e+00,
        7.5881782e+00, -2.1837432e+00, -6.0913267e+00,  7.2879219e+00,
        4.3521461e-01, -3.0111942e+00,  7.5959988e+00,  7.0466280e+00,
        8.0832205e+00, -6.1948752e+00,  4.4814954e+00, -7.0579119e+00,
        2.5351419e+00, -2.9963365e+00,  5.0421233e+00, -1.3272638e+00,
        4.8986483e+00, -2.7564962e+00,  4.8062477e+00,  2.9447682e+00,
        8.4311447e+00, -2.1960034e+00, -7.5092878e+00, -8.1958151e+00,
       -1.4961236e+00,  6.9734011e+00,  8.6384945e+00,  5.7477875e+00,
       -4.6161709e+00,  3.5519438e+00, -4.2752767e+00, -6.9773908e+00,
       -1.7633126e+00, -3.0613108e+00,  7.8631368e+00,  1.9948678e+00,
       -6.4165192e+00,  3.2542245e+00,  8.2407244e-02,  5.8115835e+00,
        6.0649667e+00,  1.9510875e+00, -6.2158594e+00,  1.2483631e+00,
        7.0130363e+00, -8.3883123e+00, -4.9914937e+00,  4.7212610e+00,
        4.0210547e+00,  1.4998257e+00,  2.5526416e+00,  6.5483952e+00,
        8.1787548e+00, -2.6009855e+00,  5.8516622e-01,  7.0211697e+00,
       -5.8690834e+00,  6.2571640e+00,  3.4748971e+00,  1.2040956e+00,
       -2.1212668e+00, -5.5985129e-01,  4.5801063e+00,  3.8428464e+00,
        2.0557919e+00, -4.5191212e+00, -1.9414717e-01, -7.7485933e+00,
       -5.6556997e+00,  2.8894415e+00,  9.0903348e-01,  6.2816792e+00,
        2.7908669e+00, -7.2496271e+00,  1.5220797e+00,  1.8929000e+00,
        2.7998953e+00, -5.9443088e+00,  8.5978718e+00, -4.3022013e+00,
        2.4934750e+00,  5.2323575e+00, -7.7887811e-02,  1.3074687e+00,
        2.9487178e-01,  4.1246862e+00,  6.1045918e+00,  1.5809512e+00,
        9.9919194e-01,  5.4418550e+00,  1.0372093e+00,  8.0609012e-01,
       -3.5512910e+00,  3.8678246e+00,  3.3544245e+00,  4.7011266e+00,
        5.5920930e+00,  4.4877410e+00, -4.0595121e+00,  2.3751554e+00,
        6.7245069e+00,  6.7930951e+00, -5.1055484e+00, -4.1678915e+00,
       -1.3437021e-01,  3.1086204e+00, -1.7957118e-01,  4.8122296e+00,
        3.6309097e+00, -7.8007507e+00, -1.1564295e-01,  5.4442863e+00,
       -6.9554645e-01, -4.6066265e+00, -8.2279453e+00, -4.7480950e+00,
        1.4493171e+00, -5.3964953e+00,  5.5908556e+00, -6.9304171e+00,
        2.9431043e+00,  7.8919357e-01, -7.6086782e-02,  5.5170321e+00,
       -9.7123569e-01, -7.4466338e+00,  2.2824421e+00, -7.2297745e+00,
       -7.3988044e-01,  8.0623207e+00, -4.4674258e+00,  3.1556351e+00,
       -7.1458793e+00, -5.4187918e+00,  5.1191980e-01,  2.8435512e+00,
       -5.3686619e-01, -6.1599177e-01, -3.4230092e+00, -6.0561066e+00,
        3.5109348e+00, -6.2642865e+00,  2.9898772e-01,  7.7669144e+00,
        5.3419995e+00,  6.6312151e+00, -5.2089176e+00,  4.4411306e+00,
       -3.5658898e+00, -5.4188037e+00,  4.9703250e+00,  7.6840148e+00,
        1.8694388e+00,  1.5533673e+00,  1.2410406e+00, -4.9536996e+00,
        7.3620224e+00, -1.9056511e+00,  7.7720922e-01,  5.9897923e+00,
        5.6732516e-04,  1.7982242e+00,  1.3382791e+00, -3.5899773e+00,
        8.1105242e+00, -3.3653224e+00, -1.7020155e+00,  6.5842309e+00,
        4.2780795e+00, -4.0280790e+00,  4.0057893e+00, -5.2319641e+00,
        7.6585546e+00, -7.0227404e+00,  4.4843006e+00,  2.2715600e+00,
       -6.5652161e+00,  3.7113521e+00, -3.1500342e+00, -8.4636855e-01,
       -8.5133991e+00,  2.0050557e+00,  3.0435064e+00,  6.4859600e+00,
       -4.2592959e+00, -8.5218287e-01,  4.2280674e+00,  9.6535575e-01,
        6.4691839e+00, -6.8480139e+00,  7.5118885e+00,  7.7304564e+00,
        5.6524911e+00, -2.6407068e+00,  4.8282804e+00, -8.0825872e+00,
        5.7150850e+00,  1.3607279e+00, -1.4409151e+00,  2.3258734e+00,
       -2.0115495e+00, -3.2675321e+00, -2.9588666e+00, -2.4335198e+00,
        4.5952005e+00, -1.3124992e+00, -7.7831917e+00,  2.0766411e+00,
       -2.5786930e-03, -3.3448958e+00,  6.7169971e+00, -4.5517020e+00,
        4.6552854e+00, -5.7957344e+00, -4.1686549e+00,  5.9282675e+00,
       -2.4231193e+00,  6.6087775e+00, -4.1015387e+00, -4.9934874e+00,
        7.6426897e+00,  2.5756166e+00, -6.8963308e+00, -5.4404058e+00,
       -4.1552222e-01, -4.9304953e-01,  7.0497875e+00, -8.3500786e+00,
       -1.6165080e+00,  1.3470317e+00,  2.8367617e+00, -1.6641520e+00,
        9.2113644e-02, -6.2501850e+00,  6.1227117e+00,  3.1087790e+00,
        4.1897163e+00,  5.9459815e+00,  9.5344998e-02,  1.7915599e+00,
       -7.3520107e+00, -6.7737633e-01,  7.1826082e-01,  7.2212887e+00,
       -4.2179294e+00, -3.7023814e+00,  5.8981242e+00,  5.5351124e+00,
        6.5425634e+00, -4.5807090e+00, -8.3437881e+00,  7.3026590e+00,
       -8.5702715e+00, -2.2546284e+00,  3.6662602e+00,  1.1250567e+00,
       -3.4495697e+00, -7.3641348e+00, -7.4482756e+00, -5.9764504e+00,
       -5.3228968e-01,  4.8230376e+00, -8.0038557e+00, -7.5357089e+00,
       -4.7637634e-02,  7.3409104e-01, -2.5243835e+00, -3.6711977e+00,
        6.8794055e+00,  6.4498653e+00,  4.9152141e+00,  7.6121273e+00,
       -1.1875048e+00, -2.5349185e+00,  1.7538593e+00,  6.5780096e+00,
        1.3759772e-01,  3.3036022e+00, -5.3050513e+00,  2.5363116e+00,
       -5.3383231e+00, -2.5894603e-01,  8.2635088e+00, -4.1459813e+00,
        3.1753895e+00, -3.5333011e+00, -5.3857837e+00,  6.6129599e+00,
       -3.8028636e+00, -5.5713334e+00, -4.3108907e+00,  5.6754065e+00,
       -1.6336550e+00, -8.0009909e+00, -1.2825272e+00,  4.2504244e+00,
       -7.2685466e+00, -9.8192871e-01, -6.0807171e+00,  7.3216276e+00,
       -6.4664154e+00, -6.4874358e+00, -6.8505316e+00, -5.8562670e+00,
       -6.6995668e+00,  5.3105998e+00, -7.3641688e-01, -8.6229616e-01,
        6.5746260e+00, -3.4758759e+00, -6.1346884e+00,  2.7418904e+00,
       -3.7882967e+00, -2.1248686e+00, -6.8045359e+00, -6.6318617e+00,
        7.6517029e+00,  1.1679976e+00,  2.8251367e+00,  6.4379463e+00,
        3.9036984e+00, -7.5170503e+00,  6.7639508e+00, -7.8820167e+00,
       -4.7478042e+00,  7.1535087e+00, -3.1352646e+00, -1.8194636e+00,
       -2.1757095e+00,  5.6842794e+00,  8.6405277e+00,  3.5422969e+00,
       -3.6246841e+00,  7.9516835e+00,  3.9530897e+00, -7.5718794e+00,
       -1.2132787e+00, -2.6019955e+00, -4.3165641e+00, -8.0703573e+00,
       -5.5983043e-01,  8.5288458e+00, -7.2849846e+00, -6.1889334e+00,
       -4.0906515e+00,  6.5004220e+00, -6.3827133e+00, -1.8470722e+00,
       -5.9248624e+00,  7.5014801e+00,  7.8848133e+00,  3.3889663e-01],
      dtype=float32), 'decoder.fc.2.weight': array([[-0.938947  ,  0.5276598 , -1.3699957 , ...,  1.0763292 ,
        -1.1577823 ,  0.9482528 ],
       [ 0.8912227 , -0.08713487, -0.48604155, ..., -0.2261867 ,
         0.9706929 ,  0.5386954 ],
       [ 0.7399761 , -1.336799  , -0.01555151, ...,  1.0847312 ,
         0.7078802 ,  0.19274144],
       ...,
       [ 0.75842637, -0.9649764 , -0.6806677 , ...,  0.9070425 ,
        -1.2686088 ,  0.15160146],
       [ 0.46750975, -0.24710265, -0.7948139 , ..., -0.6454404 ,
         0.91271627,  0.4704392 ],
       [-0.23836379,  0.25600615,  0.03756548, ..., -0.34162956,
        -0.15184218, -0.19789043]], dtype=float32), 'decoder.fc.2.bias': array([ 0.6679784 ,  1.1198164 ,  0.5652933 , ..., -0.62752116,
       -0.9405169 , -0.9339797 ], dtype=float32), 'decoder.fc.4.weight': array([[-0.54497844,  0.49860203,  0.07590646, ..., -0.24738792,
         0.32467583, -0.12462769],
       [-0.4214345 , -0.3537373 , -0.10369167, ..., -0.30308414,
        -0.45396245, -0.40050375],
       [ 0.05296617,  0.15118875, -0.40534353, ..., -0.1742118 ,
         0.21824546, -0.48517358],
       ...,
       [-0.23721829, -0.12167139,  0.5286165 , ..., -0.04066005,
        -0.24975073, -0.6021232 ],
       [ 0.25152463,  0.36221367,  0.71324044, ..., -0.02716427,
        -0.3763849 ,  0.24866453],
       [-0.46694094, -0.03696678,  0.4455738 , ...,  0.0331382 ,
         0.4950874 , -0.24586707]], dtype=float32), 'decoder.fc.4.bias': array([-0.21322076, -0.5493665 , -0.75469744, -0.38834488,  0.23222455,
        0.3266024 , -0.2753622 ,  0.01887916,  0.08088806,  0.36170694,
       -0.23696108,  0.05638676,  0.19418964, -0.3263785 ,  0.35888895,
       -0.18344432, -0.45236492, -0.48384547, -0.01496308,  0.31539947,
        0.28850147, -0.20756815,  0.15810837,  0.01308561, -0.00918239,
       -0.14296038,  0.10806304, -0.38103905,  0.3360897 , -0.48685682,
       -0.53984207,  0.5200143 ,  0.34513354, -0.41385722,  0.2931844 ,
        0.359227  , -0.5843086 ,  0.28557715,  0.0991675 , -0.28624645,
       -0.04810096, -0.7281086 , -0.6495863 , -0.42146286,  0.5178038 ,
       -0.09458055, -0.51564336,  0.23675635, -0.2728469 , -0.4261021 ,
       -0.62091976,  0.1084986 ,  0.09657662, -0.7129458 , -0.5628501 ,
        0.20391959,  0.38904312, -0.60690725, -0.5561973 ,  0.05243209,
       -0.19259524,  0.07120219,  0.25981218,  0.4913653 , -0.17567171,
        0.11085239,  0.1311741 , -0.4104383 ,  0.15209796, -0.6935404 ,
       -0.5536051 , -0.09505765,  0.01436178,  0.327853  , -0.11928044,
       -0.34747112,  0.5832731 ,  0.4231964 , -0.43321136, -0.1581718 ,
        0.6018977 , -0.5301477 , -0.68524665,  0.18825066,  0.5645917 ,
       -0.6103027 , -0.38807204, -0.39248586, -0.6663245 , -0.40390727,
       -0.62180656,  0.16515297,  0.53848016,  0.46536094, -0.68525106,
       -0.54745007, -0.25580585,  0.14318871,  0.02064393, -0.5027346 ,
        0.55129   , -0.21295264,  0.5404063 , -0.5842975 ,  0.18101989,
        0.5618099 , -0.08835403,  0.45106933, -0.19871475,  0.57300323,
        0.06649946, -0.16082257,  0.27686444,  0.14175035, -0.02354849,
        0.4361267 ,  0.10639928, -0.3906972 , -0.02124766,  0.49647218,
       -0.34076473,  0.19974756, -0.22143532,  0.12619162, -0.05881453,
        0.0029519 , -0.91394705,  0.40008   , -0.3970082 ,  0.51076984,
        0.28618437,  0.19046679, -0.20338932, -0.08984797, -0.307613  ,
       -0.4161761 , -0.53577447, -0.20057999,  0.25658643,  0.51419175,
       -0.20066155,  0.33067745,  0.20420028,  0.1771735 ,  0.25995922,
       -0.44925964, -0.42965502,  0.11612289, -0.35338506,  0.4641192 ,
       -0.17010733,  0.08459898,  0.3345667 ,  0.11377846, -0.05722518,
       -0.24832506, -0.52334416, -0.36880532,  0.23481093, -0.10773487,
       -0.15899561, -0.3465065 , -0.56588936, -0.49701113, -0.11666586,
        0.3639183 ,  0.15294723, -0.43486044, -0.10854626, -0.49861786,
       -0.16319844, -0.61015946, -0.33546385, -0.2247304 , -0.56653357,
        0.15664734, -0.60870117, -0.49340135,  0.55432236,  0.4791788 ,
       -0.01818648, -0.55106115,  0.10658013, -0.60293406, -0.60360664,
        0.33088857, -0.12931055,  0.07328357,  0.25700912,  0.35073423,
       -0.51115197,  0.28012654,  0.36988798, -0.5606572 , -0.80317706,
        0.11556746,  0.42191598, -0.04691527,  0.50743675, -0.27494973,
        0.09024935, -0.5454591 , -0.57467926, -0.09371465,  0.57757056,
       -0.29362446,  0.35131943, -0.46642277,  0.39739156, -0.33475727,
       -0.37682778,  0.21128856,  0.01454193,  0.49415642,  0.4880264 ,
        0.26351386,  0.30580175, -0.20065393,  0.18103747, -0.01665068,
       -0.40914804,  0.4451096 , -0.19912621,  0.34948134, -0.57295156,
       -0.08336034, -0.04028609, -0.56814796,  0.62385035,  0.22466888,
       -0.09205126, -0.37510112, -0.6856197 , -0.53658265, -0.53137994,
       -0.03980162, -0.19830593, -0.3236207 , -0.04120428,  0.40232357,
        0.28660107,  0.04165063,  0.38010424, -0.15046442, -0.7522862 ,
        0.35965192, -0.14212315, -0.35823798,  0.0152283 ,  0.14065202,
       -0.11720326,  0.49220806,  0.12695383,  0.22037871,  0.6242468 ,
       -0.03874147, -0.5997205 , -0.4262771 ,  0.2648976 , -0.4909582 ,
       -0.42995298,  0.16878143,  0.26328996, -0.01950813, -0.5744067 ,
       -0.10759462, -0.65592414, -0.10543655, -0.3152217 , -0.4931411 ,
       -0.4450657 ,  0.15793103, -0.23987444,  0.40954363,  0.21982914,
        0.35680673, -0.2638772 ,  0.30313212, -0.42759427, -0.49852774,
       -0.1461604 ,  0.15689807, -0.48006022, -0.63374645,  0.32312754,
        0.1434305 , -0.25377458,  0.1147788 , -0.51323134, -0.46576187,
       -0.29936436,  0.02667908,  0.36853635,  0.17187478, -0.34492803,
       -0.19006109, -0.12486389,  0.24525805,  0.5718949 ,  0.43952805,
        0.16597228, -0.35912234,  0.4832504 ,  0.30454975,  0.59502095,
        0.4361999 , -0.5033636 ,  0.3822125 , -0.31440145,  0.21151826,
       -0.571028  ,  0.41837144,  0.03740363,  0.3015176 ,  0.5736486 ,
       -0.3195757 , -0.5776645 ,  0.02263058,  0.49389976,  0.3392588 ,
       -0.30783936,  0.1998561 , -0.06869827, -0.59568053, -0.3931691 ,
        0.17285971,  0.02324293, -0.36022192, -0.3451769 ,  0.19403692,
       -0.31805408,  0.15928721, -0.48837185,  0.45547122,  0.0752486 ,
       -0.38578838, -0.61293644,  0.14781234, -0.66251916, -0.67242837,
       -0.14078465, -0.17161202,  0.3013343 , -0.19380909, -0.03736863,
        0.25009435,  0.47238111, -0.14988536, -0.6192172 ,  0.568604  ,
       -0.45528767, -0.6869987 , -0.61117417, -0.6830536 , -0.64380664,
        0.02852765, -0.25511944, -0.23411624, -0.42447847, -0.12800835,
        0.4839124 ,  0.25525492,  0.37096605, -0.23396195, -0.162994  ,
        0.47034326, -0.7227409 , -0.594686  ,  0.19414659, -0.21823578,
        0.21673803,  0.43349138, -0.04360367, -0.48855233, -0.6207971 ,
       -0.02600162,  0.5697809 , -0.40867046, -0.4243483 , -0.54728526,
       -0.17411347, -0.44465896, -0.05191063, -0.08830664,  0.26978976,
       -0.6259719 , -0.06188045, -0.53507173,  0.55839497,  0.01850064,
       -0.5945318 ,  0.42653888, -0.28138128,  0.39878935,  0.28771967,
       -0.6367631 ,  0.18534213,  0.28612062,  0.49066347, -0.02402167,
       -0.0563563 , -0.1809249 ,  0.57469827,  0.5395854 , -0.4595526 ,
        0.28989103,  0.47858447, -0.1664328 ,  0.12448937, -0.6679977 ,
        0.4839341 , -0.6031057 ,  0.45316163,  0.16991253,  0.3124406 ,
       -0.00749361, -0.42876187, -0.6103939 , -0.15553719, -0.11145219,
       -0.3205081 , -0.33569276,  0.06608018,  0.1041134 , -0.30179086,
        0.19469048,  0.02504941,  0.3513978 ,  0.50146407,  0.06283627,
       -0.389687  ,  0.19839336,  0.13513437, -0.28354895,  0.55952364,
       -0.2305513 , -0.5965229 ,  0.5852505 , -0.2891939 ,  0.01816906,
       -0.13097237, -0.39106005, -0.5751367 ,  0.6504381 , -0.15329486,
       -0.28092518, -0.6821361 ,  0.12763068,  0.3966525 ,  0.46896923,
        0.00107296,  0.54836935,  0.3313859 , -0.42815313, -0.5977655 ,
       -0.6067758 ,  0.00926352, -0.02291623, -0.40988272,  0.10800008,
        0.11105785,  0.1455467 , -0.6066902 , -0.5286053 , -0.12062958,
       -0.48404986, -0.1598047 , -0.07409091,  0.08097689,  0.46042967,
        0.49360153, -0.5483485 ,  0.5063081 , -0.2588745 ,  0.513444  ,
       -0.16887994,  0.19186781, -0.19845495, -0.21863413, -0.10299785,
       -0.34000847, -0.32376912, -0.2064412 , -0.5787966 ,  0.57749325,
       -0.37766078, -0.42812616, -0.40997547, -0.2167051 , -0.6695037 ,
        0.03293713, -0.22129792, -0.46901357,  0.26091674,  0.36073944,
       -0.5532598 , -0.5408788 , -0.19163194, -0.02157572, -0.5871465 ],
      dtype=float32), 'decoder.fc.6.weight': array([[ 0.3712644 , -0.40144894,  0.35139883, ..., -1.0776083 ,
         0.8983942 , -0.36323836],
       [-0.03316208, -0.18215445,  0.32827732, ..., -0.830764  ,
         1.2156466 , -1.0437486 ],
       [ 0.99782205, -1.14568   ,  0.22111152, ...,  0.7946552 ,
        -0.20983371,  0.9205965 ],
       ...,
       [ 0.8620781 , -0.6401723 ,  0.8655127 , ...,  0.7080741 ,
        -1.0375868 ,  0.34497717],
       [-0.82749903,  0.71057165, -1.0875804 , ..., -0.66455406,
         0.4220671 ,  1.4731783 ],
       [-0.5639646 , -0.23108739, -0.41625148, ..., -0.50134057,
        -1.1372874 ,  0.75555146]], dtype=float32), 'decoder.fc.6.bias': array([0.07204503, 0.0068952 , 1.0543816 , ..., 1.0413857 , 0.562481  ,
       1.1437749 ], dtype=float32)}
[Time: 27.01.25 20:33:58] [Level: info] [State: aggregate] {'encoder.fc.0.weight': array([[-3.9892858e-01, -7.1387738e-04,  6.9302030e-02, ...,
        -1.8274657e-01,  2.9685211e-01, -1.6010450e-01],
       [ 1.9830313e-01,  1.5850790e-01,  5.2573062e-02, ...,
         7.7615052e-02, -2.2614224e-01, -1.9102873e-01],
       [-1.6959679e-01, -1.4675611e-01, -8.7274075e-02, ...,
         1.4719008e-01, -5.8672721e-03, -5.3811222e-02],
       ...,
       [-1.2982377e-01, -3.4593633e-01, -1.4389069e-01, ...,
        -1.9334996e-01,  3.3673239e-01, -2.3036927e-01],
       [ 2.1897536e-02,  3.2242861e-01,  7.9917729e-02, ...,
         2.0204641e-01, -1.0375154e-04, -1.7774524e-01],
       [ 9.7882345e-02, -5.6270212e-02, -3.3594412e-01, ...,
        -3.0758463e-02,  1.5965971e-01, -2.9961290e-02]], dtype=float32), 'encoder.fc.0.bias': array([-1.25185311e-01, -4.21989411e-01, -1.31620049e-01, -1.75542697e-01,
        1.45945564e-01,  9.88223925e-02, -1.17962964e-01,  3.76975276e-02,
       -3.44222561e-02, -5.85148893e-02, -1.31602615e-01,  1.25595227e-01,
       -1.43568188e-01, -2.34948665e-01, -1.82230428e-01, -4.83085290e-02,
       -4.01826710e-01, -2.41181627e-01,  7.73691386e-02, -5.33928797e-02,
        8.56868327e-02,  4.17027138e-02, -3.67530853e-01, -1.47728175e-01,
       -3.92115057e-01, -9.84745622e-02, -1.75660580e-01, -2.39426285e-01,
       -2.39898428e-01,  1.00600095e-02, -1.41452715e-01, -2.96475291e-01,
       -8.77521858e-02, -3.61123741e-01, -1.72355596e-03,  1.04318678e-01,
        1.81204826e-02,  5.59299849e-02, -1.12731352e-01, -9.10200775e-02,
       -2.85872191e-01, -2.06079900e-01,  9.37582552e-02, -4.09300923e-02,
       -4.30973828e-01,  3.60260904e-02, -3.04925274e-02, -1.30012646e-01,
        1.71642318e-01, -1.67336255e-01,  2.57845409e-02, -8.73402283e-02,
       -2.63060629e-01, -2.18646303e-01, -1.00693449e-01, -2.31998026e-01,
       -8.72794390e-02, -1.63476333e-01, -1.96909562e-01, -4.60851669e-01,
        4.06676717e-02, -2.38321930e-01, -2.10445356e-02, -3.08938324e-01,
       -1.61018461e-01, -3.02851290e-01,  1.54191237e-02, -3.28574091e-01,
       -2.63155133e-01,  2.03499179e-02, -9.82225463e-02, -4.50025536e-02,
       -3.73289287e-01,  4.65830714e-02, -1.97045699e-01, -1.68894842e-01,
        6.82550222e-02, -2.85238504e-01, -3.84271324e-01, -2.02053666e-01,
       -3.41762543e-01, -3.53738457e-01, -3.08003545e-01, -1.49744168e-01,
       -1.22425586e-01, -3.47314984e-01, -8.04328918e-02,  1.25432149e-01,
       -8.78437907e-02,  1.57665893e-01, -3.52922797e-01,  1.47285029e-01,
       -3.22688311e-01, -2.28595912e-01, -9.94820073e-02, -1.27025619e-01,
       -3.75166833e-01, -2.42000923e-01,  1.43562648e-02,  3.03162068e-01,
        2.31809691e-02, -2.18375802e-01, -1.05830327e-01, -4.00339186e-01,
        1.51321650e-01, -2.20748574e-01, -1.86450899e-01, -2.24420607e-01,
        1.87200949e-01, -1.22991987e-01, -7.10502416e-02, -2.41455585e-01,
       -4.22208935e-01, -2.44430497e-01, -4.62423116e-02,  1.41900897e-01,
        3.28159213e-01, -2.56296337e-01, -8.08537081e-02, -5.01507185e-02,
       -3.30586493e-01,  9.84386504e-02, -2.87516952e-01, -4.58494008e-01,
        1.19636595e-01, -3.39132696e-01, -3.51041019e-01, -2.35926397e-02,
        4.35799733e-03, -1.55552045e-01, -3.66366096e-02, -2.36278504e-01,
       -1.72894359e-01, -5.18628418e-01, -4.12988931e-01,  1.88520521e-01,
       -1.71885490e-01, -4.12745357e-01, -3.41675282e-01,  4.56752032e-02,
       -1.35626659e-01, -1.28873393e-01, -2.77939022e-01,  1.59548055e-02,
        9.44038406e-02, -1.97356850e-01, -3.08759272e-01, -3.42394829e-01,
       -2.58268833e-01, -4.64296401e-01, -5.63041633e-03, -1.32554948e-01,
        1.99669629e-01, -1.44842431e-01, -1.20985672e-01, -1.01819098e-01,
       -1.81469455e-01, -3.62410694e-01, -7.20944032e-02, -1.53490812e-01,
        4.45370711e-02,  2.59446595e-02,  9.00546312e-02, -8.52064937e-02,
       -1.65223926e-01, -4.15113837e-01, -3.34072381e-01, -2.68619716e-01,
       -4.06627059e-01, -3.75384510e-01, -2.07763180e-01, -3.79241668e-02,
        2.49384064e-02, -1.32391810e-01, -2.90233195e-01, -2.37648875e-01,
        2.50482149e-02, -1.36601776e-01, -2.15931773e-01, -1.33616149e-01,
       -4.03416127e-01,  8.10903590e-03,  2.68164068e-01, -1.84236523e-02,
       -2.04636119e-02, -6.94491947e-03, -6.28559012e-03,  2.70088073e-02,
        9.64861214e-02, -2.88832188e-01,  3.28259286e-03, -1.05465678e-02,
        1.27062276e-01,  1.10228471e-01,  3.58411260e-02, -3.26950669e-01,
       -1.01143010e-01,  1.07837096e-01, -1.88641205e-01, -5.70673943e-02,
        3.53402346e-02, -4.80214328e-01, -2.24183679e-01,  8.61151796e-03,
        5.05483560e-02, -4.45780128e-01, -3.01933289e-01, -8.97440314e-02,
       -3.42233986e-01,  1.35257527e-01, -1.27875999e-01, -1.86909810e-02,
       -9.41042006e-02,  4.23455387e-02, -5.43350875e-02, -2.63146818e-01,
       -1.98874176e-01,  1.27976105e-01,  5.78244738e-02, -2.61938691e-01,
       -2.86542237e-01,  5.51684462e-02, -4.38685685e-01, -2.59908617e-01,
       -1.36391297e-01, -3.17052841e-01,  1.24245413e-01,  6.52025396e-04,
       -4.71414775e-01, -1.75991356e-01, -3.72610986e-02,  1.23648286e-01,
        1.91245358e-02, -2.53380805e-01, -2.09695250e-01,  8.56591109e-03,
       -2.83773333e-01,  1.37587599e-02, -2.96680361e-01, -2.17900589e-01,
       -4.72874492e-02, -4.39988263e-02, -2.86538899e-01, -2.93187574e-02,
       -2.57359564e-01, -3.34044248e-01, -2.99556047e-01, -1.96278378e-01,
       -8.39599296e-02, -1.97023034e-01, -3.42111215e-02, -2.29682192e-01,
       -2.35677078e-01, -3.16289812e-01, -1.29005192e-02,  6.05684705e-02,
       -4.44380671e-01, -9.03317556e-02, -3.40755373e-01, -1.57778472e-01,
       -1.50353342e-01, -2.02299133e-01,  2.02663302e-01, -2.42394730e-01,
       -4.54317406e-02, -2.80258745e-01, -7.34196231e-02, -3.99358660e-01,
        5.63773029e-02, -3.60399991e-01, -4.64378774e-01, -3.56397003e-01,
       -8.62920135e-02, -2.52234876e-01,  1.27544239e-01, -3.78902704e-01,
       -2.39426702e-01,  1.45855278e-01, -5.12957051e-02, -3.88569355e-01,
       -1.88367829e-01, -2.91036069e-01,  9.66494456e-02, -1.76512718e-01,
       -9.64899256e-04, -2.90939987e-01, -2.39199892e-01, -1.16019333e-02,
       -3.89587730e-02, -1.18577801e-01, -3.73638183e-01, -2.22831190e-01,
       -2.82027066e-01, -3.35786939e-01,  1.22779660e-01, -1.57526314e-01,
        4.03641015e-02, -1.12899825e-01, -1.84835017e-01, -4.09785837e-01,
       -2.71025807e-01, -1.63416028e-01, -3.51978600e-01,  3.88187170e-02,
       -1.35516614e-01, -1.16504490e-01, -1.96704358e-01, -6.59579113e-02,
        1.23054221e-01,  7.78440060e-03,  9.54725668e-02,  2.68055558e-01,
       -6.20612316e-02,  1.56038389e-01,  1.29307047e-01, -3.08250248e-01,
       -4.42644000e-01, -2.96475410e-01, -3.64474114e-03, -3.65772061e-02,
       -4.59106147e-01, -2.46581942e-01,  9.99625400e-03, -3.72574151e-01,
       -1.57217458e-01, -6.78419545e-02, -3.09401125e-01, -1.17619589e-01,
        9.51857364e-05, -8.02568998e-03, -1.03585728e-01,  1.61796942e-01,
       -1.28623825e-02, -5.67533262e-02, -3.12534302e-01, -1.96218658e-02,
       -8.83757398e-02, -4.13391083e-01,  9.65700299e-03, -1.37921318e-01,
       -2.41445914e-01, -1.76682174e-01, -1.23962678e-01, -7.28472024e-02,
        1.02063894e-01,  3.29135102e-03, -3.72846454e-01,  3.75242233e-02,
        4.98297103e-02, -1.43199787e-01, -2.69336045e-01, -3.33069377e-02,
       -2.67436337e-02, -2.77706012e-02, -1.22160845e-01, -4.51651812e-01,
        1.03867883e-02, -1.72745869e-01, -1.32853046e-01, -1.87130898e-01,
        8.50115344e-02, -4.13121134e-01, -2.77840883e-01, -3.42832893e-01,
       -4.48406339e-01, -2.39321485e-01, -1.14685439e-01,  3.95736322e-02,
       -8.66165832e-02, -3.99843365e-01, -3.27484578e-01,  1.42935276e-01,
       -1.45283658e-02, -8.47355872e-02, -3.68190914e-01,  1.41964818e-03,
       -1.11160785e-01, -8.38329569e-02, -1.01502471e-01, -1.35122821e-01,
       -2.20995143e-01,  1.06941521e-01, -3.05214703e-01,  9.74384844e-02,
       -1.04151681e-01, -2.15823859e-01, -3.78265411e-01,  1.54773355e-01,
       -1.24279037e-01, -3.20680290e-01, -1.02305338e-01, -2.05313250e-01,
       -3.34610909e-01, -1.83278531e-01, -9.93775651e-02, -3.18706244e-01,
       -3.51851642e-01,  1.33173810e-02, -2.09926128e-01,  2.77580470e-02,
       -3.13449115e-01, -3.18724602e-01, -2.05222324e-01, -2.40508974e-01,
       -4.66709703e-01, -1.26471013e-01, -2.13687703e-01, -7.85209984e-03,
       -1.39579043e-01, -4.05648589e-01, -1.51986420e-01,  1.71000034e-01,
       -2.65488803e-01,  1.99913010e-02, -2.87992895e-01, -4.21685606e-01,
       -2.70097256e-01, -3.67637783e-01, -7.02818781e-02,  6.11838214e-02,
       -6.96880370e-02, -8.52865055e-02, -2.02856734e-01, -1.38802484e-01,
       -1.94283769e-01,  8.75716284e-02, -7.75866881e-02,  1.78349894e-02,
        5.08087836e-02, -1.74089298e-01, -2.74690688e-01,  1.29930172e-02,
       -7.42877126e-02, -1.15795210e-01, -2.73807645e-01, -3.51111032e-02,
       -2.29719318e-02, -2.68866092e-01,  1.10745549e-01, -9.59325507e-02,
       -2.80462295e-01, -1.65945843e-01, -2.85552025e-01, -1.29692614e-01,
       -1.70848116e-01, -5.38047180e-02, -1.73868477e-01,  6.76922202e-02,
       -3.98742199e-01,  1.11926571e-01,  5.05979583e-02, -7.04212440e-03,
       -5.05672574e-01, -2.85606891e-01,  6.25899583e-02, -3.39466840e-01,
       -2.91283727e-01, -3.99009287e-01, -2.80498952e-01, -3.23027909e-01,
       -3.21622461e-01, -1.23054877e-01, -2.98287198e-02, -5.51688597e-02,
       -2.01339256e-02,  1.20130643e-01,  2.07112581e-02, -1.33543268e-01,
        1.00116350e-01, -3.83485019e-01, -5.25115356e-02, -1.72113612e-01,
       -1.91593885e-01, -2.93450266e-01, -3.87591958e-01, -4.19094739e-03,
       -1.86624095e-01, -2.29223549e-01, -1.10461541e-01, -8.12085792e-02,
        9.63636562e-02, -3.19258161e-02, -3.00130188e-01, -3.13963026e-01,
        2.25579236e-02, -3.54538083e-01, -3.21087897e-01, -2.63751537e-01,
       -6.38721809e-02,  1.12665586e-01, -3.44419450e-01, -3.59079123e-01,
       -4.11962360e-01, -7.30369687e-02, -1.67130202e-01, -2.44376823e-01,
       -2.45314594e-02,  3.73033375e-01, -1.56753108e-01,  3.14744450e-02],
      dtype=float32), 'encoder.fc.2.weight': array([[-0.49366355,  0.34958845, -1.0666068 , ..., -0.18149509,
        -0.7751088 ,  1.0279969 ],
       [ 0.27459762, -0.08677559,  0.05388121, ...,  0.2038339 ,
        -1.2874527 ,  0.33770835],
       [-0.80736226, -0.9185411 , -0.6641436 , ..., -0.39263904,
        -0.42835307, -0.46284106],
       ...,
       [-0.44617838, -0.70911086, -0.3282452 , ...,  0.1735449 ,
         0.4722684 , -0.00548037],
       [-0.42036262,  0.73766243, -0.07189009, ..., -0.7152046 ,
         0.28228506, -0.7451549 ],
       [-1.026503  ,  1.0685384 , -0.68512166, ...,  0.18643951,
        -0.56825733,  0.823914  ]], dtype=float32), 'encoder.fc.2.bias': array([-1.189961  ,  0.14988138, -0.15484406, ...,  0.9990907 ,
        0.49337173,  0.40269327], dtype=float32), 'encoder.fc.4.weight': array([[-0.08904696, -0.7230059 , -0.11097641, ..., -0.42335415,
        -0.2852397 , -0.6527132 ],
       [ 0.11720644, -0.28221   , -0.22928911, ...,  0.02119375,
         0.39123067,  0.1169718 ],
       [ 0.23721811, -0.42692804, -0.44539827, ..., -0.10392401,
         0.28187972, -0.46428537],
       ...,
       [-0.6537639 ,  0.14651573,  0.4086349 , ..., -0.2321922 ,
        -0.17330597, -0.07503635],
       [-0.35458952,  0.10356395,  0.03281009, ...,  0.46647516,
         0.33728004,  0.03653115],
       [-0.7329404 , -0.12468773,  0.01417754, ..., -0.50328726,
         0.29451928, -0.22116765]], dtype=float32), 'encoder.fc.4.bias': array([-5.54042280e-01, -2.45066315e-01, -8.24101344e-02, -5.53982019e-01,
       -4.43025172e-01, -6.57006025e-01,  5.05329035e-02, -2.50264585e-01,
       -4.44845796e-01, -1.31797865e-01,  2.07475945e-01,  1.71190515e-01,
       -5.28659225e-01, -5.64032316e-01,  9.09468383e-02,  4.44146246e-02,
       -6.10036016e-01, -2.76643783e-02, -2.63416559e-01,  3.57932568e-01,
       -4.84279215e-01, -5.07944405e-01, -5.23157954e-01, -2.48064309e-01,
        2.39589721e-01, -5.74617647e-02,  1.41720086e-01,  4.28896666e-01,
       -1.10814422e-01, -9.84774064e-03,  2.90584266e-01, -1.09271146e-01,
        2.23553717e-01, -2.11641103e-01, -3.22334737e-01, -4.59668040e-01,
        1.01706073e-01,  2.81480610e-01,  1.38095140e-01,  3.70605707e-01,
        2.96410978e-01,  3.24765265e-01,  3.67543936e-01,  4.63080630e-02,
        3.46265137e-01,  4.51539382e-02, -4.83743221e-01,  5.65539241e-01,
        1.75948888e-01, -4.59928215e-01,  5.12624741e-01, -3.75678509e-01,
        8.65181983e-02,  4.11836132e-02, -5.32902241e-01, -2.91167080e-01,
        3.01785588e-01,  5.20755112e-01, -3.73796895e-02,  4.89640534e-01,
        4.34963703e-01,  2.52538994e-02,  1.19993426e-01,  2.39414722e-01,
       -3.38438243e-01, -1.26265615e-01,  3.38162296e-02, -2.29249656e-01,
       -2.14960705e-03,  3.58280182e-01,  3.90258014e-01, -7.00953364e-01,
        3.11167464e-02,  4.33759689e-01, -2.66038626e-01,  1.30444139e-01,
       -4.96983469e-01, -5.03566954e-03, -4.37743664e-01,  3.20761532e-01,
        3.80233496e-01,  2.68821269e-01, -7.61845261e-02, -4.44610059e-01,
       -5.97767889e-01,  1.90922350e-01, -8.72650445e-02, -6.11006975e-01,
       -6.29689693e-01,  2.20063716e-01, -4.68398392e-01,  2.12269779e-02,
       -5.54517031e-01, -1.46299630e-01,  2.68259048e-01, -2.00552702e-01,
        2.19452620e-01, -7.10302114e-01,  5.08372426e-01, -3.53397071e-01,
        2.95133293e-01,  4.49046433e-01,  2.82620788e-01, -4.87093031e-02,
       -1.49750948e-01,  2.66659379e-01, -2.79855639e-01, -2.71811217e-01,
       -4.98892963e-01,  5.21939516e-01,  6.88283592e-02,  2.55597591e-01,
        1.57104194e-01, -5.11843681e-01,  1.04520001e-01, -3.45236480e-01,
        3.60427946e-02, -8.44959840e-02,  4.55390990e-01, -2.92056650e-02,
       -6.44680858e-01, -1.34316325e-01, -5.71597457e-01, -2.26045519e-01,
       -5.78753173e-01,  9.98657569e-02, -8.52518454e-02, -3.28770280e-01,
        3.72162551e-01,  1.70296505e-01, -2.36782864e-01,  6.08218968e-01,
       -3.01979005e-01, -6.00717664e-01,  4.34599876e-01,  1.05120027e-02,
        2.94825971e-01,  4.98022363e-02, -5.54392338e-01,  1.40286878e-01,
       -7.27187157e-01, -5.47867537e-01, -4.74850833e-01, -1.34401277e-01,
        1.26051143e-01,  1.90810874e-01,  4.00608808e-01,  5.17944634e-01,
        2.10852489e-01, -1.08816914e-01, -3.77455413e-01,  1.74948841e-01,
        4.15901184e-01,  8.99061337e-02, -6.27811719e-03, -4.73729134e-01,
       -2.11293861e-01,  4.24908012e-01,  8.06703642e-02, -7.95241296e-02,
       -3.86014469e-02, -6.10206962e-01,  3.78596485e-01, -2.20476985e-01,
       -1.98308215e-01, -4.22604144e-01,  4.40398961e-01, -7.11803555e-01,
       -2.75089175e-01,  2.77427644e-01,  4.64448273e-01,  6.34383932e-02,
       -6.69002593e-01,  3.62316489e-01,  3.61238420e-01, -3.17926928e-02,
        1.58703789e-01,  1.92281097e-01, -4.78152633e-01,  1.87328849e-02,
       -5.39262414e-01, -3.67406726e-01, -4.83982861e-01,  3.32609296e-01,
        3.68863910e-01,  3.13218594e-01, -3.02334994e-01,  4.24727440e-01,
       -4.50124264e-01,  3.14093381e-01, -2.92752415e-01, -3.22376788e-01,
       -6.58020675e-02,  4.57211770e-02, -3.90531242e-01,  1.56402543e-01,
        1.57703295e-01,  1.98819265e-01,  5.71447164e-02, -2.99650043e-01,
       -5.77027440e-01, -6.25089258e-02, -3.33643854e-01, -6.33922338e-01,
        3.39572847e-01,  4.56229389e-01, -4.74769026e-01, -2.01551512e-01,
       -2.36286789e-01,  2.73385663e-02,  4.14758980e-01,  3.25125903e-01,
        3.51608574e-01,  3.27542424e-01,  5.19752860e-01,  5.09457231e-01,
       -5.91108561e-01, -6.90258265e-01, -1.68534085e-01, -6.19325578e-01,
       -2.24693507e-01,  3.82682800e-01, -1.20342478e-01, -4.60443705e-01,
        4.57901120e-01,  3.14617306e-01,  4.41721797e-01, -9.00833458e-02,
       -5.62298417e-01,  5.83075825e-03, -2.98520714e-01,  3.27120304e-01,
        2.65038848e-01,  1.81414247e-01,  3.83933663e-01,  8.05831179e-02,
       -2.25218102e-01, -3.75303626e-01,  1.67010590e-01,  8.90577659e-02,
       -4.77869920e-02,  4.51581717e-01,  2.20461026e-01, -2.35587418e-01,
       -7.11453915e-01,  1.52851909e-01,  2.18374342e-01,  4.03116763e-01,
        1.77802473e-01,  2.67388344e-01, -1.15591578e-01,  1.52591348e-01,
       -6.16760612e-01,  4.70398545e-01,  8.45302120e-02, -5.64509571e-01,
       -3.73491853e-01,  3.45963165e-02, -6.88085318e-01, -4.99933004e-01,
        1.66659132e-01,  1.35193944e-01, -1.53351903e-01, -5.51190317e-01,
       -1.51307553e-01, -3.35643254e-02, -2.22609192e-01, -4.54598576e-01,
       -2.17304975e-01,  4.99542415e-01, -9.73689333e-02,  2.04344288e-01,
       -2.35096857e-01,  2.85303116e-01,  3.41215491e-01, -3.38841915e-01,
       -4.45063412e-01, -5.08723378e-01, -3.16126049e-01,  3.61650437e-02,
        3.16829741e-01, -9.07429904e-02, -5.93984067e-01, -5.70151329e-01,
       -6.58623695e-01, -6.10805035e-01, -2.93551475e-01, -6.27362370e-01,
       -2.61203229e-01, -2.30789691e-01,  3.16771895e-01, -8.60160217e-02,
       -3.19866866e-01,  1.27705070e-03, -4.67094541e-01,  2.72890739e-02,
        3.69883299e-01,  4.81440842e-01,  3.88134241e-01,  3.54361326e-01,
        6.57611564e-02, -3.98745477e-01, -2.74547160e-01, -5.27153432e-04,
       -4.42852378e-01, -6.30150914e-01, -1.79636031e-01, -3.64301950e-01,
       -7.00970232e-01,  7.47699887e-02,  2.62770891e-01,  4.84678932e-02,
        2.05979884e-01, -3.74310106e-01, -8.55534896e-02, -1.32758720e-02,
        3.82700354e-01, -4.26333040e-01, -7.31322169e-01,  3.79058540e-01,
        6.31105542e-01,  3.90745550e-02, -3.33819836e-02, -5.13863027e-01,
       -9.04999003e-02, -4.11253005e-01, -2.59747297e-01, -5.49614310e-01,
       -1.75593317e-01, -4.95355666e-01, -8.28743875e-02, -3.57127815e-01,
       -4.19699878e-01,  2.13906065e-01, -4.88776118e-01, -1.07387573e-01,
        1.81406274e-01, -4.77832854e-01, -5.13170123e-01,  4.06447053e-01,
       -4.43097539e-02,  8.28077868e-02, -7.02348232e-01,  7.57541060e-02,
        4.16710883e-01,  5.22433281e-01, -5.77578068e-01,  2.58481860e-01,
       -3.53739321e-01,  1.05707422e-01, -5.89953244e-01,  2.71776378e-01,
        3.68572660e-02, -6.84046984e-01, -4.73767728e-01,  2.08027303e-01,
        1.91212445e-02,  9.77344885e-02,  2.27475777e-01,  4.38776106e-01,
       -1.04325086e-01,  2.40374118e-01, -6.44500613e-01,  1.71866059e-01,
       -3.78233075e-01, -2.85052121e-01, -5.57271421e-01, -1.03608035e-01,
       -6.57549143e-01, -2.76979595e-01, -6.06018864e-02, -7.69451410e-02,
       -5.10008931e-01,  9.24621988e-03, -5.90785854e-02, -1.84976503e-01,
       -3.68006080e-01, -2.50332952e-01, -3.99765313e-01, -4.34053957e-01,
        5.59911609e-01,  4.13038105e-01, -3.40671726e-02, -1.23772383e-01,
        3.87137353e-01, -1.85948968e-01, -2.57064193e-01, -5.45940042e-01,
       -2.05597773e-01,  1.27903922e-02,  5.18488698e-02, -7.24610209e-01,
       -3.55240613e-01, -6.60119534e-01,  3.91075388e-02, -1.02270491e-01,
       -7.05753863e-01, -5.26376843e-01,  1.67114273e-01, -3.64843696e-01,
        2.94447482e-01, -4.63622451e-01,  3.44944820e-02, -3.83008063e-01,
        2.23326008e-03,  4.79303837e-01,  3.03931981e-02, -2.55840063e-01,
       -1.26116440e-01, -5.02461433e-01,  1.51873961e-01, -6.17064461e-02,
       -9.00665596e-02,  4.08124864e-01, -2.74362028e-01, -2.28637382e-01,
       -4.36708987e-01, -2.93226372e-02, -5.92652917e-01, -2.22625673e-01,
       -1.04297996e-01,  4.92474169e-01, -6.90110207e-01, -1.25782162e-01,
       -4.66472715e-01, -1.90714449e-01, -2.70618238e-02, -3.36996049e-01,
       -3.39812934e-01, -3.05626333e-01, -1.23904586e-01, -4.94631886e-01,
        2.80611575e-01, -1.06381074e-01,  4.30645883e-01, -1.80649415e-01,
       -6.40884161e-01,  4.41794068e-01, -1.19028457e-01, -4.64191198e-01,
       -4.85227585e-01, -2.02218756e-01,  4.69496697e-02, -1.94455624e-01,
        1.94265857e-01, -3.55695784e-01, -1.73227414e-02, -2.18751132e-01,
       -9.37457979e-02, -5.88769555e-01, -5.47892213e-01, -1.47023529e-01,
        2.01659963e-01, -1.00417785e-01,  4.82083529e-01, -7.11158395e-01,
       -6.33035302e-01,  1.55297536e-02,  7.65246227e-02, -2.30902046e-01,
       -5.03675401e-01, -7.06737936e-01, -5.57686806e-01,  2.13733524e-01,
        7.57290125e-02,  5.29452786e-02, -3.23870212e-01, -2.10960656e-01,
        5.78210771e-01, -5.44920802e-01, -6.32064819e-01, -4.18435961e-01,
       -3.58217597e-01,  2.34025329e-01,  4.50301945e-01, -3.87273252e-01,
       -1.08661659e-01, -5.29705703e-01,  4.92120594e-01, -3.76124024e-01,
       -1.45682231e-01, -1.00160629e-01,  4.21907812e-01, -2.01469541e-01,
        2.80845165e-01, -4.34750378e-01,  6.11530337e-03, -3.20697755e-01,
       -3.34032416e-01, -3.64333332e-01, -5.09820223e-01, -6.40516937e-01,
       -6.45397184e-03,  2.03705654e-01, -4.06909734e-01, -1.13593556e-01,
       -5.18279314e-01,  9.90711600e-02,  1.38877491e-02,  3.69530261e-01],
      dtype=float32), 'encoder.fc.6.weight': array([[-0.81496847, -0.6231626 ,  0.12742248, ..., -0.42351663,
        -0.30860096, -0.9107507 ],
       [ 0.9785605 ,  0.9927219 ,  1.0845168 , ...,  0.88685215,
        -1.0782421 ,  0.6458965 ],
       [-0.37108418, -0.56964695, -0.6793468 , ..., -0.01936591,
         0.73054004, -1.0842507 ],
       ...,
       [ 0.4303528 , -1.0512143 ,  0.4766277 , ..., -0.8161657 ,
         0.43971038,  0.98555624],
       [ 0.7119992 , -0.4692943 ,  0.05614575, ...,  0.05532691,
        -0.03058896,  0.9760746 ],
       [-0.6803775 ,  0.5945238 ,  0.7301471 , ...,  0.4232279 ,
        -0.6786247 ,  0.7957923 ]], dtype=float32), 'encoder.fc.6.bias': array([ 0.5901377 , -0.19926074, -0.67450154,  0.16346379, -0.4839167 ,
       -0.86946744,  0.63543993,  0.7383929 ,  0.30082667, -0.80652887],
      dtype=float32), 'decoder.fc.0.weight': array([[-2.6860747 ,  6.414719  ,  6.469346  , ...,  2.5358934 ,
        -0.84642017,  1.9439219 ],
       [-4.7361093 ,  4.052145  , -2.1710343 , ..., -5.3952565 ,
        -2.1381605 , -7.9295616 ],
       [-6.8841076 , -2.7556658 ,  0.5421321 , ..., -3.876295  ,
        -2.6419396 , -6.2696342 ],
       ...,
       [-8.693838  ,  0.40163022, -3.000891  , ...,  6.491264  ,
         1.5091945 , -0.09029535],
       [ 4.7914004 , -4.8223023 ,  5.4799085 , ...,  1.6951104 ,
        -7.715434  , -3.8775403 ],
       [ 3.3801086 ,  1.5966442 , -7.864454  , ...,  4.7348523 ,
        -6.110677  , -3.2345176 ]], dtype=float32), 'decoder.fc.0.bias': array([-2.6669278e+00, -1.4134917e+00,  2.2732248e+00, -6.4285097e+00,
        2.5167606e+00,  7.0341816e+00,  7.5775938e+00,  1.5471710e+00,
       -6.9289207e+00,  2.4036310e+00, -6.0059273e-01, -7.0223927e+00,
       -1.9080824e+00,  1.9967622e+00, -5.3999084e-01,  9.5765758e-01,
       -2.0030789e+00,  1.2289857e-01,  5.1199813e+00, -1.8817457e+00,
       -3.8813152e+00,  3.0181210e+00,  8.1823760e-01, -3.5041127e+00,
        5.6628704e+00,  5.1330276e+00,  4.1865621e+00,  4.9338908e+00,
       -3.1650124e+00,  2.5681095e+00,  5.9772401e+00, -1.7615464e+00,
        6.0382318e+00, -7.2280359e+00,  5.5730348e+00, -2.8997979e+00,
        2.1398547e+00,  8.1625452e+00, -5.1754842e+00, -7.6319199e+00,
       -5.8729644e+00,  2.5086749e+00, -6.9590187e+00,  2.1146929e+00,
        8.5774126e+00, -2.7754363e-01, -2.0103428e+00,  5.8063698e+00,
        6.6318846e+00,  4.9653324e-01, -7.3545504e+00, -6.9608536e+00,
       -2.3742168e+00,  3.7418385e+00, -3.0226893e+00, -7.9440922e-01,
        7.0714712e+00,  8.1885185e+00, -5.5856137e+00, -2.8255458e+00,
       -4.0292563e+00,  7.3505902e-01, -2.1872146e+00,  4.3953190e+00,
        8.5303230e+00,  6.0086770e+00,  2.1122320e+00, -1.9771270e+00,
       -6.4245577e+00, -5.9671922e+00,  5.2073479e+00,  4.9325347e+00,
       -2.3526711e+00,  1.1215211e+00, -6.8493505e+00,  7.7006822e+00,
        4.8133402e+00,  8.0060282e+00,  5.9291627e-02, -2.8708434e+00,
        6.5912992e-01, -7.8992963e+00,  3.0052137e+00,  5.0573215e+00,
        6.1310806e+00, -4.0320382e+00,  7.8359337e+00, -4.4292898e+00,
        6.6852455e+00, -3.7694540e+00, -1.0142047e+00, -8.0624542e+00,
       -3.7685943e-01, -4.2885275e+00, -1.4595772e+00, -4.8620000e-02,
       -4.4620052e-01, -4.3486757e+00, -4.6033564e+00,  8.2888336e+00,
        6.2424679e+00, -6.3186741e+00, -4.7793121e+00, -8.0672474e+00,
        3.9735184e+00, -5.5720253e+00, -1.3139091e-01,  5.2478617e-01,
       -2.0439229e+00, -6.2617888e+00,  1.6327984e+00,  1.0446573e+00,
       -1.7902442e+00,  1.9405427e+00, -2.6138036e+00,  1.7403772e+00,
        9.0643430e-01,  5.1215596e+00,  3.0226538e+00,  3.6638412e+00,
        6.5205374e+00, -1.8473873e+00,  4.9411268e+00,  4.7610359e+00,
       -3.0055983e+00,  1.3876344e+00, -4.7896087e-01,  5.8805375e+00,
        6.9870889e-01, -1.7079036e+00, -3.0669951e+00, -6.8911953e+00,
       -1.3278192e+00,  4.4322252e+00, -8.0328426e+00, -7.2076130e+00,
       -3.7228317e+00, -3.5141008e+00, -8.2525473e+00, -3.8240924e+00,
       -1.5932579e+00,  2.8527930e+00, -3.3827207e+00,  4.6977285e-01,
        5.4077010e+00,  6.7326584e+00, -5.0417662e+00,  5.7977338e+00,
        7.5881743e+00, -2.1838045e+00, -6.0913978e+00,  7.2879410e+00,
        4.3520465e-01, -3.0111709e+00,  7.5960331e+00,  7.0465798e+00,
        8.0832205e+00, -6.1948147e+00,  4.4815512e+00, -7.0579119e+00,
        2.5351419e+00, -2.9963844e+00,  5.0421553e+00, -1.3272610e+00,
        4.8986955e+00, -2.7564912e+00,  4.8062148e+00,  2.9447200e+00,
        8.4311447e+00, -2.1960502e+00, -7.5092607e+00, -8.1959028e+00,
       -1.4960665e+00,  6.9734545e+00,  8.6384392e+00,  5.7477875e+00,
       -4.6162362e+00,  3.5519438e+00, -4.2752767e+00, -6.9773703e+00,
       -1.7632872e+00, -3.0613518e+00,  7.8631382e+00,  1.9948061e+00,
       -6.4165192e+00,  3.2542250e+00,  8.2463287e-02,  5.8115783e+00,
        6.0649667e+00,  1.9511570e+00, -6.2158074e+00,  1.2483091e+00,
        7.0130835e+00, -8.3883209e+00, -4.9914956e+00,  4.7212844e+00,
        4.0210509e+00,  1.4998257e+00,  2.5527017e+00,  6.5484109e+00,
        8.1788235e+00, -2.6009855e+00,  5.8519614e-01,  7.0211859e+00,
       -5.8691421e+00,  6.2571330e+00,  3.4748535e+00,  1.2041501e+00,
       -2.1212664e+00, -5.5978787e-01,  4.5800834e+00,  3.8427999e+00,
        2.0558391e+00, -4.5191607e+00, -1.9409136e-01, -7.7485933e+00,
       -5.6556997e+00,  2.8894305e+00,  9.0908456e-01,  6.2817373e+00,
        2.7908669e+00, -7.2496114e+00,  1.5221260e+00,  1.8929453e+00,
        2.7999160e+00, -5.9442563e+00,  8.5978537e+00, -4.3022623e+00,
        2.4934161e+00,  5.2323127e+00, -7.7927701e-02,  1.3074889e+00,
        2.9492494e-01,  4.1246862e+00,  6.1046314e+00,  1.5808947e+00,
        9.9919134e-01,  5.4418001e+00,  1.0371499e+00,  8.0602896e-01,
       -3.5513318e+00,  3.8678463e+00,  3.3544588e+00,  4.7011395e+00,
        5.5920849e+00,  4.4877324e+00, -4.0594826e+00,  2.3751059e+00,
        6.7245932e+00,  6.7930951e+00, -5.1055350e+00, -4.1678629e+00,
       -1.3434829e-01,  3.1086767e+00, -1.7951766e-01,  4.8121696e+00,
        3.6308537e+00, -7.8007712e+00, -1.1564340e-01,  5.4443259e+00,
       -6.9554627e-01, -4.6066847e+00, -8.2280045e+00, -4.7480955e+00,
        1.4492791e+00, -5.3965535e+00,  5.5908694e+00, -6.9304042e+00,
        2.9430871e+00,  7.8921169e-01, -7.6150328e-02,  5.5170302e+00,
       -9.7120208e-01, -7.4467258e+00,  2.2824039e+00, -7.2297564e+00,
       -7.3990029e-01,  8.0622778e+00, -4.4674258e+00,  3.1555967e+00,
       -7.1459422e+00, -5.4188371e+00,  5.1192731e-01,  2.8436112e+00,
       -5.3683764e-01, -6.1593467e-01, -3.4230587e+00, -6.0561647e+00,
        3.5109887e+00, -6.2642455e+00,  2.9892319e-01,  7.7669144e+00,
        5.3419495e+00,  6.6312637e+00, -5.2088037e+00,  4.4411345e+00,
       -3.5659041e+00, -5.4188509e+00,  4.9702826e+00,  7.6839933e+00,
        1.8694156e+00,  1.5534281e+00,  1.2410254e+00, -4.9537282e+00,
        7.3620806e+00, -1.9056547e+00,  7.7721375e-01,  5.9897904e+00,
        5.8626715e-04,  1.7982831e+00,  1.3383241e+00, -3.5899835e+00,
        8.1105366e+00, -3.3653769e+00, -1.7019758e+00,  6.5842133e+00,
        4.2780318e+00, -4.0281181e+00,  4.0057859e+00, -5.2319074e+00,
        7.6585546e+00, -7.0226974e+00,  4.4843035e+00,  2.2715807e+00,
       -6.5652790e+00,  3.7113509e+00, -3.1500065e+00, -8.4642392e-01,
       -8.5133991e+00,  2.0050325e+00,  3.0434620e+00,  6.4859509e+00,
       -4.2593269e+00, -8.5218340e-01,  4.2281251e+00,  9.6530271e-01,
        6.4691739e+00, -6.8479686e+00,  7.5118322e+00,  7.7304502e+00,
        5.6524892e+00, -2.6406469e+00,  4.8282804e+00, -8.0825872e+00,
        5.7151318e+00,  1.3607279e+00, -1.4409750e+00,  2.3258817e+00,
       -2.0115116e+00, -3.2674747e+00, -2.9588342e+00, -2.4335766e+00,
        4.5952415e+00, -1.3125315e+00, -7.7831917e+00,  2.0766976e+00,
       -2.5252639e-03, -3.3448381e+00,  6.7170024e+00, -4.5516443e+00,
        4.6552339e+00, -5.7957034e+00, -4.1686029e+00,  5.9282045e+00,
       -2.4231892e+00,  6.6087742e+00, -4.1016169e+00, -4.9934874e+00,
        7.6426368e+00,  2.5756087e+00, -6.8963308e+00, -5.4404564e+00,
       -4.1555744e-01, -4.9305972e-01,  7.0497875e+00, -8.3501272e+00,
       -1.6164504e+00,  1.3470557e+00,  2.8367302e+00, -1.6641500e+00,
        9.2172809e-02, -6.2502470e+00,  6.1227007e+00,  3.1088407e+00,
        4.1897144e+00,  5.9460411e+00,  9.5352679e-02,  1.7915642e+00,
       -7.3520637e+00, -6.7737597e-01,  7.1826541e-01,  7.2212939e+00,
       -4.2179766e+00, -3.7023811e+00,  5.8980889e+00,  5.5351400e+00,
        6.5426226e+00, -4.5806937e+00, -8.3438110e+00,  7.3027225e+00,
       -8.5703335e+00, -2.2546055e+00,  3.6662250e+00,  1.1251049e+00,
       -3.4495091e+00, -7.3641682e+00, -7.4482255e+00, -5.9763956e+00,
       -5.3229153e-01,  4.8230939e+00, -8.0038347e+00, -7.5357089e+00,
       -4.7579173e-02,  7.3410201e-01, -2.5243592e+00, -3.6712401e+00,
        6.8794165e+00,  6.4498096e+00,  4.9151959e+00,  7.6121273e+00,
       -1.1875582e+00, -2.5349185e+00,  1.7537994e+00,  6.5779686e+00,
        1.3765408e-01,  3.3035624e+00, -5.3050513e+00,  2.5363595e+00,
       -5.3382659e+00, -2.5894633e-01,  8.2635489e+00, -4.1459813e+00,
        3.1753352e+00, -3.5332656e+00, -5.3858380e+00,  6.6129532e+00,
       -3.8028636e+00, -5.5713582e+00, -4.3108907e+00,  5.6754532e+00,
       -1.6336689e+00, -8.0009823e+00, -1.2825756e+00,  4.2504354e+00,
       -7.2686005e+00, -9.8186189e-01, -6.0807171e+00,  7.3215895e+00,
       -6.4664268e+00, -6.4874930e+00, -6.8504744e+00, -5.8563323e+00,
       -6.6996136e+00,  5.3105769e+00, -7.3637140e-01, -8.6234403e-01,
        6.5746260e+00, -3.4758162e+00, -6.1347485e+00,  2.7418904e+00,
       -3.7882721e+00, -2.1249297e+00, -6.8045359e+00, -6.6318903e+00,
        7.6516886e+00,  1.1680585e+00,  2.8250825e+00,  6.4379492e+00,
        3.9036984e+00, -7.5170503e+00,  6.7639346e+00, -7.8820610e+00,
       -4.7478671e+00,  7.1534591e+00, -3.1352940e+00, -1.8194284e+00,
       -2.1756599e+00,  5.6842380e+00,  8.6404953e+00,  3.5422800e+00,
       -3.6247013e+00,  7.9516454e+00,  3.9531267e+00, -7.5718164e+00,
       -1.2132657e+00, -2.6020541e+00, -4.3165040e+00, -8.0703201e+00,
       -5.5978775e-01,  8.5288963e+00, -7.2850423e+00, -6.1889963e+00,
       -4.0906515e+00,  6.5003848e+00, -6.3827806e+00, -1.8470759e+00,
       -5.9248257e+00,  7.5014801e+00,  7.8848634e+00,  3.3886290e-01],
      dtype=float32), 'decoder.fc.2.weight': array([[-0.9389456 ,  0.5276593 , -1.3699944 , ...,  1.0763918 ,
        -1.1577798 ,  0.9482533 ],
       [ 0.8912228 , -0.08713458, -0.48597792, ..., -0.22618684,
         0.97073644,  0.5386986 ],
       [ 0.7399752 , -1.3367995 , -0.01555296, ...,  1.0847303 ,
         0.7078806 ,  0.19274089],
       ...,
       [ 0.75842667, -0.9649761 , -0.6806672 , ...,  0.9070425 ,
        -1.268608  ,  0.15160146],
       [ 0.46751088, -0.24710351, -0.79481375, ..., -0.6453913 ,
         0.9127167 ,  0.4704399 ],
       [-0.2383636 ,  0.25600547,  0.03756548, ..., -0.34163275,
        -0.15184224, -0.19789134]], dtype=float32), 'decoder.fc.2.bias': array([ 0.6679883,  1.1198642,  0.5652924, ..., -0.6275206, -0.9405159,
       -0.9339803], dtype=float32), 'decoder.fc.4.weight': array([[-0.5449783 ,  0.4986019 ,  0.07590646, ..., -0.24738792,
         0.32467583, -0.12462857],
       [-0.4214345 , -0.3537373 , -0.10369167, ..., -0.30308414,
        -0.45396245, -0.40050375],
       [ 0.05296617,  0.15118875, -0.40534353, ..., -0.1742118 ,
         0.21824546, -0.48517358],
       ...,
       [-0.23721829, -0.12167154,  0.5286165 , ..., -0.04066013,
        -0.24975136, -0.6021233 ],
       [ 0.25152463,  0.36221376,  0.7132392 , ..., -0.02716507,
        -0.3763849 ,  0.248664  ],
       [-0.46694052, -0.03696623,  0.4455738 , ...,  0.03313762,
         0.4950874 , -0.24586743]], dtype=float32), 'decoder.fc.4.bias': array([-0.21322173, -0.5493665 , -0.75469744, -0.38834488,  0.23222499,
        0.3266024 , -0.2753622 ,  0.01887919,  0.08088806,  0.3617074 ,
       -0.23696114,  0.05638705,  0.19419096, -0.32637888,  0.3588886 ,
       -0.18344438, -0.45236492, -0.48384547, -0.01496308,  0.31539947,
        0.28850147, -0.20756815,  0.15810837,  0.01308613, -0.00918224,
       -0.14296038,  0.10806406, -0.38103744,  0.33608985, -0.48685682,
       -0.53984207,  0.5200143 ,  0.3451342 , -0.41385722,  0.2931844 ,
        0.359227  , -0.5843086 ,  0.28557706,  0.09916682, -0.2862466 ,
       -0.04810106, -0.7281086 , -0.64958614, -0.42146248,  0.51780415,
       -0.0945811 , -0.5156434 ,  0.23675612, -0.2728469 , -0.4261021 ,
       -0.6209199 ,  0.10849861,  0.09657679, -0.7129458 , -0.5628501 ,
        0.20391937,  0.38904312, -0.60690725, -0.5561973 ,  0.05243849,
       -0.19259562,  0.07120189,  0.25981173,  0.49136484, -0.17567173,
        0.11085239,  0.13117446, -0.41043836,  0.15209796, -0.6935404 ,
       -0.5536051 , -0.09505157,  0.01436163,  0.327853  , -0.11928044,
       -0.34747112,  0.5832741 ,  0.42319638, -0.4332119 , -0.1581723 ,
        0.6018973 , -0.5301477 , -0.68524647,  0.1882508 ,  0.5645917 ,
       -0.6103027 , -0.38807246, -0.39248735, -0.66632485, -0.40390736,
       -0.6218072 ,  0.165152  ,  0.53847986,  0.4653614 , -0.6852514 ,
       -0.54744864, -0.25580597,  0.14318871,  0.02064347, -0.5027346 ,
        0.55129   , -0.212953  ,  0.5404079 , -0.5842975 ,  0.18101956,
        0.5618099 , -0.08835413,  0.45106888, -0.19871356,  0.57300323,
        0.06649946, -0.16082197,  0.27686426,  0.14175007, -0.02355191,
        0.43612722,  0.10639866, -0.3906972 , -0.02124766,  0.49647218,
       -0.34076473,  0.19974817, -0.22143573,  0.12619168, -0.05881453,
        0.00295131, -0.91394705,  0.4000799 , -0.39700854,  0.51076984,
        0.28618437,  0.1904668 , -0.20338932, -0.08984873, -0.3076134 ,
       -0.4161761 , -0.5357751 , -0.20058016,  0.25658652,  0.51419175,
       -0.20066172,  0.33067745,  0.20420028,  0.1771735 ,  0.25995922,
       -0.44925964, -0.42965373,  0.116124  , -0.3533851 ,  0.4641192 ,
       -0.17010689,  0.08459879,  0.33456773,  0.11377843, -0.05722518,
       -0.24832506, -0.52334416, -0.36880526,  0.23481189, -0.1077349 ,
       -0.15899596, -0.34650654, -0.56588936, -0.49701113, -0.11666583,
        0.36391884,  0.15294687, -0.4348596 , -0.10854662, -0.49861786,
       -0.1631983 , -0.6101597 , -0.3354641 , -0.22473043, -0.56653404,
        0.15664862, -0.6087013 , -0.49340144,  0.5543227 ,  0.47917873,
       -0.0181859 , -0.55106115,  0.10658013, -0.60293317, -0.60360664,
        0.33088815, -0.12931097,  0.0732836 ,  0.257009  ,  0.35073423,
       -0.51115197,  0.28012663,  0.36988848, -0.5606572 , -0.8031771 ,
        0.11556745,  0.4219169 , -0.04691479,  0.5074354 , -0.27494973,
        0.09024964, -0.54545856, -0.57467914, -0.09371451,  0.5775701 ,
       -0.29362446,  0.35131943, -0.4664231 ,  0.39739215, -0.33475658,
       -0.37682778,  0.21128856,  0.01454248,  0.49415645,  0.4880264 ,
        0.26351362,  0.30580175, -0.200654  ,  0.18103814, -0.01664961,
       -0.4091475 ,  0.4451096 , -0.19912621,  0.34948212, -0.57295156,
       -0.08336014, -0.04028607, -0.56814796,  0.62385136,  0.2246691 ,
       -0.09205186, -0.37510112, -0.68561935, -0.5365825 , -0.53138006,
       -0.03980195, -0.1983066 , -0.32362103, -0.04120432,  0.40232357,
        0.28660056,  0.04165179,  0.38010424, -0.15046406, -0.7522862 ,
        0.35965192, -0.14212315, -0.3582424 ,  0.01522918,  0.14065209,
       -0.11720327,  0.49220836,  0.12695514,  0.22037871,  0.6242467 ,
       -0.03874147, -0.5997205 , -0.4262771 ,  0.26489717, -0.49095747,
       -0.42995298,  0.16878156,  0.26328996, -0.01950809, -0.5744067 ,
       -0.10759462, -0.65592366, -0.10543521, -0.31522197, -0.4931411 ,
       -0.4450658 ,  0.15793103, -0.23987424,  0.40954447,  0.21982954,
        0.3568078 , -0.2638772 ,  0.30313322, -0.42759427, -0.49852765,
       -0.14615957,  0.15689807, -0.48006013, -0.63374645,  0.32312766,
        0.14343053, -0.25377488,  0.11477885, -0.5132317 , -0.46576187,
       -0.29936457,  0.02667969,  0.36853635,  0.17187434, -0.34492826,
       -0.19006121, -0.12486263,  0.24525805,  0.5718949 ,  0.43952805,
        0.1659723 , -0.35912234,  0.48325115,  0.30454975,  0.59502155,
        0.43620032, -0.5033638 ,  0.38214657, -0.31440103,  0.2115177 ,
       -0.571028  ,  0.41837144,  0.03740363,  0.3015176 ,  0.5736488 ,
       -0.3195739 , -0.5776645 ,  0.0226306 ,  0.4938994 ,  0.3392623 ,
       -0.30783936,  0.19985615, -0.06869785, -0.5956796 , -0.3931691 ,
        0.17286009,  0.02324131, -0.3602213 , -0.3451769 ,  0.19403638,
       -0.31805432,  0.15928689, -0.488371  ,  0.45547122,  0.07524856,
       -0.38578838, -0.6129366 ,  0.14781372, -0.66251945, -0.67242837,
       -0.140785  , -0.17161202,  0.3013348 , -0.19380893, -0.03736863,
        0.25009546,  0.47238111, -0.14988388, -0.61921716,  0.568604  ,
       -0.45528767, -0.6869992 , -0.61117417, -0.6830536 , -0.6438053 ,
        0.02852741, -0.25511926, -0.23411728, -0.4244783 , -0.12800825,
        0.48391277,  0.25525492,  0.37096605, -0.23396231, -0.162994  ,
        0.47034326, -0.7227409 , -0.594686  ,  0.1941476 , -0.21823573,
        0.21673803,  0.4334915 , -0.04360366, -0.4885515 , -0.62079746,
       -0.02600197,  0.56978047, -0.40867114, -0.4243487 , -0.547285  ,
       -0.17411348, -0.44465932, -0.05191592, -0.08830669,  0.26978907,
       -0.6259724 , -0.06188045, -0.53507173,  0.5583954 ,  0.01850098,
       -0.5945316 ,  0.42653888, -0.28138128,  0.3987925 ,  0.28771967,
       -0.6367631 ,  0.18534213,  0.2861203 ,  0.49066338, -0.02402175,
       -0.05635668, -0.18092538,  0.57469827,  0.53958625, -0.45955256,
        0.28989053,  0.4785847 , -0.16643299,  0.12448896, -0.66799814,
        0.48393452, -0.60310596,  0.45316142,  0.1699134 ,  0.3124404 ,
       -0.00749361, -0.42876032, -0.6103942 , -0.15553719, -0.11145233,
       -0.3205079 , -0.33569154,  0.06608032,  0.1041134 , -0.3017887 ,
        0.19469164,  0.02504941,  0.35139787,  0.50146407,  0.06283627,
       -0.38968742,  0.19839385,  0.13513437, -0.28354836,  0.55952376,
       -0.23055081, -0.5965229 ,  0.58525085, -0.28919244,  0.01816904,
       -0.13097183, -0.39106005, -0.5751367 ,  0.6504382 , -0.15329486,
       -0.2809251 , -0.6821361 ,  0.12763068,  0.3966525 ,  0.46896923,
        0.00107371,  0.548369  ,  0.33138633, -0.42815357, -0.5977655 ,
       -0.6067761 ,  0.0092642 , -0.02291719, -0.40988314,  0.10800015,
        0.11105785,  0.14554603, -0.6066906 , -0.5286053 , -0.12062962,
       -0.48404986, -0.15980469, -0.07409091,  0.08097677,  0.4604296 ,
        0.493601  , -0.5483474 ,  0.5063073 , -0.25887403,  0.5134447 ,
       -0.16887994,  0.19186781, -0.1984552 , -0.21863423, -0.10299625,
       -0.3400069 , -0.3237694 , -0.2064412 , -0.5787966 ,  0.57749325,
       -0.3776608 , -0.42812616, -0.40997547, -0.21670511, -0.6695037 ,
        0.03293713, -0.22129786, -0.46901363,  0.26091468,  0.36073923,
       -0.55325973, -0.54087865, -0.19163235, -0.02157571, -0.58714604],
      dtype=float32), 'decoder.fc.6.weight': array([[ 0.37126338, -0.40144894,  0.35139883, ..., -1.0776083 ,
         0.89839274, -0.36323813],
       [-0.03316296, -0.18215445,  0.32827732, ..., -0.8307637 ,
         1.2156456 , -1.0437484 ],
       [ 0.99782115, -1.14568   ,  0.22111152, ...,  0.79465544,
        -0.20983382,  0.9205966 ],
       ...,
       [ 0.86207753, -0.6401723 ,  0.8655127 , ...,  0.70807433,
        -1.0375879 ,  0.34497738],
       [-0.82749826,  0.71057165, -1.0875804 , ..., -0.6645543 ,
         0.42206642,  1.4731783 ],
       [-0.5639655 , -0.23108739, -0.41625148, ..., -0.50134027,
        -1.1372874 ,  0.75555146]], dtype=float32), 'decoder.fc.6.bias': array([0.07349021, 0.01145271, 1.0553339 , ..., 1.039881  , 0.56408817,
       1.1419724 ], dtype=float32)}
[Time: 27.01.25 20:33:58] [Level: info] [State: aggregate] {'encoder.fc.0.weight': array([[-1.1846373e+00,  9.9552609e-03,  2.2008333e-01, ...,
        -5.3615618e-01,  9.0274990e-01, -4.6822995e-01],
       [ 5.8271617e-01,  4.6343082e-01,  1.4552227e-01, ...,
         2.2065143e-01, -6.9050390e-01, -5.8528924e-01],
       [-5.2093166e-01, -4.5240688e-01, -2.7396059e-01, ...,
         4.2945343e-01, -2.9738585e-02, -1.7358130e-01],
       ...,
       [-3.8940680e-01, -1.0378747e+00, -4.3160290e-01, ...,
        -5.8012223e-01,  1.0102750e+00, -6.9117105e-01],
       [ 6.5754890e-02,  9.6723855e-01,  2.3981509e-01, ...,
         6.0619330e-01, -2.5262998e-04, -5.3330016e-01],
       [ 3.0572456e-01, -1.5672685e-01, -9.9574429e-01, ...,
        -8.0196552e-02,  4.9118057e-01, -7.7805631e-02]], dtype=float32), 'encoder.fc.0.bias': array([-0.38764253, -1.253764  , -0.38271683, -0.5265754 ,  0.43777978,
        0.2965309 , -0.3659961 ,  0.11309266, -0.10321886, -0.18774621,
       -0.39478824,  0.36471575, -0.41862938, -0.7047851 , -0.5344864 ,
       -0.15712813, -1.1933795 , -0.7356203 ,  0.24424069, -0.16016921,
        0.25712627,  0.12516807, -1.1026194 , -0.43110743, -1.1642563 ,
       -0.2953545 , -0.5149058 , -0.7061397 , -0.71964854,  0.04227959,
       -0.41215557, -0.8893706 , -0.2754597 , -1.0954561 , -0.01731164,
        0.30081132,  0.04222351,  0.16772847, -0.33815628, -0.27300027,
       -0.85761535, -0.6182699 ,  0.28121102, -0.13486823, -1.2807567 ,
        0.10810196, -0.07938563, -0.40224153,  0.5028637 , -0.5020715 ,
        0.07729858, -0.26208782, -0.78924567, -0.65587443, -0.30211884,
       -0.69601727, -0.26183724, -0.47822493, -0.5907633 , -1.382607  ,
        0.12206675, -0.7149979 , -0.06307397, -0.92687696, -0.48312172,
       -0.90848875,  0.03417394, -0.9735476 , -0.7772913 ,  0.04897442,
       -0.3068639 , -0.1470848 , -1.1320376 ,  0.13978678, -0.5910796 ,
       -0.50666547,  0.21696971, -0.85571426, -1.1650171 , -0.59399116,
       -1.0131478 , -1.0734136 , -0.9362142 , -0.4370463 , -0.36721715,
       -1.0419905 , -0.25350153,  0.37623608, -0.26360506,  0.4608739 ,
       -1.0587063 ,  0.4540609 , -0.96812737, -0.68572664, -0.2983829 ,
       -0.38107675, -1.1254442 , -0.72593826,  0.03086502,  0.8974081 ,
        0.06960781, -0.6672021 , -0.3296405 , -1.1889126 ,  0.4539696 ,
       -0.6622665 , -0.5715567 , -0.673211  ,  0.5494917 , -0.36903957,
       -0.21321394, -0.72430885, -1.2666898 , -0.7453702 , -0.13879111,
        0.4256499 ,  0.9845426 , -0.76890785, -0.23035786, -0.15039243,
       -1.0038307 ,  0.3074141 , -0.8503572 , -1.3634024 ,  0.3589077 ,
       -1.0296019 , -1.0531518 , -0.07077798,  0.01309772, -0.4665938 ,
       -0.10985418, -0.70889866, -0.5186255 , -1.5559492 , -1.2389678 ,
        0.57764184, -0.51559526, -1.2382109 , -1.0249609 ,  0.1370808 ,
       -0.40681565, -0.3745495 , -0.82161254,  0.04779933,  0.28324634,
       -0.604275  , -0.9262032 , -1.0271215 , -0.78689337, -1.4050033 ,
       -0.01695576, -0.39772934,  0.61108387, -0.43446118, -0.37503362,
       -0.30547482, -0.5564843 , -1.0871605 , -0.21634391, -0.46053573,
        0.13354725,  0.07785069,  0.2701137 , -0.25555736, -0.495736  ,
       -1.2453632 , -1.0022244 , -0.81806153, -1.2199464 , -1.1382773 ,
       -0.6112029 , -0.10163224,  0.07487069, -0.40930098, -0.87069607,
       -0.70086956,  0.08721973, -0.42188123, -0.6478579 , -0.40088463,
       -1.2103014 ,  0.02435077,  0.79241323, -0.05532681, -0.06144146,
       -0.03291163, -0.03094338,  0.08101969,  0.2894833 , -0.8664873 ,
        0.00991501, -0.03163977,  0.3811233 ,  0.33064944,  0.10759038,
       -0.9930518 , -0.29135996,  0.32347295, -0.5659916 , -0.1589992 ,
        0.11816137, -1.440707  , -0.6724926 ,  0.01366977,  0.15164739,
       -1.3495241 , -0.89360327, -0.26918134, -1.0267652 ,  0.40583628,
       -0.37150645, -0.05613607, -0.28224874,  0.12698743, -0.16307086,
       -0.7894038 , -0.59658897,  0.3838594 ,  0.17341025, -0.7736753 ,
       -0.85955447,  0.16547678, -1.3282577 , -0.7796678 , -0.39702857,
       -0.95122075,  0.36052045,  0.01409522, -1.4141734 , -0.527976  ,
       -0.09958327,  0.38314867,  0.06951846, -0.77228284, -0.62902284,
        0.03777753, -0.85138345,  0.02920337, -0.88997483, -0.6657779 ,
       -0.15406387, -0.13193767, -0.85961264, -0.08801964, -0.75987506,
       -1.0020721 , -0.8985945 , -0.5887708 , -0.264069  , -0.5910121 ,
       -0.09042925, -0.6890607 , -0.71912307, -0.9489163 , -0.05078043,
        0.19389172, -1.3209414 , -0.27106047, -1.0223098 , -0.47327235,
       -0.43885675, -0.5948206 ,  0.6079576 , -0.7272474 , -0.12415356,
       -0.8407562 , -0.22019559, -1.1980155 ,  0.16906877, -1.0689958 ,
       -1.4052114 , -1.0691928 , -0.27108246, -0.75670415,  0.38259268,
       -1.1367633 , -0.7060808 ,  0.42537513, -0.15395162, -1.1657084 ,
       -0.5773063 , -0.8730462 ,  0.28995582, -0.52948785, -0.00296885,
       -0.8727563 , -0.7176618 , -0.0348702 , -0.10479929, -0.35579592,
       -1.1331174 , -0.65641576, -0.83407015, -1.007425  ,  0.36840114,
       -0.46049142,  0.13316897, -0.33878976, -0.55445564, -1.2414403 ,
       -0.8130537 , -0.50232375, -1.055999  ,  0.11640321, -0.3944125 ,
       -0.34944963, -0.590171  , -0.19782457,  0.3692069 ,  0.02329059,
        0.28647596,  0.8163693 , -0.18624717,  0.4681791 ,  0.4001246 ,
       -0.9247032 , -1.3279954 , -0.87722254, -0.02307863, -0.12180774,
       -1.3651161 , -0.7398062 ,  0.01778937, -1.1299253 , -0.48385584,
       -0.2156021 , -0.94040704, -0.3529169 , -0.01166693, -0.03615522,
       -0.32295895,  0.48540723, -0.02650476, -0.17026027, -0.9376571 ,
       -0.04678859, -0.25305194, -1.240122  ,  0.02904025, -0.41382748,
       -0.72439337, -0.5301167 , -0.38409257, -0.21860532,  0.31839523,
       -0.00232899, -1.1185997 ,  0.11262916,  0.16169377, -0.42955357,
       -0.8080356 , -0.11207972, -0.09243492, -0.08328293, -0.36641622,
       -1.3671587 ,  0.03111022, -0.5060868 , -0.3863542 , -0.56144404,
        0.25502557, -1.2515023 , -0.8334607 , -1.0407006 , -1.345282  ,
       -0.7300412 , -0.34398687,  0.11877794, -0.2599037 , -1.1994671 ,
       -0.98251164,  0.42887002, -0.04353163, -0.2662834 , -1.1166477 ,
        0.00429281, -0.33342266, -0.2514997 , -0.31658188, -0.40543163,
       -0.6750694 ,  0.33299434, -0.903504  ,  0.3045191 , -0.3123924 ,
       -0.6474986 , -1.1348597 ,  0.46429628, -0.38501662, -0.94983625,
       -0.3069706 , -0.61594015, -1.015913  , -0.5377674 , -0.29819405,
       -0.9561875 , -1.0677578 ,  0.02774758, -0.6297509 ,  0.08331337,
       -0.940382  , -0.94406295, -0.6035271 , -0.72159076, -1.4000645 ,
       -0.37934908, -0.628986  , -0.03566953, -0.43081284, -1.2291503 ,
       -0.45591488,  0.52520525, -0.7964943 ,  0.04778529, -0.8518368 ,
       -1.2771991 , -0.81035376, -1.1029352 , -0.21090952,  0.18362002,
       -0.20900084, -0.26806396, -0.620708  , -0.4286183 , -0.58285165,
        0.26264971, -0.24494958,  0.05350532,  0.1402891 , -0.51006323,
       -0.8241425 ,  0.05110383, -0.22289325, -0.33529443, -0.82142377,
       -0.09323721, -0.0689137 , -0.80666065,  0.34436774, -0.27572167,
       -0.85352385, -0.49789536, -0.8567129 , -0.3769322 , -0.52474886,
       -0.16147393, -0.50952995,  0.19099173, -1.1840217 ,  0.34785807,
        0.15178111, -0.00904966, -1.5292121 , -0.8567723 ,  0.18783356,
       -1.0183374 , -0.87378895, -1.1969767 , -0.84143484, -0.9812978 ,
       -0.9648218 , -0.36910126, -0.08950316, -0.15339942, -0.07247719,
        0.36041617,  0.04993049, -0.40056908,  0.31254378, -1.1503987 ,
       -0.14546575, -0.5162746 , -0.57484484, -0.86814594, -1.1506305 ,
       -0.02466006, -0.559927  , -0.6997478 , -0.31931016, -0.24368814,
        0.28915328, -0.08357817, -0.90045196, -0.94182813,  0.07975172,
       -1.0514102 , -0.95114297, -0.7913184 , -0.19155103,  0.32591832,
       -1.0333215 , -1.0773067 , -1.2480901 , -0.21910071, -0.48931423,
       -0.73307425, -0.06139121,  1.1191775 , -0.47019708,  0.08234462],
      dtype=float32), 'encoder.fc.2.weight': array([[-1.4809906 ,  1.0487654 , -3.1998203 , ..., -0.5444853 ,
        -2.3253245 ,  3.0839906 ],
       [ 0.8237926 , -0.26032677,  0.16164365, ...,  0.61150116,
        -3.862358  ,  1.0131247 ],
       [-2.4220867 , -2.7556233 , -1.9924309 , ..., -1.1779171 ,
        -1.2850592 , -1.3885232 ],
       ...,
       [-1.3385351 , -2.1273327 , -0.9847356 , ...,  0.5206347 ,
         1.4168053 , -0.01644112],
       [-1.2610879 ,  2.2129874 , -0.21567026, ..., -2.1456137 ,
         0.84685516, -2.2354648 ],
       [-3.0795088 ,  3.2056153 , -2.0553648 , ...,  0.55931854,
        -1.704772  ,  2.4717422 ]], dtype=float32), 'encoder.fc.2.bias': array([-3.5698829 ,  0.44964415, -0.4645322 , ...,  2.997272  ,
        1.4801152 ,  1.2080802 ], dtype=float32), 'encoder.fc.4.weight': array([[-0.2671409 , -2.1690178 , -0.33292925, ..., -1.2700624 ,
        -0.8557191 , -1.9581395 ],
       [ 0.3516193 , -0.84663   , -0.68786734, ...,  0.06358126,
         1.173692  ,  0.3509154 ],
       [ 0.7116543 , -1.2807841 , -1.3361948 , ..., -0.31177205,
         0.84563917, -1.3928561 ],
       ...,
       [-1.9612917 ,  0.43954718,  1.2259047 , ..., -0.6965766 ,
        -0.5199179 , -0.22510907],
       [-1.0637686 ,  0.31069183,  0.09843026, ...,  1.3994255 ,
         1.0118401 ,  0.10959344],
       [-2.198821  , -0.3740632 ,  0.04253262, ..., -1.5098617 ,
         0.8835578 , -0.66350293]], dtype=float32), 'encoder.fc.4.bias': array([-1.66212678e+00, -7.35198975e-01, -2.47230411e-01, -1.66194630e+00,
       -1.32907557e+00, -1.97101843e+00,  1.51598707e-01, -7.50793755e-01,
       -1.33453739e+00, -3.95393610e-01,  6.22427821e-01,  5.13571560e-01,
       -1.58597767e+00, -1.69209671e+00,  2.72840172e-01,  1.33243874e-01,
       -1.83010805e+00, -8.30577537e-02, -7.90249705e-01,  1.07379770e+00,
       -1.45283771e+00, -1.52383304e+00, -1.56947386e+00, -7.44192958e-01,
        7.18769193e-01, -1.72385290e-01,  4.25160259e-01,  1.28669000e+00,
       -3.32443267e-01, -2.95432210e-02,  8.71751666e-01, -3.27813447e-01,
        6.70661151e-01, -6.34923339e-01, -9.67004180e-01, -1.37900412e+00,
        3.05118203e-01,  8.44441831e-01,  4.14285421e-01,  1.11181712e+00,
        8.89232934e-01,  9.74295795e-01,  1.10263181e+00,  1.38924181e-01,
        1.03879547e+00,  1.35461807e-01, -1.45122969e+00,  1.69661772e+00,
        5.27846694e-01, -1.37978458e+00,  1.53787374e+00, -1.12703550e+00,
        2.59554595e-01,  1.23550840e-01, -1.59870696e+00, -8.73501480e-01,
        9.05356765e-01,  1.56226540e+00, -1.12139069e-01,  1.46892166e+00,
        1.30489111e+00,  7.57616982e-02,  3.59980285e-01,  7.18244195e-01,
       -1.01531470e+00, -3.78796846e-01,  1.01448685e-01, -6.87748969e-01,
       -6.44882210e-03,  1.07484055e+00,  1.17077398e+00, -2.10285997e+00,
        9.33502391e-02,  1.30127907e+00, -7.98115849e-01,  3.91332418e-01,
       -1.49095035e+00, -1.51070086e-02, -1.31323099e+00,  9.62284803e-01,
        1.14070046e+00,  8.06463838e-01, -2.28553578e-01, -1.33383012e+00,
       -1.79330373e+00,  5.72767019e-01, -2.61795133e-01, -1.83302093e+00,
       -1.88906908e+00,  6.60191178e-01, -1.40519524e+00,  6.36805594e-02,
       -1.66355109e+00, -4.38898891e-01,  8.04777145e-01, -6.01658106e-01,
        6.58357859e-01, -2.13090634e+00,  1.52511728e+00, -1.06019115e+00,
        8.85399878e-01,  1.34713936e+00,  8.47862363e-01, -1.46127909e-01,
       -4.49252844e-01,  7.99978137e-01, -8.39566946e-01, -8.15433621e-01,
       -1.49667883e+00,  1.56581855e+00,  2.06485033e-01,  7.66792774e-01,
        4.71312582e-01, -1.53553104e+00,  3.13560009e-01, -1.03570938e+00,
        1.08128384e-01, -2.53488243e-01,  1.36617303e+00, -8.76169950e-02,
       -1.93404257e+00, -4.02948976e-01, -1.71479237e+00, -6.78136587e-01,
       -1.73625946e+00,  2.99596369e-01, -2.55755544e-01, -9.86310840e-01,
        1.11648762e+00,  5.10889530e-01, -7.10348606e-01,  1.82465696e+00,
       -9.05937016e-01, -1.80215299e+00,  1.30379963e+00,  3.15360092e-02,
        8.84477913e-01,  1.49406701e-01, -1.66317701e+00,  4.20860648e-01,
       -2.18156147e+00, -1.64360261e+00, -1.42455244e+00, -4.03203845e-01,
        3.78153443e-01,  5.72432637e-01,  1.20182645e+00,  1.55383396e+00,
        6.32557452e-01, -3.26450735e-01, -1.13236618e+00,  5.24846554e-01,
        1.24770355e+00,  2.69718409e-01, -1.88343525e-02, -1.42118740e+00,
       -6.33881569e-01,  1.27472401e+00,  2.42011100e-01, -2.38572389e-01,
       -1.15804344e-01, -1.83062088e+00,  1.13578939e+00, -6.61429763e-01,
       -5.94924688e-01, -1.26781297e+00,  1.32119691e+00, -2.13541079e+00,
       -8.25267553e-01,  8.32282901e-01,  1.39334488e+00,  1.90315187e-01,
       -2.00700831e+00,  1.08694947e+00,  1.08371520e+00, -9.53780785e-02,
        4.76111352e-01,  5.76843262e-01, -1.43445790e+00,  5.61986566e-02,
       -1.61778724e+00, -1.10222018e+00, -1.45194840e+00,  9.97827888e-01,
        1.10659170e+00,  9.39655781e-01, -9.07004952e-01,  1.27418232e+00,
       -1.35037279e+00,  9.42280173e-01, -8.78257275e-01, -9.67130363e-01,
       -1.97406203e-01,  1.37163386e-01, -1.17159367e+00,  4.69207644e-01,
        4.73109901e-01,  5.96457243e-01,  1.71434149e-01, -8.98950100e-01,
       -1.73108232e+00, -1.87526777e-01, -1.00093198e+00, -1.90176702e+00,
        1.01871848e+00,  1.36868811e+00, -1.42430627e+00, -6.04654551e-01,
       -7.08860397e-01,  8.20157006e-02,  1.24427700e+00,  9.75377679e-01,
        1.05482578e+00,  9.82627273e-01,  1.55925858e+00,  1.52837193e+00,
       -1.77332568e+00, -2.07077479e+00, -5.05602241e-01, -1.85797668e+00,
       -6.74080372e-01,  1.14804840e+00, -3.61027420e-01, -1.38133109e+00,
        1.37369430e+00,  9.43851948e-01,  1.32516539e+00, -2.70250022e-01,
       -1.68689525e+00,  1.74922757e-02, -8.95562172e-01,  9.81360912e-01,
        7.95109510e-01,  5.44242740e-01,  1.15180099e+00,  2.41749346e-01,
       -6.75654531e-01, -1.12591088e+00,  5.01031756e-01,  2.67173290e-01,
       -1.43360972e-01,  1.35474515e+00,  6.61383092e-01, -7.06762254e-01,
       -2.13436174e+00,  4.58538383e-01,  6.55122995e-01,  1.20935035e+00,
        5.33407450e-01,  8.02165031e-01, -3.46774727e-01,  4.57774043e-01,
       -1.85028183e+00,  1.41119564e+00,  2.53590643e-01, -1.69352865e+00,
       -1.12047553e+00,  1.03788950e-01, -2.06425595e+00, -1.49979901e+00,
        4.99977410e-01,  4.05581832e-01, -4.60055709e-01, -1.65357089e+00,
       -4.53923374e-01, -1.00692973e-01, -6.67827606e-01, -1.36379576e+00,
       -6.51914954e-01,  1.49862719e+00, -2.92106807e-01,  6.13032877e-01,
       -7.05290556e-01,  8.55909348e-01,  1.02364647e+00, -1.01652575e+00,
       -1.33519030e+00, -1.52617013e+00, -9.48378146e-01,  1.08495131e-01,
        9.50489223e-01, -2.72228956e-01, -1.79409242e+00, -1.71045399e+00,
       -1.97587109e+00, -1.83241510e+00, -8.80654454e-01, -1.88208711e+00,
       -7.83609688e-01, -6.92369103e-01,  9.50315714e-01, -2.58048058e-01,
       -9.59600568e-01,  3.83114233e-03, -1.40128362e+00,  8.18666816e-02,
        1.10964990e+00,  1.44432259e+00,  1.16440272e+00,  1.06308401e+00,
        1.97283477e-01, -1.19623637e+00, -8.23641479e-01, -1.58146070e-03,
       -1.32855713e+00, -1.89045274e+00, -5.38908124e-01, -1.09290588e+00,
       -2.10291076e+00,  2.24309966e-01,  7.88312674e-01,  1.45403683e-01,
        6.17939651e-01, -1.12293029e+00, -2.56659329e-01, -3.98276150e-02,
        1.14810109e+00, -1.27899909e+00, -2.19396639e+00,  1.13717556e+00,
        1.89331663e+00,  1.17223665e-01, -1.00145951e-01, -1.54158878e+00,
       -2.71499693e-01, -1.23375905e+00, -7.79241920e-01, -1.64884293e+00,
       -5.26779950e-01, -1.48606706e+00, -2.48623163e-01, -1.07138348e+00,
       -1.25909960e+00,  6.41718209e-01, -1.46632838e+00, -3.22162718e-01,
        5.44218838e-01, -1.43349862e+00, -1.53951037e+00,  1.21934116e+00,
       -1.32929265e-01,  2.48423368e-01, -2.10704470e+00,  2.27262318e-01,
        1.25013316e+00,  1.56729960e+00, -1.73273420e+00,  7.75445580e-01,
       -1.06121802e+00,  3.17122281e-01, -1.76985979e+00,  8.15329134e-01,
        1.10571802e-01, -2.05214095e+00, -1.42130315e+00,  6.24081910e-01,
        5.73637336e-02,  2.93203473e-01,  6.82427347e-01,  1.31632829e+00,
       -3.12975258e-01,  7.21122384e-01, -1.93350184e+00,  5.15598178e-01,
       -1.13469923e+00, -8.55156362e-01, -1.67181420e+00, -3.10824096e-01,
       -1.97264743e+00, -8.30939174e-01, -1.81805655e-01, -2.30835423e-01,
       -1.53002679e+00,  2.77386606e-02, -1.77234501e-01, -5.54929495e-01,
       -1.10401821e+00, -7.50998855e-01, -1.19929600e+00, -1.30216193e+00,
        1.67973483e+00,  1.23911428e+00, -1.02201521e-01, -3.71317089e-01,
        1.16141200e+00, -5.57846904e-01, -7.71192551e-01, -1.63782012e+00,
       -6.16793334e-01,  3.83711755e-02,  1.55546546e-01, -2.17383051e+00,
       -1.06572187e+00, -1.98035860e+00,  1.17322616e-01, -3.06811482e-01,
       -2.11726165e+00, -1.57913053e+00,  5.01342833e-01, -1.09453082e+00,
        8.83342445e-01, -1.39086735e+00,  1.03483446e-01, -1.14902425e+00,
        6.69978000e-03,  1.43791151e+00,  9.11795944e-02, -7.67521024e-01,
       -3.78349304e-01, -1.50738430e+00,  4.55620646e-01, -1.85119331e-01,
       -2.70199686e-01,  1.22437453e+00, -8.23086083e-01, -6.85912132e-01,
       -1.31012702e+00, -8.79679099e-02, -1.77795875e+00, -6.67877018e-01,
       -3.12893987e-01,  1.47742283e+00, -2.07033062e+00, -3.77346486e-01,
       -1.39941812e+00, -5.72143316e-01, -8.11854750e-02, -1.01098812e+00,
       -1.01943874e+00, -9.16878998e-01, -3.71713758e-01, -1.48389566e+00,
        8.41834724e-01, -3.19143236e-01,  1.29193759e+00, -5.41947961e-01,
       -1.92265248e+00,  1.32538223e+00, -3.57085377e-01, -1.39257360e+00,
       -1.45568275e+00, -6.06656253e-01,  1.40849009e-01, -5.83366871e-01,
        5.82797587e-01, -1.06708741e+00, -5.19681722e-02, -6.56253397e-01,
       -2.81237394e-01, -1.76630867e+00, -1.64367592e+00, -4.41070586e-01,
        6.04979873e-01, -3.01253974e-01,  1.44625056e+00, -2.13347530e+00,
       -1.89910591e+00,  4.65892628e-02,  2.29573876e-01, -6.92706108e-01,
       -1.51102662e+00, -2.12021375e+00, -1.67306042e+00,  6.41200542e-01,
        2.27187037e-01,  1.58835828e-01, -9.71610665e-01, -6.32881999e-01,
        1.73463225e+00, -1.63476241e+00, -1.89619446e+00, -1.25530791e+00,
       -1.07465279e+00,  7.02075958e-01,  1.35090590e+00, -1.16181970e+00,
       -3.25984985e-01, -1.58911705e+00,  1.47636175e+00, -1.12837207e+00,
       -4.37046707e-01, -3.00481886e-01,  1.26572347e+00, -6.04408622e-01,
        8.42535496e-01, -1.30425119e+00,  1.83459073e-02, -9.62093234e-01,
       -1.00209725e+00, -1.09299994e+00, -1.52946067e+00, -1.92155075e+00,
       -1.93617698e-02,  6.11116946e-01, -1.22072923e+00, -3.40780675e-01,
       -1.55483794e+00,  2.97213495e-01,  4.16632481e-02,  1.10859084e+00],
      dtype=float32), 'encoder.fc.6.weight': array([[-2.4449053 , -1.8694879 ,  0.38226745, ..., -1.2705499 ,
        -0.9258029 , -2.7322521 ],
       [ 2.9356816 ,  2.9781656 ,  3.2535503 , ...,  2.6605563 ,
        -3.2347262 ,  1.9376895 ],
       [-1.1132525 , -1.7089409 , -2.0380404 , ..., -0.05809774,
         2.19162   , -3.252752  ],
       ...,
       [ 1.2910584 , -3.1536431 ,  1.4298831 , ..., -2.448497  ,
         1.3191311 ,  2.9566689 ],
       [ 2.1359975 , -1.4078829 ,  0.16843726, ...,  0.16598071,
        -0.09176689,  2.9282236 ],
       [-2.0411325 ,  1.7835714 ,  2.1904414 , ...,  1.2696837 ,
        -2.0358741 ,  2.3873768 ]], dtype=float32), 'encoder.fc.6.bias': array([ 1.7821215 , -0.60979784, -2.035109  ,  0.4782307 , -1.4397178 ,
       -2.596177  ,  1.8941672 ,  2.23043   ,  0.9137684 , -2.43155   ],
      dtype=float32), 'decoder.fc.0.weight': array([[ -8.058224  ,  19.244156  ,  19.40804   , ...,   7.6076803 ,
         -2.5392656 ,   5.8317695 ],
       [-14.208181  ,  12.156373  ,  -6.5130773 , ..., -16.18583   ,
         -6.41453   , -23.78878   ],
       [-20.65226   ,  -8.266944  ,   1.6263349 , ..., -11.628823  ,
         -7.925881  , -18.808966  ],
       ...,
       [-26.081514  ,   1.2048904 ,  -9.002673  , ...,  19.473791  ,
          4.5275826 ,  -0.27088672],
       [ 14.374283  , -14.466848  ,  16.439665  , ...,   5.0853577 ,
        -23.146362  , -11.632723  ],
       [ 10.140344  ,   4.789879  , -23.593317  , ...,  14.204512  ,
        -18.332102  ,  -9.703577  ]], dtype=float32), 'decoder.fc.0.bias': array([-8.00078964e+00, -4.24043274e+00,  6.81963158e+00, -1.92734146e+01,
        7.53816986e+00,  2.11024857e+01,  2.27449608e+01,  4.64139271e+00,
       -2.07746201e+01,  7.22298145e+00, -1.80180693e+00, -2.10671463e+01,
       -5.72428465e+00,  5.97818995e+00, -1.61994624e+00,  2.87298703e+00,
       -6.02135134e+00,  3.68697435e-01,  1.53600044e+01, -5.65733242e+00,
       -1.16440010e+01,  9.05434418e+00,  2.46683025e+00, -1.05123806e+01,
        1.70007534e+01,  1.53991108e+01,  1.25597420e+01,  1.48016815e+01,
       -9.50711632e+00,  7.70431042e+00,  1.79438591e+01, -5.29677916e+00,
        1.81147118e+01, -2.16841202e+01,  1.67069950e+01, -8.69942665e+00,
        6.40743542e+00,  2.44998360e+01, -1.55264225e+01, -2.28958168e+01,
       -1.76310349e+01,  7.51391983e+00, -2.08649464e+01,  6.33194065e+00,
        2.57201385e+01, -8.20490956e-01, -6.03101254e+00,  1.74191628e+01,
        1.98835564e+01,  1.48963976e+00, -2.20636635e+01, -2.08825645e+01,
       -7.12270451e+00,  1.12255211e+01, -9.08017731e+00, -2.38323712e+00,
        2.12266121e+01,  2.45534687e+01, -1.67568779e+01, -8.47665405e+00,
       -1.20877132e+01,  2.19309282e+00, -6.54945564e+00,  1.31859713e+01,
        2.55909843e+01,  1.80382156e+01,  6.33659077e+00, -5.94351053e+00,
       -1.92736893e+01, -1.78894291e+01,  1.56341858e+01,  1.47976189e+01,
       -7.07020235e+00,  3.37670422e+00, -2.05480518e+01,  2.30899677e+01,
        1.44520578e+01,  2.40181313e+01,  1.77890375e-01, -8.60043907e+00,
        1.97739697e+00, -2.37100353e+01,  9.01564026e+00,  1.51719208e+01,
        1.84053841e+01, -1.20960674e+01,  2.35199604e+01, -1.32878380e+01,
        2.00678158e+01, -1.13084106e+01, -3.04265141e+00, -2.41873875e+01,
       -1.14271879e+00, -1.28533936e+01, -4.37871075e+00, -1.33777514e-01,
       -1.33849931e+00, -1.30460405e+01, -1.37979269e+01,  2.48543625e+01,
        1.87274132e+01, -1.89559860e+01, -1.43258324e+01, -2.42018147e+01,
        1.19326906e+01, -1.67281895e+01, -4.06352043e-01,  1.57435703e+00,
       -6.13176680e+00, -1.87854118e+01,  4.88630104e+00,  3.14611053e+00,
       -5.35864449e+00,  5.82163048e+00, -7.84134579e+00,  5.20904922e+00,
        2.70716238e+00,  1.53525238e+01,  9.08008194e+00,  1.09794474e+01,
        1.95737534e+01, -5.55428028e+00,  1.48233805e+01,  1.42830772e+01,
       -9.01686382e+00,  4.16289139e+00, -1.42473888e+00,  1.76416054e+01,
        2.08403826e+00, -5.13585043e+00, -9.20100784e+00, -2.06857796e+01,
       -3.99553347e+00,  1.32965956e+01, -2.40985851e+01, -2.16228485e+01,
       -1.11805983e+01, -1.05423021e+01, -2.47575836e+01, -1.14723396e+01,
       -4.77974463e+00,  8.55834198e+00, -1.01480999e+01,  1.39723301e+00,
        1.62109623e+01,  2.01980324e+01, -1.51252985e+01,  1.73931828e+01,
        2.27645302e+01, -6.56349373e+00, -1.82619724e+01,  2.18759270e+01,
        1.30562425e+00, -9.02139664e+00,  2.27759228e+01,  2.11519146e+01,
        2.42617989e+01, -1.85845051e+01,  1.34324560e+01, -2.11615944e+01,
        7.61756516e+00, -8.97696590e+00,  1.51264019e+01, -3.98178124e+00,
        1.46960392e+01, -8.26946068e+00,  1.44065228e+01,  8.83419323e+00,
        2.53055725e+01, -6.58808279e+00, -2.25277729e+01, -2.45876122e+01,
       -4.48825264e+00,  2.09203339e+01,  2.59275036e+01,  1.72555046e+01,
       -1.38486290e+01,  1.06436920e+01, -1.28136883e+01, -2.09321327e+01,
       -5.28984547e+00, -9.19615364e+00,  2.35894165e+01,  5.98447990e+00,
       -1.92616997e+01,  9.75053596e+00,  2.47340173e-01,  1.74347439e+01,
        1.82070408e+01,  5.86553383e+00, -1.86474686e+01,  3.73283195e+00,
        2.10391769e+01, -2.51771450e+01, -1.49744835e+01,  1.41638508e+01,
        1.20631618e+01,  4.48733664e+00,  7.65804768e+00,  1.96452560e+01,
        2.45485287e+01, -7.81509590e+00,  1.75559187e+00,  2.10635262e+01,
       -1.76195145e+01,  1.87714176e+01,  1.04367361e+01,  3.61240149e+00,
       -6.37593842e+00, -1.67942750e+00,  1.37402954e+01,  1.15284500e+01,
        6.16748619e+00, -1.35695839e+01, -5.82330108e-01, -2.32579231e+01,
       -1.69670982e+01,  8.68045235e+00,  2.72721434e+00,  1.88451576e+01,
        8.36046124e+00, -2.17366734e+01,  4.56634665e+00,  5.67880917e+00,
        8.38756752e+00, -1.78206787e+01,  2.57935600e+01, -1.29188700e+01,
        7.48031998e+00,  1.56848240e+01, -2.45882899e-01,  3.93458700e+00,
        8.72584581e-01,  1.23740511e+01,  1.83017159e+01,  4.73059940e+00,
        2.98543525e+00,  1.63254662e+01,  3.09936404e+00,  2.41814470e+00,
       -1.06539574e+01,  1.16034689e+01,  1.00512295e+01,  1.41155472e+01,
        1.67884045e+01,  1.34753170e+01, -1.21784630e+01,  7.13750648e+00,
        2.01736641e+01,  2.03793392e+01, -1.53044682e+01, -1.25035830e+01,
       -4.03066456e-01,  9.32597733e+00, -5.50736189e-01,  1.44487114e+01,
        1.08926277e+01, -2.33901920e+01, -3.59069765e-01,  1.63450794e+01,
       -2.07449865e+00, -1.38199997e+01, -2.46718178e+01, -1.42321444e+01,
        4.34788704e+00, -1.61896019e+01,  1.67604446e+01, -2.07912254e+01,
        8.82928467e+00,  2.35548162e+00, -2.28373617e-01,  1.65510941e+01,
       -2.91363907e+00, -2.23400536e+01,  6.85938931e+00, -2.17014275e+01,
       -2.20754075e+00,  2.41868782e+01, -1.33901367e+01,  9.45468712e+00,
       -2.14377632e+01, -1.62564640e+01,  1.53577423e+00,  8.53077507e+00,
       -1.62268138e+00, -1.85999537e+00, -1.02812653e+01, -1.81805840e+01,
        1.05207729e+01, -1.88049202e+01,  8.96834433e-01,  2.33128853e+01,
        1.60258865e+01,  1.98937531e+01, -1.56265812e+01,  1.33112535e+01,
       -1.07098370e+01, -1.62565231e+01,  1.49230156e+01,  2.30641441e+01,
        5.62038279e+00,  4.66022444e+00,  3.73523140e+00, -1.48611908e+01,
        2.20861835e+01, -5.72910118e+00,  2.31949258e+00,  1.79572334e+01,
       -1.04047125e-02,  5.39478970e+00,  4.01494503e+00, -1.07699499e+01,
        2.43316479e+01, -1.00839367e+01, -5.11810732e+00,  1.97526245e+01,
        1.28341675e+01, -1.20721712e+01,  1.20173187e+01, -1.56957779e+01,
        2.29635220e+01, -2.10681190e+01,  1.34650469e+01,  6.81475735e+00,
       -1.97079163e+01,  1.11461926e+01, -9.45001125e+00, -2.55135655e+00,
       -2.55280590e+01,  6.02724266e+00,  9.14256954e+00,  1.94578552e+01,
       -1.27779503e+01, -2.56868887e+00,  1.26843224e+01,  2.90810156e+00,
        1.94196739e+01, -2.05439510e+01,  2.25476913e+01,  2.31912994e+01,
        1.69696102e+01, -7.90985775e+00,  1.44726992e+01, -2.42598991e+01,
        1.71453590e+01,  4.09432411e+00, -4.33500767e+00,  6.97768784e+00,
       -6.02240753e+00, -9.80247879e+00, -8.87653542e+00, -7.31281376e+00,
        1.37978420e+01, -3.92542171e+00, -2.33374329e+01,  6.24217701e+00,
       -7.62395095e-03, -1.00345688e+01,  2.01510010e+01, -1.36671305e+01,
        1.39657421e+01, -1.73871346e+01, -1.25058489e+01,  1.77968178e+01,
       -7.25735140e+00,  1.98263264e+01, -1.23047552e+01, -1.49804640e+01,
        2.29158115e+01,  7.73896170e+00, -2.06890564e+01, -1.63091850e+01,
       -1.25878191e+00, -1.49130452e+00,  2.11615047e+01, -2.50503426e+01,
       -4.84940386e+00,  4.05328369e+00,  8.49808216e+00, -4.99245262e+00,
        2.64321953e-01, -1.87385368e+01,  1.83681355e+01,  9.32645512e+00,
        1.25812874e+01,  1.78502064e+01,  2.73905247e-01,  5.37468338e+00,
       -2.20561466e+01, -2.03212833e+00,  2.16692829e+00,  2.16639233e+01,
       -1.26417408e+01, -1.11192827e+01,  1.76942768e+01,  1.66053925e+01,
        1.96399536e+01, -1.37420998e+01, -2.50314388e+01,  2.19202461e+01,
       -2.57109394e+01, -6.76380157e+00,  1.09987240e+01,  3.37527037e+00,
       -1.03607273e+01, -2.21046429e+01, -2.23447285e+01, -1.79292336e+01,
       -1.59687626e+00,  1.44570866e+01, -2.40115051e+01, -2.26192684e+01,
       -1.54932365e-01,  2.20226383e+00, -7.57306623e+00, -1.10136747e+01,
        2.06382294e+01,  1.93495007e+01,  1.47455997e+01,  2.28485241e+01,
       -3.56263065e+00, -7.61689472e+00,  5.24931335e+00,  1.97339478e+01,
        4.12910938e-01,  9.91072655e+00, -1.59030132e+01,  7.60904503e+00,
       -1.60027084e+01, -7.88977981e-01,  2.47906265e+01, -1.24500847e+01,
        9.52610874e+00, -1.05876932e+01, -1.61574612e+01,  1.98388767e+01,
       -1.13964558e+01, -1.67140503e+01, -1.29205303e+01,  1.70263290e+01,
       -4.91318321e+00, -2.40029545e+01, -3.84769821e+00,  1.27512894e+01,
       -2.18057480e+01, -2.95780420e+00, -1.82300091e+01,  2.19647827e+01,
       -1.94114113e+01, -1.94624214e+01, -2.05514793e+01, -1.75689278e+01,
       -2.00988102e+01,  1.59438648e+01, -2.20914173e+00, -2.59912395e+00,
        1.97117348e+01, -1.04275074e+01, -1.84041862e+01,  8.21353149e+00,
       -1.13526630e+01, -6.37472820e+00, -2.04257507e+01, -1.98956490e+01,
        2.29672203e+01,  3.50411749e+00,  8.47530174e+00,  1.93259850e+01,
        1.17232342e+01, -2.25390091e+01,  2.02918053e+01, -2.36582947e+01,
       -1.42556801e+01,  2.14725666e+01, -9.40585041e+00, -5.45829678e+00,
       -6.52702713e+00,  1.70648766e+01,  2.59215088e+01,  1.06390104e+01,
       -1.08862257e+01,  2.38428078e+01,  1.18472042e+01, -2.27033691e+01,
       -3.65195060e+00, -7.79396486e+00, -1.29495716e+01, -2.42109718e+01,
       -1.67938864e+00,  2.55987854e+01, -2.18672104e+01, -1.85669250e+01,
       -1.22840967e+01,  1.94890461e+01, -1.91482658e+01, -5.52908134e+00,
       -1.77866554e+01,  2.25044403e+01,  2.36545525e+01,  1.01661527e+00],
      dtype=float32), 'decoder.fc.2.weight': array([[-2.8168383 ,  1.5829791 , -4.1099844 , ...,  3.229114  ,
        -3.473343  ,  2.844759  ],
       [ 2.6736708 , -0.26133257, -1.4579908 , ..., -0.67855966,
         2.9121873 ,  1.616154  ],
       [ 2.2199266 , -4.0103984 , -0.0466571 , ...,  3.2541919 ,
         2.123641  ,  0.578223  ],
       ...,
       [ 2.2752798 , -2.8949287 , -2.0420024 , ...,  2.7211275 ,
        -3.8058248 ,  0.4548044 ],
       [ 1.4025315 , -0.7413086 , -2.3844414 , ..., -1.9362233 ,
         2.73815   ,  1.4113183 ],
       [-0.7150909 ,  0.7680179 ,  0.11269654, ..., -1.0248935 ,
        -0.4555266 , -0.5936721 ]], dtype=float32), 'decoder.fc.2.bias': array([ 2.0160952,  3.3595526,  1.6958783, ..., -1.8825624, -2.821549 ,
       -2.8140795], dtype=float32), 'decoder.fc.4.weight': array([[-1.6349347 ,  1.495806  ,  0.22771937, ..., -0.7421638 ,
         0.9740275 , -0.37388435],
       [-1.2643034 , -1.0612118 , -0.31107503, ..., -0.9092524 ,
        -1.3618873 , -1.2015113 ],
       [ 0.1588985 ,  0.45356625, -1.2160306 , ..., -0.5226354 ,
         0.6547364 , -1.4555207 ],
       ...,
       [-0.7116549 , -0.36501428,  1.5858495 , ..., -0.12197997,
        -0.7492535 , -1.8063698 ],
       [ 0.7545739 ,  1.0866412 ,  2.13972   , ..., -0.08149359,
        -1.1291547 ,  0.74599284],
       [-1.4008224 , -0.1109    ,  1.3367214 , ...,  0.09941465,
         1.4852622 , -0.7376014 ]], dtype=float32), 'decoder.fc.4.bias': array([-0.6396632 , -1.6480994 , -2.2640924 , -1.1650347 ,  0.6966751 ,
        0.9798072 , -0.8260866 ,  0.05663768,  0.2426643 ,  1.0851226 ,
       -0.7108834 ,  0.16916111,  0.58257157, -0.97913593,  1.0766665 ,
       -0.55033296, -1.3570948 , -1.4515364 , -0.04488938,  0.9461984 ,
        0.8655046 , -0.62270445,  0.47432512,  0.03925805, -0.02754664,
       -0.42888117,  0.32419008, -1.1431149 ,  1.0082693 , -1.4605705 ,
       -1.6195261 ,  1.5600429 ,  1.0354017 , -1.2415717 ,  0.87955403,
        1.0776811 , -1.7529259 ,  0.85673153,  0.29750204, -0.8587395 ,
       -0.14430289, -2.1843257 , -1.9487586 , -1.2765272 ,  1.553412  ,
       -0.28374267, -1.5469298 ,  0.71026886, -0.8185407 , -1.2783062 ,
       -1.8627596 ,  0.32549423,  0.28973   , -2.1388373 , -1.6885504 ,
        0.6117586 ,  1.1671294 , -1.8207217 , -1.6685919 ,  0.15730862,
       -0.57778615,  0.21360627,  0.779436  ,  1.4740946 , -0.5270152 ,
        0.33255717,  0.3935228 , -1.2313149 ,  0.45629388, -2.0806212 ,
       -1.6608152 , -0.28510565,  0.04308524,  0.983559  , -0.35784283,
       -1.0424132 ,  1.7498214 ,  1.2695892 , -1.299636  , -0.47451597,
        1.8056927 , -1.5904429 , -2.0557396 ,  0.564752  ,  1.6937752 ,
       -1.8309081 , -1.1642165 , -1.17746   , -1.9989738 , -1.2117219 ,
       -1.8654199 ,  0.49545777,  1.6154401 ,  1.3960831 , -2.055754  ,
       -1.6544871 , -0.76741755,  0.42956614,  0.0619313 , -1.5082037 ,
        1.6538703 , -0.63885736,  1.6212206 , -1.7528925 ,  0.5430597 ,
        1.6854297 , -0.26506215,  1.3532076 , -0.59614325,  1.7190096 ,
        0.19949839, -0.48246667,  0.83059335,  0.4252511 , -0.07058558,
        1.3083806 ,  0.3191964 , -1.1720916 , -0.06374299,  1.4894166 ,
       -1.0222942 ,  0.59924364, -0.6643064 ,  0.37857497, -0.17644358,
        0.00885517, -2.7418408 ,  1.2002399 , -1.1910249 ,  1.5323095 ,
        0.8585531 ,  0.5714004 , -0.610168  , -0.26954484, -0.9228394 ,
       -1.2485284 , -1.6073246 , -0.60173965,  0.7697594 ,  1.5425752 ,
       -0.60198486,  0.99203235,  0.61260086,  0.5315205 ,  0.7798778 ,
       -1.3477789 , -1.288963  ,  0.34836984, -1.0601552 ,  1.3923576 ,
       -0.51032114,  0.25379682,  1.0037018 ,  0.34133536, -0.17167553,
       -0.7449752 , -1.5700322 , -1.1064157 ,  0.7044339 , -0.32320446,
       -0.47698727, -1.0395194 , -1.6976681 , -1.4910333 , -0.34999743,
        1.0917568 ,  0.45884126, -1.30458   , -0.32563892, -1.4958535 ,
       -0.48959512, -1.8304787 , -1.0063919 , -0.67419106, -1.6996013 ,
        0.4699446 , -1.8261034 , -1.480204  ,  1.6629684 ,  1.4375362 ,
       -0.05455842, -1.6531835 ,  0.31974038, -1.8087997 , -1.8108199 ,
        0.9926653 , -0.38793215,  0.21985099,  0.7710273 ,  1.0522027 ,
       -1.5334558 ,  0.8403799 ,  1.1096644 , -1.6819715 , -2.409531  ,
        0.3467024 ,  1.2657485 , -0.14074573,  1.5223079 , -0.8248492 ,
        0.2707494 , -1.6363764 , -1.7240375 , -0.2811438 ,  1.7327112 ,
       -0.8808734 ,  1.0539583 , -1.3992698 ,  1.1921756 , -1.0164102 ,
       -1.1304834 ,  0.63386565,  0.04362676,  1.4824691 ,  1.4640793 ,
        0.79054135,  0.91740525, -0.601962  ,  0.54311335, -0.04995034,
       -1.2274439 ,  1.3353288 , -0.5973786 ,  1.0484449 , -1.7188547 ,
       -0.250081  , -0.12085822, -1.7044439 ,  1.8715527 ,  0.6740072 ,
       -0.2761553 , -1.1253034 , -2.0568585 , -1.6097479 , -1.5941399 ,
       -0.11940519, -0.5949187 , -0.9708627 , -0.12361348,  1.2069707 ,
        0.8598026 ,  0.12495452,  1.1403127 , -0.45139247, -2.2568586 ,
        1.0789559 , -0.42636943, -1.0747315 ,  0.04568676,  0.4219562 ,
       -0.35160968,  1.4766246 ,  0.3808645 ,  0.66113615,  1.8727401 ,
       -0.11622441, -1.7991614 , -1.2788312 ,  0.794693  , -1.4728733 ,
       -1.2898589 ,  0.5063446 ,  0.78986955, -0.05852424, -1.7232201 ,
       -0.3227839 , -1.9677718 , -0.31630743, -0.94566536, -1.4794233 ,
       -1.3351972 ,  0.4737931 , -0.7196228 ,  1.2286326 ,  0.65948784,
        1.0704223 , -0.79163164,  0.9093987 , -1.2827828 , -1.495583  ,
       -0.43848115,  0.47069418, -1.4401804 , -1.9012394 ,  0.9693831 ,
        0.43029153, -0.76132405,  0.3443365 , -1.5396945 , -1.3972856 ,
       -0.8980933 ,  0.08003854,  1.105609  ,  0.5156238 , -1.0347842 ,
       -0.5701834 , -0.37458923,  0.73577416,  1.7156847 ,  1.318584  ,
        0.49791795, -1.0773671 ,  1.4497528 ,  0.91364926,  1.7850635 ,
        1.3086004 , -1.5100911 ,  1.1465687 , -0.9432037 ,  0.63455415,
       -1.713084  ,  1.2551143 ,  0.11221088,  0.9045528 ,  1.7209462 ,
       -0.95872474, -1.7329932 ,  0.06789176,  1.481699  ,  1.0177841 ,
       -0.92351806,  0.59956926, -0.20609337, -1.78704   , -1.1795082 ,
        0.5185794 ,  0.0697266 , -1.080665  , -1.0355307 ,  0.58211   ,
       -0.9541625 ,  0.47786134, -1.4651141 ,  1.3664136 ,  0.22574574,
       -1.1573651 , -1.8388094 ,  0.4434396 , -1.9875578 , -2.017285  ,
       -0.42235428, -0.5148361 ,  0.90400326, -0.5814271 , -0.1121059 ,
        0.7502848 ,  1.4171433 , -0.4496541 , -1.8576514 ,  1.705812  ,
       -1.365863  , -2.0609965 , -1.8335223 , -2.049161  , -1.9314182 ,
        0.08558263, -0.7653595 , -0.70235044, -1.2855748 , -0.38402504,
        1.4517379 ,  0.7657648 ,  1.1128981 , -0.70188624, -0.488982  ,
        1.4110298 , -2.1682227 , -1.7840579 ,  0.5824425 , -0.6547072 ,
        0.6502143 ,  1.3004755 , -0.13081099, -1.4656556 , -1.8623917 ,
       -0.07800526,  1.7093421 , -1.2260125 , -1.2730453 , -1.641856  ,
       -0.5223404 , -1.3339772 , -0.15573718, -0.26491997,  0.8093678 ,
       -1.8779163 , -0.18564129, -1.6052152 ,  1.6751857 ,  0.05550227,
       -1.7835951 ,  1.2796166 , -0.84414387,  1.1963744 ,  0.863159  ,
       -1.9102893 ,  0.5560264 ,  0.85836154,  1.4719903 , -0.07206504,
       -0.16906935, -0.5427754 ,  1.7240944 ,  1.618757  , -1.3786575 ,
        0.86967254,  1.4357536 , -0.4992985 ,  0.37346768, -2.0039937 ,
        1.451804  , -1.8093174 ,  1.3594844 ,  0.5097391 ,  0.93732166,
       -0.02248084, -1.2862833 , -1.831182  , -0.46661156, -0.33435667,
       -0.96152353, -1.0070759 ,  0.1982408 ,  0.3123402 , -0.90536916,
        0.58407354,  0.07514822,  1.0541934 ,  1.5043914 ,  0.18850887,
       -1.1690615 ,  0.5951804 ,  0.4054031 , -0.85064596,  1.6785712 ,
       -0.6916535 , -1.7895688 ,  1.7557511 , -0.86757916,  0.05450717,
       -0.39291668, -1.1731801 , -1.7254097 ,  1.9513146 , -0.45988458,
       -0.8427753 , -2.0464084 ,  0.38289204,  1.1899575 ,  1.4069077 ,
        0.00321936,  1.6451075 ,  0.99415845, -1.2844598 , -1.7932966 ,
       -1.8203279 ,  0.02779098, -0.06875098, -1.2296493 ,  0.32400027,
        0.33317354,  0.43663985, -1.820071  , -1.5858159 , -0.36188862,
       -1.4521494 , -0.479414  , -0.22227272,  0.24293055,  1.381289  ,
        1.4808034 , -1.6450431 ,  1.5189238 , -0.7766229 ,  1.5403337 ,
       -0.50664127,  0.5756036 , -0.5953656 , -0.6559024 , -0.30899072,
       -1.0200229 , -0.9713077 , -0.6193236 , -1.7363899 ,  1.7324798 ,
       -1.1329823 , -1.2843785 , -1.2299263 , -0.6501154 , -2.008511  ,
        0.0988114 , -0.6638936 , -1.4070406 ,  0.78274864,  1.0822182 ,
       -1.659779  , -1.6226361 , -0.5748962 , -0.06472685, -1.7614391 ],
      dtype=float32), 'decoder.fc.6.weight': array([[ 1.1137922 , -1.2043468 ,  1.0541965 , ..., -3.232825  ,
         2.69518   , -1.0897148 ],
       [-0.09948704, -0.5464634 ,  0.9848319 , ..., -2.4922917 ,
         3.6469378 , -3.1312456 ],
       [ 2.9934652 , -3.4370399 ,  0.66333455, ...,  2.383966  ,
        -0.6295011 ,  2.7617896 ],
       ...,
       [ 2.5862336 , -1.920517  ,  2.596538  , ...,  2.1242225 ,
        -3.1127622 ,  1.0349317 ],
       [-2.4824965 ,  2.1317148 , -3.2627413 , ..., -1.9936624 ,
         1.2662    ,  4.419535  ],
       [-1.6918948 , -0.69326216, -1.2487545 , ..., -1.5040214 ,
        -3.4118626 ,  2.266654  ]], dtype=float32), 'decoder.fc.6.bias': array([0.23079136, 0.01567094, 3.1549733 , ..., 3.1350596 , 1.6788852 ,
       3.4228249 ], dtype=float32)}
[Time: 27.01.25 20:33:58] [Level: info] [State: aggregate] Updating global model...
[Time: 27.01.25 20:33:58] [Level: info] [State: aggregate] GOAE(
  (encoder): Encoder(
    (fc): Sequential(
      (0): Linear(in_features=10564, out_features=500, bias=True)
      (1): ReLU()
      (2): Linear(in_features=500, out_features=2000, bias=True)
      (3): ReLU()
      (4): Linear(in_features=2000, out_features=500, bias=True)
      (5): ReLU()
      (6): Linear(in_features=500, out_features=10, bias=True)
    )
  )
  (decoder): Decoder(
    (fc): Sequential(
      (0): Linear(in_features=10, out_features=500, bias=True)
      (1): ReLU()
      (2): Linear(in_features=500, out_features=2000, bias=True)
      (3): ReLU()
      (4): Linear(in_features=2000, out_features=500, bias=True)
      (5): ReLU()
      (6): Linear(in_features=500, out_features=10564, bias=True)
    )
  )
)
[Time: 27.01.25 20:33:58] [Level: info] [State: aggregate] Broadcasting model...
[Time: 27.01.25 20:33:58] [Level: info] transition: compute
127.0.0.1 - - [27/Jan/2025 20:33:58] "GET /api/status HTTP/1.0" 200 158
[CTRL] GET /data
[Time: 27.01.25 20:33:59] [Level: info] state: compute
[Time: 27.01.25 20:33:59] [Level: info] [State: compute] ITERATION 5
[Time: 27.01.25 20:33:59] [Level: info] [State: compute] receiving weights...
[Time: 27.01.25 20:33:59] [Level: info] [State: compute] Loading global weights for model...
[Time: 27.01.25 20:33:59] [Level: info] [State: compute] Updated model with received weights.
[Time: 27.01.25 20:33:59] [Level: info] [State: compute] Loading data...
[Time: 27.01.25 20:33:59] [Level: info] [State: compute] Preparing model training...
[Time: 27.01.25 20:33:59] [Level: info] [State: compute] Training model...
127.0.0.1 - - [27/Jan/2025 20:34:00] "GET /api/data HTTP/1.0" 200 58363374
127.0.0.1 - - [27/Jan/2025 20:34:08] "GET /api/status HTTP/1.0" 200 155
[Time: 27.01.25 20:34:09] [Level: info] [State: compute] Epoch 50, Loss: 163133.65625
/usr/local/lib/python3.8/site-packages/sklearn/cluster/_kmeans.py:1416: FutureWarning: The default value of `n_init` will change from 10 to 'auto' in 1.4. Set the value of `n_init` explicitly to suppress the warning
  super()._check_params_vs_input(X, default_n_init=10)
/usr/local/lib/python3.8/site-packages/sklearn/base.py:1152: ConvergenceWarning: Number of distinct clusters (1) found smaller than n_clusters (2). Possibly due to duplicate points in X.
  return fit_method(estimator, *args, **kwargs)
[Time: 27.01.25 20:34:09] [Level: info] [State: compute] Saving model and decoder...
[Time: 27.01.25 20:34:10] [Level: info] [State: compute] Sent updated weights to coordinator.
[Time: 27.01.25 20:34:10] [Level: info] transition: aggregate
127.0.0.1 - - [27/Jan/2025 20:34:10] "GET /api/status HTTP/1.0" 200 157
[Time: 27.01.25 20:34:11] [Level: info] state: aggregate
[Time: 27.01.25 20:34:11] [Level: info] [State: aggregate] Waitig for local models...
127.0.0.1 - - [27/Jan/2025 20:34:12] "GET /api/status HTTP/1.0" 200 157
127.0.0.1 - - [27/Jan/2025 20:34:14] "GET /api/status HTTP/1.0" 200 157
127.0.0.1 - - [27/Jan/2025 20:34:16] "GET /api/status HTTP/1.0" 200 157
127.0.0.1 - - [27/Jan/2025 20:34:18] "GET /api/status HTTP/1.0" 200 157
127.0.0.1 - - [27/Jan/2025 20:34:20] "GET /api/status HTTP/1.0" 200 157
127.0.0.1 - - [27/Jan/2025 20:34:22] "GET /api/status HTTP/1.0" 200 157
127.0.0.1 - - [27/Jan/2025 20:34:24] "GET /api/status HTTP/1.0" 200 157
[CTRL] POST /data
127.0.0.1 - - [27/Jan/2025 20:34:25] "POST /api/data?client=fb39426e1af73b82&memo=GATHERROUND5 HTTP/1.0" 200 0
[CTRL] POST /data
127.0.0.1 - - [27/Jan/2025 20:34:26] "POST /api/data?client=492af3544f49e697&memo=GATHERROUND5 HTTP/1.0" 200 0
[Time: 27.01.25 20:34:26] [Level: info] [State: aggregate] {'encoder.fc.0.weight': array([[-1.1845648e+00,  1.0027897e-02,  2.2015600e-01, ...,
        -5.3608370e-01,  9.0282238e-01, -4.6815726e-01],
       [ 5.8264369e-01,  4.6335813e-01,  1.4544959e-01, ...,
         2.2057876e-01, -6.9057637e-01, -5.8536172e-01],
       [-5.2100414e-01, -4.5247957e-01, -2.7403328e-01, ...,
         4.2938074e-01, -2.9811213e-02, -1.7365398e-01],
       ...,
       [-3.8940680e-01, -1.0378747e+00, -4.3160290e-01, ...,
        -5.8012223e-01,  1.0102750e+00, -6.9117105e-01],
       [ 6.5754890e-02,  9.6723855e-01,  2.3981509e-01, ...,
         6.0619330e-01, -2.5263207e-04, -5.3330016e-01],
       [ 3.0579725e-01, -1.5665418e-01, -9.9567181e-01, ...,
        -8.0123916e-02,  4.9125326e-01, -7.7732995e-02]], dtype=float32), 'encoder.fc.0.bias': array([-0.38771522, -1.2536916 , -0.38264415, -0.5265754 ,  0.43777978,
        0.2965309 , -0.36606878,  0.11309266, -0.10321886, -0.18781888,
       -0.39478824,  0.36464307, -0.4185567 , -0.7047851 , -0.53441393,
       -0.1572008 , -1.193307  , -0.7356928 ,  0.24431336, -0.16016921,
        0.25712627,  0.12516807, -1.1026194 , -0.43103474, -1.1641839 ,
       -0.2953545 , -0.51483333, -0.7060672 , -0.71964854,  0.04235221,
       -0.41208288, -0.8893706 , -0.2755324 , -1.0955286 , -0.01738426,
        0.30073863,  0.04215088,  0.16772847, -0.33815628, -0.27300027,
       -0.85761535, -0.6182699 ,  0.28121102, -0.1349409 , -1.2806842 ,
        0.10810196, -0.079313  , -0.40231422,  0.5027912 , -0.5020715 ,
        0.07729858, -0.26208782, -0.78924567, -0.65587443, -0.30211884,
       -0.69601727, -0.26183724, -0.47815225, -0.5907633 , -1.382607  ,
        0.12206675, -0.7149979 , -0.06307397, -0.92687696, -0.48312172,
       -0.90848875,  0.03410131, -0.9734751 , -0.7772188 ,  0.04890179,
       -0.3069366 , -0.14715748, -1.1321101 ,  0.13978678, -0.5910796 ,
       -0.50666547,  0.21704239, -0.85571426, -1.1650896 , -0.5939187 ,
       -1.0130754 , -1.0734861 , -0.9362867 , -0.4369736 , -0.36721715,
       -1.0419905 , -0.25357422,  0.37623608, -0.26360506,  0.4608012 ,
       -1.0587063 ,  0.4541336 , -0.96812737, -0.68572664, -0.2983829 ,
       -0.38107675, -1.1254442 , -0.72593826,  0.03079239,  0.89733565,
        0.06960781, -0.6672746 , -0.3297132 , -1.1888402 ,  0.4539696 ,
       -0.6622665 , -0.57162917, -0.673211  ,  0.5494192 , -0.36903957,
       -0.21321394, -0.72430885, -1.2666898 , -0.7454427 , -0.13879111,
        0.4256499 ,  0.9845426 , -0.76890785, -0.23028518, -0.15039243,
       -1.0039032 ,  0.3074868 , -0.8502847 , -1.3633299 ,  0.3589077 ,
       -1.0296744 , -1.0531518 , -0.07077798,  0.01309772, -0.4665938 ,
       -0.10985418, -0.70889866, -0.5186255 , -1.5559492 , -1.2389678 ,
        0.5777143 , -0.51559526, -1.2382109 , -1.0249609 ,  0.1370808 ,
       -0.40681565, -0.37447682, -0.82154006,  0.04779933,  0.28324634,
       -0.60434747, -0.9262032 , -1.0271215 , -0.78696585, -1.4050758 ,
       -0.01695576, -0.39772934,  0.61115634, -0.43446118, -0.3751063 ,
       -0.30547482, -0.55655676, -1.0871605 , -0.21634391, -0.46053573,
        0.13354725,  0.07785069,  0.2701137 , -0.25555736, -0.495736  ,
       -1.2453632 , -1.0022244 , -0.818134  , -1.2199464 , -1.1383498 ,
       -0.6111304 , -0.1015596 ,  0.07487069, -0.40937367, -0.87069607,
       -0.7007971 ,  0.08729237, -0.42195392, -0.6478579 , -0.40088463,
       -1.2103014 ,  0.02435077,  0.79234076, -0.05532681, -0.06144146,
       -0.03298425, -0.03101601,  0.08101969,  0.2894833 , -0.8664873 ,
        0.00991501, -0.03163977,  0.3811233 ,  0.33064944,  0.10759038,
       -0.9931243 , -0.29128727,  0.32347295, -0.5659916 , -0.15892653,
        0.11823401, -1.440707  , -0.6724926 ,  0.01359713,  0.15164739,
       -1.3495966 , -0.8935308 , -0.26918134, -1.0267652 ,  0.40583628,
       -0.37143376, -0.05613607, -0.28224874,  0.12698743, -0.16307086,
       -0.7894038 , -0.59658897,  0.3838594 ,  0.17341025, -0.77360284,
       -0.85955447,  0.16547678, -1.3283302 , -0.7796678 , -0.39695588,
       -0.95122075,  0.36044776,  0.01416786, -1.4141734 , -0.527976  ,
       -0.09951063,  0.38322136,  0.0695911 , -0.7723553 , -0.62902284,
        0.03785016, -0.85138345,  0.02913074, -0.88997483, -0.6658504 ,
       -0.15413654, -0.13193767, -0.85961264, -0.08801964, -0.7598026 ,
       -1.0020721 , -0.8985945 , -0.5887708 , -0.26414168, -0.5910121 ,
       -0.09035661, -0.6890607 , -0.71919554, -0.9489163 , -0.05085305,
        0.19396439, -1.320869  , -0.27106047, -1.0223098 , -0.47327235,
       -0.43878406, -0.59474814,  0.6079576 , -0.7272474 , -0.12408093,
       -0.8407562 , -0.22019559, -1.1980155 ,  0.16906877, -1.0689234 ,
       -1.4052839 , -1.0691928 , -0.27115515, -0.75670415,  0.38259268,
       -1.1367633 , -0.7060083 ,  0.42530245, -0.15395162, -1.1657084 ,
       -0.57737875, -0.8730462 ,  0.28995582, -0.52948785, -0.00296885,
       -0.8727563 , -0.7176618 , -0.0348702 , -0.10472665, -0.35579592,
       -1.1331899 , -0.6563433 , -0.83399856, -1.007425  ,  0.36840114,
       -0.46041873,  0.13324164, -0.33878976, -0.55445564, -1.2415128 ,
       -0.8130537 , -0.5023962 , -1.055999  ,  0.11640321, -0.3943398 ,
       -0.34944963, -0.590171  , -0.19782457,  0.3692069 ,  0.02329059,
        0.28647596,  0.8164418 , -0.18624717,  0.4681791 ,  0.4001973 ,
       -0.9247032 , -1.3279954 , -0.87715006, -0.02315126, -0.12188037,
       -1.3650436 , -0.7398062 ,  0.01771674, -1.1299977 , -0.48392853,
       -0.21567477, -0.9404795 , -0.3529169 , -0.01173882, -0.03622785,
       -0.32303163,  0.48540723, -0.02643213, -0.17026027, -0.9376571 ,
       -0.04671597, -0.25297925, -1.240122  ,  0.02904025, -0.41382748,
       -0.72439337, -0.5301167 , -0.38416526, -0.21860532,  0.31846792,
       -0.00240161, -1.1185997 ,  0.11262916,  0.16176644, -0.42955357,
       -0.8080356 , -0.11215236, -0.09250756, -0.08328293, -0.36641622,
       -1.3672311 ,  0.03111022, -0.50601435, -0.38628152, -0.56144404,
        0.25502557, -1.2515748 , -0.8334607 , -1.040773  , -1.345282  ,
       -0.7301137 , -0.34398687,  0.11877794, -0.2599037 , -1.1994671 ,
       -0.98251164,  0.42887002, -0.04353163, -0.26635608, -1.1167202 ,
        0.00429281, -0.33342266, -0.2514997 , -0.31665456, -0.40543163,
       -0.6751419 ,  0.33306703, -0.90343153,  0.30459177, -0.3123924 ,
       -0.6474986 , -1.1348597 ,  0.46429628, -0.3850893 , -0.9497638 ,
       -0.3069706 , -0.61594015, -1.0159855 , -0.53769493, -0.29819405,
       -0.9561875 , -1.0678303 ,  0.02767495, -0.6297509 ,  0.08331337,
       -0.940382  , -0.94399047, -0.60345465, -0.72159076, -1.4000645 ,
       -0.37934908, -0.6289135 , -0.03574215, -0.43088552, -1.2292228 ,
       -0.45591488,  0.52527773, -0.7964943 ,  0.04771266, -0.8517643 ,
       -1.2772716 , -0.81035376, -1.1029352 , -0.21090952,  0.18362002,
       -0.20900084, -0.26813665, -0.62078047, -0.428691  , -0.58285165,
        0.26264971, -0.24502225,  0.05350532,  0.14021643, -0.50999075,
       -0.8241425 ,  0.05117645, -0.22289325, -0.33522174, -0.82142377,
       -0.09316457, -0.0689137 , -0.80666065,  0.34444043, -0.27564898,
       -0.8535963 , -0.49789536, -0.8567129 , -0.37685952, -0.52482134,
       -0.16147393, -0.50945747,  0.19091906, -1.1839492 ,  0.34793076,
        0.15178111, -0.00897702, -1.5292846 , -0.8567723 ,  0.18783356,
       -1.0183374 , -0.87378895, -1.1969767 , -0.84143484, -0.9813703 ,
       -0.9648218 , -0.36910126, -0.08950316, -0.15332696, -0.07254983,
        0.36041617,  0.04985786, -0.40056908,  0.31261647, -1.1503987 ,
       -0.14539307, -0.5162746 , -0.57484484, -0.86807346, -1.150558  ,
       -0.02473269, -0.559927  , -0.6998203 , -0.31923747, -0.24368814,
        0.28915328, -0.08350553, -0.90045196, -0.94182813,  0.07982436,
       -1.0513377 , -0.9510705 , -0.7913184 , -0.19155103,  0.32584563,
       -1.0333215 , -1.0773067 , -1.2481626 , -0.21910071, -0.48924154,
       -0.73307425, -0.06131859,  1.1191775 , -0.47019708,  0.08227199],
      dtype=float32), 'encoder.fc.2.weight': array([[-1.4809906 ,  1.0487654 , -3.1998203 , ..., -0.5444853 ,
        -2.3253245 ,  3.0839906 ],
       [ 0.8237926 , -0.26032677,  0.16164365, ...,  0.61150116,
        -3.862358  ,  1.0131247 ],
       [-2.4220867 , -2.7556233 , -1.9924309 , ..., -1.1779171 ,
        -1.2850592 , -1.3885232 ],
       ...,
       [-1.3385351 , -2.1273327 , -0.9847356 , ...,  0.5206347 ,
         1.4168053 , -0.01644112],
       [-1.2610879 ,  2.2129874 , -0.21567026, ..., -2.1456137 ,
         0.84685516, -2.2354648 ],
       [-3.0795088 ,  3.2056153 , -2.0553648 , ...,  0.55931854,
        -1.704772  ,  2.4717422 ]], dtype=float32), 'encoder.fc.2.bias': array([-3.5698829 ,  0.44964415, -0.4645322 , ...,  2.997272  ,
        1.4801152 ,  1.2080802 ], dtype=float32), 'encoder.fc.4.weight': array([[-0.2671409 , -2.1690178 , -0.33292925, ..., -1.2700624 ,
        -0.8557191 , -1.9581395 ],
       [ 0.3516193 , -0.84663   , -0.68786734, ...,  0.06358126,
         1.173692  ,  0.3509154 ],
       [ 0.7116543 , -1.2807841 , -1.3361948 , ..., -0.31177205,
         0.84563917, -1.3928561 ],
       ...,
       [-1.9612917 ,  0.43954718,  1.2259047 , ..., -0.6965766 ,
        -0.5199179 , -0.22510907],
       [-1.0637686 ,  0.31069183,  0.09843026, ...,  1.3994255 ,
         1.0118401 ,  0.10959344],
       [-2.198821  , -0.3740632 ,  0.04253262, ..., -1.5098617 ,
         0.8835578 , -0.66350293]], dtype=float32), 'encoder.fc.4.bias': array([-1.66212678e+00, -7.35198975e-01, -2.47230411e-01, -1.66194630e+00,
       -1.32907557e+00, -1.97101843e+00,  1.51598707e-01, -7.50793755e-01,
       -1.33453739e+00, -3.95393610e-01,  6.22427821e-01,  5.13571560e-01,
       -1.58597767e+00, -1.69209671e+00,  2.72840172e-01,  1.33243874e-01,
       -1.83010805e+00, -8.30577537e-02, -7.90249705e-01,  1.07379770e+00,
       -1.45283771e+00, -1.52383304e+00, -1.56947386e+00, -7.44192958e-01,
        7.18769193e-01, -1.72385290e-01,  4.25160259e-01,  1.28669000e+00,
       -3.32443267e-01, -2.95432210e-02,  8.71751666e-01, -3.27813447e-01,
        6.70661151e-01, -6.34923339e-01, -9.67004180e-01, -1.37900412e+00,
        3.05118203e-01,  8.44441831e-01,  4.14285421e-01,  1.11181712e+00,
        8.89232934e-01,  9.74295795e-01,  1.10263181e+00,  1.38924181e-01,
        1.03879547e+00,  1.35461807e-01, -1.45122969e+00,  1.69661772e+00,
        5.27846694e-01, -1.37978458e+00,  1.53787374e+00, -1.12703550e+00,
        2.59554595e-01,  1.23550840e-01, -1.59870696e+00, -8.73501480e-01,
        9.05356765e-01,  1.56226540e+00, -1.12139069e-01,  1.46892166e+00,
        1.30489111e+00,  7.57616982e-02,  3.59980285e-01,  7.18244195e-01,
       -1.01531470e+00, -3.78796846e-01,  1.01448685e-01, -6.87748969e-01,
       -6.44882210e-03,  1.07484055e+00,  1.17077398e+00, -2.10285997e+00,
        9.33502391e-02,  1.30127907e+00, -7.98115849e-01,  3.91332418e-01,
       -1.49095035e+00, -1.51070086e-02, -1.31323099e+00,  9.62284803e-01,
        1.14070046e+00,  8.06463838e-01, -2.28553578e-01, -1.33383012e+00,
       -1.79330373e+00,  5.72767019e-01, -2.61795133e-01, -1.83302093e+00,
       -1.88906908e+00,  6.60191178e-01, -1.40519524e+00,  6.36805594e-02,
       -1.66355109e+00, -4.38898891e-01,  8.04777145e-01, -6.01658106e-01,
        6.58357859e-01, -2.13090634e+00,  1.52511728e+00, -1.06019115e+00,
        8.85399878e-01,  1.34713936e+00,  8.47862363e-01, -1.46127909e-01,
       -4.49252844e-01,  7.99978137e-01, -8.39566946e-01, -8.15433621e-01,
       -1.49667883e+00,  1.56581855e+00,  2.06485033e-01,  7.66792774e-01,
        4.71312582e-01, -1.53553104e+00,  3.13560009e-01, -1.03570938e+00,
        1.08128384e-01, -2.53488243e-01,  1.36617303e+00, -8.76169950e-02,
       -1.93404257e+00, -4.02948976e-01, -1.71479237e+00, -6.78136587e-01,
       -1.73625946e+00,  2.99596369e-01, -2.55755544e-01, -9.86310840e-01,
        1.11648762e+00,  5.10889530e-01, -7.10348606e-01,  1.82465696e+00,
       -9.05937016e-01, -1.80215299e+00,  1.30379963e+00,  3.15360092e-02,
        8.84477913e-01,  1.49406701e-01, -1.66317701e+00,  4.20860648e-01,
       -2.18156147e+00, -1.64360261e+00, -1.42455244e+00, -4.03203845e-01,
        3.78153443e-01,  5.72432637e-01,  1.20182645e+00,  1.55383396e+00,
        6.32557452e-01, -3.26450735e-01, -1.13236618e+00,  5.24846554e-01,
        1.24770355e+00,  2.69718409e-01, -1.88343525e-02, -1.42118740e+00,
       -6.33881569e-01,  1.27472401e+00,  2.42011100e-01, -2.38572389e-01,
       -1.15804344e-01, -1.83062088e+00,  1.13578939e+00, -6.61429763e-01,
       -5.94924688e-01, -1.26781297e+00,  1.32119691e+00, -2.13541079e+00,
       -8.25267553e-01,  8.32282901e-01,  1.39334488e+00,  1.90315187e-01,
       -2.00700831e+00,  1.08694947e+00,  1.08371520e+00, -9.53780785e-02,
        4.76111352e-01,  5.76843262e-01, -1.43445790e+00,  5.61986566e-02,
       -1.61778724e+00, -1.10222018e+00, -1.45194840e+00,  9.97827888e-01,
        1.10659170e+00,  9.39655781e-01, -9.07004952e-01,  1.27418232e+00,
       -1.35037279e+00,  9.42280173e-01, -8.78257275e-01, -9.67130363e-01,
       -1.97406203e-01,  1.37163386e-01, -1.17159367e+00,  4.69207644e-01,
        4.73109901e-01,  5.96457243e-01,  1.71434149e-01, -8.98950100e-01,
       -1.73108232e+00, -1.87526777e-01, -1.00093198e+00, -1.90176702e+00,
        1.01871848e+00,  1.36868811e+00, -1.42430627e+00, -6.04654551e-01,
       -7.08860397e-01,  8.20157006e-02,  1.24427700e+00,  9.75377679e-01,
        1.05482578e+00,  9.82627273e-01,  1.55925858e+00,  1.52837193e+00,
       -1.77332568e+00, -2.07077479e+00, -5.05602241e-01, -1.85797668e+00,
       -6.74080372e-01,  1.14804840e+00, -3.61027420e-01, -1.38133109e+00,
        1.37369430e+00,  9.43851948e-01,  1.32516539e+00, -2.70250022e-01,
       -1.68689525e+00,  1.74922757e-02, -8.95562172e-01,  9.81360912e-01,
        7.95109510e-01,  5.44242740e-01,  1.15180099e+00,  2.41749346e-01,
       -6.75654531e-01, -1.12591088e+00,  5.01031756e-01,  2.67173290e-01,
       -1.43360972e-01,  1.35474515e+00,  6.61383092e-01, -7.06762254e-01,
       -2.13436174e+00,  4.58538383e-01,  6.55122995e-01,  1.20935035e+00,
        5.33407450e-01,  8.02165031e-01, -3.46774727e-01,  4.57774043e-01,
       -1.85028183e+00,  1.41119564e+00,  2.53590643e-01, -1.69352865e+00,
       -1.12047553e+00,  1.03788950e-01, -2.06425595e+00, -1.49979901e+00,
        4.99977410e-01,  4.05581832e-01, -4.60055709e-01, -1.65357089e+00,
       -4.53923374e-01, -1.00692973e-01, -6.67827606e-01, -1.36379576e+00,
       -6.51914954e-01,  1.49862719e+00, -2.92106807e-01,  6.13032877e-01,
       -7.05290556e-01,  8.55909348e-01,  1.02364647e+00, -1.01652575e+00,
       -1.33519030e+00, -1.52617013e+00, -9.48378146e-01,  1.08495131e-01,
        9.50489223e-01, -2.72228956e-01, -1.79416490e+00, -1.71045399e+00,
       -1.97587109e+00, -1.83241510e+00, -8.80654454e-01, -1.88208711e+00,
       -7.83609688e-01, -6.92369103e-01,  9.50315714e-01, -2.58048058e-01,
       -9.59600568e-01,  3.83114233e-03, -1.40128362e+00,  8.18666816e-02,
        1.10964990e+00,  1.44432259e+00,  1.16440272e+00,  1.06308401e+00,
        1.97283477e-01, -1.19623637e+00, -8.23641479e-01, -1.58146070e-03,
       -1.32855713e+00, -1.89045274e+00, -5.38908124e-01, -1.09290588e+00,
       -2.10291076e+00,  2.24309966e-01,  7.88312674e-01,  1.45403683e-01,
        6.17939651e-01, -1.12293029e+00, -2.56659329e-01, -3.98276150e-02,
        1.14810109e+00, -1.27899909e+00, -2.19396639e+00,  1.13717556e+00,
        1.89331663e+00,  1.17223665e-01, -1.00145951e-01, -1.54158878e+00,
       -2.71499693e-01, -1.23375905e+00, -7.79241920e-01, -1.64884293e+00,
       -5.26779950e-01, -1.48606706e+00, -2.48623163e-01, -1.07138348e+00,
       -1.25909960e+00,  6.41718209e-01, -1.46632838e+00, -3.22162718e-01,
        5.44218838e-01, -1.43349862e+00, -1.53951037e+00,  1.21934116e+00,
       -1.32929265e-01,  2.48423368e-01, -2.10704470e+00,  2.27262318e-01,
        1.25013316e+00,  1.56729960e+00, -1.73273420e+00,  7.75445580e-01,
       -1.06121802e+00,  3.17122281e-01, -1.76985979e+00,  8.15329134e-01,
        1.10571802e-01, -2.05214095e+00, -1.42130315e+00,  6.24081910e-01,
        5.73637336e-02,  2.93203473e-01,  6.82427347e-01,  1.31632829e+00,
       -3.12975258e-01,  7.21122384e-01, -1.93350184e+00,  5.15598178e-01,
       -1.13469923e+00, -8.55156362e-01, -1.67181420e+00, -3.10824096e-01,
       -1.97264743e+00, -8.30939174e-01, -1.81805655e-01, -2.30835423e-01,
       -1.53002679e+00,  2.77386606e-02, -1.77234501e-01, -5.54929495e-01,
       -1.10401821e+00, -7.50998855e-01, -1.19929600e+00, -1.30216193e+00,
        1.67973483e+00,  1.23911428e+00, -1.02201521e-01, -3.71317089e-01,
        1.16141200e+00, -5.57846904e-01, -7.71192551e-01, -1.63782012e+00,
       -6.16793334e-01,  3.83711755e-02,  1.55546546e-01, -2.17383051e+00,
       -1.06572187e+00, -1.98035860e+00,  1.17322616e-01, -3.06811482e-01,
       -2.11726165e+00, -1.57913053e+00,  5.01342833e-01, -1.09453082e+00,
        8.83342445e-01, -1.39086735e+00,  1.03483446e-01, -1.14902425e+00,
        6.69978000e-03,  1.43791151e+00,  9.11795944e-02, -7.67521024e-01,
       -3.78349304e-01, -1.50738430e+00,  4.55620646e-01, -1.85119331e-01,
       -2.70199686e-01,  1.22437453e+00, -8.23086083e-01, -6.85912132e-01,
       -1.31012702e+00, -8.79679099e-02, -1.77795875e+00, -6.67877018e-01,
       -3.12893987e-01,  1.47742283e+00, -2.07033062e+00, -3.77346486e-01,
       -1.39941812e+00, -5.72143316e-01, -8.11854750e-02, -1.01098812e+00,
       -1.01943874e+00, -9.16878998e-01, -3.71713758e-01, -1.48389566e+00,
        8.41834724e-01, -3.19143236e-01,  1.29193759e+00, -5.41947961e-01,
       -1.92265248e+00,  1.32538223e+00, -3.57085377e-01, -1.39257360e+00,
       -1.45568275e+00, -6.06656253e-01,  1.40849009e-01, -5.83366871e-01,
        5.82797587e-01, -1.06708741e+00, -5.19681722e-02, -6.56253397e-01,
       -2.81237394e-01, -1.76630867e+00, -1.64367592e+00, -4.41070586e-01,
        6.04979873e-01, -3.01253974e-01,  1.44625056e+00, -2.13347530e+00,
       -1.89910591e+00,  4.65892628e-02,  2.29573876e-01, -6.92706108e-01,
       -1.51102662e+00, -2.12021375e+00, -1.67306042e+00,  6.41200542e-01,
        2.27187037e-01,  1.58835828e-01, -9.71610665e-01, -6.32881999e-01,
        1.73463225e+00, -1.63476241e+00, -1.89619446e+00, -1.25530791e+00,
       -1.07465279e+00,  7.02075958e-01,  1.35090590e+00, -1.16181970e+00,
       -3.25984985e-01, -1.58911705e+00,  1.47636175e+00, -1.12837207e+00,
       -4.37046707e-01, -3.00481886e-01,  1.26572347e+00, -6.04408622e-01,
        8.42535496e-01, -1.30425119e+00,  1.83459073e-02, -9.62093234e-01,
       -1.00209725e+00, -1.09299994e+00, -1.52946067e+00, -1.92155075e+00,
       -1.93617698e-02,  6.11116946e-01, -1.22072923e+00, -3.40780675e-01,
       -1.55483794e+00,  2.97213495e-01,  4.16632481e-02,  1.10859084e+00],
      dtype=float32), 'encoder.fc.6.weight': array([[-2.4449053 , -1.8694879 ,  0.38226745, ..., -1.2705499 ,
        -0.9258029 , -2.7322521 ],
       [ 2.9356816 ,  2.9781656 ,  3.2535503 , ...,  2.6605563 ,
        -3.2347262 ,  1.9376895 ],
       [-1.1132525 , -1.7089409 , -2.0380404 , ..., -0.05809774,
         2.19162   , -3.252752  ],
       ...,
       [ 1.2910584 , -3.1536431 ,  1.4298831 , ..., -2.448497  ,
         1.3191311 ,  2.9566689 ],
       [ 2.1359975 , -1.4078829 ,  0.16843726, ...,  0.16598071,
        -0.09176689,  2.9282236 ],
       [-2.0411325 ,  1.7835714 ,  2.1904414 , ...,  1.2696837 ,
        -2.0358741 ,  2.3873768 ]], dtype=float32), 'encoder.fc.6.bias': array([ 1.7804383 , -0.6089868 , -2.0313478 ,  0.47782025, -1.4360244 ,
       -2.5933867 ,  1.8916548 ,  2.227601  ,  0.9082824 , -2.4298582 ],
      dtype=float32), 'decoder.fc.0.weight': array([[ -8.058224  ,  19.244156  ,  19.40804   , ...,   7.6076803 ,
         -2.5392656 ,   5.8317695 ],
       [-14.208181  ,  12.156373  ,  -6.5130773 , ..., -16.18583   ,
         -6.41453   , -23.78878   ],
       [-20.65226   ,  -8.266944  ,   1.6263349 , ..., -11.628823  ,
         -7.925881  , -18.808966  ],
       ...,
       [-26.081514  ,   1.2048904 ,  -9.002673  , ...,  19.473791  ,
          4.5275826 ,  -0.27088672],
       [ 14.374283  , -14.466848  ,  16.439665  , ...,   5.0853577 ,
        -23.146362  , -11.632723  ],
       [ 10.140344  ,   4.789879  , -23.593317  , ...,  14.204512  ,
        -18.332102  ,  -9.703577  ]], dtype=float32), 'decoder.fc.0.bias': array([-8.00078964e+00, -4.24043274e+00,  6.81963158e+00, -1.92733498e+01,
        7.53809834e+00,  2.11024857e+01,  2.27450256e+01,  4.64139271e+00,
       -2.07745552e+01,  7.22305298e+00, -1.80180693e+00, -2.10671463e+01,
       -5.72428465e+00,  5.97811842e+00, -1.61994624e+00,  2.87298703e+00,
       -6.02142286e+00,  3.68697435e-01,  1.53600044e+01, -5.65740395e+00,
       -1.16440010e+01,  9.05434418e+00,  2.46690273e+00, -1.05123806e+01,
        1.70008183e+01,  1.53991108e+01,  1.25597420e+01,  1.48016815e+01,
       -9.50718498e+00,  7.70431042e+00,  1.79439240e+01, -5.29685068e+00,
        1.81147118e+01, -2.16841202e+01,  1.67069302e+01, -8.69942665e+00,
        6.40736389e+00,  2.44999008e+01, -1.55264225e+01, -2.28958168e+01,
       -1.76310997e+01,  7.51384830e+00, -2.08648815e+01,  6.33186913e+00,
        2.57200737e+01, -8.20418477e-01, -6.03101254e+00,  1.74191628e+01,
        1.98834915e+01,  1.48963976e+00, -2.20636635e+01, -2.08825645e+01,
       -7.12270451e+00,  1.12255211e+01, -9.08024597e+00, -2.38323712e+00,
        2.12266769e+01,  2.45534039e+01, -1.67568779e+01, -8.47665405e+00,
       -1.20877132e+01,  2.19302034e+00, -6.54938412e+00,  1.31859713e+01,
        2.55909843e+01,  1.80382805e+01,  6.33659077e+00, -5.94358206e+00,
       -1.92736893e+01, -1.78893642e+01,  1.56342545e+01,  1.47976189e+01,
       -7.07027388e+00,  3.37677670e+00, -2.05480518e+01,  2.30899029e+01,
        1.44521265e+01,  2.40181313e+01,  1.77890375e-01, -8.60037041e+00,
        1.97739697e+00, -2.37101002e+01,  9.01564026e+00,  1.51719208e+01,
        1.84054489e+01, -1.20960674e+01,  2.35200253e+01, -1.32878380e+01,
        2.00678806e+01, -1.13084106e+01, -3.04265141e+00, -2.41873875e+01,
       -1.14279127e+00, -1.28533249e+01, -4.37871075e+00, -1.33704841e-01,
       -1.33849931e+00, -1.30460405e+01, -1.37978582e+01,  2.48542976e+01,
        1.87274132e+01, -1.89559860e+01, -1.43257637e+01, -2.42018147e+01,
        1.19327593e+01, -1.67282543e+01, -4.06424731e-01,  1.57435703e+00,
       -6.13176680e+00, -1.87854118e+01,  4.88622952e+00,  3.14618301e+00,
       -5.35857296e+00,  5.82163048e+00, -7.84134579e+00,  5.20897770e+00,
        2.70708990e+00,  1.53524551e+01,  9.08015060e+00,  1.09793787e+01,
        1.95738182e+01, -5.55435181e+00,  1.48233805e+01,  1.42830772e+01,
       -9.01686382e+00,  4.16289139e+00, -1.42466640e+00,  1.76416054e+01,
        2.08396578e+00, -5.13592196e+00, -9.20100784e+00, -2.06858444e+01,
       -3.99560595e+00,  1.32965956e+01, -2.40985851e+01, -2.16228485e+01,
       -1.11806669e+01, -1.05423021e+01, -2.47575836e+01, -1.14723396e+01,
       -4.77974463e+00,  8.55834198e+00, -1.01480999e+01,  1.39716053e+00,
        1.62108974e+01,  2.01980324e+01, -1.51252985e+01,  1.73931828e+01,
        2.27645302e+01, -6.56356525e+00, -1.82619076e+01,  2.18759918e+01,
        1.30562425e+00, -9.02132797e+00,  2.27758579e+01,  2.11519794e+01,
        2.42618637e+01, -1.85845051e+01,  1.34323874e+01, -2.11615295e+01,
        7.61763668e+00, -8.97689724e+00,  1.51264019e+01, -3.98178124e+00,
        1.46960392e+01, -8.26946068e+00,  1.44064541e+01,  8.83419323e+00,
        2.53056374e+01, -6.58808279e+00, -2.25277729e+01, -2.45876122e+01,
       -4.48825264e+00,  2.09203339e+01,  2.59275684e+01,  1.72555695e+01,
       -1.38486290e+01,  1.06436234e+01, -1.28136196e+01, -2.09321327e+01,
       -5.28984547e+00, -9.19622231e+00,  2.35894165e+01,  5.98447990e+00,
       -1.92617645e+01,  9.75046730e+00,  2.47340173e-01,  1.74347439e+01,
        1.82071056e+01,  5.86560535e+00, -1.86474686e+01,  3.73275948e+00,
        2.10391769e+01, -2.51772099e+01, -1.49744835e+01,  1.41638508e+01,
        1.20631618e+01,  4.48726511e+00,  7.65804768e+00,  1.96452560e+01,
        2.45485935e+01, -7.81516743e+00,  1.75559187e+00,  2.10635262e+01,
       -1.76195793e+01,  1.87714176e+01,  1.04368048e+01,  3.61240149e+00,
       -6.37600994e+00, -1.67942750e+00,  1.37402954e+01,  1.15284500e+01,
        6.16748619e+00, -1.35696526e+01, -5.82330108e-01, -2.32579880e+01,
       -1.69670982e+01,  8.68052101e+00,  2.72721434e+00,  1.88451576e+01,
        8.36039257e+00, -2.17366085e+01,  4.56634665e+00,  5.67880917e+00,
        8.38749886e+00, -1.78206139e+01,  2.57935600e+01, -1.29189386e+01,
        7.48031998e+00,  1.56847553e+01, -2.45955572e-01,  3.93465948e+00,
        8.72512102e-01,  1.23740511e+01,  1.83016510e+01,  4.73052788e+00,
        2.98536277e+00,  1.63254662e+01,  3.09929156e+00,  2.41814470e+00,
       -1.06539574e+01,  1.16034689e+01,  1.00511608e+01,  1.41156158e+01,
        1.67884693e+01,  1.34753857e+01, -1.21784630e+01,  7.13757801e+00,
        2.01736641e+01,  2.03793392e+01, -1.53043995e+01, -1.25035830e+01,
       -4.03066456e-01,  9.32597733e+00, -5.50808668e-01,  1.44487801e+01,
        1.08926277e+01, -2.33901272e+01, -3.59142452e-01,  1.63451443e+01,
       -2.07442617e+00, -1.38199997e+01, -2.46717529e+01, -1.42320757e+01,
        4.34788704e+00, -1.61896019e+01,  1.67603798e+01, -2.07912254e+01,
        8.82928467e+00,  2.35540915e+00, -2.28373617e-01,  1.65510941e+01,
       -2.91363907e+00, -2.23400536e+01,  6.85946083e+00, -2.17014923e+01,
       -2.20746827e+00,  2.41868782e+01, -1.33900681e+01,  9.45461845e+00,
       -2.14377632e+01, -1.62564640e+01,  1.53577423e+00,  8.53077507e+00,
       -1.62275386e+00, -1.86006784e+00, -1.02813339e+01, -1.81806488e+01,
        1.05207043e+01, -1.88049850e+01,  8.96834433e-01,  2.33129501e+01,
        1.60258865e+01,  1.98937531e+01, -1.56265812e+01,  1.33111849e+01,
       -1.07099056e+01, -1.62565231e+01,  1.49230843e+01,  2.30642090e+01,
        5.62045431e+00,  4.66022444e+00,  3.73530388e+00, -1.48611908e+01,
        2.20861835e+01, -5.72917271e+00,  2.31942010e+00,  1.79571686e+01,
       -1.04773482e-02,  5.39478970e+00,  4.01494503e+00, -1.07699499e+01,
        2.43316479e+01, -1.00838680e+01, -5.11817884e+00,  1.97526245e+01,
        1.28341675e+01, -1.20721025e+01,  1.20173187e+01, -1.56957779e+01,
        2.29634571e+01, -2.10681190e+01,  1.34651155e+01,  6.81475735e+00,
       -1.97079811e+01,  1.11462612e+01, -9.45001125e+00, -2.55142903e+00,
       -2.55279942e+01,  6.02731419e+00,  9.14263821e+00,  1.94578552e+01,
       -1.27779503e+01, -2.56876135e+00,  1.26843224e+01,  2.90817404e+00,
        1.94197388e+01, -2.05439510e+01,  2.25477562e+01,  2.31912994e+01,
        1.69696751e+01, -7.90978622e+00,  1.44726305e+01, -2.42599640e+01,
        1.71453590e+01,  4.09439564e+00, -4.33507919e+00,  6.97768784e+00,
       -6.02233601e+00, -9.80247879e+00, -8.87653542e+00, -7.31288528e+00,
        1.37979107e+01, -3.92534924e+00, -2.33373680e+01,  6.24224854e+00,
       -7.62397051e-03, -1.00345688e+01,  2.01510010e+01, -1.36671991e+01,
        1.39657421e+01, -1.73871346e+01, -1.25058489e+01,  1.77968826e+01,
       -7.25727987e+00,  1.98263264e+01, -1.23047552e+01, -1.49804640e+01,
        2.29157467e+01,  7.73903322e+00, -2.06890564e+01, -1.63091202e+01,
       -1.25885439e+00, -1.49137700e+00,  2.11615696e+01, -2.50503426e+01,
       -4.84940386e+00,  4.05335522e+00,  8.49801350e+00, -4.99245262e+00,
        2.64249265e-01, -1.87384720e+01,  1.83681355e+01,  9.32645512e+00,
        1.25813560e+01,  1.78502712e+01,  2.73832560e-01,  5.37468338e+00,
       -2.20561466e+01, -2.03212833e+00,  2.16700077e+00,  2.16639233e+01,
       -1.26416721e+01, -1.11193514e+01,  1.76942768e+01,  1.66053925e+01,
        1.96400185e+01, -1.37420998e+01, -2.50314388e+01,  2.19203110e+01,
       -2.57109394e+01, -6.76380157e+00,  1.09987240e+01,  3.37527037e+00,
       -1.03607960e+01, -2.21047077e+01, -2.23447285e+01, -1.79292336e+01,
       -1.59687626e+00,  1.44570179e+01, -2.40115051e+01, -2.26193333e+01,
       -1.55005038e-01,  2.20226383e+00, -7.57306623e+00, -1.10136747e+01,
        2.06382294e+01,  1.93495007e+01,  1.47455997e+01,  2.28485889e+01,
       -3.56263065e+00, -7.61696625e+00,  5.24924183e+00,  1.97339478e+01,
        4.12910938e-01,  9.91072655e+00, -1.59029446e+01,  7.60904503e+00,
       -1.60026436e+01, -7.89050460e-01,  2.47906265e+01, -1.24501534e+01,
        9.52610874e+00, -1.05876245e+01, -1.61574612e+01,  1.98388767e+01,
       -1.13963871e+01, -1.67140503e+01, -1.29204617e+01,  1.70263290e+01,
       -4.91325474e+00, -2.40029545e+01, -3.84769821e+00,  1.27512894e+01,
       -2.18057480e+01, -2.95787668e+00, -1.82299442e+01,  2.19647827e+01,
       -1.94114761e+01, -1.94624214e+01, -2.05514793e+01, -1.75689278e+01,
       -2.00988102e+01,  1.59439335e+01, -2.20914173e+00, -2.59919643e+00,
        1.97116699e+01, -1.04275074e+01, -1.84041862e+01,  8.21346283e+00,
       -1.13525944e+01, -6.37472820e+00, -2.04258156e+01, -1.98956490e+01,
        2.29672852e+01,  3.50411749e+00,  8.47530174e+00,  1.93260498e+01,
        1.17233028e+01, -2.25389442e+01,  2.02918053e+01, -2.36583595e+01,
       -1.42557487e+01,  2.14726315e+01, -9.40585041e+00, -5.45829678e+00,
       -6.52702713e+00,  1.70649414e+01,  2.59215088e+01,  1.06390791e+01,
       -1.08862944e+01,  2.38427429e+01,  1.18471355e+01, -2.27033043e+01,
       -3.65202308e+00, -7.79389334e+00, -1.29495716e+01, -2.42109718e+01,
       -1.67938864e+00,  2.55988503e+01, -2.18672752e+01, -1.85669250e+01,
       -1.22841654e+01,  1.94889812e+01, -1.91482658e+01, -5.52900982e+00,
       -1.77867203e+01,  2.25044403e+01,  2.36545525e+01,  1.01661527e+00],
      dtype=float32), 'decoder.fc.2.weight': array([[-2.8168383 ,  1.5829791 , -4.1099844 , ...,  3.229114  ,
        -3.473343  ,  2.844759  ],
       [ 2.6736708 , -0.26133257, -1.4579908 , ..., -0.67855966,
         2.9121873 ,  1.616154  ],
       [ 2.2199266 , -4.0103984 , -0.0466571 , ...,  3.2541919 ,
         2.123641  ,  0.578223  ],
       ...,
       [ 2.2752798 , -2.8949287 , -2.0420024 , ...,  2.7211275 ,
        -3.8058248 ,  0.4548044 ],
       [ 1.4025315 , -0.7413086 , -2.3844414 , ..., -1.9362233 ,
         2.73815   ,  1.4113183 ],
       [-0.7150909 ,  0.7680179 ,  0.11269654, ..., -1.0248935 ,
        -0.4555266 , -0.5936721 ]], dtype=float32), 'decoder.fc.2.bias': array([ 2.0161676,  3.3595526,  1.6958783, ..., -1.8825624, -2.821549 ,
       -2.814152 ], dtype=float32), 'decoder.fc.4.weight': array([[-1.6349347 ,  1.495806  ,  0.22771937, ..., -0.7421638 ,
         0.9740275 , -0.37388435],
       [-1.2643034 , -1.0612118 , -0.31107503, ..., -0.9092524 ,
        -1.3618873 , -1.2015113 ],
       [ 0.1588985 ,  0.45356625, -1.2160306 , ..., -0.5226354 ,
         0.6547364 , -1.4555207 ],
       ...,
       [-0.7116549 , -0.36501428,  1.5858495 , ..., -0.12197997,
        -0.7492535 , -1.8063698 ],
       [ 0.7545739 ,  1.0866412 ,  2.13972   , ..., -0.08149359,
        -1.1291547 ,  0.74599284],
       [-1.4008224 , -0.1109    ,  1.3367214 , ...,  0.09941465,
         1.4852622 , -0.7376014 ]], dtype=float32), 'decoder.fc.4.bias': array([-0.6396632 , -1.6480994 , -2.2640924 , -1.1650347 ,  0.6966751 ,
        0.9798072 , -0.8260866 ,  0.05663768,  0.2426643 ,  1.0851226 ,
       -0.7108834 ,  0.16916111,  0.58257157, -0.97913593,  1.0766665 ,
       -0.55033296, -1.3570948 , -1.4515364 , -0.04488938,  0.9461984 ,
        0.8655046 , -0.62270445,  0.47432512,  0.03925805, -0.02754664,
       -0.42888117,  0.32419008, -1.1431149 ,  1.0082693 , -1.4605705 ,
       -1.6195261 ,  1.5600429 ,  1.0354017 , -1.2415717 ,  0.87955403,
        1.0776811 , -1.7529259 ,  0.85673153,  0.29750204, -0.8587395 ,
       -0.14430289, -2.1843257 , -1.9487586 , -1.2765996 ,  1.553412  ,
       -0.28374267, -1.5469298 ,  0.71026886, -0.8185407 , -1.2783062 ,
       -1.8627596 ,  0.32549423,  0.28973   , -2.1388373 , -1.6885504 ,
        0.6117586 ,  1.1671294 , -1.8207217 , -1.6685919 ,  0.15730862,
       -0.57778615,  0.21360627,  0.779436  ,  1.4740946 , -0.5270152 ,
        0.33255717,  0.3935228 , -1.2313149 ,  0.45629388, -2.0806212 ,
       -1.6608152 , -0.28510565,  0.04308524,  0.983559  , -0.35784283,
       -1.0424132 ,  1.7498214 ,  1.2695892 , -1.299636  , -0.47451597,
        1.8056927 , -1.5904429 , -2.0557396 ,  0.564752  ,  1.6937752 ,
       -1.8309081 , -1.1642165 , -1.17746   , -1.9989738 , -1.2117219 ,
       -1.8654199 ,  0.49545777,  1.6154401 ,  1.3960831 , -2.055754  ,
       -1.6545596 , -0.76741755,  0.42956614,  0.0619313 , -1.5082037 ,
        1.6538703 , -0.63885736,  1.6212206 , -1.7528925 ,  0.5430597 ,
        1.6854297 , -0.26506215,  1.3532076 , -0.59614325,  1.7190096 ,
        0.19949839, -0.48246667,  0.83059335,  0.4252511 , -0.07058558,
        1.3083806 ,  0.3191964 , -1.1720916 , -0.06374299,  1.4894166 ,
       -1.0222942 ,  0.59924364, -0.6643064 ,  0.37857497, -0.17644358,
        0.00885516, -2.7418408 ,  1.2002399 , -1.1910249 ,  1.5323095 ,
        0.8585531 ,  0.5714004 , -0.610168  , -0.26954484, -0.9228394 ,
       -1.2485284 , -1.6073246 , -0.60173965,  0.7697594 ,  1.5425752 ,
       -0.60198486,  0.99203235,  0.61260086,  0.5315205 ,  0.7798778 ,
       -1.3477789 , -1.288963  ,  0.34836984, -1.0601552 ,  1.3923576 ,
       -0.51032114,  0.25379682,  1.0037018 ,  0.34133536, -0.17167553,
       -0.7449752 , -1.5700322 , -1.1064157 ,  0.7044339 , -0.32320446,
       -0.47698727, -1.0395194 , -1.6976681 , -1.4910333 , -0.34999743,
        1.0917568 ,  0.45884126, -1.30458   , -0.32563892, -1.4958535 ,
       -0.48959512, -1.8304787 , -1.0063919 , -0.67419106, -1.6996013 ,
        0.4699446 , -1.8261034 , -1.480204  ,  1.6629684 ,  1.4375362 ,
       -0.05455842, -1.6531835 ,  0.31974038, -1.8087997 , -1.8108199 ,
        0.9926653 , -0.38793215,  0.21985099,  0.7710273 ,  1.0522027 ,
       -1.5334558 ,  0.8403799 ,  1.1096644 , -1.6819715 , -2.409531  ,
        0.3467024 ,  1.2657485 , -0.14074573,  1.5223079 , -0.8248492 ,
        0.2707494 , -1.6363764 , -1.7240375 , -0.2811438 ,  1.7327112 ,
       -0.8808734 ,  1.0539583 , -1.3992698 ,  1.1921756 , -1.0164827 ,
       -1.1304834 ,  0.63386565,  0.04362676,  1.4824691 ,  1.4640793 ,
        0.79054135,  0.91740525, -0.601962  ,  0.54311335, -0.04995034,
       -1.2274439 ,  1.3353288 , -0.5973786 ,  1.0484449 , -1.7188547 ,
       -0.250081  , -0.12085822, -1.7044439 ,  1.8715527 ,  0.6740072 ,
       -0.2761553 , -1.1253034 , -2.0568585 , -1.6097479 , -1.5941399 ,
       -0.11940519, -0.5949187 , -0.9708627 , -0.12361348,  1.2069707 ,
        0.8598026 ,  0.12495452,  1.1403127 , -0.45139247, -2.2568586 ,
        1.0789559 , -0.42636943, -1.0747315 ,  0.04568676,  0.4219562 ,
       -0.35160968,  1.4766246 ,  0.3808645 ,  0.66113615,  1.8727401 ,
       -0.11622441, -1.7991614 , -1.2788312 ,  0.794693  , -1.4728733 ,
       -1.2898589 ,  0.5063446 ,  0.78986955, -0.05852424, -1.7232201 ,
       -0.3227839 , -1.9677718 , -0.31630743, -0.94566536, -1.4794233 ,
       -1.3351972 ,  0.4737931 , -0.7196228 ,  1.2286326 ,  0.65948784,
        1.0704223 , -0.79163164,  0.9093987 , -1.2827828 , -1.495583  ,
       -0.43848115,  0.47069418, -1.4401804 , -1.9012394 ,  0.9693831 ,
        0.43029153, -0.76132405,  0.3443365 , -1.5396945 , -1.3972856 ,
       -0.8980933 ,  0.08003854,  1.105609  ,  0.5156238 , -1.0347842 ,
       -0.5701834 , -0.37458923,  0.73577416,  1.7156847 ,  1.318584  ,
        0.49791795, -1.0773671 ,  1.4497528 ,  0.91364926,  1.7850635 ,
        1.3086004 , -1.5100911 ,  1.1465687 , -0.9432037 ,  0.63455415,
       -1.713084  ,  1.2551143 ,  0.11221088,  0.9045528 ,  1.7209462 ,
       -0.95872474, -1.7329932 ,  0.06789176,  1.481699  ,  1.0177841 ,
       -0.92351806,  0.59956926, -0.20609337, -1.78704   , -1.1795082 ,
        0.5185794 ,  0.0697266 , -1.080665  , -1.0355307 ,  0.58211   ,
       -0.9541625 ,  0.47786134, -1.4651141 ,  1.3664136 ,  0.22574574,
       -1.1573651 , -1.8388094 ,  0.4434396 , -1.9875578 , -2.017285  ,
       -0.42235428, -0.5148361 ,  0.90400326, -0.5814271 , -0.1121059 ,
        0.7502848 ,  1.4171433 , -0.4496541 , -1.8576514 ,  1.705812  ,
       -1.365863  , -2.0609965 , -1.8335223 , -2.049161  , -1.9314182 ,
        0.08558263, -0.7653595 , -0.70235044, -1.2856473 , -0.38402504,
        1.4517379 ,  0.7657648 ,  1.1128981 , -0.70188624, -0.488982  ,
        1.4110298 , -2.1682227 , -1.7840579 ,  0.5824425 , -0.6547072 ,
        0.6502143 ,  1.3004755 , -0.13081099, -1.4656556 , -1.8623917 ,
       -0.07800526,  1.7093421 , -1.2260125 , -1.2730453 , -1.641856  ,
       -0.5223404 , -1.3339772 , -0.15573718, -0.26491997,  0.8093678 ,
       -1.8779163 , -0.18564129, -1.6052152 ,  1.6751857 ,  0.05550227,
       -1.7835951 ,  1.2796166 , -0.84414387,  1.1963744 ,  0.863159  ,
       -1.9102893 ,  0.5560264 ,  0.85836154,  1.4719903 , -0.07206504,
       -0.16906935, -0.5427754 ,  1.7240944 ,  1.618757  , -1.3786575 ,
        0.86967254,  1.4357536 , -0.4992985 ,  0.37346768, -2.0039937 ,
        1.451804  , -1.8093174 ,  1.3594844 ,  0.5097391 ,  0.93732166,
       -0.02248084, -1.2862833 , -1.831182  , -0.46661156, -0.33435667,
       -0.96152353, -1.0070759 ,  0.1982408 ,  0.3123402 , -0.90536916,
        0.58407354,  0.07514822,  1.0541934 ,  1.5043914 ,  0.18850887,
       -1.1690615 ,  0.5951804 ,  0.4054031 , -0.85064596,  1.6785712 ,
       -0.6916535 , -1.7895688 ,  1.7557511 , -0.86757916,  0.05450717,
       -0.39291668, -1.1731801 , -1.7254097 ,  1.9513146 , -0.45988458,
       -0.8427753 , -2.0464084 ,  0.38289204,  1.1899575 ,  1.4069077 ,
        0.00321935,  1.6451075 ,  0.99415845, -1.2844598 , -1.7932966 ,
       -1.8203279 ,  0.02779098, -0.06875098, -1.2296493 ,  0.32400027,
        0.33317354,  0.43663985, -1.820071  , -1.5858159 , -0.36188862,
       -1.4521494 , -0.479414  , -0.22227272,  0.24293055,  1.381289  ,
        1.4808034 , -1.6450431 ,  1.5189238 , -0.7766229 ,  1.5403337 ,
       -0.50664127,  0.5756036 , -0.5953656 , -0.6559024 , -0.30899072,
       -1.0200229 , -0.9713077 , -0.6193236 , -1.7363899 ,  1.7324798 ,
       -1.1329823 , -1.2843785 , -1.2299263 , -0.6501154 , -2.008511  ,
        0.0988114 , -0.6638936 , -1.4070406 ,  0.78274864,  1.0822182 ,
       -1.659779  , -1.6226361 , -0.5748962 , -0.06472685, -1.7614391 ],
      dtype=float32), 'decoder.fc.6.weight': array([[ 1.1137922 , -1.2043468 ,  1.0541965 , ..., -3.232825  ,
         2.69518   , -1.0897148 ],
       [-0.09948704, -0.5464634 ,  0.9848319 , ..., -2.4922917 ,
         3.6469378 , -3.1312456 ],
       [ 2.9934652 , -3.4370399 ,  0.66333455, ...,  2.383966  ,
        -0.6295011 ,  2.7617896 ],
       ...,
       [ 2.5862336 , -1.920517  ,  2.596538  , ...,  2.1242225 ,
        -3.1127622 ,  1.0349317 ],
       [-2.4824965 ,  2.1317148 , -3.2627413 , ..., -1.9936624 ,
         1.2662    ,  4.419535  ],
       [-1.6918948 , -0.69326216, -1.2487545 , ..., -1.5040214 ,
        -3.4118626 ,  2.266654  ]], dtype=float32), 'decoder.fc.6.bias': array([0.23084004, 0.01557816, 3.15439   , ..., 3.1309552 , 1.6785033 ,
       3.422113  ], dtype=float32)}
[Time: 27.01.25 20:34:26] [Level: info] [State: aggregate] {'encoder.fc.0.weight': array([[-1.1846373e+00,  9.9552609e-03,  2.2008333e-01, ...,
        -5.3615618e-01,  9.0274990e-01, -4.6822995e-01],
       [ 5.8271617e-01,  4.6343082e-01,  1.4552227e-01, ...,
         2.2065143e-01, -6.9050390e-01, -5.8528924e-01],
       [-5.2093166e-01, -4.5240688e-01, -2.7396059e-01, ...,
         4.2945343e-01, -2.9738585e-02, -1.7358130e-01],
       ...,
       [-3.8940680e-01, -1.0378747e+00, -4.3160290e-01, ...,
        -5.8012223e-01,  1.0102750e+00, -6.9117105e-01],
       [ 6.5754890e-02,  9.6723855e-01,  2.3981509e-01, ...,
         6.0619330e-01, -2.5262570e-04, -5.3330016e-01],
       [ 3.0572456e-01, -1.5672685e-01, -9.9574429e-01, ...,
        -8.0196552e-02,  4.9118057e-01, -7.7805631e-02]], dtype=float32), 'encoder.fc.0.bias': array([-0.38764253, -1.253764  , -0.38271683, -0.5265754 ,  0.43777978,
        0.2965309 , -0.3659961 ,  0.11309266, -0.10321886, -0.18774621,
       -0.39478824,  0.36471575, -0.41862938, -0.7047851 , -0.5344864 ,
       -0.15712813, -1.1933795 , -0.7356203 ,  0.24424069, -0.16016921,
        0.25712627,  0.12516807, -1.1026194 , -0.43110743, -1.1642563 ,
       -0.2953545 , -0.5149058 , -0.7061397 , -0.71964854,  0.04227959,
       -0.41215557, -0.8893706 , -0.2754597 , -1.0954561 , -0.01731164,
        0.30081132,  0.04222351,  0.16772847, -0.33815628, -0.27300027,
       -0.85761535, -0.6182699 ,  0.28121102, -0.13486823, -1.2807567 ,
        0.10810196, -0.07938565, -0.40224153,  0.5028637 , -0.5020715 ,
        0.07729858, -0.26208782, -0.78924567, -0.65587443, -0.30211884,
       -0.69601727, -0.26183724, -0.47822493, -0.5907633 , -1.382607  ,
        0.12206675, -0.7149979 , -0.06307397, -0.92687696, -0.48312172,
       -0.90848875,  0.03417394, -0.9735476 , -0.7772913 ,  0.04897442,
       -0.3068639 , -0.1470848 , -1.1320376 ,  0.13978678, -0.5910796 ,
       -0.50666547,  0.21696971, -0.85571426, -1.1650171 , -0.59399116,
       -1.0131478 , -1.0734136 , -0.9362142 , -0.4370463 , -0.36721715,
       -1.0419905 , -0.25350153,  0.37623608, -0.26360506,  0.4608739 ,
       -1.0587063 ,  0.4540609 , -0.96812737, -0.68572664, -0.2983829 ,
       -0.38107675, -1.1254442 , -0.72593826,  0.03086502,  0.8974081 ,
        0.06960781, -0.6672021 , -0.3296405 , -1.1889126 ,  0.4539696 ,
       -0.6622665 , -0.5715567 , -0.673211  ,  0.5494917 , -0.36903957,
       -0.21321394, -0.72430885, -1.2666898 , -0.7453702 , -0.13879111,
        0.4256499 ,  0.9845426 , -0.76890785, -0.23035786, -0.15039243,
       -1.0038307 ,  0.3074141 , -0.8503572 , -1.3634024 ,  0.3589077 ,
       -1.0296019 , -1.0531518 , -0.07077798,  0.01309771, -0.4665938 ,
       -0.10985418, -0.70889866, -0.5186255 , -1.5559492 , -1.2389678 ,
        0.57764184, -0.51559526, -1.2382109 , -1.0249609 ,  0.1370808 ,
       -0.40681565, -0.3745495 , -0.82161254,  0.04779933,  0.28324634,
       -0.604275  , -0.9262032 , -1.0271215 , -0.78689337, -1.4050033 ,
       -0.01695576, -0.39772934,  0.61108387, -0.43446118, -0.37503362,
       -0.30547482, -0.5564843 , -1.0871605 , -0.21634391, -0.46053573,
        0.13354725,  0.07785069,  0.2701137 , -0.25555736, -0.495736  ,
       -1.2453632 , -1.0022244 , -0.81806153, -1.2199464 , -1.1382773 ,
       -0.6112029 , -0.10163224,  0.07487069, -0.40930098, -0.87069607,
       -0.70086956,  0.08721973, -0.42188123, -0.6478579 , -0.40088463,
       -1.2103014 ,  0.02435077,  0.79241323, -0.05532681, -0.06144146,
       -0.03291163, -0.03094338,  0.08101969,  0.2894833 , -0.8664873 ,
        0.00991498, -0.03163977,  0.3811233 ,  0.33064944,  0.10759038,
       -0.9930518 , -0.29135996,  0.32347295, -0.5659916 , -0.1589992 ,
        0.11816137, -1.440707  , -0.6724926 ,  0.01366977,  0.15164739,
       -1.3495241 , -0.89360327, -0.26918134, -1.0267652 ,  0.40583628,
       -0.37150645, -0.05613607, -0.28224874,  0.12698743, -0.16307086,
       -0.7894038 , -0.59658897,  0.3838594 ,  0.17341025, -0.7736753 ,
       -0.85955447,  0.16547678, -1.3282577 , -0.7796678 , -0.39702857,
       -0.95122075,  0.36052045,  0.01409526, -1.4141734 , -0.527976  ,
       -0.09958327,  0.38314867,  0.06951846, -0.77228284, -0.62902284,
        0.03777753, -0.85138345,  0.02920337, -0.88997483, -0.6657779 ,
       -0.15406387, -0.13193767, -0.85961264, -0.08801964, -0.75987506,
       -1.0020721 , -0.8985945 , -0.5887708 , -0.264069  , -0.5910121 ,
       -0.09042925, -0.6890607 , -0.71912307, -0.9489163 , -0.05078043,
        0.19389172, -1.3209414 , -0.27106047, -1.0223098 , -0.47327235,
       -0.43885675, -0.5948206 ,  0.6079576 , -0.7272474 , -0.12415356,
       -0.8407562 , -0.22019559, -1.1980155 ,  0.16906877, -1.0689958 ,
       -1.4052114 , -1.0691928 , -0.27108246, -0.75670415,  0.38259268,
       -1.1367633 , -0.7060808 ,  0.42537513, -0.15395162, -1.1657084 ,
       -0.5773063 , -0.8730462 ,  0.28995582, -0.52948785, -0.00296882,
       -0.8727563 , -0.7176618 , -0.0348702 , -0.10479929, -0.35579592,
       -1.1331174 , -0.65641576, -0.83407015, -1.007425  ,  0.36840114,
       -0.46049142,  0.13316897, -0.33878976, -0.55445564, -1.2414403 ,
       -0.8130537 , -0.50232375, -1.055999  ,  0.11640321, -0.3944125 ,
       -0.34944963, -0.590171  , -0.19782457,  0.3692069 ,  0.02329059,
        0.28647596,  0.8163693 , -0.18624717,  0.4681791 ,  0.4001246 ,
       -0.9247032 , -1.3279954 , -0.87722254, -0.02307863, -0.12180774,
       -1.3651161 , -0.7398062 ,  0.01778937, -1.1299253 , -0.48385584,
       -0.2156021 , -0.94040704, -0.3529169 , -0.01166693, -0.03615522,
       -0.32295895,  0.48540723, -0.02650476, -0.17026027, -0.9376571 ,
       -0.04678859, -0.25305194, -1.240122  ,  0.02904024, -0.41382748,
       -0.72439337, -0.5301167 , -0.38409257, -0.21860532,  0.31839523,
       -0.00232899, -1.1185997 ,  0.11262916,  0.16169377, -0.42955357,
       -0.8080356 , -0.11207972, -0.09243492, -0.08328293, -0.36641622,
       -1.3671587 ,  0.03111022, -0.5060868 , -0.3863542 , -0.56144404,
        0.25502557, -1.2515023 , -0.8334607 , -1.0407006 , -1.345282  ,
       -0.7300412 , -0.34398687,  0.11877794, -0.2599037 , -1.1994671 ,
       -0.98251164,  0.42887002, -0.04353163, -0.2662834 , -1.1166477 ,
        0.00429281, -0.33342266, -0.2514997 , -0.31658188, -0.40543163,
       -0.6750694 ,  0.33299434, -0.903504  ,  0.3045191 , -0.3123924 ,
       -0.6474986 , -1.1348597 ,  0.46429628, -0.38501662, -0.94983625,
       -0.3069706 , -0.61594015, -1.015913  , -0.5377674 , -0.29819405,
       -0.9561875 , -1.0677578 ,  0.02774758, -0.6297509 ,  0.08331337,
       -0.940382  , -0.94406295, -0.6035271 , -0.72159076, -1.4000645 ,
       -0.37934908, -0.628986  , -0.03566953, -0.43081284, -1.2291503 ,
       -0.45591488,  0.52520525, -0.7964943 ,  0.04778529, -0.8518368 ,
       -1.2771991 , -0.81035376, -1.1029352 , -0.21090952,  0.18362002,
       -0.20900084, -0.26806396, -0.620708  , -0.4286183 , -0.58285165,
        0.26264971, -0.24494958,  0.05350532,  0.1402891 , -0.51006323,
       -0.8241425 ,  0.05110383, -0.22289325, -0.33529443, -0.82142377,
       -0.09323721, -0.0689137 , -0.80666065,  0.34436774, -0.27572167,
       -0.85352385, -0.49789536, -0.8567129 , -0.3769322 , -0.52474886,
       -0.16147393, -0.50952995,  0.19099173, -1.1840217 ,  0.34785807,
        0.15178111, -0.00904966, -1.5292121 , -0.8567723 ,  0.18783356,
       -1.0183374 , -0.87378895, -1.1969767 , -0.84143484, -0.9812978 ,
       -0.9648218 , -0.36910126, -0.08950316, -0.15339942, -0.07247719,
        0.36041617,  0.04993049, -0.40056908,  0.31254378, -1.1503987 ,
       -0.14546575, -0.5162746 , -0.57484484, -0.86814594, -1.1506305 ,
       -0.02466006, -0.559927  , -0.6997478 , -0.31931016, -0.24368814,
        0.28915328, -0.08357817, -0.90045196, -0.94182813,  0.07975172,
       -1.0514102 , -0.95114297, -0.7913184 , -0.19155103,  0.32591832,
       -1.0333215 , -1.0773067 , -1.2480901 , -0.21910071, -0.48931423,
       -0.73307425, -0.06139121,  1.1191775 , -0.47019708,  0.08234462],
      dtype=float32), 'encoder.fc.2.weight': array([[-1.4809906 ,  1.0487654 , -3.1998203 , ..., -0.5444853 ,
        -2.3253245 ,  3.0839906 ],
       [ 0.8237926 , -0.26032677,  0.16164365, ...,  0.61150116,
        -3.862358  ,  1.0131247 ],
       [-2.4220867 , -2.7556233 , -1.9924309 , ..., -1.1779171 ,
        -1.2850592 , -1.3885232 ],
       ...,
       [-1.3385351 , -2.1273327 , -0.9847356 , ...,  0.5206347 ,
         1.4168053 , -0.01644112],
       [-1.2610879 ,  2.2129874 , -0.21567026, ..., -2.1456137 ,
         0.84685516, -2.2354648 ],
       [-3.0795088 ,  3.2056153 , -2.0553648 , ...,  0.55931854,
        -1.704772  ,  2.4717422 ]], dtype=float32), 'encoder.fc.2.bias': array([-3.5698829 ,  0.44964415, -0.4645322 , ...,  2.997272  ,
        1.4801152 ,  1.2080802 ], dtype=float32), 'encoder.fc.4.weight': array([[-0.2671409 , -2.1690178 , -0.33292925, ..., -1.2700624 ,
        -0.8557191 , -1.9581395 ],
       [ 0.3516193 , -0.84663   , -0.68786734, ...,  0.06358126,
         1.173692  ,  0.3509154 ],
       [ 0.7116543 , -1.2807841 , -1.3361948 , ..., -0.31177205,
         0.84563917, -1.3928561 ],
       ...,
       [-1.9612917 ,  0.43954718,  1.2259047 , ..., -0.6965766 ,
        -0.5199179 , -0.22510907],
       [-1.0637686 ,  0.31069183,  0.09843026, ...,  1.3994255 ,
         1.0118401 ,  0.10959344],
       [-2.198821  , -0.3740632 ,  0.04253262, ..., -1.5098617 ,
         0.8835578 , -0.66350293]], dtype=float32), 'encoder.fc.4.bias': array([-1.66212678e+00, -7.35198975e-01, -2.47230411e-01, -1.66194630e+00,
       -1.32907557e+00, -1.97101843e+00,  1.51598707e-01, -7.50793755e-01,
       -1.33453739e+00, -3.95393610e-01,  6.22427821e-01,  5.13571560e-01,
       -1.58597767e+00, -1.69209671e+00,  2.72840172e-01,  1.33243874e-01,
       -1.83010805e+00, -8.30577537e-02, -7.90249705e-01,  1.07379770e+00,
       -1.45283771e+00, -1.52383304e+00, -1.56947386e+00, -7.44192958e-01,
        7.18769193e-01, -1.72385290e-01,  4.25160259e-01,  1.28669000e+00,
       -3.32443267e-01, -2.95432210e-02,  8.71751666e-01, -3.27813447e-01,
        6.70661151e-01, -6.34923339e-01, -9.67004180e-01, -1.37900412e+00,
        3.05118203e-01,  8.44441831e-01,  4.14285421e-01,  1.11181712e+00,
        8.89232934e-01,  9.74295795e-01,  1.10263181e+00,  1.38924181e-01,
        1.03879547e+00,  1.35461807e-01, -1.45122969e+00,  1.69661772e+00,
        5.27846694e-01, -1.37978458e+00,  1.53787374e+00, -1.12703550e+00,
        2.59554595e-01,  1.23550840e-01, -1.59870696e+00, -8.73501480e-01,
        9.05356765e-01,  1.56226540e+00, -1.12139069e-01,  1.46892166e+00,
        1.30489111e+00,  7.57616982e-02,  3.59980285e-01,  7.18244195e-01,
       -1.01531470e+00, -3.78796846e-01,  1.01448685e-01, -6.87748969e-01,
       -6.44882210e-03,  1.07484055e+00,  1.17077398e+00, -2.10285997e+00,
        9.33502391e-02,  1.30127907e+00, -7.98115849e-01,  3.91332418e-01,
       -1.49095035e+00, -1.51070086e-02, -1.31323099e+00,  9.62284803e-01,
        1.14070046e+00,  8.06463838e-01, -2.28553578e-01, -1.33383012e+00,
       -1.79330373e+00,  5.72767019e-01, -2.61795133e-01, -1.83302093e+00,
       -1.88906908e+00,  6.60191178e-01, -1.40519524e+00,  6.36805594e-02,
       -1.66355109e+00, -4.38898891e-01,  8.04777145e-01, -6.01658106e-01,
        6.58357859e-01, -2.13090634e+00,  1.52511728e+00, -1.06019115e+00,
        8.85399878e-01,  1.34713936e+00,  8.47862363e-01, -1.46127909e-01,
       -4.49252844e-01,  7.99978137e-01, -8.39566946e-01, -8.15433621e-01,
       -1.49667883e+00,  1.56581855e+00,  2.06485033e-01,  7.66792774e-01,
        4.71312582e-01, -1.53553104e+00,  3.13560009e-01, -1.03570938e+00,
        1.08128384e-01, -2.53488243e-01,  1.36617303e+00, -8.76169950e-02,
       -1.93404257e+00, -4.02948976e-01, -1.71479237e+00, -6.78136587e-01,
       -1.73625946e+00,  2.99596369e-01, -2.55755544e-01, -9.86310840e-01,
        1.11648762e+00,  5.10889530e-01, -7.10348606e-01,  1.82465696e+00,
       -9.05937016e-01, -1.80215299e+00,  1.30379963e+00,  3.15360092e-02,
        8.84477913e-01,  1.49406701e-01, -1.66317701e+00,  4.20860648e-01,
       -2.18156147e+00, -1.64360261e+00, -1.42455244e+00, -4.03203845e-01,
        3.78153443e-01,  5.72432637e-01,  1.20182645e+00,  1.55383396e+00,
        6.32557452e-01, -3.26450735e-01, -1.13236618e+00,  5.24846554e-01,
        1.24770355e+00,  2.69718409e-01, -1.88343525e-02, -1.42118740e+00,
       -6.33881569e-01,  1.27472401e+00,  2.42011100e-01, -2.38572389e-01,
       -1.15804344e-01, -1.83062088e+00,  1.13578939e+00, -6.61429763e-01,
       -5.94924688e-01, -1.26781297e+00,  1.32119691e+00, -2.13541079e+00,
       -8.25267553e-01,  8.32282901e-01,  1.39334488e+00,  1.90315187e-01,
       -2.00700831e+00,  1.08694947e+00,  1.08371520e+00, -9.53780785e-02,
        4.76111352e-01,  5.76843262e-01, -1.43445790e+00,  5.61986566e-02,
       -1.61778724e+00, -1.10222018e+00, -1.45194840e+00,  9.97827888e-01,
        1.10659170e+00,  9.39655781e-01, -9.07004952e-01,  1.27418232e+00,
       -1.35037279e+00,  9.42280173e-01, -8.78257275e-01, -9.67130363e-01,
       -1.97406203e-01,  1.37163386e-01, -1.17159367e+00,  4.69207644e-01,
        4.73109901e-01,  5.96457243e-01,  1.71434149e-01, -8.98950100e-01,
       -1.73108232e+00, -1.87526777e-01, -1.00093198e+00, -1.90176702e+00,
        1.01871848e+00,  1.36868811e+00, -1.42430627e+00, -6.04654551e-01,
       -7.08860397e-01,  8.20157006e-02,  1.24427700e+00,  9.75377679e-01,
        1.05482578e+00,  9.82627273e-01,  1.55925858e+00,  1.52837193e+00,
       -1.77332568e+00, -2.07077479e+00, -5.05602241e-01, -1.85797668e+00,
       -6.74080372e-01,  1.14804840e+00, -3.61027420e-01, -1.38133109e+00,
        1.37369430e+00,  9.43851948e-01,  1.32516539e+00, -2.70250022e-01,
       -1.68689525e+00,  1.74922757e-02, -8.95562172e-01,  9.81360912e-01,
        7.95109510e-01,  5.44242740e-01,  1.15180099e+00,  2.41749346e-01,
       -6.75654531e-01, -1.12591088e+00,  5.01031756e-01,  2.67173290e-01,
       -1.43360972e-01,  1.35474515e+00,  6.61383092e-01, -7.06762254e-01,
       -2.13436174e+00,  4.58538383e-01,  6.55122995e-01,  1.20935035e+00,
        5.33407450e-01,  8.02165031e-01, -3.46774727e-01,  4.57774043e-01,
       -1.85028183e+00,  1.41119564e+00,  2.53590643e-01, -1.69352865e+00,
       -1.12047553e+00,  1.03788950e-01, -2.06425595e+00, -1.49979901e+00,
        4.99977410e-01,  4.05581832e-01, -4.60055709e-01, -1.65357089e+00,
       -4.53923374e-01, -1.00692973e-01, -6.67827606e-01, -1.36379576e+00,
       -6.51914954e-01,  1.49862719e+00, -2.92106807e-01,  6.13032877e-01,
       -7.05290556e-01,  8.55909348e-01,  1.02364647e+00, -1.01652575e+00,
       -1.33519030e+00, -1.52617013e+00, -9.48378146e-01,  1.08495131e-01,
        9.50489223e-01, -2.72228956e-01, -1.79409242e+00, -1.71045399e+00,
       -1.97587109e+00, -1.83241510e+00, -8.80654454e-01, -1.88208711e+00,
       -7.83609688e-01, -6.92369103e-01,  9.50315714e-01, -2.58048058e-01,
       -9.59600568e-01,  3.83114233e-03, -1.40128362e+00,  8.18666816e-02,
        1.10964990e+00,  1.44432259e+00,  1.16440272e+00,  1.06308401e+00,
        1.97283477e-01, -1.19623637e+00, -8.23641479e-01, -1.58146070e-03,
       -1.32855713e+00, -1.89045274e+00, -5.38908124e-01, -1.09290588e+00,
       -2.10291076e+00,  2.24309966e-01,  7.88312674e-01,  1.45403683e-01,
        6.17939651e-01, -1.12293029e+00, -2.56659329e-01, -3.98276150e-02,
        1.14810109e+00, -1.27899909e+00, -2.19396639e+00,  1.13717556e+00,
        1.89331663e+00,  1.17223665e-01, -1.00145951e-01, -1.54158878e+00,
       -2.71499693e-01, -1.23375905e+00, -7.79241920e-01, -1.64884293e+00,
       -5.26779950e-01, -1.48606706e+00, -2.48623163e-01, -1.07138348e+00,
       -1.25909960e+00,  6.41718209e-01, -1.46632838e+00, -3.22162718e-01,
        5.44218838e-01, -1.43349862e+00, -1.53951037e+00,  1.21934116e+00,
       -1.32929265e-01,  2.48423368e-01, -2.10704470e+00,  2.27262318e-01,
        1.25013316e+00,  1.56729960e+00, -1.73273420e+00,  7.75445580e-01,
       -1.06121802e+00,  3.17122281e-01, -1.76985979e+00,  8.15329134e-01,
        1.10571802e-01, -2.05214095e+00, -1.42130315e+00,  6.24081910e-01,
        5.73637336e-02,  2.93203473e-01,  6.82427347e-01,  1.31632829e+00,
       -3.12975258e-01,  7.21122384e-01, -1.93350184e+00,  5.15598178e-01,
       -1.13469923e+00, -8.55156362e-01, -1.67181420e+00, -3.10824096e-01,
       -1.97264743e+00, -8.30939174e-01, -1.81805655e-01, -2.30835423e-01,
       -1.53002679e+00,  2.77386606e-02, -1.77234501e-01, -5.54929495e-01,
       -1.10401821e+00, -7.50998855e-01, -1.19929600e+00, -1.30216193e+00,
        1.67973483e+00,  1.23911428e+00, -1.02201521e-01, -3.71317089e-01,
        1.16141200e+00, -5.57846904e-01, -7.71192551e-01, -1.63782012e+00,
       -6.16793334e-01,  3.83711755e-02,  1.55546546e-01, -2.17383051e+00,
       -1.06572187e+00, -1.98035860e+00,  1.17322616e-01, -3.06811482e-01,
       -2.11726165e+00, -1.57913053e+00,  5.01342833e-01, -1.09453082e+00,
        8.83342445e-01, -1.39086735e+00,  1.03483446e-01, -1.14902425e+00,
        6.69978000e-03,  1.43791151e+00,  9.11795944e-02, -7.67521024e-01,
       -3.78349304e-01, -1.50738430e+00,  4.55620646e-01, -1.85119331e-01,
       -2.70199686e-01,  1.22437453e+00, -8.23086083e-01, -6.85912132e-01,
       -1.31012702e+00, -8.79679099e-02, -1.77795875e+00, -6.67877018e-01,
       -3.12893987e-01,  1.47742283e+00, -2.07033062e+00, -3.77346486e-01,
       -1.39941812e+00, -5.72143316e-01, -8.11854750e-02, -1.01098812e+00,
       -1.01943874e+00, -9.16878998e-01, -3.71713758e-01, -1.48389566e+00,
        8.41834724e-01, -3.19143236e-01,  1.29193759e+00, -5.41947961e-01,
       -1.92265248e+00,  1.32538223e+00, -3.57085377e-01, -1.39257360e+00,
       -1.45568275e+00, -6.06656253e-01,  1.40849009e-01, -5.83366871e-01,
        5.82797587e-01, -1.06708741e+00, -5.19681722e-02, -6.56253397e-01,
       -2.81237394e-01, -1.76630867e+00, -1.64367592e+00, -4.41070586e-01,
        6.04979873e-01, -3.01253974e-01,  1.44625056e+00, -2.13347530e+00,
       -1.89910591e+00,  4.65892628e-02,  2.29573876e-01, -6.92706108e-01,
       -1.51102662e+00, -2.12021375e+00, -1.67306042e+00,  6.41200542e-01,
        2.27187037e-01,  1.58835828e-01, -9.71610665e-01, -6.32881999e-01,
        1.73463225e+00, -1.63476241e+00, -1.89619446e+00, -1.25530791e+00,
       -1.07465279e+00,  7.02075958e-01,  1.35090590e+00, -1.16181970e+00,
       -3.25984985e-01, -1.58911705e+00,  1.47636175e+00, -1.12837207e+00,
       -4.37046707e-01, -3.00481886e-01,  1.26572347e+00, -6.04408622e-01,
        8.42535496e-01, -1.30425119e+00,  1.83459073e-02, -9.62093234e-01,
       -1.00209725e+00, -1.09299994e+00, -1.52946067e+00, -1.92155075e+00,
       -1.93617698e-02,  6.11116946e-01, -1.22072923e+00, -3.40780675e-01,
       -1.55483794e+00,  2.97213495e-01,  4.16632481e-02,  1.10859084e+00],
      dtype=float32), 'encoder.fc.6.weight': array([[-2.4449053 , -1.8694879 ,  0.38226745, ..., -1.2705499 ,
        -0.9258029 , -2.7322521 ],
       [ 2.9356816 ,  2.9781656 ,  3.2535503 , ...,  2.6605563 ,
        -3.2347262 ,  1.9376895 ],
       [-1.1132525 , -1.7089409 , -2.0380404 , ..., -0.05809774,
         2.19162   , -3.252752  ],
       ...,
       [ 1.2910584 , -3.1536431 ,  1.4298831 , ..., -2.448497  ,
         1.3191311 ,  2.9566689 ],
       [ 2.1359975 , -1.4078829 ,  0.16843726, ...,  0.16598071,
        -0.09176689,  2.9282236 ],
       [-2.0411325 ,  1.7835714 ,  2.1904414 , ...,  1.2696837 ,
        -2.0358741 ,  2.3873768 ]], dtype=float32), 'encoder.fc.6.bias': array([ 1.776434  , -0.60771513, -2.0319598 ,  0.4752209 , -1.4383076 ,
       -2.5917406 ,  1.8821671 ,  2.176315  ,  0.9121881 , -2.4198394 ],
      dtype=float32), 'decoder.fc.0.weight': array([[ -8.058224  ,  19.244156  ,  19.40804   , ...,   7.6076803 ,
         -2.5392656 ,   5.8317695 ],
       [-14.208181  ,  12.156373  ,  -6.5130773 , ..., -16.18583   ,
         -6.41453   , -23.78878   ],
       [-20.65226   ,  -8.266944  ,   1.6263349 , ..., -11.628823  ,
         -7.925881  , -18.808966  ],
       ...,
       [-26.081514  ,   1.2048904 ,  -9.002673  , ...,  19.473791  ,
          4.5275826 ,  -0.27088672],
       [ 14.374283  , -14.466848  ,  16.439665  , ...,   5.0853577 ,
        -23.146362  , -11.632723  ],
       [ 10.140344  ,   4.789879  , -23.593317  , ...,  14.204512  ,
        -18.332102  ,  -9.703577  ]], dtype=float32), 'decoder.fc.0.bias': array([-8.00078964e+00, -4.24043274e+00,  6.81963158e+00, -1.92734146e+01,
        7.53816986e+00,  2.11024857e+01,  2.27449608e+01,  4.64139271e+00,
       -2.07746201e+01,  7.22298145e+00, -1.80180693e+00, -2.10671463e+01,
       -5.72428465e+00,  5.97818995e+00, -1.61994624e+00,  2.87298703e+00,
       -6.02135134e+00,  3.68697435e-01,  1.53600044e+01, -5.65733242e+00,
       -1.16440010e+01,  9.05434418e+00,  2.46683025e+00, -1.05123806e+01,
        1.70007534e+01,  1.53991108e+01,  1.25597420e+01,  1.48016815e+01,
       -9.50711632e+00,  7.70431042e+00,  1.79438591e+01, -5.29677916e+00,
        1.81147118e+01, -2.16841202e+01,  1.67069950e+01, -8.69942665e+00,
        6.40743542e+00,  2.44998360e+01, -1.55264225e+01, -2.28958168e+01,
       -1.76310349e+01,  7.51391983e+00, -2.08649464e+01,  6.33194065e+00,
        2.57201385e+01, -8.20490956e-01, -6.03101254e+00,  1.74191628e+01,
        1.98835564e+01,  1.48963976e+00, -2.20636635e+01, -2.08825645e+01,
       -7.12270451e+00,  1.12255211e+01, -9.08017731e+00, -2.38323712e+00,
        2.12266121e+01,  2.45534687e+01, -1.67568779e+01, -8.47665405e+00,
       -1.20877132e+01,  2.19309282e+00, -6.54945564e+00,  1.31859713e+01,
        2.55909843e+01,  1.80382156e+01,  6.33659077e+00, -5.94351053e+00,
       -1.92736893e+01, -1.78894291e+01,  1.56341858e+01,  1.47976189e+01,
       -7.07020235e+00,  3.37670422e+00, -2.05480518e+01,  2.30899677e+01,
        1.44520578e+01,  2.40181313e+01,  1.77890360e-01, -8.60043907e+00,
        1.97739697e+00, -2.37100353e+01,  9.01564026e+00,  1.51719208e+01,
        1.84053841e+01, -1.20960674e+01,  2.35199604e+01, -1.32878380e+01,
        2.00678158e+01, -1.13084106e+01, -3.04265141e+00, -2.41873875e+01,
       -1.14271879e+00, -1.28533936e+01, -4.37871075e+00, -1.33777514e-01,
       -1.33849931e+00, -1.30460405e+01, -1.37979269e+01,  2.48543625e+01,
        1.87274132e+01, -1.89559860e+01, -1.43258324e+01, -2.42018147e+01,
        1.19326906e+01, -1.67281895e+01, -4.06352043e-01,  1.57435703e+00,
       -6.13176680e+00, -1.87854118e+01,  4.88630104e+00,  3.14611053e+00,
       -5.35864449e+00,  5.82163048e+00, -7.84134579e+00,  5.20904922e+00,
        2.70716238e+00,  1.53525238e+01,  9.08008194e+00,  1.09794474e+01,
        1.95737534e+01, -5.55428028e+00,  1.48233805e+01,  1.42830772e+01,
       -9.01686382e+00,  4.16289139e+00, -1.42473888e+00,  1.76416054e+01,
        2.08403826e+00, -5.13585043e+00, -9.20100784e+00, -2.06857796e+01,
       -3.99553347e+00,  1.32965956e+01, -2.40985851e+01, -2.16228485e+01,
       -1.11805983e+01, -1.05423021e+01, -2.47575836e+01, -1.14723396e+01,
       -4.77974463e+00,  8.55834198e+00, -1.01480999e+01,  1.39723301e+00,
        1.62109623e+01,  2.01980324e+01, -1.51252985e+01,  1.73931828e+01,
        2.27645302e+01, -6.56349373e+00, -1.82619724e+01,  2.18759270e+01,
        1.30562425e+00, -9.02139664e+00,  2.27759228e+01,  2.11519146e+01,
        2.42617989e+01, -1.85845051e+01,  1.34324560e+01, -2.11615944e+01,
        7.61756516e+00, -8.97696590e+00,  1.51264019e+01, -3.98178124e+00,
        1.46960392e+01, -8.26946068e+00,  1.44065228e+01,  8.83419323e+00,
        2.53055725e+01, -6.58808279e+00, -2.25277729e+01, -2.45876122e+01,
       -4.48825264e+00,  2.09203339e+01,  2.59275036e+01,  1.72555046e+01,
       -1.38486290e+01,  1.06436920e+01, -1.28136883e+01, -2.09321327e+01,
       -5.28984547e+00, -9.19615364e+00,  2.35894165e+01,  5.98447990e+00,
       -1.92616997e+01,  9.75053596e+00,  2.47340173e-01,  1.74347439e+01,
        1.82070408e+01,  5.86553383e+00, -1.86474686e+01,  3.73283195e+00,
        2.10391769e+01, -2.51771450e+01, -1.49744835e+01,  1.41638508e+01,
        1.20631618e+01,  4.48733664e+00,  7.65804768e+00,  1.96452560e+01,
        2.45485287e+01, -7.81509590e+00,  1.75559187e+00,  2.10635262e+01,
       -1.76195145e+01,  1.87714176e+01,  1.04367361e+01,  3.61240149e+00,
       -6.37593842e+00, -1.67942750e+00,  1.37402954e+01,  1.15284500e+01,
        6.16748619e+00, -1.35695839e+01, -5.82330108e-01, -2.32579231e+01,
       -1.69670982e+01,  8.68045235e+00,  2.72721434e+00,  1.88451576e+01,
        8.36046124e+00, -2.17366734e+01,  4.56634665e+00,  5.67880917e+00,
        8.38756752e+00, -1.78206787e+01,  2.57935600e+01, -1.29188700e+01,
        7.48031998e+00,  1.56848240e+01, -2.45882899e-01,  3.93458700e+00,
        8.72584581e-01,  1.23740511e+01,  1.83017159e+01,  4.73059940e+00,
        2.98543525e+00,  1.63254662e+01,  3.09936404e+00,  2.41814470e+00,
       -1.06539574e+01,  1.16034689e+01,  1.00512295e+01,  1.41155472e+01,
        1.67884045e+01,  1.34753170e+01, -1.21784630e+01,  7.13750648e+00,
        2.01736641e+01,  2.03793392e+01, -1.53044682e+01, -1.25035830e+01,
       -4.03066456e-01,  9.32597733e+00, -5.50736189e-01,  1.44487114e+01,
        1.08926277e+01, -2.33901920e+01, -3.59069765e-01,  1.63450794e+01,
       -2.07449865e+00, -1.38199997e+01, -2.46718178e+01, -1.42321444e+01,
        4.34788704e+00, -1.61896019e+01,  1.67604446e+01, -2.07912254e+01,
        8.82928467e+00,  2.35548162e+00, -2.28373632e-01,  1.65510941e+01,
       -2.91363907e+00, -2.23400536e+01,  6.85938931e+00, -2.17014275e+01,
       -2.20754075e+00,  2.41868782e+01, -1.33901367e+01,  9.45468712e+00,
       -2.14377632e+01, -1.62564640e+01,  1.53577423e+00,  8.53077507e+00,
       -1.62268138e+00, -1.85999537e+00, -1.02812653e+01, -1.81805840e+01,
        1.05207729e+01, -1.88049202e+01,  8.96834433e-01,  2.33128853e+01,
        1.60258865e+01,  1.98937531e+01, -1.56265812e+01,  1.33112535e+01,
       -1.07098370e+01, -1.62565231e+01,  1.49230156e+01,  2.30641441e+01,
        5.62038279e+00,  4.66022444e+00,  3.73523140e+00, -1.48611908e+01,
        2.20861835e+01, -5.72910118e+00,  2.31949258e+00,  1.79572334e+01,
       -1.04046883e-02,  5.39478970e+00,  4.01494503e+00, -1.07699499e+01,
        2.43316479e+01, -1.00839367e+01, -5.11810732e+00,  1.97526245e+01,
        1.28341675e+01, -1.20721712e+01,  1.20173187e+01, -1.56957779e+01,
        2.29635220e+01, -2.10681190e+01,  1.34650469e+01,  6.81475735e+00,
       -1.97079163e+01,  1.11461926e+01, -9.45001125e+00, -2.55135655e+00,
       -2.55280590e+01,  6.02724266e+00,  9.14256954e+00,  1.94578552e+01,
       -1.27779503e+01, -2.56868887e+00,  1.26843224e+01,  2.90810156e+00,
        1.94196739e+01, -2.05439510e+01,  2.25476913e+01,  2.31912994e+01,
        1.69696102e+01, -7.90985775e+00,  1.44726992e+01, -2.42598991e+01,
        1.71453590e+01,  4.09432411e+00, -4.33500767e+00,  6.97768784e+00,
       -6.02240753e+00, -9.80247879e+00, -8.87653542e+00, -7.31281376e+00,
        1.37978420e+01, -3.92542171e+00, -2.33374329e+01,  6.24217701e+00,
       -7.62400217e-03, -1.00345688e+01,  2.01510010e+01, -1.36671305e+01,
        1.39657421e+01, -1.73871346e+01, -1.25058489e+01,  1.77968178e+01,
       -7.25735140e+00,  1.98263264e+01, -1.23047552e+01, -1.49804640e+01,
        2.29158115e+01,  7.73896170e+00, -2.06890564e+01, -1.63091850e+01,
       -1.25878191e+00, -1.49130452e+00,  2.11615047e+01, -2.50503426e+01,
       -4.84940386e+00,  4.05328369e+00,  8.49808216e+00, -4.99245262e+00,
        2.64321953e-01, -1.87385368e+01,  1.83681355e+01,  9.32645512e+00,
        1.25812874e+01,  1.78502064e+01,  2.73905247e-01,  5.37468338e+00,
       -2.20561466e+01, -2.03212833e+00,  2.16692829e+00,  2.16639233e+01,
       -1.26417408e+01, -1.11192827e+01,  1.76942768e+01,  1.66053925e+01,
        1.96399536e+01, -1.37420998e+01, -2.50314388e+01,  2.19202461e+01,
       -2.57109394e+01, -6.76380157e+00,  1.09987240e+01,  3.37527037e+00,
       -1.03607273e+01, -2.21046429e+01, -2.23447285e+01, -1.79292336e+01,
       -1.59687626e+00,  1.44570866e+01, -2.40115051e+01, -2.26192684e+01,
       -1.54932365e-01,  2.20226383e+00, -7.57306623e+00, -1.10136747e+01,
        2.06382294e+01,  1.93495007e+01,  1.47455997e+01,  2.28485241e+01,
       -3.56263065e+00, -7.61689472e+00,  5.24931335e+00,  1.97339478e+01,
        4.12910938e-01,  9.91072655e+00, -1.59030132e+01,  7.60904503e+00,
       -1.60027084e+01, -7.88977981e-01,  2.47906265e+01, -1.24500847e+01,
        9.52610874e+00, -1.05876932e+01, -1.61574612e+01,  1.98388767e+01,
       -1.13964558e+01, -1.67140503e+01, -1.29205303e+01,  1.70263290e+01,
       -4.91318321e+00, -2.40029545e+01, -3.84769821e+00,  1.27512894e+01,
       -2.18057480e+01, -2.95780420e+00, -1.82300091e+01,  2.19647827e+01,
       -1.94114113e+01, -1.94624214e+01, -2.05514793e+01, -1.75689278e+01,
       -2.00988102e+01,  1.59438648e+01, -2.20914173e+00, -2.59912395e+00,
        1.97117348e+01, -1.04275074e+01, -1.84041862e+01,  8.21353149e+00,
       -1.13526630e+01, -6.37472820e+00, -2.04257507e+01, -1.98956490e+01,
        2.29672203e+01,  3.50411749e+00,  8.47530174e+00,  1.93259850e+01,
        1.17232342e+01, -2.25390091e+01,  2.02918053e+01, -2.36582947e+01,
       -1.42556801e+01,  2.14725666e+01, -9.40585041e+00, -5.45829678e+00,
       -6.52702713e+00,  1.70648766e+01,  2.59215088e+01,  1.06390104e+01,
       -1.08862257e+01,  2.38428078e+01,  1.18472042e+01, -2.27033691e+01,
       -3.65195060e+00, -7.79396486e+00, -1.29495716e+01, -2.42109718e+01,
       -1.67938864e+00,  2.55987854e+01, -2.18672104e+01, -1.85669250e+01,
       -1.22840967e+01,  1.94890461e+01, -1.91482658e+01, -5.52908134e+00,
       -1.77866554e+01,  2.25044403e+01,  2.36545525e+01,  1.01661527e+00],
      dtype=float32), 'decoder.fc.2.weight': array([[-2.8168383 ,  1.5829791 , -4.1099844 , ...,  3.229114  ,
        -3.473343  ,  2.844759  ],
       [ 2.6736708 , -0.26133284, -1.4579908 , ..., -0.67855966,
         2.9121873 ,  1.616154  ],
       [ 2.2199266 , -4.0103984 , -0.0466571 , ...,  3.2541919 ,
         2.123641  ,  0.578223  ],
       ...,
       [ 2.2752798 , -2.8949287 , -2.0420024 , ...,  2.7211275 ,
        -3.8058248 ,  0.4548044 ],
       [ 1.4025315 , -0.7413086 , -2.3844414 , ..., -1.9362233 ,
         2.73815   ,  1.4113183 ],
       [-0.7150909 ,  0.7680179 ,  0.11269654, ..., -1.0248935 ,
        -0.4555266 , -0.5936721 ]], dtype=float32), 'decoder.fc.2.bias': array([ 2.0160952,  3.3595526,  1.6958783, ..., -1.8825624, -2.821549 ,
       -2.8140795], dtype=float32), 'decoder.fc.4.weight': array([[-1.6349347 ,  1.495806  ,  0.22771937, ..., -0.7421638 ,
         0.9740275 , -0.37388435],
       [-1.2643034 , -1.0612118 , -0.31107503, ..., -0.9092524 ,
        -1.3618873 , -1.2015113 ],
       [ 0.1588985 ,  0.45356625, -1.2160306 , ..., -0.5226354 ,
         0.6547364 , -1.4555207 ],
       ...,
       [-0.7116549 , -0.36501428,  1.5858495 , ..., -0.12197997,
        -0.7492535 , -1.8063698 ],
       [ 0.7545739 ,  1.0866412 ,  2.13972   , ..., -0.08149359,
        -1.1291547 ,  0.74599284],
       [-1.4008224 , -0.1109    ,  1.3367214 , ...,  0.09941465,
         1.4852622 , -0.7376014 ]], dtype=float32), 'decoder.fc.4.bias': array([-0.6396632 , -1.6480994 , -2.2640924 , -1.1650347 ,  0.6966751 ,
        0.9798072 , -0.8260866 ,  0.05663768,  0.2426643 ,  1.0851226 ,
       -0.7108834 ,  0.16916111,  0.58257157, -0.97913593,  1.0766665 ,
       -0.55033296, -1.3570948 , -1.4515364 , -0.04488938,  0.9461984 ,
        0.8655046 , -0.62270445,  0.47432512,  0.03925805, -0.02754664,
       -0.42888117,  0.32419008, -1.1431149 ,  1.0082693 , -1.4605705 ,
       -1.6195261 ,  1.5600429 ,  1.0354017 , -1.2415717 ,  0.87955403,
        1.0776811 , -1.7529259 ,  0.85673153,  0.29750204, -0.8587395 ,
       -0.14430289, -2.1843257 , -1.9487586 , -1.2765272 ,  1.553412  ,
       -0.28374267, -1.5469298 ,  0.71026886, -0.8185407 , -1.2783062 ,
       -1.8627596 ,  0.32549423,  0.28973   , -2.1388373 , -1.6885504 ,
        0.6117586 ,  1.1671294 , -1.8207217 , -1.6685919 ,  0.15730862,
       -0.57778615,  0.21360627,  0.779436  ,  1.4740946 , -0.5270152 ,
        0.33255717,  0.3935228 , -1.2313149 ,  0.45629388, -2.0806212 ,
       -1.6608152 , -0.28510588,  0.04308524,  0.983559  , -0.35784283,
       -1.0424132 ,  1.7498214 ,  1.2695892 , -1.299636  , -0.47451597,
        1.8056927 , -1.5904429 , -2.0557396 ,  0.564752  ,  1.6937752 ,
       -1.8309081 , -1.1642165 , -1.17746   , -1.9989738 , -1.2117219 ,
       -1.8654199 ,  0.49545777,  1.6154401 ,  1.3960831 , -2.055754  ,
       -1.6544871 , -0.76741755,  0.42956614,  0.0619313 , -1.5082037 ,
        1.6538703 , -0.63885736,  1.6212206 , -1.7528925 ,  0.5430597 ,
        1.6854297 , -0.26506215,  1.3532076 , -0.59614325,  1.7190096 ,
        0.19949839, -0.48246667,  0.83059335,  0.4252511 , -0.07058597,
        1.3083806 ,  0.3191964 , -1.1720916 , -0.06374299,  1.4894166 ,
       -1.0222942 ,  0.59924364, -0.6643064 ,  0.37857497, -0.17644358,
        0.00885516, -2.7418408 ,  1.2002399 , -1.1910249 ,  1.5323095 ,
        0.8585531 ,  0.5714004 , -0.610168  , -0.26954484, -0.9228394 ,
       -1.2485284 , -1.6073246 , -0.60173965,  0.7697594 ,  1.5425752 ,
       -0.60198486,  0.99203235,  0.61260086,  0.5315205 ,  0.7798778 ,
       -1.3477789 , -1.288963  ,  0.34836984, -1.0601552 ,  1.3923576 ,
       -0.51032114,  0.25379682,  1.0037018 ,  0.34133536, -0.17167553,
       -0.7449752 , -1.5700322 , -1.1064157 ,  0.7044339 , -0.32320446,
       -0.47698727, -1.0395194 , -1.6976681 , -1.4910333 , -0.34999743,
        1.0917568 ,  0.45884126, -1.30458   , -0.32563892, -1.4958535 ,
       -0.48959512, -1.8304787 , -1.0063919 , -0.67419106, -1.6996013 ,
        0.4699446 , -1.8261034 , -1.480204  ,  1.6629684 ,  1.4375362 ,
       -0.05455842, -1.6531835 ,  0.31974038, -1.8087997 , -1.8108199 ,
        0.9926653 , -0.38793215,  0.21985099,  0.7710273 ,  1.0522027 ,
       -1.5334558 ,  0.8403799 ,  1.1096644 , -1.6819715 , -2.409531  ,
        0.3467024 ,  1.2657485 , -0.14074573,  1.5223079 , -0.8248492 ,
        0.2707494 , -1.6363764 , -1.7240375 , -0.2811438 ,  1.7327112 ,
       -0.8808734 ,  1.0539583 , -1.3992698 ,  1.1921756 , -1.0164102 ,
       -1.1304834 ,  0.63386565,  0.04362676,  1.4824691 ,  1.4640793 ,
        0.79054135,  0.91740525, -0.601962  ,  0.54311335, -0.04995034,
       -1.2274439 ,  1.3353288 , -0.5973786 ,  1.0484449 , -1.7188547 ,
       -0.250081  , -0.12085822, -1.7044439 ,  1.8715527 ,  0.6740072 ,
       -0.2761553 , -1.1253034 , -2.0568585 , -1.6097479 , -1.5941399 ,
       -0.11940519, -0.5949187 , -0.9708627 , -0.12361348,  1.2069707 ,
        0.8598026 ,  0.12495452,  1.1403127 , -0.45139247, -2.2568586 ,
        1.0789559 , -0.42636943, -1.0747315 ,  0.04568676,  0.4219562 ,
       -0.35160968,  1.4766246 ,  0.3808645 ,  0.66113615,  1.8727401 ,
       -0.11622441, -1.7991614 , -1.2788312 ,  0.794693  , -1.4728733 ,
       -1.2898589 ,  0.5063446 ,  0.78986955, -0.05852424, -1.7232201 ,
       -0.3227839 , -1.9677718 , -0.31630743, -0.94566536, -1.4794233 ,
       -1.3351972 ,  0.4737931 , -0.7196228 ,  1.2286326 ,  0.65948784,
        1.0704223 , -0.79163164,  0.9093987 , -1.2827828 , -1.495583  ,
       -0.43848115,  0.47069418, -1.4401804 , -1.9012394 ,  0.9693831 ,
        0.43029153, -0.76132405,  0.3443365 , -1.5396945 , -1.3972856 ,
       -0.8980933 ,  0.08003854,  1.105609  ,  0.5156238 , -1.0347842 ,
       -0.5701834 , -0.37458923,  0.73577416,  1.7156847 ,  1.318584  ,
        0.49791795, -1.0773671 ,  1.4497528 ,  0.91364926,  1.7850635 ,
        1.3086004 , -1.5100911 ,  1.1465687 , -0.9432037 ,  0.63455415,
       -1.713084  ,  1.2551143 ,  0.11221088,  0.9045528 ,  1.7209462 ,
       -0.95872474, -1.7329932 ,  0.06789176,  1.481699  ,  1.0177841 ,
       -0.92351806,  0.59956926, -0.20609337, -1.78704   , -1.1795082 ,
        0.5185794 ,  0.0697266 , -1.080665  , -1.0355307 ,  0.58211   ,
       -0.9541625 ,  0.47786134, -1.4651141 ,  1.3664136 ,  0.22574574,
       -1.1573651 , -1.8388094 ,  0.4434396 , -1.9875578 , -2.017285  ,
       -0.42235428, -0.5148361 ,  0.90400326, -0.5814271 , -0.1121059 ,
        0.7502848 ,  1.4171433 , -0.4496541 , -1.8576514 ,  1.705812  ,
       -1.365863  , -2.0609965 , -1.8335223 , -2.049161  , -1.9314182 ,
        0.08558263, -0.7653595 , -0.70235044, -1.2855748 , -0.38402504,
        1.4517379 ,  0.7657648 ,  1.1128981 , -0.70188624, -0.488982  ,
        1.4110298 , -2.1682227 , -1.7840579 ,  0.5824425 , -0.6547072 ,
        0.6502143 ,  1.3004755 , -0.13081099, -1.4656556 , -1.8623917 ,
       -0.07800526,  1.7093421 , -1.2260125 , -1.2730453 , -1.641856  ,
       -0.5223404 , -1.3339772 , -0.15573718, -0.26491997,  0.8093678 ,
       -1.8779163 , -0.18564129, -1.6052152 ,  1.6751857 ,  0.05550227,
       -1.7835951 ,  1.2796166 , -0.84414387,  1.1963744 ,  0.863159  ,
       -1.9102893 ,  0.5560264 ,  0.85836154,  1.4719903 , -0.07206504,
       -0.16906935, -0.5427754 ,  1.7240944 ,  1.618757  , -1.3786575 ,
        0.86967254,  1.4357536 , -0.4992985 ,  0.37346768, -2.0039937 ,
        1.451804  , -1.8093174 ,  1.3594844 ,  0.5097391 ,  0.93732166,
       -0.02248084, -1.2862833 , -1.831182  , -0.46661156, -0.33435667,
       -0.96152353, -1.0070759 ,  0.1982408 ,  0.3123402 , -0.90536916,
        0.58407354,  0.07514822,  1.0541934 ,  1.5043914 ,  0.18850887,
       -1.1690615 ,  0.5951804 ,  0.4054031 , -0.85064596,  1.6785712 ,
       -0.6916535 , -1.7895688 ,  1.7557511 , -0.86757916,  0.05450717,
       -0.39291668, -1.1731801 , -1.7254097 ,  1.9513146 , -0.45988458,
       -0.8427753 , -2.0464084 ,  0.38289204,  1.1899575 ,  1.4069077 ,
        0.00321936,  1.6451075 ,  0.99415845, -1.2844598 , -1.7932966 ,
       -1.8203279 ,  0.02779098, -0.06875098, -1.2296493 ,  0.32400027,
        0.33317354,  0.43663985, -1.820071  , -1.5858159 , -0.36188862,
       -1.4521494 , -0.479414  , -0.22227272,  0.24293055,  1.381289  ,
        1.4808034 , -1.6450431 ,  1.5189238 , -0.7766229 ,  1.5403337 ,
       -0.50664127,  0.5756036 , -0.5953656 , -0.6559024 , -0.30899072,
       -1.0200229 , -0.9713077 , -0.6193236 , -1.7363899 ,  1.7324798 ,
       -1.1329823 , -1.2843785 , -1.2299263 , -0.6501154 , -2.008511  ,
        0.0988114 , -0.6638936 , -1.4070406 ,  0.78274864,  1.0822182 ,
       -1.659779  , -1.6226361 , -0.5748962 , -0.06472685, -1.7614391 ],
      dtype=float32), 'decoder.fc.6.weight': array([[ 1.1137922 , -1.2043468 ,  1.0541965 , ..., -3.232825  ,
         2.69518   , -1.0897148 ],
       [-0.09948704, -0.5464634 ,  0.9848319 , ..., -2.4922917 ,
         3.6469378 , -3.1312456 ],
       [ 2.9934652 , -3.4370399 ,  0.66333455, ...,  2.383966  ,
        -0.6295011 ,  2.7617896 ],
       ...,
       [ 2.5862336 , -1.920517  ,  2.596538  , ...,  2.1242225 ,
        -3.1127622 ,  1.0349317 ],
       [-2.4824965 ,  2.1317148 , -3.2627413 , ..., -1.9936624 ,
         1.2662    ,  4.419535  ],
       [-1.6918948 , -0.69326216, -1.2487545 , ..., -1.5040214 ,
        -3.4118626 ,  2.266654  ]], dtype=float32), 'decoder.fc.6.bias': array([0.23082995, 0.0179252 , 3.1461444 , ..., 3.1245222 , 1.6749341 ,
       3.3980854 ], dtype=float32)}
[Time: 27.01.25 20:34:26] [Level: info] [State: aggregate] {'encoder.fc.0.weight': array([[-1.1846373e+00,  9.9550048e-03,  2.2008349e-01, ...,
        -5.3615624e-01,  9.0274996e-01, -4.6823019e-01],
       [ 5.8271611e-01,  4.6343100e-01,  1.4552197e-01, ...,
         2.2065115e-01, -6.9050372e-01, -5.8528942e-01],
       [-5.2093166e-01, -4.5240688e-01, -2.7396059e-01, ...,
         4.2945343e-01, -2.9738568e-02, -1.7358130e-01],
       ...,
       [-3.8940653e-01, -1.0378747e+00, -4.3160263e-01, ...,
        -5.8012235e-01,  1.0102750e+00, -6.9117117e-01],
       [ 6.5755248e-02,  9.6723855e-01,  2.3981540e-01, ...,
         6.0619336e-01, -2.5226839e-04, -5.3330034e-01],
       [ 3.0572429e-01, -1.5672715e-01, -9.9574435e-01, ...,
        -8.0196910e-02,  4.9118084e-01, -7.7805988e-02]], dtype=float32), 'encoder.fc.0.bias': array([-0.3876423 , -1.253764  , -0.38271683, -0.52657527,  0.43777952,
        0.29653117, -0.365996  ,  0.11309266, -0.10321861, -0.18774652,
       -0.39478824,  0.36471605, -0.41862965, -0.704785  , -0.53448623,
       -0.15712847, -1.1933795 , -0.73562014,  0.24424069, -0.16016921,
        0.25712654,  0.12516837, -1.1026194 , -0.43110773, -1.1642563 ,
       -0.2953542 , -0.514906  , -0.7061397 , -0.71964854,  0.04227936,
       -0.4121553 , -0.88937056, -0.27545998, -1.0954561 , -0.01731164,
        0.30081132,  0.04222351,  0.16772816, -0.33815616, -0.273     ,
       -0.85761535, -0.6182699 ,  0.28121072, -0.13486792, -1.2807567 ,
        0.10810208, -0.07938599, -0.4022418 ,  0.50286394, -0.5020716 ,
        0.07729827, -0.2620881 , -0.78924584, -0.65587425, -0.302119  ,
       -0.69601727, -0.26183724, -0.47822466, -0.5907633 , -1.382607  ,
        0.12206711, -0.7149979 , -0.06307361, -0.9268771 , -0.483122  ,
       -0.9084886 ,  0.03417427, -0.9735476 , -0.7772913 ,  0.04897479,
       -0.30686414, -0.14708449, -1.1320376 ,  0.13978696, -0.5910795 ,
       -0.50666547,  0.21697003, -0.85571426, -1.1650171 , -0.59399116,
       -1.0131478 , -1.0734136 , -0.9362144 , -0.437046  , -0.36721689,
       -1.0419905 , -0.2535018 ,  0.3762358 , -0.26360536,  0.4608739 ,
       -1.0587063 ,  0.4540612 , -0.96812755, -0.6857265 , -0.29838264,
       -0.38107675, -1.1254442 , -0.7259381 ,  0.03086464,  0.8974083 ,
        0.06960816, -0.66720194, -0.3296405 , -1.1889126 ,  0.4539696 ,
       -0.6622665 , -0.57155687, -0.67321086,  0.5494917 , -0.36903986,
       -0.21321428, -0.7243087 , -1.2666898 , -0.7453701 , -0.13879146,
        0.42564967,  0.9845428 , -0.76890785, -0.23035751, -0.15039212,
       -1.0038307 ,  0.30741382, -0.8503571 , -1.3634024 ,  0.3589077 ,
       -1.0296019 , -1.0531518 , -0.07077798,  0.01309784, -0.46659353,
       -0.10985386, -0.70889884, -0.5186254 , -1.5559492 , -1.2389678 ,
        0.5776417 , -0.51559514, -1.2382109 , -1.0249609 ,  0.13708109,
       -0.40681535, -0.3745498 , -0.82161236,  0.04779897,  0.28324646,
       -0.60427517, -0.92620295, -1.0271215 , -0.7868933 , -1.4050033 ,
       -0.01695614, -0.39772964,  0.6110837 , -0.43446088, -0.37503332,
       -0.3054751 , -0.5564841 , -1.0871605 , -0.21634422, -0.46053603,
        0.1335469 ,  0.07785077,  0.2701135 , -0.2555571 , -0.49573627,
       -1.2453632 , -1.0022244 , -0.8180617 , -1.2199464 , -1.1382773 ,
       -0.61120296, -0.10163224,  0.07487104, -0.40930098, -0.87069607,
       -0.70086974,  0.08721937, -0.42188096, -0.647858  , -0.40088475,
       -1.2103014 ,  0.02435092,  0.79241335, -0.05532714, -0.06144176,
       -0.03291127, -0.03094307,  0.08101969,  0.2894833 , -0.8664873 ,
        0.00991535, -0.03163977,  0.38112304,  0.33064932,  0.10759076,
       -0.993052  , -0.29136023,  0.32347286, -0.5659918 , -0.15899889,
        0.11816137, -1.440707  , -0.6724925 ,  0.01366962,  0.15164739,
       -1.3495241 , -0.8936031 , -0.26918113, -1.0267652 ,  0.40583655,
       -0.37150645, -0.05613644, -0.28224847,  0.12698708, -0.1630712 ,
       -0.7894038 , -0.59658897,  0.3838591 ,  0.17340991, -0.7736753 ,
       -0.8595543 ,  0.16547666, -1.3282577 , -0.7796676 , -0.39702857,
       -0.95122087,  0.36052018,  0.01409531, -1.4141734 , -0.527976  ,
       -0.09958293,  0.38314894,  0.0695185 , -0.77228284, -0.62902266,
        0.03777716, -0.8513836 ,  0.02920376, -0.88997465, -0.66577774,
       -0.15406418, -0.13193735, -0.85961264, -0.08802   , -0.7598749 ,
       -1.0020721 , -0.89859426, -0.5887706 , -0.26406923, -0.591012  ,
       -0.09042889, -0.6890607 , -0.719123  , -0.9489163 , -0.05078007,
        0.19389196, -1.3209414 , -0.27106076, -1.0223098 , -0.4732721 ,
       -0.43885648, -0.5948208 ,  0.6079576 , -0.7272476 , -0.12415356,
       -0.8407562 , -0.22019528, -1.1980155 ,  0.16906846, -1.0689958 ,
       -1.4052114 , -1.0691928 , -0.27108276, -0.75670415,  0.38259253,
       -1.1367633 , -0.7060807 ,  0.42537487, -0.15395193, -1.1657084 ,
       -0.57730645, -0.8730461 ,  0.28995582, -0.52948785, -0.00296923,
       -0.8727561 , -0.717662  , -0.03487056, -0.10479964, -0.3557962 ,
       -1.1331174 , -0.6564159 , -0.83407   , -1.007425  ,  0.3684014 ,
       -0.46049163,  0.13316862, -0.33879006, -0.55445564, -1.2414403 ,
       -0.8130537 , -0.50232357, -1.055999  ,  0.11640291, -0.3944125 ,
       -0.34944934, -0.5901711 , -0.19782431,  0.36920708,  0.02329022,
        0.28647622,  0.8163695 , -0.1862475 ,  0.4681794 ,  0.40012488,
       -0.9247032 , -1.3279954 , -0.87722236, -0.02307865, -0.12180738,
       -1.3651161 , -0.73980635,  0.01778902, -1.1299253 , -0.48385614,
       -0.21560179, -0.9404072 , -0.35291713, -0.01166655, -0.03615487,
       -0.32295924,  0.48540723, -0.02650513, -0.17026027, -0.9376572 ,
       -0.04678896, -0.25305223, -1.240122  ,  0.02904063, -0.41382775,
       -0.7243934 , -0.53011686, -0.38409287, -0.21860567,  0.31839553,
       -0.00232937, -1.1185997 ,  0.11262947,  0.16169411, -0.4295534 ,
       -0.8080356 , -0.1120798 , -0.09243528, -0.08328278, -0.36641592,
       -1.3671587 ,  0.03110993, -0.5060868 , -0.3863539 , -0.5614441 ,
        0.25502557, -1.2515023 , -0.83346057, -1.0407006 , -1.345282  ,
       -0.730041  , -0.34398657,  0.11877826, -0.25990394, -1.1994671 ,
       -0.98251176,  0.42887032, -0.04353132, -0.26628312, -1.1166477 ,
        0.00429301, -0.3334224 , -0.2514997 , -0.31658158, -0.4054319 ,
       -0.67506933,  0.3329944 , -0.903504  ,  0.3045194 , -0.31239215,
       -0.6474986 , -1.1348597 ,  0.46429628, -0.38501674, -0.9498361 ,
       -0.30697083, -0.61594015, -1.015913  , -0.5377676 , -0.29819432,
       -0.9561876 , -1.0677578 ,  0.0277472 , -0.6297509 ,  0.08331357,
       -0.940382  , -0.94406295, -0.6035271 , -0.72159094, -1.4000645 ,
       -0.37934878, -0.6289862 , -0.03566937, -0.43081254, -1.2291503 ,
       -0.4559147 ,  0.52520543, -0.7964943 ,  0.04778501, -0.8518368 ,
       -1.2771991 , -0.81035393, -1.1029352 , -0.21090986,  0.18362038,
       -0.2090005 , -0.26806426, -0.620708  , -0.4286186 , -0.58285165,
        0.26264945, -0.24494983,  0.05350532,  0.1402891 , -0.51006305,
       -0.82414275,  0.05110376, -0.22289339, -0.33529463, -0.82142377,
       -0.09323746, -0.0689137 , -0.80666083,  0.34436774, -0.27572197,
       -0.85352385, -0.49789563, -0.856713  , -0.3769322 , -0.52474904,
       -0.16147424, -0.5095301 ,  0.19099201, -1.1840217 ,  0.3478578 ,
        0.1517811 , -0.00905004, -1.5292121 , -0.8567723 ,  0.1878339 ,
       -1.0183374 , -0.8737888 , -1.1969767 , -0.84143466, -0.9812979 ,
       -0.96482164, -0.36910096, -0.08950326, -0.15339942, -0.07247682,
        0.36041617,  0.04993011, -0.4005688 ,  0.31254402, -1.1503987 ,
       -0.14546604, -0.5162744 , -0.574845  , -0.86814576, -1.1506305 ,
       -0.02465975, -0.55992705, -0.6997476 , -0.31931046, -0.24368845,
        0.28915355, -0.08357782, -0.9004521 , -0.941828  ,  0.07975136,
       -1.0514102 , -0.95114297, -0.7913186 , -0.19155069,  0.32591859,
       -1.0333215 , -1.0773067 , -1.2480901 , -0.21910071, -0.48931453,
       -0.7330741 , -0.06139084,  1.1191775 , -0.4701968 ,  0.08234497],
      dtype=float32), 'encoder.fc.2.weight': array([[-1.4809906 ,  1.0487654 , -3.1998203 , ..., -0.5444853 ,
        -2.3253245 ,  3.0839906 ],
       [ 0.8237926 , -0.26032677,  0.16164365, ...,  0.61150116,
        -3.862358  ,  1.0131247 ],
       [-2.4220867 , -2.7556233 , -1.9924309 , ..., -1.1779171 ,
        -1.2850592 , -1.3885232 ],
       ...,
       [-1.3385351 , -2.1273327 , -0.9847356 , ...,  0.5206347 ,
         1.4168053 , -0.01644112],
       [-1.2610879 ,  2.2129874 , -0.21567026, ..., -2.1456137 ,
         0.84685516, -2.2354648 ],
       [-3.0795088 ,  3.2056153 , -2.0553648 , ...,  0.55931854,
        -1.704772  ,  2.4717422 ]], dtype=float32), 'encoder.fc.2.bias': array([-3.5698829 ,  0.44964415, -0.4645322 , ...,  2.997272  ,
        1.4801152 ,  1.2080802 ], dtype=float32), 'encoder.fc.4.weight': array([[-0.2671409 , -2.1690178 , -0.33292925, ..., -1.2700624 ,
        -0.8557191 , -1.9581395 ],
       [ 0.3516193 , -0.84663   , -0.68786734, ...,  0.06358126,
         1.173692  ,  0.3509154 ],
       [ 0.7116543 , -1.2807841 , -1.3361948 , ..., -0.31177205,
         0.84563917, -1.3928561 ],
       ...,
       [-1.9612917 ,  0.43954718,  1.2259047 , ..., -0.6965766 ,
        -0.5199179 , -0.22510907],
       [-1.0637686 ,  0.31069183,  0.09843026, ...,  1.3994255 ,
         1.0118401 ,  0.10959344],
       [-2.198821  , -0.3740632 ,  0.04253262, ..., -1.5098617 ,
         0.8835578 , -0.66350293]], dtype=float32), 'encoder.fc.4.bias': array([-1.66212678e+00, -7.35198975e-01, -2.47230411e-01, -1.66194630e+00,
       -1.32907557e+00, -1.97101843e+00,  1.51598707e-01, -7.50793755e-01,
       -1.33453739e+00, -3.95393610e-01,  6.22427821e-01,  5.13571560e-01,
       -1.58597767e+00, -1.69209671e+00,  2.72840172e-01,  1.33243874e-01,
       -1.83010805e+00, -8.30581114e-02, -7.90249705e-01,  1.07379770e+00,
       -1.45283771e+00, -1.52383304e+00, -1.56947386e+00, -7.44192958e-01,
        7.18769193e-01, -1.72385290e-01,  4.25160259e-01,  1.28669000e+00,
       -3.32443267e-01, -2.95432210e-02,  8.71751666e-01, -3.27813447e-01,
        6.70661151e-01, -6.34923339e-01, -9.67004180e-01, -1.37900412e+00,
        3.05118203e-01,  8.44441831e-01,  4.14285421e-01,  1.11181712e+00,
        8.89232934e-01,  9.74295795e-01,  1.10263181e+00,  1.38924181e-01,
        1.03879547e+00,  1.35461807e-01, -1.45122969e+00,  1.69661772e+00,
        5.27846694e-01, -1.37978458e+00,  1.53787374e+00, -1.12703550e+00,
        2.59554595e-01,  1.23550840e-01, -1.59870696e+00, -8.73501480e-01,
        9.05356765e-01,  1.56226540e+00, -1.12139069e-01,  1.46892166e+00,
        1.30489111e+00,  7.57616982e-02,  3.59980285e-01,  7.18244195e-01,
       -1.01531470e+00, -3.78796846e-01,  1.01448685e-01, -6.87748969e-01,
       -6.44882210e-03,  1.07484055e+00,  1.17077398e+00, -2.10285997e+00,
        9.33502391e-02,  1.30127907e+00, -7.98115849e-01,  3.91332418e-01,
       -1.49095035e+00, -1.51070086e-02, -1.31323099e+00,  9.62284803e-01,
        1.14070046e+00,  8.06463838e-01, -2.28553578e-01, -1.33383012e+00,
       -1.79330373e+00,  5.72767019e-01, -2.61795133e-01, -1.83302093e+00,
       -1.88906908e+00,  6.60191178e-01, -1.40519524e+00,  6.36805594e-02,
       -1.66355109e+00, -4.38898891e-01,  8.04777145e-01, -6.01658106e-01,
        6.58357859e-01, -2.13090634e+00,  1.52511728e+00, -1.06019115e+00,
        8.85399878e-01,  1.34713936e+00,  8.47862363e-01, -1.46127909e-01,
       -4.49252844e-01,  7.99978137e-01, -8.39566946e-01, -8.15433621e-01,
       -1.49667883e+00,  1.56581855e+00,  2.06485033e-01,  7.66792774e-01,
        4.71312582e-01, -1.53553104e+00,  3.13560009e-01, -1.03570938e+00,
        1.08128384e-01, -2.53488243e-01,  1.36617303e+00, -8.76169950e-02,
       -1.93404257e+00, -4.02948976e-01, -1.71479237e+00, -6.78136587e-01,
       -1.73625946e+00,  2.99596369e-01, -2.55755544e-01, -9.86310840e-01,
        1.11648762e+00,  5.10889530e-01, -7.10348606e-01,  1.82465696e+00,
       -9.05937016e-01, -1.80215299e+00,  1.30379963e+00,  3.15360092e-02,
        8.84477913e-01,  1.49406701e-01, -1.66317701e+00,  4.20860648e-01,
       -2.18156147e+00, -1.64360261e+00, -1.42455244e+00, -4.03203845e-01,
        3.78153443e-01,  5.72432637e-01,  1.20182645e+00,  1.55383396e+00,
        6.32557452e-01, -3.26450735e-01, -1.13236618e+00,  5.24846554e-01,
        1.24770355e+00,  2.69718409e-01, -1.88343525e-02, -1.42118740e+00,
       -6.33881569e-01,  1.27472401e+00,  2.42011100e-01, -2.38572389e-01,
       -1.15804344e-01, -1.83062088e+00,  1.13578939e+00, -6.61429763e-01,
       -5.94924688e-01, -1.26781297e+00,  1.32119691e+00, -2.13541079e+00,
       -8.25267553e-01,  8.32282901e-01,  1.39334488e+00,  1.90315187e-01,
       -2.00700831e+00,  1.08694947e+00,  1.08371520e+00, -9.53780785e-02,
        4.76111352e-01,  5.76843262e-01, -1.43445790e+00,  5.61986566e-02,
       -1.61778724e+00, -1.10222018e+00, -1.45194840e+00,  9.97827888e-01,
        1.10659170e+00,  9.39655781e-01, -9.07004952e-01,  1.27418232e+00,
       -1.35037279e+00,  9.42280173e-01, -8.78257275e-01, -9.67130363e-01,
       -1.97406203e-01,  1.37163386e-01, -1.17159367e+00,  4.69207644e-01,
        4.73109901e-01,  5.96457243e-01,  1.71434149e-01, -8.98950100e-01,
       -1.73108232e+00, -1.87526777e-01, -1.00093198e+00, -1.90176702e+00,
        1.01871848e+00,  1.36868811e+00, -1.42430627e+00, -6.04654551e-01,
       -7.08860397e-01,  8.20157006e-02,  1.24427700e+00,  9.75377679e-01,
        1.05482578e+00,  9.82627273e-01,  1.55925858e+00,  1.52837193e+00,
       -1.77332568e+00, -2.07077479e+00, -5.05602241e-01, -1.85797668e+00,
       -6.74080372e-01,  1.14804840e+00, -3.61027420e-01, -1.38133109e+00,
        1.37369430e+00,  9.43851948e-01,  1.32516539e+00, -2.70250022e-01,
       -1.68689525e+00,  1.74922757e-02, -8.95562172e-01,  9.81360912e-01,
        7.95109510e-01,  5.44242740e-01,  1.15180099e+00,  2.41749346e-01,
       -6.75654531e-01, -1.12591088e+00,  5.01031756e-01,  2.67173290e-01,
       -1.43360972e-01,  1.35474515e+00,  6.61383092e-01, -7.06762254e-01,
       -2.13436174e+00,  4.58538383e-01,  6.55122995e-01,  1.20935035e+00,
        5.33407450e-01,  8.02165031e-01, -3.46774727e-01,  4.57774043e-01,
       -1.85028183e+00,  1.41119564e+00,  2.53590643e-01, -1.69352865e+00,
       -1.12047553e+00,  1.03788950e-01, -2.06425595e+00, -1.49979901e+00,
        4.99977410e-01,  4.05581832e-01, -4.60055709e-01, -1.65357089e+00,
       -4.53923374e-01, -1.00692973e-01, -6.67827606e-01, -1.36379576e+00,
       -6.51914954e-01,  1.49862719e+00, -2.92106807e-01,  6.13032877e-01,
       -7.05290556e-01,  8.55909348e-01,  1.02364647e+00, -1.01652575e+00,
       -1.33519030e+00, -1.52617013e+00, -9.48378146e-01,  1.08495131e-01,
        9.50489223e-01, -2.72228956e-01, -1.79409242e+00, -1.71045399e+00,
       -1.97587109e+00, -1.83241510e+00, -8.80654454e-01, -1.88208711e+00,
       -7.83609688e-01, -6.92369103e-01,  9.50315714e-01, -2.58048058e-01,
       -9.59600568e-01,  3.83114233e-03, -1.40128362e+00,  8.18666816e-02,
        1.10964990e+00,  1.44432259e+00,  1.16440272e+00,  1.06308401e+00,
        1.97283477e-01, -1.19623637e+00, -8.23641479e-01, -1.58146070e-03,
       -1.32855713e+00, -1.89045274e+00, -5.38908124e-01, -1.09290588e+00,
       -2.10291076e+00,  2.24309966e-01,  7.88312674e-01,  1.45403683e-01,
        6.17939651e-01, -1.12293029e+00, -2.56659329e-01, -3.98276150e-02,
        1.14810109e+00, -1.27899909e+00, -2.19396639e+00,  1.13717556e+00,
        1.89331663e+00,  1.17223665e-01, -1.00145951e-01, -1.54158878e+00,
       -2.71499693e-01, -1.23375905e+00, -7.79241920e-01, -1.64884293e+00,
       -5.26779950e-01, -1.48606706e+00, -2.48623163e-01, -1.07138348e+00,
       -1.25909960e+00,  6.41718209e-01, -1.46632838e+00, -3.22162718e-01,
        5.44218838e-01, -1.43349862e+00, -1.53951037e+00,  1.21934116e+00,
       -1.32929265e-01,  2.48423368e-01, -2.10704470e+00,  2.27262318e-01,
        1.25013316e+00,  1.56729960e+00, -1.73273420e+00,  7.75445580e-01,
       -1.06121802e+00,  3.17122281e-01, -1.76985979e+00,  8.15329134e-01,
        1.10571802e-01, -2.05214095e+00, -1.42130315e+00,  6.24081910e-01,
        5.73637336e-02,  2.93203473e-01,  6.82427347e-01,  1.31632829e+00,
       -3.12975258e-01,  7.21122384e-01, -1.93350184e+00,  5.15598178e-01,
       -1.13469923e+00, -8.55156362e-01, -1.67181420e+00, -3.10824096e-01,
       -1.97264743e+00, -8.30939174e-01, -1.81805655e-01, -2.30835423e-01,
       -1.53002679e+00,  2.77386606e-02, -1.77234501e-01, -5.54929495e-01,
       -1.10401821e+00, -7.50998855e-01, -1.19929600e+00, -1.30216193e+00,
        1.67973483e+00,  1.23911428e+00, -1.02201521e-01, -3.71317089e-01,
        1.16141200e+00, -5.57846904e-01, -7.71192551e-01, -1.63782012e+00,
       -6.16793334e-01,  3.83711755e-02,  1.55546546e-01, -2.17383051e+00,
       -1.06572187e+00, -1.98035860e+00,  1.17322616e-01, -3.06811482e-01,
       -2.11726165e+00, -1.57913053e+00,  5.01342833e-01, -1.09453082e+00,
        8.83342445e-01, -1.39086735e+00,  1.03483446e-01, -1.14902425e+00,
        6.69978000e-03,  1.43791151e+00,  9.11795944e-02, -7.67521024e-01,
       -3.78349304e-01, -1.50738430e+00,  4.55620646e-01, -1.85119331e-01,
       -2.70199686e-01,  1.22437453e+00, -8.23086083e-01, -6.85912132e-01,
       -1.31012702e+00, -8.79679099e-02, -1.77795875e+00, -6.67877018e-01,
       -3.12893987e-01,  1.47742283e+00, -2.07033062e+00, -3.77346486e-01,
       -1.39941812e+00, -5.72143316e-01, -8.11854750e-02, -1.01098812e+00,
       -1.01943874e+00, -9.16878998e-01, -3.71713758e-01, -1.48389566e+00,
        8.41834724e-01, -3.19143236e-01,  1.29193759e+00, -5.41947961e-01,
       -1.92265248e+00,  1.32538223e+00, -3.57085377e-01, -1.39257360e+00,
       -1.45568275e+00, -6.06656253e-01,  1.40849009e-01, -5.83366871e-01,
        5.82797587e-01, -1.06708741e+00, -5.19681722e-02, -6.56253397e-01,
       -2.81237394e-01, -1.76630867e+00, -1.64367592e+00, -4.41070586e-01,
        6.04979873e-01, -3.01253974e-01,  1.44625056e+00, -2.13347530e+00,
       -1.89910591e+00,  4.65892628e-02,  2.29573876e-01, -6.92706108e-01,
       -1.51102662e+00, -2.12021375e+00, -1.67306042e+00,  6.41200542e-01,
        2.27187037e-01,  1.58835828e-01, -9.71610665e-01, -6.32881999e-01,
        1.73463225e+00, -1.63476241e+00, -1.89619446e+00, -1.25530791e+00,
       -1.07465279e+00,  7.02075958e-01,  1.35090590e+00, -1.16181970e+00,
       -3.25984985e-01, -1.58911705e+00,  1.47636175e+00, -1.12837207e+00,
       -4.37046707e-01, -3.00481886e-01,  1.26572347e+00, -6.04408622e-01,
        8.42535496e-01, -1.30425119e+00,  1.83459073e-02, -9.62093234e-01,
       -1.00209725e+00, -1.09299994e+00, -1.52946067e+00, -1.92155075e+00,
       -1.93617698e-02,  6.11116946e-01, -1.22072923e+00, -3.40780675e-01,
       -1.55483794e+00,  2.97213495e-01,  4.16632481e-02,  1.10859084e+00],
      dtype=float32), 'encoder.fc.6.weight': array([[-2.4449053 , -1.8694879 ,  0.38226745, ..., -1.2705499 ,
        -0.9258029 , -2.7322521 ],
       [ 2.9356816 ,  2.9781656 ,  3.2535503 , ...,  2.6605563 ,
        -3.2347262 ,  1.9376895 ],
       [-1.1132525 , -1.7089409 , -2.0380404 , ..., -0.05809774,
         2.19162   , -3.252752  ],
       ...,
       [ 1.2910584 , -3.1536431 ,  1.4298831 , ..., -2.448497  ,
         1.3191311 ,  2.9566689 ],
       [ 2.1359975 , -1.4078829 ,  0.16843726, ...,  0.16598071,
        -0.09176689,  2.9282236 ],
       [-2.0411325 ,  1.7835714 ,  2.1904414 , ...,  1.2696837 ,
        -2.0358741 ,  2.3873768 ]], dtype=float32), 'encoder.fc.6.bias': array([ 1.7594185 , -0.60507405, -2.0196254 ,  0.47319442, -1.4314768 ,
       -2.5848496 ,  1.8721395 ,  2.2049465 ,  0.90196526, -2.4047093 ],
      dtype=float32), 'decoder.fc.0.weight': array([[ -8.058224  ,  19.244156  ,  19.40804   , ...,   7.6076803 ,
         -2.5392656 ,   5.8317695 ],
       [-14.208181  ,  12.156373  ,  -6.5130773 , ..., -16.18583   ,
         -6.41453   , -23.78878   ],
       [-20.65226   ,  -8.266944  ,   1.6263349 , ..., -11.628823  ,
         -7.925881  , -18.808966  ],
       ...,
       [-26.081514  ,   1.2048904 ,  -9.002673  , ...,  19.473791  ,
          4.5275826 ,  -0.27088672],
       [ 14.374283  , -14.466848  ,  16.439665  , ...,   5.0853577 ,
        -23.146362  , -11.632723  ],
       [ 10.140344  ,   4.789879  , -23.593317  , ...,  14.204512  ,
        -18.332102  ,  -9.703577  ]], dtype=float32), 'decoder.fc.0.bias': array([-8.00078964e+00, -4.24043274e+00,  6.81963158e+00, -1.92734146e+01,
        7.53816986e+00,  2.11024857e+01,  2.27449608e+01,  4.64139271e+00,
       -2.07746201e+01,  7.22298145e+00, -1.80180693e+00, -2.10671463e+01,
       -5.72428465e+00,  5.97818995e+00, -1.61994624e+00,  2.87298703e+00,
       -6.02135134e+00,  3.68697435e-01,  1.53600044e+01, -5.65733242e+00,
       -1.16440010e+01,  9.05434418e+00,  2.46683025e+00, -1.05123806e+01,
        1.70007534e+01,  1.53991108e+01,  1.25597420e+01,  1.48016815e+01,
       -9.50711632e+00,  7.70431042e+00,  1.79438591e+01, -5.29677916e+00,
        1.81147118e+01, -2.16841202e+01,  1.67069950e+01, -8.69942665e+00,
        6.40743542e+00,  2.44998360e+01, -1.55264225e+01, -2.28958168e+01,
       -1.76310349e+01,  7.51391983e+00, -2.08649464e+01,  6.33194065e+00,
        2.57201385e+01, -8.20490956e-01, -6.03101254e+00,  1.74191628e+01,
        1.98835564e+01,  1.48963976e+00, -2.20636635e+01, -2.08825645e+01,
       -7.12270451e+00,  1.12255211e+01, -9.08017731e+00, -2.38323712e+00,
        2.12266121e+01,  2.45534687e+01, -1.67568779e+01, -8.47665405e+00,
       -1.20877132e+01,  2.19309282e+00, -6.54945564e+00,  1.31859713e+01,
        2.55909843e+01,  1.80382156e+01,  6.33659077e+00, -5.94351053e+00,
       -1.92736893e+01, -1.78894291e+01,  1.56341858e+01,  1.47976189e+01,
       -7.07020235e+00,  3.37670422e+00, -2.05480518e+01,  2.30899677e+01,
        1.44520578e+01,  2.40181313e+01,  1.77890360e-01, -8.60043907e+00,
        1.97739697e+00, -2.37100353e+01,  9.01564026e+00,  1.51719208e+01,
        1.84053841e+01, -1.20960674e+01,  2.35199604e+01, -1.32878380e+01,
        2.00678158e+01, -1.13084106e+01, -3.04265141e+00, -2.41873875e+01,
       -1.14271879e+00, -1.28533936e+01, -4.37871075e+00, -1.33777797e-01,
       -1.33849931e+00, -1.30460405e+01, -1.37979269e+01,  2.48543625e+01,
        1.87274132e+01, -1.89559860e+01, -1.43258324e+01, -2.42018147e+01,
        1.19326906e+01, -1.67281895e+01, -4.06352311e-01,  1.57435703e+00,
       -6.13176680e+00, -1.87854118e+01,  4.88630104e+00,  3.14611053e+00,
       -5.35864449e+00,  5.82163048e+00, -7.84134579e+00,  5.20904922e+00,
        2.70716238e+00,  1.53525238e+01,  9.08008194e+00,  1.09794474e+01,
        1.95737534e+01, -5.55428028e+00,  1.48233805e+01,  1.42830772e+01,
       -9.01686382e+00,  4.16289139e+00, -1.42473888e+00,  1.76416054e+01,
        2.08403826e+00, -5.13585043e+00, -9.20100784e+00, -2.06857796e+01,
       -3.99553347e+00,  1.32965956e+01, -2.40985851e+01, -2.16228485e+01,
       -1.11805983e+01, -1.05423021e+01, -2.47575836e+01, -1.14723396e+01,
       -4.77974463e+00,  8.55834198e+00, -1.01480999e+01,  1.39723301e+00,
        1.62109623e+01,  2.01980324e+01, -1.51252985e+01,  1.73931828e+01,
        2.27645302e+01, -6.56349373e+00, -1.82619724e+01,  2.18759270e+01,
        1.30562425e+00, -9.02139664e+00,  2.27759228e+01,  2.11519146e+01,
        2.42617989e+01, -1.85845051e+01,  1.34324560e+01, -2.11615944e+01,
        7.61756516e+00, -8.97696590e+00,  1.51264019e+01, -3.98178124e+00,
        1.46960392e+01, -8.26946068e+00,  1.44065228e+01,  8.83419323e+00,
        2.53055725e+01, -6.58808279e+00, -2.25277729e+01, -2.45876122e+01,
       -4.48825264e+00,  2.09203339e+01,  2.59275036e+01,  1.72555046e+01,
       -1.38486290e+01,  1.06436920e+01, -1.28136883e+01, -2.09321327e+01,
       -5.28984547e+00, -9.19615364e+00,  2.35894165e+01,  5.98447990e+00,
       -1.92616997e+01,  9.75053596e+00,  2.47339860e-01,  1.74347439e+01,
        1.82070408e+01,  5.86553383e+00, -1.86474686e+01,  3.73283195e+00,
        2.10391769e+01, -2.51771450e+01, -1.49744835e+01,  1.41638508e+01,
        1.20631618e+01,  4.48733664e+00,  7.65804768e+00,  1.96452560e+01,
        2.45485287e+01, -7.81509590e+00,  1.75559187e+00,  2.10635262e+01,
       -1.76195145e+01,  1.87714176e+01,  1.04367361e+01,  3.61240149e+00,
       -6.37593842e+00, -1.67942750e+00,  1.37402954e+01,  1.15284500e+01,
        6.16748619e+00, -1.35695839e+01, -5.82330167e-01, -2.32579231e+01,
       -1.69670982e+01,  8.68045235e+00,  2.72721434e+00,  1.88451576e+01,
        8.36046124e+00, -2.17366734e+01,  4.56634665e+00,  5.67880917e+00,
        8.38756752e+00, -1.78206787e+01,  2.57935600e+01, -1.29188700e+01,
        7.48031998e+00,  1.56848240e+01, -2.45882705e-01,  3.93458700e+00,
        8.72584522e-01,  1.23740511e+01,  1.83017159e+01,  4.73059940e+00,
        2.98543525e+00,  1.63254662e+01,  3.09936404e+00,  2.41814470e+00,
       -1.06539574e+01,  1.16034689e+01,  1.00512295e+01,  1.41155472e+01,
        1.67884045e+01,  1.34753170e+01, -1.21784630e+01,  7.13750648e+00,
        2.01736641e+01,  2.03793392e+01, -1.53044682e+01, -1.25035830e+01,
       -4.03066456e-01,  9.32597733e+00, -5.50736368e-01,  1.44487114e+01,
        1.08926277e+01, -2.33901920e+01, -3.59069765e-01,  1.63450794e+01,
       -2.07449865e+00, -1.38199997e+01, -2.46718178e+01, -1.42321444e+01,
        4.34788704e+00, -1.61896019e+01,  1.67604446e+01, -2.07912254e+01,
        8.82928467e+00,  2.35548162e+00, -2.28373364e-01,  1.65510941e+01,
       -2.91363907e+00, -2.23400536e+01,  6.85938931e+00, -2.17014275e+01,
       -2.20754075e+00,  2.41868782e+01, -1.33901367e+01,  9.45468712e+00,
       -2.14377632e+01, -1.62564640e+01,  1.53577423e+00,  8.53077507e+00,
       -1.62268138e+00, -1.85999537e+00, -1.02812653e+01, -1.81805840e+01,
        1.05207729e+01, -1.88049202e+01,  8.96834612e-01,  2.33128853e+01,
        1.60258865e+01,  1.98937531e+01, -1.56265812e+01,  1.33112535e+01,
       -1.07098370e+01, -1.62565231e+01,  1.49230156e+01,  2.30641441e+01,
        5.62038279e+00,  4.66022444e+00,  3.73523140e+00, -1.48611908e+01,
        2.20861835e+01, -5.72910118e+00,  2.31949258e+00,  1.79572334e+01,
       -1.04047954e-02,  5.39478970e+00,  4.01494503e+00, -1.07699499e+01,
        2.43316479e+01, -1.00839367e+01, -5.11810732e+00,  1.97526245e+01,
        1.28341675e+01, -1.20721712e+01,  1.20173187e+01, -1.56957779e+01,
        2.29635220e+01, -2.10681190e+01,  1.34650469e+01,  6.81475735e+00,
       -1.97079163e+01,  1.11461926e+01, -9.45001125e+00, -2.55135655e+00,
       -2.55280590e+01,  6.02724266e+00,  9.14256954e+00,  1.94578552e+01,
       -1.27779503e+01, -2.56868887e+00,  1.26843224e+01,  2.90810156e+00,
        1.94196739e+01, -2.05439510e+01,  2.25476913e+01,  2.31912994e+01,
        1.69696102e+01, -7.90985775e+00,  1.44726992e+01, -2.42598991e+01,
        1.71453590e+01,  4.09432411e+00, -4.33500767e+00,  6.97768784e+00,
       -6.02240753e+00, -9.80247879e+00, -8.87653542e+00, -7.31281376e+00,
        1.37978420e+01, -3.92542171e+00, -2.33374329e+01,  6.24217701e+00,
       -7.62432348e-03, -1.00345688e+01,  2.01510010e+01, -1.36671305e+01,
        1.39657421e+01, -1.73871346e+01, -1.25058489e+01,  1.77968178e+01,
       -7.25735140e+00,  1.98263264e+01, -1.23047552e+01, -1.49804640e+01,
        2.29158115e+01,  7.73896170e+00, -2.06890564e+01, -1.63091850e+01,
       -1.25878191e+00, -1.49130452e+00,  2.11615047e+01, -2.50503426e+01,
       -4.84940386e+00,  4.05328369e+00,  8.49808216e+00, -4.99245262e+00,
        2.64321685e-01, -1.87385368e+01,  1.83681355e+01,  9.32645512e+00,
        1.25812874e+01,  1.78502064e+01,  2.73905247e-01,  5.37468338e+00,
       -2.20561466e+01, -2.03212833e+00,  2.16692829e+00,  2.16639233e+01,
       -1.26417408e+01, -1.11192827e+01,  1.76942768e+01,  1.66053925e+01,
        1.96399536e+01, -1.37420998e+01, -2.50314388e+01,  2.19202461e+01,
       -2.57109394e+01, -6.76380157e+00,  1.09987240e+01,  3.37527037e+00,
       -1.03607273e+01, -2.21046429e+01, -2.23447285e+01, -1.79292336e+01,
       -1.59687626e+00,  1.44570866e+01, -2.40115051e+01, -2.26192684e+01,
       -1.54932678e-01,  2.20226383e+00, -7.57306623e+00, -1.10136747e+01,
        2.06382294e+01,  1.93495007e+01,  1.47455997e+01,  2.28485241e+01,
       -3.56263065e+00, -7.61689472e+00,  5.24931335e+00,  1.97339478e+01,
        4.12910670e-01,  9.91072655e+00, -1.59030132e+01,  7.60904503e+00,
       -1.60027084e+01, -7.88977981e-01,  2.47906265e+01, -1.24500847e+01,
        9.52610874e+00, -1.05876932e+01, -1.61574612e+01,  1.98388767e+01,
       -1.13964558e+01, -1.67140503e+01, -1.29205303e+01,  1.70263290e+01,
       -4.91318321e+00, -2.40029545e+01, -3.84769821e+00,  1.27512894e+01,
       -2.18057480e+01, -2.95780420e+00, -1.82300091e+01,  2.19647827e+01,
       -1.94114113e+01, -1.94624214e+01, -2.05514793e+01, -1.75689278e+01,
       -2.00988102e+01,  1.59438648e+01, -2.20914173e+00, -2.59912395e+00,
        1.97117348e+01, -1.04275074e+01, -1.84041862e+01,  8.21353149e+00,
       -1.13526630e+01, -6.37472820e+00, -2.04257507e+01, -1.98956490e+01,
        2.29672203e+01,  3.50411749e+00,  8.47530174e+00,  1.93259850e+01,
        1.17232342e+01, -2.25390091e+01,  2.02918053e+01, -2.36582947e+01,
       -1.42556801e+01,  2.14725666e+01, -9.40585041e+00, -5.45829678e+00,
       -6.52702713e+00,  1.70648766e+01,  2.59215088e+01,  1.06390104e+01,
       -1.08862257e+01,  2.38428078e+01,  1.18472042e+01, -2.27033691e+01,
       -3.65195060e+00, -7.79396486e+00, -1.29495716e+01, -2.42109718e+01,
       -1.67938864e+00,  2.55987854e+01, -2.18672104e+01, -1.85669250e+01,
       -1.22840967e+01,  1.94890461e+01, -1.91482658e+01, -5.52908134e+00,
       -1.77866554e+01,  2.25044403e+01,  2.36545525e+01,  1.01661527e+00],
      dtype=float32), 'decoder.fc.2.weight': array([[-2.8168383 ,  1.5829791 , -4.1099844 , ...,  3.229114  ,
        -3.473343  ,  2.844759  ],
       [ 2.6736708 , -0.26133287, -1.4579908 , ..., -0.67855966,
         2.9121873 ,  1.616154  ],
       [ 2.2199266 , -4.0103984 , -0.0466571 , ...,  3.2541919 ,
         2.123641  ,  0.578223  ],
       ...,
       [ 2.2752798 , -2.8949287 , -2.0420024 , ...,  2.7211275 ,
        -3.8058248 ,  0.4548044 ],
       [ 1.4025315 , -0.7413086 , -2.3844414 , ..., -1.9362233 ,
         2.73815   ,  1.4113183 ],
       [-0.7150909 ,  0.7680179 ,  0.11269654, ..., -1.0248935 ,
        -0.4555266 , -0.5936721 ]], dtype=float32), 'decoder.fc.2.bias': array([ 2.0160952,  3.3595526,  1.6958783, ..., -1.8825624, -2.821549 ,
       -2.8140795], dtype=float32), 'decoder.fc.4.weight': array([[-1.6349347 ,  1.495806  ,  0.22771937, ..., -0.7421638 ,
         0.9740275 , -0.37388435],
       [-1.2643034 , -1.0612118 , -0.31107503, ..., -0.9092524 ,
        -1.3618873 , -1.2015113 ],
       [ 0.1588985 ,  0.45356625, -1.2160306 , ..., -0.5226354 ,
         0.6547364 , -1.4555207 ],
       ...,
       [-0.7116549 , -0.36501428,  1.5858495 , ..., -0.12197997,
        -0.7492535 , -1.8063698 ],
       [ 0.7545739 ,  1.0866412 ,  2.13972   , ..., -0.08149359,
        -1.1291547 ,  0.74599284],
       [-1.4008224 , -0.1109    ,  1.3367214 , ...,  0.09941465,
         1.4852622 , -0.7376014 ]], dtype=float32), 'decoder.fc.4.bias': array([-0.6396632 , -1.6480994 , -2.2640924 , -1.1650347 ,  0.6966751 ,
        0.9798072 , -0.8260866 ,  0.05663768,  0.2426643 ,  1.0851226 ,
       -0.7108834 ,  0.16916111,  0.58257157, -0.97913593,  1.0766665 ,
       -0.55033296, -1.3570948 , -1.4515364 , -0.04488938,  0.9461984 ,
        0.8655046 , -0.62270445,  0.47432512,  0.03925805, -0.02754664,
       -0.42888117,  0.32419008, -1.1431149 ,  1.0082693 , -1.4605705 ,
       -1.6195261 ,  1.5600429 ,  1.0354017 , -1.2415717 ,  0.87955403,
        1.0776811 , -1.7529259 ,  0.85673153,  0.29750204, -0.8587395 ,
       -0.14430289, -2.1843257 , -1.9487586 , -1.2765272 ,  1.553412  ,
       -0.28374267, -1.5469298 ,  0.71026886, -0.8185407 , -1.2783062 ,
       -1.8627596 ,  0.32549423,  0.28973   , -2.1388373 , -1.6885504 ,
        0.6117586 ,  1.1671294 , -1.8207217 , -1.6685919 ,  0.15730862,
       -0.57778615,  0.21360627,  0.779436  ,  1.4740946 , -0.5270152 ,
        0.33255717,  0.3935228 , -1.2313149 ,  0.45629388, -2.0806212 ,
       -1.6608152 , -0.2851059 ,  0.04308524,  0.983559  , -0.35784283,
       -1.0424132 ,  1.7498214 ,  1.2695892 , -1.299636  , -0.47451597,
        1.8056927 , -1.5904429 , -2.0557396 ,  0.564752  ,  1.6937752 ,
       -1.8309081 , -1.1642165 , -1.17746   , -1.9989738 , -1.2117219 ,
       -1.8654199 ,  0.49545777,  1.6154401 ,  1.3960831 , -2.055754  ,
       -1.6544871 , -0.76741755,  0.42956614,  0.0619313 , -1.5082037 ,
        1.6538703 , -0.63885736,  1.6212206 , -1.7528925 ,  0.5430597 ,
        1.6854297 , -0.26506215,  1.3532076 , -0.59614325,  1.7190096 ,
        0.19949839, -0.48246667,  0.83059335,  0.4252511 , -0.07058594,
        1.3083806 ,  0.3191964 , -1.1720916 , -0.06374299,  1.4894166 ,
       -1.0222942 ,  0.59924364, -0.6643064 ,  0.37857497, -0.17644358,
        0.00885516, -2.7418408 ,  1.2002399 , -1.1910249 ,  1.5323095 ,
        0.8585531 ,  0.5714004 , -0.610168  , -0.26954484, -0.9228394 ,
       -1.2485284 , -1.6073246 , -0.60173965,  0.7697594 ,  1.5425752 ,
       -0.60198486,  0.99203235,  0.61260086,  0.5315205 ,  0.7798778 ,
       -1.3477789 , -1.288963  ,  0.34836984, -1.0601552 ,  1.3923576 ,
       -0.51032114,  0.25379682,  1.0037018 ,  0.34133536, -0.17167553,
       -0.7449752 , -1.5700322 , -1.1064157 ,  0.7044339 , -0.32320446,
       -0.47698727, -1.0395194 , -1.6976681 , -1.4910333 , -0.34999743,
        1.0917568 ,  0.45884126, -1.30458   , -0.32563892, -1.4958535 ,
       -0.48959512, -1.8304787 , -1.0063919 , -0.67419106, -1.6996013 ,
        0.4699446 , -1.8261034 , -1.480204  ,  1.6629684 ,  1.4375362 ,
       -0.05455842, -1.6531835 ,  0.31974038, -1.8087997 , -1.8108199 ,
        0.9926653 , -0.38793215,  0.21985099,  0.7710273 ,  1.0522027 ,
       -1.5334558 ,  0.8403799 ,  1.1096644 , -1.6819715 , -2.409531  ,
        0.3467024 ,  1.2657485 , -0.14074573,  1.5223079 , -0.8248492 ,
        0.2707494 , -1.6363764 , -1.7240375 , -0.2811438 ,  1.7327112 ,
       -0.8808734 ,  1.0539583 , -1.3992698 ,  1.1921756 , -1.0164102 ,
       -1.1304834 ,  0.63386565,  0.04362676,  1.4824691 ,  1.4640793 ,
        0.79054135,  0.91740525, -0.601962  ,  0.54311335, -0.04995034,
       -1.2274439 ,  1.3353288 , -0.5973786 ,  1.0484449 , -1.7188547 ,
       -0.250081  , -0.12085822, -1.7044439 ,  1.8715527 ,  0.6740072 ,
       -0.2761553 , -1.1253034 , -2.0568585 , -1.6097479 , -1.5941399 ,
       -0.11940519, -0.5949187 , -0.9708627 , -0.12361348,  1.2069707 ,
        0.8598026 ,  0.12495452,  1.1403127 , -0.45139247, -2.2568586 ,
        1.0789559 , -0.42636943, -1.0747315 ,  0.04568676,  0.4219562 ,
       -0.35160968,  1.4766246 ,  0.3808645 ,  0.66113615,  1.8727401 ,
       -0.11622441, -1.7991614 , -1.2788312 ,  0.794693  , -1.4728733 ,
       -1.2898589 ,  0.5063446 ,  0.78986955, -0.05852424, -1.7232201 ,
       -0.3227839 , -1.9677718 , -0.31630743, -0.94566536, -1.4794233 ,
       -1.3351972 ,  0.4737931 , -0.7196228 ,  1.2286326 ,  0.65948784,
        1.0704223 , -0.79163164,  0.9093987 , -1.2827828 , -1.495583  ,
       -0.43848115,  0.47069418, -1.4401804 , -1.9012394 ,  0.9693831 ,
        0.43029153, -0.76132405,  0.3443365 , -1.5396945 , -1.3972856 ,
       -0.8980933 ,  0.08003854,  1.105609  ,  0.5156238 , -1.0347842 ,
       -0.5701834 , -0.37458923,  0.73577416,  1.7156847 ,  1.318584  ,
        0.49791795, -1.0773671 ,  1.4497528 ,  0.91364926,  1.7850635 ,
        1.3086004 , -1.5100911 ,  1.1465687 , -0.9432037 ,  0.63455415,
       -1.713084  ,  1.2551143 ,  0.11221088,  0.9045528 ,  1.7209462 ,
       -0.95872474, -1.7329932 ,  0.06789176,  1.481699  ,  1.0177841 ,
       -0.92351806,  0.59956926, -0.20609337, -1.78704   , -1.1795082 ,
        0.5185794 ,  0.0697266 , -1.080665  , -1.0355307 ,  0.58211   ,
       -0.9541625 ,  0.47786134, -1.4651141 ,  1.3664136 ,  0.22574574,
       -1.1573651 , -1.8388094 ,  0.4434396 , -1.9875578 , -2.017285  ,
       -0.42235428, -0.5148361 ,  0.90400326, -0.5814271 , -0.1121059 ,
        0.7502848 ,  1.4171433 , -0.4496541 , -1.8576514 ,  1.705812  ,
       -1.365863  , -2.0609965 , -1.8335223 , -2.049161  , -1.9314182 ,
        0.08558263, -0.7653595 , -0.70235044, -1.2855748 , -0.38402504,
        1.4517379 ,  0.7657648 ,  1.1128981 , -0.70188624, -0.488982  ,
        1.4110298 , -2.1682227 , -1.7840579 ,  0.5824425 , -0.6547072 ,
        0.6502143 ,  1.3004755 , -0.13081099, -1.4656556 , -1.8623917 ,
       -0.07800526,  1.7093421 , -1.2260125 , -1.2730453 , -1.641856  ,
       -0.5223404 , -1.3339772 , -0.15573718, -0.26491997,  0.8093678 ,
       -1.8779163 , -0.18564129, -1.6052152 ,  1.6751857 ,  0.05550227,
       -1.7835951 ,  1.2796166 , -0.84414387,  1.1963744 ,  0.863159  ,
       -1.9102893 ,  0.5560264 ,  0.85836154,  1.4719903 , -0.07206504,
       -0.16906935, -0.5427754 ,  1.7240944 ,  1.618757  , -1.3786575 ,
        0.86967254,  1.4357536 , -0.4992985 ,  0.37346768, -2.0039937 ,
        1.451804  , -1.8093174 ,  1.3594844 ,  0.5097391 ,  0.93732166,
       -0.02248084, -1.2862833 , -1.831182  , -0.46661156, -0.33435667,
       -0.96152353, -1.0070759 ,  0.1982408 ,  0.3123402 , -0.90536916,
        0.58407354,  0.07514822,  1.0541934 ,  1.5043914 ,  0.18850887,
       -1.1690615 ,  0.5951804 ,  0.4054031 , -0.85064596,  1.6785712 ,
       -0.6916535 , -1.7895688 ,  1.7557511 , -0.86757916,  0.05450717,
       -0.39291668, -1.1731801 , -1.7254097 ,  1.9513146 , -0.45988458,
       -0.8427753 , -2.0464084 ,  0.38289204,  1.1899575 ,  1.4069077 ,
        0.00321935,  1.6451075 ,  0.99415845, -1.2844598 , -1.7932966 ,
       -1.8203279 ,  0.02779098, -0.06875098, -1.2296493 ,  0.32400027,
        0.33317354,  0.43663985, -1.820071  , -1.5858159 , -0.36188862,
       -1.4521494 , -0.479414  , -0.22227272,  0.24293055,  1.381289  ,
        1.4808034 , -1.6450431 ,  1.5189238 , -0.7766229 ,  1.5403337 ,
       -0.50664127,  0.5756036 , -0.5953656 , -0.6559024 , -0.30899072,
       -1.0200229 , -0.9713077 , -0.6193236 , -1.7363899 ,  1.7324798 ,
       -1.1329823 , -1.2843785 , -1.2299263 , -0.6501154 , -2.008511  ,
        0.0988114 , -0.6638936 , -1.4070406 ,  0.78274864,  1.0822182 ,
       -1.659779  , -1.6226361 , -0.5748962 , -0.06472685, -1.7614391 ],
      dtype=float32), 'decoder.fc.6.weight': array([[ 1.1137922 , -1.2043468 ,  1.0541965 , ..., -3.232825  ,
         2.69518   , -1.0897148 ],
       [-0.09948704, -0.5464634 ,  0.9848319 , ..., -2.4922917 ,
         3.6469378 , -3.1312456 ],
       [ 2.9934652 , -3.4370399 ,  0.66333455, ...,  2.383966  ,
        -0.6295011 ,  2.7617896 ],
       ...,
       [ 2.5862336 , -1.920517  ,  2.596538  , ...,  2.1242225 ,
        -3.1127622 ,  1.0349317 ],
       [-2.4824965 ,  2.1317148 , -3.2627413 , ..., -1.9936624 ,
         1.2662    ,  4.419535  ],
       [-1.6918948 , -0.69326216, -1.2487545 , ..., -1.5040214 ,
        -3.4118626 ,  2.266654  ]], dtype=float32), 'decoder.fc.6.bias': array([0.22909072, 0.01271325, 3.143975  , ..., 3.1248949 , 1.6726117 ,
       3.4067197 ], dtype=float32)}
[Time: 27.01.25 20:34:26] [Level: info] [State: aggregate] {'encoder.fc.0.weight': array([[-3.5538394e+00,  2.9938161e-02,  6.6032279e-01, ...,
        -1.6083961e+00,  2.7083223e+00, -1.4046173e+00],
       [ 1.7480760e+00,  1.3902199e+00,  4.3649384e-01, ...,
         6.6188133e-01, -2.0715840e+00, -1.7559404e+00],
       [-1.5628674e+00, -1.3572934e+00, -8.2195449e-01, ...,
         1.2882876e+00, -8.9288369e-02, -5.2081656e-01],
       ...,
       [-1.1682202e+00, -3.1136241e+00, -1.2948084e+00, ...,
        -1.7403668e+00,  3.0308251e+00, -2.0735133e+00],
       [ 1.9726503e-01,  2.9017158e+00,  7.1944559e-01, ...,
         1.8185799e+00, -7.5752614e-04, -1.5999007e+00],
       [ 9.1724610e-01, -4.7010815e-01, -2.9871604e+00, ...,
        -2.4051738e-01,  1.4736147e+00, -2.3334461e-01]], dtype=float32), 'encoder.fc.0.bias': array([-1.163     , -3.7612195 , -1.1480777 , -1.579726  ,  1.3133391 ,
        0.889593  , -1.0980608 ,  0.33927798, -0.30965632, -0.56331164,
       -1.1843647 ,  1.0940748 , -1.2558157 , -2.114355  , -1.6033866 ,
       -0.47145736, -3.5800662 , -2.2069333 ,  0.73279476, -0.48050764,
        0.7713791 ,  0.3755045 , -3.3078582 , -1.29325   , -3.4926965 ,
       -0.88606316, -1.5446451 , -2.1183467 , -2.1589456 ,  0.12691115,
       -1.2363937 , -2.6681118 , -0.82645214, -3.2864408 , -0.05200754,
        0.9023613 ,  0.12659788,  0.5031851 , -1.0144687 , -0.81900054,
       -2.572846  , -1.8548098 ,  0.84363276, -0.40467703, -3.8421977 ,
        0.324306  , -0.23808464, -1.2067976 ,  1.5085189 , -1.5062146 ,
        0.23189543, -0.7862637 , -2.3677373 , -1.9676231 , -0.9063567 ,
       -2.0880518 , -0.78551173, -1.4346018 , -1.7722898 , -4.147821  ,
        0.36620063, -2.1449938 , -0.18922156, -2.780631  , -1.4493654 ,
       -2.725466  ,  0.10244951, -2.9205704 , -2.3318014 ,  0.14685099,
       -0.92066467, -0.44132674, -3.3961854 ,  0.41936052, -1.7732387 ,
       -1.5199964 ,  0.65098214, -2.5671427 , -3.4951239 , -1.781901  ,
       -3.039371  , -3.2203133 , -2.8087153 , -1.3110659 , -1.1016512 ,
       -3.1259716 , -0.76057756,  1.128708  , -0.7908155 ,  1.382549  ,
       -3.1761189 ,  1.3622558 , -2.9043822 , -2.05718   , -0.89514846,
       -1.1432302 , -3.3763325 , -2.1778145 ,  0.09252204,  2.692152  ,
        0.20882377, -2.0016787 , -0.98899424, -3.5666654 ,  1.3619088 ,
       -1.9867995 , -1.7147427 , -2.0196328 ,  1.6484027 , -1.107119  ,
       -0.6396421 , -2.1729264 , -3.8000693 , -2.236183  , -0.41637367,
        1.2769495 ,  2.953628  , -2.3067236 , -0.6910006 , -0.45117697,
       -3.0115645 ,  0.92231476, -2.550999  , -4.0901346 ,  1.0767231 ,
       -3.0888782 , -3.1594555 , -0.21233395,  0.03929327, -1.3997811 ,
       -0.32956222, -2.126696  , -1.5558764 , -4.6678476 , -3.7169032 ,
        1.7329979 , -1.5467856 , -3.7146327 , -3.0748825 ,  0.4112427 ,
       -1.2204466 , -1.1235762 , -2.464765  ,  0.14339763,  0.84973913,
       -1.8128977 , -2.7786093 , -3.0813646 , -2.3607526 , -4.215082  ,
       -0.05086767, -1.1931883 ,  1.833324  , -1.3033832 , -1.1251733 ,
       -0.91642475, -1.6695251 , -3.2614813 , -0.64903206, -1.3816075 ,
        0.40064138,  0.23355216,  0.8103409 , -0.7666718 , -1.4872082 ,
       -3.7360897 , -3.0066733 , -2.4542572 , -3.6598392 , -3.4149044 ,
       -1.8335363 , -0.30482408,  0.22461241, -1.2279756 , -2.6120882 ,
       -2.1025364 ,  0.26173145, -1.2657161 , -1.9435738 , -1.202654  ,
       -3.6309042 ,  0.07305247,  2.3771672 , -0.16598077, -0.18432468,
       -0.09880716, -0.09290247,  0.24305907,  0.8684499 , -2.599462  ,
        0.02974534, -0.09491931,  1.1433697 ,  0.9919482 ,  0.32277152,
       -2.979228  , -0.87400746,  0.97041875, -1.6979749 , -0.47692466,
        0.35455677, -4.3221207 , -2.0174778 ,  0.04093652,  0.45494217,
       -4.048645  , -2.680737  , -0.8075438 , -3.0802956 ,  1.2175092 ,
       -1.1144466 , -0.16840859, -0.84674597,  0.38096195, -0.48921293,
       -2.3682113 , -1.7897669 ,  1.151578  ,  0.5202304 , -2.3209534 ,
       -2.5786633 ,  0.49643022, -3.9848456 , -2.339003  , -1.191013  ,
       -2.8536625 ,  1.0814884 ,  0.04235843, -4.2425203 , -1.5839279 ,
       -0.29867685,  1.149519  ,  0.20862806, -2.316921  , -1.8870683 ,
        0.11340485, -2.5541506 ,  0.08753788, -2.6699243 , -1.997406  ,
       -0.4622646 , -0.3958127 , -2.5788379 , -0.26405928, -2.2795525 ,
       -3.0062163 , -2.6957831 , -1.7663122 , -0.79227984, -1.7730362 ,
       -0.27121475, -2.067182  , -2.1574416 , -2.8467488 , -0.15241355,
        0.58174807, -3.9627519 , -0.8131817 , -3.0669293 , -1.4198167 ,
       -1.3164973 , -1.7843895 ,  1.8238728 , -2.1817424 , -0.37238804,
       -2.5222685 , -0.6605865 , -3.5940464 ,  0.50720596, -3.206915  ,
       -4.215707  , -3.2075782 , -0.8133204 , -2.2701125 ,  1.1477779 ,
       -3.41029   , -2.1181698 ,  1.2760525 , -0.46185517, -3.4971251 ,
       -1.7319915 , -2.6191385 ,  0.86986744, -1.5884635 , -0.00890689,
       -2.6182687 , -2.1529856 , -0.10461096, -0.31432557, -1.067388  ,
       -3.3994248 , -1.9691749 , -2.5021386 , -3.022275  ,  1.1052036 ,
       -1.3814018 ,  0.39957923, -1.0163696 , -1.6633669 , -3.7243934 ,
       -2.4391613 , -1.5070436 , -3.1679971 ,  0.3492093 , -1.1831648 ,
       -1.0483487 , -1.770513  , -0.59347343,  1.107621  ,  0.06987139,
        0.85942817,  2.4491806 , -0.5587418 ,  1.4045377 ,  1.2004468 ,
       -2.7741096 , -3.9839864 , -2.631595  , -0.06930853, -0.3654955 ,
       -4.095276  , -2.2194188 ,  0.05329513, -3.3898482 , -1.4516406 ,
       -0.64687866, -2.8212938 , -1.0587509 , -0.0350723 , -0.10853794,
       -0.96894985,  1.4562217 , -0.07944202, -0.5107808 , -2.8129714 ,
       -0.14029351, -0.7590834 , -3.720366  ,  0.08712113, -1.2414827 ,
       -2.17318   , -1.5903502 , -1.1523507 , -0.6558163 ,  0.9552586 ,
       -0.00705997, -3.355799  ,  0.3378878 ,  0.48515433, -1.2886605 ,
       -2.4241068 , -0.33631188, -0.27737775, -0.24984863, -1.0992484 ,
       -4.101548  ,  0.09333038, -1.518188  , -1.1589897 , -1.6843321 ,
        0.7650767 , -3.7545793 , -2.500382  , -3.1221743 , -4.0358458 ,
       -2.190196  , -1.0319602 ,  0.35633415, -0.77971137, -3.598401  ,
       -2.947535  ,  1.2866104 , -0.1305946 , -0.79892266, -3.3500156 ,
        0.01287862, -1.0002677 , -0.75449914, -0.949818  , -1.2162951 ,
       -2.0252805 ,  0.9990558 , -2.7104397 ,  0.91363025, -0.93717694,
       -1.9424958 , -3.4045792 ,  1.3928888 , -1.1551228 , -2.849436  ,
       -0.920912  , -1.8478205 , -3.0478115 , -1.61323   , -0.8945824 ,
       -2.8685627 , -3.203346  ,  0.08316973, -1.8892527 ,  0.2499403 ,
       -2.821146  , -2.8321164 , -1.810509  , -2.1647725 , -4.2001934 ,
       -1.138047  , -1.8868856 , -0.10708106, -1.292511  , -3.6875234 ,
       -1.3677444 ,  1.5756884 , -2.389483  ,  0.14328295, -2.555438  ,
       -3.8316698 , -2.4310615 , -3.3088055 , -0.6327289 ,  0.5508604 ,
       -0.6270022 , -0.8042649 , -1.8621964 , -1.285928  , -1.748555  ,
        0.78794885, -0.73492163,  0.16051595,  0.42079464, -1.530117  ,
       -2.4724278 ,  0.15338404, -0.6686799 , -1.0058107 , -2.4642713 ,
       -0.27963924, -0.2067411 , -2.4199822 ,  1.033176  , -0.8270926 ,
       -2.5606441 , -1.4936863 , -2.5701387 , -1.130724  , -1.5743192 ,
       -0.4844221 , -1.5285175 ,  0.5729028 , -3.5519927 ,  1.0436467 ,
        0.4553433 , -0.02707672, -4.587709  , -2.5703168 ,  0.563501  ,
       -3.0550122 , -2.6213667 , -3.59093   , -2.5243044 , -2.943966  ,
       -2.8944652 , -1.1073035 , -0.26850957, -0.4601258 , -0.21750383,
        1.0812485 ,  0.14971846, -1.201707  ,  0.9377042 , -3.4511962 ,
       -0.43632483, -1.5488236 , -1.7245347 , -2.604365  , -3.451819  ,
       -0.0740525 , -1.679781  , -2.0993156 , -0.9578581 , -0.73106474,
        0.86746013, -0.25066152, -2.701356  , -2.8254843 ,  0.23932746,
       -3.154158  , -2.8533564 , -2.3739555 , -0.57465273,  0.9776825 ,
       -3.0999646 , -3.2319202 , -3.7443428 , -0.65730214, -1.4678704 ,
       -2.1992226 , -0.18410064,  3.3575325 , -1.410591  ,  0.2469616 ],
      dtype=float32), 'encoder.fc.2.weight': array([[ -4.442972  ,   3.1462963 ,  -9.599461  , ...,  -1.6334558 ,
         -6.9759736 ,   9.251972  ],
       [  2.4713778 ,  -0.78098035,   0.48493096, ...,   1.8345034 ,
        -11.587074  ,   3.039374  ],
       [ -7.26626   ,  -8.2668705 ,  -5.977293  , ...,  -3.5337515 ,
         -3.8551776 ,  -4.16557   ],
       ...,
       [ -4.015605  ,  -6.381998  ,  -2.954207  , ...,   1.5619042 ,
          4.250416  ,  -0.04932336],
       [ -3.7832637 ,   6.6389623 ,  -0.6470108 , ...,  -6.436841  ,
          2.5405655 ,  -6.706394  ],
       [ -9.238526  ,   9.616846  ,  -6.166095  , ...,   1.6779556 ,
         -5.114316  ,   7.4152265 ]], dtype=float32), 'encoder.fc.2.bias': array([-10.709648 ,   1.3489325,  -1.3935966, ...,   8.991816 ,
         4.440346 ,   3.6242404], dtype=float32), 'encoder.fc.4.weight': array([[-0.8014227 , -6.5070534 , -0.99878776, ..., -3.8101873 ,
        -2.5671573 , -5.8744187 ],
       [ 1.054858  , -2.5398898 , -2.063602  , ...,  0.19074377,
         3.521076  ,  1.0527462 ],
       [ 2.134963  , -3.8423524 , -4.008584  , ..., -0.93531615,
         2.5369174 , -4.1785684 ],
       ...,
       [-5.883875  ,  1.3186415 ,  3.677714  , ..., -2.0897298 ,
        -1.5597537 , -0.6753272 ],
       [-3.1913059 ,  0.9320755 ,  0.29529077, ...,  4.1982765 ,
         3.0355203 ,  0.3287803 ],
       [-6.596463  , -1.1221895 ,  0.12759787, ..., -4.529585  ,
         2.6506734 , -1.9905088 ]], dtype=float32), 'encoder.fc.4.bias': array([-4.98638058e+00, -2.20559692e+00, -7.41691232e-01, -4.98583889e+00,
       -3.98722672e+00, -5.91305542e+00,  4.54796135e-01, -2.25238132e+00,
       -4.00361204e+00, -1.18618083e+00,  1.86728346e+00,  1.54071474e+00,
       -4.75793314e+00, -5.07629013e+00,  8.18520546e-01,  3.99731636e-01,
       -5.49032402e+00, -2.49173611e-01, -2.37074900e+00,  3.22139311e+00,
       -4.35851288e+00, -4.57149887e+00, -4.70842171e+00, -2.23257875e+00,
        2.15630770e+00, -5.17155886e-01,  1.27548075e+00,  3.86006999e+00,
       -9.97329831e-01, -8.86296630e-02,  2.61525488e+00, -9.83440340e-01,
        2.01198339e+00, -1.90477002e+00, -2.90101242e+00, -4.13701248e+00,
        9.15354609e-01,  2.53332543e+00,  1.24285626e+00,  3.33545136e+00,
        2.66769886e+00,  2.92288733e+00,  3.30789542e+00,  4.16772544e-01,
        3.11638641e+00,  4.06385422e-01, -4.35368919e+00,  5.08985329e+00,
        1.58354008e+00, -4.13935375e+00,  4.61362123e+00, -3.38110638e+00,
        7.78663754e-01,  3.70652527e-01, -4.79612064e+00, -2.62050438e+00,
        2.71607018e+00,  4.68679619e+00, -3.36417198e-01,  4.40676498e+00,
        3.91467333e+00,  2.27285087e-01,  1.07994080e+00,  2.15473270e+00,
       -3.04594421e+00, -1.13639057e+00,  3.04346055e-01, -2.06324697e+00,
       -1.93464663e-02,  3.22452164e+00,  3.51232195e+00, -6.30857992e+00,
        2.80050725e-01,  3.90383720e+00, -2.39434767e+00,  1.17399728e+00,
       -4.47285080e+00, -4.53210250e-02, -3.93969297e+00,  2.88685441e+00,
        3.42210150e+00,  2.41939163e+00, -6.85660720e-01, -4.00149059e+00,
       -5.37991142e+00,  1.71830106e+00, -7.85385370e-01, -5.49906254e+00,
       -5.66720724e+00,  1.98057353e+00, -4.21558571e+00,  1.91041678e-01,
       -4.99065304e+00, -1.31669664e+00,  2.41433144e+00, -1.80497432e+00,
        1.97507358e+00, -6.39271927e+00,  4.57535172e+00, -3.18057346e+00,
        2.65619969e+00,  4.04141808e+00,  2.54358721e+00, -4.38383728e-01,
       -1.34775853e+00,  2.39993429e+00, -2.51870084e+00, -2.44630098e+00,
       -4.49003649e+00,  4.69745541e+00,  6.19455099e-01,  2.30037832e+00,
        1.41393781e+00, -4.60659313e+00,  9.40680027e-01, -3.10712814e+00,
        3.24385166e-01, -7.60464728e-01,  4.09851933e+00, -2.62851000e-01,
       -5.80212784e+00, -1.20884693e+00, -5.14437723e+00, -2.03440976e+00,
       -5.20877838e+00,  8.98789108e-01, -7.67266631e-01, -2.95893240e+00,
        3.34946299e+00,  1.53266859e+00, -2.13104582e+00,  5.47397089e+00,
       -2.71781111e+00, -5.40645885e+00,  3.91139889e+00,  9.46080238e-02,
        2.65343380e+00,  4.48220104e-01, -4.98953104e+00,  1.26258194e+00,
       -6.54468441e+00, -4.93080807e+00, -4.27365732e+00, -1.20961154e+00,
        1.13446033e+00,  1.71729791e+00,  3.60547924e+00,  4.66150188e+00,
        1.89767241e+00, -9.79352236e-01, -3.39709854e+00,  1.57453966e+00,
        3.74311066e+00,  8.09155226e-01, -5.65030575e-02, -4.26356220e+00,
       -1.90164471e+00,  3.82417202e+00,  7.26033330e-01, -7.15717196e-01,
       -3.47413033e-01, -5.49186277e+00,  3.40736818e+00, -1.98428929e+00,
       -1.78477407e+00, -3.80343890e+00,  3.96359062e+00, -6.40623236e+00,
       -2.47580266e+00,  2.49684858e+00,  4.18003464e+00,  5.70945561e-01,
       -6.02102470e+00,  3.26084852e+00,  3.25114560e+00, -2.86134243e-01,
        1.42833400e+00,  1.73052979e+00, -4.30337381e+00,  1.68595970e-01,
       -4.85336161e+00, -3.30666065e+00, -4.35584545e+00,  2.99348354e+00,
        3.31977510e+00,  2.81896734e+00, -2.72101498e+00,  3.82254696e+00,
       -4.05111837e+00,  2.82684040e+00, -2.63477182e+00, -2.90139103e+00,
       -5.92218637e-01,  4.11490142e-01, -3.51478100e+00,  1.40762293e+00,
        1.41932964e+00,  1.78937173e+00,  5.14302433e-01, -2.69685030e+00,
       -5.19324684e+00, -5.62580347e-01, -3.00279593e+00, -5.70530128e+00,
        3.05615544e+00,  4.10606432e+00, -4.27291870e+00, -1.81396365e+00,
       -2.12658119e+00,  2.46047109e-01,  3.73283100e+00,  2.92613316e+00,
        3.16447735e+00,  2.94788170e+00,  4.67777586e+00,  4.58511591e+00,
       -5.31997681e+00, -6.21232414e+00, -1.51680672e+00, -5.57392979e+00,
       -2.02224112e+00,  3.44414520e+00, -1.08308220e+00, -4.14399338e+00,
        4.12108278e+00,  2.83155584e+00,  3.97549629e+00, -8.10750067e-01,
       -5.06068563e+00,  5.24768271e-02, -2.68668652e+00,  2.94408274e+00,
        2.38532853e+00,  1.63272822e+00,  3.45540285e+00,  7.25248039e-01,
       -2.02696371e+00, -3.37773275e+00,  1.50309527e+00,  8.01519871e-01,
       -4.30082917e-01,  4.06423569e+00,  1.98414922e+00, -2.12028670e+00,
       -6.40308523e+00,  1.37561512e+00,  1.96536899e+00,  3.62805104e+00,
        1.60022235e+00,  2.40649509e+00, -1.04032421e+00,  1.37332213e+00,
       -5.55084562e+00,  4.23358679e+00,  7.60771930e-01, -5.08058596e+00,
       -3.36142659e+00,  3.11366856e-01, -6.19276810e+00, -4.49939728e+00,
        1.49993229e+00,  1.21674550e+00, -1.38016713e+00, -4.96071243e+00,
       -1.36177015e+00, -3.02078903e-01, -2.00348282e+00, -4.09138727e+00,
       -1.95574486e+00,  4.49588156e+00, -8.76320422e-01,  1.83909869e+00,
       -2.11587167e+00,  2.56772804e+00,  3.07093954e+00, -3.04957724e+00,
       -4.00557089e+00, -4.57851028e+00, -2.84513450e+00,  3.25485408e-01,
        2.85146761e+00, -8.16686869e-01, -5.38234997e+00, -5.13136196e+00,
       -5.92761326e+00, -5.49724531e+00, -2.64196348e+00, -5.64626122e+00,
       -2.35082912e+00, -2.07710743e+00,  2.85094714e+00, -7.74144173e-01,
       -2.87880182e+00,  1.14934267e-02, -4.20385075e+00,  2.45600045e-01,
        3.32894969e+00,  4.33296776e+00,  3.49320817e+00,  3.18925190e+00,
        5.91850400e-01, -3.58870912e+00, -2.47092438e+00, -4.74438211e-03,
       -3.98567152e+00, -5.67135811e+00, -1.61672437e+00, -3.27871752e+00,
       -6.30873203e+00,  6.72929883e-01,  2.36493802e+00,  4.36211050e-01,
        1.85381889e+00, -3.36879086e+00, -7.69977987e-01, -1.19482845e-01,
        3.44430327e+00, -3.83699727e+00, -6.58189917e+00,  3.41152668e+00,
        5.67994976e+00,  3.51670980e-01, -3.00437868e-01, -4.62476635e+00,
       -8.14499080e-01, -3.70127726e+00, -2.33772564e+00, -4.94652891e+00,
       -1.58033991e+00, -4.45820141e+00, -7.45869517e-01, -3.21415043e+00,
       -3.77729893e+00,  1.92515469e+00, -4.39898491e+00, -9.66488123e-01,
        1.63265657e+00, -4.30049610e+00, -4.61853123e+00,  3.65802336e+00,
       -3.98787796e-01,  7.45270133e-01, -6.32113409e+00,  6.81786954e-01,
        3.75039959e+00,  4.70189857e+00, -5.19820261e+00,  2.32633686e+00,
       -3.18365407e+00,  9.51366842e-01, -5.30957937e+00,  2.44598746e+00,
        3.31715405e-01, -6.15642262e+00, -4.26390934e+00,  1.87224579e+00,
        1.72091201e-01,  8.79610419e-01,  2.04728198e+00,  3.94898486e+00,
       -9.38925743e-01,  2.16336727e+00, -5.80050564e+00,  1.54679453e+00,
       -3.40409756e+00, -2.56546903e+00, -5.01544285e+00, -9.32472289e-01,
       -5.91794205e+00, -2.49281740e+00, -5.45416951e-01, -6.92506254e-01,
       -4.59008026e+00,  8.32159817e-02, -5.31703472e-01, -1.66478848e+00,
       -3.31205463e+00, -2.25299644e+00, -3.59788799e+00, -3.90648580e+00,
        5.03920460e+00,  3.71734285e+00, -3.06604564e-01, -1.11395121e+00,
        3.48423600e+00, -1.67354071e+00, -2.31357765e+00, -4.91346025e+00,
       -1.85037994e+00,  1.15113527e-01,  4.66639638e-01, -6.52149153e+00,
       -3.19716549e+00, -5.94107580e+00,  3.51967841e-01, -9.20434475e-01,
       -6.35178471e+00, -4.73739147e+00,  1.50402856e+00, -3.28359246e+00,
        2.65002728e+00, -4.17260218e+00,  3.10450345e-01, -3.44707274e+00,
        2.00993400e-02,  4.31373453e+00,  2.73538768e-01, -2.30256319e+00,
       -1.13504791e+00, -4.52215290e+00,  1.36686194e+00, -5.55357993e-01,
       -8.10599089e-01,  3.67312360e+00, -2.46925831e+00, -2.05773640e+00,
       -3.93038106e+00, -2.63903737e-01, -5.33387613e+00, -2.00363111e+00,
       -9.38681960e-01,  4.43226862e+00, -6.21099186e+00, -1.13203943e+00,
       -4.19825459e+00, -1.71642995e+00, -2.43556425e-01, -3.03296423e+00,
       -3.05831623e+00, -2.75063705e+00, -1.11514127e+00, -4.45168686e+00,
        2.52550411e+00, -9.57429707e-01,  3.87581277e+00, -1.62584388e+00,
       -5.76795769e+00,  3.97614670e+00, -1.07125616e+00, -4.17772102e+00,
       -4.36704826e+00, -1.81996870e+00,  4.22547042e-01, -1.75010061e+00,
        1.74839282e+00, -3.20126224e+00, -1.55904517e-01, -1.96876025e+00,
       -8.43712211e-01, -5.29892588e+00, -4.93102789e+00, -1.32321179e+00,
        1.81493962e+00, -9.03761923e-01,  4.33875179e+00, -6.40042591e+00,
       -5.69731760e+00,  1.39767796e-01,  6.88721657e-01, -2.07811832e+00,
       -4.53308010e+00, -6.36064148e+00, -5.01918125e+00,  1.92360163e+00,
        6.81561112e-01,  4.76507485e-01, -2.91483212e+00, -1.89864600e+00,
        5.20389652e+00, -4.90428734e+00, -5.68858337e+00, -3.76592374e+00,
       -3.22395849e+00,  2.10622787e+00,  4.05271769e+00, -3.48545909e+00,
       -9.77954984e-01, -4.76735115e+00,  4.42908525e+00, -3.38511610e+00,
       -1.31114006e+00, -9.01445627e-01,  3.79717040e+00, -1.81322587e+00,
        2.52760649e+00, -3.91275358e+00,  5.50377220e-02, -2.88627958e+00,
       -3.00629187e+00, -3.27899981e+00, -4.58838177e+00, -5.76465225e+00,
       -5.80853075e-02,  1.83335090e+00, -3.66218758e+00, -1.02234197e+00,
       -4.66451359e+00,  8.91640484e-01,  1.24989748e-01,  3.32577252e+00],
      dtype=float32), 'encoder.fc.6.weight': array([[-7.334716  , -5.608464  ,  1.1468023 , ..., -3.8116498 ,
        -2.7774086 , -8.196756  ],
       [ 8.807045  ,  8.934497  ,  9.760651  , ...,  7.981669  ,
        -9.704179  ,  5.8130684 ],
       [-3.3397574 , -5.1268225 , -6.1141214 , ..., -0.1742932 ,
         6.5748606 , -9.758256  ],
       ...,
       [ 3.8731751 , -9.46093   ,  4.2896495 , ..., -7.3454914 ,
         3.9573934 ,  8.870007  ],
       [ 6.4079924 , -4.223649  ,  0.5053118 , ...,  0.49794215,
        -0.27530065,  8.784671  ],
       [-6.1233974 ,  5.350714  ,  6.5713243 , ...,  3.809051  ,
        -6.107622  ,  7.1621304 ]], dtype=float32), 'encoder.fc.6.bias': array([ 5.316291 , -1.821776 , -6.0829334,  1.4262356, -4.305809 ,
       -7.7699766,  5.6459613,  6.608863 ,  2.722436 , -7.254407 ],
      dtype=float32), 'decoder.fc.0.weight': array([[-24.174671  ,  57.732468  ,  58.224117  , ...,  22.82304   ,
         -7.617797  ,  17.495308  ],
       [-42.624542  ,  36.46912   , -19.539232  , ..., -48.557487  ,
        -19.24359   , -71.36634   ],
       [-61.95678   , -24.80083   ,   4.8790045 , ..., -34.88647   ,
        -23.777643  , -56.426895  ],
       ...,
       [-78.244545  ,   3.6146712 , -27.008018  , ...,  58.42137   ,
         13.582748  ,  -0.81266016],
       [ 43.12285   , -43.400543  ,  49.318993  , ...,  15.256073  ,
        -69.43909   , -34.89817   ],
       [ 30.421032  ,  14.369637  , -70.77995   , ...,  42.613533  ,
        -54.996307  , -29.110731  ]], dtype=float32), 'decoder.fc.0.bias': array([-2.4002369e+01, -1.2721298e+01,  2.0458895e+01, -5.7820179e+01,
        2.2614437e+01,  6.3307457e+01,  6.8234947e+01,  1.3924178e+01,
       -6.2323795e+01,  2.1669016e+01, -5.4054208e+00, -6.3201439e+01,
       -1.7172853e+01,  1.7934498e+01, -4.8598385e+00,  8.6189613e+00,
       -1.8064125e+01,  1.1060923e+00,  4.6080013e+01, -1.6972069e+01,
       -3.4932003e+01,  2.7163033e+01,  7.4005632e+00, -3.1537142e+01,
        5.1002327e+01,  4.6197334e+01,  3.7679226e+01,  4.4405045e+01,
       -2.8521418e+01,  2.3112930e+01,  5.3831642e+01, -1.5890409e+01,
        5.4344135e+01, -6.5052361e+01,  5.0120918e+01, -2.6098280e+01,
        1.9222235e+01,  7.3499573e+01, -4.6579269e+01, -6.8687454e+01,
       -5.2893169e+01,  2.2541687e+01, -6.2594772e+01,  1.8995750e+01,
        7.7160355e+01, -2.4614005e+00, -1.8093037e+01,  5.2257488e+01,
        5.9650604e+01,  4.4689193e+00, -6.6190994e+01, -6.2647694e+01,
       -2.1368114e+01,  3.3676563e+01, -2.7240601e+01, -7.1497116e+00,
        6.3679901e+01,  7.3660339e+01, -5.0270634e+01, -2.5429962e+01,
       -3.6263138e+01,  6.5792060e+00, -1.9648296e+01,  3.9557915e+01,
        7.6772949e+01,  5.4114712e+01,  1.9009773e+01, -1.7830603e+01,
       -5.7821068e+01, -5.3668221e+01,  4.6902626e+01,  4.4392857e+01,
       -2.1210678e+01,  1.0130185e+01, -6.1644157e+01,  6.9269836e+01,
        4.3356243e+01,  7.2054398e+01,  5.3367108e-01, -2.5801249e+01,
        5.9321909e+00, -7.1130173e+01,  2.7046921e+01,  4.5515762e+01,
        5.5216217e+01, -3.6288200e+01,  7.0559944e+01, -3.9863514e+01,
        6.0203514e+01, -3.3925232e+01, -9.1279545e+00, -7.2562164e+01,
       -3.4282289e+00, -3.8560112e+01, -1.3136132e+01, -4.0126014e-01,
       -4.0154982e+00, -3.9138123e+01, -4.1393711e+01,  7.4563019e+01,
        5.6182240e+01, -5.6867958e+01, -4.2977428e+01, -7.2605446e+01,
        3.5798141e+01, -5.0184631e+01, -1.2191291e+00,  4.7230711e+00,
       -1.8395300e+01, -5.6356236e+01,  1.4658832e+01,  9.4384041e+00,
       -1.6075863e+01,  1.7464891e+01, -2.3524036e+01,  1.5627076e+01,
        8.1214142e+00,  4.6057503e+01,  2.7240314e+01,  3.2938274e+01,
        5.8721325e+01, -1.6662912e+01,  4.4470142e+01,  4.2849232e+01,
       -2.7050591e+01,  1.2488674e+01, -4.2741442e+00,  5.2924816e+01,
        6.2520423e+00, -1.5407623e+01, -2.7603024e+01, -6.2057404e+01,
       -1.1986673e+01,  3.9889786e+01, -7.2295753e+01, -6.4868546e+01,
       -3.3541862e+01, -3.1626907e+01, -7.4272751e+01, -3.4417019e+01,
       -1.4339233e+01,  2.5675026e+01, -3.0444300e+01,  4.1916265e+00,
        4.8632820e+01,  6.0594097e+01, -4.5375896e+01,  5.2179550e+01,
        6.8293594e+01, -1.9690552e+01, -5.4785851e+01,  6.5627846e+01,
        3.9168727e+00, -2.7064121e+01,  6.8327705e+01,  6.3455811e+01,
        7.2785461e+01, -5.5753517e+01,  4.0297298e+01, -6.3484718e+01,
        2.2852768e+01, -2.6930828e+01,  4.5379204e+01, -1.1945344e+01,
        4.4088120e+01, -2.4808382e+01,  4.3219498e+01,  2.6502579e+01,
        7.5916779e+01, -1.9764248e+01, -6.7583321e+01, -7.3762833e+01,
       -1.3464758e+01,  6.2761002e+01,  7.7782578e+01,  5.1766579e+01,
       -4.1545887e+01,  3.1931007e+01, -3.8440994e+01, -6.2796398e+01,
       -1.5869536e+01, -2.7588530e+01,  7.0768250e+01,  1.7953440e+01,
       -5.7785164e+01,  2.9251539e+01,  7.4202019e-01,  5.2304230e+01,
        5.4621185e+01,  1.7596672e+01, -5.5942406e+01,  1.1198423e+01,
        6.3117531e+01, -7.5531502e+01, -4.4923450e+01,  4.2491554e+01,
        3.6189484e+01,  1.3461939e+01,  2.2974144e+01,  5.8935768e+01,
        7.3645653e+01, -2.3445358e+01,  5.2667756e+00,  6.3190578e+01,
       -5.2858608e+01,  5.6314255e+01,  3.1310276e+01,  1.0837204e+01,
       -1.9127888e+01, -5.0382824e+00,  4.1220886e+01,  3.4585350e+01,
        1.8502459e+01, -4.0708820e+01, -1.7469904e+00, -6.9773834e+01,
       -5.0901295e+01,  2.6041426e+01,  8.1816425e+00,  5.6535473e+01,
        2.5081314e+01, -6.5209953e+01,  1.3699039e+01,  1.7036427e+01,
        2.5162634e+01, -5.3461971e+01,  7.7380676e+01, -3.8756680e+01,
        2.2440960e+01,  4.7054405e+01, -7.3772115e-01,  1.1803833e+01,
        2.6176813e+00,  3.7122154e+01,  5.4905083e+01,  1.4191727e+01,
        8.9562330e+00,  4.8976398e+01,  9.2980194e+00,  7.2544341e+00,
       -3.1961872e+01,  3.4810406e+01,  3.0153620e+01,  4.2346710e+01,
        5.0365280e+01,  4.0426018e+01, -3.6535389e+01,  2.1412590e+01,
        6.0520992e+01,  6.1138016e+01, -4.5913338e+01, -3.7510750e+01,
       -1.2091994e+00,  2.7977932e+01, -1.6522813e+00,  4.3346203e+01,
        3.2677883e+01, -7.0170509e+01, -1.0772820e+00,  4.9035301e+01,
       -6.2234235e+00, -4.1459999e+01, -7.4015388e+01, -4.2696365e+01,
        1.3043661e+01, -4.8568806e+01,  5.0281269e+01, -6.2373676e+01,
        2.6487854e+01,  7.0663724e+00, -6.8512058e-01,  4.9653282e+01,
       -8.7409172e+00, -6.7020157e+01,  2.0578239e+01, -6.5104347e+01,
       -6.6225500e+00,  7.2560638e+01, -4.0170341e+01,  2.8363993e+01,
       -6.4313293e+01, -4.8769394e+01,  4.6073227e+00,  2.5592325e+01,
       -4.8681164e+00, -5.5800586e+00, -3.0843864e+01, -5.4541817e+01,
        3.1562250e+01, -5.6414825e+01,  2.6905036e+00,  6.9938721e+01,
        4.8077660e+01,  5.9681259e+01, -4.6879745e+01,  3.9933693e+01,
       -3.2129578e+01, -4.8769569e+01,  4.4769115e+01,  6.9192497e+01,
        1.6861219e+01,  1.3980673e+01,  1.1205767e+01, -4.4583572e+01,
        6.6258553e+01, -1.7187374e+01,  6.9584055e+00,  5.3871635e+01,
       -3.1286832e-02,  1.6184368e+01,  1.2044835e+01, -3.2309849e+01,
        7.2994942e+01, -3.0251741e+01, -1.5354393e+01,  5.9257874e+01,
        3.8502502e+01, -3.6216446e+01,  3.6051956e+01, -4.7087334e+01,
        6.8890503e+01, -6.3204357e+01,  4.0395210e+01,  2.0444271e+01,
       -5.9123814e+01,  3.3438644e+01, -2.8350033e+01, -7.6541424e+00,
       -7.6584114e+01,  1.8081799e+01,  2.7427776e+01,  5.8373566e+01,
       -3.8333851e+01, -7.7061391e+00,  3.8052967e+01,  8.7243767e+00,
        5.8259087e+01, -6.1631851e+01,  6.7643143e+01,  6.9573898e+01,
        5.0908897e+01, -2.3729502e+01,  4.3418030e+01, -7.2779762e+01,
        5.1436077e+01,  1.2283044e+01, -1.3005095e+01,  2.0933064e+01,
       -1.8067150e+01, -2.9407436e+01, -2.6629606e+01, -2.1938513e+01,
        4.1393593e+01, -1.1776193e+01, -7.0012238e+01,  1.8726603e+01,
       -2.2872295e-02, -3.0103706e+01,  6.0453003e+01, -4.1001461e+01,
        4.1897224e+01, -5.2161404e+01, -3.7517548e+01,  5.3390518e+01,
       -2.1771982e+01,  5.9478981e+01, -3.6914265e+01, -4.4941391e+01,
        6.8747368e+01,  2.3216957e+01, -6.2067169e+01, -4.8927490e+01,
       -3.7764182e+00, -4.4739861e+00,  6.3484581e+01, -7.5151031e+01,
       -1.4548212e+01,  1.2159923e+01,  2.5494179e+01, -1.4977358e+01,
        7.9289293e-01, -5.6215546e+01,  5.5104408e+01,  2.7979366e+01,
        3.7743931e+01,  5.3550682e+01,  8.2164311e-01,  1.6124050e+01,
       -6.6168442e+01, -6.0963850e+00,  6.5008574e+00,  6.4991768e+01,
       -3.7925156e+01, -3.3357918e+01,  5.3082832e+01,  4.9816177e+01,
        5.8919926e+01, -4.1226299e+01, -7.5094315e+01,  6.5760803e+01,
       -7.7132820e+01, -2.0291405e+01,  3.2996170e+01,  1.0125811e+01,
       -3.1082251e+01, -6.6313995e+01, -6.7034187e+01, -5.3787701e+01,
       -4.7906289e+00,  4.3371193e+01, -7.2034515e+01, -6.7857872e+01,
       -4.6487010e-01,  6.6067915e+00, -2.2719198e+01, -3.3041023e+01,
        6.1914688e+01,  5.8048500e+01,  4.4236801e+01,  6.8545639e+01,
       -1.0687892e+01, -2.2850756e+01,  1.5747869e+01,  5.9201843e+01,
        1.2387326e+00,  2.9732180e+01, -4.7708969e+01,  2.2827135e+01,
       -4.8008060e+01, -2.3670063e+00,  7.4371880e+01, -3.7350323e+01,
        2.8578327e+01, -3.1763012e+01, -4.8472382e+01,  5.9516632e+01,
       -3.4189301e+01, -5.0142151e+01, -3.8761520e+01,  5.1078987e+01,
       -1.4739621e+01, -7.2008865e+01, -1.1543095e+01,  3.8253868e+01,
       -6.5417244e+01, -8.8734856e+00, -5.4689964e+01,  6.5894348e+01,
       -5.8234299e+01, -5.8387264e+01, -6.1654438e+01, -5.2706783e+01,
       -6.0296432e+01,  4.7831665e+01, -6.6274252e+00, -7.7974443e+00,
        5.9135139e+01, -3.1282522e+01, -5.5212559e+01,  2.4640526e+01,
       -3.4057922e+01, -1.9124184e+01, -6.1277317e+01, -5.9686947e+01,
        6.8901726e+01,  1.0512352e+01,  2.5425905e+01,  5.7978020e+01,
        3.5169769e+01, -6.7616959e+01,  6.0875416e+01, -7.0974945e+01,
       -4.2767109e+01,  6.4417763e+01, -2.8217552e+01, -1.6374889e+01,
       -1.9581081e+01,  5.1194695e+01,  7.7764526e+01,  3.1917099e+01,
       -3.2658745e+01,  7.1528358e+01,  3.5541542e+01, -6.8110046e+01,
       -1.0955924e+01, -2.3381823e+01, -3.8848717e+01, -7.2632919e+01,
       -5.0381660e+00,  7.6796417e+01, -6.5601700e+01, -5.5700775e+01,
       -3.6852360e+01,  5.8467072e+01, -5.7444798e+01, -1.6587173e+01,
       -5.3360031e+01,  6.7513321e+01,  7.0963654e+01,  3.0498457e+00],
      dtype=float32), 'decoder.fc.2.weight': array([[ -8.450515  ,   4.748937  , -12.329953  , ...,   9.687342  ,
        -10.420029  ,   8.534277  ],
       [  8.021012  ,  -0.78399825,  -4.3739724 , ...,  -2.0356789 ,
          8.736562  ,   4.848462  ],
       [  6.6597795 , -12.031195  ,  -0.13997129, ...,   9.762575  ,
          6.370923  ,   1.734669  ],
       ...,
       [  6.825839  ,  -8.684786  ,  -6.126007  , ...,   8.163383  ,
        -11.417475  ,   1.3644131 ],
       [  4.2075944 ,  -2.2239258 ,  -7.153324  , ...,  -5.80867   ,
          8.21445   ,   4.233955  ],
       [ -2.1452727 ,   2.3040538 ,   0.33808964, ...,  -3.0746806 ,
         -1.3665798 ,  -1.7810163 ]], dtype=float32), 'decoder.fc.2.bias': array([ 6.048358, 10.078658,  5.087635, ..., -5.647687, -8.464647,
       -8.442311], dtype=float32), 'decoder.fc.4.weight': array([[-4.904804  ,  4.487418  ,  0.6831581 , ..., -2.2264915 ,
         2.9220824 , -1.1216531 ],
       [-3.7929103 , -3.1836355 , -0.9332251 , ..., -2.7277572 ,
        -4.085662  , -3.6045337 ],
       [ 0.4766955 ,  1.3606987 , -3.6480918 , ..., -1.5679061 ,
         1.9642092 , -4.3665624 ],
       ...,
       [-2.1349647 , -1.0950428 ,  4.7575483 , ..., -0.36593992,
        -2.2477605 , -5.4191093 ],
       [ 2.2637217 ,  3.2599235 ,  6.41916   , ..., -0.24448079,
        -3.387464  ,  2.2379785 ],
       [-4.202467  , -0.3327    ,  4.0101643 , ...,  0.29824394,
         4.4557867 , -2.2128043 ]], dtype=float32), 'decoder.fc.4.bias': array([-1.9189897 , -4.9442983 , -6.7922773 , -3.4951038 ,  2.0900254 ,
        2.9394217 , -2.4782598 ,  0.16991305,  0.7279929 ,  3.2553678 ,
       -2.1326501 ,  0.50748336,  1.7477148 , -2.9374077 ,  3.2299995 ,
       -1.6509988 , -4.0712843 , -4.3546095 , -0.13466814,  2.8385952 ,
        2.5965137 , -1.8681133 ,  1.4229753 ,  0.11777416, -0.08263993,
       -1.2866435 ,  0.97257024, -3.4293447 ,  3.024808  , -4.3817115 ,
       -4.8585787 ,  4.6801286 ,  3.106205  , -3.724715  ,  2.638662  ,
        3.2330432 , -5.2587776 ,  2.5701947 ,  0.8925061 , -2.5762186 ,
       -0.43290865, -6.552977  , -5.846276  , -3.829654  ,  4.660236  ,
       -0.851228  , -4.6407895 ,  2.1308064 , -2.4556222 , -3.8349187 ,
       -5.588279  ,  0.9764827 ,  0.86919004, -6.416512  , -5.065651  ,
        1.8352758 ,  3.501388  , -5.4621654 , -5.0057755 ,  0.47192585,
       -1.7333584 ,  0.64081883,  2.3383079 ,  4.422284  , -1.5810456 ,
        0.9976715 ,  1.1805685 , -3.6939447 ,  1.3688817 , -6.2418637 ,
       -4.9824457 , -0.8553175 ,  0.12925571,  2.950677  , -1.0735285 ,
       -3.1272397 ,  5.249464  ,  3.8087676 , -3.8989081 , -1.423548  ,
        5.417078  , -4.771329  , -6.167219  ,  1.694256  ,  5.0813255 ,
       -5.4927244 , -3.4926496 , -3.5323799 , -5.9969215 , -3.6351657 ,
       -5.5962596 ,  1.4863733 ,  4.84632   ,  4.1882496 , -6.167262  ,
       -4.963534  , -2.3022528 ,  1.2886984 ,  0.1857939 , -4.5246115 ,
        4.961611  , -1.9165721 ,  4.863662  , -5.2586775 ,  1.6291791 ,
        5.056289  , -0.79518646,  4.059623  , -1.7884297 ,  5.157029  ,
        0.5984951 , -1.4474    ,  2.49178   ,  1.2757533 , -0.21175748,
        3.9251418 ,  0.9575892 , -3.516275  , -0.19122896,  4.46825   ,
       -3.0668826 ,  1.7977309 , -1.9929192 ,  1.1357249 , -0.52933073,
        0.02656548, -8.225523  ,  3.6007197 , -3.5730748 ,  4.5969286 ,
        2.5756593 ,  1.7142012 , -1.830504  , -0.8086345 , -2.7685182 ,
       -3.745585  , -4.821974  , -1.8052189 ,  2.3092782 ,  4.6277256 ,
       -1.8059546 ,  2.976097  ,  1.8378026 ,  1.5945615 ,  2.3396335 ,
       -4.043337  , -3.866889  ,  1.0451095 , -3.1804655 ,  4.1770725 ,
       -1.5309634 ,  0.76139045,  3.0111055 ,  1.0240061 , -0.51502657,
       -2.2349257 , -4.710097  , -3.3192472 ,  2.1133018 , -0.9696134 ,
       -1.4309618 , -3.1185584 , -5.093004  , -4.4730997 , -1.0499923 ,
        3.2752705 ,  1.3765237 , -3.91374   , -0.9769168 , -4.4875607 ,
       -1.4687853 , -5.491436  , -3.0191755 , -2.0225732 , -5.098804  ,
        1.4098338 , -5.4783106 , -4.440612  ,  4.988905  ,  4.3126087 ,
       -0.16367525, -4.9595504 ,  0.9592211 , -5.426399  , -5.43246   ,
        2.9779959 , -1.1637964 ,  0.65955293,  2.313082  ,  3.156608  ,
       -4.6003675 ,  2.5211396 ,  3.3289933 , -5.0459146 , -7.2285933 ,
        1.0401073 ,  3.7972455 , -0.4222372 ,  4.5669236 , -2.4745476 ,
        0.8122482 , -4.909129  , -5.1721125 , -0.8434315 ,  5.1981335 ,
       -2.64262   ,  3.1618748 , -4.197809  ,  3.5765269 , -3.049303  ,
       -3.3914502 ,  1.901597  ,  0.13088027,  4.4474072 ,  4.3922377 ,
        2.371624  ,  2.7522159 , -1.8058859 ,  1.62934   , -0.14985102,
       -3.6823318 ,  4.005986  , -1.7921358 ,  3.1453347 , -5.1565638 ,
       -0.750243  , -0.36257467, -5.113332  ,  5.6146584 ,  2.0220215 ,
       -0.8284659 , -3.3759103 , -6.1705756 , -4.8292437 , -4.7824197 ,
       -0.35821557, -1.7847562 , -2.9125881 , -0.37084043,  3.620912  ,
        2.5794077 ,  0.37486356,  3.420938  , -1.3541775 , -6.7705755 ,
        3.2368677 , -1.2791083 , -3.2241945 ,  0.13706028,  1.2658687 ,
       -1.054829  ,  4.429874  ,  1.1425935 ,  1.9834085 ,  5.6182203 ,
       -0.34867322, -5.3974843 , -3.8364937 ,  2.384079  , -4.41862   ,
       -3.869577  ,  1.5190339 ,  2.3696086 , -0.17557272, -5.1696606 ,
       -0.96835166, -5.9033155 , -0.9489223 , -2.836996  , -4.4382696 ,
       -4.0055914 ,  1.4213793 , -2.1588683 ,  3.6858978 ,  1.9784635 ,
        3.211267  , -2.3748949 ,  2.7281961 , -3.8483484 , -4.486749  ,
       -1.3154435 ,  1.4120826 , -4.3205414 , -5.703718  ,  2.9081492 ,
        1.2908746 , -2.2839723 ,  1.0330095 , -4.6190834 , -4.191857  ,
       -2.69428   ,  0.24011561,  3.3168273 ,  1.5468714 , -3.1043525 ,
       -1.7105502 , -1.1237677 ,  2.2073226 ,  5.1470537 ,  3.955752  ,
        1.4937539 , -3.2321012 ,  4.3492584 ,  2.7409477 ,  5.3551903 ,
        3.9258013 , -4.5302734 ,  3.4397058 , -2.829611  ,  1.9036624 ,
       -5.1392517 ,  3.765343  ,  0.33663267,  2.7136583 ,  5.1628385 ,
       -2.8761742 , -5.19898   ,  0.20367528,  4.445097  ,  3.0533524 ,
       -2.770554  ,  1.7987077 , -0.6182801 , -5.36112   , -3.5385246 ,
        1.5557382 ,  0.2091798 , -3.2419949 , -3.1065922 ,  1.74633   ,
       -2.8624873 ,  1.433584  , -4.3953424 ,  4.099241  ,  0.6772372 ,
       -3.4720953 , -5.516428  ,  1.3303188 , -5.962673  , -6.051855  ,
       -1.2670629 , -1.5445082 ,  2.71201   , -1.7442813 , -0.3363177 ,
        2.2508545 ,  4.25143   , -1.3489623 , -5.572954  ,  5.117436  ,
       -4.097589  , -6.1829896 , -5.500567  , -6.147483  , -5.7942543 ,
        0.2567479 , -2.2960787 , -2.1070514 , -3.8567967 , -1.152075  ,
        4.3552136 ,  2.2972944 ,  3.3386943 , -2.1056588 , -1.466946  ,
        4.2330894 , -6.504668  , -5.352174  ,  1.7473276 , -1.9641216 ,
        1.950643  ,  3.9014263 , -0.392433  , -4.396967  , -5.5871754 ,
       -0.2340158 ,  5.1280265 , -3.6780374 , -3.819136  , -4.9255676 ,
       -1.5670213 , -4.0019317 , -0.46721154, -0.79475987,  2.4281034 ,
       -5.633749  , -0.55692387, -4.8156457 ,  5.025557  ,  0.16650681,
       -5.3507853 ,  3.8388498 , -2.5324316 ,  3.5891232 ,  2.589477  ,
       -5.730868  ,  1.6680791 ,  2.5750847 ,  4.415971  , -0.21619512,
       -0.50720805, -1.6283262 ,  5.172283  ,  4.856271  , -4.1359725 ,
        2.6090176 ,  4.3072605 , -1.4978955 ,  1.120403  , -6.011981  ,
        4.355412  , -5.427952  ,  4.078453  ,  1.5292172 ,  2.811965  ,
       -0.06744251, -3.8588498 , -5.493546  , -1.3998346 , -1.00307   ,
       -2.8845706 , -3.0212278 ,  0.5947224 ,  0.9370206 , -2.7161074 ,
        1.7522206 ,  0.22544467,  3.16258   ,  4.513174  ,  0.5655266 ,
       -3.5071845 ,  1.7855412 ,  1.2162093 , -2.5519378 ,  5.0357137 ,
       -2.0749605 , -5.368706  ,  5.2672534 , -2.6027374 ,  0.16352153,
       -1.17875   , -3.5195403 , -5.1762295 ,  5.853944  , -1.3796537 ,
       -2.5283258 , -6.139225  ,  1.1486762 ,  3.5698724 ,  4.220723  ,
        0.00965806,  4.9353228 ,  2.9824753 , -3.8533795 , -5.3798895 ,
       -5.4609838 ,  0.08337294, -0.20625296, -3.688948  ,  0.97200084,
        0.99952066,  1.3099196 , -5.4602127 , -4.7574477 , -1.0856658 ,
       -4.356448  , -1.438242  , -0.66681814,  0.72879165,  4.143867  ,
        4.44241   , -4.935129  ,  4.5567713 , -2.3298688 ,  4.6210012 ,
       -1.5199238 ,  1.7268108 , -1.7860968 , -1.9677072 , -0.92697215,
       -3.0600686 , -2.913923  , -1.8579708 , -5.2091694 ,  5.197439  ,
       -3.3989468 , -3.8531356 , -3.689779  , -1.9503461 , -6.025533  ,
        0.2964342 , -1.9916807 , -4.221122  ,  2.3482459 ,  3.2466545 ,
       -4.9793367 , -4.8679085 , -1.7246886 , -0.19418055, -5.284317  ],
      dtype=float32), 'decoder.fc.6.weight': array([[  3.3413765,  -3.6130404,   3.1625896, ...,  -9.698475 ,
          8.08554  ,  -3.2691443],
       [ -0.2984611,  -1.6393901,   2.954496 , ...,  -7.4768753,
         10.940813 ,  -9.393737 ],
       [  8.980395 , -10.311119 ,   1.9900036, ...,   7.151898 ,
         -1.8885033,   8.285369 ],
       ...,
       [  7.758701 ,  -5.761551 ,   7.789614 , ...,   6.3726673,
         -9.338286 ,   3.104795 ],
       [ -7.4474897,   6.3951445,  -9.788224 , ...,  -5.980987 ,
          3.7985997,  13.258606 ],
       [ -5.0756845,  -2.0797865,  -3.7462635, ...,  -4.512064 ,
        -10.235588 ,   6.799962 ]], dtype=float32), 'decoder.fc.6.bias': array([ 0.69076073,  0.04621661,  9.4445095 , ...,  9.380372  ,
        5.026049  , 10.226917  ], dtype=float32)}
[Time: 27.01.25 20:34:26] [Level: info] [State: aggregate] Updating global model...
[Time: 27.01.25 20:34:26] [Level: info] [State: aggregate] GOAE(
  (encoder): Encoder(
    (fc): Sequential(
      (0): Linear(in_features=10564, out_features=500, bias=True)
      (1): ReLU()
      (2): Linear(in_features=500, out_features=2000, bias=True)
      (3): ReLU()
      (4): Linear(in_features=2000, out_features=500, bias=True)
      (5): ReLU()
      (6): Linear(in_features=500, out_features=10, bias=True)
    )
  )
  (decoder): Decoder(
    (fc): Sequential(
      (0): Linear(in_features=10, out_features=500, bias=True)
      (1): ReLU()
      (2): Linear(in_features=500, out_features=2000, bias=True)
      (3): ReLU()
      (4): Linear(in_features=2000, out_features=500, bias=True)
      (5): ReLU()
      (6): Linear(in_features=500, out_features=10564, bias=True)
    )
  )
)
[Time: 27.01.25 20:34:26] [Level: info] [State: aggregate] Broadcasting model...
127.0.0.1 - - [27/Jan/2025 20:34:26] "GET /api/status HTTP/1.0" 200 157
[Time: 27.01.25 20:34:26] [Level: info] transition: compute
[Time: 27.01.25 20:34:27] [Level: info] state: compute
[Time: 27.01.25 20:34:27] [Level: info] [State: compute] ITERATION 6
[Time: 27.01.25 20:34:27] [Level: info] [State: compute] receiving weights...
[Time: 27.01.25 20:34:27] [Level: info] transition: write
127.0.0.1 - - [27/Jan/2025 20:34:28] "GET /api/status HTTP/1.0" 200 158
[CTRL] GET /data
[Time: 27.01.25 20:34:28] [Level: info] state: write
[Time: 27.01.25 20:34:28] [Level: info] [State: write] Saving final model...
[Time: 27.01.25 20:34:29] [Level: info] transition: terminal
127.0.0.1 - - [27/Jan/2025 20:34:33] "GET /api/data HTTP/1.0" 200 58363374
127.0.0.1 - - [27/Jan/2025 20:34:36] "GET /api/status HTTP/1.0" 200 156
127.0.0.1 - - [27/Jan/2025 20:34:38] "GET /api/status HTTP/1.0" 200 156
127.0.0.1 - - [27/Jan/2025 20:34:40] "GET /api/status HTTP/1.0" 200 154
