2025-01-29 13:40:08,798 CRIT Supervisor is running as root.  Privileges were not dropped because no user is specified in the config file.  If you intend to run as root, you can set user=root in the config file to avoid this message.
2025-01-29 13:40:08,800 INFO supervisord started with pid 8
2025-01-29 13:40:09,803 INFO spawned: 'nginx' with pid 11
2025-01-29 13:40:09,805 INFO spawned: 'app' with pid 12
2025-01-29 13:40:10,864 INFO success: nginx entered RUNNING state, process has stayed up for > than 1 seconds (startsecs)
2025-01-29 13:40:10,865 INFO success: app entered RUNNING state, process has stayed up for > than 1 seconds (startsecs)
Bottle v0.13.2 server starting up (using WSGIRefServer())...
Listening on http://localhost:5000/
Hit Ctrl-C to quit.

[CTRL] POST /setup
[Time: 29.01.25 13:40:20] [Level: info] id: 4bb11c51fd0042cf
[Time: 29.01.25 13:40:20] [Level: info] coordinator: True
[Time: 29.01.25 13:40:20] [Level: info] clients: ['a412be67ecc07d0c', '4bb11c51fd0042cf', 'd921adb63f52a71e']
[Time: 29.01.25 13:40:20] [Level: info] state: initial
[Time: 29.01.25 13:40:20] [Level: info] [State: initial] Reading configuration file...
[Time: 29.01.25 13:40:20] [Level: info] [State: initial] Initializing: Setting iteration to 0, setting max_iterations...
[Time: 29.01.25 13:40:20] [Level: info] [State: initial] Done reading configuration file.
[Time: 29.01.25 13:40:20] [Level: info] [State: initial] Max Iterations: 5
[Time: 29.01.25 13:40:20] [Level: info] [State: initial] Reading training data...
127.0.0.1 - - [29/Jan/2025 13:40:20] "POST /api/setup HTTP/1.0" 200 0
127.0.0.1 - - [29/Jan/2025 13:40:20] "GET /api/status HTTP/1.0" 200 155
[Time: 29.01.25 13:40:21] [Level: info] [State: initial] Initializing pre-trained model...
[Time: 29.01.25 13:40:21] [Level: info] [State: initial] INITIAL input_dim: $10564
[Time: 29.01.25 13:40:21] [Level: info] [State: initial] Initializing cluster centers...
127.0.0.1 - - [29/Jan/2025 13:40:22] "GET /api/status HTTP/1.0" 200 155
[Time: 29.01.25 13:40:23] [Level: info] [State: initial] Broadcasting initial weights to the clients...
[Time: 29.01.25 13:40:23] [Level: info] transition: compute
[Time: 29.01.25 13:40:24] [Level: info] state: compute
[Time: 29.01.25 13:40:24] [Level: info] [State: compute] ITERATION 1
[Time: 29.01.25 13:40:24] [Level: info] [State: compute] receiving weights...
[Time: 29.01.25 13:40:24] [Level: info] [State: compute] Loading global weights for model...
[Time: 29.01.25 13:40:24] [Level: info] [State: compute] Updated model with received weights.
[Time: 29.01.25 13:40:24] [Level: info] [State: compute] Loading data...
[Time: 29.01.25 13:40:24] [Level: info] [State: compute] Preparing model training...
[Time: 29.01.25 13:40:24] [Level: info] [State: compute] Training model...
127.0.0.1 - - [29/Jan/2025 13:40:24] "GET /api/status HTTP/1.0" 200 156
[CTRL] GET /data
127.0.0.1 - - [29/Jan/2025 13:40:25] "GET /api/data HTTP/1.0" 200 58363374
[Time: 29.01.25 13:40:26] [Level: info] [State: compute] Epoch 10, Loss: 324.62689208984375
[Time: 29.01.25 13:40:29] [Level: info] [State: compute] Epoch 20, Loss: 40.9837760925293
[Time: 29.01.25 13:40:31] [Level: info] [State: compute] Epoch 30, Loss: 6.982600212097168
[Time: 29.01.25 13:40:32] [Level: info] [State: compute] Epoch 40, Loss: 1.6827226877212524
127.0.0.1 - - [29/Jan/2025 13:40:32] "GET /api/status HTTP/1.0" 200 155
[Time: 29.01.25 13:40:34] [Level: info] [State: compute] Epoch 50, Loss: 1.2976000308990479
127.0.0.1 - - [29/Jan/2025 13:40:34] "GET /api/status HTTP/1.0" 200 155
127.0.0.1 - - [29/Jan/2025 13:40:36] "GET /api/status HTTP/1.0" 200 155
[Time: 29.01.25 13:40:37] [Level: info] [State: compute] Epoch 60, Loss: 1.0630993843078613
127.0.0.1 - - [29/Jan/2025 13:40:38] "GET /api/status HTTP/1.0" 200 155
127.0.0.1 - - [29/Jan/2025 13:40:40] "GET /api/status HTTP/1.0" 200 155
127.0.0.1 - - [29/Jan/2025 13:40:42] "GET /api/status HTTP/1.0" 200 155
127.0.0.1 - - [29/Jan/2025 13:40:44] "GET /api/status HTTP/1.0" 200 155
[Time: 29.01.25 13:40:46] [Level: info] [State: compute] Epoch 70, Loss: 0.9356176257133484
127.0.0.1 - - [29/Jan/2025 13:40:46] "GET /api/status HTTP/1.0" 200 155
127.0.0.1 - - [29/Jan/2025 13:40:48] "GET /api/status HTTP/1.0" 200 155
127.0.0.1 - - [29/Jan/2025 13:40:50] "GET /api/status HTTP/1.0" 200 155
127.0.0.1 - - [29/Jan/2025 13:40:52] "GET /api/status HTTP/1.0" 200 155
127.0.0.1 - - [29/Jan/2025 13:40:54] "GET /api/status HTTP/1.0" 200 155
127.0.0.1 - - [29/Jan/2025 13:40:56] "GET /api/status HTTP/1.0" 200 155
127.0.0.1 - - [29/Jan/2025 13:40:58] "GET /api/status HTTP/1.0" 200 155
127.0.0.1 - - [29/Jan/2025 13:41:00] "GET /api/status HTTP/1.0" 200 155
127.0.0.1 - - [29/Jan/2025 13:41:02] "GET /api/status HTTP/1.0" 200 155
[Time: 29.01.25 13:41:03] [Level: info] [State: compute] Epoch 80, Loss: 0.8210151195526123
127.0.0.1 - - [29/Jan/2025 13:41:04] "GET /api/status HTTP/1.0" 200 155
127.0.0.1 - - [29/Jan/2025 13:41:06] "GET /api/status HTTP/1.0" 200 155
127.0.0.1 - - [29/Jan/2025 13:41:08] "GET /api/status HTTP/1.0" 200 155
127.0.0.1 - - [29/Jan/2025 13:41:11] "GET /api/status HTTP/1.0" 200 155
127.0.0.1 - - [29/Jan/2025 13:41:13] "GET /api/status HTTP/1.0" 200 155
127.0.0.1 - - [29/Jan/2025 13:41:15] "GET /api/status HTTP/1.0" 200 155
[Time: 29.01.25 13:41:15] [Level: info] [State: compute] Epoch 90, Loss: 0.7502745985984802
127.0.0.1 - - [29/Jan/2025 13:41:17] "GET /api/status HTTP/1.0" 200 155
127.0.0.1 - - [29/Jan/2025 13:41:19] "GET /api/status HTTP/1.0" 200 155
127.0.0.1 - - [29/Jan/2025 13:41:21] "GET /api/status HTTP/1.0" 200 155
127.0.0.1 - - [29/Jan/2025 13:41:23] "GET /api/status HTTP/1.0" 200 155
127.0.0.1 - - [29/Jan/2025 13:41:25] "GET /api/status HTTP/1.0" 200 155
127.0.0.1 - - [29/Jan/2025 13:41:27] "GET /api/status HTTP/1.0" 200 155
[Time: 29.01.25 13:41:27] [Level: info] [State: compute] Epoch 100, Loss: 0.7034556269645691
/usr/local/lib/python3.8/site-packages/sklearn/cluster/_kmeans.py:1416: FutureWarning: The default value of `n_init` will change from 10 to 'auto' in 1.4. Set the value of `n_init` explicitly to suppress the warning
  super()._check_params_vs_input(X, default_n_init=10)
[Time: 29.01.25 13:41:28] [Level: info] [State: compute] Saving model and decoder...
[Time: 29.01.25 13:41:28] [Level: info] [State: compute] Sent updated weights to coordinator.
[Time: 29.01.25 13:41:28] [Level: info] transition: aggregate
127.0.0.1 - - [29/Jan/2025 13:41:29] "GET /api/status HTTP/1.0" 200 157
[Time: 29.01.25 13:41:29] [Level: info] state: aggregate
[Time: 29.01.25 13:41:29] [Level: info] [State: aggregate] Waitig for local models...
127.0.0.1 - - [29/Jan/2025 13:41:31] "GET /api/status HTTP/1.0" 200 157
127.0.0.1 - - [29/Jan/2025 13:41:33] "GET /api/status HTTP/1.0" 200 157
127.0.0.1 - - [29/Jan/2025 13:41:35] "GET /api/status HTTP/1.0" 200 157
127.0.0.1 - - [29/Jan/2025 13:41:37] "GET /api/status HTTP/1.0" 200 157
127.0.0.1 - - [29/Jan/2025 13:41:39] "GET /api/status HTTP/1.0" 200 157
127.0.0.1 - - [29/Jan/2025 13:41:41] "GET /api/status HTTP/1.0" 200 157
127.0.0.1 - - [29/Jan/2025 13:41:43] "GET /api/status HTTP/1.0" 200 157
127.0.0.1 - - [29/Jan/2025 13:41:45] "GET /api/status HTTP/1.0" 200 157
127.0.0.1 - - [29/Jan/2025 13:41:47] "GET /api/status HTTP/1.0" 200 157
127.0.0.1 - - [29/Jan/2025 13:41:49] "GET /api/status HTTP/1.0" 200 157
127.0.0.1 - - [29/Jan/2025 13:41:51] "GET /api/status HTTP/1.0" 200 157
[CTRL] POST /data
127.0.0.1 - - [29/Jan/2025 13:41:51] "POST /api/data?client=d921adb63f52a71e&memo=GATHERROUND1 HTTP/1.0" 200 0
127.0.0.1 - - [29/Jan/2025 13:41:53] "GET /api/status HTTP/1.0" 200 157
127.0.0.1 - - [29/Jan/2025 13:41:55] "GET /api/status HTTP/1.0" 200 157
[CTRL] POST /data
127.0.0.1 - - [29/Jan/2025 13:41:55] "POST /api/data?client=a412be67ecc07d0c&memo=GATHERROUND1 HTTP/1.0" 200 0
[Time: 29.01.25 13:41:56] [Level: info] [State: aggregate] {'encoder.fc.0.weight': array([[-0.014033  , -0.00991004, -0.00565756, ..., -0.01169966,
        -0.00500053, -0.0015019 ],
       [-0.00721952,  0.00773434,  0.00652273, ..., -0.00135199,
        -0.00246423,  0.00313128],
       [-0.00813345, -0.00496236,  0.0109325 , ...,  0.00414884,
         0.0106193 , -0.00930079],
       ...,
       [-0.00328317,  0.01010761,  0.00782474, ..., -0.00157907,
         0.01126922,  0.00043674],
       [-0.01577587,  0.00020897, -0.00140308, ...,  0.00361568,
        -0.00162437,  0.01147889],
       [ 0.00650617, -0.00291351,  0.00564101, ...,  0.00042673,
         0.00833864,  0.00959464]], dtype=float32), 'encoder.fc.0.bias': array([ 1.02667864e-02, -1.70954876e-03, -1.25384284e-02,  1.26109412e-03,
       -7.17932126e-03, -1.24855377e-02, -1.35950744e-02,  3.40129761e-03,
        3.16296937e-03, -9.16987937e-03, -1.14524513e-02,  2.71367421e-03,
       -2.42465350e-04,  4.54418175e-03, -9.24363174e-03, -9.91469249e-03,
       -5.74395899e-03, -8.20951629e-03,  4.23739012e-03, -8.32276698e-03,
       -1.39311645e-02, -1.37111312e-02, -4.08255961e-03,  1.12386979e-03,
       -8.40628706e-03,  2.52134190e-03,  2.06087623e-03, -1.16211828e-03,
        3.91814718e-03, -4.43799281e-03, -7.54075637e-03, -1.29000715e-03,
       -5.14800102e-03, -7.88293779e-03, -3.45363119e-03, -9.32052732e-03,
        4.06115316e-03,  3.92326526e-03, -1.09582096e-02, -1.57165565e-02,
       -1.32048847e-02, -1.10356491e-02, -1.03469435e-02, -9.64244455e-03,
       -7.05751497e-03, -1.29160490e-02, -6.52012508e-03, -1.47030270e-02,
       -1.39528830e-02, -8.06772243e-03, -7.22581754e-03,  2.06263573e-03,
       -8.87952861e-04, -3.46979732e-03, -1.72072509e-03, -1.37035400e-02,
       -8.41009989e-03, -1.30665153e-02,  1.05077513e-02,  4.50197747e-03,
       -6.28842274e-03, -1.42162538e-03, -1.38533106e-02, -1.50096824e-03,
       -1.54461265e-02, -1.32438280e-02, -7.86743686e-03, -1.30094085e-02,
       -1.25804022e-02, -5.51764434e-03, -8.83917045e-03, -1.53722777e-03,
       -3.91412666e-03, -1.41508994e-03, -9.63226520e-03, -1.23863376e-03,
       -6.34756498e-03,  1.44388131e-03, -2.73320009e-03,  4.61381162e-03,
       -1.35082612e-02,  2.19214126e-03,  4.06316668e-03, -1.59366019e-02,
       -3.56033631e-03,  4.95115761e-03, -7.04704970e-03, -2.73728231e-03,
        2.17287475e-03, -5.27667906e-03, -2.10766983e-03,  2.08673975e-03,
       -7.18555367e-03,  1.10824900e-02, -1.94773905e-03, -3.98253184e-03,
       -4.11074609e-03, -1.26554025e-02, -1.01326955e-02,  1.02329033e-03,
        3.47844581e-03, -1.00776907e-02, -9.92631423e-04, -7.42862979e-03,
       -9.68246837e-04,  4.47233301e-03, -6.52342336e-03, -1.09390598e-02,
       -6.04934990e-03,  2.83843628e-03, -3.14506819e-03, -9.60418209e-03,
        2.42267968e-03, -6.63195737e-03,  2.32881735e-04, -4.95510036e-03,
       -7.74366828e-03, -3.03138467e-03,  1.49317004e-03, -1.19882990e-02,
       -1.39323585e-02, -3.09639773e-03,  1.41036347e-03,  3.13492049e-03,
       -2.83521507e-03, -2.45045987e-03, -9.99520766e-04,  2.16820699e-04,
       -7.73190404e-04, -4.19771718e-03, -2.76636891e-03, -2.64737033e-03,
       -7.22287828e-03, -9.32377297e-03,  1.95351825e-03,  2.82105850e-03,
        7.91867671e-04, -7.16689974e-03, -1.05156675e-02, -2.25612358e-03,
        2.44011683e-03, -9.22053878e-05,  4.25665494e-05, -4.28842986e-03,
       -9.09522455e-03, -1.84946496e-03, -7.96509441e-03,  2.06502085e-03,
       -3.15325218e-03,  5.01584215e-03, -3.38344928e-03, -1.04783271e-02,
       -1.15112867e-02, -1.10356389e-02,  1.20953862e-02, -9.64945834e-03,
        5.81790786e-03, -1.40657527e-02,  1.88242353e-03,  2.03919946e-03,
        3.22227366e-03, -6.23432314e-03, -1.37819797e-02, -1.66666019e-03,
       -1.38649549e-02, -8.37728661e-03, -4.02115658e-03,  3.63923376e-03,
       -2.07759978e-04, -1.62522811e-02, -1.09290443e-02, -3.27506172e-03,
       -6.31533563e-03, -8.41323473e-03, -5.08632138e-03, -3.83028435e-03,
       -6.21904247e-03, -2.73679662e-03,  3.63737717e-03, -4.03716927e-03,
       -9.06665996e-03,  6.74521970e-03, -1.46179190e-02, -3.57381976e-03,
       -4.90326947e-03,  1.24850811e-03,  6.85913081e-04,  8.65664682e-04,
       -6.04301970e-03, -1.17646428e-02, -8.19801260e-03, -1.54613983e-03,
       -8.34108144e-03, -7.40464428e-04, -2.11328710e-03,  2.99612363e-03,
       -9.10391752e-03, -4.98088216e-03,  4.84646857e-03, -1.16557907e-02,
        1.38855737e-03,  5.06080221e-03, -8.28644633e-03, -6.99323975e-03,
       -8.95740930e-03, -1.09026870e-02,  1.52035709e-03, -1.38077764e-02,
       -1.26480320e-02, -7.36034336e-03, -3.02193314e-03, -9.30014066e-03,
       -5.01595670e-03, -3.26859113e-03,  1.78660371e-03, -1.16512412e-02,
       -3.17428424e-03, -1.10001313e-02,  2.19545537e-03,  1.19632394e-04,
        3.22756660e-03, -5.12960425e-04, -7.17054680e-03, -6.20983681e-03,
       -6.76028570e-03, -1.38979312e-02, -1.34776784e-02, -6.76919287e-03,
       -1.34147685e-02,  9.08451446e-04, -1.42314276e-02, -3.87145497e-04,
       -4.91697667e-03, -9.48369130e-03, -1.03158262e-02, -5.15507488e-03,
       -8.24217964e-03, -1.26860645e-02,  2.06968840e-03,  6.43390743e-03,
       -1.24202967e-02, -4.02091187e-04, -9.90250800e-03, -1.37789045e-02,
       -5.79732936e-03, -5.96586289e-03,  4.87903552e-03,  4.19495767e-03,
       -6.86079869e-03, -2.00999202e-03, -9.06845147e-04, -1.32458322e-02,
       -2.11331784e-03, -4.75425972e-04, -2.75436934e-04,  4.19585593e-03,
       -8.17301683e-03,  8.89041185e-05,  4.09040228e-03, -9.93966870e-03,
        1.32758878e-02, -4.55832668e-03,  5.69648342e-04,  1.47057453e-03,
       -6.21352065e-03, -7.74214929e-03,  1.55393984e-02, -7.55809993e-03,
       -3.65190208e-03, -1.42268259e-02,  1.69350964e-03, -3.98018770e-03,
        2.40018335e-03, -7.85902981e-03,  1.73385779e-05, -6.60803416e-05,
       -9.79604665e-03,  3.45964567e-03, -4.81501542e-04,  1.48476532e-03,
       -2.37536244e-03,  5.83529240e-04,  5.43252984e-03, -4.33883956e-03,
       -1.18040601e-02, -1.27460118e-02, -3.03654489e-03,  3.80485755e-04,
       -8.60422850e-04, -8.81820172e-03,  3.97904078e-03, -1.16718980e-02,
       -3.74020264e-03, -3.56357661e-03, -3.39406985e-03, -1.37626752e-03,
       -1.16417231e-02, -5.70546091e-03, -1.46195320e-02, -3.13599105e-03,
       -4.19472018e-03, -1.10330870e-02, -1.41625563e-02, -1.09731341e-02,
       -5.29323239e-03,  4.96173184e-03, -6.60617324e-03, -1.18305273e-02,
       -1.42159751e-02, -1.23113859e-05, -5.09012351e-03, -1.35746570e-02,
       -6.82666339e-03, -6.57749549e-03, -2.88101728e-03, -6.13845838e-03,
       -1.24005219e-02, -1.41290715e-03, -5.27724577e-03, -1.82592357e-03,
       -2.29470129e-03, -9.74039920e-03, -3.62373912e-03, -1.21925287e-02,
       -1.48803787e-02,  4.41732770e-03, -1.47776371e-02, -9.23356414e-03,
       -7.01774261e-04, -1.04316641e-02, -1.46354996e-02, -1.77274749e-03,
        7.62088690e-04, -8.98916926e-03, -7.26088125e-04, -1.36869438e-02,
       -7.82917906e-03, -9.63067729e-03,  1.52142881e-03, -1.27390688e-02,
       -4.12144093e-03, -2.35861633e-03, -1.52504235e-03, -1.05611878e-02,
       -7.40238745e-03, -1.00852586e-02, -1.20235858e-02, -1.29169831e-02,
       -8.26811302e-05, -6.18358096e-03,  1.10958247e-02, -9.51605849e-03,
       -7.85871409e-03, -4.29606065e-03, -5.77309774e-03, -1.22350603e-02,
       -1.21681904e-02, -1.39362710e-02,  3.09502287e-03, -4.34390502e-03,
       -3.71215225e-04, -2.28835130e-03,  8.62956326e-03,  1.39282586e-03,
       -4.61618183e-03,  4.75748116e-03, -1.01979990e-02, -4.61969059e-03,
        1.25342421e-03, -2.07290193e-03, -8.58986657e-03, -3.56094074e-03,
        9.69818980e-03, -9.24046471e-05,  6.68597349e-04,  9.39204358e-04,
       -9.62336920e-03, -3.85760982e-03, -5.28283697e-03, -1.07533662e-02,
       -1.04310643e-02,  6.99607935e-03,  2.19135871e-03,  2.45595002e-03,
        3.91684053e-03,  7.33183604e-03,  1.09657424e-03, -8.03530123e-03,
       -5.04419208e-03, -1.25297089e-03, -1.47950614e-03, -2.50251847e-03,
       -2.32236413e-03,  6.42137660e-04, -7.18474248e-03, -1.15817990e-02,
       -1.78855250e-03, -1.62100550e-02,  4.79157409e-03, -6.34657033e-03,
        6.19174156e-04, -1.53097382e-03, -1.37856808e-02, -6.06763363e-03,
       -3.73152143e-05,  6.94024726e-04,  3.42353759e-03, -4.00818419e-03,
       -5.38675580e-03,  3.53104027e-04, -1.08896280e-02, -1.16775706e-02,
       -2.68722582e-03, -1.62291639e-02, -1.29006077e-02, -2.63788644e-03,
        2.44894275e-03, -8.52826051e-03,  1.56268955e-03,  2.82523758e-03,
       -8.49238038e-03, -4.18719929e-03, -1.39964325e-02, -1.08875777e-03,
       -7.01443898e-03, -1.14607643e-02,  3.49605945e-03,  8.17692559e-03,
       -1.45344194e-02, -1.25445127e-02, -4.70322045e-03, -6.95215422e-04,
       -5.03309118e-03, -1.34596536e-02,  4.01162356e-03,  2.16159760e-03,
       -1.17556623e-03, -1.27778407e-02, -1.20724309e-02,  1.37409152e-04,
        1.32440298e-04, -1.22898240e-02, -1.12302788e-02, -4.92967432e-03,
       -1.53036462e-03, -1.46629075e-02,  1.38172638e-02,  3.35284928e-03,
        4.71752137e-03,  1.03580868e-02, -9.01264604e-03,  6.12992444e-05,
       -1.38612101e-02, -1.38013288e-02, -3.47883673e-04,  9.82437842e-03,
        7.37493159e-04, -8.25729780e-03, -8.52191728e-03, -1.22451168e-02,
       -5.88943716e-03, -1.02340253e-02, -1.26868058e-02, -7.32122269e-03,
        4.90550091e-03,  9.27912712e-04,  2.54075183e-03, -1.03498315e-02,
       -3.56362830e-03, -1.19415810e-02, -3.07511701e-03, -2.92638084e-03,
       -1.02504296e-02,  1.60327484e-03,  3.65624414e-03, -1.20133609e-02,
       -5.36538055e-03, -3.61718843e-03, -8.69702548e-03,  5.52196195e-03,
        8.25754460e-03, -1.23931430e-02, -9.10456944e-03, -1.07303532e-02,
        8.80483596e-04, -1.19178579e-03,  5.07046294e-04, -2.59512803e-04,
       -7.28711206e-03, -1.17817344e-02, -1.38073030e-03, -1.09929973e-02,
        1.10632125e-02, -1.09649375e-02,  9.56354290e-03,  4.40970343e-03,
        5.96157322e-03, -7.40163669e-05, -7.27994228e-03,  1.33927427e-02],
      dtype=float32), 'encoder.fc.2.weight': array([[-0.00641154,  0.00174442, -0.0503474 , ...,  0.00017161,
        -0.00685483,  0.0502704 ],
       [ 0.02497088, -0.02976732,  0.04613125, ..., -0.00170471,
        -0.05214995,  0.02146101],
       [-0.01874302, -0.04392499, -0.02741276, ...,  0.02890929,
        -0.0343517 ,  0.02766784],
       ...,
       [-0.02148707,  0.02167313,  0.01481697, ..., -0.00352524,
        -0.04018668, -0.02429164],
       [ 0.0045619 , -0.02605584,  0.02193269, ..., -0.00948533,
        -0.01909535, -0.03412727],
       [-0.04611621, -0.01021541, -0.03283122, ...,  0.0196824 ,
        -0.00836406,  0.02991073]], dtype=float32), 'encoder.fc.2.bias': array([ 0.00652357, -0.0315357 ,  0.03636829, ...,  0.01488567,
        0.02707688, -0.0018824 ], dtype=float32), 'encoder.fc.4.weight': array([[ 0.01696322, -0.01268819, -0.02137102, ..., -0.0174629 ,
         0.00075385,  0.00057192],
       [-0.01578477,  0.01209219, -0.01857694, ..., -0.00125384,
        -0.00626732,  0.00329878],
       [-0.00485777,  0.02043683,  0.02146858, ..., -0.01407081,
        -0.00216807,  0.00938436],
       ...,
       [-0.00450303, -0.01862242, -0.00182457, ...,  0.02137259,
        -0.01451552, -0.00982171],
       [-0.0186694 , -0.02349836, -0.00022376, ..., -0.00890402,
        -0.00452053, -0.00511487],
       [ 0.01020595,  0.01056823, -0.00224617, ..., -0.00888268,
        -0.00790184,  0.00917206]], dtype=float32), 'encoder.fc.4.bias': array([-7.75907328e-03, -1.42430356e-02, -2.30678706e-03,  1.65148340e-02,
        8.96287430e-03, -1.40181370e-03, -1.82731135e-03, -1.02586672e-02,
        1.18694510e-02,  1.04961861e-02,  3.20297293e-03,  1.60489790e-02,
        1.11812598e-03, -9.77316685e-03, -7.03124655e-03,  5.14086895e-03,
       -3.16454942e-04, -6.68767840e-03, -7.13745307e-04, -2.09987815e-02,
       -2.68543269e-02,  4.78098216e-03, -8.72107130e-03,  3.56545602e-03,
       -4.10851697e-03,  1.65593587e-02, -7.19644595e-03, -8.25337041e-03,
       -2.21058633e-02, -1.73915848e-02,  9.21691488e-03,  1.35914767e-02,
        7.27759860e-03,  5.32390643e-03, -8.08768068e-03, -1.86021961e-02,
       -9.02099637e-05, -5.62668825e-03,  1.00235278e-02, -2.31914278e-02,
       -1.82908482e-03, -1.48361037e-02, -1.41658922e-04, -1.31496899e-02,
       -2.40718033e-02,  1.71090532e-02,  1.28463199e-02,  2.32314039e-03,
        7.66739133e-04, -2.37645339e-02, -1.10477265e-02,  2.42893528e-02,
       -2.45636068e-02, -1.95848523e-03,  9.25714336e-03, -1.09459367e-02,
        1.38166884e-04, -1.31178182e-02,  7.04132067e-03, -7.31127942e-03,
        1.94905456e-02, -2.26950040e-03,  7.87650328e-03, -3.12566175e-03,
       -1.39719881e-02,  1.54038779e-02,  1.18600763e-03,  5.89208968e-04,
       -5.75529884e-05, -7.23723695e-03, -7.97962304e-03,  7.93502387e-03,
        2.49074539e-03, -1.04957800e-02,  1.50600076e-02,  9.19979718e-03,
       -1.67867802e-02,  9.12253372e-03,  1.32193202e-02, -1.42220873e-02,
       -1.84687618e-02,  1.53162386e-02, -3.55145591e-03, -2.31773779e-02,
        1.05408989e-02,  1.30303195e-02,  1.04097994e-02, -1.33831836e-02,
       -1.90706551e-02, -1.14980694e-02,  6.27333065e-03, -2.20580399e-02,
       -8.79272912e-03, -2.09636390e-02,  1.74137801e-02,  9.39605059e-04,
        3.80019587e-03, -6.99082110e-03,  7.25629134e-03,  9.05851275e-03,
        5.28891245e-03,  2.46302132e-03, -9.48316976e-03, -1.76632181e-02,
        1.76644977e-02,  1.22960508e-02,  1.87696901e-03, -4.32602549e-03,
        2.57620700e-02, -2.55605001e-02,  4.33130702e-03, -1.14461370e-02,
        1.28849521e-02,  1.09137343e-02, -1.26556437e-02,  1.52097418e-04,
       -1.41148604e-02,  8.47953558e-03,  1.74647365e-02,  7.51338201e-03,
       -1.52980834e-02, -2.56513990e-02, -1.79504696e-03, -5.25308913e-03,
       -1.51101463e-02,  8.82077217e-03, -4.30266745e-03, -1.16266180e-02,
       -2.59056017e-02,  1.35986907e-02, -8.57476052e-03, -1.53332613e-02,
       -1.71109345e-02, -2.36784313e-02, -1.06124915e-02, -2.20201928e-02,
        1.47667956e-02, -1.75537039e-02,  1.34693645e-02, -1.76766459e-02,
       -2.58686822e-02,  1.13578634e-02,  1.25661073e-02,  5.95993246e-04,
       -9.19346791e-03, -4.88345185e-03, -1.67754982e-02,  1.01997638e-02,
        2.78093982e-02, -1.62482373e-02, -1.68910623e-02,  1.07844931e-03,
       -6.60075922e-04, -8.07212386e-03, -5.11849253e-03,  1.25993332e-02,
       -8.89412360e-04, -7.54188607e-03,  4.39510262e-03, -1.76843423e-02,
       -2.31697690e-02, -3.02608544e-03, -6.52733305e-03, -2.53493078e-02,
       -4.06391220e-03, -1.01302657e-02, -1.25518963e-02, -2.25257352e-02,
        1.23468526e-02, -3.89460498e-03, -1.45077053e-02, -1.17288716e-02,
        1.89278065e-03,  5.70161548e-03, -2.27701198e-02, -1.21993003e-02,
       -4.99943225e-03,  2.93617649e-03, -2.01976029e-04,  1.60150193e-02,
        9.27187782e-03, -2.98289978e-03, -1.19868787e-02,  1.10485163e-02,
       -1.38079999e-02,  5.85405296e-03, -1.04847057e-02,  9.34532192e-03,
        1.98095082e-03,  8.97622854e-03,  8.94635264e-03, -1.33050792e-02,
        1.90991797e-02,  1.45972548e-02, -3.61911696e-03,  1.08757650e-03,
        1.38152717e-02, -1.70733053e-02, -1.16220145e-02, -2.20396835e-02,
        7.21110497e-03, -6.03740336e-03, -1.66763575e-03, -2.60765012e-02,
        9.00743902e-03,  1.10904826e-02, -1.99268982e-02,  8.63376074e-03,
        1.49905067e-02, -1.95566323e-02,  1.55681018e-02, -6.33344054e-03,
        1.31731927e-02, -4.71651787e-03,  1.97765846e-02, -6.25937292e-03,
        1.22076953e-02,  1.22627604e-03, -1.27592776e-02,  7.40937470e-03,
       -8.79607815e-03, -4.24899813e-03, -8.47688597e-03,  3.22397379e-03,
       -1.92662627e-02, -2.43093930e-02, -1.45142460e-02,  4.02171304e-03,
        9.15071648e-03,  1.80074276e-04, -2.56112125e-02, -1.04332697e-02,
        7.96255004e-03, -1.70293078e-02, -1.88771896e-02, -2.18565967e-02,
        1.27979750e-02, -2.57126540e-02, -1.15318978e-02, -1.79317109e-02,
        1.85241867e-02, -1.91973001e-02, -4.60580736e-03,  9.31066647e-03,
        1.73819698e-02, -1.12139573e-02, -6.08449942e-03, -1.87856760e-02,
        1.10544236e-02, -2.12901235e-02,  1.80788469e-02,  6.35778625e-03,
        1.73334610e-02, -1.77377239e-02,  8.67074076e-03, -1.20813062e-03,
       -1.11500984e-02,  4.68907226e-03, -2.27254145e-02, -1.96951404e-02,
        1.24104628e-02,  1.19335772e-02, -3.47393192e-03,  4.35465900e-03,
       -8.49005673e-03, -7.17402529e-03, -1.04939770e-02, -5.00967540e-03,
       -3.60778347e-03, -1.93671267e-02,  2.58260574e-02, -2.40548626e-02,
        1.59429833e-02,  1.76392477e-02, -3.36221559e-03, -1.66460630e-02,
       -1.86194405e-02,  9.28618014e-03,  6.43291231e-03, -4.56550019e-03,
       -1.16960090e-02,  1.22359339e-02, -2.36126222e-02,  1.08876918e-02,
        1.18474150e-02, -5.39685320e-03, -2.12244019e-02,  1.05595673e-02,
       -1.76688787e-02,  3.87252145e-03, -6.87542651e-03,  1.07700787e-02,
       -2.48258729e-02, -2.48930068e-03,  2.39356654e-03,  2.39585037e-03,
        2.58182231e-02, -2.46489402e-02, -2.88781105e-03, -2.39258073e-02,
       -1.59888659e-02, -8.31474643e-03,  1.59325451e-02,  6.61738589e-03,
        2.19881142e-04, -1.26077691e-02, -1.36709129e-02, -1.72013622e-02,
       -1.24631438e-03, -9.29869348e-05, -3.30753135e-03,  5.95953898e-04,
       -9.23121814e-03, -7.25264242e-03,  3.95045010e-03, -1.40924901e-02,
       -2.60009337e-02, -1.86728369e-02, -1.06085150e-03,  1.03993276e-02,
       -1.36058014e-02, -1.36089912e-02, -8.89037922e-03, -1.72007158e-02,
       -1.45064378e-02,  1.62144005e-02, -6.38693897e-03, -1.40102897e-02,
       -9.92975943e-03, -1.20752328e-03,  7.61754531e-03, -2.71858703e-02,
       -2.29783705e-03, -2.67032273e-02,  6.16024947e-03, -2.61986852e-02,
        8.14763736e-03, -9.17421840e-03, -2.70117614e-02, -2.26526540e-02,
        2.33542100e-02,  8.93096812e-03, -5.04640024e-03, -2.02239002e-03,
        1.09264499e-03, -1.57688037e-02, -1.25328461e-02, -1.69604439e-02,
       -2.63203438e-02, -1.32834287e-02,  7.78666278e-03, -2.29206253e-02,
       -5.25198830e-03,  1.61863770e-02, -2.59986781e-02,  5.92755340e-03,
        9.29373316e-03,  1.89414285e-02, -1.62101872e-02,  6.14612596e-03,
        6.46051811e-03, -1.23088341e-02, -1.14392051e-02, -1.61481872e-02,
        2.65547559e-02, -2.75001656e-02, -2.68558357e-02, -2.42044926e-02,
        9.61728767e-03, -2.70142406e-02, -1.05958141e-04,  2.10840441e-03,
       -1.26559874e-02,  2.72280350e-03,  4.19245474e-03, -4.91859857e-03,
       -9.30559449e-03, -3.93627957e-03, -5.06917667e-03, -1.23652862e-02,
        1.93823650e-02,  5.55457361e-03,  1.66735426e-02, -9.95521247e-03,
       -4.12790716e-04, -1.44887064e-02, -3.03822989e-03, -2.19937321e-02,
       -4.70664958e-03, -2.36172024e-02,  1.64881535e-02,  1.02912569e-02,
       -2.77982391e-02,  1.40462359e-02, -9.37934779e-03, -2.38352478e-03,
        5.10455249e-03, -1.05928248e-02, -2.69630104e-02,  1.38387724e-03,
        2.06323620e-02,  9.78036225e-03, -1.55544821e-02,  2.01496221e-02,
       -2.53251940e-02, -1.12421969e-02,  1.38055738e-02, -5.65446448e-03,
        1.77486632e-02, -1.79757345e-02,  8.32017139e-03, -1.52375530e-02,
        3.75643349e-03,  1.12581961e-02,  1.66013613e-02,  1.19615644e-02,
       -1.09923910e-02,  9.58061311e-03, -2.47422047e-03, -1.25598405e-02,
       -1.51126180e-02, -1.73963066e-02, -3.04099824e-03,  8.11919849e-03,
        4.35032137e-03,  2.80444399e-02, -3.39172228e-04, -2.18820684e-02,
        5.53741911e-03, -1.00988448e-02, -6.09952398e-03, -4.30507446e-03,
       -2.41750944e-02, -1.59829215e-03,  1.36993499e-02, -1.10166799e-02,
        1.67327691e-02,  8.83804075e-03, -1.19744912e-02, -4.91205696e-03,
        7.20003663e-05,  1.68254394e-02, -2.45201448e-03,  1.05733098e-02,
       -2.63099186e-02,  2.77354177e-02,  1.39295757e-02, -2.30486747e-02,
       -1.17668323e-03, -1.96019616e-02,  1.00107789e-02, -5.72659262e-03,
        1.44983148e-02,  1.35217709e-02, -2.13122577e-03, -1.48061076e-02,
        1.54295061e-02, -7.62384338e-03, -6.54590642e-03,  7.92514253e-03,
       -8.67138058e-03, -1.91013180e-02,  1.26502514e-02, -1.78876035e-02,
        6.88120082e-04, -6.14674203e-03,  1.32140126e-02, -1.92495715e-02,
        4.47069528e-03,  5.11590624e-03,  1.54601727e-02, -1.27781760e-02,
       -1.58147346e-02,  2.08566990e-02,  9.27736983e-03, -1.47144636e-03,
        2.40833918e-03,  1.39470138e-02, -2.50888169e-02, -1.56593733e-02,
       -1.27546135e-02,  1.10756261e-02,  1.14159724e-02,  1.15438187e-02,
        1.57807209e-02, -2.23290431e-03,  4.66817478e-03,  1.56050455e-02,
       -8.82477907e-04,  4.76361951e-03,  5.53108985e-03,  1.43991737e-02,
        7.84781203e-03, -9.65643208e-03, -1.06513398e-02,  4.71063098e-03,
        5.68330893e-03,  1.13070868e-02, -1.34650562e-02, -1.91531032e-02],
      dtype=float32), 'encoder.fc.6.weight': array([[-0.03064569,  0.03985608,  0.02639153, ..., -0.00775806,
        -0.03355793,  0.0015432 ],
       [ 0.00359755,  0.01130572,  0.00285068, ..., -0.04587081,
         0.03087038,  0.01233731],
       [-0.01011306, -0.01195264,  0.00395124, ..., -0.03111091,
         0.00691572,  0.04044914],
       ...,
       [-0.01303308, -0.03130346, -0.01555456, ..., -0.01816576,
        -0.02708223, -0.03966896],
       [-0.02519513, -0.01190339,  0.00393116, ...,  0.0417267 ,
         0.00497722,  0.02903675],
       [ 0.03081737, -0.02710174, -0.03974658, ..., -0.03502429,
         0.02437551,  0.03289016]], dtype=float32), 'encoder.fc.6.bias': array([ 0.00694007,  0.01923519, -0.03300933, -0.01991428, -0.02736421,
       -0.03996264, -0.00054999, -0.03187832,  0.03583245,  0.03109241],
      dtype=float32), 'decoder.fc.0.weight': array([[-0.20561025,  0.21640298, -0.14766504, ...,  0.04079571,
         0.15424746,  0.00448302],
       [ 0.17913242,  0.0316433 ,  0.2960136 , ..., -0.25580612,
        -0.03807346, -0.22204874],
       [-0.17478785,  0.14400592,  0.09644923, ..., -0.12143735,
        -0.24503994,  0.14773303],
       ...,
       [-0.24564673, -0.01348566,  0.11904537, ...,  0.24767539,
        -0.23149978, -0.12575296],
       [-0.26492378, -0.26586074,  0.30315146, ..., -0.25311166,
        -0.24169709,  0.2840569 ],
       [-0.22789298,  0.18489592, -0.03376235, ...,  0.02798511,
        -0.05132449,  0.13898343]], dtype=float32), 'decoder.fc.0.bias': array([-0.10694132, -0.00428646,  0.14272004, -0.2876768 ,  0.13843332,
        0.23917812,  0.00405392, -0.15535273, -0.03752116,  0.2091886 ,
        0.08296122,  0.15470749,  0.09551869, -0.21121679,  0.1160727 ,
       -0.16943347,  0.23353358,  0.03873934, -0.24548453,  0.00891929,
       -0.29095384,  0.27942404, -0.16922066,  0.14352678, -0.24943167,
       -0.27110255, -0.03658142, -0.13758163,  0.05610862,  0.2081173 ,
        0.25404435,  0.1921059 ,  0.21039581, -0.29111752, -0.11906709,
       -0.25728697, -0.01629403,  0.13324672,  0.08838435,  0.22101071,
       -0.005955  ,  0.1697018 , -0.05547154,  0.08671604,  0.21552455,
        0.07088845,  0.06298336, -0.0484143 ,  0.25632486,  0.17933   ,
        0.10371324,  0.03960883, -0.12527679,  0.04106293, -0.19935659,
        0.20051317,  0.17195691, -0.13554193,  0.13983332, -0.18987632,
       -0.03036657,  0.163613  , -0.07486422, -0.23744173,  0.26004833,
        0.3134168 ,  0.2900781 , -0.246907  , -0.24614346,  0.00519508,
        0.10397353,  0.23074307, -0.10320815, -0.2559365 , -0.19120933,
       -0.2169042 ,  0.26545185, -0.16756746, -0.18171829, -0.11823643,
        0.16803066, -0.26171   ,  0.09415492,  0.18383853, -0.22207433,
       -0.20734644, -0.01646131, -0.16852435,  0.29559556,  0.17595293,
        0.06297807, -0.02830249,  0.01506193, -0.06712282,  0.1414891 ,
       -0.10667105, -0.11816684, -0.19587766, -0.27895018,  0.04690758,
        0.27585056, -0.2707606 , -0.18359803, -0.18644525,  0.28712344,
       -0.00915607,  0.03069768, -0.13659419, -0.14338076,  0.29914707,
       -0.13051851, -0.0498798 ,  0.24904764, -0.21283466,  0.21033415,
        0.2997916 , -0.21296443,  0.01611387, -0.1217334 ,  0.03249082,
       -0.15410721,  0.12573679, -0.05875669,  0.11795086, -0.26542002,
       -0.08172245,  0.0195253 ,  0.06620222,  0.27528545, -0.19480559,
       -0.10329078,  0.00829573, -0.17173405,  0.29404274,  0.2690287 ,
       -0.3010985 ,  0.13176619,  0.20611407, -0.13062909,  0.03502674,
        0.23112877, -0.02706545,  0.29025266,  0.05863434,  0.17509994,
       -0.31740293,  0.06379078, -0.03977344, -0.05374366,  0.17770126,
        0.09911059,  0.06579879, -0.13109156, -0.02965712, -0.18843494,
       -0.1058924 , -0.2064858 , -0.0541453 ,  0.24687152,  0.23831593,
       -0.06233012, -0.28275326,  0.2343144 , -0.24090452, -0.0061273 ,
       -0.18279524,  0.24813297, -0.21728972,  0.01081197, -0.09718941,
        0.13688484,  0.04726253, -0.15273486,  0.03856742,  0.11420314,
       -0.25871003, -0.27627718, -0.08045665,  0.26288062, -0.1990942 ,
        0.09464602, -0.14024962,  0.17683892,  0.3126075 ,  0.07108949,
       -0.14387578,  0.1940972 , -0.09683753,  0.23456576, -0.14586982,
       -0.06742056,  0.23773463, -0.25432304, -0.19171318, -0.21877557,
        0.06610791, -0.02273632,  0.09066247,  0.22087584, -0.06199925,
        0.15122296, -0.24019398, -0.16839983, -0.3008697 ,  0.14754853,
       -0.11380999,  0.25601646,  0.01248295,  0.26241106, -0.19401364,
       -0.17597374, -0.3085199 ,  0.14670327,  0.1289449 , -0.15440322,
       -0.2899097 , -0.03649638, -0.02550756, -0.03949173, -0.00064961,
       -0.28340325,  0.19816235,  0.08754802, -0.11548606, -0.26609725,
        0.00825612,  0.26248437,  0.2656851 ,  0.24568446,  0.25158343,
        0.2828596 ,  0.08134169, -0.07250842,  0.18399182,  0.25237516,
        0.0945956 , -0.18914734, -0.2824406 ,  0.2588805 , -0.23044744,
        0.10023542, -0.06112821,  0.06411809, -0.0028743 , -0.25483772,
        0.25126007,  0.07063001, -0.09929881,  0.12087817,  0.07543283,
        0.07251354, -0.23571981, -0.07285421,  0.22269787,  0.0476119 ,
       -0.25561908, -0.274164  ,  0.18874872, -0.31928453,  0.0278614 ,
        0.13241526, -0.26459476,  0.14197162,  0.21508503, -0.1390007 ,
        0.10190971, -0.04282837,  0.2880514 , -0.20200557,  0.12315955,
        0.04631076, -0.00203802, -0.13706268,  0.21224499,  0.1686422 ,
        0.10862942,  0.26572442,  0.12100825,  0.18978985,  0.01760964,
        0.28522718, -0.01118339,  0.23891997, -0.17308234,  0.26620403,
        0.1321728 ,  0.22021024,  0.10598967, -0.07029827,  0.18694001,
        0.1982553 ,  0.07416475,  0.20738485,  0.05151156, -0.27202204,
        0.30129492, -0.16339229,  0.02695611,  0.03655484,  0.04272428,
        0.21751782,  0.28101635,  0.1356834 ,  0.1993348 ,  0.1685728 ,
       -0.15127435, -0.12967296,  0.04527807,  0.1557406 , -0.16726293,
        0.20568722, -0.24132723, -0.12486367,  0.28385353,  0.23870608,
       -0.20134564,  0.24430579,  0.09697908, -0.11760359,  0.22630402,
        0.30172142,  0.20007405,  0.02555826, -0.25628683, -0.05861049,
        0.01306642,  0.18449983, -0.22730675,  0.00113291,  0.20322637,
        0.09838264, -0.26732302,  0.271073  , -0.16353486,  0.12047866,
        0.26196876,  0.07979709,  0.01965125, -0.0866509 ,  0.13829468,
       -0.26037097, -0.03389684,  0.00848022,  0.09518044,  0.0531751 ,
       -0.23849519, -0.3070596 , -0.02800439, -0.29786286, -0.26549932,
       -0.29070517,  0.01031469,  0.21657929,  0.23959346,  0.28643787,
       -0.03320509,  0.10467103, -0.08794546,  0.01961439, -0.06557086,
       -0.08513573, -0.2615243 , -0.20869046, -0.27756494,  0.07360491,
       -0.23973349,  0.07471165,  0.31150615,  0.27361444,  0.2153726 ,
        0.14919016,  0.18601833,  0.12645659,  0.1407124 ,  0.24059656,
        0.01248392, -0.00771129, -0.22215167, -0.17905536,  0.28565788,
       -0.2411574 ,  0.07328273, -0.09986044,  0.04993206,  0.24536799,
        0.0592593 ,  0.12204901, -0.2097744 ,  0.21511525,  0.15902781,
       -0.09752377,  0.25221843,  0.09031536, -0.18446119, -0.18383637,
       -0.21895099, -0.02115078, -0.03865974, -0.18543114, -0.09465696,
       -0.20665506, -0.08360003, -0.05332709,  0.06943652,  0.01569485,
        0.10738853, -0.16083454,  0.19726247, -0.22077899, -0.07539694,
        0.09504759,  0.03212884,  0.2867099 ,  0.07294349,  0.01929062,
        0.28807843, -0.10111151, -0.18391871, -0.30842933, -0.11020035,
        0.14178938, -0.17089419,  0.2810166 , -0.17221807, -0.06720787,
       -0.05530546, -0.01032243,  0.01426884, -0.07969196, -0.1466532 ,
        0.28122902, -0.15839073, -0.03761484,  0.00586996,  0.12120051,
       -0.00539859, -0.16707984, -0.19931889, -0.21425742, -0.18340452,
       -0.00127426,  0.00893013, -0.08742418, -0.28238195, -0.03447241,
       -0.2136304 ,  0.15408307,  0.04665044,  0.05468787, -0.15032795,
        0.11764048,  0.08652577,  0.31175503,  0.24094947, -0.29097185,
        0.10663582, -0.19250774,  0.16261747, -0.2475642 , -0.12039946,
        0.26691103, -0.16041717,  0.11218492,  0.19698445,  0.18672827,
        0.13157196,  0.15530634, -0.04564495,  0.07995369, -0.10046231,
       -0.10135924, -0.26824835, -0.21356545, -0.1761651 , -0.2258776 ,
       -0.07178251, -0.01725114, -0.20473124,  0.31370154, -0.25731534,
       -0.17341739,  0.10850193, -0.04834535, -0.02934436,  0.04072881,
        0.13671806, -0.02404862,  0.01176461,  0.11371513, -0.1893553 ,
       -0.12228197,  0.22291411,  0.06798954,  0.0650954 ,  0.13524656,
        0.10979617,  0.02825062,  0.2812278 ,  0.24913892,  0.12538514],
      dtype=float32), 'decoder.fc.2.weight': array([[-5.61711006e-03,  3.05112638e-02,  2.59076767e-02, ...,
         2.99399942e-02, -4.64844108e-02,  7.65249040e-03],
       [-2.20905412e-02, -4.40306440e-02, -4.57801074e-02, ...,
        -4.61302660e-02, -4.27918844e-02, -2.21750699e-03],
       [-2.87080258e-02, -1.78760681e-02, -1.55087905e-02, ...,
         9.67243128e-03, -4.19123583e-02,  1.81723870e-02],
       ...,
       [-1.63476784e-02,  4.18005604e-03,  3.16395201e-02, ...,
        -1.55898510e-02, -2.88622342e-02, -9.46712506e-04],
       [-6.97478605e-03, -2.63396949e-02,  4.52673947e-03, ...,
         2.62689032e-02,  1.75483674e-02,  2.01052185e-02],
       [ 3.19462046e-02, -4.88151014e-02,  4.64453846e-02, ...,
         4.77718413e-02,  4.20860306e-05, -2.01377776e-02]], dtype=float32), 'decoder.fc.2.bias': array([ 0.00991101,  0.01516996, -0.02185164, ..., -0.01236275,
       -0.03441425,  0.00281856], dtype=float32), 'decoder.fc.4.weight': array([[ 0.02721927,  0.01272341,  0.00686859, ..., -0.01295238,
         0.01626512, -0.02338977],
       [ 0.0026474 ,  0.01862944,  0.00411318, ..., -0.01324237,
        -0.01615709,  0.0266232 ],
       [ 0.00633544, -0.01623255,  0.02217779, ...,  0.01554256,
        -0.02402664,  0.00397977],
       ...,
       [ 0.01239764,  0.0182434 , -0.00492131, ..., -0.00251233,
         0.01725528,  0.02543849],
       [ 0.00681733, -0.02790031, -0.00585243, ..., -0.00482026,
         0.01214966, -0.00774515],
       [-0.03265909,  0.00762992, -0.01717985, ...,  0.01715869,
         0.00615617,  0.0578802 ]], dtype=float32), 'decoder.fc.4.bias': array([ 2.41262233e-03,  1.22198071e-02,  1.38886226e-02, -2.39053071e-02,
        1.87640805e-02,  1.61955357e-02, -9.62869264e-03,  1.91796720e-02,
        1.20594371e-02,  2.71198656e-02,  2.32055206e-02,  2.56184004e-02,
        1.43756121e-02,  7.82295782e-03, -9.06683039e-03,  1.18073320e-03,
       -2.49751545e-02,  1.69780981e-02, -1.00657996e-02,  5.20129967e-03,
        3.39684896e-02,  1.22971572e-02,  2.23677494e-02, -2.36033555e-02,
        2.73996918e-03,  2.25181971e-02,  1.19069908e-02, -2.76130252e-02,
        1.66849478e-03,  2.10159589e-02, -1.45153906e-02, -4.00182698e-03,
        3.57347238e-03, -1.21031525e-02, -1.63949784e-02, -7.61383306e-03,
       -2.91952211e-03, -2.78144702e-02,  1.52260624e-02, -5.08150971e-03,
        2.15151682e-02,  7.17064412e-03, -2.53426041e-02, -1.34741720e-02,
        5.68399346e-03, -1.21861603e-02, -5.96459722e-04,  2.33957227e-02,
        8.25265609e-03, -9.11808480e-03,  2.10444387e-02, -2.14462727e-02,
        2.39867829e-02,  5.72297024e-03,  1.45599497e-02,  3.50453891e-03,
        8.87860358e-03,  1.53226852e-02, -2.65270732e-02, -1.77181158e-02,
       -8.56460538e-03,  1.40095217e-04, -1.50295449e-02,  1.16483625e-02,
        1.14885820e-02, -2.22063251e-02,  2.82827262e-02, -1.85523480e-02,
       -1.09046763e-02, -5.22170402e-03, -2.11381242e-02,  7.73668056e-03,
        1.24814129e-02, -2.73558013e-02, -4.34348872e-03, -4.98305541e-03,
        1.07366294e-02,  1.13186929e-02, -5.49851777e-03,  1.57540059e-03,
        6.90181553e-03,  1.18287746e-02,  1.74554680e-02, -1.70341544e-02,
        7.93993659e-03, -2.61862446e-02, -2.04461403e-02,  3.83949350e-03,
       -1.48776518e-02, -6.46868069e-03,  1.09695913e-02, -3.46061517e-03,
        4.59017698e-03,  6.19818177e-03, -1.18185403e-02, -8.39606766e-03,
       -6.74720947e-03, -2.00631768e-02,  6.30096998e-03, -1.08721266e-02,
        8.94219428e-03, -5.11706248e-03, -2.27350574e-02,  1.13255102e-02,
       -2.32673120e-02, -1.45229585e-02,  2.27301884e-02,  8.76523461e-03,
       -2.78818002e-03, -1.58875398e-02, -4.81523981e-04, -1.05856825e-02,
       -2.05468759e-02,  1.02963485e-02, -1.41040869e-02,  3.74269858e-02,
        2.11810842e-02, -4.24055150e-03,  8.84407293e-03, -7.52824824e-03,
        2.63277553e-02,  1.50444424e-02,  4.56530601e-04, -2.20311843e-02,
       -1.11964568e-02, -4.43012919e-03, -5.33722225e-04, -2.24206061e-03,
       -5.04991971e-03,  3.42399590e-02, -1.22283734e-02,  1.95841994e-02,
        6.59293728e-03,  9.06552561e-03, -2.18230989e-02,  3.25299874e-02,
       -2.26245145e-03,  1.39888050e-02, -1.60581209e-02,  1.96467154e-02,
        5.85277425e-03,  2.02081501e-02,  1.06992610e-02, -2.65184529e-02,
        2.81321537e-02, -1.53087787e-02,  4.34525032e-03,  9.50443186e-03,
        6.77208276e-03, -7.59725040e-03,  1.24792391e-02, -1.64749883e-02,
       -1.15836868e-02,  1.22281129e-03, -1.44225443e-02,  1.25179449e-02,
       -7.90521689e-03, -2.71381792e-02, -2.60816570e-02,  1.17405737e-02,
       -2.20979210e-02, -9.03670583e-03, -5.51392464e-03, -1.22570395e-02,
        1.53950565e-02, -1.09238569e-02,  3.33542638e-02, -1.44675812e-06,
       -9.72868409e-03,  2.85592163e-03, -1.58860534e-02,  1.44254537e-02,
       -7.49834720e-03,  7.76642608e-03, -4.82562697e-03,  1.19251413e-02,
       -1.60496272e-02, -1.32682817e-02,  9.23296623e-03,  1.75379682e-02,
        8.41454696e-03,  1.33350142e-03, -1.40085211e-02,  1.18393246e-02,
        1.16329605e-03, -1.66409463e-02, -4.96349111e-03, -2.71496810e-02,
       -5.79806045e-03, -1.30253034e-02,  3.84278363e-04, -1.01791578e-03,
       -4.72481130e-03,  1.85131114e-02, -1.64383184e-02,  1.52983889e-02,
        2.53750850e-02,  6.01622602e-03, -2.25725863e-02,  7.12222885e-03,
        1.04122786e-02,  4.66783717e-03,  3.58363166e-02,  2.33140010e-02,
       -1.19325742e-02,  1.74359269e-02, -1.17056174e-02,  1.08128618e-02,
        1.14745842e-02, -8.22898094e-03, -7.48413568e-03, -1.20631198e-03,
       -9.44763597e-04,  6.66692900e-03,  2.59878449e-02, -1.94305368e-03,
        2.37427782e-02,  1.08095333e-02, -8.31636321e-03,  7.71871954e-03,
        9.92593821e-03, -1.94187742e-02,  4.43937723e-03,  2.97733117e-03,
        1.79877214e-03, -1.16536133e-02, -1.60890967e-02, -1.77475680e-02,
       -1.12107629e-02,  2.03405302e-02, -2.61284113e-02,  3.01712397e-02,
        3.96077987e-03, -9.34099022e-04, -7.31715281e-03,  7.03893183e-03,
        2.18896680e-02, -8.97106715e-03,  2.27075368e-02, -1.85241904e-02,
       -1.01380805e-02,  4.37800912e-03, -1.82213094e-02, -1.99851207e-02,
       -1.34247332e-03, -9.23472084e-03, -1.93422157e-02, -1.66274738e-02,
       -5.32090804e-03, -1.95407066e-02,  3.81190479e-02, -6.90686703e-03,
       -2.28035953e-02,  5.29850880e-03,  1.44279404e-02, -2.90428172e-03,
        2.29298882e-02,  1.05117997e-02,  1.65330321e-02,  2.32613757e-02,
        2.45556589e-02, -1.66600179e-02,  1.22652494e-03,  3.80278677e-02,
       -4.77958703e-03, -2.32137349e-02, -1.65382624e-02,  3.19446600e-03,
       -5.63261157e-04,  1.49413748e-02, -1.57512948e-02,  1.53951719e-02,
       -1.89657193e-02,  2.57783495e-02,  1.58644840e-02, -2.42913608e-02,
        1.14550544e-02,  6.18230179e-03, -1.70552880e-02, -1.60463750e-02,
       -2.00655907e-02,  1.16964383e-02, -1.91994011e-03,  1.16790785e-03,
       -2.57727038e-02,  1.20918835e-02,  1.46309016e-02,  8.50764755e-03,
        3.38165998e-03, -1.93523169e-02,  1.33950440e-02, -2.96961254e-04,
       -2.35799048e-02,  9.55149124e-04,  1.07582880e-03,  1.54827544e-02,
       -2.22416203e-02,  1.14535121e-02, -4.09540720e-03,  3.57579230e-03,
        2.61379145e-02,  8.32482334e-03, -1.28640598e-02,  1.47547713e-02,
        7.52319582e-03,  1.45749366e-02, -1.30876922e-03,  2.68534273e-02,
       -2.28384025e-02,  3.12668793e-02, -1.24226976e-02, -7.60989310e-03,
       -7.43425917e-03,  1.34851681e-02,  1.74480360e-02,  1.31273391e-02,
        2.73906142e-02, -8.95879231e-03,  1.14075802e-02,  3.36287147e-03,
       -1.03591671e-02, -7.93827139e-03, -8.73326976e-03, -1.18437060e-03,
       -2.48089414e-02, -2.65194252e-02, -2.37799138e-02,  2.29860395e-02,
        3.22393095e-03,  1.87579691e-02, -1.16124125e-02, -1.95575897e-02,
       -1.81425398e-03,  1.52106099e-02, -4.92307451e-03, -2.44449005e-02,
        3.68370605e-03,  9.36991442e-03, -1.44288540e-02, -3.30781634e-03,
        1.57550734e-03, -2.25314517e-02, -2.10623834e-02, -7.57025275e-03,
        2.52360944e-02,  3.82248461e-02, -1.37400189e-02,  4.84988932e-03,
        2.55462732e-02, -1.46897594e-02,  2.81263818e-03, -1.28328698e-02,
        1.36904074e-02, -7.58099544e-04, -3.13741295e-03,  1.06002437e-02,
       -2.69131903e-02,  1.78644690e-03, -1.60002392e-02,  3.25151859e-03,
       -9.51826293e-03,  3.39845079e-04,  1.36844423e-02, -3.15394136e-03,
        2.63801217e-02,  2.66562263e-03, -3.63623048e-03,  1.23639191e-02,
       -3.52596212e-03,  1.18368557e-02,  2.37258747e-02, -6.29332475e-03,
       -8.09234101e-03,  1.39982551e-02, -1.26418881e-02,  3.97238694e-03,
        1.29995318e-02, -6.96392264e-03, -2.35914495e-02,  3.01106088e-03,
       -8.30968004e-03, -1.67343505e-02, -1.21404435e-02, -2.00446900e-02,
        3.45265120e-02,  1.89414956e-02,  1.02545824e-02, -1.85519771e-03,
        5.11931581e-03,  9.31926258e-03, -3.13090114e-03,  3.15286871e-03,
        2.61281058e-02, -1.37008782e-02, -1.18970564e-02, -1.11518605e-02,
       -3.15771648e-03,  1.30202919e-02,  1.60692930e-02,  1.28278593e-02,
       -2.53632050e-02, -3.24360561e-03, -2.15053447e-02, -1.15694143e-02,
        1.56791303e-02,  1.55669153e-02,  3.55855492e-03, -2.48935707e-02,
       -2.88258097e-03, -2.02846006e-02, -8.66060797e-03, -2.33126171e-02,
       -1.29470602e-02, -3.89399938e-04,  1.82994734e-02,  1.81262717e-02,
       -2.52998155e-02, -2.21590530e-02,  1.88554004e-02, -1.75108702e-03,
       -3.21516907e-03, -5.70542039e-03, -2.44596396e-02,  1.13909161e-02,
        1.52481291e-02, -1.22138225e-02,  1.12722646e-02, -5.42756915e-03,
        8.41839984e-03,  3.17613222e-02, -6.43941388e-03,  2.66279280e-02,
        8.68287636e-04, -2.29833033e-02, -8.05797428e-03,  2.79301312e-02,
        2.07243580e-03,  9.71581228e-03,  9.40264110e-03,  1.82235497e-04,
        5.22129878e-04,  4.98077716e-04,  8.00670683e-03, -1.35003263e-02,
        4.13489789e-02,  9.45656747e-03, -3.59592563e-03,  4.34362562e-03,
       -4.82965866e-03, -6.15006080e-03,  5.07813785e-03,  2.05554590e-02,
       -1.51902838e-02,  6.29915809e-03, -1.78943258e-02, -1.89284068e-02,
       -8.41741357e-03,  9.57862753e-03, -9.01008863e-03,  1.30566396e-02,
       -2.69466732e-02,  2.79421639e-02,  2.99480036e-02, -1.75744500e-02,
       -8.89510266e-04, -2.67379209e-02,  1.24677680e-02, -1.96975889e-03,
        2.86775990e-04, -7.54850404e-03,  8.27341923e-04,  4.99634212e-03,
       -8.49293731e-03,  2.21844297e-02,  1.10595319e-02, -1.55907692e-02,
       -2.21818052e-02, -1.09994179e-02,  1.33607239e-02,  1.09601244e-02,
       -9.47605353e-03, -1.13351513e-02,  2.60354150e-02, -1.61325336e-02,
       -5.33414958e-03,  1.46071790e-02,  5.96150989e-03,  1.39411194e-02,
        1.22725889e-02, -9.57566313e-03,  5.17279096e-03,  9.08048544e-03,
       -2.35131960e-02,  1.54292760e-02,  3.91419698e-03,  3.35219763e-02,
       -1.29109155e-02, -3.86887463e-03,  1.30206682e-02,  3.73589550e-03],
      dtype=float32), 'decoder.fc.6.weight': array([[-0.03419017,  0.01843855,  0.04181014, ...,  0.06178762,
        -0.03620678,  0.02497511],
       [ 0.03123623,  0.00354242, -0.0280382 , ...,  0.02847113,
         0.02560291,  0.05588274],
       [ 0.0186112 ,  0.00097164,  0.02639242, ...,  0.06156752,
        -0.02858631,  0.02733347],
       ...,
       [ 0.00412483,  0.00239436,  0.03835383, ...,  0.04816282,
         0.02976994,  0.00172355],
       [-0.01503899,  0.01895874,  0.01636285, ..., -0.10375302,
         0.0350633 , -0.02599108],
       [ 0.01263917, -0.00386629, -0.02342228, ...,  0.02544321,
         0.0453613 , -0.04014046]], dtype=float32), 'decoder.fc.6.bias': array([-0.01417506, -0.0029593 ,  0.00557553, ...,  0.02256017,
        0.00522522,  0.03538918], dtype=float32)}
[Time: 29.01.25 13:41:56] [Level: info] [State: aggregate] {'encoder.fc.0.weight': array([[-0.00373478,  0.00306324,  0.00544324, ..., -0.01137429,
        -0.00340566,  0.01135714],
       [-0.00505375, -0.0031229 , -0.00253359, ..., -0.00332113,
        -0.00247839,  0.00327352],
       [ 0.00342181, -0.01404015, -0.00022843, ..., -0.00700157,
         0.01061726,  0.00180893],
       ...,
       [-0.00327732,  0.01012548,  0.00777875, ..., -0.01069148,
         0.0092822 ,  0.00955469],
       [-0.00652319,  0.00076878, -0.0109919 , ...,  0.00384601,
        -0.00023324,  0.02175489],
       [ 0.01080834, -0.00074501,  0.00603887, ...,  0.00510713,
         0.00827959, -0.00093691]], dtype=float32), 'encoder.fc.0.bias': array([-6.74001290e-04, -1.74955174e-03, -1.45392008e-02, -7.89610844e-04,
       -7.15869432e-03, -1.25068333e-02, -1.16032436e-02,  1.33584347e-03,
        1.09084859e-03, -7.20194681e-03, -1.15028620e-02,  2.69963755e-03,
       -2.21165246e-03,  4.54547582e-03, -7.27512594e-03, -1.42991208e-02,
       -3.78200458e-03, -8.24355986e-03,  4.21776948e-03, -6.31486997e-03,
       -1.39155639e-02, -1.36091094e-02, -4.08714171e-03,  1.09992852e-03,
       -1.04045197e-02,  3.23385873e-04,  2.05724989e-03, -1.25360664e-03,
        3.88956629e-03, -4.43732925e-03, -7.45500997e-03, -1.26759824e-03,
       -7.16585154e-03, -9.91321914e-03, -3.45358299e-03, -7.24990852e-03,
        4.07710997e-03,  3.89997475e-03, -1.09838834e-02, -1.37445480e-02,
       -1.12165026e-02, -1.10362507e-02, -8.33977759e-03, -9.64165293e-03,
       -7.34240701e-03, -1.29424063e-02, -4.45069512e-03, -1.27115780e-02,
       -1.39794247e-02, -9.96226538e-03, -6.41898206e-03,  2.03961157e-03,
       -8.80901644e-04, -1.47409819e-03, -1.70796749e-03, -1.56984776e-02,
       -8.27457756e-03, -1.30775198e-02,  1.05018411e-02,  4.48409654e-03,
       -6.32180274e-03, -3.37646063e-03, -1.18556106e-02, -1.47277827e-03,
       -1.34683559e-02, -1.32461535e-02, -9.91025195e-03, -1.30115142e-02,
       -1.26637286e-02, -5.50765032e-03, -7.01634493e-03, -1.49143243e-03,
       -3.90818529e-03, -3.43497330e-03,  1.05701666e-03, -1.63011311e-03,
       -6.27734233e-03,  3.41082015e-03, -2.75055878e-03,  2.63446080e-03,
       -1.35643501e-02,  4.19411203e-03,  4.03521582e-03, -1.59924775e-02,
       -3.54695134e-03,  2.95218034e-03, -7.04422686e-03, -9.70481953e-04,
        2.18966510e-03, -5.30853821e-03, -2.09973636e-03, -8.90213624e-03,
       -9.19336546e-03,  6.24461740e-04, -1.95378345e-03, -3.95396352e-03,
       -4.12852317e-03, -1.26598692e-02, -1.21033853e-02,  1.04087812e-03,
        3.54079762e-03, -1.00745950e-02,  8.20610032e-04, -9.48797539e-03,
       -1.01259537e-03,  2.47951318e-03, -6.53087022e-03, -1.22016594e-02,
       -8.40874575e-03,  2.81273061e-03, -3.12776142e-03, -9.61050298e-03,
        2.42647761e-03, -6.63820980e-03,  2.30596997e-04, -4.95887361e-03,
       -7.68377911e-03, -1.03123416e-03,  3.44795361e-03, -1.20115634e-02,
       -1.60140470e-02, -1.13321329e-03,  1.40387600e-03,  5.29067777e-03,
       -2.85530719e-03, -2.45579286e-03, -1.00512465e-03,  2.26333927e-04,
       -7.41143653e-04,  4.76297922e-03, -2.66560260e-03, -6.95211464e-04,
       -9.25194379e-03, -1.13646407e-02,  1.97677733e-03,  1.30244438e-02,
       -1.25478650e-03, -7.17757456e-03, -1.23719592e-02, -1.86016387e-03,
        2.47890828e-03, -8.90943571e-04,  8.25631060e-03, -6.27724454e-03,
       -9.10128001e-03, -1.81528192e-03, -7.97274522e-03,  1.96937472e-03,
        7.87782483e-03,  5.00780111e-03, -3.39232641e-03, -1.06841745e-02,
       -1.16311079e-02, -1.10496655e-02,  2.01048469e-03, -9.65794642e-03,
        6.17332989e-03, -1.21086249e-02,  1.87569438e-03,  2.09228508e-03,
        3.22654750e-03, -6.12984318e-03, -1.38168735e-02, -1.66375551e-03,
       -1.18641993e-02, -1.03930132e-02, -3.96572379e-03, -7.46487221e-03,
       -1.89444501e-04, -6.58075558e-04, -8.98557156e-03, -2.21418007e-03,
       -8.31180345e-03, -8.41362588e-03, -5.09653427e-03, -5.80729358e-03,
       -6.25450676e-03, -2.75176764e-03,  3.64896352e-03, -2.07323721e-03,
       -9.05200001e-03,  7.62314349e-03, -1.46090174e-02, -1.58363569e-03,
       -6.96378388e-03, -7.55535497e-04,  6.44026964e-04,  8.11670790e-04,
       -6.05776673e-03, -9.81971249e-03, -1.02017960e-02,  7.91995786e-04,
       -8.39513075e-03, -7.73443840e-04, -2.23002513e-03,  2.97148502e-03,
       -9.10980068e-03, -5.00137405e-03,  2.81479722e-03, -1.16612362e-02,
        1.31485332e-03,  3.11241415e-03, -8.31637904e-03, -8.98565073e-03,
       -6.96236314e-03, -1.09227505e-02,  1.56033528e-03, -1.38332993e-02,
       -1.26315271e-02,  4.65857796e-03, -5.03744977e-03, -2.09913147e-03,
       -4.97542974e-03, -3.42336018e-03,  1.78265665e-03, -1.17393387e-02,
       -5.10075968e-03, -9.02885478e-03,  2.17199791e-03,  5.76917701e-05,
        3.25207901e-03, -2.38995301e-03, -9.19459295e-03, -6.21547131e-03,
       -6.77577686e-03, -1.38124917e-02, -1.34833483e-02, -8.77586100e-03,
       -1.33261653e-02, -1.19608147e-02, -1.62043702e-02, -1.12268729e-02,
       -6.90345140e-03, -1.14348382e-02, -1.03104142e-02, -5.12744440e-03,
       -8.24017730e-03, -1.27055142e-02,  1.05542969e-02,  6.46089483e-03,
       -1.24278404e-02, -4.10871318e-04, -9.90704447e-03, -1.57591403e-02,
       -4.81110206e-03, -5.94358798e-03,  4.89585055e-03,  3.44859436e-03,
       -6.85311016e-03, -1.98910129e-03, -9.13603930e-04, -1.11620771e-02,
       -2.13549705e-03, -5.10390848e-04, -9.07916483e-03,  2.22059409e-03,
       -1.01566166e-02,  8.31912257e-05,  2.10607052e-03, -9.97495558e-03,
        2.49167043e-03, -2.59181997e-03,  5.50043653e-04,  1.45355868e-03,
       -6.25052629e-03, -7.71909999e-03,  1.36442604e-02, -7.55216740e-03,
       -3.65617895e-03, -1.42284054e-02,  1.69414980e-03, -1.97613379e-03,
        2.85468617e-04,  3.41899926e-03,  2.05646735e-03, -6.24557943e-05,
       -7.83111621e-03, -7.30908616e-03, -4.82847681e-04,  1.46634423e-03,
       -4.16615396e-04, -1.39505346e-03,  5.36334002e-03, -4.31164494e-03,
       -1.18366554e-02, -1.27577288e-02, -1.20495204e-02,  1.47023849e-04,
       -8.64922185e-04, -8.80919024e-03,  3.96610051e-03, -1.17042391e-02,
       -3.82238696e-03, -1.64275186e-03, -5.42702619e-03, -3.41074541e-03,
       -9.63079836e-03, -3.76015180e-03, -1.28221940e-02, -2.69780005e-03,
       -6.22438500e-03, -1.11424932e-02, -1.61762573e-02, -1.09889032e-02,
       -5.31464536e-03,  3.00499750e-03, -4.65589948e-03, -1.18275192e-02,
       -1.42034702e-02,  1.23892460e-04, -5.07706730e-03, -1.35701429e-02,
       -8.78329109e-03, -6.58044964e-03, -2.89482973e-03, -6.15008455e-03,
       -1.24925077e-02, -3.05972900e-03, -5.25014009e-03, -1.99245382e-03,
       -4.31269128e-03, -9.72359441e-03, -3.56478314e-03, -1.02356439e-02,
       -1.28914397e-02,  4.42502275e-03, -1.28150843e-02, -9.21768975e-03,
       -7.57385569e-04, -1.24251032e-02, -1.26865031e-02,  1.83179090e-03,
        7.45828322e-04, -9.00625251e-03, -7.11307744e-04, -1.56591646e-02,
       -9.81349964e-03, -1.16376998e-02,  1.29962026e-03, -1.27523337e-02,
       -2.12249346e-03, -2.38644565e-03, -3.55116976e-03, -1.26042552e-02,
       -7.37370458e-03, -1.00748111e-02, -1.19861895e-02, -1.29300328e-02,
        1.49481435e-04, -1.63595621e-02,  6.88761123e-04, -9.52915568e-03,
       -5.87036833e-03, -4.26872540e-03, -5.81391575e-03, -1.42443907e-02,
       -1.21683106e-02, -1.19356299e-02,  1.11031497e-03, -6.36850763e-03,
       -2.36902246e-03, -2.77128594e-04,  8.77139717e-03,  1.35678251e-03,
       -1.66735463e-02,  4.75353701e-03, -1.03158979e-02, -4.58268169e-03,
        1.22557976e-03, -2.11676792e-03, -1.06378365e-02, -3.53726116e-03,
       -6.51761366e-04, -8.46743496e-05,  6.63799699e-04,  9.33110598e-04,
       -9.60250385e-03, -3.85770085e-03, -5.30503644e-03, -8.74298066e-03,
       -1.04613397e-02,  7.05764908e-03,  2.07339952e-04,  2.44769594e-03,
        3.79795767e-03, -8.99352774e-04, -9.57683474e-03, -8.07329454e-03,
       -5.04907919e-03, -1.26805005e-03,  9.26381163e-03, -2.47465493e-03,
       -2.32605892e-03,  6.36250828e-04, -7.14092050e-03, -1.15635628e-02,
       -3.79570387e-03, -1.62828621e-02,  4.79701255e-03, -4.35447460e-03,
        6.21705607e-04, -1.54816022e-03, -1.37658082e-02, -8.55300389e-03,
       -1.36926959e-04,  6.55736658e-04,  3.34728789e-03, -5.96182141e-03,
       -3.39557161e-03,  2.35237647e-03, -1.09299552e-02, -1.56394634e-02,
       -2.70527252e-03, -1.62357334e-02, -1.28979990e-02, -2.73197517e-03,
        2.46203202e-03, -8.52032937e-03,  3.57634737e-03,  2.76354095e-03,
       -8.46061110e-03, -2.15375028e-03, -1.39802853e-02, -1.10208092e-03,
       -8.86157434e-03, -1.14553347e-02,  3.47035914e-03,  8.21946561e-03,
       -1.25484178e-02, -1.25436401e-02, -4.72487230e-03, -6.87735272e-04,
       -4.90530906e-03, -1.34730618e-02,  4.00118623e-03,  2.23462307e-03,
       -1.08972366e-03, -1.28154019e-02, -1.20536229e-02,  2.14708946e-03,
        1.34304413e-04, -1.22980932e-02, -1.16378162e-02, -4.96215606e-03,
        6.51616021e-04, -1.46651650e-02,  1.44452462e-02,  3.35972756e-03,
       -2.62121460e-03,  1.06652891e-02, -8.97990912e-03, -2.29377711e-05,
       -1.12753140e-03, -1.37899974e-02, -5.16385247e-04,  1.00216949e-02,
        5.38098218e-04, -6.31103618e-03, -8.52910057e-03, -1.22886244e-02,
       -7.90145434e-03, -8.25295784e-03, -1.26546733e-02, -7.34358467e-03,
        4.87093488e-03,  9.23985557e-04,  2.55102036e-03, -8.34934134e-03,
        4.95577836e-03, -1.19180707e-02, -3.04395915e-03, -2.95990217e-03,
       -1.23126451e-02,  1.37200486e-03,  3.64317698e-03, -1.40369860e-02,
       -5.35584940e-03, -3.63845890e-03, -8.68800469e-03, -5.57403453e-03,
        8.19898862e-03, -1.03833722e-02, -7.08780112e-03, -1.07297283e-02,
        8.69306969e-04, -1.21526339e-03,  4.75467998e-04, -2.58971704e-04,
       -7.29580130e-03, -1.19991740e-02, -1.04075968e-02, -9.03589558e-03,
       -1.94529144e-04, -8.97924230e-03, -1.45837502e-03,  4.72953636e-03,
       -4.90696030e-03, -7.01093959e-05, -1.51842972e-02,  1.32836895e-02],
      dtype=float32), 'encoder.fc.2.weight': array([[-0.01632402, -0.01121436, -0.03848046, ..., -0.00161445,
        -0.00505238,  0.04116143],
       [ 0.03347611, -0.02582864,  0.04805924, ...,  0.0002675 ,
        -0.03530506,  0.02568125],
       [-0.01774585, -0.04518743, -0.02682582, ...,  0.02691962,
        -0.03191653,  0.03613227],
       ...,
       [-0.02120517,  0.02364186,  0.01670299, ..., -0.00352624,
        -0.03823314, -0.03175321],
       [ 0.00335205, -0.02750108,  0.02193295, ..., -0.00948541,
        -0.01072771, -0.03412833],
       [-0.04560436, -0.01023744, -0.03284205, ...,  0.01967425,
        -0.00839702,  0.02951394]], dtype=float32), 'encoder.fc.2.bias': array([-0.00585598, -0.02939597,  0.03468677, ...,  0.01675322,
        0.0250829 , -0.0018938 ], dtype=float32), 'encoder.fc.4.weight': array([[ 0.01695303, -0.0126964 , -0.02137239, ..., -0.01746307,
         0.00075262,  0.00057246],
       [-0.01378754,  0.01009191, -0.00801328, ..., -0.00125403,
        -0.00626715,  0.00329826],
       [ 0.01154117,  0.02426779,  0.02420316, ..., -0.01207074,
        -0.00015448,  0.01135666],
       ...,
       [-0.0126691 , -0.02541631, -0.00979366, ...,  0.01024745,
        -0.02359438, -0.01877045],
       [-0.01867481, -0.02351491, -0.00022699, ..., -0.00890418,
        -0.00452033, -0.00511623],
       [ 0.01234692,  0.01060731, -0.00224862, ..., -0.00887701,
        -0.00790121,  0.00918497]], dtype=float32), 'encoder.fc.4.bias': array([-7.76075805e-03, -1.42431809e-02,  1.23134814e-04,  1.65153909e-02,
        8.96353461e-03, -1.37686764e-03, -1.40300915e-02, -9.15977638e-03,
        1.18691791e-02,  1.04964394e-02,  3.20299785e-03,  1.60487853e-02,
        1.11726357e-03, -8.75676982e-03,  9.91097651e-04,  4.87127993e-03,
        2.48172204e-03, -4.68694884e-03, -7.14184134e-04, -1.89982522e-02,
       -2.91913431e-02,  4.78098961e-03, -8.72100331e-03,  3.56709445e-03,
       -4.10852209e-03,  1.76806133e-02, -7.03657139e-03, -8.25554412e-03,
       -2.21058801e-02, -1.73916090e-02,  9.21856705e-03,  1.35920569e-02,
        7.27769826e-03,  5.39509300e-03, -7.89458025e-03, -8.36044271e-03,
       -9.02135653e-05, -5.62737510e-03,  1.00235101e-02, -2.17189640e-02,
       -1.82908296e-03, -1.48361269e-02, -1.33757433e-02, -1.31492401e-02,
       -1.43101746e-02,  1.71092562e-02,  1.28462808e-02, -8.07125401e-03,
        1.10009899e-02, -2.23178361e-02, -1.10476920e-02,  1.43553689e-02,
       -2.60101948e-02, -1.95836625e-03,  9.25745349e-03, -1.06435344e-02,
        1.36686009e-04, -1.31178014e-02,  7.07545970e-03, -7.31128175e-03,
        5.75394044e-03, -5.11373486e-03,  7.87650701e-03, -3.12540773e-03,
       -2.07175780e-03,  5.15658408e-03,  1.18590356e-03,  5.89024392e-04,
       -4.61809570e-03, -1.55615881e-02, -8.00728519e-03,  9.38295200e-03,
        3.93737899e-03, -1.18506700e-02,  2.59124916e-02, -7.32583227e-04,
       -2.66548321e-02,  9.12169926e-03,  1.32195428e-02, -1.62218865e-02,
       -1.84671674e-02,  2.27026623e-02, -3.55149433e-03, -1.13440510e-02,
        8.60186853e-03,  1.30306361e-02,  1.04081966e-02, -1.33835934e-02,
       -1.85171776e-02, -1.14976140e-02,  6.27334323e-03, -1.17626432e-02,
       -7.34638562e-03, -2.09631044e-02,  1.74136553e-02, -1.13882609e-02,
        3.80457006e-03, -6.99250912e-03,  7.25629181e-03,  1.00759706e-02,
        5.28890453e-03,  1.28471861e-02, -9.48283356e-03, -1.76632069e-02,
        1.70030631e-02,  1.22961560e-02, -7.26167159e-03, -4.03911201e-03,
        2.28498857e-02, -2.75617726e-02,  1.15350354e-03, -2.13513840e-02,
        1.30301565e-02,  1.09137204e-02, -1.09741781e-02,  1.52095221e-04,
       -1.41148595e-02,  6.52454328e-03,  1.74632184e-02,  3.92775564e-03,
       -1.42982388e-02, -2.56514270e-02, -1.79611065e-03, -5.25273709e-03,
       -1.50682377e-02,  1.91242192e-02, -4.30251798e-03, -2.39784624e-02,
       -2.59056054e-02,  1.86986499e-03, -8.57656449e-03, -2.50594039e-02,
       -1.61104575e-02, -2.36774534e-02, -1.06114587e-02, -2.20185295e-02,
        1.48722259e-02, -1.75533369e-02,  1.34693664e-02, -1.76771842e-02,
       -2.58686803e-02,  1.13577237e-02,  1.26643116e-02,  5.96303842e-04,
       -9.19372868e-03, -4.88362927e-03, -1.67752542e-02,  8.20005219e-03,
        1.58821251e-02, -1.62483826e-02, -1.68908555e-02, -9.33167525e-03,
       -6.56454009e-04, -8.07273854e-03,  6.75753877e-03,  1.25993323e-02,
        3.66918347e-03, -1.79220270e-02,  4.39525256e-03, -1.76847894e-02,
       -2.31719054e-02,  9.22702346e-03,  3.39821493e-03, -2.53502876e-02,
        8.23464710e-03, -1.01295896e-02, -1.25521040e-02, -2.09901854e-02,
        1.23481033e-02, -2.67569604e-03, -4.59476048e-03, -1.17288847e-02,
        1.89378695e-03, -4.14791331e-03, -2.27700677e-02, -1.22001581e-02,
       -4.99958638e-03,  2.93537625e-03, -2.11016188e-04,  1.51708629e-02,
        9.27309785e-03, -2.98326765e-03, -1.46689098e-02,  1.10485163e-02,
       -1.38064791e-02,  5.85405482e-03, -3.36036179e-03,  9.34519991e-03,
        1.98095478e-03,  8.97481665e-03,  8.94543994e-03, -1.33051956e-02,
        1.91501249e-02,  1.45981722e-02, -3.62005481e-03,  1.08793296e-03,
        1.35389697e-02, -1.55959949e-02, -1.16224047e-02, -2.20316183e-02,
        7.21110869e-03,  3.44983744e-03, -6.81203697e-03, -2.60759350e-02,
        8.65733717e-03,  1.10904844e-02, -1.99269000e-02,  5.00090187e-03,
        1.49874017e-02, -1.95658542e-02,  1.55681428e-02, -3.94570921e-03,
        1.31732197e-02, -4.71647410e-03,  2.20062863e-02, -6.25938829e-03,
        1.22076087e-02,  1.22627302e-03, -1.27592701e-02, -4.90368810e-03,
       -7.35045597e-03, -4.24900977e-03, -8.46866984e-03, -6.41400041e-03,
       -2.07128637e-02, -2.43093763e-02, -2.41251625e-02,  4.02102154e-03,
        9.15071741e-03,  1.81607204e-04, -2.81103048e-02, -1.04332697e-02,
        9.40932054e-03, -1.70293134e-02, -2.34075692e-02, -2.18562298e-02,
        1.37978727e-02, -2.57129986e-02, -1.15316054e-02, -1.79316346e-02,
        8.81878380e-03, -6.49728533e-03,  5.56700723e-03,  1.46714859e-02,
        7.51528656e-03, -1.12139517e-02, -6.08451618e-03, -1.87872835e-02,
        1.08156065e-02, -9.32504889e-03,  5.68687310e-03,  6.35778066e-03,
        1.91876832e-02, -1.77380629e-02,  8.66854191e-03, -1.20721210e-03,
       -1.11500872e-02,  4.68812790e-03, -2.27248985e-02, -1.96904875e-02,
        1.25817368e-02,  9.76486411e-03, -3.47168022e-03,  4.35475493e-03,
       -1.83644798e-02, -7.17129465e-03, -9.64815903e-04, -5.00968285e-03,
       -3.60798812e-03, -9.50466655e-03,  2.51195282e-02, -1.12647926e-02,
        1.59426276e-02,  1.76430047e-02, -3.36206378e-03, -1.64011102e-02,
       -8.78806692e-03,  1.77575294e-02,  6.43207552e-03, -1.27548371e-02,
       -1.17406305e-02,  1.12362774e-02, -1.13857612e-02,  1.08865630e-02,
        1.18474150e-02, -1.65039115e-02, -2.12253425e-02,  1.05604483e-02,
       -1.56304091e-02,  3.87252052e-03,  5.33949677e-03,  8.77016503e-03,
       -2.52721496e-02, -2.35835300e-03,  1.61682011e-03,  2.39250250e-03,
        2.50773635e-02, -2.46664993e-02, -2.88226106e-03, -2.39256881e-02,
       -1.64728854e-02, -8.31468496e-03,  1.59289818e-02,  6.61551347e-03,
       -1.06333736e-02, -1.19496156e-02, -1.35915494e-02, -1.52004715e-02,
       -1.24631997e-03, -9.27844958e-05, -3.30753764e-03,  1.10983280e-02,
       -9.22654290e-03, -7.25293159e-03, -4.52203909e-03, -1.40900603e-02,
       -2.40028203e-02, -1.58963203e-02, -1.06051669e-03,  1.04024820e-02,
       -1.35940155e-02, -1.36090815e-02, -8.88999831e-03, -1.72011759e-02,
       -1.30600538e-02,  1.62143912e-02,  5.90763101e-03, -1.40102925e-02,
       -9.92975943e-03, -1.20945303e-02,  7.61754392e-03, -3.24516036e-02,
       -2.37528910e-03, -1.79996938e-02,  6.16024993e-03, -2.61988342e-02,
        7.06942519e-03, -9.17421654e-03, -2.70159580e-02, -2.26555299e-02,
        1.30638806e-02,  8.93090386e-03, -5.04655717e-03, -1.34577220e-02,
       -1.12605887e-02, -1.57688633e-02, -1.26154413e-02, -1.69607420e-02,
       -2.63203438e-02, -1.32834539e-02,  7.78666465e-03, -1.26352049e-02,
        6.49702875e-03,  1.61660444e-02, -1.58136599e-02,  5.94201917e-03,
        1.48523096e-02,  2.08553281e-02, -1.47639783e-02,  6.04012003e-03,
        5.01277065e-03, -1.23088863e-02, -9.99046396e-03, -1.61512177e-02,
        1.45614045e-02, -2.75001526e-02, -2.68559139e-02, -2.42069643e-02,
        9.61728767e-03, -1.72171034e-02, -1.05961488e-04,  1.32176117e-03,
       -1.26559380e-02,  2.71583628e-03,  4.19080537e-03, -3.47197731e-03,
       -1.85089577e-02, -3.93697573e-03, -4.50820290e-03, -1.23681622e-02,
        2.09725574e-02,  5.55517431e-03,  1.39214508e-02, -9.95508023e-03,
       -4.12567926e-04, -1.44883133e-02, -2.87118880e-03, -9.96246748e-03,
       -4.70474409e-03, -2.36276090e-02,  1.36288218e-02,  1.02905408e-02,
       -1.84217356e-02,  1.40461959e-02, -9.37934592e-03, -2.34038848e-03,
        5.11321425e-03, -1.07019329e-02, -2.69630104e-02,  1.38376781e-03,
        1.51946926e-02,  9.78035107e-03, -1.55544793e-02,  1.02527384e-02,
       -2.53252089e-02, -1.44792264e-02,  1.38056213e-02,  1.21568228e-04,
        1.71031803e-02, -1.79757327e-02,  8.31975695e-03, -1.52380932e-02,
       -3.56856664e-03,  1.12583209e-02,  1.66014340e-02,  1.19830603e-02,
       -1.09929657e-02,  9.57911182e-03, -2.47416296e-03, -1.20032150e-02,
       -3.14188725e-03, -1.73079744e-02, -1.54388463e-02,  8.11497122e-03,
        4.34894906e-03,  2.54550409e-02, -3.40572151e-04, -2.18845606e-02,
       -7.34451786e-03, -1.00979032e-02, -6.10126741e-03, -4.29375749e-03,
       -2.41764374e-02, -1.59866002e-03,  2.02624835e-02, -7.00678118e-03,
        1.97777618e-02,  8.83815344e-03, -1.19738374e-02, -5.74273430e-03,
       -1.84633711e-03,  6.60286425e-03, -2.44849524e-03,  1.05665326e-02,
       -2.63108630e-02,  1.54859545e-02,  1.39327301e-02, -2.30490156e-02,
       -2.62299553e-03, -1.96017120e-02,  1.00111077e-02, -5.72660146e-03,
        1.45032937e-02,  1.35218352e-02, -2.13294127e-03, -1.48059186e-02,
        1.54281026e-02, -7.62489391e-03, -6.54435903e-03,  6.47882558e-03,
       -1.96079239e-02, -1.91017706e-02,  1.24410447e-02, -1.78845190e-02,
        6.88032655e-04, -1.94857176e-02,  1.44438166e-02, -1.92508046e-02,
       -4.84485924e-03,  5.11583593e-03,  1.69002209e-02, -1.27780046e-02,
       -5.67059685e-03,  1.07127670e-02,  9.27610602e-03, -1.47181540e-03,
        2.40816246e-03,  4.44949325e-03, -2.50896234e-02, -1.56593695e-02,
       -1.27536068e-02,  1.10754287e-02,  1.14159947e-02,  1.15414737e-02,
        1.67807061e-02, -2.23290408e-03,  2.66792183e-03,  5.53096458e-03,
       -2.88273278e-03,  1.78406537e-02, -8.68324004e-03,  1.43994540e-02,
        7.84777198e-03, -1.06564295e-02, -1.06538683e-02,  4.71052201e-03,
        1.57670639e-02,  5.82931272e-04, -1.34666255e-02, -1.91242378e-02],
      dtype=float32), 'encoder.fc.6.weight': array([[-0.03064566,  0.03985579,  0.02814895, ..., -0.00940089,
        -0.03355774,  0.00154896],
       [ 0.00359746,  0.01130576,  0.00200673, ..., -0.04611611,
         0.03087032,  0.01233241],
       [-0.01011287, -0.01195258,  0.00493374, ..., -0.03086489,
         0.00691577,  0.04046247],
       ...,
       [-0.01303297, -0.03130347, -0.0146652 , ..., -0.01793472,
        -0.0270822 , -0.039664  ],
       [-0.03831183, -0.02102119, -0.00115861, ...,  0.03094813,
        -0.00613945,  0.01587971],
       [ 0.03081738, -0.02710173, -0.04032616, ..., -0.03528088,
         0.02437559,  0.03289441]], dtype=float32), 'encoder.fc.6.bias': array([ 0.00690651,  0.01926954, -0.033     , -0.01995673, -0.02733054,
       -0.03853307, -0.00060323, -0.03194549,  0.02723232,  0.03112872],
      dtype=float32), 'decoder.fc.0.weight': array([[-0.21923552,  0.22356798, -0.1473422 , ...,  0.03715541,
         0.13366899, -0.0179279 ],
       [ 0.14543468,  0.02595092,  0.2621261 , ..., -0.2595627 ,
        -0.05832651, -0.1972838 ],
       [-0.20934841,  0.10042732,  0.03855653, ..., -0.19306655,
        -0.22793   ,  0.1519311 ],
       ...,
       [-0.24863113, -0.02918223,  0.09324033, ...,  0.20157906,
        -0.21417817, -0.09679601],
       [-0.2686937 , -0.29477027,  0.25032875, ..., -0.30594122,
        -0.22078557,  0.3071446 ],
       [-0.2461098 ,  0.15458302, -0.08226391, ..., -0.0315491 ,
        -0.06164654,  0.14807793]], dtype=float32), 'decoder.fc.0.bias': array([-1.05396509e-01,  1.14632947e-02,  1.39811188e-01, -2.72136331e-01,
        1.13892838e-01,  2.48833969e-01,  3.30161932e-03, -1.76788196e-01,
       -2.65473351e-02,  2.05935940e-01,  7.67545030e-02,  1.57158554e-01,
        7.99864978e-02, -2.11434498e-01,  8.49997923e-02, -1.81627437e-01,
        2.34961286e-01,  4.49812599e-02, -2.35073671e-01, -1.51114231e-02,
       -2.88383186e-01,  2.90007174e-01, -1.28175318e-01,  1.32583618e-01,
       -2.52349108e-01, -2.46850699e-01, -2.22180393e-02, -1.28269538e-01,
        5.08249439e-02,  2.10519508e-01,  2.68865645e-01,  1.84051588e-01,
        2.21034721e-01, -3.15166622e-01, -1.09322257e-01, -2.31333598e-01,
       -4.65206094e-02,  1.10453486e-01,  9.10519585e-02,  2.30262980e-01,
        1.63634010e-02,  1.74457714e-01,  3.23083077e-04,  8.26790482e-02,
        2.12430298e-01,  5.68909645e-02,  4.64425609e-02, -5.50988056e-02,
        2.44269848e-01,  1.89084381e-01,  1.19689353e-01,  3.48569751e-02,
       -1.16468519e-01,  6.62054420e-02, -2.09780857e-01,  1.99449107e-01,
        1.54645130e-01, -1.10086359e-01,  1.48571059e-01, -2.03522563e-01,
       -7.89999813e-02,  1.71083763e-01, -9.14330035e-02, -2.19006255e-01,
        2.65217662e-01,  3.11100185e-01,  2.91821301e-01, -2.42906570e-01,
       -2.68108517e-01,  2.52369884e-03,  1.10293157e-01,  2.21183151e-01,
       -8.14707950e-02, -2.59512335e-01, -1.92812935e-01, -2.00017020e-01,
        2.59326786e-01, -1.68231189e-01, -1.89622253e-01, -1.13535941e-01,
        1.50812492e-01, -2.73550063e-01,  9.43802819e-02,  1.68593407e-01,
       -2.11873904e-01, -1.91141605e-01, -4.93957177e-02, -1.64123029e-01,
        3.00994337e-01,  1.68332979e-01,  5.53304069e-02, -5.70477434e-02,
       -6.12796806e-02, -7.67901763e-02,  1.34893566e-01, -1.02979340e-01,
       -1.30889028e-01, -1.82703286e-01, -2.69542634e-01,  6.14629164e-02,
        2.67375410e-01, -2.42919177e-01, -2.15210140e-01, -1.89980075e-01,
        2.82086164e-01, -1.12645049e-02,  9.49325785e-03, -1.07676685e-01,
       -1.54817387e-01,  3.00375700e-01, -1.15713462e-01, -8.52203891e-02,
        2.40236342e-01, -2.22739279e-01,  2.10768521e-01,  3.08298439e-01,
       -1.91141158e-01,  5.27789257e-03, -1.27912715e-01,  2.34281737e-02,
       -1.44096017e-01,  6.58550635e-02, -4.84628379e-02,  1.24114729e-01,
       -2.10017011e-01, -8.66064355e-02,  1.07367467e-02,  6.03397936e-02,
        2.79733658e-01, -1.79551661e-01, -6.37187585e-02,  2.10897680e-02,
       -1.69735685e-01,  2.99054980e-01,  2.74494827e-01, -2.78992921e-01,
        1.33342981e-01,  2.14806929e-01, -1.08899236e-01,  2.82668043e-02,
        2.38390192e-01, -7.34581519e-03,  2.99716473e-01,  6.39546812e-02,
        1.76208660e-01, -3.03517550e-01,  6.64706901e-02, -1.11217294e-02,
       -9.00945216e-02,  1.78152040e-01,  8.28422606e-02,  4.62044850e-02,
       -1.15428127e-01, -8.26644078e-02, -1.88080251e-01, -1.05050430e-01,
       -2.01682523e-01, -7.56392851e-02,  2.44306773e-01,  2.36770332e-01,
       -1.21904671e-01, -2.92711526e-01,  2.39232659e-01, -2.25124106e-01,
        2.70862002e-02, -1.90848663e-01,  2.51077443e-01, -2.03411460e-01,
       -2.79729664e-02, -1.11993387e-01,  1.39718920e-01,  1.24101825e-02,
       -1.38033092e-01,  4.29512970e-02,  1.19065240e-01, -2.14543954e-01,
       -2.99079090e-01, -7.76456296e-02,  2.67382264e-01, -2.11949408e-01,
        8.92281830e-02, -1.61281765e-01,  1.66633278e-01,  3.15976590e-01,
        3.70387882e-02, -1.43329233e-01,  2.06767485e-01, -1.11276254e-01,
        2.40948960e-01, -1.68254182e-01, -6.96030706e-02,  2.29774252e-01,
       -2.71836936e-01, -1.74287736e-01, -1.93833426e-01,  5.92574179e-02,
       -2.80966014e-02,  9.20739174e-02,  2.20364273e-01, -6.09918125e-02,
        1.48107022e-01, -2.28530362e-01, -1.79352283e-01, -2.93373793e-01,
        1.42547816e-01, -1.09392293e-01,  2.64522105e-01,  1.20929617e-03,
        2.71743357e-01, -1.98181406e-01, -1.90963194e-01, -3.01524907e-01,
        1.67184919e-01,  1.29098892e-01, -1.64363801e-01, -2.90226787e-01,
       -4.31377999e-02, -9.93628055e-03, -5.33793718e-02,  2.79417858e-02,
       -2.88577855e-01,  2.15346918e-01,  4.31283787e-02, -1.37629136e-01,
       -2.53294140e-01, -7.02909660e-03,  2.69897401e-01,  2.62076557e-01,
        2.43144125e-01,  2.55554080e-01,  2.86178887e-01,  1.05381951e-01,
       -5.51681034e-02,  1.89855516e-01,  2.49820858e-01,  1.06648818e-01,
       -1.66554779e-01, -2.69379407e-01,  2.53800929e-01, -2.18215019e-01,
        1.20155931e-01, -3.61920930e-02,  5.25761656e-02, -4.33863513e-02,
       -1.97891489e-01,  2.59488732e-01,  1.06170021e-01, -1.31071955e-01,
        1.06035240e-01,  6.33073077e-02,  6.92283064e-02, -2.26497307e-01,
       -9.49159712e-02,  2.22070754e-01,  4.15647216e-02, -2.35951334e-01,
       -2.65755504e-01,  2.01467425e-01, -3.19310457e-01,  3.02547794e-02,
        1.45848975e-01, -2.65819758e-01,  1.47344217e-01,  2.16071919e-01,
       -1.27956256e-01,  9.97140929e-02, -2.88868025e-02,  2.94442922e-01,
       -2.06540585e-01,  1.44216493e-01,  3.90537605e-02, -4.78633344e-02,
       -1.13111667e-01,  2.20874324e-01,  1.61682814e-01,  9.64433998e-02,
        2.74456114e-01,  1.13105603e-01,  1.96166754e-01,  2.53616758e-02,
        2.84652412e-01, -1.45723140e-02,  2.31845498e-01, -1.86676919e-01,
        2.69209772e-01,  1.40147641e-01,  2.25186884e-01,  8.80286992e-02,
       -6.80403709e-02,  1.92702845e-01,  1.80546701e-01,  6.78856820e-02,
        2.01408699e-01,  5.65384738e-02, -2.59107918e-01,  3.08387429e-01,
       -1.31344140e-01,  5.45751788e-02,  3.47049348e-02,  2.64700428e-02,
        2.04427734e-01,  2.76979297e-01,  1.43904656e-01,  1.96240321e-01,
        1.69291735e-01, -1.49413899e-01, -1.10073999e-01,  7.59089887e-02,
        1.59738004e-01, -1.75572231e-01,  2.11880550e-01, -2.67989606e-01,
       -8.94687772e-02,  2.83011556e-01,  2.43344963e-01, -2.22418860e-01,
        2.43392050e-01,  7.03271329e-02, -1.85471222e-01,  2.40019619e-01,
        2.97792912e-01,  1.94044784e-01,  5.63936643e-02, -2.44876146e-01,
       -6.35263622e-02, -3.63863893e-02,  1.96168065e-01, -2.38384247e-01,
        1.29580789e-03,  1.99148878e-01,  6.34465143e-02, -2.73781836e-01,
        2.71678001e-01, -1.49309203e-01,  5.96720502e-02,  2.58122325e-01,
        5.57041653e-02, -3.54412012e-02, -5.18025197e-02,  1.34115621e-01,
       -2.58151412e-01, -6.90893754e-02, -4.88912337e-05,  1.12765610e-01,
        2.87775565e-02, -2.58836299e-01, -2.99194664e-01, -4.61050272e-02,
       -3.21630180e-01, -2.77637213e-01, -2.58056134e-01, -4.49170470e-02,
        2.20410541e-01,  2.40267918e-01,  2.92715192e-01, -7.68892020e-02,
        1.02867946e-01, -9.30750817e-02,  8.75723548e-03, -1.04719885e-01,
       -6.90456405e-02, -2.32785851e-01, -2.12776408e-01, -2.82731980e-01,
        4.40979339e-02, -2.21484035e-01,  7.56162107e-02,  3.09524357e-01,
        2.76670814e-01,  2.09519953e-01,  1.45206586e-01,  1.88029364e-01,
        1.29118919e-01,  1.29560813e-01,  2.32486755e-01, -1.31042618e-02,
       -4.40723039e-02, -2.12486699e-01, -1.82028443e-01,  2.99310535e-01,
       -2.58832872e-01,  4.58606482e-02, -8.38496834e-02,  5.67084029e-02,
        2.50841767e-01,  3.42488624e-02,  1.37853086e-01, -2.23452747e-01,
        2.19907686e-01,  1.54292464e-01, -7.87182674e-02,  2.56147265e-01,
        8.42206404e-02, -2.11156696e-01, -1.36096224e-01, -2.05405429e-01,
        1.33545848e-03, -6.12784140e-02, -1.60342664e-01, -9.92201120e-02,
       -2.10329622e-01, -7.56571591e-02, -1.06321499e-02,  5.84456064e-02,
        2.42401939e-02,  1.37768462e-01, -1.42677620e-01,  2.08513230e-01,
       -2.06997186e-01, -9.15434882e-02,  9.64165404e-02,  1.71627328e-02,
        2.94024140e-01,  8.19674134e-02,  2.02498939e-02,  2.91273206e-01,
       -7.36500174e-02, -1.61919773e-01, -3.11197996e-01, -9.56464261e-02,
        1.45539075e-01, -1.40961036e-01,  2.93317765e-01, -1.85277477e-01,
       -1.47192791e-01, -1.07549801e-02, -4.80525494e-02,  1.09944670e-02,
       -1.15672082e-01, -1.85847148e-01,  2.79194862e-01, -1.26805916e-01,
       -4.24572565e-02, -2.07338482e-02,  1.20961852e-01, -2.45377924e-02,
       -1.46411762e-01, -1.96717024e-01, -2.33523920e-01, -1.86987400e-01,
       -8.43430124e-03, -2.25120084e-03, -8.69931430e-02, -2.57523775e-01,
       -2.76445560e-02, -2.10243389e-01,  1.48358852e-01,  2.33652908e-02,
        6.34418577e-02, -1.44821167e-01,  1.27661511e-01,  6.41402900e-02,
        3.19589972e-01,  2.43704841e-01, -2.97594339e-01,  1.53048158e-01,
       -1.90430671e-01,  1.52908012e-01, -2.54799306e-01, -1.53719276e-01,
        2.67325222e-01, -1.03189141e-01,  1.05585627e-01,  1.93179473e-01,
        1.92086920e-01,  1.23613559e-01,  1.55579641e-01, -5.23488708e-02,
        4.82278615e-02, -6.98442683e-02, -6.47743493e-02, -2.40952522e-01,
       -2.36745536e-01, -1.70016348e-01, -2.21470326e-01, -9.33581814e-02,
       -2.84961835e-02, -2.13552549e-01,  3.22758466e-01, -2.59883314e-01,
       -1.76505029e-01,  1.32032230e-01, -3.98628078e-02, -3.56473252e-02,
        8.56809784e-03,  1.47528976e-01, -2.39508078e-02, -3.62653029e-03,
        1.09374128e-01, -1.55032337e-01, -1.12809762e-01,  2.12220207e-01,
        5.58926463e-02,  7.53744617e-02,  1.44131944e-01,  1.21323861e-01,
        2.63112206e-02,  2.95414329e-01,  2.52551228e-01,  1.29612386e-01],
      dtype=float32), 'decoder.fc.2.weight': array([[ 0.01437122,  0.04357194,  0.01654457, ...,  0.04782726,
        -0.04773821,  0.00426819],
       [-0.01527502, -0.03584107, -0.0496555 , ..., -0.03294751,
        -0.03581514, -0.01254915],
       [-0.02870803, -0.01787607, -0.01550879, ...,  0.00967243,
        -0.04191236,  0.01817239],
       ...,
       [ 0.00562942,  0.00532438,  0.03993014, ...,  0.00445979,
        -0.01035289,  0.00326172],
       [ 0.00641322, -0.03983416, -0.00098509, ...,  0.03995002,
         0.02220212,  0.0121433 ],
       [ 0.02606812, -0.04439161,  0.01414874, ...,  0.03800815,
        -0.00601065, -0.03473483]], dtype=float32), 'decoder.fc.2.bias': array([ 0.02459348,  0.01439667, -0.02185164, ...,  0.0004538 ,
       -0.02391049, -0.00771018], dtype=float32), 'decoder.fc.4.weight': array([[ 0.04622883,  0.02321425,  0.00686859, ..., -0.01006218,
         0.02589336, -0.01434142],
       [ 0.03522681,  0.01308779,  0.00411318, ..., -0.01179653,
        -0.01230051,  0.03399394],
       [ 0.03397202, -0.00453851,  0.02217779, ...,  0.02565276,
        -0.0052863 ,  0.01041575],
       ...,
       [ 0.03633387,  0.02308348, -0.00492131, ...,  0.00634596,
         0.02810343, -0.00968954],
       [ 0.01808576, -0.01473626, -0.00585243, ...,  0.00562267,
         0.01085008,  0.01209082],
       [ 0.00479749,  0.00465312, -0.01717985, ...,  0.03456008,
         0.02410532,  0.00507788]], dtype=float32), 'decoder.fc.4.bias': array([ 1.07057048e-02,  2.99425004e-03,  2.21702848e-02, -2.39052773e-02,
        1.33164776e-02,  1.45784328e-02, -1.94146368e-03,  1.82263628e-02,
        8.97711143e-03,  9.43438150e-03,  2.65158061e-02,  9.69440676e-03,
        1.43759921e-02,  1.75609421e-02, -1.87718086e-02, -1.38255581e-02,
       -2.49754898e-02,  1.19773587e-02, -1.00654289e-02,  5.20075019e-03,
        1.50206704e-02, -3.92513070e-03,  5.29856794e-03, -1.41940536e-02,
        5.66379353e-03,  1.40944635e-02,  6.19457860e-04, -2.76123639e-02,
       -1.65588483e-02,  1.30280638e-02, -1.45153906e-02,  5.57093695e-03,
        3.57452803e-03, -1.21031525e-02, -5.85720758e-04, -9.07517597e-03,
        9.98702552e-03, -7.03920331e-03,  1.52260298e-02, -2.52808873e-02,
       -3.72736878e-03,  2.21195221e-02, -2.02177186e-02, -4.93965624e-03,
        9.53578018e-03,  2.21848022e-03, -8.44854210e-03, -1.27143285e-03,
       -1.24217561e-02, -9.11788549e-03,  3.87046533e-03, -2.14468855e-02,
        6.14081696e-03,  5.23982979e-02,  2.75195725e-02,  3.50504089e-03,
        1.99563312e-03,  5.03054354e-03, -2.65270639e-02, -1.77150387e-02,
       -2.56545581e-02,  1.69300903e-02, -2.88099679e-03,  9.37843788e-03,
        1.61582250e-02, -9.75497346e-03,  1.03481021e-02, -1.85523480e-02,
       -2.00396925e-02, -3.32380319e-03, -8.61354452e-03,  3.41282459e-03,
        3.25303823e-02, -2.89993379e-02,  8.24080873e-03, -4.98343725e-03,
        1.07366294e-02,  1.15949810e-02, -2.46295333e-02,  9.60854348e-03,
        6.90121250e-03,  1.18287746e-02,  4.60682111e-03, -1.70716103e-02,
        5.41350292e-03, -2.16017738e-02, -1.50885405e-02,  8.48701503e-03,
       -1.48778995e-02,  1.00475447e-02,  1.01948632e-02, -1.32162953e-02,
        5.71444910e-03,  6.19859993e-03, -1.18186157e-02, -8.39780178e-03,
       -6.70334883e-03, -1.99723598e-02,  2.49471609e-02, -2.45469473e-02,
       -5.21109672e-03, -1.25563564e-02, -2.07935777e-02,  1.13252932e-02,
       -1.43565284e-02, -2.28603706e-02,  1.47880139e-02,  8.76427907e-03,
       -1.76630262e-02,  6.09678868e-03,  1.67136081e-02, -1.05856825e-02,
       -1.31041184e-02, -5.72159246e-04, -9.67025291e-03,  1.48363747e-02,
        2.22992413e-02, -1.09007005e-02,  1.34691568e-02, -8.84369481e-04,
        2.44483240e-02,  2.78813336e-02, -7.30490591e-03, -1.20779183e-02,
       -8.98366142e-03, -5.11947414e-03, -4.27005021e-03, -2.24347273e-03,
        6.48428744e-04,  1.37844160e-02, -2.58711679e-03,  2.91595748e-03,
        6.59487350e-03,  9.06589068e-03, -2.59253606e-02,  1.24725737e-02,
       -2.27153581e-03,  4.62401239e-03, -1.39833326e-02,  1.64689438e-03,
       -3.75852454e-03,  1.00968508e-02,  2.40803491e-02, -1.90093424e-02,
        9.07497108e-03, -1.54379746e-02, -1.56920182e-03,  9.50443186e-03,
        6.77112257e-03, -8.72376189e-03, -1.02265723e-04, -1.64749883e-02,
        3.56166367e-03,  9.52169299e-03, -1.30777818e-03, -3.44590470e-03,
        4.05851426e-03, -2.71363687e-02, -1.59261525e-02,  1.17414221e-02,
       -1.46621671e-02, -4.74572554e-03, -5.51325874e-03, -7.03002373e-03,
        2.41642073e-02, -1.09279854e-02,  9.92700271e-03, -8.93621007e-07,
       -2.15492840e-03, -1.63421966e-02, -2.15775929e-02, -8.05962307e-04,
       -3.58234998e-03,  7.76633760e-03, -1.00255711e-02,  2.76601426e-02,
       -1.60483457e-02, -8.08863249e-03,  2.10716277e-02,  7.99895963e-04,
       -5.94858546e-03,  8.94819945e-03, -1.93536840e-02,  1.47294123e-02,
        1.60118025e-02, -2.18932200e-02, -4.59374441e-03, -1.01482626e-02,
       -1.33522842e-02, -7.23302737e-03,  3.84278363e-04,  1.08337793e-02,
        1.05917035e-02,  1.63436029e-02,  1.85489224e-03,  1.52980722e-02,
        2.43207254e-02, -8.18470668e-04, -2.16983054e-02,  7.98739865e-03,
        2.32903846e-02,  1.86053514e-02,  9.99477692e-03,  1.88819002e-02,
       -1.19326338e-02,  1.19283218e-02,  5.20747155e-03,  2.42229421e-02,
       -9.01258271e-03, -8.76387581e-03, -1.75567772e-02,  4.38619852e-02,
       -8.24089220e-04,  8.70511588e-03,  3.47104073e-02,  3.57852620e-03,
        6.03246642e-03, -6.53168652e-03, -8.31636321e-03,  1.94784570e-02,
        8.60295072e-03, -9.58457775e-03,  3.48385260e-03,  2.09875517e-02,
        6.33018324e-03,  6.60662120e-03, -3.29573615e-03, -1.76714063e-02,
        2.36460430e-04,  2.05796659e-02,  1.66595224e-02,  4.66409000e-03,
       -1.79427804e-03, -2.02474315e-02, -6.92280300e-04,  1.43058579e-02,
        1.25171393e-02,  7.83104973e-04,  1.19633432e-02, -1.85241699e-02,
        7.79871317e-03, -4.74887388e-03, -1.23052467e-02, -2.04249099e-02,
       -1.15432702e-02, -8.59278906e-03, -2.55864859e-02, -1.66274738e-02,
       -1.19288266e-02, -1.95401181e-02,  1.51482355e-02,  6.02468522e-03,
       -1.10472003e-02,  5.28866146e-03,  1.43209072e-02,  1.47549016e-03,
        1.46108503e-02,  2.78740767e-02,  4.18852037e-03,  8.47020280e-03,
        2.64529567e-02, -8.32764246e-03,  1.22652657e-03,  1.53389219e-02,
       -1.45901460e-02, -2.09137443e-02, -1.69721115e-02,  3.19399266e-03,
        1.47494702e-02,  2.53726337e-02, -8.26113299e-03,  2.09948309e-02,
       -1.30094914e-02,  1.28544215e-02,  1.58653613e-02, -2.47225687e-02,
       -2.06899061e-03,  6.18196093e-03, -1.46894073e-02, -1.47518646e-02,
       -2.00655907e-02,  1.16828913e-02,  1.63318347e-02, -2.20589060e-02,
       -2.57726349e-02,  3.35660800e-02,  3.03859916e-02,  2.19117440e-02,
        1.59247946e-02, -2.21200120e-02,  1.33886570e-02, -2.96765676e-04,
       -2.35802364e-02,  2.15503108e-02, -1.00219315e-02,  2.24406477e-02,
       -1.66079588e-02,  1.12962781e-03, -4.09604190e-03, -9.18530102e-04,
        8.53268430e-03,  8.32421519e-03, -1.28635550e-02,  3.21103558e-02,
        7.52318697e-03,  2.42318790e-02,  5.07944543e-03,  6.73107477e-03,
       -2.76747942e-02,  2.37472784e-02, -1.24213891e-02, -7.61009660e-03,
       -7.43206684e-03,  4.63646511e-03,  4.63887723e-03,  3.87159139e-02,
        2.96325088e-02,  8.49259924e-03,  2.39756256e-02, -1.04441517e-03,
        2.37984490e-03, -1.36844795e-02, -1.51430191e-02,  4.00512898e-03,
       -2.48100255e-02, -9.81294177e-03, -2.37797387e-02,  1.07962312e-02,
        3.22563993e-03,  2.36208900e-03, -6.39112806e-03, -7.25229969e-03,
       -1.81375525e-03,  4.76041669e-03, -1.48262400e-02, -2.36352142e-02,
       -1.09382775e-02,  9.36968531e-03, -1.34089859e-02, -3.30785825e-03,
        2.14994811e-02, -2.27518845e-02, -2.10626293e-02,  3.70961567e-03,
        2.83348002e-02,  1.55482860e-02, -1.43570853e-02,  2.15744581e-02,
        1.95368864e-02, -1.01760589e-02,  1.75749871e-03,  2.40204201e-04,
        3.42770293e-02, -7.62077456e-04, -9.06822551e-03,  1.06007997e-02,
       -1.95914283e-02,  1.97363924e-02, -2.25963183e-02, -1.50162186e-02,
       -9.51833092e-03,  4.40533709e-04,  1.08367680e-02, -1.09053226e-02,
        3.94156873e-02, -1.84230283e-02,  9.90461838e-03,  3.99806863e-03,
       -3.52746458e-03,  2.29556870e-04,  1.49786547e-02, -8.11691454e-04,
       -1.30946208e-02,  1.99036226e-02, -6.25537569e-03,  4.62616375e-03,
        1.33698788e-02, -1.96244027e-02, -1.65586490e-02,  1.64173115e-02,
       -8.30968004e-03, -8.59884452e-03, -8.51561502e-03, -2.00629663e-02,
        1.60597935e-02,  6.31847885e-03,  1.90651696e-02,  3.74386180e-03,
        1.69052295e-02,  1.48762995e-02, -3.12879076e-03, -4.20076773e-03,
        2.79914569e-02, -1.41234128e-02, -7.68163532e-04, -1.39525402e-02,
        2.73988163e-03,  3.51049602e-02,  1.60691720e-02,  1.28336819e-02,
       -2.53658295e-02,  3.70958704e-03, -1.61993969e-02, -7.43400073e-03,
        1.56893358e-02,  1.03374301e-02, -8.74687079e-03, -2.48936433e-02,
       -4.59747063e-03, -1.39622455e-02,  1.08051570e-02, -2.33164858e-02,
       -2.01660264e-02, -3.89857829e-04, -9.17946803e-04,  7.75502529e-03,
       -1.30372271e-02, -1.40454015e-02,  1.04797147e-02, -1.75061857e-03,
        1.27498312e-02, -5.70575427e-03, -2.68270466e-02, -8.92770290e-03,
        1.52468095e-02, -8.88385903e-03,  6.56561833e-03,  4.97798203e-03,
        2.70599220e-02,  7.19665783e-03,  4.67331475e-03,  2.37705018e-02,
       -1.48857431e-03, -1.56524144e-02, -1.63878947e-02,  1.60225201e-02,
        2.07490847e-03, -1.54112522e-02, -8.40175711e-03,  1.03367167e-02,
       -4.63776151e-03, -1.71225108e-02,  3.07587138e-03, -1.35757904e-02,
        1.63380131e-02,  2.49200221e-02, -3.58974421e-03,  2.18241047e-02,
        5.31506492e-03,  7.03061093e-03, -1.33582605e-02,  7.47993356e-04,
       -1.51902838e-02,  6.29966985e-03, -2.26274170e-02, -2.65110675e-02,
       -1.66561082e-02, -7.47474376e-03, -9.02717095e-03,  1.30572533e-02,
       -2.69621760e-02,  1.60815660e-02,  8.30047112e-03, -1.10742804e-02,
        3.65973450e-03, -2.42078733e-02,  1.24666132e-02,  3.88007029e-04,
       -1.85126606e-02, -7.54861534e-03,  6.27274625e-03,  1.72379725e-02,
       -1.83839090e-02,  9.38507915e-03,  2.18720920e-02, -1.55596724e-02,
       -9.19347350e-03,  2.43829307e-03,  1.11005791e-02,  2.48771869e-02,
       -1.91410892e-02, -1.13764759e-02,  8.89933482e-03, -1.61339380e-02,
        1.05580008e-02,  2.63227168e-02,  1.16161024e-02,  2.46559083e-02,
        2.58702971e-02,  2.54305312e-03,  7.87751842e-03, -1.80936971e-04,
       -2.51195040e-02,  1.54666658e-02,  3.91179277e-03,  1.27646569e-02,
        3.84178828e-03,  1.12354439e-02,  2.31410414e-02,  7.47640245e-03],
      dtype=float32), 'decoder.fc.6.weight': array([[-0.05130144,  0.02921467,  0.01881506, ...,  0.02615776,
        -0.0488691 ,  0.02130126],
       [ 0.00746962,  0.00558445, -0.03776161, ...,  0.02205068,
         0.0177362 ,  0.01041779],
       [-0.01033126,  0.00712509,  0.01689578, ...,  0.00935948,
        -0.02639118,  0.01147792],
       ...,
       [-0.00368941,  0.02610531,  0.03266884, ..., -0.00271225,
         0.05212485, -0.04332639],
       [-0.01472949,  0.03930793,  0.0204873 , ..., -0.00394194,
         0.04662019,  0.05866111],
       [ 0.02211597, -0.01568374, -0.032659  , ...,  0.00416468,
         0.06265323, -0.02476025]], dtype=float32), 'decoder.fc.6.bias': array([-0.02194987, -0.00242729,  0.02554525, ...,  0.06487356,
        0.01744045, -0.00406319], dtype=float32)}
[Time: 29.01.25 13:41:56] [Level: info] [State: aggregate] {'encoder.fc.0.weight': array([[-0.01172525, -0.00716796, -0.00272199, ..., -0.01045658,
        -0.00222082, -0.00025818],
       [-0.0041712 , -0.00389715, -0.00155792, ..., -0.00184476,
        -0.01058443, -0.00487085],
       [ 0.0031437 , -0.01424655,  0.00941078, ...,  0.00129865,
        -0.00062344,  0.00211341],
       ...,
       [-0.01524742, -0.00098533, -0.00477132, ..., -0.01193892,
        -0.00198739,  0.01092746],
       [-0.00034136,  0.00220553, -0.00565331, ...,  0.01702649,
        -0.00412072,  0.00631594],
       [ 0.00823177,  0.01017156,  0.00435701, ...,  0.01324843,
        -0.00644454,  0.01056416]], dtype=float32), 'encoder.fc.0.bias': array([ 2.34335777e-03,  1.30333821e-03, -1.40529480e-02,  3.68748838e-03,
       -9.25992616e-03, -7.24586379e-03, -6.15640171e-03,  1.11647733e-02,
        1.11038354e-03, -9.73955914e-03, -1.11518670e-02,  1.15233031e-03,
       -5.87759481e-04,  1.15701545e-03, -9.80375707e-03, -5.20936865e-03,
       -4.21213359e-03, -7.18601840e-03,  2.60825339e-03, -8.53785966e-03,
       -1.05835944e-02, -1.31826792e-02, -6.09093299e-03,  7.94346817e-03,
       -7.32257497e-03, -4.70469007e-03,  6.24499633e-04,  2.23185911e-04,
        3.35344113e-03, -5.44742681e-03, -7.18754111e-03, -2.32131686e-03,
       -2.72615161e-03,  8.55417748e-04, -4.46223933e-03, -1.17250727e-02,
        3.06322379e-03, -6.01889007e-03, -1.31803146e-02, -1.44756567e-02,
       -1.29397837e-02, -1.21519389e-02, -1.07355136e-02, -4.95287031e-03,
       -5.96995559e-03, -9.59037803e-03, -4.86398302e-03, -3.24181281e-03,
       -1.28483661e-02, -5.51797741e-04, -4.75390488e-03,  5.06671425e-03,
       -2.08695885e-03, -2.51019304e-03, -7.99666159e-04, -1.47197554e-02,
       -9.66200605e-03, -1.18071642e-02,  3.24690342e-03,  7.84024131e-03,
       -7.21102627e-03,  2.21308065e-03, -1.49986409e-02, -2.41066678e-03,
       -1.56904086e-02, -1.49357012e-02, -9.07944795e-03, -1.44883776e-02,
       -1.20480293e-02, -7.77131179e-03, -5.78324264e-03, -3.16420197e-03,
       -3.62725020e-03, -2.42173788e-03, -1.02770496e-02, -6.56251935e-03,
       -5.30152814e-03,  1.20724260e-03,  3.84303182e-03,  2.64524133e-03,
       -5.22634760e-03,  2.88172509e-03, -8.10568780e-03, -1.45613560e-02,
       -5.56604145e-03,  2.31719925e-03, -2.89210118e-03, -1.48103840e-03,
        9.69908107e-03, -4.26995475e-03, -1.12981023e-03, -5.95775759e-03,
       -5.09566395e-04,  1.73195708e-03, -2.82531924e-04, -3.57086095e-03,
       -7.80506991e-03, -1.48562435e-02, -1.10621518e-02,  2.74921156e-04,
        6.12789625e-03, -1.33917565e-02,  5.01482794e-03, -6.32974319e-03,
        8.34605284e-03,  1.82620410e-04, -4.22933168e-04, -1.01004997e-02,
       -4.86757513e-03,  3.96970054e-03, -2.18976964e-03, -1.06998812e-02,
        2.08467347e-04, -7.26900576e-03,  1.23546238e-03, -5.52659330e-04,
       -6.44580601e-03, -1.86638290e-03,  5.43620391e-03, -1.41950455e-02,
       -1.49727548e-02,  4.23611142e-03, -2.00770656e-03,  1.41788432e-02,
       -1.55788893e-03,  1.22609583e-03, -3.94954905e-03, -3.36932158e-03,
       -2.34285253e-03, -3.67599656e-03, -1.05372593e-02, -1.36493624e-03,
       -7.32593983e-03, -3.83820990e-03,  1.36699935e-04,  4.22765780e-03,
       -2.17673623e-05, -9.58617311e-03, -1.13484878e-02, -2.05104868e-03,
        5.51152881e-03,  1.59456115e-03, -8.48201045e-04, -7.16452952e-03,
       -1.00696860e-02,  9.06193978e-04, -1.03766425e-02,  4.24503494e-04,
        7.57927122e-03,  4.35321964e-03, -6.12469157e-03, -4.37684869e-03,
       -1.23704895e-02, -1.50199421e-02,  4.14760038e-03, -1.22118602e-02,
       -5.17135998e-03, -8.45010206e-03,  8.65307578e-04, -6.48878413e-05,
       -9.74047056e-04, -4.96029202e-03, -1.01178475e-02,  1.60872575e-03,
       -1.47007434e-02, -1.15399510e-02, -3.45563213e-03, -3.69505631e-03,
       -1.17082451e-03, -9.70123988e-03, -1.23631014e-02, -9.47470218e-03,
       -7.20950821e-03, -1.37480523e-03, -8.61566048e-03, -4.46177227e-03,
       -7.20551563e-03, -4.97892126e-03,  2.04449473e-03, -2.52941437e-03,
       -3.62473656e-03, -1.63417275e-03, -1.70361679e-02, -4.06773668e-03,
       -6.89126132e-03, -8.65655835e-04, -2.63576885e-03,  1.62166229e-03,
       -7.27328286e-03, -1.04717957e-02, -9.13486257e-03, -7.71052262e-04,
       -9.04746633e-03,  3.11437587e-04, -9.52245854e-03, -1.31492421e-03,
       -1.12935910e-02, -9.25505441e-03,  8.07300035e-04, -1.57676935e-02,
       -4.76630026e-04,  2.96190707e-03, -9.48692951e-03, -9.89134237e-03,
       -7.81859085e-03, -1.31339338e-02,  6.77908352e-03, -1.45470351e-02,
       -1.49945598e-02, -9.07730404e-03, -3.55841871e-03, -6.19640946e-03,
       -5.49431285e-03, -4.32965858e-03,  1.08268065e-03, -1.38541861e-02,
       -5.08476980e-03, -1.00054294e-02,  1.39900763e-03,  1.06366747e-03,
        1.11676741e-03,  2.71293242e-03, -9.52522829e-03, -7.23574078e-03,
       -1.12045780e-02, -1.46195963e-02, -1.81331728e-02, -2.17833745e-04,
       -1.44093409e-02, -5.43640321e-03, -1.43317943e-02, -1.04418155e-02,
       -8.17900896e-03, -8.32010899e-03, -1.22130606e-02, -5.74313151e-03,
       -9.98154934e-03, -1.33277616e-02,  1.31938430e-02, -3.62940156e-03,
       -6.42094808e-03,  6.01992384e-03, -1.07994601e-02, -1.47166094e-02,
       -1.78853865e-03, -2.91588786e-03,  6.00556051e-03, -3.54982354e-03,
       -4.66551306e-03, -4.83290106e-03,  1.27998425e-03, -1.01320501e-02,
       -1.75969501e-03, -1.43163442e-03, -7.99088553e-03,  9.08656791e-03,
       -1.02351485e-02, -9.06017551e-04,  3.21185705e-03, -8.91050044e-03,
        7.63546908e-03, -3.98624595e-03, -2.08405568e-03,  3.38072423e-03,
       -8.45152698e-03, -7.01775122e-03,  6.04516920e-03, -7.74108665e-03,
        3.61651857e-03, -1.56097654e-02,  1.03957148e-03, -1.05408928e-03,
        2.57568492e-04, -4.19281423e-03, -7.91932631e-04, -2.41390453e-03,
       -7.05427909e-03, -3.66209331e-03,  9.14960925e-04, -2.63268128e-03,
       -2.04884964e-05, -2.36000007e-04,  4.42312425e-03, -6.61455840e-03,
       -1.24257579e-02, -1.36505552e-02, -9.81694739e-03, -9.34663974e-03,
        1.43455993e-03, -1.08121941e-02,  5.13724517e-03, -8.54282081e-03,
       -4.06622561e-03, -2.45356467e-03, -2.31822068e-03, -5.86837810e-03,
       -1.17475986e-02, -6.30695792e-03, -1.18438667e-02,  8.07704031e-03,
       -5.24954405e-03, -1.21255293e-02, -1.58470962e-02, -1.16605228e-02,
       -6.05616393e-03,  2.84681865e-03, -5.72708994e-03, -1.35792745e-02,
       -1.31607512e-02, -1.77929830e-03, -6.91379327e-03, -5.37116919e-03,
       -9.52958502e-03, -8.40704329e-03, -5.57370065e-03, -2.17201677e-03,
       -2.34000687e-03, -3.30364564e-05, -8.82790610e-03, -7.89287407e-03,
       -5.74222952e-03, -1.20859891e-02, -2.48222961e-03, -1.29873389e-02,
       -1.38111338e-02,  1.99263659e-03, -1.41240302e-02, -1.12369033e-02,
       -1.75244082e-03, -1.35547528e-02, -1.57731585e-02, -8.57406761e-03,
       -6.46616318e-05, -1.05110360e-02,  5.45234326e-03, -1.58921964e-02,
       -1.03434445e-02, -1.08361216e-02,  1.97289232e-03, -9.60410014e-03,
       -3.54378019e-03, -3.41539923e-03, -4.09994274e-03, -5.04973298e-03,
       -6.65047066e-03, -1.17740482e-02, -1.09071899e-02, -5.37961209e-03,
        3.41120223e-03, -4.54966351e-03, -7.66585526e-06, -1.17621860e-02,
       -8.25062115e-03, -3.44100736e-05, -4.69253166e-03, -1.28218895e-02,
       -9.12057795e-03, -7.89632741e-03,  1.24760647e-03, -6.37305621e-03,
       -3.36326804e-04, -4.42236615e-03,  7.47219834e-04,  1.01062807e-03,
       -8.61538295e-03,  2.91404244e-03, -1.11067826e-02, -4.43296088e-03,
        4.82999627e-03, -3.01493867e-03, -9.19115730e-03, -3.32008977e-03,
        7.77024310e-03,  9.11302806e-04, -1.02685147e-03,  1.98853395e-05,
       -8.68381839e-03, -3.45382723e-03, -6.95688277e-03, -9.90632549e-03,
       -1.29456539e-02, -3.52890790e-03,  1.00233359e-02,  2.35717394e-03,
       -7.13113230e-03, -2.68047792e-04, -1.21684857e-02, -6.96443208e-03,
       -4.56309551e-03,  6.13000302e-04, -1.86122517e-04,  1.26185233e-03,
        5.29095577e-03,  2.13259389e-03, -7.78685044e-03, -1.23507874e-02,
       -1.03465188e-03, -1.74531788e-02,  1.76766571e-02, -6.67730253e-03,
        1.00266072e-03, -5.46146126e-04, -1.55907217e-02,  3.97452107e-03,
       -1.95563771e-04,  4.92854917e-04, -2.24105804e-03, -4.93097678e-03,
       -5.22593409e-03,  3.22357286e-04, -1.16707450e-02, -1.05535332e-02,
       -1.66918593e-03, -1.52666559e-02, -1.49125773e-02, -1.24925328e-03,
       -1.54976631e-04, -9.56805609e-03,  1.09797751e-03,  6.51182560e-03,
       -1.18748387e-02, -1.19240105e-03, -1.64037459e-02, -3.42270965e-03,
       -8.87175929e-03, -1.28806187e-02,  1.73446373e-03, -1.56262785e-03,
       -6.14000345e-03, -9.07948613e-03,  1.32350076e-03,  6.22277847e-03,
       -5.43486932e-03, -1.24674216e-02,  3.08253639e-03,  3.22072441e-03,
       -6.52406074e-04, -1.38142928e-02, -1.38472561e-02,  1.16283249e-03,
        1.16926222e-03, -9.54448059e-03, -1.06758606e-02,  1.17765018e-03,
        3.46915727e-03, -1.16205709e-02,  1.21950349e-02,  2.33896100e-03,
        9.01945122e-03,  2.77233403e-03, -9.81876440e-03, -1.56042422e-03,
       -1.00167943e-02, -1.62983648e-02, -9.93340509e-04,  1.41896948e-03,
        3.82858701e-03, -7.18618510e-03, -9.59317293e-03, -4.53185709e-03,
       -5.71331196e-03, -1.03826867e-02, -3.70504824e-03, -1.16234487e-02,
        5.43481437e-03, -1.42551085e-03,  1.54117867e-03, -8.65117554e-03,
       -7.57596735e-03, -4.97627351e-03, -5.24620153e-03, -1.61105546e-03,
       -6.13102922e-04,  4.95762564e-03,  2.08790670e-03, -1.48634017e-02,
       -4.65479121e-03, -6.20851154e-03, -9.90678743e-03,  2.84010754e-03,
        1.52083032e-03, -9.89736430e-03, -5.69659099e-03, -1.27042383e-02,
        1.91488955e-03, -1.72645506e-03, -1.25096165e-04,  5.03884116e-03,
       -8.37496947e-03, -1.41509101e-02, -1.02825034e-02, -8.01847130e-03,
       -3.95037496e-04, -1.00534623e-02,  2.59417063e-03, -3.15820146e-03,
       -7.13786634e-04, -2.35182117e-03, -1.63664781e-02,  9.52229078e-04],
      dtype=float32), 'encoder.fc.2.weight': array([[-0.00398752, -0.00090083, -0.03673394, ..., -0.00649346,
        -0.00274321,  0.04616922],
       [ 0.02341311, -0.03717668,  0.04256636, ..., -0.00970878,
        -0.0471453 ,  0.0224322 ],
       [-0.01460451, -0.04248619, -0.02531339, ...,  0.03210164,
        -0.01887855,  0.03660975],
       ...,
       [-0.02022908,  0.02289128,  0.01404861, ..., -0.00455004,
        -0.03806411, -0.02539132],
       [ 0.00534766, -0.02606387,  0.01993274, ..., -0.01161885,
        -0.01273797, -0.02356632],
       [-0.0479897 , -0.01274875, -0.03597226, ...,  0.01896696,
        -0.00811664,  0.02745769]], dtype=float32), 'encoder.fc.2.bias': array([ 0.00467155, -0.03830555,  0.03808598, ...,  0.01610567,
        0.02492009, -0.00426199], dtype=float32), 'encoder.fc.4.weight': array([[ 0.01556198, -0.01130695, -0.01468173, ..., -0.00728728,
        -0.00124735, -0.00083152],
       [-0.01378552,  0.01209208, -0.02057696, ..., -0.00125273,
        -0.00826708,  0.00329858],
       [ 0.00256053,  0.01406639,  0.01164143, ..., -0.02460106,
        -0.01127147,  0.00031472],
       ...,
       [-0.00878336, -0.0222139 , -0.0106004 , ...,  0.01166667,
        -0.01441262, -0.01468052],
       [-0.0164874 , -0.01956663,  0.00782697, ...,  0.00133938,
        -0.00449664, -0.0043664 ],
       [ 0.01049946,  0.00941769, -0.00302948, ..., -0.00709891,
        -0.00790111,  0.00606328]], dtype=float32), 'encoder.fc.4.bias': array([-3.38916155e-03, -1.42427795e-02, -1.27101103e-02,  1.80845112e-02,
        8.96310341e-03, -1.50967641e-02, -1.40299937e-02, -1.84375420e-02,
        1.11825233e-02,  1.16483681e-02,  4.41106223e-03,  2.36999877e-02,
       -8.81818647e-04, -7.43619679e-03, -9.23001673e-03, -3.66305117e-03,
       -6.61307154e-03, -6.68769516e-03, -2.16015638e-03, -1.89991016e-02,
       -2.76305694e-02,  4.78101429e-03, -7.33979512e-03,  1.56545383e-03,
       -6.10854058e-03,  1.86844841e-02, -1.54080205e-02, -7.21465237e-03,
       -1.88429467e-02, -1.42013356e-02,  9.22145136e-03,  1.55519340e-02,
        1.30537441e-02, -3.90548725e-03, -1.70543287e-02, -1.81329530e-02,
        7.53442000e-04, -2.66792672e-03,  1.89197678e-02, -2.02763416e-02,
        1.39405788e-03, -1.57372747e-02, -1.28409360e-02, -1.38020925e-02,
       -2.28905585e-02,  2.19229590e-02,  1.28463432e-02, -7.30444305e-03,
        3.63037921e-03, -1.67072620e-02, -7.79062370e-03,  1.76404044e-02,
       -2.65636239e-02, -1.95778278e-03,  1.38240512e-02, -1.47836991e-02,
        1.47814048e-03, -9.71512496e-03,  6.64387457e-03, -6.54706499e-03,
        2.03977842e-02, -1.00514814e-02,  1.11045213e-02, -3.12527432e-03,
       -1.45255700e-02,  1.58673730e-02,  4.04111948e-03, -4.18298790e-04,
       -4.61608777e-03, -6.87515456e-03, -2.41876743e-03,  9.69374739e-03,
        1.55710732e-03, -1.96322650e-02,  1.54950861e-02,  2.46506254e-03,
       -2.60648597e-02,  7.67673040e-03,  1.17739206e-02, -2.97851884e-03,
       -1.33194337e-02,  1.47628458e-02, -5.24220231e-04, -2.31772605e-02,
        1.16474675e-02,  1.40100271e-02,  1.05670150e-02, -1.25478813e-02,
       -1.62833594e-02, -1.29084960e-02,  6.27336884e-03, -1.86104383e-02,
       -8.79266951e-03, -1.21616721e-02,  2.21697483e-02, -9.22162551e-03,
        3.79786408e-03, -7.88008608e-03,  1.08968299e-02,  1.07992394e-02,
        6.16243528e-03,  1.01653533e-03, -5.29886736e-03, -9.66806151e-03,
        9.77919996e-03,  1.22975660e-02, -7.26155704e-03, -1.63113903e-02,
        1.79370828e-02, -1.64159667e-02,  4.44091484e-03, -2.06918642e-02,
        1.38849430e-02,  1.14670936e-02, -9.69748106e-03,  7.62670767e-04,
       -1.31663997e-02, -3.34087235e-04,  1.86746661e-02, -3.28114582e-03,
       -5.43158920e-03, -2.56512985e-02, -3.79418954e-03, -6.12369692e-03,
       -1.58642977e-02,  1.19900424e-02, -3.38698877e-03, -2.32809335e-02,
       -2.27570217e-02,  1.86986919e-03, -1.05765732e-02, -2.17693318e-02,
       -1.51174739e-02, -2.21361369e-02, -1.20577058e-02, -2.65758876e-02,
        6.49048341e-03, -1.75531693e-02,  1.41537162e-02, -1.96602959e-02,
       -2.50116456e-02,  1.46784624e-02,  7.24286214e-03, -1.40322105e-03,
       -9.19358432e-03, -2.05863244e-03, -1.25334291e-02,  1.44676864e-02,
        1.73284076e-02, -1.03802672e-02, -1.83374137e-02, -5.66005241e-03,
        4.69775696e-04, -3.91149474e-03, -1.68371364e-03,  1.59338135e-02,
        9.00988001e-03, -1.53161250e-02,  2.36095325e-03, -1.16046472e-02,
       -2.39738170e-02,  9.25072003e-03, -5.71625726e-03, -1.84374806e-02,
       -9.49775917e-04, -5.54416154e-04, -1.25515359e-02, -2.25257352e-02,
        1.36463726e-02,  4.60416311e-03, -1.39968032e-02, -9.34120920e-03,
        8.80735088e-03, -4.14504064e-03, -2.27697622e-02, -1.41988583e-02,
       -1.74881669e-03,  9.63828620e-03, -2.21201056e-03,  1.51709337e-02,
        1.28140636e-02, -2.73119449e-03, -2.26151925e-02,  1.15414234e-02,
       -1.41232479e-02,  9.09353793e-03, -8.54528416e-03,  7.34579656e-03,
        3.15773906e-03,  1.15376217e-02,  8.94683413e-03, -1.33045772e-02,
        8.85591004e-03,  1.60752647e-02,  5.22443652e-03,  3.20076768e-04,
        5.66693489e-03, -2.43692566e-02, -1.30682969e-02, -1.31788552e-02,
        7.21111195e-03, -3.81178828e-03, -6.80147158e-03, -2.27922779e-02,
        3.30419498e-05,  1.19875437e-02, -2.09384505e-02,  8.63375980e-03,
        1.93246379e-02, -1.42427003e-02,  1.55680766e-02, -3.40244686e-03,
        1.65288094e-02, -1.61979150e-03,  1.26295313e-02, -6.25935383e-03,
        1.02080693e-02,  1.01281479e-02, -6.08470663e-03, -4.34255507e-03,
       -5.82949258e-03, -3.80237936e-03,  4.09846980e-04, -3.67402378e-03,
       -1.80560965e-02, -2.26431880e-02, -2.11367831e-02,  6.18717773e-03,
        1.01965331e-02,  1.80137184e-04, -2.76134238e-02, -9.61574819e-03,
        1.87345874e-02, -1.70289390e-02, -2.39782408e-02, -1.67050995e-02,
        1.37979714e-02, -2.34094933e-02, -1.15289958e-02, -1.79316383e-02,
        1.15386778e-02, -1.61168426e-02, -3.82627733e-03,  8.29884969e-03,
        6.62553217e-03, -1.22256139e-02, -3.60942772e-03, -1.71752982e-02,
        2.99274502e-03, -1.85506511e-02,  7.13354163e-03,  8.91146529e-03,
        1.33747179e-02, -1.17878811e-02,  7.22507015e-03,  4.18413011e-03,
       -1.46286543e-02,  4.68831277e-03, -1.84329059e-02, -1.71541199e-02,
        3.19382898e-03,  5.07620443e-03, -1.46583293e-03,  4.35485505e-03,
       -1.83644723e-02, -2.81201024e-03,  2.08467201e-04, -1.49872573e-03,
       -4.41702403e-04, -1.79211311e-02,  1.68195497e-02, -2.28093714e-02,
        2.36850772e-02,  1.95461195e-02, -5.36241056e-03, -2.30842456e-02,
       -1.73433255e-02,  1.11041879e-02,  4.98637324e-03, -1.16978949e-02,
       -1.22707607e-02,  1.22362673e-02, -2.19810698e-02,  1.95754655e-02,
        1.50795002e-02, -4.65726526e-03, -1.32987676e-02,  9.89979133e-03,
       -2.74139605e-02,  7.27352081e-03, -5.39468834e-03,  1.07700070e-02,
       -2.52724476e-02, -1.10982135e-02,  3.05820978e-03,  5.76328905e-03,
        1.69882700e-02, -2.66655125e-02, -1.90058490e-03, -2.39254981e-02,
       -2.53456309e-02, -8.31464585e-03,  2.47216020e-02,  1.01571940e-02,
       -6.04072912e-03, -1.26080448e-02, -2.24511586e-02, -1.15257036e-02,
        1.82847190e-03, -2.09269277e-03, -3.30756675e-03,  5.95954072e-04,
       -8.80269276e-04, -7.25283846e-03, -7.00312713e-03, -7.65517401e-03,
       -2.71499474e-02, -1.49985058e-02,  6.48682052e-03,  1.04557537e-02,
       -6.85938261e-03, -5.94637357e-03, -1.03364820e-02, -1.72010139e-02,
       -1.45065691e-02,  1.79999601e-02, -4.86074248e-03, -1.33767482e-02,
       -9.09131486e-03,  6.47657725e-04,  8.29972513e-03, -2.71858573e-02,
       -1.01852510e-02, -2.53909230e-02,  4.16026078e-03, -2.61974465e-02,
        1.13141080e-02, -9.17420350e-03, -2.13563032e-02, -2.46513467e-02,
        1.35389026e-02,  1.15150046e-02, -6.04639994e-03, -1.43018831e-02,
       -1.39833726e-02, -1.57687552e-02, -2.14253757e-02, -1.05128977e-02,
       -2.52578650e-02, -1.10970000e-02,  8.51331465e-03, -1.08872820e-02,
        5.87257044e-03,  1.53531767e-02, -2.16523707e-02,  1.44879399e-02,
        8.84717330e-03,  8.91665090e-03, -7.96610396e-03, -5.67979412e-03,
        1.39455730e-02, -1.23088676e-02, -9.21698473e-03, -1.10572167e-02,
        1.45613858e-02, -2.74996124e-02, -2.36848500e-02, -2.26772241e-02,
        1.03826635e-02, -2.70139370e-02,  3.10596544e-03,  2.10990966e-03,
       -7.53252301e-03,  1.77526579e-03,  5.22379065e-03, -3.47195868e-03,
       -1.78614371e-02,  3.42914416e-03, -1.21580176e-02, -9.24896263e-03,
        1.38796102e-02,  5.55468304e-03,  1.52041484e-02, -1.14018107e-02,
       -1.85838039e-03, -6.00433536e-03, -1.14225494e-02, -2.47365646e-02,
       -4.70554410e-03, -2.56345160e-02,  9.53004230e-03,  8.84497911e-03,
       -1.74248088e-02,  1.40460990e-02, -6.47694431e-03, -9.49339010e-03,
        1.28845461e-02, -1.99291166e-02, -2.27188114e-02,  4.94546723e-03,
        2.41130535e-02,  1.24755893e-02, -1.23749003e-02,  1.97242964e-02,
       -2.67717261e-02, -1.54918293e-02,  1.32521773e-02, -1.16575658e-02,
        8.60337447e-03, -1.71186589e-02,  8.32073297e-03, -1.34769194e-02,
        1.56435894e-03,  9.25799925e-03,  1.79352835e-02,  1.12842824e-02,
       -1.29917171e-02,  1.86240133e-02, -3.91996140e-03, -1.06879426e-02,
       -1.56660769e-02, -1.43519631e-02, -1.25885932e-02,  8.11629929e-03,
        1.30778812e-02,  1.85735840e-02,  3.93277593e-03, -2.20274981e-02,
       -7.73272803e-03, -1.15444278e-02, -6.09951559e-03, -6.37382781e-03,
       -2.51875427e-02, -3.59881460e-03,  1.41468495e-02, -1.10166837e-02,
        1.15731154e-02,  8.49626493e-03, -6.43060869e-03, -6.35876600e-03,
       -1.88234262e-03,  5.60262473e-03, -1.50834641e-03,  1.05632767e-02,
       -1.75550599e-02,  1.48189692e-02,  2.01511476e-02, -1.58969741e-02,
       -7.49613624e-04, -9.47832968e-03,  1.15015861e-02, -7.17315264e-03,
        1.44958198e-02,  1.35218240e-02, -3.07892077e-03, -1.22270463e-02,
        2.02006306e-02, -7.62356864e-03,  2.55988026e-03,  3.32697458e-03,
       -1.96088087e-02, -1.91033613e-02,  3.20024346e-03, -1.73450820e-02,
       -1.31196028e-03, -9.05499142e-03,  1.48559008e-02, -2.32579000e-02,
       -4.84484388e-03,  1.29076866e-02,  2.64244676e-02, -1.27378330e-02,
       -1.53367314e-02,  1.18366741e-02,  7.83096347e-03, -3.47089209e-03,
        2.40713963e-03,  5.89610636e-03, -2.59048641e-02, -1.52195934e-02,
       -1.10287629e-02,  1.10755675e-02,  1.28625305e-02,  1.85963679e-02,
        1.57807209e-02, -1.45614333e-03,  3.22167389e-03,  4.92405496e-04,
       -8.82723427e-04,  4.76366514e-03, -3.72452941e-03,  1.21168662e-02,
        1.05787870e-02, -1.11027490e-02, -1.72578241e-03,  8.51696916e-03,
        5.68334898e-03,  3.03081382e-04, -4.53804946e-03, -2.08748672e-02],
      dtype=float32), 'encoder.fc.6.weight': array([[-0.0384419 ,  0.04185623,  0.03047554, ..., -0.01939742,
        -0.0405504 , -0.00787706],
       [ 0.01299513,  0.0093058 ,  0.00173497, ..., -0.03624505,
         0.03721236,  0.0193474 ],
       [-0.01951951, -0.00995279,  0.00716416, ..., -0.04072573,
        -0.00146898,  0.03145887],
       ...,
       [-0.01951645, -0.03130361, -0.0123764 , ..., -0.02749629,
        -0.03378863, -0.04706917],
       [-0.02652796, -0.02302012, -0.00177296, ...,  0.03892495,
         0.00497297,  0.02543527],
       [ 0.03264004, -0.01598434, -0.0314963 , ..., -0.03594574,
         0.02747323,  0.03550988]], dtype=float32), 'encoder.fc.6.bias': array([-0.00255416,  0.02830029, -0.04203728, -0.02143888, -0.01828799,
       -0.03823433, -0.00765728, -0.04046562,  0.03629581,  0.03103841],
      dtype=float32), 'decoder.fc.0.weight': array([[-0.2352225 ,  0.25416163, -0.15946801, ...,  0.04028904,
         0.11574887, -0.02482389],
       [ 0.18330698, -0.02400136,  0.29112428, ..., -0.2952954 ,
        -0.03635882, -0.19746448],
       [-0.16422899,  0.07241677,  0.11003669, ..., -0.13146624,
        -0.27566803,  0.12855987],
       ...,
       [-0.23371577, -0.04873149,  0.11255709, ...,  0.2517276 ,
        -0.2594284 , -0.12130534],
       [-0.27534556, -0.28155664,  0.25981346, ..., -0.26930115,
        -0.27133498,  0.28834102],
       [-0.21688718,  0.13780421, -0.0043455 , ...,  0.02572935,
        -0.1164468 ,  0.12349432]], dtype=float32), 'decoder.fc.0.bias': array([-0.06953949,  0.00393263,  0.127777  , -0.26779488,  0.11983014,
        0.2524317 , -0.03680828, -0.15038177, -0.03611624,  0.20678021,
        0.08458427,  0.15970246,  0.07433641, -0.22696844,  0.10811907,
       -0.17074817,  0.22236224,  0.02307129, -0.2528199 ,  0.00613228,
       -0.2790488 ,  0.27694407, -0.14169028,  0.14484654, -0.2393634 ,
       -0.2702688 , -0.04989733, -0.14812428,  0.06410999,  0.21699336,
        0.26855114,  0.19303033,  0.22337195, -0.30584797, -0.12040888,
       -0.25566372, -0.06534217,  0.1164427 ,  0.09719613,  0.23646975,
        0.03085025,  0.17002146, -0.04196537,  0.10569566,  0.22408003,
        0.06941967,  0.0479253 , -0.0085799 ,  0.26788598,  0.20045169,
        0.13029297,  0.04902229, -0.11499091,  0.0854619 , -0.20638414,
        0.2006605 ,  0.17230603, -0.10865398,  0.13611163, -0.20723902,
       -0.05594938,  0.16295363, -0.10239863, -0.20944335,  0.26659304,
        0.3116048 ,  0.28983617, -0.25434026, -0.24261728, -0.00551687,
        0.09805176,  0.22896062, -0.08986361, -0.25449288, -0.16797204,
       -0.23849742,  0.2722595 , -0.1704683 , -0.17112741, -0.11202593,
        0.16939363, -0.25886807,  0.10182507,  0.15336035, -0.22556335,
       -0.20357211, -0.06320998, -0.14825322,  0.2953197 ,  0.17727347,
        0.08780418, -0.0393538 , -0.02405116, -0.05445354,  0.15430214,
       -0.0951884 , -0.08542378, -0.15865995, -0.27371645,  0.04706869,
        0.26735   , -0.25193736, -0.2088292 , -0.19639124,  0.29412735,
       -0.05950451,  0.03787593, -0.11672214, -0.12944223,  0.307632  ,
       -0.16841075, -0.06454776,  0.23244533, -0.20967275,  0.20480883,
        0.31400034, -0.19890326,  0.01565235, -0.11814938,  0.00951989,
       -0.13593054,  0.05261332, -0.06662057,  0.13644527, -0.2402831 ,
       -0.08337523, -0.00506799,  0.04977996,  0.2711433 , -0.20667587,
       -0.09128892,  0.00526501, -0.15073945,  0.3049505 ,  0.2546742 ,
       -0.30899322,  0.13308273,  0.20847724, -0.13388616,  0.02116802,
        0.22781889, -0.03806474,  0.2987937 ,  0.05853606,  0.18809366,
       -0.28840223,  0.07514637, -0.05394663, -0.05650398,  0.17087567,
        0.08319423,  0.04627012, -0.12330905, -0.06666889, -0.16964258,
       -0.11609367, -0.21145175, -0.0650541 ,  0.24066855,  0.22938506,
       -0.13090505, -0.29269612,  0.25402698, -0.21718396,  0.00807107,
       -0.18325068,  0.23659584, -0.20904247, -0.00861076, -0.09601044,
        0.12587678,  0.05038334, -0.13646682,  0.06186387,  0.10993288,
       -0.26038265, -0.27838123, -0.07037573,  0.25690234, -0.18114312,
        0.08202639, -0.16510735,  0.1472365 ,  0.2918392 ,  0.04526159,
       -0.13215047,  0.2076688 , -0.08268714,  0.24554828, -0.15585382,
       -0.05470887,  0.24618138, -0.25261787, -0.17672439, -0.22141568,
        0.04634723, -0.02069881,  0.08521608,  0.20662597, -0.06170255,
        0.14121145, -0.24917465, -0.1886113 , -0.30109292,  0.13181242,
       -0.10467177,  0.27221695, -0.00481371,  0.25594288, -0.18605842,
       -0.18834324, -0.28473467,  0.1623993 ,  0.1453448 , -0.15700194,
       -0.2651707 , -0.07748663, -0.0033314 , -0.06647711,  0.01493194,
       -0.28446454,  0.19544318,  0.00630706, -0.12931219, -0.2597604 ,
       -0.01933035,  0.26845297,  0.25123236,  0.23745103,  0.25807709,
        0.3005724 ,  0.09154965, -0.10389549,  0.16731551,  0.25700143,
        0.09757888, -0.17515807, -0.30026272,  0.2334929 , -0.18207853,
        0.1081377 , -0.00383065,  0.07129026,  0.00423823, -0.27942237,
        0.26758668,  0.08679044, -0.12324677,  0.0940531 ,  0.06930958,
        0.07247251, -0.228461  , -0.07848582,  0.23550987,  0.04941051,
       -0.257093  , -0.26294738,  0.18356441, -0.31982526,  0.01049688,
        0.13986842, -0.2515592 ,  0.1417792 ,  0.2052567 , -0.10757431,
        0.12013409, -0.03297484,  0.28891248, -0.213845  ,  0.14253935,
        0.04921179, -0.03293502, -0.10525635,  0.21408395,  0.17809518,
        0.10230061,  0.25776878,  0.10622475,  0.19777635,  0.05417706,
        0.27702114,  0.00886276,  0.2299326 , -0.17126518,  0.27046672,
        0.12936376,  0.23199524,  0.10286383, -0.04585304,  0.17999408,
        0.17396796,  0.07720753,  0.21919069,  0.07533231, -0.26855856,
        0.3059421 , -0.15299551,  0.04232235,  0.0367203 ,  0.03494544,
        0.2166248 ,  0.2866815 ,  0.16224962,  0.18159904,  0.18102069,
       -0.1541343 , -0.13384235,  0.06792145,  0.14441626, -0.19792302,
        0.19086319, -0.25796908, -0.08153048,  0.2851177 ,  0.22659354,
       -0.2128367 ,  0.24347928,  0.08724058, -0.18810745,  0.24420828,
        0.28032443,  0.18864267,  0.04168098, -0.24199483, -0.09935757,
        0.00365161,  0.21024784, -0.24076897,  0.02166818,  0.18993399,
        0.0819703 , -0.2697359 ,  0.24302667, -0.15460385,  0.08363438,
        0.27063397,  0.06385402, -0.02452575, -0.08345527,  0.13215373,
       -0.24797904, -0.05828649, -0.03496773,  0.12743902,  0.05605465,
       -0.26536974, -0.29807392, -0.09948526, -0.32265875, -0.26830178,
       -0.24680841, -0.01716083,  0.21052784,  0.2502558 ,  0.2929617 ,
       -0.07622317,  0.1287701 , -0.10481156,  0.03049176, -0.09677253,
       -0.08114287, -0.24553588, -0.2050748 , -0.2741893 , -0.00084027,
       -0.24997427,  0.08678297,  0.30639303,  0.25987905,  0.19998388,
        0.15868156,  0.19945619,  0.12029889,  0.12711562,  0.21375042,
       -0.05162795, -0.03942318, -0.22347409, -0.1609282 ,  0.27994817,
       -0.27202097,  0.09444138, -0.08183758,  0.04928005,  0.25165644,
        0.05984359,  0.14538883, -0.21198022,  0.21627106,  0.15340902,
       -0.0862537 ,  0.24355923,  0.0789177 , -0.20129098, -0.14490299,
       -0.20180964, -0.02950381, -0.0953188 , -0.17528287, -0.10636821,
       -0.19702841, -0.10285416, -0.06264447,  0.06424202,  0.02225085,
        0.12713492, -0.154661  ,  0.18914497, -0.2123999 , -0.08643883,
        0.08951627,  0.07127569,  0.29651657,  0.0934794 ,  0.00201059,
        0.28068566, -0.12985946, -0.16994743, -0.30136028, -0.11735163,
        0.12548897, -0.14839822,  0.27794024, -0.19008635, -0.11068388,
       -0.04297554, -0.04490123, -0.01513723, -0.13580827, -0.17341124,
        0.28685883, -0.16292825, -0.04256258,  0.04097978,  0.09904074,
       -0.02049984, -0.18679984, -0.19993031, -0.21871625, -0.20346679,
       -0.00552171,  0.01875221, -0.11331039, -0.26932558, -0.03275284,
       -0.19351767,  0.14163744,  0.03404068,  0.06034561, -0.16920683,
        0.11528136,  0.05445093,  0.31807733,  0.2310443 , -0.30769062,
        0.14073509, -0.21923174,  0.15218554, -0.24969062, -0.12016104,
        0.26207998, -0.1293444 ,  0.11533535,  0.1887108 ,  0.18184462,
        0.11806173,  0.13526464, -0.03246794,  0.05297488, -0.04556999,
       -0.10586546, -0.2891527 , -0.20535465, -0.20116484, -0.22365138,
       -0.03956443, -0.0386741 , -0.1759033 ,  0.33106986, -0.24089299,
       -0.14958344,  0.10821339, -0.05339392, -0.04154884, -0.01682226,
        0.14154206, -0.02311528,  0.02811532,  0.11835074, -0.19802682,
       -0.09210908,  0.22679387,  0.04291626,  0.07145569,  0.12587416,
        0.10412379,  0.03715813,  0.28709897,  0.24769695,  0.12134928],
      dtype=float32), 'decoder.fc.2.weight': array([[ 0.00351675,  0.05146904,  0.03208783, ...,  0.03349876,
        -0.04285531,  0.01641333],
       [-0.01100618, -0.04245543, -0.07909849, ..., -0.05862871,
        -0.04847844, -0.03105049],
       [-0.02870803, -0.01787607, -0.01550879, ...,  0.00967243,
        -0.04191236,  0.01817239],
       ...,
       [-0.03906239,  0.00203929,  0.06634283, ...,  0.01629325,
        -0.00343446,  0.02317092],
       [-0.01676688, -0.0312696 ,  0.00545005, ...,  0.02445174,
         0.01618152,  0.0184535 ],
       [ 0.04193089, -0.04651235,  0.01550547, ...,  0.03682952,
        -0.00808217, -0.03215251]], dtype=float32), 'decoder.fc.2.bias': array([ 0.01602626, -0.00533352, -0.02185164, ...,  0.00538394,
       -0.03734314, -0.00834199], dtype=float32), 'decoder.fc.4.weight': array([[ 2.20134351e-02,  1.79095939e-02,  6.86858967e-03, ...,
        -7.95142725e-03,  1.62651185e-02, -1.80927105e-02],
       [ 7.15750223e-03,  8.40702560e-04,  4.11317917e-03, ...,
        -2.53413469e-02, -2.82441191e-02,  1.41409375e-02],
       [ 4.08673333e-03, -7.78710470e-04,  2.21777875e-02, ...,
         1.33275427e-02, -1.52243078e-02,  1.43990284e-02],
       ...,
       [ 2.11889967e-02,  5.05902544e-02, -4.92130686e-03, ...,
        -1.44208465e-02,  1.72552820e-02, -1.95607357e-02],
       [ 6.84117991e-03, -3.01820133e-02, -5.85242780e-03, ...,
        -4.78992611e-03,  1.34475632e-02,  5.25413343e-05],
       [-3.11265849e-02, -1.95902586e-02, -1.71798505e-02, ...,
         3.14715691e-02,  5.38048567e-03,  8.68270930e-04]], dtype=float32), 'decoder.fc.4.bias': array([ 0.00271225, -0.00955828,  0.02039932, -0.02390096,  0.0132072 ,
        0.02176418, -0.00330415,  0.01822636,  0.00650622,  0.00943259,
        0.02606845,  0.00969434,  0.03674944,  0.03679331, -0.01877181,
       -0.0140297 , -0.02497524,  0.01176363, -0.01242557,  0.02246381,
        0.01501989,  0.01505229,  0.00528598, -0.02477211, -0.00074673,
        0.00853873, -0.00437264, -0.02782461, -0.01288815,  0.00970448,
       -0.01986133,  0.00343097,  0.00357142, -0.01559335,  0.00444037,
       -0.00761377, -0.00292075, -0.02549211,  0.01522612, -0.00545936,
        0.00571499,  0.00716901, -0.02577274, -0.00621332, -0.00891234,
       -0.01218656, -0.00807176, -0.00127139, -0.01242587,  0.013973  ,
        0.00346635, -0.03111005,  0.02464586,  0.0050012 ,  0.03285091,
        0.0284015 , -0.00554153,  0.00522726, -0.01733957, -0.01771794,
       -0.02565537,  0.00541581,  0.00417702, -0.00218636,  0.00249899,
       -0.02220925,  0.01249284, -0.02410929, -0.01982775,  0.00574589,
       -0.026499  , -0.00726398,  0.01698545, -0.0222435 ,  0.01584229,
       -0.00498309,  0.01073663,  0.01872764, -0.00813113, -0.00245462,
        0.02051322,  0.00579722,  0.02491909, -0.01703661,  0.02447817,
       -0.02063107, -0.03071608,  0.02415009,  0.01033937, -0.00647173,
        0.01052669, -0.01278057, -0.01040099,  0.02690963, -0.00617938,
        0.00928148, -0.00683915, -0.01989971,  0.00630033, -0.0182018 ,
        0.01183712, -0.01548754, -0.02648374,  0.03065191, -0.02562012,
       -0.02420664,  0.03311037,  0.00337989, -0.01766308, -0.01056612,
       -0.00049986, -0.01058568, -0.0205456 ,  0.02051   , -0.01045813,
        0.01483885,  0.01096293,  0.00859744,  0.00718994,  0.01857287,
        0.01338558,  0.01504477,  0.0203636 , -0.02202769, -0.01485652,
       -0.00796623,  0.00059964,  0.02315896, -0.01211801,  0.01334086,
       -0.01222712,  0.03136496,  0.03036587,  0.02548956, -0.01381613,
        0.03247978, -0.00794244,  0.00784158, -0.03874169,  0.01754825,
       -0.0037588 ,  0.01467367,  0.01069893, -0.02715833,  0.00907536,
       -0.02661443, -0.00156883,  0.00122912,  0.02426721, -0.01294322,
        0.00010974, -0.01647499, -0.01158377,  0.001214  ,  0.00149747,
        0.01721212,  0.00584672, -0.02713769,  0.00057216,  0.02867798,
       -0.02373139, -0.01885599, -0.00551345, -0.01255698,  0.00663599,
       -0.00012944,  0.00854936,  0.01496867, -0.01197484, -0.01634202,
       -0.02144204,  0.02450257, -0.01429087,  0.00776775,  0.00223959,
        0.01715811, -0.01604923, -0.01007763,  0.00923299,  0.03071103,
       -0.00595049,  0.00099815, -0.01935034, -0.00198069,  0.01847603,
       -0.01427992,  0.00629067, -0.02714872, -0.02730663, -0.02402567,
       -0.00473206,  0.01091984, -0.00472587,  0.00690335, -0.0164305 ,
        0.04590497,  0.01446527, -0.00130573, -0.02342546,  0.00843094,
        0.0120934 ,  0.01583197,  0.0099953 ,  0.00240747, -0.01193084,
        0.00504783, -0.01869208,  0.01998766,  0.00841187, -0.01709193,
       -0.01977612,  0.01692464,  0.00135334, -0.00022708,  0.01644045,
        0.01491142,  0.01588656, -0.00653316, -0.00831636,  0.00771819,
        0.00858186, -0.01941687, -0.00221231,  0.00242406,  0.00079864,
       -0.00272689, -0.02051078, -0.01305586, -0.03014946,  0.03016788,
       -0.01598511, -0.00089292,  0.00961626, -0.00818135, -0.00260448,
        0.00390347,  0.02943609, -0.00766901,  0.01409727, -0.01852223,
       -0.01014131,  0.01781962, -0.018219  , -0.01696466, -0.01298875,
       -0.00426171, -0.02488353, -0.01662747, -0.01068851, -0.01827116,
        0.01753615, -0.00690751, -0.0228034 ,  0.00531226,  0.0139543 ,
        0.00847745,  0.01652133,  0.02847207,  0.00664864,  0.01051249,
        0.03377309, -0.02233151,  0.02004842,  0.01533856, -0.0052228 ,
       -0.02705137, -0.02713074,  0.00092579,  0.02057057,  0.01101315,
       -0.01575129,  0.01539457, -0.0185668 ,  0.00341831,  0.04059788,
       -0.02473181,  0.0093512 ,  0.01598026, -0.02764718, -0.0267334 ,
       -0.02006559,  0.01789663,  0.00010016, -0.02205644, -0.02577174,
        0.01209487,  0.01463344,  0.00850594,  0.02905092, -0.02896858,
        0.0133858 ,  0.02433155, -0.00363487,  0.00095472,  0.00783266,
        0.0154825 , -0.02777391,  0.00112955, -0.00646188, -0.00648255,
        0.00529128,  0.02325134, -0.01325647,  0.01334979,  0.02343401,
        0.02582657, -0.00420585,  0.00074768, -0.02009261,  0.01906532,
       -0.01417844,  0.00949393,  0.01324229,  0.0035962 ,  0.004637  ,
        0.03038309,  0.01020546, -0.00931947,  0.03963195, -0.00117196,
       -0.01036326, -0.02583513, -0.01320754, -0.00996739, -0.02481019,
       -0.02651518, -0.02377949,  0.0205859 ,  0.02279633,  0.02894806,
       -0.01463505, -0.01980546,  0.01851272,  0.0047711 , -0.01482402,
       -0.01405841, -0.01092637,  0.02921666, -0.00804063,  0.02101964,
        0.00157484, -0.01830278, -0.00651152,  0.01637509,  0.01480126,
        0.0155486 , -0.01541523,  0.0233056 ,  0.00891207,  0.00230456,
        0.00014212, -0.01283302,  0.01369282,  0.01346395, -0.01694699,
        0.02863733, -0.02636432,  0.00178614, -0.02465094, -0.01842348,
       -0.00222004, -0.01336531,  0.0100565 , -0.00752382,  0.00860123,
       -0.01842254, -0.00912052,  0.00400186,  0.01107323,  0.00022654,
        0.01497688, -0.0063692 , -0.01051516,  0.0139985 , -0.00512793,
        0.00470571,  0.01839349, -0.01962768, -0.02357669,  0.00301077,
       -0.01386631, -0.01504422, -0.02422417, -0.02036492,  0.01604774,
        0.00632011,  0.01024679, -0.00297863,  0.0239349 ,  0.00943656,
        0.00412154,  0.0112979 ,  0.0158334 , -0.01455717, -0.00970729,
       -0.01584037, -0.00315235,  0.00436924,  0.0362706 ,  0.01282868,
       -0.01454798,  0.00763208, -0.01950631, -0.007434  ,  0.01568733,
        0.01568105, -0.00847542, -0.02489328, -0.00492421, -0.02021551,
       -0.00849427, -0.01977318, -0.01294706, -0.00038886,  0.01250902,
        0.02902178, -0.02511689, -0.0221588 ,  0.01014575,  0.01853364,
       -0.00318046,  0.00240706, -0.01361905, -0.00141027,  0.0272633 ,
       -0.02727674,  0.00597435, -0.00542629,  0.00841813,  0.03478906,
        0.01586399,  0.0145198 , -0.01935562, -0.01362066, -0.02186038,
        0.0128324 ,  0.02157173, -0.01540235,  0.00677424,  0.00090459,
        0.00052213, -0.01755837, -0.0119093 , -0.01465901,  0.02849171,
        0.02346435, -0.0034792 ,  0.01887188,  0.01103532, -0.00614974,
       -0.00561002,  0.0007476 , -0.02139869,  0.02546181, -0.02262816,
       -0.01892841, -0.02082208,  0.01111687, -0.00902092,  0.01305745,
       -0.0238533 ,  0.03216624,  0.00829656, -0.01757584, -0.00425755,
       -0.02673817,  0.03418485, -0.01302506, -0.01845975, -0.00754685,
        0.00082081,  0.00499617,  0.00752462,  0.03046451,  0.02390277,
       -0.01556101, -0.01978024, -0.0109991 ,  0.01776467,  0.00946052,
       -0.00249722,  0.0155307 ,  0.02536278, -0.01613321,  0.01750018,
        0.01460665,  0.01752624,  0.034408  ,  0.02400989, -0.01076243,
       -0.01011202,  0.01841378, -0.03242416,  0.01183271,  0.02232097,
        0.01276268, -0.01251077,  0.00704667,  0.01239687,  0.02434177],
      dtype=float32), 'decoder.fc.6.weight': array([[-0.0249982 ,  0.04186489,  0.02891126, ..., -0.01622801,
        -0.03613138,  0.02828136],
       [ 0.03113373,  0.02593999, -0.01921837, ...,  0.03759247,
         0.03717773,  0.07315424],
       [ 0.01809348,  0.01713947,  0.00938035, ..., -0.03326476,
        -0.01683072,  0.04298794],
       ...,
       [-0.00524186,  0.01621318,  0.01218919, ..., -0.04147526,
         0.02957178,  0.00140546],
       [-0.01558056,  0.03052839,  0.02562478, ..., -0.0076855 ,
         0.04691046,  0.04017385],
       [ 0.00382975, -0.01746804, -0.03376462, ..., -0.01183875,
         0.03278904, -0.01917826]], dtype=float32), 'decoder.fc.6.bias': array([-0.01367679,  0.02519705,  0.01112305, ...,  0.01398983,
        0.03958922, -0.00095434], dtype=float32)}
[Time: 29.01.25 13:41:56] [Level: info] [State: aggregate] Updating global model...
[Time: 29.01.25 13:41:56] [Level: info] [State: aggregate] GOAE(
  (encoder): Encoder(
    (fc): Sequential(
      (0): Linear(in_features=10564, out_features=500, bias=True)
      (1): ReLU()
      (2): Linear(in_features=500, out_features=2000, bias=True)
      (3): ReLU()
      (4): Linear(in_features=2000, out_features=500, bias=True)
      (5): ReLU()
      (6): Linear(in_features=500, out_features=10, bias=True)
    )
  )
  (decoder): Decoder(
    (fc): Sequential(
      (0): Linear(in_features=10, out_features=500, bias=True)
      (1): ReLU()
      (2): Linear(in_features=500, out_features=2000, bias=True)
      (3): ReLU()
      (4): Linear(in_features=2000, out_features=500, bias=True)
      (5): ReLU()
      (6): Linear(in_features=500, out_features=10564, bias=True)
    )
  )
)
[Time: 29.01.25 13:41:56] [Level: info] [State: aggregate] Broadcasting model...
[Time: 29.01.25 13:41:56] [Level: info] transition: compute
127.0.0.1 - - [29/Jan/2025 13:41:57] "GET /api/status HTTP/1.0" 200 158
[CTRL] GET /data
[Time: 29.01.25 13:41:57] [Level: info] state: compute
[Time: 29.01.25 13:41:57] [Level: info] [State: compute] ITERATION 2
[Time: 29.01.25 13:41:57] [Level: info] [State: compute] receiving weights...
[Time: 29.01.25 13:41:57] [Level: info] [State: compute] Loading global weights for model...
[Time: 29.01.25 13:41:57] [Level: info] [State: compute] Updated model with received weights.
[Time: 29.01.25 13:41:57] [Level: info] [State: compute] Loading data...
[Time: 29.01.25 13:41:57] [Level: info] [State: compute] Preparing model training...
[Time: 29.01.25 13:41:57] [Level: info] [State: compute] Training model...
[Time: 29.01.25 13:42:00] [Level: info] [State: compute] Epoch 10, Loss: 2.7898266315460205
127.0.0.1 - - [29/Jan/2025 13:42:03] "GET /api/data HTTP/1.0" 200 58363374
[Time: 29.01.25 13:42:04] [Level: info] [State: compute] Epoch 20, Loss: 2.1391873359680176
127.0.0.1 - - [29/Jan/2025 13:42:05] "GET /api/status HTTP/1.0" 200 155
127.0.0.1 - - [29/Jan/2025 13:42:07] "GET /api/status HTTP/1.0" 200 155
