2025-01-12 12:08:18,354 CRIT Supervisor is running as root.  Privileges were not dropped because no user is specified in the config file.  If you intend to run as root, you can set user=root in the config file to avoid this message.
2025-01-12 12:08:18,358 INFO supervisord started with pid 7
2025-01-12 12:08:19,360 INFO spawned: 'nginx' with pid 10
2025-01-12 12:08:19,365 INFO spawned: 'app' with pid 11
2025-01-12 12:08:20,502 INFO success: nginx entered RUNNING state, process has stayed up for > than 1 seconds (startsecs)
2025-01-12 12:08:20,502 INFO success: app entered RUNNING state, process has stayed up for > than 1 seconds (startsecs)
Bottle v0.13.2 server starting up (using WSGIRefServer())...
Listening on http://localhost:5000/
Hit Ctrl-C to quit.

[CTRL] POST /setup
[Time: 12.01.25 12:08:32] [Level: info] id: 2a515a407710bb34
[Time: 12.01.25 12:08:32] [Level: info] coordinator: True
[Time: 12.01.25 12:08:32] [Level: info] clients: ['1245e957de2b3c68', '2a515a407710bb34', '6a4ef86890e1e584']
[Time: 12.01.25 12:08:32] [Level: info] state: initial
[Time: 12.01.25 12:08:32] [Level: info] [State: initial] Reading configuration file...
[Time: 12.01.25 12:08:32] [Level: info] [State: initial] Initializing: Setting iteration to 0, setting max_iterations...
[Time: 12.01.25 12:08:32] [Level: info] [State: initial] Done reading configuration file.
127.0.0.1 - - [12/Jan/2025 12:08:32] "POST /api/setup HTTP/1.0" 200 0
[Time: 12.01.25 12:08:32] [Level: info] [State: initial] Max Iterations: 5
[Time: 12.01.25 12:08:32] [Level: info] [State: initial] Reading training data...
127.0.0.1 - - [12/Jan/2025 12:08:32] "GET /api/status HTTP/1.0" 200 155
127.0.0.1 - - [12/Jan/2025 12:08:34] "GET /api/status HTTP/1.0" 200 155
[Time: 12.01.25 12:08:34] [Level: info] [State: initial] Initializing pre-trained model...
[Time: 12.01.25 12:08:34] [Level: info] [State: initial] INITIAL input_dim: $6001
[Time: 12.01.25 12:08:36] [Level: info] [State: initial] Initializing cluster centers...
127.0.0.1 - - [12/Jan/2025 12:08:36] "GET /api/status HTTP/1.0" 200 155
[Time: 12.01.25 12:08:36] [Level: info] [State: initial] Broadcasting initial weights to the clients...
[Time: 12.01.25 12:08:36] [Level: info] transition: compute
[Time: 12.01.25 12:08:37] [Level: info] state: compute
[Time: 12.01.25 12:08:37] [Level: info] [State: compute] ITERATION 1
[Time: 12.01.25 12:08:37] [Level: info] [State: compute] receiving weights...
[Time: 12.01.25 12:08:37] [Level: info] [State: compute] Loading global weights for model...
[Time: 12.01.25 12:08:37] [Level: info] [State: compute] Updated model with received weights.
[Time: 12.01.25 12:08:37] [Level: info] [State: compute] Loading data...
[Time: 12.01.25 12:08:37] [Level: info] [State: compute] Preparing model training...
[Time: 12.01.25 12:08:37] [Level: info] [State: compute] Training model for one epoch...
[Time: 12.01.25 12:08:38] [Level: info] [State: compute] Local training loss: 6.454593181610107
[Time: 12.01.25 12:08:38] [Level: info] [State: compute] Training the decoder...
127.0.0.1 - - [12/Jan/2025 12:08:38] "GET /api/status HTTP/1.0" 200 156
[CTRL] GET /data
127.0.0.1 - - [12/Jan/2025 12:08:38] "GET /api/data HTTP/1.0" 200 34213092
[Time: 12.01.25 12:08:40] [Level: info] [State: compute] Epoch 10, Total Loss: 0.5902156829833984, KL Loss: 7.912516508667977e-08, Recon Loss: 5.902155876159668
[Time: 12.01.25 12:08:42] [Level: info] [State: compute] Epoch 20, Total Loss: 0.5062170028686523, KL Loss: 2.6524066498723187e-08, Recon Loss: 5.062170028686523
[Time: 12.01.25 12:08:43] [Level: info] [State: compute] Epoch 30, Total Loss: 0.44272762537002563, KL Loss: 1.3709068547029801e-08, Recon Loss: 4.427276134490967
127.0.0.1 - - [12/Jan/2025 12:08:45] "GET /api/status HTTP/1.0" 200 155
127.0.0.1 - - [12/Jan/2025 12:08:47] "GET /api/status HTTP/1.0" 200 155
[Time: 12.01.25 12:08:47] [Level: info] [State: compute] Epoch 40, Total Loss: 0.3701602816581726, KL Loss: 5.558133153726885e-08, Recon Loss: 3.7016022205352783
127.0.0.1 - - [12/Jan/2025 12:08:49] "GET /api/status HTTP/1.0" 200 155
127.0.0.1 - - [12/Jan/2025 12:08:51] "GET /api/status HTTP/1.0" 200 155
127.0.0.1 - - [12/Jan/2025 12:08:53] "GET /api/status HTTP/1.0" 200 155
127.0.0.1 - - [12/Jan/2025 12:08:55] "GET /api/status HTTP/1.0" 200 155
[Time: 12.01.25 12:08:56] [Level: info] [State: compute] Epoch 50, Total Loss: 0.3394254744052887, KL Loss: 3.948807858478176e-08, Recon Loss: 3.394254446029663
127.0.0.1 - - [12/Jan/2025 12:08:57] "GET /api/status HTTP/1.0" 200 155
127.0.0.1 - - [12/Jan/2025 12:08:59] "GET /api/status HTTP/1.0" 200 155
127.0.0.1 - - [12/Jan/2025 12:09:01] "GET /api/status HTTP/1.0" 200 155
127.0.0.1 - - [12/Jan/2025 12:09:03] "GET /api/status HTTP/1.0" 200 155
127.0.0.1 - - [12/Jan/2025 12:09:05] "GET /api/status HTTP/1.0" 200 155
127.0.0.1 - - [12/Jan/2025 12:09:07] "GET /api/status HTTP/1.0" 200 155
127.0.0.1 - - [12/Jan/2025 12:09:09] "GET /api/status HTTP/1.0" 200 155
[Time: 12.01.25 12:09:09] [Level: info] [State: compute] Epoch 60, Total Loss: 0.33345142006874084, KL Loss: 1.1816620570925807e-07, Recon Loss: 3.334512948989868
127.0.0.1 - - [12/Jan/2025 12:09:11] "GET /api/status HTTP/1.0" 200 155
127.0.0.1 - - [12/Jan/2025 12:09:13] "GET /api/status HTTP/1.0" 200 155
127.0.0.1 - - [12/Jan/2025 12:09:15] "GET /api/status HTTP/1.0" 200 155
127.0.0.1 - - [12/Jan/2025 12:09:17] "GET /api/status HTTP/1.0" 200 155
127.0.0.1 - - [12/Jan/2025 12:09:19] "GET /api/status HTTP/1.0" 200 155
127.0.0.1 - - [12/Jan/2025 12:09:21] "GET /api/status HTTP/1.0" 200 155
127.0.0.1 - - [12/Jan/2025 12:09:23] "GET /api/status HTTP/1.0" 200 155
127.0.0.1 - - [12/Jan/2025 12:09:25] "GET /api/status HTTP/1.0" 200 155
[Time: 12.01.25 12:09:25] [Level: info] [State: compute] Epoch 70, Total Loss: 0.328256219625473, KL Loss: 1.440942298813752e-07, Recon Loss: 3.2825605869293213
127.0.0.1 - - [12/Jan/2025 12:09:27] "GET /api/status HTTP/1.0" 200 155
127.0.0.1 - - [12/Jan/2025 12:09:29] "GET /api/status HTTP/1.0" 200 155
127.0.0.1 - - [12/Jan/2025 12:09:31] "GET /api/status HTTP/1.0" 200 155
127.0.0.1 - - [12/Jan/2025 12:09:33] "GET /api/status HTTP/1.0" 200 155
127.0.0.1 - - [12/Jan/2025 12:09:35] "GET /api/status HTTP/1.0" 200 155
127.0.0.1 - - [12/Jan/2025 12:09:37] "GET /api/status HTTP/1.0" 200 155
[Time: 12.01.25 12:09:38] [Level: info] [State: compute] Epoch 80, Total Loss: 0.31479471921920776, KL Loss: 2.683699165118014e-07, Recon Loss: 3.147944450378418
127.0.0.1 - - [12/Jan/2025 12:09:39] "GET /api/status HTTP/1.0" 200 155
127.0.0.1 - - [12/Jan/2025 12:09:41] "GET /api/status HTTP/1.0" 200 155
127.0.0.1 - - [12/Jan/2025 12:09:43] "GET /api/status HTTP/1.0" 200 155
127.0.0.1 - - [12/Jan/2025 12:09:45] "GET /api/status HTTP/1.0" 200 155
127.0.0.1 - - [12/Jan/2025 12:09:47] "GET /api/status HTTP/1.0" 200 155
[Time: 12.01.25 12:09:48] [Level: info] [State: compute] Epoch 90, Total Loss: 0.31140270829200745, KL Loss: 3.1739475048198074e-08, Recon Loss: 3.1140267848968506
127.0.0.1 - - [12/Jan/2025 12:09:49] "GET /api/status HTTP/1.0" 200 155
127.0.0.1 - - [12/Jan/2025 12:09:51] "GET /api/status HTTP/1.0" 200 155
127.0.0.1 - - [12/Jan/2025 12:09:53] "GET /api/status HTTP/1.0" 200 155
127.0.0.1 - - [12/Jan/2025 12:09:55] "GET /api/status HTTP/1.0" 200 155
127.0.0.1 - - [12/Jan/2025 12:09:57] "GET /api/status HTTP/1.0" 200 155
127.0.0.1 - - [12/Jan/2025 12:09:59] "GET /api/status HTTP/1.0" 200 155
[Time: 12.01.25 12:09:59] [Level: info] [State: compute] Epoch 100, Total Loss: 0.3085944354534149, KL Loss: 3.993511299427155e-08, Recon Loss: 3.0859439373016357
[Time: 12.01.25 12:09:59] [Level: info] [State: compute] Saving model and decoder...
[Time: 12.01.25 12:09:59] [Level: info] [State: compute] Scoring model...
[Time: 12.01.25 12:09:59] [Level: info] [State: compute] Adjusted Rand Index (ARI): -0.002700001965286985
[Time: 12.01.25 12:09:59] [Level: info] [State: compute] Sent updated weights to coordinator.
[Time: 12.01.25 12:09:59] [Level: info] transition: aggregate
[Time: 12.01.25 12:10:00] [Level: info] state: aggregate
[Time: 12.01.25 12:10:00] [Level: info] [State: aggregate] Waitig for local models...
127.0.0.1 - - [12/Jan/2025 12:10:01] "GET /api/status HTTP/1.0" 200 157
127.0.0.1 - - [12/Jan/2025 12:10:03] "GET /api/status HTTP/1.0" 200 157
127.0.0.1 - - [12/Jan/2025 12:10:05] "GET /api/status HTTP/1.0" 200 157
127.0.0.1 - - [12/Jan/2025 12:10:07] "GET /api/status HTTP/1.0" 200 157
127.0.0.1 - - [12/Jan/2025 12:10:09] "GET /api/status HTTP/1.0" 200 157
127.0.0.1 - - [12/Jan/2025 12:10:11] "GET /api/status HTTP/1.0" 200 157
127.0.0.1 - - [12/Jan/2025 12:10:13] "GET /api/status HTTP/1.0" 200 157
[CTRL] POST /data
127.0.0.1 - - [12/Jan/2025 12:10:14] "POST /api/data?client=6a4ef86890e1e584&memo=GATHERROUND1 HTTP/1.0" 200 0
127.0.0.1 - - [12/Jan/2025 12:10:15] "GET /api/status HTTP/1.0" 200 157
[CTRL] POST /data
127.0.0.1 - - [12/Jan/2025 12:10:15] "POST /api/data?client=1245e957de2b3c68&memo=GATHERROUND1 HTTP/1.0" 200 0
[Time: 12.01.25 12:10:16] [Level: info] [State: aggregate] {'encoder.0.weight': array([[-0.01313918,  0.00944283,  0.00659143, ..., -0.00403917,
         0.00539496, -0.00695306],
       [-0.00143987, -0.01134277, -0.0069467 , ...,  0.00202792,
        -0.01322237, -0.00316796],
       [ 0.0350844 , -0.01934673,  0.00413678, ..., -0.01287016,
        -0.0031941 ,  0.0052357 ],
       ...,
       [-0.00504182,  0.00519623,  0.01467685, ...,  0.01255228,
        -0.00702542, -0.00092536],
       [ 0.00806253,  0.00206475, -0.00165473, ...,  0.00213536,
        -0.0088296 , -0.00077623],
       [-0.0125682 , -0.00688358, -0.00818326, ..., -0.00391322,
         0.00330171,  0.00142269]], dtype=float32), 'encoder.0.bias': array([-0.0044173 , -0.00353172,  0.00695238, -0.00702735, -0.01695271,
        0.00585197, -0.00396298, -0.01015078, -0.01086936,  0.00628413,
       -0.0059449 , -0.01423276,  0.00105863, -0.00952306, -0.00321048,
        0.00011927, -0.01626656, -0.00522584, -0.01333038, -0.01095968,
       -0.01240104,  0.00558793, -0.01281862,  0.00564429,  0.00110877,
        0.00720362,  0.00646662,  0.01100014,  0.00378761, -0.00990946,
       -0.01024033,  0.00519762, -0.0061548 , -0.01348308, -0.00359863,
        0.01118674, -0.00364896, -0.00152526, -0.00463291, -0.00084999,
        0.00680126, -0.00716073, -0.00071683,  0.01026327, -0.00431694,
       -0.01318388, -0.0057181 , -0.00569305,  0.00932564, -0.0146112 ,
       -0.00811355, -0.0064951 ,  0.00212948, -0.01151967,  0.00493638,
       -0.00239382,  0.00151221, -0.00556337, -0.01055777, -0.01304942,
        0.00281174,  0.00443504, -0.0125711 ,  0.01186987, -0.00335023,
        0.01072218, -0.0105658 , -0.01574881, -0.01513267,  0.00495059,
        0.01020467, -0.01144552, -0.00427481, -0.01068838, -0.01021734,
       -0.0003284 , -0.01189453,  0.00824895, -0.01294447,  0.00213067,
        0.00721119,  0.00821957, -0.01088286,  0.00743516, -0.00733768,
       -0.00329927, -0.0088069 ,  0.00355627,  0.00379165, -0.00914605,
       -0.00608518,  0.00305457,  0.0108551 , -0.01012625, -0.0074905 ,
        0.00584448, -0.00513433, -0.01283343,  0.00254448, -0.00995652,
        0.00600785, -0.01310353, -0.01014419, -0.0018962 , -0.0066542 ,
       -0.00262943,  0.0010523 ,  0.0073576 ,  0.00216553,  0.01073309,
       -0.00919111, -0.00158683, -0.00510659, -0.00495801, -0.00730311,
        0.00875294, -0.00770226, -0.00296361, -0.01005199,  0.0065246 ,
       -0.00029132, -0.01567599, -0.01275543, -0.00134581, -0.00166129,
       -0.00584015, -0.00518122, -0.00309179, -0.00910017,  0.00899344,
        0.00905927, -0.01175311, -0.00413981,  0.0104064 ,  0.0059349 ,
        0.00166132, -0.00451865, -0.00120209,  0.0013831 , -0.00639944,
        0.00705682, -0.01478778, -0.00369584, -0.00256169, -0.00101592,
        0.01083515,  0.00071761, -0.00184533, -0.00030539, -0.0120119 ,
       -0.00110351,  0.00844337, -0.00548107, -0.00339092, -0.00528529,
       -0.00487867,  0.00979475,  0.00603683, -0.00492986, -0.01711688,
       -0.00690832, -0.00105961, -0.00504691,  0.0082457 , -0.00767742,
       -0.01452721,  0.00714829,  0.0114859 ,  0.0085628 , -0.00351079,
       -0.01480998, -0.00920571,  0.00377983, -0.00866584,  0.00954343,
        0.00364101,  0.00512974, -0.01333559, -0.01258497,  0.01179924,
       -0.00979515, -0.00753668, -0.01369192,  0.00534535,  0.00530444,
       -0.01211344,  0.00383577, -0.01033319, -0.01278117,  0.00620601,
       -0.01012804, -0.0046101 , -0.00904252, -0.01357792,  0.00819396,
        0.01105208, -0.00272013, -0.00298428, -0.00436587, -0.00681723,
       -0.01505127,  0.00200176, -0.00914887,  0.00520884, -0.00095423,
        0.00779973, -0.01416498,  0.00723902, -0.00246075,  0.00384536,
       -0.00615163, -0.00920405, -0.01196023,  0.00479116, -0.00970184,
        0.00099694,  0.0026234 , -0.00071013, -0.01082137,  0.01145753,
       -0.00952004, -0.00242209,  0.00675589,  0.00187662, -0.01069331,
       -0.01774897, -0.01762315,  0.00936748, -0.00257153, -0.01202726,
       -0.00110239,  0.00634537, -0.00656498,  0.00070958,  0.00149644,
        0.00300967, -0.01276569, -0.00774651,  0.00267932, -0.00069183,
        0.01487634,  0.00706348, -0.0079084 , -0.00129614,  0.0022979 ,
       -0.00174949,  0.00143237, -0.00240794, -0.01198651, -0.00879504,
        0.00461772, -0.01443099, -0.00672197, -0.00433032, -0.00049518,
        0.00355184, -0.00584743,  0.00740888, -0.00979956,  0.00486265,
        0.00960236, -0.00782144,  0.00280081, -0.01186854, -0.01039756,
        0.0089237 , -0.00261489, -0.01022038,  0.0022982 , -0.00184499,
        0.00747716, -0.00727248,  0.00315213, -0.01822304, -0.01029338,
        0.00079723,  0.00201891, -0.00033856, -0.00778174,  0.00612033,
       -0.01256705, -0.00034654, -0.00912334, -0.00746454,  0.00460648,
       -0.00647694, -0.00084929, -0.00913013, -0.00428348, -0.01019412,
       -0.00232501,  0.0015528 , -0.01034031, -0.00746374,  0.00607965,
       -0.01546083, -0.01613513, -0.00777721, -0.01549189,  0.01020639,
       -0.00705913,  0.0058896 , -0.00124309, -0.0079395 , -0.00973451,
        0.000243  , -0.01364707, -0.00643958, -0.01295229,  0.00162414,
        0.00876794,  0.00248089,  0.00386974, -0.01581953,  0.00790349,
        0.00509059,  0.00079931, -0.00855613, -0.01201744, -0.01245465,
       -0.01210373, -0.00065061, -0.00790455, -0.01380122, -0.00289199,
       -0.01529777, -0.00805083, -0.01380857,  0.00049063, -0.00165075,
       -0.0131357 , -0.01770711, -0.01548254, -0.0136759 , -0.00284315,
       -0.01078937, -0.00331674, -0.00436564,  0.00647739,  0.00384583,
       -0.0154272 , -0.01240224, -0.00935035, -0.00784443,  0.00257705,
        0.00588887, -0.00502277, -0.00694198,  0.00806934, -0.00934093,
       -0.01465437, -0.00105389, -0.01180628,  0.00947495,  0.005344  ,
       -0.00880873, -0.00161837,  0.00686121, -0.01209095,  0.00505677,
        0.00595967, -0.01017017, -0.00591569, -0.00066765, -0.01251652,
        0.00820601, -0.00982295, -0.00565148, -0.01013843, -0.0005656 ,
       -0.00757214, -0.00823275, -0.00644546,  0.00725509, -0.00670522,
        0.01062477, -0.01062301,  0.00135681, -0.01355102,  0.0028906 ,
       -0.00123434,  0.00364133, -0.00191303,  0.00878109, -0.00329001,
        0.00821853, -0.0125303 ,  0.00583859, -0.00100652, -0.01516336,
       -0.00865601, -0.01186191,  0.00356   , -0.01277119, -0.01745265,
       -0.00450581,  0.00816516,  0.00122085,  0.00498286, -0.01388967,
       -0.00416128,  0.00574693,  0.00177355,  0.00276678, -0.00755598,
       -0.01209635, -0.00872843,  0.00393659,  0.00135244,  0.00219409,
        0.00874665, -0.00851672, -0.0115358 , -0.01101302, -0.00058515,
       -0.00059638, -0.01390924, -0.00136131, -0.00979936, -0.01073898,
        0.00476883, -0.00437278,  0.0058766 , -0.00464363, -0.01343127,
       -0.01413336, -0.00886295, -0.00450022, -0.01139427,  0.00779422,
       -0.01574951, -0.00785482, -0.01066701, -0.01162114, -0.00985638,
       -0.01058251, -0.00626172, -0.01097894, -0.00145879, -0.00206251,
        0.00901113, -0.00266887,  0.00062231, -0.00807882,  0.00343937,
       -0.01487894,  0.00672605, -0.00224314, -0.01575697, -0.01530573,
        0.00693312, -0.01411327,  0.00089404,  0.00191562, -0.00275622,
        0.00372044, -0.00296181, -0.01273951,  0.00319377,  0.00405717,
        0.00102649,  0.00806443,  0.0153403 , -0.0111929 , -0.00828195,
       -0.01520348,  0.0047812 , -0.00565397, -0.00287583, -0.01047067,
       -0.01474765,  0.0013866 ,  0.00694705,  0.00494153,  0.00691336,
        0.01108794, -0.00019211, -0.01449242, -0.00785113,  0.00317047,
        0.00787173, -0.00840598,  0.01170106, -0.00243349,  0.00251025,
        0.00659501, -0.00850088,  0.0066792 ,  0.00810085, -0.01389667,
       -0.01391758,  0.00663254,  0.00623396, -0.00264218, -0.01230325,
        0.0032957 , -0.01600907, -0.00766923, -0.00752347, -0.00726788],
      dtype=float32), 'encoder.2.weight': array([[ 0.02820898,  0.01384478, -0.04572473, ...,  0.03461784,
        -0.0024552 , -0.00092698],
       [ 0.03434921,  0.02520457, -0.03077488, ..., -0.04577141,
        -0.02954723, -0.01352279],
       [-0.04089059, -0.00483986, -0.00411605, ...,  0.0084997 ,
         0.03818894,  0.04035103],
       ...,
       [-0.03890564, -0.00724187, -0.03135462, ...,  0.02476632,
         0.00252064,  0.02505451],
       [-0.01816197,  0.00508269,  0.03536364, ..., -0.02452925,
         0.00967448, -0.01731789],
       [ 0.02008043, -0.04465467, -0.00079728, ..., -0.03571864,
         0.01802254,  0.01516873]], dtype=float32), 'encoder.2.bias': array([-1.25512891e-02, -9.25729331e-03,  8.21796525e-03, -2.56161001e-02,
       -2.54236907e-02, -2.74211410e-02,  9.51794616e-04, -3.38619500e-02,
       -3.00844163e-02,  3.91226858e-02, -2.30626930e-02, -2.97542624e-02,
        1.78188309e-02,  1.72279049e-02, -4.97223809e-03, -3.12299207e-02,
        3.78000923e-02, -8.02292395e-03,  2.26514358e-02, -7.53086060e-03,
       -3.29833827e-03, -2.16154642e-02,  7.79897999e-03, -3.34158689e-02,
       -1.44595690e-02,  1.08062495e-02,  3.02083250e-02,  2.65072379e-02,
        2.60291137e-02,  1.71637312e-02, -8.48807115e-03,  4.53964360e-02,
        1.25357779e-02, -2.09365971e-02,  8.36703461e-03, -3.24318036e-02,
        6.71882741e-03,  1.19370129e-02, -1.13591729e-02,  2.63569262e-02,
       -4.34222352e-03,  5.48280440e-02,  2.53828689e-02,  2.12640204e-02,
       -3.58087979e-02,  1.56542081e-02, -3.05301975e-02, -5.70133049e-03,
        7.98094925e-03,  1.45980238e-03,  2.21382361e-03,  3.70027237e-02,
        4.14899923e-03,  1.71496700e-02, -3.90882194e-02,  3.37078273e-02,
        3.52150239e-02,  2.97652408e-02, -3.96619318e-03, -2.85936939e-03,
        3.59392986e-02,  1.83879025e-02, -3.46056297e-02, -1.10472050e-02,
        1.07408743e-02, -2.29140390e-02, -6.99220598e-03,  2.58592740e-02,
       -2.20687371e-02, -3.03009860e-02, -1.48717326e-03,  3.82855162e-02,
       -8.40502977e-03,  2.40207631e-02, -2.33746786e-02, -3.47122513e-02,
       -1.18216025e-02,  1.11437272e-02,  2.04099491e-02, -3.69942971e-02,
        1.40383479e-03, -1.26989484e-02,  9.25618783e-03, -3.07798292e-03,
       -8.32587667e-03,  3.30233723e-02, -2.29819082e-02, -1.88491661e-02,
       -2.67076548e-02,  2.24071462e-02,  2.48328447e-02,  3.51180602e-03,
       -3.30265127e-02, -5.74987149e-03,  2.81611178e-02, -1.87592749e-02,
        1.30520249e-02,  1.02681220e-02,  3.87266390e-02, -2.35759728e-02,
        1.25952968e-02,  3.22934389e-02, -3.87508199e-02, -1.82187371e-02,
       -4.45257910e-02, -3.88586288e-03,  1.61926895e-02,  4.46081273e-02,
        2.75673997e-02, -1.56172914e-02,  8.13041255e-03, -4.54315655e-02,
       -3.29690017e-02, -3.85511816e-02,  2.61834003e-02,  3.67889218e-02,
       -2.70337127e-02,  1.76759027e-02,  2.93998327e-03, -6.80778967e-03,
        8.80182255e-03, -2.32194029e-02,  2.74999421e-02,  3.10258511e-02,
       -4.21017967e-02, -4.56805788e-02, -4.00715172e-02, -2.50476189e-02,
       -4.54527978e-03,  1.04606189e-02,  3.80767067e-03, -4.42099497e-02,
        3.23228575e-02,  2.21214928e-02,  1.80668067e-02,  1.80048146e-03,
       -4.90781502e-04, -2.70611513e-02, -2.35621165e-02,  9.00219101e-03,
        9.45969019e-03,  4.27094139e-02,  9.80861112e-03,  2.55068322e-03,
       -1.89669710e-02,  2.28829291e-02,  6.86896034e-03, -1.45179057e-03,
        3.98046747e-02,  1.85301006e-02,  2.71913838e-02,  2.70328745e-02,
       -7.10145896e-03, -4.42410149e-02, -3.98593061e-02, -3.44425859e-03,
        1.40559776e-02, -1.99306142e-02,  4.75855023e-02, -8.01496115e-03,
        2.24419101e-03, -1.79948527e-02,  2.81140581e-02,  2.05518696e-02,
        2.87468508e-02,  7.43134692e-03, -3.15880254e-02, -1.09327631e-02,
       -2.62134876e-02,  3.87288700e-03,  3.83900292e-02, -1.32347168e-02,
       -2.16341689e-02, -2.02838331e-02, -1.36390515e-02,  1.37195289e-02,
       -2.25651115e-02, -1.24941189e-02, -1.01011684e-02, -1.20593878e-02,
        2.16660872e-02,  2.26210114e-02, -2.16194391e-02,  3.10035087e-02,
        1.93074578e-03, -6.17618440e-03, -2.29422096e-02,  2.19474602e-02,
       -3.57243628e-03, -1.51595874e-02,  1.54594947e-02, -2.23698579e-02,
        2.07434427e-02, -4.16729264e-02, -2.23598741e-02,  4.16072495e-02,
       -1.04275839e-02,  1.58742443e-02, -1.17447451e-02, -4.14159298e-02,
        1.15320729e-02, -4.05506492e-02, -3.03048138e-02,  3.84463929e-02,
        1.38282720e-02, -4.79427725e-02, -7.62675796e-03,  1.01908496e-04,
       -1.99554469e-02,  1.27802100e-02,  1.93498693e-02,  1.73419304e-02,
        4.41943631e-02,  1.36549561e-03,  8.57103150e-04, -3.21372822e-02,
       -3.62091362e-02, -2.15850733e-02,  2.85471845e-02,  2.40502972e-03,
       -1.31211411e-02,  3.73507221e-03, -3.23794521e-02, -4.72823456e-02,
       -1.81641486e-02, -5.02641089e-02,  2.68170126e-02,  3.51433679e-02,
        2.97574140e-02, -6.69538695e-03, -1.14064757e-02,  2.04717759e-02,
       -1.52311465e-02, -3.76821570e-02, -1.65977096e-03,  1.45115806e-02,
        3.72791174e-03,  1.11353584e-03, -1.21124582e-02,  3.40957083e-02,
       -4.46892343e-02, -4.77392459e-03, -4.72888164e-02, -4.29005772e-02,
        7.64827803e-03,  3.29075567e-02,  1.30681051e-02, -1.57744368e-03,
       -4.68202261e-03, -1.07818721e-02,  3.47355865e-02, -1.59835555e-02,
       -3.03227380e-02,  5.54961116e-05, -4.63993549e-02,  2.21167468e-02,
        5.99892484e-03,  1.57356949e-03,  1.27348257e-02, -3.20796147e-02,
        2.79465821e-02, -2.87423190e-02,  9.28401202e-03,  1.73871014e-02,
        3.27299759e-02, -6.74711715e-04,  2.83004828e-02, -2.34559439e-02,
       -2.01106053e-02, -3.85546964e-03,  3.27736326e-02,  1.99980084e-02,
        1.04397126e-02, -3.26680951e-02, -1.27801774e-02,  2.59112939e-02,
       -4.00181450e-02, -1.03868898e-02,  2.47948933e-02,  2.17168126e-02,
        4.45040762e-02,  2.16793697e-02, -2.48833764e-02, -2.74573863e-02,
       -3.05585610e-03,  1.17325159e-02,  2.94686891e-02, -2.08977424e-02,
       -9.49991494e-03,  2.88106664e-03, -4.95044030e-02, -8.17085803e-03,
        4.00060304e-02, -6.48096902e-03, -2.20506471e-02,  2.39406582e-02,
        5.67231961e-02, -5.72348665e-03,  2.76635159e-02, -9.26527195e-03,
        5.19478135e-03,  1.47800576e-02,  2.05154307e-02, -1.11235362e-02,
        2.27413997e-02, -3.76177020e-02, -1.61189400e-02,  1.48160779e-03,
       -1.04021197e-02,  1.01310173e-02, -7.99385551e-03, -2.07602046e-02,
       -1.54350167e-02, -4.56996076e-02,  2.90813968e-02, -3.10316887e-02,
        3.97774689e-02, -1.10275317e-02,  3.88096161e-02, -2.21592542e-02,
       -1.99307129e-02,  3.92124988e-02,  1.25627015e-02,  2.22851196e-03,
        2.16575922e-03, -4.70060892e-02,  1.93767175e-02, -4.01222855e-02,
       -2.67952122e-02,  8.33761878e-03,  1.07123575e-03,  7.69711807e-02,
       -8.94772075e-03, -3.46402973e-02, -9.25589446e-03, -3.87775246e-03,
        4.38209623e-02,  5.27876779e-04,  9.53190401e-03,  1.11601092e-02,
        2.45813988e-02, -1.18199233e-02, -3.34203877e-02, -4.10111845e-02,
       -4.11372744e-02,  1.97085291e-02, -4.10108417e-02,  6.71053212e-03,
        2.43919641e-02, -3.14495601e-02,  4.69102385e-03, -3.04692443e-02,
        3.18181068e-02,  4.05698754e-02, -9.15835518e-03, -2.44983733e-02,
        3.95979397e-02, -4.50313985e-02, -4.11947966e-02,  2.34223157e-02,
        5.16860792e-03, -1.01353414e-02,  6.36773836e-03, -1.88314766e-02,
       -7.54755083e-03, -2.47415863e-02, -2.03006174e-02,  4.07799222e-02,
       -8.63644015e-03,  1.19521571e-02, -2.68437006e-02,  3.94906551e-02,
        4.94026532e-03, -4.96273162e-03,  3.41499671e-02, -2.43163705e-02,
       -4.73427884e-02,  4.02983949e-02,  3.64385769e-02,  2.13288367e-02,
       -4.52143848e-02, -2.07349062e-02,  4.19588946e-02,  1.86327640e-02,
        5.92027977e-03,  2.88313851e-02,  3.06806806e-02,  1.03005748e-02,
        4.35413755e-02, -3.52764986e-02,  1.66590922e-02,  2.72300225e-02,
       -1.67577136e-02,  1.82655565e-02, -1.94689296e-02, -1.57551225e-02,
       -3.35653685e-02,  1.60238203e-02,  1.70758031e-02, -9.64168552e-03,
        4.49780859e-02,  3.66225690e-02,  1.18152343e-03,  6.46545039e-03,
        2.76978724e-02, -2.20581368e-02,  3.19887139e-02, -3.49616371e-02,
        7.17507303e-03, -4.46060039e-02,  3.51306498e-02,  2.93447152e-02,
        2.33671628e-02,  7.08327279e-04,  2.75659971e-02, -9.12941340e-03,
        2.20733555e-03, -3.58059891e-02, -6.63786987e-03, -1.64886527e-02,
       -2.44063493e-02,  2.24450212e-02,  2.44239997e-02,  3.76732694e-03,
        3.39728408e-02, -1.45082884e-02,  2.90946085e-02,  2.74303593e-02,
        3.58118340e-02,  8.15452635e-03,  3.84638086e-02,  1.09245228e-02,
       -2.95150485e-02, -3.59874666e-02, -4.02099453e-02,  3.24157812e-02,
       -1.73753798e-02, -4.37694676e-02, -7.60533148e-03,  1.10134119e-02,
       -6.26741201e-02, -1.41438991e-02, -3.37884948e-03, -4.23577577e-02,
        2.82648066e-03,  5.86525956e-03, -1.32673010e-02, -1.86092518e-02,
       -3.34184803e-02, -4.57422361e-02, -3.78687158e-02, -7.22633861e-03,
       -5.04249744e-02, -1.30955949e-02, -2.91430764e-02, -6.25862880e-03,
       -3.93033251e-02, -4.60983105e-02,  2.97654048e-02, -4.12830152e-02,
        1.64475460e-02, -1.84978433e-02,  3.01087573e-02,  2.87550371e-02,
        1.40357586e-02, -3.34471255e-03, -1.02498885e-02, -4.13471870e-02,
       -3.06839179e-02,  3.81462425e-02,  2.31563356e-02, -2.12463606e-02,
        2.18294952e-02, -2.38857116e-03,  6.46027178e-02,  1.20736263e-03,
        1.91544127e-02,  2.16839314e-02, -9.51612275e-03, -9.56100505e-03,
        9.87385772e-03, -2.56112441e-02, -2.98583321e-02,  2.86060125e-02,
       -2.11030096e-02,  1.15918443e-02, -2.60931067e-02, -3.88957970e-02,
       -2.15921309e-02,  3.28844972e-02, -4.10361029e-02,  3.17865908e-02,
        1.23021705e-02,  2.61870343e-02,  6.63753180e-03,  1.46180745e-02,
       -5.54968277e-03, -2.51603648e-02, -4.01119562e-03, -1.43409893e-02],
      dtype=float32), 'encoder.4.weight': array([[-0.04938768, -0.04437354, -0.03853008, ..., -0.02999122,
         0.01780337,  0.00330195],
       [ 0.03127196, -0.01091948, -0.01577717, ..., -0.00075085,
        -0.00853726, -0.02639272],
       [-0.0076898 ,  0.01743373,  0.0361913 , ...,  0.01875309,
        -0.00822994, -0.02767623],
       ...,
       [-0.00044858, -0.0087816 ,  0.00384312, ..., -0.03440411,
         0.01788949,  0.03778565],
       [ 0.02971536, -0.03722467, -0.04300048, ...,  0.01353712,
         0.01179656, -0.00571005],
       [-0.04518012, -0.03226853, -0.00408131, ..., -0.04109612,
        -0.00882166,  0.00899435]], dtype=float32), 'encoder.4.bias': array([-0.00666698,  0.02976614, -0.0250406 , ...,  0.00764553,
       -0.05266082,  0.03120143], dtype=float32), 'encoder.6.weight': array([[-0.0039586 , -0.01533776, -0.00484393, ...,  0.00547892,
        -0.0062229 ,  0.019083  ],
       [ 0.00036497, -0.01003848, -0.01303371, ..., -0.00093624,
         0.02916848, -0.00647859],
       [-0.006021  ,  0.01599869, -0.00264568, ...,  0.00711216,
        -0.01263512,  0.00259796],
       ...,
       [ 0.00535315,  0.02288422, -0.01071035, ..., -0.01580903,
         0.00800392,  0.00119106],
       [-0.01934389, -0.0029825 ,  0.00192123, ..., -0.01294783,
         0.00603806, -0.02343769],
       [ 0.02366752, -0.01560063, -0.01741037, ..., -0.00960545,
         0.00592935,  0.01216593]], dtype=float32), 'encoder.6.bias': array([ 0.01195371,  0.02214985,  0.01260186,  0.01746099,  0.0047758 ,
       -0.01386922,  0.0127913 , -0.00571562, -0.00211434, -0.01121344],
      dtype=float32), 'decoder.0.weight': array([[ 0.22858797,  0.1057104 ,  0.20498991, ...,  0.18185917,
        -0.27529162,  0.08803706],
       [ 0.04787292,  0.29824618,  0.2454253 , ...,  0.00708079,
        -0.12618862, -0.16871437],
       [-0.11029851, -0.01075301,  0.18133932, ..., -0.20247976,
        -0.01311398,  0.11094773],
       ...,
       [ 0.21032043,  0.16079472, -0.13645312, ..., -0.02354227,
        -0.17872234,  0.13079631],
       [-0.18766107, -0.10763839,  0.03898974, ...,  0.20990914,
         0.0429005 ,  0.15768947],
       [-0.08359411,  0.18141519, -0.12495157, ..., -0.04619649,
         0.10881699, -0.197966  ]], dtype=float32), 'decoder.0.bias': array([ 0.06913245,  0.24095485, -0.25074276, ..., -0.14452024,
        0.12934184,  0.13917078], dtype=float32), 'decoder.2.weight': array([[-0.0213626 , -0.01029866, -0.02051528, ...,  0.01718938,
         0.0136258 ,  0.01680507],
       [-0.02086681, -0.01943562,  0.02133809, ...,  0.01681468,
         0.00087428,  0.00949445],
       [ 0.0215211 ,  0.02454878,  0.00096012, ..., -0.01162717,
         0.00441819,  0.01855727],
       ...,
       [-0.01499065,  0.0202254 ,  0.01054579, ..., -0.00221187,
         0.01638693, -0.0107039 ],
       [-0.01679992,  0.01691187,  0.00377574, ...,  0.01388237,
        -0.00057136, -0.01684552],
       [ 0.01445578, -0.01672723, -0.00235731, ..., -0.00683782,
        -0.0207222 ,  0.01726349]], dtype=float32), 'decoder.2.bias': array([ 9.66708921e-03, -2.91965250e-03,  5.13755390e-03, -2.61470843e-02,
        2.24897973e-02,  1.93123426e-02, -3.66971502e-03, -1.84170324e-02,
       -7.37448130e-03, -2.18345411e-03, -8.46470520e-03, -5.39840898e-03,
        6.87441835e-03,  5.52312890e-03,  8.76977341e-04, -4.23970260e-03,
        4.72368160e-03, -9.26826242e-03, -1.00302845e-02, -2.37815399e-02,
       -1.85117517e-02, -1.62269510e-02, -7.31013669e-03, -8.62012897e-03,
       -5.30704297e-03,  8.55830126e-03,  1.92799680e-02, -2.21499167e-02,
       -1.25027038e-02, -2.78597269e-02,  2.59864330e-03, -2.14134604e-02,
       -1.10529214e-02, -2.36308221e-02, -2.45801415e-02, -1.70930121e-02,
        2.17352882e-02, -2.33658999e-02, -2.62343790e-02, -6.82673883e-03,
       -8.08266399e-04,  1.32921571e-02,  6.36023702e-03, -1.90155245e-02,
        2.88806879e-03, -2.70069912e-02, -1.34194619e-03,  5.83096454e-03,
        4.25845588e-04, -2.38019368e-03,  1.19612738e-02, -2.41429023e-02,
        2.59563029e-02,  2.05336232e-02,  4.66550235e-03,  8.82658269e-03,
       -1.50258373e-02, -1.85834225e-02,  2.62113591e-03, -1.19334050e-02,
       -2.71583553e-02,  4.64072870e-03, -2.42271600e-03,  8.68171360e-03,
        2.46105483e-03, -5.28638775e-04, -1.96189806e-02, -4.65027522e-03,
        1.74724087e-02,  1.70151200e-02, -2.35345699e-02, -3.55792092e-03,
       -4.80376976e-03, -8.07767175e-03,  8.08380544e-03, -1.63557641e-02,
        6.57892926e-03,  1.61081944e-02,  1.78773738e-02, -1.83902904e-02,
       -6.57795370e-03,  1.19163459e-02,  1.87060963e-02, -8.36573821e-03,
        2.32664440e-02,  1.99859086e-02, -7.71316234e-03, -1.58263333e-02,
        7.71806156e-03, -4.76588123e-03,  3.21714790e-03, -1.71293058e-02,
       -1.16092991e-02,  2.65550967e-02,  8.43311753e-03,  1.30562615e-02,
        1.48977228e-02,  1.21733574e-02, -1.27899991e-02,  1.96972163e-03,
       -6.66147377e-03,  1.43591724e-02,  8.90923478e-03, -5.88525739e-03,
       -4.68946109e-03,  8.71415529e-03,  1.15900598e-02,  7.97000527e-03,
        2.12126318e-02,  1.62003133e-02,  1.56097254e-02, -1.46283619e-02,
        8.30112584e-03,  6.26904285e-03, -1.16656888e-02, -3.20444535e-03,
       -1.14518581e-02,  1.29878819e-02,  9.09531489e-03, -1.43225426e-02,
       -1.08407252e-02, -2.36987323e-02, -1.56994928e-02,  8.59571155e-03,
       -5.73692191e-03, -6.10440597e-03,  1.32085998e-02, -1.85717945e-03,
       -1.10466825e-03,  2.10352661e-03,  9.25239921e-03, -7.85073079e-03,
       -5.35647059e-03, -2.10425798e-02,  1.25572542e-02, -1.92911476e-02,
        3.63881746e-03, -1.20606311e-02, -8.01490247e-03,  7.86967296e-03,
        7.20698969e-04, -1.99941415e-02,  2.10465770e-02,  2.18545273e-02,
        2.02459134e-02,  3.66357184e-04, -1.84385572e-02, -2.10847538e-02,
        1.82025577e-03, -1.58692207e-02, -2.99486262e-03,  5.01853973e-03,
        1.37738893e-02,  1.99102014e-02, -9.81791969e-03,  4.99213068e-03,
        6.35300763e-03, -7.63437059e-03,  1.55736487e-02, -2.13395362e-03,
       -1.71860419e-02, -8.03867076e-03,  1.71708707e-02, -1.41608156e-02,
        9.63039976e-03,  5.66094322e-03,  1.00264037e-02,  1.02604376e-02,
       -2.64521432e-03, -1.31604904e-02, -6.79860450e-03,  1.24428340e-03,
        1.42521365e-02, -5.99757535e-03,  8.30077846e-03, -3.94281046e-03,
        1.02169048e-02, -3.21110804e-03,  1.93380993e-02,  1.73725132e-02,
        1.37116406e-02,  1.44255348e-02,  2.67481446e-05,  1.25931296e-02,
       -1.14933047e-02,  5.97659871e-03,  1.16588473e-02, -2.09145946e-03,
        5.57002751e-03,  1.19454246e-02, -1.68239884e-02, -8.16598721e-03,
        1.15799075e-02,  1.25704715e-02,  8.92387889e-03,  7.88655039e-03,
        1.31939575e-02,  1.57522801e-02, -2.80502625e-02,  9.98659898e-03,
       -2.17168755e-03, -2.01393943e-02,  6.53507560e-03,  1.72590446e-02,
        4.25349316e-03,  3.17514315e-02,  1.84966661e-02, -1.17115118e-02,
        4.13644593e-03,  7.36227212e-03, -2.73294579e-02, -1.02561843e-02,
       -1.81437619e-02, -2.05362327e-02,  1.23313153e-02,  7.63961161e-03,
       -1.55206099e-02, -1.69493500e-02, -1.79579072e-02,  1.99151132e-02,
       -1.60474926e-02, -1.41588971e-02,  2.66993549e-02, -2.51396876e-02,
        1.30917027e-03,  1.83955627e-03,  6.51557930e-04, -8.60535726e-03,
        2.07276177e-03,  4.67928918e-03, -7.60365091e-03,  1.47678237e-02,
        4.06431407e-03, -1.38510577e-03, -2.82847360e-02, -1.96585767e-02,
        9.15952120e-03,  2.06743204e-03,  1.89707354e-02, -1.90662593e-02,
       -1.37756020e-02, -2.20782738e-02,  2.62247678e-03, -2.19151173e-02,
        1.65515151e-02, -1.39293587e-02,  1.66508015e-02,  1.44816597e-03,
        1.25984503e-02, -1.39012532e-02, -1.86507385e-02,  1.84374885e-03,
        5.53101127e-04,  1.19488230e-02,  4.60957736e-03, -8.26465804e-03,
        1.83769837e-02,  8.32425617e-03, -7.58801121e-03, -6.09150575e-03,
        1.84927636e-03, -3.77188972e-03,  1.47593161e-03,  3.19986744e-03,
       -3.83083848e-03, -1.44459661e-02, -7.77148735e-03, -2.81178746e-02,
        1.27918031e-02,  1.08301966e-02,  2.15390474e-02, -1.47822322e-02,
        1.70858782e-02, -2.30297111e-02, -1.34295253e-02, -1.40855676e-02,
        1.60755962e-02,  7.87004456e-03, -6.14635833e-03,  1.81261450e-02,
        6.18721778e-03, -2.20567118e-02, -1.83234122e-02,  3.18679661e-02,
        1.76401976e-02, -7.74390483e-03, -1.13338567e-02, -2.19650846e-02,
        1.42487884e-02, -1.27342204e-02,  5.66599751e-03, -4.71211132e-03,
       -1.36670787e-02, -3.59308062e-04,  5.16024884e-03, -1.90081205e-02,
       -7.56262010e-03,  1.41284987e-02,  4.99411300e-03, -2.47873403e-02,
       -1.32381357e-02, -1.90796498e-02, -2.76762415e-02,  1.57404728e-02,
        7.85495527e-03, -2.18274072e-02, -5.59006166e-03, -1.30959069e-02,
       -2.23760717e-02,  1.24587053e-02, -2.64151557e-03, -5.82100311e-03,
       -1.39506012e-02, -2.50307471e-02, -8.68265051e-03,  9.20800399e-03,
        1.99642964e-02,  1.82278361e-02, -2.31627766e-02, -2.21175160e-02,
        2.41820421e-03, -2.13901624e-02, -6.23945799e-03,  1.31645352e-02,
       -1.16400830e-02, -2.85341521e-03, -4.74189082e-03, -8.15716945e-03,
        1.34177022e-02,  1.05740428e-02, -2.84671523e-02, -7.74763245e-03,
       -3.88674904e-03,  4.75642271e-03,  2.14072485e-02,  5.93639817e-03,
       -2.09532809e-02, -1.15645332e-02,  1.01692602e-03, -2.68163742e-03,
        1.69909578e-02,  1.42482203e-02, -9.96189751e-03,  2.04043668e-02,
       -2.42219269e-02, -2.29997151e-02,  2.52541574e-03, -1.60411291e-03,
        1.65255908e-02,  9.07761883e-03, -1.09178235e-03, -1.80865154e-02,
       -1.09287286e-02,  1.52424211e-02,  1.22505408e-02,  1.59098189e-02,
       -1.42770782e-02,  9.70013090e-04,  5.58853569e-03, -8.50889739e-03,
        1.70123912e-02,  1.32003911e-02, -1.09869903e-02, -2.45138770e-03,
        3.14349635e-03,  1.72371715e-02,  1.19511830e-03, -1.69302095e-02,
        1.69161856e-02, -2.26337053e-02, -2.01876406e-02,  6.84622210e-03,
        2.39355173e-02, -5.43508865e-03,  8.69654864e-03,  2.74405275e-02,
        7.18141161e-03,  1.01145431e-02,  5.62189939e-03,  1.68636441e-02,
       -9.70558356e-03, -9.33433883e-03,  5.00812987e-03,  1.26730269e-02,
       -1.60272643e-02, -2.45169308e-02,  7.29487278e-03, -1.44675812e-02,
       -1.57226194e-02,  1.47696864e-02,  1.31862359e-02, -2.12814752e-03,
        4.64603771e-03, -2.51856707e-02, -2.01247483e-02, -2.36343537e-02,
       -2.80768108e-02, -1.65745523e-02, -1.67990476e-02, -1.60312615e-02,
        1.84985232e-02, -1.99654642e-02,  1.87683702e-02,  1.78062599e-02,
       -1.13204410e-02, -6.95268530e-03, -1.14634056e-02,  2.10334528e-02,
       -3.43115139e-03, -1.68537218e-02,  1.95490401e-02,  1.49841839e-03,
       -2.55646855e-02,  1.35179074e-03, -6.49726018e-03, -1.16681093e-02,
        1.09929824e-02,  2.43207943e-02,  6.46303594e-03,  6.57864939e-03,
       -6.93402905e-03,  5.02515770e-03, -1.56840831e-02,  6.10324834e-03,
        9.16620996e-03,  1.17427353e-02,  1.07243820e-03,  2.18445901e-02,
        1.45016620e-02, -5.76975988e-03, -3.02961655e-03,  1.93479061e-02,
       -2.64503919e-02, -3.26345535e-03,  1.01061333e-02,  1.21001443e-02,
       -1.45356462e-03,  9.86018218e-03, -1.83504019e-02, -2.10965448e-03,
        4.73020831e-03,  4.98619745e-04, -4.78752569e-04,  1.55046470e-02,
        7.53893226e-04, -1.57062300e-02,  1.57153215e-02, -9.07799136e-03,
       -4.75521060e-03, -1.78534742e-02,  1.64741706e-02,  2.56314762e-02,
       -1.62440911e-02,  7.68182741e-04,  1.53373303e-02, -2.64235940e-02,
        1.02113765e-02, -1.96677516e-03,  2.68061616e-04,  1.97261907e-02,
       -7.65019213e-04, -2.23627016e-02, -2.03364305e-02,  1.65190620e-04,
       -1.22010550e-02, -2.06832867e-02, -1.40202362e-02,  1.75006930e-02,
        1.28547754e-02,  3.91265703e-03, -2.71861441e-03,  9.21693631e-03,
        1.37908617e-02,  1.01657789e-02,  1.16072093e-04, -2.39406042e-02,
       -2.12413361e-04,  5.35717001e-03,  2.11447980e-02,  9.17988364e-03,
        5.89997973e-03, -1.86711531e-02,  5.07921260e-03,  1.07524311e-03,
        1.74529441e-02,  1.35126347e-02, -2.71371361e-02, -1.55542511e-02,
       -1.20999035e-03,  6.31057017e-04, -7.04692025e-03, -1.42557509e-02,
        8.18469748e-03,  2.02527316e-03,  4.97588795e-03,  1.64100043e-02,
       -1.94372106e-02, -7.38767441e-03,  1.54472217e-02, -7.74212042e-03],
      dtype=float32), 'decoder.4.weight': array([[ 0.0400582 ,  0.02085467, -0.03500688, ...,  0.00686549,
         0.02611219,  0.02402033],
       [-0.01154575,  0.04116761, -0.00966354, ..., -0.01122477,
         0.033868  , -0.00337947],
       [-0.00453049, -0.03485138,  0.00480137, ...,  0.03282599,
        -0.02331756,  0.00238965],
       ...,
       [ 0.02750816, -0.03689849, -0.02734478, ...,  0.00649596,
         0.0386008 , -0.02539199],
       [ 0.02766735, -0.04305199,  0.03942417, ..., -0.028142  ,
         0.00991885,  0.02116478],
       [-0.03546097, -0.01068136, -0.01496491, ...,  0.00172038,
        -0.02273184,  0.0165037 ]], dtype=float32), 'decoder.4.bias': array([-0.02586539,  0.03364347,  0.02328864, -0.03923398,  0.02917089,
       -0.008025  ,  0.00421001,  0.00708684,  0.0032431 , -0.02892023,
       -0.04502174, -0.00542593, -0.01837112,  0.04030769, -0.02493599,
       -0.04550191,  0.01304439, -0.03640205,  0.02302315, -0.0304114 ,
        0.03889647,  0.02282519,  0.01887701, -0.04952618, -0.00742839,
       -0.01946951,  0.02391064,  0.03965576, -0.04514083,  0.03994389,
       -0.03881254,  0.03560622,  0.02176842,  0.0492406 ,  0.01504368,
        0.01271008,  0.02100281,  0.0081903 ,  0.01830997,  0.01034324,
       -0.0177552 ,  0.01960625, -0.02405678,  0.00328762, -0.02913372,
       -0.03461296,  0.02164844, -0.00117797,  0.02197292, -0.00156261,
       -0.0223118 ,  0.00026136,  0.0157755 ,  0.05019677, -0.04619601,
        0.01010355, -0.03073363, -0.01507725, -0.04021007, -0.02355138,
       -0.03099281,  0.02623568,  0.01196857,  0.01204022, -0.02532853,
       -0.02325778, -0.02121742,  0.00978298,  0.04630207,  0.01067291,
       -0.01215967,  0.04963567, -0.02886968, -0.00396668, -0.04918823,
        0.03034473, -0.00814741, -0.00447481, -0.0285951 , -0.00848925,
        0.01664364,  0.04253266, -0.02615281, -0.00899801,  0.01046087,
       -0.02944557, -0.00264626,  0.05204395,  0.05634209, -0.03034193,
        0.02428674,  0.02780766,  0.00625468, -0.01130797, -0.01574241,
        0.03047226,  0.02882151, -0.01275087, -0.03301148,  0.03068474,
       -0.02947856,  0.01994158, -0.01783647, -0.03190755, -0.03090322,
        0.00710931,  0.00823653, -0.03603832, -0.01757574, -0.02099792,
       -0.02735753, -0.0232642 , -0.01132856,  0.0113102 , -0.02380903,
        0.04609923,  0.03348266,  0.02205062,  0.02876436, -0.03053632,
        0.02364149,  0.0224525 , -0.05119553,  0.05671845,  0.00540085,
       -0.03367111, -0.02947686,  0.02651315, -0.02757373,  0.04782658,
        0.00453887, -0.00027807, -0.02525007,  0.00593076, -0.04154859,
        0.01281183,  0.03955812, -0.03932759,  0.04077448, -0.02343944,
        0.01485434, -0.04757334,  0.00661527, -0.02660093,  0.02532226,
        0.02958908, -0.01394151,  0.00690373,  0.04071385,  0.01384882,
        0.02150376, -0.00247389, -0.03553384,  0.00163013, -0.03826844,
        0.04713768, -0.00853694,  0.03833931,  0.03673258, -0.02292518,
       -0.01988494,  0.00617587,  0.00898129, -0.04620754, -0.03305923,
       -0.02315359, -0.01660308, -0.0409489 ,  0.02637983,  0.02658543,
        0.03079929, -0.01359486,  0.04208823,  0.01721116,  0.02289281,
        0.03100113, -0.0439816 ,  0.01918409,  0.00190395,  0.00627054,
       -0.04211038, -0.0457211 , -0.02872504, -0.02548337,  0.03200517,
        0.01348921,  0.03482789, -0.00975308, -0.00344786, -0.03531012,
        0.04069403, -0.00452778, -0.03683807,  0.03164829,  0.03603019,
        0.03233115,  0.00534439, -0.03916983, -0.03646246,  0.02100023,
        0.02803883, -0.01507174,  0.00424318,  0.034895  ,  0.04783018,
        0.03924388,  0.00211483,  0.0130314 , -0.01219327,  0.00720543,
        0.02261224,  0.00175314,  0.04892002,  0.00597687, -0.0268626 ,
        0.00351307,  0.04778299,  0.01881196, -0.03755164,  0.03276603,
        0.0270691 ,  0.02694884,  0.00290649,  0.0232748 , -0.00337822,
        0.00762977, -0.04113334,  0.03716816, -0.02976649, -0.01278741,
        0.00051963,  0.03149225, -0.01706762,  0.02635235, -0.0459108 ,
       -0.02184079,  0.00084673,  0.02530687,  0.00631479, -0.02056512,
       -0.01307443,  0.02222727,  0.00702764,  0.00617794,  0.02107994,
       -0.03532942,  0.01696941,  0.03092439, -0.04368792, -0.01497205,
        0.0136131 ,  0.0233696 , -0.02344885, -0.0433161 ,  0.03796409,
       -0.02176633,  0.02053385, -0.00166755,  0.02310932, -0.02552476,
       -0.04153896, -0.03971686, -0.01991193,  0.01466363, -0.04486203,
       -0.00424931, -0.01621223, -0.02899207,  0.0001608 , -0.01260908,
       -0.01379599, -0.00791939, -0.03753855,  0.01610918,  0.03886719,
       -0.01650955, -0.02465087, -0.01294751,  0.04593501, -0.01759166,
       -0.00795051,  0.00016755,  0.04466427, -0.01072115,  0.03566829,
       -0.03349966,  0.00192191,  0.02531084,  0.00474943,  0.03715795,
        0.00220902,  0.01759741, -0.01655577,  0.02667768, -0.04020536,
        0.04244259,  0.01263534, -0.03866962,  0.00738865, -0.01085631,
       -0.01714805, -0.03981432,  0.0122034 , -0.00580554,  0.00411214,
       -0.04057701, -0.04191831, -0.01186176,  0.00531769,  0.02578017,
       -0.00133679,  0.04689924,  0.01906114, -0.01149   ,  0.03412022,
        0.0007097 ,  0.04037729, -0.01211936, -0.04691672,  0.02676217,
        0.01893036, -0.03364628,  0.0001566 , -0.05136118, -0.00246586,
       -0.0427562 , -0.0154485 ,  0.01116591, -0.0218951 , -0.0054125 ,
        0.01861594,  0.01655003,  0.022212  ,  0.00141395,  0.03051439,
       -0.00383956, -0.02490722, -0.03431304, -0.04237253, -0.03173186,
       -0.02438134, -0.00809858,  0.06135286,  0.02215383,  0.03101544,
       -0.00350492,  0.0192114 , -0.02744962,  0.01740596, -0.00835619,
       -0.02944929, -0.00313328, -0.01091381,  0.02479691, -0.02901102,
       -0.03520182, -0.03497275,  0.00444359,  0.01702676, -0.03366056,
        0.00573645, -0.00034274, -0.03094666, -0.05020228,  0.02050406,
        0.03979684,  0.05313006,  0.01102348, -0.04182882,  0.02274111,
       -0.01213113,  0.00096683,  0.03107744,  0.00787715, -0.00445476,
       -0.01559674,  0.05638365,  0.02397436,  0.00092407,  0.04585184,
       -0.05120094,  0.03230072, -0.03023968, -0.00674404,  0.0249882 ,
        0.04676639, -0.01124204, -0.01515708, -0.02272631,  0.03866837,
       -0.0327873 ,  0.03545623,  0.03449317, -0.02391053, -0.02567253,
       -0.00234365,  0.03939592, -0.03443627,  0.00791667, -0.01726622,
        0.03378302,  0.00910845, -0.03525181, -0.04715233,  0.04010389,
        0.01609757, -0.0329316 , -0.01196535, -0.00133   ,  0.03336766,
       -0.00039164, -0.03683076,  0.02024741, -0.04125905,  0.00785168,
        0.03528188,  0.00144103, -0.02614401,  0.03154173, -0.03833473,
        0.00154923,  0.02088946,  0.03672571, -0.02354183, -0.02012113,
        0.01916956, -0.01807916, -0.05061606, -0.0372159 , -0.00021833,
        0.04568604,  0.01354661, -0.02790499, -0.04006691, -0.02427698,
        0.03618311,  0.01262141, -0.0448134 ,  0.00542893, -0.03575755,
       -0.00645872,  0.00154369,  0.03252475,  0.01471158,  0.03241427,
        0.02931375,  0.03809517, -0.02477255,  0.00907043, -0.02246478,
        0.005845  , -0.03793342, -0.01192772, -0.0117868 ,  0.02010597,
        0.01986999,  0.04013571, -0.01584749,  0.02874745,  0.03600916,
       -0.01743168, -0.02470266, -0.03608675,  0.02178879,  0.01223845,
        0.02561006,  0.04760377, -0.03004063,  0.0362652 , -0.04738009,
        0.03763047, -0.00383601, -0.01379047,  0.01929506, -0.03359172,
        0.01352295, -0.02306709,  0.02840902, -0.00616293,  0.01742465,
       -0.04763957,  0.01976864,  0.00861054, -0.03644528, -0.03182568,
       -0.01238729, -0.02300221,  0.04621992, -0.00637355, -0.04526051,
       -0.04573685, -0.03428227, -0.02452955, -0.01137839, -0.04717739,
       -0.02244954,  0.01472747, -0.0442393 ,  0.05830032,  0.00745547],
      dtype=float32), 'decoder.6.weight': array([[-0.02230795,  0.07854912, -0.00785753, ...,  0.04647598,
        -0.08088334,  0.03988479],
       [-0.01412916, -0.01806008,  0.01495752, ..., -0.03256476,
         0.0156897 ,  0.01702183],
       [-0.03564   ,  0.02977278, -0.04439534, ...,  0.04552022,
         0.01174755, -0.00543609],
       ...,
       [-0.00934697,  0.00685363,  0.03756523, ..., -0.04934052,
        -0.0130199 , -0.02444529],
       [-0.04570943, -0.00513003, -0.03402682, ..., -0.00646878,
         0.03098535, -0.01316819],
       [ 0.0270752 ,  0.03526453, -0.00553279, ..., -0.02494713,
        -0.00449015, -0.02265518]], dtype=float32), 'decoder.6.bias': array([ 0.02080598, -0.00706731, -0.06554817, ..., -0.0542719 ,
        0.01219501, -0.02243707], dtype=float32)}
[Time: 12.01.25 12:10:16] [Level: info] [State: aggregate] {'encoder.0.weight': array([[-0.00737593,  0.00738016,  0.00362246, ..., -0.00835056,
         0.00708343, -0.01064035],
       [-0.00143992, -0.01133954, -0.00694349, ...,  0.00203065,
        -0.01322416, -0.00313956],
       [ 0.0201295 , -0.01745629, -0.00242626, ..., -0.0178302 ,
         0.00420213, -0.01819525],
       ...,
       [-0.00474711,  0.00505343,  0.01474112, ...,  0.01223997,
        -0.00671198, -0.00127138],
       [ 0.00206071, -0.00316053,  0.00330969, ..., -0.00254947,
        -0.01438876, -0.00366845],
       [-0.0125682 , -0.00688358, -0.00818326, ..., -0.00391322,
         0.00330171,  0.00142269]], dtype=float32), 'encoder.0.bias': array([-1.66030508e-03, -3.53737967e-03,  1.03071332e-02, -4.57359105e-03,
       -1.58488452e-02,  6.13429351e-03, -1.57201139e-03, -9.96832456e-03,
       -1.06349699e-02,  6.54971879e-03, -5.13676833e-03, -1.17681110e-02,
        3.57737858e-03, -9.20762680e-03, -3.21163423e-03,  3.16751364e-04,
       -1.76463630e-02, -1.32010446e-03, -1.32597666e-02, -1.49871269e-02,
       -1.69874895e-02,  5.57648251e-03, -6.32980489e-04,  5.65103535e-03,
        1.33297697e-03,  7.37954769e-03,  6.46591373e-03,  1.09979194e-02,
        4.08628955e-03, -9.87911317e-03, -9.86976363e-03,  5.26318327e-03,
       -3.86161450e-03, -9.96183697e-03,  1.96373998e-03,  1.11870095e-02,
       -1.07585744e-03, -1.59531261e-03,  1.19089684e-03, -8.36127845e-04,
        6.79903664e-03,  5.19669987e-03, -5.38139720e-04,  1.02694836e-02,
       -9.17319953e-03, -1.55449137e-02, -5.59589872e-03, -6.71699410e-03,
        9.31580272e-03, -7.29227718e-03, -8.11531674e-03, -9.55694879e-04,
        2.13691080e-03, -1.19209606e-02, -6.13191631e-04, -2.20449152e-03,
        1.51061290e-03, -5.21196378e-03, -1.03229936e-02, -1.30516803e-02,
       -8.39197251e-04,  4.43479232e-03, -1.23138456e-02,  3.51746054e-03,
       -1.11970538e-03,  1.07197426e-02, -1.02530038e-02, -1.57466773e-02,
       -1.71616636e-02,  4.94856341e-03,  1.11653637e-02, -1.11106271e-02,
       -4.27972805e-03, -1.06908912e-02, -1.01426169e-02, -3.31127201e-04,
       -1.18120573e-02,  8.24017078e-03, -1.49354842e-02,  2.12822855e-03,
        1.18156234e-02,  9.19337664e-03, -8.17801896e-03,  5.19481581e-03,
       -9.61370114e-03, -3.09814932e-03, -5.36317378e-03,  4.01985785e-03,
        4.00463771e-03, -8.83726776e-03, -6.08437043e-03,  3.19026830e-03,
        1.08532393e-02, -1.01270806e-02, -6.94224797e-03,  9.25947825e-05,
       -4.15995205e-03, -1.07839108e-02,  2.37441179e-03, -9.09210183e-03,
        6.64846180e-03, -1.43928239e-02, -1.01443334e-02, -1.75623631e-03,
       -8.79272074e-03, -1.37612806e-04,  1.30989798e-03,  7.35415798e-03,
        4.09222255e-03,  1.07329432e-02, -4.73884866e-03, -1.58880267e-03,
       -3.29741533e-03,  2.36854563e-03, -6.98555820e-03,  9.04413126e-03,
       -5.22699812e-03, -7.66380830e-03, -6.45011617e-03,  7.06776278e-03,
        2.32353806e-03, -1.22499932e-02, -1.01706712e-02, -1.05823309e-03,
       -1.67291076e-03, -5.04229777e-03, -5.18381689e-03, -2.83741183e-03,
       -8.99572484e-03,  8.98944866e-03,  9.66190919e-03, -1.16930548e-02,
        2.14139489e-03,  1.04055861e-02,  8.32980871e-03, -5.83312532e-04,
       -4.52243956e-03, -1.20284304e-03,  1.42402505e-03, -6.40629418e-03,
        7.03891227e-03, -1.46127976e-02, -5.67926466e-03, -7.10295420e-03,
        1.24538061e-03,  8.60019121e-03, -1.53460493e-03, -6.29563071e-03,
       -4.93966695e-03, -6.32898370e-03, -5.74850338e-03,  8.76802951e-03,
       -5.48230857e-03,  1.09124358e-03, -5.24182338e-03, -5.47024421e-03,
        9.78991389e-03,  6.36804290e-03, -4.92938329e-03, -1.46635603e-02,
       -4.44847718e-03, -7.59976159e-04, -1.09933876e-02,  5.77715365e-03,
       -7.68009387e-03, -1.42513784e-02,  9.64123849e-03,  5.36363898e-03,
        6.50728820e-03, -5.83348749e-03, -1.46642011e-02, -7.18950154e-03,
       -1.40982377e-03, -1.09893018e-02,  9.54174437e-03,  7.06844963e-03,
        5.41110151e-03, -1.30503168e-02, -1.53585933e-02,  1.17970910e-02,
       -9.48725455e-03, -7.26364646e-03, -1.11824023e-02,  2.76880106e-03,
        5.52257244e-03, -1.02579026e-02,  8.88053887e-03, -7.89579749e-03,
       -1.25465728e-02,  6.31838106e-03, -1.01288725e-02, -4.43809014e-03,
       -9.04738344e-03, -1.59080923e-02,  9.17982683e-03,  1.10530593e-02,
       -2.51346524e-03, -2.24204618e-04, -3.40217142e-03, -4.36123041e-03,
       -9.66874510e-03,  1.99883687e-03, -1.11839501e-02,  7.56434724e-03,
       -6.51001814e-04,  7.98504893e-03, -1.07308738e-02,  1.06358817e-02,
       -2.19853525e-03,  4.91961930e-03, -6.16774755e-03, -9.20981728e-03,
       -1.13657750e-02,  5.01638884e-03, -9.33646969e-03,  1.55629998e-03,
        1.43526029e-02, -5.25135663e-04, -1.07448669e-02, -6.13663404e-04,
       -9.19551216e-03, -2.41912669e-03,  9.17099975e-03,  1.86612806e-03,
       -1.07771792e-02, -1.79979466e-02, -1.67110488e-02,  9.51267220e-03,
        1.90214324e-03, -1.16765620e-02, -1.31504567e-04,  6.47299318e-03,
       -6.29059225e-03,  8.51489895e-04,  1.70367095e-03, -1.51027378e-03,
       -1.73670109e-02, -5.42287249e-03,  2.67709047e-03, -2.94071157e-04,
        6.86823158e-03,  7.06269080e-03, -8.19316227e-03, -1.29747193e-03,
       -2.23090569e-03, -1.69978302e-03,  1.61441986e-03, -7.73135014e-03,
       -1.18521238e-02, -1.35773579e-02,  4.51550167e-03, -1.07744094e-02,
       -6.72904775e-03, -4.43059532e-03, -1.00812863e-03,  3.71173257e-03,
       -5.85208274e-03,  7.68054323e-03, -9.74955875e-03,  5.33726998e-03,
        9.60089918e-03, -7.62857962e-03,  2.76936451e-03, -1.18991807e-02,
       -1.03976587e-02,  8.92053545e-03,  1.53547362e-03, -1.07346177e-02,
        4.78638057e-03, -4.26872307e-03,  5.41431736e-03, -1.01985792e-02,
        3.38771101e-03, -1.31285340e-02, -1.20161436e-02,  1.04532368e-03,
       -2.67451629e-03,  4.17720526e-03, -7.78571703e-03,  6.11580769e-03,
       -1.45901227e-02,  4.58456017e-03, -1.13244113e-02, -1.19918287e-02,
        4.79888543e-03, -6.16904395e-03,  9.98867210e-04, -9.13046859e-03,
       -4.28643590e-03, -9.79659986e-03, -2.21309322e-03, -8.60774890e-04,
       -1.02531472e-02, -3.99602531e-03,  9.41422395e-03, -1.51672978e-02,
       -1.58640388e-02, -7.58716743e-03, -1.35085853e-02,  1.02022290e-02,
       -1.09373704e-02,  6.04169955e-03, -1.00459543e-03, -2.44253944e-03,
       -1.43171279e-02,  6.03849883e-04, -1.58306770e-02, -8.44770391e-03,
       -1.02703739e-02, -4.96068795e-04,  9.07612126e-03,  4.96135280e-03,
       -1.72850804e-03, -9.87403654e-03,  8.16786196e-03,  5.35730366e-03,
        1.10579387e-03, -7.60200899e-03, -1.20143117e-02, -1.25170359e-02,
       -9.83826350e-03, -4.15701536e-04, -9.08218604e-03, -1.35911359e-02,
       -2.70980783e-03, -1.50769977e-02, -7.74679612e-03, -1.83175746e-02,
        5.15733799e-03, -1.49299309e-03, -1.21436687e-02, -1.32474853e-02,
       -1.20281624e-02, -1.35247745e-02, -2.59207794e-03, -7.24769337e-03,
       -5.38582914e-03, -1.01702111e-02,  4.46847361e-03,  4.13623685e-03,
       -1.73961688e-02, -1.55648561e-02, -9.08334088e-03, -7.84019940e-03,
       -4.64002835e-03,  1.55936985e-03, -4.27715667e-03, -9.02377907e-03,
        8.12384766e-03, -1.13239875e-02, -1.44387670e-02, -1.09244895e-03,
       -1.15186125e-02,  9.47392266e-03,  5.35004539e-03, -1.11034522e-02,
       -1.61833526e-03,  4.09375923e-03, -7.42286071e-03,  5.06057218e-03,
        3.80108436e-03, -1.22466674e-02, -6.36862731e-03, -1.19700795e-03,
       -9.88478307e-03,  1.64142698e-02, -9.63005796e-03, -5.60665084e-03,
       -9.82938334e-03, -5.65522700e-04, -7.16251647e-03, -7.83350226e-03,
       -6.13850681e-03,  7.40015274e-03, -6.70590997e-03,  5.99924522e-03,
       -8.60385504e-03,  4.77867573e-03, -1.35547351e-02,  6.23397878e-04,
       -3.60638555e-03,  4.32743598e-03, -1.64214941e-03,  6.64825691e-03,
       -2.31681392e-03,  3.93694872e-03, -1.22269783e-02,  5.94709301e-03,
       -3.39133330e-05, -1.47885717e-02, -8.65955558e-03, -1.17117744e-02,
        5.76204853e-04, -1.27699114e-02, -1.21155577e-02, -3.52607085e-03,
        8.34682118e-03,  3.93544091e-04,  9.33247618e-04, -1.14861075e-02,
        8.06794968e-04,  1.17275224e-03,  1.77271175e-03,  2.98971520e-03,
       -7.36797228e-03, -1.62965655e-02, -8.55076406e-03,  4.14529629e-03,
        1.42756361e-03,  2.19176291e-03,  8.87689274e-03, -8.51806626e-03,
       -1.15375202e-02, -1.77134126e-02,  3.92199261e-04, -2.54430948e-03,
       -1.38003239e-02, -3.70513677e-04, -6.33504335e-03, -7.57274451e-03,
        2.89934757e-03, -4.35586646e-03,  1.07931187e-02, -7.09081860e-03,
       -1.30758584e-02, -1.38254268e-02, -8.85192957e-03, -9.71600879e-03,
       -1.35837859e-02,  7.79042952e-03, -1.56070832e-02, -2.45433534e-03,
       -1.62057765e-02, -1.15627674e-02, -1.20230820e-02, -1.45464083e-02,
       -6.26866519e-03, -1.09814443e-02, -1.40013453e-03,  4.15078423e-04,
        5.47347218e-03, -2.68700672e-03,  6.18106918e-04, -1.15359584e-02,
        3.42276320e-03, -1.01386607e-02,  6.92917500e-03, -6.89052558e-03,
       -1.55427065e-02, -1.50364507e-02,  9.39040538e-03, -1.38172889e-02,
        1.04425813e-03, -2.59332964e-03, -1.37558521e-03,  1.09965354e-02,
       -2.96466821e-03, -9.28729773e-03, -3.08319787e-03,  6.73680240e-03,
        3.31489043e-03,  8.34056083e-03,  3.23334127e-03, -1.11518558e-02,
       -1.43738100e-02, -1.48601281e-02,  4.98613901e-03, -5.45070414e-03,
        3.10054608e-03, -1.02427974e-02, -1.46064376e-02,  1.10612502e-02,
        7.20324926e-03,  5.37866354e-03,  1.16603784e-02,  1.11770118e-02,
       -1.44923242e-05, -1.42834885e-02, -7.86202773e-03, -1.45104306e-03,
        3.25108296e-03, -8.27774592e-03,  1.16996272e-02, -2.36878498e-03,
        5.71358623e-03,  1.56648783e-03, -8.34670477e-03,  3.32531822e-03,
        8.11600126e-03, -1.35992663e-02, -1.04630888e-02,  6.63105538e-03,
        6.12789532e-03, -2.62042275e-03, -1.46646481e-02,  3.34889628e-03,
       -1.56895742e-02, -7.26947235e-03, -1.24647208e-02, -7.26788025e-03],
      dtype=float32), 'encoder.2.weight': array([[ 0.0261573 ,  0.01197301, -0.04702284, ...,  0.03368191,
        -0.00247644, -0.00092698],
       [ 0.0318913 ,  0.02517012, -0.03299659, ..., -0.04682383,
        -0.03154127, -0.01352279],
       [-0.04073917, -0.00481595, -0.00832452, ...,  0.00361359,
         0.03804493,  0.04035103],
       ...,
       [-0.03987607, -0.00631692, -0.0181613 , ...,  0.03556347,
         0.00162723,  0.02505451],
       [-0.0180419 ,  0.00508305,  0.02812522, ..., -0.02469263,
         0.01032527, -0.01731789],
       [ 0.01889759, -0.04464044, -0.00518654, ..., -0.03576463,
         0.01801667,  0.01516873]], dtype=float32), 'encoder.2.bias': array([-0.01441297, -0.01203551,  0.00279822, -0.02537908, -0.03044611,
       -0.02706081,  0.00689976, -0.03684027, -0.02252939,  0.03943526,
       -0.02299847, -0.02973221,  0.01438671,  0.01731076, -0.00437079,
       -0.0294255 ,  0.03886683, -0.0067399 ,  0.0310281 , -0.00859181,
        0.00719449, -0.02105739,  0.00623831, -0.03130239, -0.01666923,
        0.00474403,  0.02781814,  0.01890222,  0.02784698,  0.01904374,
       -0.00832459,  0.04192476,  0.01263588, -0.00248964, -0.00338874,
       -0.03177716,  0.0110987 , -0.00180112, -0.00789392,  0.03633878,
       -0.00437826,  0.04408044,  0.01840445,  0.02110268, -0.04019234,
        0.01158542, -0.02600002, -0.01051329,  0.0071456 ,  0.00330772,
        0.00281486,  0.03528354,  0.00210309,  0.01714414, -0.03929229,
        0.03891025,  0.03446631,  0.02920595, -0.00115272,  0.00277096,
        0.03363393,  0.0141867 , -0.03457908, -0.00013853,  0.0177482 ,
       -0.02283686, -0.00537414,  0.00984423, -0.0217413 , -0.02825446,
       -0.00117548,  0.0283033 , -0.00831176,  0.02402047, -0.03321899,
       -0.02798298, -0.01123004,  0.00888109,  0.01918597, -0.0339431 ,
        0.00189377, -0.0128068 ,  0.01013892, -0.01741477, -0.00452603,
        0.03853039, -0.0233837 , -0.01511415, -0.02709262,  0.02218961,
        0.02480301,  0.00384774, -0.03042724, -0.00465394,  0.02151325,
       -0.01974914,  0.00662157,  0.01063123,  0.04086126, -0.02446959,
        0.01296223,  0.03244697, -0.04041732, -0.01788166, -0.04211375,
       -0.00393006,  0.01618779,  0.03894871,  0.02412471, -0.02096498,
       -0.00150682, -0.04545666, -0.0330127 , -0.03853489,  0.02501813,
        0.0372764 , -0.02703182,  0.0071483 ,  0.00104027, -0.00790727,
        0.00773477, -0.02887662,  0.02568843,  0.03091297, -0.04165196,
       -0.04511192, -0.03195483, -0.02072323, -0.00511817,  0.02017269,
        0.00383541, -0.03740036,  0.0336584 ,  0.02988589,  0.01941021,
        0.00179916,  0.00277878, -0.026186  , -0.02090251,  0.00935419,
        0.01889199,  0.01734085,  0.01129708,  0.00889372, -0.01996186,
       -0.00190966,  0.00686896, -0.00296613,  0.03150441,  0.01862419,
        0.02922818,  0.03870244, -0.00373538, -0.04416336, -0.04489442,
        0.00502151,  0.01429073, -0.02989186,  0.04723513, -0.00758571,
        0.00053832, -0.01930366,  0.0285877 ,  0.02111613, -0.00457708,
        0.00797681, -0.03162707, -0.01465755, -0.03507783,  0.01117826,
        0.03813745,  0.00482348, -0.01734822, -0.0197146 ,  0.00756243,
        0.01121457, -0.01016644, -0.01182644, -0.01166068, -0.0119713 ,
        0.01913886,  0.01071256, -0.02366551,  0.03035061,  0.00102725,
       -0.00657869, -0.02020811,  0.02076773, -0.00309542, -0.01406337,
        0.01566465, -0.02240832,  0.0340591 , -0.03680548, -0.02651039,
        0.01947075, -0.01022801,  0.00302538, -0.00708621, -0.0384559 ,
        0.01180726, -0.04250104, -0.03291114,  0.04319208,  0.02622283,
       -0.04812404, -0.00629395,  0.00264973, -0.01460468,  0.01332824,
        0.01359258, -0.00406937,  0.03800418,  0.00105571,  0.00315989,
       -0.03211804, -0.03538681, -0.01596092,  0.02937633,  0.01000036,
       -0.01609099,  0.00251775, -0.03015319, -0.0469866 , -0.01150254,
       -0.05413944,  0.0339511 ,  0.03419734,  0.02985798, -0.01464587,
       -0.01223992,  0.01918941, -0.01710622, -0.039373  , -0.00263724,
        0.01678417,  0.00326377,  0.01507903, -0.01211261,  0.03419777,
       -0.04686889, -0.01465494, -0.03674977, -0.04299302,  0.00837354,
        0.04441613,  0.02163536, -0.0014837 ,  0.00055985, -0.01047189,
        0.03493146, -0.01615596, -0.0312823 ,  0.00027118, -0.03451596,
        0.02280943,  0.00660962,  0.0028335 ,  0.01305605, -0.03432361,
        0.03904719, -0.02646302,  0.01006779,  0.02110409,  0.03279706,
       -0.00063753,  0.02806127, -0.02303267, -0.01711302, -0.01720968,
        0.03271626,  0.03709014,  0.00624692, -0.02540648, -0.0135179 ,
        0.02685512, -0.04593031, -0.0154156 ,  0.02592046,  0.01296447,
        0.04422596,  0.01924937, -0.03105138, -0.02604606, -0.00321764,
        0.01252612,  0.02509154, -0.02070739, -0.01138547,  0.002186  ,
       -0.04422741, -0.0094707 ,  0.03629743, -0.00703111, -0.00774303,
        0.02577208,  0.02589411, -0.00953587,  0.02787   , -0.01561531,
        0.01393834,  0.01525348,  0.00695473, -0.00588736,  0.02623638,
       -0.03725677, -0.00479325,  0.00159448, -0.00954032,  0.00022652,
       -0.00708203, -0.02303655, -0.01782795, -0.04592013,  0.01727816,
       -0.02755371,  0.04890888, -0.01745312,  0.04195866, -0.01562533,
       -0.01056816,  0.0395791 ,  0.01237638,  0.0025602 , -0.00107271,
       -0.04022438,  0.0174454 , -0.03819238, -0.0263318 ,  0.00844028,
        0.0010114 ,  0.03765418, -0.00855697, -0.03399467, -0.00563279,
       -0.0041669 ,  0.04724487,  0.00494613,  0.01111122,  0.02298951,
        0.02477804, -0.01169756, -0.02523115, -0.01817432, -0.0409415 ,
        0.01924138, -0.02825694,  0.0049572 ,  0.02482993, -0.03526419,
        0.01083971, -0.02805164,  0.03058965,  0.04053438, -0.0069142 ,
       -0.01590273,  0.03910135, -0.04765514, -0.0408654 ,  0.02356781,
        0.00612232, -0.00889493,  0.00557138, -0.01870455, -0.00969352,
       -0.01823424, -0.02122826,  0.04111049, -0.01003247, -0.00935032,
       -0.02929651,  0.03841263,  0.00385621, -0.00395156,  0.04515472,
       -0.02480487, -0.04073622,  0.04079301,  0.031242  ,  0.01992575,
       -0.04046662, -0.01897823,  0.04233043,  0.01150453,  0.01036798,
        0.02134424,  0.03316691,  0.00832864,  0.04965128, -0.03537154,
        0.0166636 ,  0.0362047 , -0.01668908,  0.02585139, -0.02125594,
       -0.01107755, -0.03518937,  0.02998223,  0.0171531 , -0.00913836,
        0.03977634,  0.04125542,  0.00375546,  0.00640312,  0.02620224,
       -0.0309421 ,  0.03893889, -0.04249203,  0.00246742, -0.03967655,
        0.03606131,  0.03141045,  0.01638917,  0.00071173,  0.03116252,
       -0.00688863,  0.00055497, -0.03486364, -0.01444965, -0.02537129,
       -0.01157424,  0.02158179,  0.0247067 ,  0.00429099,  0.03397135,
       -0.01486591,  0.03110677,  0.02132638,  0.03583262,  0.00744928,
        0.03864329,  0.01042433, -0.03486023, -0.02868316, -0.04669429,
        0.02984518, -0.01517169, -0.04144825, -0.00538069,  0.0050411 ,
       -0.04188121, -0.01488088, -0.00262757, -0.04258759,  0.00371597,
        0.00582024, -0.01338956, -0.02037271, -0.03416049, -0.04597946,
       -0.0409158 , -0.00680532, -0.04452226, -0.0130793 , -0.03270482,
       -0.00443815, -0.0327023 , -0.04258757,  0.03010517, -0.03969753,
        0.01586357, -0.0182488 ,  0.02819471,  0.01945855,  0.03170765,
        0.00349786, -0.0084749 , -0.03460863, -0.03691216,  0.03816426,
        0.02378322, -0.02094557,  0.02114025,  0.00037907,  0.03382081,
        0.00033163,  0.01864752,  0.00774032, -0.00923043, -0.00947226,
        0.02222947, -0.02471123, -0.02988306,  0.02864174, -0.02338759,
        0.01194542, -0.02584669, -0.02827687, -0.02431827,  0.03290463,
       -0.04011505,  0.02595794,  0.01325097,  0.02653747,  0.01115984,
        0.01470337,  0.0048847 , -0.01188486, -0.01251047, -0.01658631],
      dtype=float32), 'encoder.4.weight': array([[-0.05001181, -0.04718935, -0.03475975, ..., -0.0187963 ,
         0.01238913,  0.01028224],
       [ 0.03123843, -0.01192096, -0.00527579, ...,  0.0126604 ,
        -0.00283487, -0.01514108],
       [-0.00773861,  0.01629888,  0.03753777, ...,  0.03415943,
        -0.02195683, -0.01634517],
       ...,
       [ 0.00059567, -0.00967926,  0.0069713 , ..., -0.02787915,
         0.00316646,  0.04823952],
       [ 0.02971479, -0.0264628 , -0.03793161, ...,  0.01468313,
         0.01943265, -0.00144825],
       [-0.04714271, -0.03563992, -0.00426368, ..., -0.02864962,
        -0.02572163,  0.01888688]], dtype=float32), 'encoder.4.bias': array([-0.00658827,  0.03484146, -0.02213877, ...,  0.0084831 ,
       -0.04484159,  0.0271743 ], dtype=float32), 'encoder.6.weight': array([[-0.00746348, -0.01638227, -0.00545435, ...,  0.00533277,
        -0.01944819,  0.01851376],
       [-0.00618492, -0.01259211, -0.01524107, ..., -0.00074762,
         0.01612444, -0.0086878 ],
       [-0.00978298,  0.01536759, -0.00304524, ...,  0.00711348,
        -0.02407174,  0.00243793],
       ...,
       [ 0.00108691,  0.02253788, -0.01108798, ..., -0.0159871 ,
         0.01668114,  0.00128986],
       [-0.0142284 , -0.00018553,  0.00425167, ..., -0.01187933,
         0.01818473, -0.0210041 ],
       [ 0.02021649, -0.01595988, -0.01786308, ..., -0.00985182,
         0.01549993,  0.01211748]], dtype=float32), 'encoder.6.bias': array([ 0.00792282,  0.02035582,  0.01062261,  0.02008401,  0.00576513,
       -0.01309554,  0.00328584, -0.00715487,  0.00019865, -0.01391251],
      dtype=float32), 'decoder.0.weight': array([[ 0.23836014,  0.11383415,  0.21400873, ...,  0.17341608,
        -0.28406942,  0.08185752],
       [ 0.03208562,  0.29082617,  0.2359804 , ...,  0.00440433,
        -0.12137157, -0.16989663],
       [-0.11031026, -0.01073717,  0.18128203, ..., -0.20262185,
        -0.0132659 ,  0.11082717],
       ...,
       [ 0.21632788,  0.17548479, -0.12164868, ..., -0.02733314,
        -0.18270662,  0.1274192 ],
       [-0.19010587, -0.11020768,  0.03655602, ...,  0.2074392 ,
         0.04532834,  0.15521005],
       [-0.09646551,  0.1687965 , -0.1340354 , ..., -0.05579624,
         0.10983284, -0.20722465]], dtype=float32), 'decoder.0.bias': array([ 0.08556758,  0.24147294, -0.25031358, ..., -0.12544528,
        0.13589999,  0.14910373], dtype=float32), 'decoder.2.weight': array([[-0.0213626 , -0.01029866, -0.02051528, ...,  0.01718938,
         0.0136258 ,  0.01680507],
       [-0.01905906, -0.00806741,  0.02133809, ...,  0.02579134,
         0.01412144,  0.02572572],
       [ 0.02009747,  0.02144806,  0.00101275, ..., -0.01164942,
         0.00493177,  0.02084088],
       ...,
       [-0.01594837,  0.01365964,  0.01041433, ..., -0.00221187,
         0.01425597, -0.01305273],
       [-0.01480179,  0.0207573 , -0.00066202, ...,  0.01105677,
        -0.00278172, -0.00042875],
       [ 0.01732295, -0.01720849, -0.00225528, ..., -0.00596103,
        -0.02022073,  0.01608961]], dtype=float32), 'decoder.2.bias': array([ 9.66708921e-03,  1.58353802e-02,  8.50926619e-03, -2.24156473e-02,
        1.96683239e-02,  8.40297993e-03,  4.43602679e-04, -1.90169606e-02,
       -1.25961239e-02, -4.85784095e-03, -3.09488969e-03, -2.80510890e-03,
        3.30157694e-03,  7.55130500e-03,  8.76977341e-04, -3.13194818e-04,
        2.11942848e-02, -6.30401354e-03,  2.22066970e-04, -2.08868161e-02,
       -2.36813389e-02, -1.19941914e-02, -7.31113972e-03, -2.88370554e-03,
       -6.83587790e-03,  8.55828263e-03,  2.64287218e-02, -2.72629634e-02,
       -9.12031718e-03, -2.91953422e-02,  1.19171133e-02, -2.14137211e-02,
       -1.11024249e-02, -2.43570618e-02, -2.78654527e-02, -1.78991426e-02,
        3.57145928e-02, -2.24602558e-02, -2.43470035e-02,  1.10990331e-02,
        7.08989610e-05,  1.91979539e-02,  1.38015095e-02, -1.67564303e-02,
       -2.45020213e-03, -2.20794752e-02, -1.34196016e-03,  5.83095662e-03,
        1.42067624e-03, -1.26686413e-04,  7.74002727e-03, -1.81285385e-02,
        1.60169378e-02,  2.88160648e-02, -1.33288337e-03,  8.82514846e-03,
       -1.87120400e-03, -1.05908932e-02, -3.38315358e-03, -6.99611334e-03,
       -2.14954875e-02,  1.04692457e-02, -2.42283312e-03,  1.36224097e-02,
        1.90505385e-03,  2.56872620e-03, -2.23122109e-02,  1.37317716e-03,
        1.95659660e-02,  1.70151144e-02, -2.58064028e-02, -7.94108491e-04,
       -4.80376976e-03, -4.71880659e-03,  8.08380544e-03, -1.38256149e-02,
        4.93540335e-03,  2.03304086e-02,  1.78773701e-02, -2.14237422e-02,
       -6.57795370e-03,  1.19163357e-02,  3.19421515e-02, -8.36574472e-03,
        2.61661746e-02,  1.99858937e-02, -1.28436638e-02, -4.00939171e-05,
        9.92712472e-03, -8.41287710e-03,  4.07653302e-03, -5.30441431e-03,
       -1.06486203e-02,  2.63027437e-02,  1.54690463e-02,  1.39125409e-02,
        1.48971509e-02,  1.44792739e-02, -1.27898119e-02,  1.96950976e-03,
       -5.54958964e-03,  1.84390005e-02,  8.90923571e-03, -5.88525739e-03,
       -4.68935072e-03,  1.28587438e-02,  6.58440311e-03,  2.90560517e-02,
        1.77287534e-02,  1.62002016e-02,  1.56097077e-02, -1.62284132e-02,
        1.28704133e-02,  3.95165756e-03, -1.10230409e-02, -3.20445374e-03,
       -1.25117525e-02,  1.97074506e-02,  2.21665874e-02, -1.54824005e-02,
       -1.60847083e-02, -2.24561207e-02, -1.88583601e-02,  1.47695038e-02,
       -2.58380137e-02, -6.10441575e-03,  1.75731033e-02,  4.81596158e-04,
       -9.74905863e-03,  7.12961052e-03, -4.37688408e-03, -5.25582861e-03,
       -3.61445011e-04, -2.24224553e-02,  1.25572542e-02, -1.59011725e-02,
        3.59196682e-03, -6.79670693e-03, -4.44626063e-03,  1.08902855e-02,
        5.93542540e-03, -1.26796709e-02,  6.67781290e-03,  2.09846534e-02,
        2.47655995e-02, -3.41890706e-03, -1.89090241e-02, -2.07282715e-02,
       -9.36159119e-03, -1.58706866e-02,  2.01208354e-03,  5.01928572e-03,
        1.73797105e-02,  1.99101940e-02, -5.40893059e-03,  4.96085780e-03,
        6.53872872e-03, -7.63438642e-03,  1.28987720e-02,  3.24992905e-03,
       -1.00351321e-02, -4.13792953e-03, -1.99339003e-03, -9.15819127e-03,
        1.71608087e-02,  6.97601400e-03,  1.17874304e-02,  2.20462512e-02,
       -3.65899154e-03, -1.44084068e-02, -5.60760312e-03,  7.07210647e-03,
        1.64729990e-02, -4.21397109e-03,  8.30074772e-03, -1.19447696e-03,
        9.98441782e-03, -3.21111851e-03,  1.94623172e-02,  4.40859888e-03,
        1.37116322e-02,  1.44255115e-02,  1.02883037e-02,  1.91906523e-02,
       -1.10290712e-02,  5.97644318e-03,  1.37829520e-02, -7.21977977e-03,
        5.38306264e-03,  1.52311930e-02, -1.61318760e-02,  9.51506011e-03,
        1.15705309e-02,  2.75027435e-02,  2.81616300e-02,  7.91478530e-03,
        1.31939370e-02,  1.52228419e-02, -2.18066350e-02,  1.02346698e-02,
        2.07890905e-02, -1.91113278e-02,  7.81193841e-03,  2.01967433e-02,
        4.96163219e-03,  1.21817477e-02,  8.80196318e-03, -1.06571438e-02,
        3.29027721e-03,  2.21302593e-03, -2.73293536e-02, -1.02561954e-02,
       -1.81444269e-02, -2.05370598e-02,  1.91815216e-02,  9.05775465e-03,
       -1.55206099e-02, -1.37970792e-02, -6.77185599e-03,  2.45931819e-02,
       -1.60475112e-02, -1.43240672e-02,  1.39084468e-02, -2.44309846e-02,
       -3.02740751e-04,  2.23802612e-03, -8.35866574e-03,  3.25729023e-03,
        2.07274174e-03,  1.12634171e-02, -8.41371436e-03,  1.36170331e-02,
        4.06423816e-03, -8.18044704e-04, -2.82853730e-02, -1.96585953e-02,
        1.28782531e-02,  2.06743204e-03,  1.89706888e-02, -1.79764703e-02,
       -1.34873698e-02, -2.33667772e-02, -2.48510903e-03, -1.79134421e-02,
        1.65515151e-02, -1.39293587e-02,  3.82560417e-02,  1.87559775e-03,
        1.65427253e-02, -7.51346070e-03, -1.84599850e-02,  8.85577974e-05,
        5.00944862e-03,  1.69150755e-02,  1.55654328e-03, -9.92284622e-03,
        2.56851912e-02,  1.43910777e-02, -7.58801121e-03, -1.93416653e-03,
        8.75179376e-03, -2.28678342e-02,  2.29593236e-02,  1.02631226e-02,
       -8.06847762e-04, -9.31910053e-03, -7.77148735e-03, -2.09109802e-02,
        1.71081275e-02,  2.01339591e-02,  5.21291280e-03, -6.02532551e-03,
        1.76664889e-02, -2.11725701e-02, -1.14567112e-02, -6.35691173e-03,
        7.58995675e-03,  4.87959897e-03, -5.14961826e-03,  1.81259662e-02,
        4.75789653e-03, -2.33578216e-02, -9.80698504e-03,  7.63274822e-03,
       -3.50726047e-03, -3.14522418e-04, -4.94303694e-03, -2.09588893e-02,
        1.75481755e-02, -1.40871275e-02,  1.45956175e-02, -1.72452535e-03,
       -8.66529252e-03, -2.60657375e-03,  5.16024884e-03, -1.48897115e-02,
        9.73603129e-03,  1.62357576e-02,  5.99029567e-03, -1.63321812e-02,
       -1.77962519e-02, -1.62692908e-02, -2.64102034e-02,  1.57404691e-02,
        1.31609868e-02, -1.88526735e-02, -4.55398904e-03, -1.34015344e-02,
       -2.41298582e-02,  2.70908326e-02,  1.63169280e-02, -2.24009529e-03,
       -8.39241315e-03, -2.20314302e-02, -8.68462585e-03,  1.04246233e-02,
        1.29283313e-02,  9.36027616e-03, -2.47066319e-02, -2.24759318e-02,
        2.42269738e-03, -2.13901624e-02, -3.43056559e-03,  1.23431832e-02,
       -1.16400952e-02, -2.85344920e-03, -4.35108878e-03, -8.15682299e-03,
        1.07067963e-02,  1.37917120e-02, -2.13997681e-02, -3.73646151e-03,
       -1.62066170e-03,  1.08681666e-02,  2.84371916e-02,  9.46936477e-03,
       -2.55138893e-02, -5.58194146e-03,  6.94184192e-03, -1.04334007e-03,
        2.23424267e-02,  1.62645336e-02, -9.96190589e-03,  1.96325723e-02,
       -2.33021770e-02, -2.03699246e-02,  2.52574892e-03, -4.96159133e-04,
        2.21851841e-02,  7.73493294e-03,  2.38279393e-03, -1.80865154e-02,
       -7.55074061e-03,  1.63542703e-02,  1.29725551e-03,  2.09937058e-02,
       -1.37353539e-02,  7.03858305e-03,  5.71837695e-03, -1.06195528e-02,
        1.00233443e-02,  1.32003855e-02, -1.09869782e-02, -5.86362183e-03,
       -4.96057328e-04,  1.98888145e-02,  5.31480042e-03, -1.75143145e-02,
        1.80978291e-02, -1.86479185e-02, -2.01876406e-02,  1.18161999e-02,
        2.55866777e-02, -7.38032919e-04,  1.56871714e-02,  1.30846659e-02,
        7.18143117e-03,  3.59735219e-03,  2.29145605e-02,  1.72762200e-02,
       -8.83278996e-03, -5.30118961e-03,  7.27963494e-03,  1.34357475e-02,
       -1.62122641e-02, -1.85429938e-02, -1.24951396e-02, -5.28600579e-03,
       -1.27748679e-02,  1.56102488e-02,  2.02883724e-02, -1.34169031e-02,
        1.45985549e-02, -2.45001335e-02, -1.14902826e-02, -1.86454449e-02,
       -2.29439884e-02, -1.99834760e-02, -9.96883772e-03, -2.20336709e-02,
        1.84985548e-02, -1.95295159e-02,  1.97601691e-02,  1.85447857e-02,
       -3.28017236e-03,  1.32788275e-03, -9.24657378e-03,  2.08977461e-02,
       -3.43210460e-03, -1.59411374e-02,  1.63913313e-02,  1.29306931e-02,
       -2.21552830e-02,  1.35178771e-03, -5.02008898e-03, -5.67011023e-03,
        1.45983621e-02,  2.72398181e-02,  2.54607457e-03,  1.44432867e-02,
       -1.14305492e-03, -5.27779013e-03, -1.39340460e-02,  2.02511419e-02,
        1.79170668e-02,  1.46737378e-02,  5.03876712e-03,  2.43689176e-02,
        1.61667597e-02, -2.76432699e-03, -1.09332136e-03,  1.09909363e-02,
       -2.11378727e-02,  1.36194453e-02,  8.73611122e-03,  1.35061769e-02,
        3.88190919e-03,  1.14314165e-02, -1.67879071e-02, -1.64682453e-03,
        1.42085273e-02,  3.09668225e-03, -4.78752569e-04,  1.74697377e-02,
        6.45060232e-03, -1.57062877e-02,  1.57153215e-02, -7.39842048e-03,
       -4.75521060e-03, -1.46302264e-02,  2.71618757e-02,  1.60737410e-02,
       -1.12395026e-02,  7.63676409e-03,  1.73767582e-02, -2.04652734e-02,
        1.82396397e-02,  1.69511028e-02,  2.50148471e-04,  1.73611827e-02,
       -7.65031902e-04, -1.52976085e-02, -2.03364305e-02,  8.69677681e-03,
       -5.54094417e-03, -1.98104996e-02, -8.68861843e-03,  1.06306383e-02,
        8.79667327e-03,  3.91273480e-03, -2.72414507e-03,  1.08458856e-02,
        2.31223702e-02,  2.94077974e-02,  1.02151083e-02, -1.60903055e-02,
        4.41272371e-03,  5.35717001e-03,  3.04594822e-02, -1.48898093e-02,
        5.89996763e-03, -1.92673020e-02,  3.77588300e-03,  2.22005416e-02,
        1.23740900e-02,  1.90706663e-02, -2.19234210e-02, -1.45552335e-02,
       -1.21001806e-03, -5.37218573e-03, -2.34093945e-02, -1.42569337e-02,
        1.29036400e-02,  3.26462276e-03, -8.68599303e-03,  1.64100043e-02,
       -2.08536517e-02, -1.02472818e-02,  1.61361173e-02, -2.95500085e-03],
      dtype=float32), 'decoder.4.weight': array([[ 0.0400582 ,  0.02085467, -0.02850643, ...,  0.00686549,
         0.02611219,  0.03049944],
       [-0.01154575,  0.05979898, -0.00788544, ..., -0.01138797,
         0.0302156 , -0.00148581],
       [-0.00453049, -0.03485138,  0.00998313, ...,  0.03805373,
        -0.02331756,  0.00757893],
       ...,
       [ 0.02750816, -0.03689849, -0.02703854, ...,  0.00647803,
         0.0344395 , -0.0251083 ],
       [ 0.02766735, -0.04881132,  0.02422315, ..., -0.02803815,
         0.00449981,  0.01590395],
       [-0.03546097, -0.01068136, -0.01496491, ...,  0.00172038,
        -0.02273184,  0.0165037 ]], dtype=float32), 'decoder.4.bias': array([-1.93822496e-02,  4.03386317e-02,  2.83851046e-02, -3.92044485e-02,
        3.54040414e-02, -3.17631057e-03,  4.21000738e-03,  9.54968948e-03,
        1.19270489e-03, -1.76438130e-02, -3.58673707e-02, -5.88367041e-03,
       -2.33768076e-02,  3.61931995e-02, -3.64166871e-02, -3.92683856e-02,
        1.60545856e-02, -3.63969319e-02,  2.81195771e-02, -2.60236152e-02,
        4.07890677e-02,  2.60152463e-02,  2.27304678e-02, -4.96283509e-02,
       -2.41521969e-02, -1.94695052e-02,  3.04642208e-02,  3.67429033e-02,
       -4.64629419e-02,  3.72076370e-02, -4.09428962e-02,  2.95251198e-02,
        2.17684209e-02,  2.54058167e-02,  1.82761569e-02,  1.12734530e-02,
        1.08117815e-02,  2.45058653e-03,  3.18137780e-02,  6.19796151e-03,
       -1.77551992e-02,  2.06277315e-02, -1.90488417e-02, -7.14507932e-03,
       -2.18327641e-02, -3.47320735e-02,  2.12427415e-02, -3.81098664e-03,
        2.09729895e-02,  8.31155013e-03, -1.19355703e-02, -2.22234689e-02,
        2.22722050e-02,  5.08644991e-02, -3.97037938e-02,  3.09739262e-03,
       -3.62278558e-02, -8.35123751e-03, -4.01639268e-02, -3.45386304e-02,
       -3.44815291e-02,  3.34602632e-02,  3.50274565e-03,  8.91342480e-03,
       -1.70071851e-02, -2.48151086e-02, -5.45890816e-03,  9.40380245e-03,
        3.59297246e-02,  2.78675258e-02, -1.28728542e-02,  5.59525713e-02,
       -2.43637320e-02, -3.60942120e-03, -4.76152115e-02,  2.60379016e-02,
        6.87514385e-03, -7.04392046e-03, -2.71030013e-02, -1.43244918e-02,
        2.05937866e-02,  2.91443355e-02, -2.23033819e-02,  1.13897596e-03,
        1.70803070e-02, -3.67548279e-02,  3.13563575e-03,  3.41842808e-02,
        5.49339280e-02, -3.03419270e-02,  2.81530432e-02,  2.13176124e-02,
        4.20412468e-03, -1.13079697e-02, -2.76971068e-02,  3.46751772e-02,
        2.98483223e-02, -1.12453895e-02, -3.03467717e-02,  3.06847356e-02,
       -1.42131718e-02,  1.99415740e-02, -1.70394499e-02, -4.29031737e-02,
       -3.52197737e-02,  2.02524103e-02,  1.67833478e-03, -2.86383294e-02,
       -8.57318006e-03, -3.30279358e-02, -2.73578167e-02, -2.44799368e-02,
       -1.08572142e-02,  3.12555321e-02, -2.75184661e-02,  5.55425175e-02,
        3.90531421e-02,  2.73208581e-02,  2.81513371e-02, -8.90109781e-03,
        1.04379859e-02, -1.27756924e-04, -4.41215113e-02,  5.57594001e-02,
       -3.61444615e-03, -2.85335779e-02, -2.75863502e-02,  3.39671858e-02,
       -4.15418707e-02,  5.35868816e-02,  5.93403773e-03, -2.62382207e-03,
       -2.29780041e-02, -1.23346015e-03, -4.78260592e-02,  2.08604354e-02,
        4.52310070e-02, -4.82125729e-02,  4.04285751e-02, -3.22769023e-02,
        1.60959978e-02, -4.18944098e-02,  1.13020906e-04, -2.16077045e-02,
        2.70304792e-02,  1.31859211e-02, -6.49490720e-03,  7.90358614e-03,
        2.76225433e-02,  7.07668439e-03,  1.99304447e-02,  7.17027765e-03,
       -4.08273861e-02, -4.06043651e-03, -3.79506014e-02,  5.43614440e-02,
        7.46360235e-03,  3.99741642e-02,  4.33527157e-02, -1.83409601e-02,
       -1.52222589e-02,  2.35454412e-03,  2.92009255e-03, -4.24323082e-02,
       -4.02452499e-02, -3.05684656e-02, -7.13308342e-03, -1.99707896e-02,
        1.47932908e-02,  3.03674396e-02,  3.28737870e-02, -1.00988979e-02,
        4.20959070e-02,  3.55077647e-02,  2.35891547e-02,  1.16339764e-02,
       -3.63105424e-02,  1.57975629e-02,  9.37087089e-03,  6.27053622e-03,
       -4.21103798e-02, -3.34012285e-02, -2.36399192e-02, -9.79721267e-03,
        3.73589844e-02, -2.55354424e-03,  2.59277001e-02,  2.53120693e-03,
       -3.44827678e-03, -2.80228183e-02,  3.45014706e-02, -2.66767223e-03,
       -3.94660048e-02,  2.20332295e-02,  4.56690565e-02,  2.80397087e-02,
        9.20939632e-03, -4.23053913e-02, -3.64624597e-02,  2.35685110e-02,
        3.07834856e-02, -1.12280138e-02, -1.14584146e-02,  3.04731522e-02,
        4.05175947e-02,  3.54970284e-02,  6.00239635e-03,  1.30313979e-02,
       -1.23062311e-02,  2.14053877e-02,  2.21671239e-02,  6.84126467e-03,
        3.91589701e-02,  9.28631611e-03, -1.57062560e-02,  4.17964067e-03,
        5.54796159e-02,  1.79168601e-02, -4.49539497e-02,  3.84622104e-02,
        3.14219929e-02,  3.75243165e-02, -4.64766379e-03,  2.37453002e-02,
       -1.13218455e-02,  1.11908941e-02, -3.66289616e-02,  3.44110802e-02,
       -2.97664870e-02, -2.99642864e-03, -9.25464649e-03,  3.23257409e-02,
       -1.77622084e-02,  2.64380313e-02, -3.28763463e-02, -1.08593432e-02,
       -2.36149319e-03,  2.96790637e-02,  9.67623014e-03, -2.02095080e-02,
       -1.58637688e-02,  4.87192534e-04,  7.02763814e-03,  1.17671341e-02,
        2.66251191e-02, -3.53026912e-02,  2.34735385e-02,  3.26323360e-02,
       -4.88574058e-02,  1.37386343e-03,  8.35328363e-03,  3.40398811e-02,
       -2.52006184e-02, -2.60720048e-02,  4.06201556e-02, -1.53334262e-02,
        1.59871969e-02, -9.74918995e-03,  3.04277539e-02, -2.12339777e-02,
       -3.27458829e-02, -3.12752053e-02, -1.25282519e-02,  3.05375326e-02,
       -4.48625237e-02, -2.81943544e-03, -1.38092972e-02, -2.68132519e-02,
       -2.23759338e-02, -5.21902135e-03, -2.93256273e-03, -7.51300156e-03,
       -4.43368293e-02,  2.32425574e-02,  3.57758366e-02, -1.65190678e-02,
       -5.15081163e-04, -1.32008865e-02,  5.02307341e-02, -1.75916590e-02,
       -2.05260664e-02,  6.81128772e-03,  5.12406453e-02, -1.25822052e-02,
        3.87536995e-02, -4.24555428e-02,  2.78062862e-03,  4.06919606e-02,
        7.68095395e-03,  4.06991690e-02, -2.67315516e-03,  2.78710313e-02,
       -1.65438429e-02,  3.61202210e-02, -3.25716957e-02,  5.46761192e-02,
        2.16428638e-02, -3.61998901e-02,  1.16565237e-02, -8.30452540e-04,
       -1.64535064e-02, -4.22243066e-02,  3.03264372e-02, -8.72119423e-03,
        3.79213667e-03, -3.33698317e-02, -3.58632542e-02, -1.41902370e-02,
        1.26358885e-02,  2.69692987e-02, -4.58475808e-03,  2.56970599e-02,
        1.80609468e-02,  8.88376124e-03,  2.72168759e-02,  5.69525408e-03,
        3.40844728e-02, -2.72634923e-02, -4.80009876e-02,  1.65060349e-02,
        8.62306729e-03, -3.33665721e-02,  3.49745131e-03, -2.19207536e-02,
        1.79258815e-03, -4.38118763e-02, -1.04646673e-02,  1.88171323e-02,
       -2.49774233e-02, -7.90214806e-04, -9.66786873e-04,  1.60625186e-02,
        2.14775763e-02,  9.18300822e-03,  3.31734233e-02, -1.98331326e-02,
       -2.36750357e-02, -2.38803495e-02, -3.64142098e-02, -2.32283659e-02,
       -1.23652173e-02, -5.26354602e-03,  5.23573793e-02,  2.15076376e-02,
        2.67854184e-02,  2.33565439e-02,  1.47541538e-02, -2.91731264e-02,
        1.74059570e-02, -6.18607155e-04, -2.94188466e-02,  3.88848991e-03,
       -1.01416353e-02,  3.59790027e-02, -1.53383370e-02, -3.71055752e-02,
       -2.85118185e-02,  1.16484826e-02,  2.39726976e-02, -3.37914079e-02,
       -7.16912560e-03,  9.64398379e-04, -2.95711514e-02, -4.56505083e-02,
        2.46242415e-02,  5.16217649e-02,  4.56838720e-02,  1.27858017e-02,
       -3.63757424e-02,  2.85188332e-02, -1.06889708e-02, -4.62164078e-03,
        2.88345851e-02,  1.73745826e-02, -6.95198542e-03, -1.00161396e-02,
        3.66053469e-02,  1.77437961e-02,  6.71008544e-04,  4.75751162e-02,
       -5.30298389e-02,  9.93099995e-03, -1.30225820e-02, -5.18605812e-03,
        1.01028653e-02,  5.39103411e-02, -4.20999806e-03, -3.88502446e-03,
       -2.14692838e-02,  4.13329750e-02, -2.95155384e-02,  3.75650190e-02,
        2.86971629e-02, -1.79349035e-02, -5.93426917e-03,  9.73260394e-05,
        3.71758081e-02, -3.36203091e-02,  1.85735160e-04, -1.28178615e-02,
        3.65332477e-02,  7.11293425e-03, -2.33631730e-02, -4.06179354e-02,
        3.08325067e-02,  1.95479263e-02, -1.75418761e-02, -2.47834846e-02,
       -3.05170240e-03,  4.10919935e-02,  4.82151005e-03, -3.92094515e-02,
        2.12447215e-02, -4.63698395e-02,  1.49737615e-02,  3.18726525e-02,
        8.39542598e-03, -2.90359464e-02,  4.30997498e-02, -4.11738344e-02,
       -1.23928105e-02,  1.61298551e-02,  3.11394855e-02, -2.78542452e-02,
       -1.40271783e-02,  2.09933277e-02, -7.17533892e-03, -4.69730794e-02,
       -4.43482734e-02,  5.75231621e-03,  4.19007093e-02,  2.45104823e-02,
       -2.94792876e-02, -4.00669128e-02, -2.42769755e-02,  4.07317840e-02,
       -6.40661549e-03, -4.52433638e-02,  1.20036611e-02, -3.35077308e-02,
       -8.99647176e-03,  3.44359614e-02,  3.24257687e-02,  1.69100966e-02,
        4.13069017e-02,  4.40574028e-02,  3.04532647e-02, -4.73362431e-02,
        2.15371437e-02, -2.24647783e-02,  7.64179230e-03, -3.36364061e-02,
       -4.38651396e-03, -1.85545646e-02,  1.14331879e-02,  6.45998446e-03,
        4.59788218e-02, -1.82901062e-02,  4.02804576e-02,  4.37413603e-02,
       -2.19756011e-02, -2.58403830e-02, -3.33482884e-02,  3.29551324e-02,
        1.71663035e-02,  3.78673375e-02,  5.20383455e-02, -2.54058260e-02,
        4.08120230e-02, -3.91168557e-02,  3.73376980e-02, -1.87366921e-03,
        9.58459079e-03,  4.25044335e-02, -2.44783312e-02,  1.37958201e-02,
       -2.18182746e-02,  2.49742009e-02, -6.28811261e-03,  1.45485634e-02,
       -2.53289398e-02,  3.16745066e-03,  1.33733731e-02, -4.21823338e-02,
       -2.75535658e-02, -5.08800382e-03, -2.53801588e-02,  4.92767803e-02,
       -6.37379754e-03, -3.03246602e-02, -4.43647243e-02, -3.71706411e-02,
       -2.45295521e-02, -1.43195819e-02, -4.94813323e-02, -1.83799304e-02,
        2.12137196e-02, -4.15037461e-02,  3.47371846e-02,  7.45546678e-03],
      dtype=float32), 'decoder.6.weight': array([[-0.02880784,  0.07849274, -0.01336   , ...,  0.04633392,
        -0.02792021,  0.03988479],
       [-0.00802094, -0.018659  ,  0.0166936 , ..., -0.03255046,
         0.01998256,  0.01702183],
       [-0.02934376,  0.02465377, -0.04248392, ...,  0.03501771,
        -0.00514803, -0.00543609],
       ...,
       [-0.01541429,  0.01514004,  0.04077481, ..., -0.03772905,
         0.01334284, -0.02444529],
       [-0.03954595, -0.00485391, -0.0366329 , ..., -0.00715254,
         0.01576533, -0.01316819],
       [ 0.0332382 ,  0.03526961, -0.00466394, ..., -0.02497068,
         0.01453755, -0.02265518]], dtype=float32), 'decoder.6.bias': array([ 0.01932865, -0.00190868, -0.04325223, ..., -0.04510928,
        0.00258282, -0.01458337], dtype=float32)}
[Time: 12.01.25 12:10:16] [Level: info] [State: aggregate] {'encoder.0.weight': array([[-0.01100243,  0.01146313,  0.00631015, ..., -0.0045491 ,
         0.00281582, -0.00593287],
       [-0.00143993, -0.01133522, -0.00694228, ...,  0.00203103,
        -0.01322482, -0.00313894],
       [ 0.01615861, -0.01623768, -0.01242644, ..., -0.01482277,
         0.00187032, -0.01647756],
       ...,
       [-0.00442157,  0.00452837,  0.01228802, ...,  0.01190749,
        -0.00632847, -0.0016354 ],
       [ 0.00205737,  0.00782052,  0.00419894, ...,  0.00810933,
        -0.01480213,  0.00516047],
       [-0.0125682 , -0.00688358, -0.00818326, ..., -0.00391322,
         0.00330171,  0.00142269]], dtype=float32), 'encoder.0.bias': array([-5.46007324e-03, -3.53828073e-03,  1.05238678e-02, -4.57511097e-03,
       -1.15723154e-02,  6.37291884e-03, -1.57282501e-03, -9.23608337e-03,
       -9.18642711e-03,  4.53342404e-03,  9.07661580e-03, -1.17685134e-02,
        3.57630453e-03, -6.60662213e-03, -3.21256230e-03,  8.65709444e-04,
       -4.28909389e-03, -3.81702703e-04, -9.81543958e-03, -9.96781234e-03,
       -1.63203459e-02,  5.57587203e-03, -1.34234345e-02,  8.33809434e-04,
        2.52791750e-03,  8.12706072e-03,  6.46577356e-03,  1.09974984e-02,
        4.46536625e-03, -8.91272724e-03, -8.60265829e-03,  7.66111258e-03,
       -2.97034881e-03, -9.96183697e-03,  1.96373998e-03,  1.11871287e-02,
        9.33561591e-04,  1.99261680e-03,  1.19089684e-03, -8.40465596e-04,
        6.79878611e-03, -5.19925915e-03, -2.86247418e-03,  1.02992654e-02,
       -3.32983118e-03, -1.58085041e-02, -2.07449310e-03, -7.93555193e-03,
        9.33235604e-03, -7.29227718e-03, -8.11533816e-03, -9.55694879e-04,
       -1.50645245e-03, -8.10544286e-03,  2.41608499e-03,  2.10995786e-05,
       -3.01613146e-03, -4.45205485e-03, -9.53189097e-03, -1.30533334e-02,
        2.35955510e-03,  4.44386667e-03, -1.18263336e-02,  4.83712647e-03,
        1.11887197e-03,  1.07216174e-02, -9.70605575e-03, -1.23147992e-02,
       -1.71779450e-02,  3.63539584e-04,  1.11653637e-02, -8.69850349e-03,
       -4.28240746e-03, -1.06912041e-02, -9.24429577e-03, -8.54523387e-06,
       -1.09100714e-02,  8.23942106e-03, -5.20669622e-04,  2.12796265e-03,
        1.27584208e-02,  9.19337664e-03, -1.03340261e-02,  1.00416467e-02,
       -8.79419688e-03, -2.67539988e-03, -5.36317378e-03,  6.72403676e-03,
        5.46330644e-04, -8.29004683e-03, -6.06496353e-03,  4.25323425e-03,
        5.04289335e-03, -1.01093147e-02, -9.55304690e-03, -1.38704345e-04,
       -4.15995205e-03, -4.54630982e-03,  4.93192952e-03, -9.09210183e-03,
        6.67610904e-03, -1.05387922e-02, -1.01394244e-02,  1.52981165e-03,
       -8.84367339e-03, -1.40601769e-04,  1.99104310e-03,  1.85827855e-02,
        7.56667228e-03,  1.07381400e-02, -4.73930687e-03, -1.58881117e-03,
       -2.56905612e-03,  2.36854563e-03, -3.88443074e-03,  8.99182353e-03,
       -5.22806309e-03, -1.98067375e-03, -6.45011617e-03,  7.51607632e-03,
        3.36064864e-03, -1.22499932e-02, -1.01721594e-02, -1.12418740e-04,
       -1.67361065e-03, -8.07628874e-03, -5.17950160e-03, -2.43838318e-03,
       -7.61888362e-03,  8.98903888e-03,  9.68230516e-03, -1.39298495e-02,
        2.14139489e-03,  1.04128681e-02,  8.32535606e-03, -1.13461947e-03,
       -4.52303607e-03, -1.20215048e-03, -3.26796365e-03, -6.40671607e-03,
        1.04372101e-02, -1.37941130e-02, -2.94070784e-03, -6.97404798e-03,
       -7.81166367e-04,  9.36441030e-03, -1.80551468e-03, -6.26548659e-03,
       -2.35727825e-03, -6.32898370e-03, -8.15160852e-03,  7.19303032e-03,
       -7.69890752e-03,  1.09124358e-03, -7.13389413e-03, -3.93325882e-03,
        9.79063194e-03,  8.50208662e-03, -7.02153193e-03, -1.41221043e-02,
       -6.62343437e-03,  4.60199575e-04, -1.10476250e-02,  9.22384113e-03,
       -1.23073943e-02, -1.39869899e-02,  9.67422221e-03,  6.86111813e-03,
        1.09247351e-02, -5.80848055e-03, -1.45273963e-02, -1.03232739e-02,
       -5.80621476e-04, -6.24196371e-03,  9.54172667e-03,  7.20035518e-03,
        8.37697182e-03, -1.23858815e-02, -1.55867487e-02,  1.17967511e-02,
       -8.87598563e-03, -6.95021544e-03, -1.11831417e-02,  6.33653626e-03,
        6.11155992e-03, -1.48169510e-02,  8.88053887e-03, -7.89865293e-03,
       -1.10657522e-02,  9.60661657e-03, -1.01290056e-02, -4.93497774e-03,
       -9.04860999e-03, -1.25999693e-02,  9.17982683e-03,  8.43675248e-03,
       -2.15518917e-03, -2.25559226e-04, -3.40217142e-03, -9.71919950e-03,
       -1.41780898e-02,  1.99861266e-03, -1.08207418e-02,  9.22378991e-03,
        3.06549110e-03,  8.77815671e-03, -1.07308738e-02,  1.06358817e-02,
       -2.17204029e-03,  1.32637303e-02, -6.16842322e-03, -1.36006605e-02,
       -1.10064391e-02,  5.01090102e-03, -7.96569977e-03,  3.28056025e-03,
        1.44847753e-02, -2.39829606e-04, -7.37329945e-03, -4.98978538e-04,
       -8.34694691e-03, -1.42510934e-03,  7.39341928e-03, -6.33062213e-04,
       -7.26042455e-03, -1.84098259e-02, -1.14452420e-02,  1.19324401e-02,
        1.89840049e-03, -1.08673489e-02, -1.31504567e-04,  4.26355517e-03,
       -5.51818125e-03,  1.35722663e-03,  2.47772946e-03, -1.20870839e-03,
       -1.26389274e-02, -1.92979304e-03, -3.11251450e-03, -6.82881160e-04,
        6.86823158e-03,  7.09537789e-03, -4.55501210e-03, -1.29832525e-03,
       -1.97358942e-03,  6.71039685e-04,  4.88474453e-03, -6.65751752e-03,
       -1.10020181e-02, -1.44958282e-02,  7.16098491e-03, -1.46668823e-02,
       -6.72786031e-03, -1.04874652e-03, -3.43312859e-04,  4.21168189e-03,
       -5.68232639e-03,  8.49537645e-03, -1.16016548e-02,  5.31209400e-03,
        9.60059091e-03, -5.80852292e-03,  2.76617613e-03, -1.15926666e-02,
       -1.62082631e-02,  4.60262457e-03,  3.43976868e-03, -6.84739975e-03,
        4.78555262e-03, -8.53813312e-04,  1.00482889e-02, -1.05862375e-02,
        4.07474162e-03, -1.21588493e-02, -1.22966440e-02,  4.24364908e-03,
        2.01534666e-03, -4.86622739e-04, -7.78696081e-03,  3.34361888e-04,
       -1.42199956e-02,  5.41085238e-03, -9.13467444e-03, -1.19109387e-02,
        3.93678714e-03, -5.88063570e-03,  5.84783219e-03, -9.13099293e-03,
       -4.28328337e-03, -9.89083387e-03,  1.33718981e-03,  4.89356602e-03,
       -1.36922738e-02, -3.99602531e-03,  9.41422395e-03, -1.43150473e-02,
       -1.52325071e-02, -9.94279608e-03, -1.27749229e-02,  1.02010816e-02,
       -4.41016210e-03,  6.78294897e-03,  2.41247544e-04, -7.19114067e-03,
       -1.42431045e-02,  9.96311544e-04, -1.53988851e-02, -8.17364454e-03,
       -9.50080529e-03,  1.34712663e-02,  9.36407410e-03,  4.95966664e-03,
       -1.95169693e-03, -9.87403654e-03,  8.76014773e-03,  5.06831007e-03,
        4.20370186e-03, -7.60200899e-03, -1.35938246e-02, -9.01953224e-03,
       -9.83826350e-03,  7.09340326e-04, -8.60396400e-03, -1.29296789e-02,
        5.66711824e-04, -1.46626942e-02, -6.89805672e-03, -1.82987452e-02,
        5.15168067e-03, -1.10270036e-03, -1.21436687e-02, -1.32483216e-02,
       -1.20281624e-02, -1.32807596e-02, -2.30290554e-03, -7.24769337e-03,
       -5.14406478e-03, -9.57382284e-03,  7.46156368e-03,  6.47572102e-03,
       -1.18351290e-02, -1.72936022e-02, -8.62821564e-03, -7.77638704e-03,
       -6.00066828e-03,  6.88509131e-03, -4.27307468e-03, -5.14352787e-03,
        8.49767867e-03, -5.83990850e-03, -1.12833874e-02, -3.64890293e-04,
       -1.19872848e-02,  9.12224595e-03,  8.76784232e-03, -1.08510908e-02,
       -1.61259016e-03,  4.75858664e-03, -6.51627779e-03,  5.06384997e-03,
        4.29225992e-03, -7.84150138e-03, -2.40515661e-03,  2.86912825e-03,
       -9.63087287e-03,  3.64377233e-03, -8.89436714e-03, -2.05354928e-03,
       -7.77039491e-03, -2.75898748e-03, -4.99345548e-03, -6.78451266e-03,
       -5.20330435e-03,  6.46925578e-03, -6.70811022e-03,  4.94452659e-03,
       -4.90305247e-03,  4.77867573e-03, -1.35556543e-02,  6.49574562e-04,
       -1.19096367e-03,  8.64292402e-03, -9.66829655e-04,  7.23565556e-03,
       -2.31681392e-03,  7.33545562e-03, -8.90301727e-03,  6.53613824e-03,
       -3.39133330e-05, -1.26390336e-02, -1.49071235e-02, -9.45174601e-03,
        4.85109212e-03, -1.17738014e-02, -1.19874682e-02, -3.52607085e-03,
        8.54256749e-03, -8.94532539e-04, -7.78853253e-04, -1.61422566e-02,
        8.06525117e-04,  1.48051942e-03,  1.77247822e-03,  3.39152827e-03,
       -6.50297385e-03, -1.43929841e-02, -7.96722714e-03,  4.63969959e-03,
        4.66699619e-03,  2.61470675e-04,  9.73282289e-03, -9.65794642e-03,
       -1.33680105e-02, -1.30106378e-02,  3.92199261e-04, -2.79633701e-03,
       -1.60204768e-02, -3.70513677e-04, -6.33504335e-03, -6.60411874e-03,
        3.29236430e-03, -3.38559318e-03,  1.07931187e-02, -6.65739691e-03,
       -1.21445013e-02, -1.34991016e-02, -7.86874816e-03, -1.04467105e-02,
       -1.27263311e-02,  2.75037787e-03, -1.54790999e-02, -2.45433534e-03,
       -1.67772826e-02, -1.13503831e-02, -1.18946750e-02, -1.39986090e-02,
       -6.27022004e-03, -1.55463433e-02, -4.79872571e-04,  1.31366996e-03,
        6.43862924e-03, -2.26650853e-04,  6.17446378e-04, -7.08183087e-03,
        3.42064956e-03, -1.01397438e-02,  6.93480065e-03, -2.23474856e-03,
       -1.24164633e-02, -1.18266661e-02,  3.46175698e-03, -1.36338333e-02,
       -1.14665879e-03, -2.50905287e-03, -3.43431928e-03, -6.07449438e-05,
       -2.96627940e-03, -9.28729773e-03, -8.77935148e-04,  7.56626902e-03,
       -4.07231797e-04,  8.67699087e-03,  5.16469451e-03, -1.24361990e-02,
        3.05033755e-04, -1.47725269e-02,  7.60723418e-03, -5.01995115e-03,
        3.10054608e-03, -1.21729532e-02, -1.29810981e-02, -5.93639961e-05,
        7.84816220e-03,  7.72445695e-03,  9.57439002e-03,  1.20718842e-02,
        4.27888427e-03, -1.36353737e-02, -5.75809227e-03, -1.26045488e-03,
        2.63048708e-03, -8.61274544e-03,  1.16993329e-02,  9.72249894e-04,
        5.95506420e-03,  6.35597564e-04, -1.06047038e-02,  1.01666404e-02,
        9.09528974e-03, -1.30622238e-02, -1.04630888e-02,  6.63102791e-03,
        9.61432792e-03, -1.66304584e-03, -1.41590256e-02,  4.25784662e-03,
       -1.47498110e-02, -6.93480717e-03, -1.34872384e-02, -7.26788025e-03],
      dtype=float32), 'encoder.2.weight': array([[ 0.02680523,  0.01197217, -0.03834352, ...,  0.04801094,
        -0.00247685, -0.00092698],
       [ 0.03020686,  0.02320697, -0.03271509, ..., -0.04837433,
        -0.03154516, -0.01352279],
       [-0.04590359, -0.00384678, -0.01017056, ...,  0.00344924,
         0.03321539,  0.04035103],
       ...,
       [-0.03987607, -0.00631692, -0.02969971, ...,  0.02866088,
         0.00162723,  0.02505451],
       [-0.01741317,  0.00508356,  0.02839412, ..., -0.02434169,
         0.01563793, -0.01731789],
       [ 0.01365346, -0.04366416, -0.00209309, ..., -0.03490725,
         0.01901378,  0.01516873]], dtype=float32), 'encoder.2.bias': array([-0.00431651, -0.01123105,  0.00037169, -0.02057806, -0.01454883,
       -0.02639097,  0.00689966, -0.03889741, -0.03526725,  0.03977727,
       -0.02330298, -0.03014139,  0.01769728,  0.02583726, -0.0012856 ,
       -0.02858276,  0.04022232, -0.00976931,  0.0276125 , -0.00959397,
       -0.00497805, -0.01504432,  0.00664457, -0.03095803, -0.01584792,
        0.00799587,  0.02781832,  0.02548482,  0.02999424,  0.01357662,
       -0.00550348,  0.04192469,  0.01168934, -0.00417535,  0.00746087,
       -0.03006798,  0.00910301, -0.00180138, -0.00789392,  0.02215589,
       -0.00358386,  0.03843012,  0.01504983,  0.0301937 , -0.04019249,
        0.02013413, -0.03445343, -0.00399861,  0.00067564,  0.00389979,
        0.00166609,  0.03705614,  0.00856248,  0.01714375, -0.03731768,
        0.02934386,  0.03512983,  0.03157279, -0.00036688,  0.00081374,
        0.03633048,  0.01453038, -0.03393853, -0.00544176,  0.01375538,
       -0.0225109 , -0.0053742 ,  0.00491419, -0.02136975, -0.02737462,
       -0.00070307,  0.028635  , -0.00618113,  0.02402035, -0.03055361,
       -0.03439079, -0.00831716,  0.00766593,  0.01846801, -0.03981029,
        0.00287644, -0.00936647,  0.0030858 , -0.01721028, -0.01399157,
        0.03603898, -0.02216663, -0.02408526, -0.03251442,  0.0223781 ,
        0.02892625,  0.00530253, -0.02865262, -0.00484591,  0.03410896,
       -0.01517665,  0.00258006,  0.00992578,  0.0410954 , -0.02397082,
        0.01465726,  0.03284906, -0.03925904, -0.01684372, -0.04211406,
       -0.00337638,  0.01740588,  0.03706762,  0.01331848, -0.01854945,
        0.00372692, -0.04565528, -0.02341607, -0.03796219,  0.02656442,
        0.03757719, -0.03303392,  0.00731745,  0.01333468, -0.01103437,
        0.01797975, -0.03677942,  0.02358546,  0.03380599, -0.03891526,
       -0.04531138, -0.03407015, -0.02824768, -0.01000605,  0.01092966,
        0.00724027, -0.04405288,  0.03455634,  0.0359708 ,  0.01531728,
       -0.00039795,  0.00040727, -0.026186  , -0.01741639,  0.01008551,
        0.01190891,  0.02027155,  0.01411218,  0.00207667, -0.01442395,
       -0.0019097 ,  0.00686896,  0.00339922,  0.03906504,  0.01989601,
        0.01917351,  0.02688968, -0.00349123, -0.04457445, -0.04519562,
       -0.00073474,  0.01515831, -0.03124595,  0.03588558, -0.00262067,
        0.00630476, -0.01848472,  0.02889889,  0.01897138, -0.00229966,
        0.00970646, -0.03060359, -0.01683201, -0.0409363 ,  0.00876087,
        0.04186728,  0.00864399, -0.02099044, -0.01948394,  0.00781347,
        0.01300979, -0.01350296, -0.0075029 , -0.00816464, -0.01301821,
        0.02264201,  0.02387564, -0.02340847,  0.03105887, -0.00377192,
       -0.00951734, -0.02561856,  0.01977939, -0.00458726, -0.01151614,
        0.01588653, -0.01742256,  0.03280995, -0.04167293, -0.02399185,
        0.02390215, -0.00934852,  0.00564777, -0.00995928, -0.04218117,
        0.01143529, -0.04242088, -0.02382927,  0.04303876,  0.02237207,
       -0.04328337, -0.00550829, -0.00210007, -0.01485234,  0.01425967,
        0.0058254 , -0.00406937,  0.04622108,  0.00167098,  0.00536206,
       -0.03390244, -0.03846898, -0.01325237,  0.03279195,  0.0004493 ,
       -0.01628179,  0.00346329, -0.02997357, -0.04102815, -0.02327941,
       -0.04990865,  0.01836167,  0.04204392,  0.03459702, -0.01370922,
       -0.01243162,  0.01726094, -0.02603528, -0.04599228, -0.00088056,
        0.01829413,  0.00326181,  0.01064014, -0.00571691,  0.03404315,
       -0.04168436, -0.00317041, -0.03105965, -0.04261066,  0.01619665,
        0.03645639,  0.01617141, -0.0011972 , -0.00537403, -0.01047969,
        0.03380594, -0.01202518, -0.02868729,  0.00254831, -0.04983151,
        0.038743  ,  0.00936352,  0.00283498,  0.01358228, -0.03264679,
        0.03613276, -0.0265022 ,  0.01058026,  0.02841952,  0.03484705,
       -0.00062913,  0.02829514, -0.01820371, -0.02134778, -0.00762795,
        0.04168173,  0.03011974,  0.00875153, -0.03027458, -0.01165253,
        0.02655824, -0.04529602, -0.01897203,  0.02920468,  0.01486671,
        0.04202893,  0.02422654, -0.030885  , -0.02763376, -0.00416306,
        0.01608025,  0.02294164, -0.00506927, -0.00525037,  0.00218593,
       -0.04960466, -0.00880962,  0.04354571, -0.00829049, -0.02016022,
        0.03158881,  0.02976437, -0.01469242,  0.03100996, -0.00935819,
        0.01759471,  0.01617836,  0.00748191, -0.00834075,  0.02602916,
       -0.03546236, -0.00338191,  0.00145844, -0.01090591,  0.0132183 ,
       -0.00743264, -0.02335107, -0.02000499, -0.04822827,  0.01995996,
       -0.02680239,  0.05050886, -0.01102753,  0.03660659, -0.02215356,
       -0.01184021,  0.04108546,  0.01207364,  0.00314939,  0.00232978,
       -0.04203413,  0.01975016, -0.02682865, -0.0239313 ,  0.01286516,
        0.00348941,  0.03757565, -0.00776828, -0.0282348 ,  0.00173761,
       -0.01187287,  0.05016209,  0.00519295,  0.00546484,  0.020754  ,
        0.02523741, -0.00897886, -0.02983216, -0.02184822, -0.04074582,
        0.02346964, -0.03224463,  0.00806864,  0.01967252, -0.03526433,
        0.00499048, -0.02804768,  0.04206017,  0.04097433, -0.00606506,
       -0.0247431 ,  0.03884106, -0.04343003, -0.04305483,  0.02679607,
        0.00612232, -0.00215672, -0.00023888, -0.01570892, -0.00427471,
       -0.02001374, -0.01997483,  0.0422761 , -0.01709777, -0.00312172,
       -0.02854024,  0.04471058,  0.02097022, -0.00548792,  0.04497955,
       -0.02475022, -0.02982155,  0.04288295,  0.0335998 ,  0.0199794 ,
       -0.03474066, -0.01987712,  0.04195626,  0.01519502,  0.00569476,
        0.030393  ,  0.0318045 ,  0.0166549 ,  0.03516098, -0.03067067,
        0.01730073,  0.03161752, -0.01723569,  0.02180976, -0.01880314,
       -0.01433477, -0.03492844,  0.03002001,  0.02356278, -0.00835395,
        0.03868422,  0.04097826,  0.00375515,  0.010062  ,  0.03052043,
       -0.03058298,  0.03745073, -0.04043977, -0.00375243, -0.04672929,
        0.0441531 ,  0.03204364,  0.01934478,  0.00286495,  0.03064251,
       -0.00879331,  0.00372142, -0.03308938, -0.01125759, -0.02344549,
       -0.01940352,  0.01511045,  0.02484596,  0.01622276,  0.03616023,
       -0.01378423,  0.02097037,  0.030982  ,  0.03870374,  0.00705464,
        0.03969451,  0.01162244, -0.02850007, -0.01964116, -0.04568629,
        0.04378551, -0.01637881, -0.04191962, -0.0045442 ,  0.0050411 ,
       -0.03309182, -0.01088459,  0.00057525, -0.04096172,  0.00909501,
        0.00701903, -0.00988403, -0.01390873, -0.03557644, -0.04925996,
       -0.0455819 , -0.00333328, -0.04780518, -0.01107599, -0.03253062,
       -0.0026053 , -0.03767564, -0.04661273,  0.02831544, -0.04234072,
        0.02227292, -0.01639092,  0.03139702,  0.02530398,  0.03801031,
       -0.00996783, -0.0063407 , -0.03280695, -0.03755519,  0.03914194,
        0.02421026, -0.01914107,  0.02294636,  0.00317807,  0.03214361,
        0.00256523,  0.02041205,  0.02039124, -0.00920208, -0.00864548,
        0.02369987, -0.02460212, -0.03050378,  0.04079607, -0.02250825,
        0.00111016, -0.02309263, -0.03415333, -0.01457084,  0.03302355,
       -0.0402591 ,  0.02601421,  0.01795251,  0.02633475,  0.01646842,
        0.02519387, -0.00258479, -0.02342988, -0.01085664, -0.01375843],
      dtype=float32), 'encoder.4.weight': array([[-0.04760111, -0.04136364, -0.03118137, ..., -0.02550202,
         0.01185588,  0.00175703],
       [ 0.03702297, -0.00416711, -0.00913558, ..., -0.00079614,
        -0.00497193, -0.02781288],
       [ 0.00071768,  0.02508686,  0.035318  , ...,  0.02115143,
        -0.02119951, -0.02874927],
       ...,
       [ 0.00358265, -0.00180155,  0.00719007, ..., -0.02409418,
         0.00171523,  0.0378031 ],
       [ 0.02971541, -0.02646307, -0.03703956, ...,  0.01701018,
         0.0234079 , -0.00052172],
       [-0.03842032, -0.02919388, -0.00474462, ..., -0.03853157,
        -0.02160329,  0.00777715]], dtype=float32), 'encoder.4.bias': array([-0.00827689,  0.03250615, -0.01948521, ...,  0.00994846,
       -0.04634242,  0.03583836], dtype=float32), 'encoder.6.weight': array([[-0.0041819 , -0.01641607, -0.00610129, ...,  0.00523512,
        -0.02261109,  0.01735768],
       [-0.00192364, -0.01234917, -0.01597647, ..., -0.00084634,
         0.01307149, -0.00892931],
       [-0.00619071,  0.01477514, -0.0039932 , ...,  0.00696709,
        -0.02784221,  0.00108373],
       ...,
       [ 0.00502544,  0.0228279 , -0.01221857, ..., -0.01620275,
         0.01372592,  0.00084238],
       [-0.01718465, -0.00013319,  0.00483054, ..., -0.01175592,
         0.02233407, -0.02006319],
       [ 0.02334914, -0.01576119, -0.01834734, ..., -0.01000371,
         0.01171544,  0.01197883]], dtype=float32), 'encoder.6.bias': array([ 0.01042024,  0.01544647,  0.01435375,  0.00907564,  0.0018052 ,
       -0.00919406,  0.00204584, -0.01401115, -0.00126328, -0.01571708],
      dtype=float32), 'decoder.0.weight': array([[ 0.24406035,  0.10759997,  0.22025213, ...,  0.16718446,
        -0.29030764,  0.07561614],
       [ 0.04419297,  0.29529905,  0.24533606, ...,  0.00802271,
        -0.12284833, -0.16645363],
       [-0.11023697, -0.00878421,  0.18123068, ..., -0.20269299,
        -0.01520202,  0.11078217],
       ...,
       [ 0.21806175,  0.17589407, -0.1307368 , ..., -0.02705384,
        -0.18272017,  0.1275429 ],
       [-0.19098088, -0.11115199,  0.03520517, ...,  0.20605828,
         0.04625979,  0.1547244 ],
       [-0.07679218,  0.19144234, -0.11255421, ..., -0.03415414,
         0.11298274, -0.18565397]], dtype=float32), 'decoder.0.bias': array([ 0.09185207,  0.23860656, -0.25044772, ..., -0.12800322,
        0.14217083,  0.13424225], dtype=float32), 'decoder.2.weight': array([[-0.0213626 , -0.01029866, -0.02051528, ...,  0.01718938,
         0.0136258 ,  0.01680507],
       [-0.02610663, -0.01192772,  0.02133809, ...,  0.02171475,
         0.01284178,  0.02289803],
       [ 0.01680366,  0.0208811 ,  0.00110318, ..., -0.00887252,
         0.00752357,  0.00793275],
       ...,
       [-0.01594837,  0.01365652,  0.00940852, ..., -0.00221187,
         0.01428868, -0.0176459 ],
       [-0.01480249,  0.01679897, -0.00066703, ...,  0.01020199,
        -0.00226367, -0.01867174],
       [ 0.01146443, -0.0071633 , -0.00421191, ...,  0.00468032,
        -0.01848259,  0.00576468]], dtype=float32), 'decoder.2.bias': array([ 9.66708921e-03,  1.38511546e-02,  1.37832677e-02, -2.72164047e-02,
        2.20366064e-02,  5.99727733e-04,  4.43596626e-04, -1.38922129e-02,
       -1.13296816e-02, -2.71887030e-03, -2.81332759e-03, -6.60902122e-03,
        7.27205817e-03,  1.00228852e-02,  8.76977341e-04, -3.13276192e-04,
        2.08693165e-02, -6.30401913e-03, -1.07020335e-02, -2.05651820e-02,
       -1.85117591e-02, -1.63670368e-02, -7.31164636e-03, -2.88370554e-03,
       -6.83585042e-03,  1.10192839e-02,  2.88736597e-02, -2.72583384e-02,
       -1.71898082e-02, -2.98191793e-02,  1.39209693e-02, -2.09657103e-02,
       -1.11730015e-02, -2.60925293e-02, -2.10910141e-02, -1.55988624e-02,
        2.85569225e-02, -2.05671582e-02, -2.46365443e-02, -6.85430877e-03,
        1.20127143e-03,  2.34706644e-02,  1.44514954e-02, -1.67562049e-02,
       -2.45020632e-03, -2.09364630e-02, -1.34196202e-03,  5.83095476e-03,
        5.42883947e-03,  1.44488877e-02,  2.88701523e-02, -2.26139184e-02,
        1.60169378e-02,  3.26360762e-02,  3.64880799e-03,  8.82496312e-03,
       -2.63592624e-03,  8.15574266e-03, -3.38337128e-03, -6.56525698e-03,
       -2.14955434e-02,  1.04692457e-02, -2.42283614e-03,  1.36224097e-02,
        3.79391271e-03,  7.15381186e-03, -2.24215370e-02,  1.37317693e-03,
        1.95659660e-02,  1.70151666e-02, -1.73240416e-02, -7.94119434e-04,
       -4.80376976e-03, -4.74952115e-03,  8.08380544e-03, -5.24125854e-03,
        1.09271919e-02,  2.85264980e-02,  1.78773683e-02, -9.33078956e-03,
       -6.57795370e-03,  1.19163338e-02,  2.10762769e-02, -8.36574472e-03,
        3.18116620e-02,  1.99858658e-02, -2.59934505e-03, -1.23278238e-02,
        1.35341426e-02, -4.76583466e-03,  8.80817324e-03, -1.51701262e-02,
       -1.14244083e-02,  2.56447941e-02,  2.44069360e-02,  1.48463883e-02,
        1.48971332e-02,  1.69013254e-02, -1.77945588e-02,  1.96949299e-03,
        1.95750617e-04,  3.16981934e-02,  8.90942104e-03, -5.88525739e-03,
       -3.18483473e-03, -3.89659056e-03,  6.58133673e-03,  2.70388648e-02,
        1.27918990e-02,  1.62001941e-02,  1.56097058e-02, -1.62289571e-02,
        1.67263541e-02,  3.95093765e-03, -8.34798720e-03, -3.20445583e-03,
       -9.72982682e-03,  3.57525721e-02,  1.38052003e-02, -1.55165000e-02,
       -1.60847101e-02, -1.00997463e-02, -1.88022181e-02,  2.90339701e-02,
       -2.02707760e-02, -6.10441249e-03,  1.65678691e-02,  4.88888053e-03,
       -9.29975323e-03,  7.12961052e-03, -1.84955914e-03,  7.69202248e-04,
       -3.61548387e-04, -2.28605010e-02,  1.25572542e-02, -1.59012079e-02,
        9.28375032e-03, -6.79672603e-03, -1.33022841e-03,  1.60687082e-02,
        5.93541982e-03, -7.29728863e-03,  6.27558958e-03,  2.55005695e-02,
        3.02837305e-02, -3.40992655e-03, -1.89116877e-02, -1.31542655e-02,
       -9.36200283e-03, -1.58714000e-02,  1.01215893e-03,  2.15149042e-03,
        2.84661949e-02,  1.99103057e-02, -5.40893059e-03,  8.72867648e-03,
        6.43464690e-03, -7.63438782e-03,  1.97393708e-02,  7.51966890e-03,
       -1.77829303e-02, -4.13792953e-03, -9.81361954e-04, -9.15808789e-03,
        1.71608068e-02,  1.93203241e-02,  1.89162511e-02,  2.07670573e-02,
       -4.64548450e-03, -7.27290986e-03,  3.63655086e-03,  6.11202512e-03,
        1.64729469e-02,  9.48755478e-04,  2.68950011e-03, -1.17625447e-03,
        1.05637172e-02, -3.21112014e-03,  1.34602068e-02,  4.09006653e-03,
        1.37116369e-02,  1.44255022e-02,  1.18194651e-02,  1.14230020e-02,
       -1.03454655e-02,  5.97635144e-03,  1.37829464e-02, -6.25213236e-03,
        8.49970896e-03,  1.52311930e-02, -2.21365765e-02, -3.43584479e-03,
        1.15679801e-02,  2.19451655e-02,  1.21848164e-02,  7.91478157e-03,
        1.31939342e-02,  1.70257352e-02, -2.18066350e-02,  9.93816089e-03,
        1.87986530e-02, -2.30853613e-02,  9.81356110e-03,  2.28685662e-02,
        7.08182994e-03,  2.19787993e-02,  1.32615315e-02,  6.52742805e-03,
        5.88891329e-03,  7.36227212e-03, -2.73268055e-02, -1.02561992e-02,
       -1.81442462e-02, -2.05372479e-02,  1.91815216e-02,  9.05775186e-03,
       -1.55206099e-02, -9.38957930e-03, -1.76451413e-03,  3.52134332e-02,
       -1.60475168e-02, -1.39195798e-02,  1.39083834e-02, -1.14831049e-02,
        5.26933186e-03,  2.23802496e-03,  7.42185256e-03,  6.48635393e-03,
        2.07273895e-03, -8.45906138e-03, -8.52502137e-03,  1.28229558e-02,
        4.06423444e-03,  5.90512156e-03, -2.82183904e-02, -1.96585972e-02,
        1.75206903e-02,  1.23394383e-02,  1.89706851e-02, -1.47767784e-02,
       -7.77459284e-03, -2.21193247e-02,  2.62247678e-03, -1.79134980e-02,
        1.65515151e-02, -1.39293587e-02,  1.66578218e-02,  2.21329331e-02,
        1.65424757e-02,  1.21666202e-02, -1.60755906e-02,  5.26651507e-03,
        3.08220537e-04,  2.33888067e-02,  1.36012733e-02, -9.92378220e-03,
        2.99121290e-02,  1.19212791e-02, -7.58801121e-03, -1.93602638e-03,
        2.74725701e-03, -1.70428492e-02,  5.44182304e-03,  1.02631152e-02,
       -8.06862197e-04, -1.09801656e-02, -7.77148735e-03, -2.09109820e-02,
        1.73333362e-02,  5.00408281e-03,  5.21291280e-03, -4.30874992e-03,
        2.89480332e-02, -2.10988130e-02, -1.25364419e-02,  5.50282001e-03,
        1.69740301e-02,  4.79471684e-03, -5.14961826e-03,  1.81259587e-02,
        6.41645724e-03, -2.74453647e-02, -2.34317388e-02,  7.62955891e-03,
        1.33190211e-02,  8.45358148e-03, -1.09312655e-02, -2.09588893e-02,
        2.97694113e-02, -1.33068981e-02,  1.50827132e-02,  8.28540511e-03,
       -8.66530184e-03,  1.14422664e-02,  5.16024884e-03, -1.48963984e-02,
        1.04522351e-02,  2.27803718e-02,  5.99029567e-03, -7.61130312e-03,
       -1.77961122e-02, -5.50500304e-03, -2.66702697e-02,  1.57404654e-02,
        1.08928680e-02, -1.88527107e-02, -6.60056481e-03,  4.62875608e-03,
       -2.41308901e-02,  1.34585761e-02,  6.31109113e-04,  1.84282940e-02,
       -8.39241687e-03, -2.20314357e-02, -8.68601538e-03,  9.20044445e-03,
        1.28980735e-02,  9.36026778e-03, -2.47070827e-02, -2.24198140e-02,
        3.41817201e-03, -2.13901624e-02,  5.67202363e-03,  1.36693679e-02,
       -1.16400989e-02, -2.85345223e-03,  6.74023817e-04, -1.25636104e-02,
        1.34177022e-02,  1.99677218e-02, -2.13997681e-02, -4.12930595e-03,
        9.00652632e-03,  4.86665545e-03,  3.61116156e-02,  4.46286192e-03,
       -2.56127864e-02, -8.75429250e-03,  6.94184005e-03,  5.07149007e-03,
        2.32514460e-02,  1.79557633e-02, -9.96190775e-03,  2.68651377e-02,
       -2.16509458e-02, -1.75910108e-02,  3.52420425e-03, -4.96502733e-04,
        3.03280447e-02,  2.12391894e-02,  2.38279393e-03, -1.80864893e-02,
       -8.08328949e-03,  1.85512230e-02,  5.99014154e-03,  2.09936909e-02,
       -1.42781222e-02,  7.66268326e-03,  9.31480527e-03, -1.06195584e-02,
        1.50117585e-02,  1.32003883e-02, -9.98700690e-03,  5.57019096e-03,
       -1.12595432e-03,  2.23913379e-02,  5.31480042e-03, -1.51663870e-02,
        1.80980749e-02, -1.86479278e-02, -2.01876406e-02,  1.18161971e-02,
        3.05059925e-02, -7.38032919e-04,  2.19673067e-02,  1.30842840e-02,
        3.17715434e-03,  3.59716825e-03,  2.30212845e-02,  2.61616074e-02,
       -1.33567005e-02, -9.79378726e-03,  2.14432888e-02,  1.34382388e-02,
       -1.89149880e-03, -1.85429938e-02, -1.38337212e-02, -1.75858650e-03,
       -1.25137419e-02,  1.83492787e-02,  2.02883724e-02,  1.31984556e-03,
       -5.71737485e-03, -2.37936098e-02, -9.45431646e-03, -1.86454505e-02,
       -2.46042069e-02, -2.05777176e-02,  8.87965504e-03, -2.20351666e-02,
        2.78735366e-02, -2.12596655e-02,  1.97601691e-02,  1.61574017e-02,
       -2.19008443e-03,  4.29427810e-03, -5.63783944e-03,  1.82878710e-02,
       -3.43177188e-03, -1.59411468e-02,  2.08167620e-02,  7.23978458e-03,
       -2.21552830e-02,  1.35178678e-03,  8.84373020e-03, -1.16739534e-02,
        1.55469663e-02,  3.04399878e-02,  5.86074032e-03,  1.44432867e-02,
        1.69481710e-02, -1.05536859e-02, -1.38881644e-02,  1.09934516e-03,
        2.50516031e-02,  1.44809391e-02,  1.05316956e-02,  3.42815667e-02,
        2.25705598e-02, -2.76433537e-03, -3.76158248e-04,  1.77572425e-02,
       -1.66890286e-02, -1.53455092e-03,  8.73610284e-03,  1.89571232e-02,
        3.88190243e-03,  1.69193130e-02, -1.50444917e-02, -7.46344216e-04,
        1.38273574e-02,  5.57279959e-03, -4.78752569e-04,  1.75821874e-02,
        6.45060232e-03, -1.57062989e-02,  1.57153215e-02,  9.67248157e-03,
       -1.02076819e-02, -1.36662107e-02,  2.95424648e-02,  1.60736889e-02,
       -8.84075277e-03,  5.52294776e-04,  2.62884852e-02, -1.77823026e-02,
        2.92815510e-02,  1.47622603e-03,  1.68963452e-03,  1.95880290e-02,
       -5.88675449e-03, -1.52976085e-02, -2.03364305e-02,  9.97110456e-03,
       -5.54095116e-03, -1.46809351e-02, -2.18257587e-02,  1.06320130e-02,
        6.85241632e-03, -8.59471984e-05,  3.27823684e-03,  1.33835021e-02,
        2.12231204e-02,  1.80086493e-02,  1.54343769e-02, -1.60903055e-02,
        4.24770452e-03,  5.35717001e-03,  3.31098549e-02,  5.96147031e-03,
        5.89996530e-03, -8.86256061e-03,  4.02436964e-03, -1.67875970e-03,
        1.23708826e-02,  1.90706663e-02, -2.19234210e-02, -1.45552335e-02,
       -1.21002179e-03, -5.36522269e-03, -2.41445098e-02, -1.44211473e-02,
        1.29038375e-02,  5.29594766e-03,  1.58191888e-05,  1.64100043e-02,
       -1.51279876e-02, -1.01500498e-02,  1.90077890e-02,  3.95018468e-03],
      dtype=float32), 'decoder.4.weight': array([[ 0.0400582 ,  0.02085467, -0.02850643, ...,  0.00686549,
         0.02611219,  0.03049944],
       [-0.01154575,  0.05736759, -0.00455554, ..., -0.01107129,
         0.03059573,  0.00200875],
       [-0.00453049, -0.03485138,  0.00998313, ...,  0.03805373,
        -0.02331756,  0.00757893],
       ...,
       [ 0.02750816, -0.03689849, -0.02858326, ...,  0.00529638,
         0.03304239, -0.02653823],
       [ 0.02766735, -0.0433962 ,  0.0296419 , ..., -0.02800535,
         0.00991859,  0.02132252],
       [-0.03546097, -0.01068136, -0.01496491, ...,  0.00172038,
        -0.02273184,  0.0165037 ]], dtype=float32), 'decoder.4.bias': array([-1.93822496e-02,  4.47511636e-02,  2.83851046e-02, -2.35827025e-02,
        3.54040414e-02, -8.02544132e-03,  4.21002088e-03,  1.38324667e-02,
        1.19270384e-03, -1.34535860e-02, -4.18713689e-02,  6.09893352e-04,
       -2.40899418e-02,  3.31775472e-02, -1.55837284e-02, -4.88868058e-02,
        6.89610234e-03, -3.63968201e-02,  2.48982739e-02, -2.60236152e-02,
        4.07446176e-02,  2.90031489e-02,  2.27304660e-02, -5.19102737e-02,
       -2.10242104e-02, -1.94695052e-02,  3.04642208e-02,  2.85184067e-02,
       -3.95529047e-02,  3.34906764e-02, -3.94111983e-02,  2.95252725e-02,
        1.38776107e-02,  2.56534815e-02,  1.31198745e-02,  1.12734418e-02,
        2.36366715e-04,  2.45057419e-03,  3.55333164e-02,  5.25932293e-03,
       -1.77923869e-02,  1.74622182e-02, -1.52045526e-02, -1.43048156e-03,
       -1.63861942e-02, -3.68193686e-02,  2.05652751e-02, -3.36816022e-03,
        2.09729187e-02,  1.22688413e-02, -7.83128105e-03, -1.12483045e-02,
        2.22722050e-02,  4.28109840e-02, -4.87298816e-02,  2.40151752e-02,
       -1.75775439e-02, -1.28318733e-02, -4.08376865e-02, -3.03328689e-02,
       -2.54345126e-02,  3.71641181e-02,  4.80444962e-03,  9.46231652e-03,
       -2.44092848e-02, -2.00952310e-02, -1.43178934e-02,  4.56472579e-03,
        3.80231403e-02,  3.12512927e-02, -1.24296248e-02,  3.69992331e-02,
       -2.52108257e-02, -3.60957580e-03, -4.70515043e-02,  2.88384389e-02,
        6.55298773e-03, -7.90579058e-03, -2.50510406e-02, -8.41950532e-03,
        1.29803391e-02,  3.31512354e-02, -2.83082016e-02,  5.83967706e-03,
        1.70803051e-02, -3.16417068e-02, -3.05838767e-03,  3.11586820e-02,
        4.16543111e-02, -3.03419270e-02,  2.42895633e-02,  2.57206373e-02,
        5.26552740e-03, -1.13079697e-02, -2.83622444e-02,  2.68098209e-02,
        3.26096378e-02, -1.12453895e-02, -2.93757785e-02,  2.53196899e-02,
       -1.82586331e-02,  1.99415721e-02, -1.70394797e-02, -3.11487392e-02,
       -3.29985991e-02,  2.50218194e-02,  6.23087632e-03, -1.71330050e-02,
       -4.36190935e-03, -4.02519628e-02, -2.13529281e-02, -2.01596804e-02,
       -1.08575588e-02,  1.77355278e-02, -2.75190342e-02,  5.90801872e-02,
        3.62352505e-02,  2.73208581e-02,  3.03697214e-02, -2.81919651e-02,
        1.10794194e-02, -1.27756924e-04, -4.41215150e-02,  4.06783596e-02,
        6.78350916e-05, -1.68758426e-02, -2.75865365e-02,  3.39672193e-02,
       -3.76840867e-02,  5.61067425e-02,  7.74275465e-03,  1.09374829e-04,
       -2.44829748e-02,  2.07301811e-03, -4.73787673e-02,  2.44737994e-02,
        4.80563678e-02, -3.90014388e-02,  4.33310121e-02, -4.01364788e-02,
        2.07297690e-02, -4.18944098e-02,  3.51925567e-03, -2.71994695e-02,
        2.70304512e-02,  2.11475249e-02, -9.12383478e-03,  4.50250838e-04,
        3.20711248e-02,  2.13988707e-03,  1.75145902e-02,  6.95726788e-03,
       -3.54634114e-02, -3.48693808e-03, -2.52143499e-02,  4.66381200e-02,
        8.95134453e-03,  4.17657495e-02,  3.40913273e-02, -1.95293091e-02,
       -1.75752491e-02,  1.89789315e-03,  1.42996870e-02, -2.22672299e-02,
       -4.35872190e-02, -3.26135047e-02, -1.60158575e-02, -1.57822780e-02,
        2.01232918e-02,  3.03674378e-02,  3.32077853e-02, -2.04069056e-02,
        4.30881567e-02,  2.40822062e-02,  2.35891398e-02,  1.22825177e-02,
       -1.66087281e-02,  2.04317421e-02, -4.61773016e-06,  1.08406600e-03,
       -4.21103798e-02, -2.83919349e-02, -2.43738499e-02, -8.23412091e-03,
        3.22294459e-02,  6.85862266e-03,  2.80784760e-02,  6.87527889e-03,
       -3.44841625e-03, -3.73389460e-02,  1.69824585e-02, -6.96611882e-04,
       -3.60282362e-02,  2.20332295e-02,  4.33447026e-02,  3.40356827e-02,
        9.20891389e-03, -4.23055999e-02, -3.64624597e-02,  2.72669587e-02,
        3.73835117e-02, -1.72326621e-02, -1.33599127e-02,  3.55567373e-02,
        4.05175947e-02,  3.60061042e-02,  8.38531461e-03,  1.30313979e-02,
       -6.99413661e-03,  2.29358394e-02,  2.21661627e-02,  1.75019987e-02,
        4.01187986e-02,  1.69929359e-02, -1.30876582e-02,  4.17964067e-03,
        6.09208606e-02,  1.56702232e-02, -4.57640253e-02,  3.84622067e-02,
        4.67077717e-02,  3.04976758e-02, -4.51564835e-03,  2.05331612e-02,
       -6.40906207e-03,  1.11908894e-02, -2.73394994e-02,  3.37278806e-02,
       -1.36561040e-02, -2.99642864e-03,  6.30669156e-03,  3.52063067e-02,
       -2.20957529e-02,  2.64380332e-02, -3.80077101e-02, -7.94424117e-03,
       -7.58020859e-03,  3.24096121e-02,  9.47728660e-03, -2.31850334e-02,
       -1.41052427e-02,  7.43873930e-03,  7.02763814e-03,  1.45711908e-02,
        2.66251191e-02, -3.53479348e-02,  2.28026789e-02,  3.77569534e-02,
       -4.58517931e-02, -1.75086118e-03,  9.44803189e-03,  3.90996635e-02,
       -3.25386263e-02, -3.73166688e-02,  4.06201556e-02, -6.47585560e-03,
        1.82996225e-02, -4.03589197e-03,  2.56377496e-02, -1.27038760e-02,
       -2.79637910e-02, -2.40884367e-02, -1.76850148e-02,  3.30823623e-02,
       -4.48625907e-02, -6.85591344e-03, -5.57131227e-03, -2.50936821e-02,
       -1.33473938e-02,  4.50708717e-03, -1.37959877e-02, -1.04635581e-02,
       -5.22022322e-02,  3.05204038e-02,  2.94100735e-02, -1.83281265e-02,
       -1.24251135e-02, -1.14820888e-02,  5.50656021e-02, -1.75916590e-02,
       -2.07074881e-02, -8.51240940e-03,  5.36249913e-02, -1.61901396e-02,
        3.34854685e-02, -3.85003723e-02,  8.78502242e-03,  3.91373076e-02,
        1.40966941e-02,  4.35094610e-02, -8.07158556e-03,  1.96596645e-02,
       -1.43978568e-02,  3.99173535e-02, -2.43605301e-02,  5.99614009e-02,
        2.51451991e-02, -3.86110283e-02,  1.16565237e-02, -1.02248006e-02,
       -1.96458492e-02, -4.22860384e-02,  3.64697613e-02, -1.03372457e-02,
        4.11160896e-03, -4.29216661e-02, -2.80179251e-02, -1.20310253e-02,
        1.75591838e-02,  2.49649473e-02, -5.20182401e-03,  3.33119556e-02,
        2.40654685e-02, -6.47043670e-03,  3.51201855e-02,  7.79121183e-03,
        2.89730001e-02, -2.47792937e-02, -4.98628654e-02,  1.09610008e-02,
        1.29257077e-02, -3.49551775e-02,  8.77242722e-03, -2.47569457e-02,
        1.36062717e-02, -4.01462615e-02, -7.56111043e-03,  1.18226549e-02,
       -2.32353490e-02,  5.43011306e-03, -9.66783147e-04,  2.17430759e-02,
        2.85287444e-02,  9.18300729e-03,  3.50386277e-02, -2.66853943e-02,
       -1.84891522e-02, -2.97418460e-02, -2.14569774e-02, -2.09748726e-02,
       -1.43995918e-02, -5.34548471e-03,  5.81081323e-02,  2.70355381e-02,
        2.22271327e-02,  9.27718636e-03,  1.36218322e-02, -2.17994545e-02,
        1.14023201e-02,  3.98110552e-03, -3.12857218e-02, -4.55819070e-03,
       -1.82570722e-02,  3.45973149e-02, -6.63163373e-03, -3.54387537e-02,
       -2.50268858e-02,  1.04635544e-02,  1.59227904e-02, -3.04980073e-02,
       -2.09172093e-03,  3.71638453e-04, -3.36112306e-02, -4.60118130e-02,
        2.12540999e-02,  5.52549399e-02,  3.95132825e-02,  1.37676746e-02,
       -1.96035318e-02,  3.17896940e-02, -2.31113061e-02,  1.38231344e-03,
        2.15873998e-02,  5.68913855e-03, -1.54831801e-02, -1.00161396e-02,
        3.66053469e-02,  2.39743553e-02,  9.19293985e-03,  5.20799197e-02,
       -4.86197360e-02,  9.93099995e-03, -1.36087285e-02, -5.18812193e-03,
        1.51743609e-02,  5.67298345e-02, -4.20999993e-03, -4.57111094e-03,
       -2.62985658e-02,  3.50276828e-02, -3.38476524e-02,  4.03011069e-02,
        2.87064239e-02, -2.86537837e-02, -3.49927531e-03,  4.82614385e-03,
        3.76382433e-02, -2.82020569e-02, -1.92012847e-03, -1.34765180e-02,
        4.16096859e-02,  1.98905282e-02, -3.47742997e-02, -4.06179354e-02,
        2.96115130e-02,  2.33583227e-02, -2.79114023e-02, -2.90881414e-02,
        4.31563100e-03,  4.61850651e-02,  5.82118193e-03, -3.97646166e-02,
        2.12447215e-02, -4.12590504e-02,  2.41956711e-02,  3.48823592e-02,
       -2.20554648e-03, -2.90360842e-02,  4.49155457e-02, -3.24981324e-02,
       -1.23928105e-02,  1.61298551e-02,  3.11394706e-02, -3.38589326e-02,
       -8.29226896e-03,  1.37831066e-02, -2.56233360e-03, -4.29943167e-02,
       -4.44048047e-02,  5.75258490e-03,  5.01432009e-02,  2.54155379e-02,
       -3.03744394e-02, -2.76258774e-02, -2.42769755e-02,  4.55690399e-02,
       -7.78030558e-03, -4.31981869e-02,  1.79982428e-02, -2.72836462e-02,
       -1.49741862e-03,  3.07004787e-02,  3.24257612e-02,  2.43808851e-02,
        4.60800044e-02,  4.52989489e-02,  2.48004571e-02, -5.16680554e-02,
        2.50456091e-02, -2.24647783e-02,  2.15649009e-02, -3.93754542e-02,
       -7.23397173e-03, -1.85545646e-02,  1.14330268e-02,  6.25564437e-03,
        3.17814015e-02, -1.91546977e-02,  3.60667184e-02,  4.82501201e-02,
       -1.82310194e-02, -2.58403830e-02, -3.39826569e-02,  3.88308018e-02,
        2.01443154e-02,  3.11980732e-02,  5.57489730e-02, -2.40511391e-02,
        3.94492038e-02, -3.91170792e-02,  3.76023278e-02, -5.05085057e-03,
        1.03542404e-02,  3.31857428e-02, -3.50496098e-02,  1.43115083e-02,
       -1.96938273e-02,  2.72195004e-02, -8.51580966e-03,  1.84969902e-02,
       -2.51546632e-02,  3.16790747e-03,  2.15080921e-02, -3.89957130e-02,
       -3.15347463e-02, -1.14924498e-02, -2.70069931e-02,  5.21653295e-02,
        7.49486173e-03, -3.82765159e-02, -4.22694348e-02, -3.71707827e-02,
       -2.45295521e-02, -1.19369533e-02, -4.11736965e-02, -1.83800608e-02,
        2.12137382e-02, -4.64330316e-02,  4.01551723e-02,  7.45546678e-03],
      dtype=float32), 'decoder.6.weight': array([[-0.02880784,  0.07987642, -0.01336   , ...,  0.0445839 ,
        -0.03333885,  0.03988479],
       [-0.00802094, -0.0197767 ,  0.0166936 , ..., -0.03351797,
         0.01790835,  0.01702183],
       [-0.02934376,  0.02852578, -0.04248392, ...,  0.04711889,
        -0.00032559, -0.00543609],
       ...,
       [-0.01541429,  0.01482847,  0.04077481, ..., -0.03604055,
         0.01848499, -0.02444529],
       [-0.03954595, -0.00389066, -0.0366329 , ..., -0.0083226 ,
         0.01043891, -0.01316819],
       [ 0.0332382 ,  0.03410973, -0.00466394, ..., -0.02400587,
         0.01972779, -0.02265518]], dtype=float32), 'decoder.6.bias': array([ 0.01576583,  0.00046171, -0.04709931, ..., -0.03722578,
       -0.00111252, -0.01387372], dtype=float32)}
[Time: 12.01.25 12:10:16] [Level: info] [State: aggregate] {'encoder.0.weight': array([[-0.03151754,  0.02828612,  0.01652404, ..., -0.01693884,
         0.01529421, -0.02352628],
       [-0.00431972, -0.03401753, -0.02083246, ...,  0.0060896 ,
        -0.03967135, -0.00944646],
       [ 0.07137252, -0.0530407 , -0.01071592, ..., -0.04552313,
         0.00287835, -0.02943711],
       ...,
       [-0.0142105 ,  0.01477803,  0.04170598, ...,  0.03669974,
        -0.02006586, -0.00383214],
       [ 0.0121806 ,  0.00672474,  0.00585391, ...,  0.00769522,
        -0.03802048,  0.0007158 ],
       [-0.0377046 , -0.02065074, -0.02454979, ..., -0.01173967,
         0.00990513,  0.00426806]], dtype=float32), 'encoder.0.bias': array([-1.15376776e-02, -1.06073767e-02,  2.77833790e-02, -1.61760524e-02,
       -4.43738699e-02,  1.83591843e-02, -7.10782036e-03, -2.93551832e-02,
       -3.06907594e-02,  1.73672736e-02, -2.00505555e-03, -3.77693810e-02,
        8.21231119e-03, -2.53373031e-02, -9.63467360e-03,  1.30173494e-03,
       -3.82020213e-02, -6.92764949e-03, -3.64055857e-02, -3.59146185e-02,
       -4.57088724e-02,  1.67402849e-02, -2.68750321e-02,  1.21291373e-02,
        4.96966112e-03,  2.27102302e-02,  1.93983074e-02,  3.29955518e-02,
        1.23392623e-02, -2.87013017e-02, -2.87127532e-02,  1.81219168e-02,
       -1.29867680e-02, -3.34067494e-02,  3.28850932e-04,  3.35608721e-02,
       -3.79125308e-03, -1.12795597e-03, -2.25111842e-03, -2.52658129e-03,
        2.03990862e-02, -7.16328667e-03, -4.11744509e-03,  3.08320168e-02,
       -1.68199688e-02, -4.45372984e-02, -1.33884959e-02, -2.03455929e-02,
        2.79738009e-02, -2.91957520e-02, -2.43442003e-02, -8.40649381e-03,
        2.75993906e-03, -3.15460712e-02,  6.73926994e-03, -4.57721530e-03,
        6.69131987e-06, -1.52273905e-02, -3.04126516e-02, -3.91544327e-02,
        4.33210097e-03,  1.33137032e-02, -3.67112830e-02,  2.02244557e-02,
       -3.35106533e-03,  3.21635418e-02, -3.05248629e-02, -4.38102894e-02,
       -4.94722873e-02,  1.02626961e-02,  3.25353965e-02, -3.12546492e-02,
       -1.28369480e-02, -3.20704728e-02, -2.96042524e-02, -6.68077148e-04,
       -3.46166566e-02,  2.47285441e-02, -2.84006223e-02,  6.38686214e-03,
        3.17852274e-02,  2.66063213e-02, -2.93949023e-02,  2.26716194e-02,
       -2.57455781e-02, -9.07282159e-03, -1.95332430e-02,  1.43001620e-02,
        8.34262185e-03, -2.62733679e-02, -1.82345174e-02,  1.04980767e-02,
        2.67512333e-02, -3.03626433e-02, -2.39857901e-02,  5.79837430e-03,
       -1.34542342e-02, -2.81636491e-02,  9.85081773e-03, -2.81407293e-02,
        1.93324257e-02, -3.80351469e-02, -3.04279514e-02, -2.12262897e-03,
       -2.42905952e-02, -2.90764263e-03,  4.35323641e-03,  3.32945362e-02,
        1.38244256e-02,  3.22041735e-02, -1.86692625e-02, -4.76444326e-03,
       -1.09730586e-02, -2.20923685e-04, -1.81731004e-02,  2.67888904e-02,
       -1.81573182e-02, -1.26080960e-02, -2.29522176e-02,  2.11084429e-02,
        5.39287133e-03, -4.01759818e-02, -3.30982544e-02, -2.51645711e-03,
       -5.00780856e-03, -1.89587325e-02, -1.55445430e-02, -8.36758129e-03,
       -2.57147830e-02,  2.69719325e-02,  2.84034833e-02, -3.73760164e-02,
        1.42984092e-04,  3.12248543e-02,  2.25900635e-02, -5.66112576e-05,
       -1.35641294e-02, -3.60708847e-03, -4.60842857e-04, -1.92124471e-02,
        2.45329402e-02, -4.31946851e-02, -1.23158125e-02, -1.66386887e-02,
       -5.51708974e-04,  2.87997499e-02, -2.62251240e-03, -1.44064510e-02,
       -7.60233123e-03, -2.46698707e-02, -1.50036244e-02,  2.44044270e-02,
       -1.86622888e-02, -1.20843726e-03, -1.76610071e-02, -1.42821781e-02,
        2.93752924e-02,  2.09069550e-02, -1.68807749e-02, -4.59025428e-02,
       -1.79802328e-02, -1.35939056e-03, -2.70879194e-02,  2.32466981e-02,
       -2.76649091e-02, -4.27655801e-02,  2.64637507e-02,  2.37106532e-02,
        2.59948187e-02, -1.51527599e-02, -4.40015756e-02, -2.67184824e-02,
        1.78938103e-03, -2.58971099e-02,  2.86269039e-02,  1.79098155e-02,
        1.89178176e-02, -3.87717858e-02, -4.35303114e-02,  3.53930816e-02,
       -2.81583890e-02, -2.17505395e-02, -3.60574648e-02,  1.44506861e-02,
        1.69385690e-02, -3.71882915e-02,  2.15968434e-02, -2.61276383e-02,
       -3.63934897e-02,  2.21310072e-02, -3.03859115e-02, -1.39831705e-02,
       -2.71385163e-02, -4.20859754e-02,  2.65536159e-02,  3.05418950e-02,
       -7.38878269e-03, -3.43404757e-03, -1.11702140e-02, -2.08976641e-02,
       -3.88981104e-02,  5.99921122e-03, -3.11535597e-02,  2.19969712e-02,
        1.46025885e-03,  2.45629381e-02, -3.56267318e-02,  2.85107829e-02,
       -6.83132699e-03,  2.20287051e-02, -1.84877999e-02, -3.20145264e-02,
       -3.43324468e-02,  1.48184504e-02, -2.70040110e-02,  5.83379623e-03,
        3.14607807e-02, -1.47509121e-03, -2.89395377e-02,  1.03448834e-02,
       -2.70624999e-02, -6.26632990e-03,  2.33203080e-02,  3.10968561e-03,
       -2.87309159e-02, -5.41567393e-02, -4.57794480e-02,  3.08125895e-02,
        1.22901564e-03, -3.45711745e-02, -1.36540097e-03,  1.70819182e-02,
       -1.83737502e-02,  2.91830092e-03,  5.67783974e-03,  2.90683354e-04,
       -4.27716300e-02, -1.50991771e-02,  2.24389741e-03, -1.66878407e-03,
        2.86128055e-02,  2.12215483e-02, -2.06565745e-02, -3.89193557e-03,
       -1.90659962e-03, -2.77823582e-03,  7.93153886e-03, -1.67968124e-02,
       -3.48406509e-02, -3.68682258e-02,  1.62942074e-02, -3.98722775e-02,
       -2.01788805e-02, -9.80966073e-03, -1.84661674e-03,  1.14752501e-02,
       -1.73818450e-02,  2.35848054e-02, -3.11507769e-02,  1.55120175e-02,
        2.88038515e-02, -2.12585405e-02,  8.33634939e-03, -3.53603847e-02,
       -3.70034873e-02,  2.24468578e-02,  2.36034999e-03, -2.78023984e-02,
        1.18701365e-02, -6.96752174e-03,  2.29397677e-02, -2.80572977e-02,
        1.06145833e-02, -4.35104221e-02, -3.46061699e-02,  6.08620001e-03,
        1.35974213e-03,  3.35202436e-03, -2.33544204e-02,  1.25705022e-02,
       -4.13771644e-02,  9.64886788e-03, -2.95824315e-02, -3.13673057e-02,
        1.33421486e-02, -1.85266156e-02,  5.99740958e-03, -2.73915939e-02,
       -1.28532015e-02, -2.98815574e-02, -3.20091238e-03,  5.58558851e-03,
       -3.42857279e-02, -1.54557899e-02,  2.49080956e-02, -4.49431799e-02,
       -4.72316742e-02, -2.53071766e-02, -4.17753980e-02,  3.06097046e-02,
       -2.24066600e-02,  1.87142491e-02, -2.00643716e-03, -1.75731797e-02,
       -3.82947437e-02,  1.84316584e-03, -4.48766351e-02, -2.30609309e-02,
       -3.27234715e-02,  1.45993419e-02,  2.72081345e-02,  1.24019124e-02,
        1.89532409e-04, -3.55676003e-02,  2.48315036e-02,  1.55162066e-02,
        6.10880600e-03, -2.37601511e-02, -3.76255736e-02, -3.39912139e-02,
       -3.17802541e-02, -3.56974197e-04, -2.55906954e-02, -4.03220356e-02,
       -5.03509073e-03, -4.50374633e-02, -2.26956792e-02, -5.04248850e-02,
        1.07996454e-02, -4.24643839e-03, -3.74230407e-02, -4.42029126e-02,
       -3.95388678e-02, -4.04814370e-02, -7.73813203e-03, -2.52847560e-02,
       -1.38466377e-02, -2.41096746e-02,  1.84074230e-02,  1.44577920e-02,
       -4.46584970e-02, -4.52606976e-02, -2.70619020e-02, -2.34610178e-02,
       -8.06364510e-03,  1.43333320e-02, -1.35729983e-02, -2.11092867e-02,
        2.46908627e-02, -2.65048277e-02, -4.03765254e-02, -2.51122541e-03,
       -3.53121795e-02,  2.80711129e-02,  1.94618925e-02, -3.07632741e-02,
       -4.84929886e-03,  1.57135539e-02, -2.60300916e-02,  1.51811913e-02,
        1.40530178e-02, -3.02583352e-02, -1.46894762e-02,  1.00446702e-03,
       -3.20321806e-02,  2.82640476e-02, -2.83473711e-02, -1.33116767e-02,
       -2.77382061e-02, -3.89011391e-03, -1.97281130e-02, -2.28507593e-02,
       -1.77872702e-02,  2.11245008e-02, -2.01192386e-02,  2.15685479e-02,
       -2.41299216e-02,  1.09141627e-02, -4.06614132e-02,  4.16357117e-03,
       -6.03169389e-03,  1.66116953e-02, -4.52200929e-03,  2.26650052e-02,
       -7.92363659e-03,  1.94909330e-02, -3.36603001e-02,  1.83218196e-02,
       -1.07434916e-03, -4.25909646e-02, -3.22226956e-02, -3.30254324e-02,
        8.98729637e-03, -3.73149030e-02, -4.15556729e-02, -1.15579534e-02,
        2.50545535e-02,  7.19866017e-04,  5.13725495e-03, -4.15180363e-02,
       -2.54796469e-03,  8.40020645e-03,  5.31874318e-03,  9.14802123e-03,
       -2.14269273e-02, -4.27859053e-02, -2.52464153e-02,  1.27215888e-02,
        7.44699826e-03,  4.64732153e-03,  2.73563601e-02, -2.66927369e-02,
       -3.64413261e-02, -4.17370722e-02,  1.99247035e-04, -5.93702588e-03,
       -4.37300391e-02, -2.10234220e-03, -2.24694461e-02, -2.49158461e-02,
        1.09605379e-02, -1.21142445e-02,  2.74628401e-02, -1.83918439e-02,
       -3.86516340e-02, -4.14578915e-02, -2.55836323e-02, -2.46629380e-02,
       -3.77043933e-02,  1.83350295e-02, -4.68356945e-02, -1.27634872e-02,
       -4.36500683e-02, -3.45342867e-02, -3.37741375e-02, -3.91275287e-02,
       -1.88006051e-02, -3.75067294e-02, -3.33879446e-03, -3.33758187e-04,
        2.09232327e-02, -5.58252260e-03,  1.85785908e-03, -2.66966131e-02,
        1.02827847e-02, -3.51573490e-02,  2.05900222e-02, -1.13684181e-02,
       -4.37161364e-02, -4.21688482e-02,  1.97852850e-02, -4.15643938e-02,
        7.91638158e-04, -3.18676513e-03, -7.56612327e-03,  1.46562327e-02,
       -8.89275782e-03, -3.13141085e-02, -7.67361315e-04,  1.83602404e-02,
        3.93415056e-03,  2.50819828e-02,  2.37383321e-02, -3.47809568e-02,
       -2.23507304e-02, -4.48361374e-02,  1.73745696e-02, -1.61246229e-02,
        3.32525931e-03, -3.28864157e-02, -4.23351862e-02,  1.23884808e-02,
        2.19984576e-02,  1.80446487e-02,  2.81481333e-02,  3.43368314e-02,
        4.07228386e-03, -4.24112789e-02, -2.14712452e-02,  4.58973227e-04,
        1.37532987e-02, -2.52964646e-02,  3.51000205e-02, -3.83002730e-03,
        1.41788982e-02,  8.79709795e-03, -2.74522901e-02,  2.01711580e-02,
        2.53121406e-02, -4.05581631e-02, -3.48437615e-02,  1.98946260e-02,
        2.19761878e-02, -6.92565320e-03, -4.11269218e-02,  1.09024411e-02,
       -4.64484505e-02, -2.18735132e-02, -3.34754325e-02, -2.18036398e-02],
      dtype=float32), 'encoder.2.weight': array([[ 0.08117151,  0.03778996, -0.13109109, ...,  0.11631069,
        -0.00740849, -0.00278095],
       [ 0.09644736,  0.07358167, -0.09648655, ..., -0.14096956,
        -0.09263365, -0.04056837],
       [-0.12753335, -0.0135026 , -0.02261113, ...,  0.01556253,
         0.10944925,  0.12105308],
       ...,
       [-0.11865778, -0.01987571, -0.07921563, ...,  0.08899067,
         0.00577511,  0.07516351],
       [-0.05361704,  0.0152493 ,  0.09188297, ..., -0.07356358,
         0.03563769, -0.05195367],
       [ 0.05263148, -0.13295926, -0.00807691, ..., -0.10639052,
         0.05505299,  0.04550619]], dtype=float32), 'encoder.2.bias': array([-0.03128076, -0.03252385,  0.01138787, -0.07157324, -0.07041863,
       -0.08087292,  0.01475122, -0.10959964, -0.08788106,  0.11833522,
       -0.06936415, -0.08962786,  0.04990282,  0.06037593, -0.01062863,
       -0.08923818,  0.11688924, -0.02453213,  0.08129204, -0.02571664,
       -0.0010819 , -0.05771717,  0.02068187, -0.09567629, -0.04697672,
        0.02354614,  0.08584478,  0.07089429,  0.08387034,  0.04978409,
       -0.02231615,  0.12924589,  0.03686099, -0.02760159,  0.01243916,
       -0.09427694,  0.02692054,  0.00833451, -0.027147  ,  0.0848516 ,
       -0.01230435,  0.13733861,  0.05883715,  0.07256039, -0.11619362,
        0.04737376, -0.09098364, -0.02021323,  0.01580218,  0.00866732,
        0.00669478,  0.10934241,  0.01481457,  0.05143756, -0.11569819,
        0.10196194,  0.10481116,  0.09054398, -0.0054858 ,  0.00072533,
        0.10590371,  0.04710498, -0.10312324, -0.0166275 ,  0.04224445,
       -0.0682618 , -0.01774054,  0.0406177 , -0.06517979, -0.08593006,
       -0.00336572,  0.09522381, -0.02289792,  0.07206158, -0.08714729,
       -0.09708602, -0.03136881,  0.02769075,  0.05806392, -0.11074768,
        0.00617405, -0.03487222,  0.02248091, -0.03770304, -0.02684347,
        0.10759275, -0.06853224, -0.05804857, -0.0863147 ,  0.06697486,
        0.0785621 ,  0.01266207, -0.09210637, -0.01524972,  0.08378333,
       -0.05368506,  0.02225366,  0.03082513,  0.1206833 , -0.07201639,
        0.04021478,  0.09758946, -0.11842718, -0.05294412, -0.1287536 ,
       -0.01119231,  0.04978636,  0.12062446,  0.06501058, -0.05513173,
        0.0103505 , -0.1365435 , -0.08939777, -0.11504827,  0.07776596,
        0.11164251, -0.08709946,  0.03214166,  0.01731494, -0.02574943,
        0.03451634, -0.08887544,  0.07677384,  0.09574481, -0.12266901,
       -0.13610387, -0.10609651, -0.07401854, -0.0196695 ,  0.04156297,
        0.01488336, -0.12566319,  0.10053761,  0.08797818,  0.0527943 ,
        0.00320169,  0.00269528, -0.07943316, -0.06188101,  0.02844189,
        0.04026059,  0.08032181,  0.03521787,  0.01352107, -0.05335278,
        0.01906357,  0.02060688, -0.0010187 ,  0.11037413,  0.0570503 ,
        0.07559308,  0.09262499, -0.01432807, -0.13297883, -0.12994935,
        0.00084252,  0.04350502, -0.08106843,  0.13070622, -0.01822134,
        0.00908728, -0.05578323,  0.08560065,  0.06063939,  0.02187011,
        0.02511462, -0.09381868, -0.04242232, -0.10222762,  0.02381201,
        0.11839476,  0.00023275, -0.05997283, -0.05948238,  0.00173685,
        0.03794388, -0.04623451, -0.03182345, -0.02992649, -0.03704889,
        0.06344695,  0.05720921, -0.06869341,  0.09241299, -0.00081392,
       -0.02227222, -0.06876888,  0.06249458, -0.01125511, -0.0407391 ,
        0.04701068, -0.06220073,  0.08761249, -0.12015133, -0.0728621 ,
        0.08498015, -0.03000412,  0.02454739, -0.02879024, -0.122053  ,
        0.03477462, -0.12547258, -0.08704523,  0.12467723,  0.06242317,
       -0.13935018, -0.019429  ,  0.00065157, -0.04941247,  0.04036813,
        0.03876785,  0.0092032 ,  0.12841962,  0.00409218,  0.00937905,
       -0.09815776, -0.11006492, -0.05079836,  0.09071547,  0.01285469,
       -0.04549392,  0.0097161 , -0.09250621, -0.13529709, -0.05294609,
       -0.1543122 ,  0.07912979,  0.11138462,  0.09421241, -0.03505047,
       -0.03607801,  0.05692212, -0.05837264, -0.12304743, -0.00517757,
        0.04958989,  0.0102535 ,  0.02683271, -0.02994199,  0.10233663,
       -0.13324249, -0.02259927, -0.11509823, -0.12850426,  0.03221846,
        0.11378007,  0.05087488, -0.00425835, -0.0094962 , -0.03173346,
        0.10347299, -0.04416469, -0.09029233,  0.00287498, -0.13074683,
        0.08366917,  0.02197207,  0.00724204,  0.03937315, -0.09905002,
        0.10312653, -0.08170754,  0.02993206,  0.06691071,  0.10037409,
       -0.00194138,  0.08465689, -0.06469233, -0.0585714 , -0.0286931 ,
        0.10717162,  0.08720788,  0.02543817, -0.08834916, -0.03795061,
        0.07932466, -0.13124448, -0.04477452,  0.07992004,  0.04954799,
        0.13075897,  0.06515528, -0.08681975, -0.08113721, -0.01043656,
        0.04033889,  0.07750186, -0.04667439, -0.02613575,  0.007253  ,
       -0.14333647, -0.02645118,  0.11984916, -0.02180256, -0.0499539 ,
        0.08130156,  0.11238168, -0.02995178,  0.08654348, -0.03423877,
        0.03672783,  0.04621189,  0.03495207, -0.02535164,  0.07500694,
       -0.11033684, -0.0242941 ,  0.00453452, -0.03084835,  0.02357583,
       -0.02250853, -0.06714783, -0.05326795, -0.13984801,  0.06631952,
       -0.08538779,  0.1391952 , -0.03950819,  0.11737487, -0.05993815,
       -0.04233909,  0.11987706,  0.03701273,  0.0079381 ,  0.00342283,
       -0.1292646 ,  0.05657228, -0.10514331, -0.07705831,  0.02964306,
        0.00557205,  0.15220101, -0.02527297, -0.09686977, -0.01315107,
       -0.01991752,  0.14122793,  0.01066696,  0.02610796,  0.05490362,
        0.07459685, -0.03249634, -0.08848369, -0.08103372, -0.12282459,
        0.06241955, -0.10151242,  0.01973637,  0.06889442, -0.10197808,
        0.02052121, -0.08656856,  0.10446793,  0.12207858, -0.02213761,
       -0.0651442 ,  0.11754035, -0.13611656, -0.12511502,  0.0737862 ,
        0.01741325, -0.02118699,  0.01170023, -0.05324494, -0.02151578,
       -0.06298957, -0.06150371,  0.12416652, -0.03576668, -0.00051988,
       -0.08468045,  0.12261387,  0.02976669, -0.01440221,  0.12428425,
       -0.07387146, -0.11790057,  0.12397435,  0.10128038,  0.06123399,
       -0.12042167, -0.05959026,  0.12624559,  0.04533232,  0.02198303,
        0.08056863,  0.09565209,  0.03528411,  0.12835363, -0.10131872,
        0.05062342,  0.09505224, -0.05068249,  0.06592671, -0.05952801,
       -0.04116744, -0.10368317,  0.07602606,  0.05779168, -0.02713399,
        0.12343865,  0.11885624,  0.00869214,  0.02293057,  0.08442054,
       -0.08358321,  0.10837834, -0.11789344,  0.00589007, -0.13101183,
        0.11534507,  0.09279881,  0.05910112,  0.004285  ,  0.08937103,
       -0.02481135,  0.00648372, -0.10375901, -0.0323451 , -0.06530543,
       -0.05538411,  0.05913726,  0.07397667,  0.02428108,  0.10410441,
       -0.04315843,  0.08117174,  0.07973874,  0.11034819,  0.02265844,
        0.1168016 ,  0.0329713 , -0.09287535, -0.08431178, -0.13259053,
        0.10604647, -0.04892587, -0.12713733, -0.01753022,  0.02109562,
       -0.13764715, -0.03990937, -0.00543117, -0.12590706,  0.01563746,
        0.01870452, -0.03654089, -0.0528907 , -0.10315542, -0.14098164,
       -0.1243664 , -0.01736493, -0.14275241, -0.03725088, -0.09437852,
       -0.01330207, -0.10968126, -0.13529861,  0.08818601, -0.12332126,
        0.05458403, -0.05313756,  0.08970049,  0.07351756,  0.08375372,
       -0.00981468, -0.0250655 , -0.10876276, -0.10515127,  0.11545244,
        0.07114981, -0.061333  ,  0.0659161 ,  0.00116856,  0.13056713,
        0.00410423,  0.05821398,  0.0498155 , -0.02794864, -0.02767875,
        0.0558032 , -0.07492459, -0.09024517,  0.09804382, -0.06699885,
        0.02464742, -0.07503243, -0.101326  , -0.06048124,  0.09881268,
       -0.12141025,  0.08375874,  0.04350565,  0.07905925,  0.03426579,
        0.05451531, -0.00324977, -0.0604751 , -0.02737831, -0.04468574],
      dtype=float32), 'encoder.4.weight': array([[-0.14700061, -0.13292652, -0.10447119, ..., -0.07428955,
         0.04204837,  0.01534121],
       [ 0.09953336, -0.02700755, -0.03018854, ...,  0.0111134 ,
        -0.01634406, -0.06934668],
       [-0.01471074,  0.05881947,  0.10904707, ...,  0.07406396,
        -0.05138627, -0.07277067],
       ...,
       [ 0.00372973, -0.02026242,  0.01800449, ..., -0.08637744,
         0.02277118,  0.12382826],
       [ 0.08914556, -0.09015054, -0.11797164, ...,  0.04523043,
         0.05463711, -0.00768002],
       [-0.13074315, -0.09710233, -0.0130896 , ..., -0.10827731,
        -0.05614658,  0.03565839]], dtype=float32), 'encoder.4.bias': array([-0.02153213,  0.09711375, -0.06666458, ...,  0.02607709,
       -0.14384483,  0.09421408], dtype=float32), 'encoder.6.weight': array([[-0.01560398, -0.0481361 , -0.01639956, ...,  0.01604681,
        -0.04828218,  0.05495444],
       [-0.00774359, -0.03497976, -0.04425125, ..., -0.0025302 ,
         0.05836441, -0.0240957 ],
       [-0.0219947 ,  0.04614141, -0.00968412, ...,  0.02119274,
        -0.06454907,  0.00611962],
       ...,
       [ 0.0114655 ,  0.06824999, -0.0340169 , ..., -0.04799888,
         0.03841097,  0.0033233 ],
       [-0.05075694, -0.00330122,  0.01100344, ..., -0.03658308,
         0.04655686, -0.06450499],
       [ 0.06723315, -0.04732169, -0.05362078, ..., -0.02946099,
         0.03314472,  0.03626224]], dtype=float32), 'encoder.6.bias': array([ 0.03029677,  0.05795215,  0.03757822,  0.04662064,  0.01234612,
       -0.03615882,  0.01812299, -0.02688165, -0.00317898, -0.04084303],
      dtype=float32), 'decoder.0.weight': array([[ 0.7110084 ,  0.32714453,  0.63925076, ...,  0.5224597 ,
        -0.8496687 ,  0.24551071],
       [ 0.12415151,  0.8843714 ,  0.7267418 , ...,  0.01950784,
        -0.37040854, -0.5050646 ],
       [-0.33084574, -0.03027439,  0.54385203, ..., -0.6077946 ,
        -0.04158191,  0.33255708],
       ...,
       [ 0.64471006,  0.5121736 , -0.38883862, ..., -0.07792925,
        -0.54414916,  0.3857584 ],
       [-0.5687478 , -0.32899806,  0.11075093, ...,  0.6234066 ,
         0.13448863,  0.46762395],
       [-0.2568518 ,  0.541654  , -0.37154114, ..., -0.13614687,
         0.33163258, -0.59084463]], dtype=float32), 'decoder.0.bias': array([ 0.2465521 ,  0.72103435, -0.75150406, ..., -0.39796877,
        0.40741265,  0.42251676], dtype=float32), 'decoder.2.weight': array([[-0.06408779, -0.03089598, -0.06154585, ...,  0.05156814,
         0.04087739,  0.05041521],
       [-0.0660325 , -0.03943075,  0.06401427, ...,  0.06432077,
         0.02783749,  0.0581182 ],
       [ 0.05842223,  0.06687795,  0.00307605, ..., -0.0321491 ,
         0.01687353,  0.04733091],
       ...,
       [-0.0468874 ,  0.04754157,  0.03036864, ..., -0.00663561,
         0.04493158, -0.04140253],
       [-0.04640419,  0.05446814,  0.0024467 , ...,  0.03514113,
        -0.00561676, -0.03594601],
       [ 0.04324315, -0.04109902, -0.00882449, ..., -0.00811853,
        -0.05942552,  0.03911778]], dtype=float32), 'decoder.2.bias': array([ 2.90012676e-02,  2.67668813e-02,  2.74300873e-02, -7.57791400e-02,
        6.41947240e-02,  2.83150487e-02, -2.78251572e-03, -5.13262078e-02,
       -3.13002877e-02, -9.76016559e-03, -1.43729225e-02, -1.48125384e-02,
        1.74480528e-02,  2.30973177e-02,  2.63093202e-03, -4.86617349e-03,
        4.67872843e-02, -2.18762942e-02, -2.05102507e-02, -6.52335361e-02,
       -6.07048497e-02, -4.45881784e-02, -2.19329223e-02, -1.43875396e-02,
       -1.89787708e-02,  2.81358678e-02,  7.45823532e-02, -7.66712204e-02,
       -3.88128310e-02, -8.68742466e-02,  2.84367260e-02, -6.37928918e-02,
       -3.33283469e-02, -7.40804151e-02, -7.35366046e-02, -5.05910181e-02,
        8.60068053e-02, -6.63933158e-02, -7.52179250e-02, -2.58201454e-03,
        4.63903998e-04,  5.59607744e-02,  3.46132405e-02, -5.25281578e-02,
       -2.01233965e-03, -7.00229257e-02, -4.02586814e-03,  1.74928755e-02,
        7.27536157e-03,  1.19420076e-02,  4.85714525e-02, -6.48853630e-02,
        5.79901785e-02,  8.19857642e-02,  6.98142685e-03,  2.64766943e-02,
       -1.95329674e-02, -2.10185740e-02, -4.14538896e-03, -2.54947767e-02,
       -7.01493844e-02,  2.55792215e-02, -7.26838550e-03,  3.59265320e-02,
        8.16002116e-03,  9.19389911e-03, -6.43527284e-02, -1.90392113e-03,
        5.66043407e-02,  5.10454029e-02, -6.66650087e-02, -5.14614861e-03,
       -1.44113097e-02, -1.75460000e-02,  2.42514163e-02, -3.54226381e-02,
        2.24415250e-02,  6.49650991e-02,  5.36321104e-02, -4.91448231e-02,
       -1.97338611e-02,  3.57490182e-02,  7.17245266e-02, -2.50972267e-02,
        8.12442824e-02,  5.99576682e-02, -2.31561717e-02, -2.81942505e-02,
        3.11793275e-02, -1.79445930e-02,  1.61018539e-02, -3.76038477e-02,
       -3.36823277e-02,  7.85026327e-02,  4.83090989e-02,  4.18151915e-02,
        4.46920060e-02,  4.35539559e-02, -4.33743671e-02,  5.90872439e-03,
       -1.20153129e-02,  6.44963682e-02,  2.67278906e-02, -1.76557712e-02,
       -1.25636458e-02,  1.76763088e-02,  2.47557983e-02,  6.40649199e-02,
        5.17332815e-02,  4.86007109e-02,  4.68291417e-02, -4.70857322e-02,
        3.78978923e-02,  1.41716385e-02, -3.10367160e-02, -9.61335469e-03,
       -3.36934403e-02,  6.84479028e-02,  4.50671017e-02, -4.53214422e-02,
       -4.30101454e-02, -5.62545992e-02, -5.33600710e-02,  5.23991846e-02,
       -5.18457107e-02, -1.83132328e-02,  4.73495722e-02,  3.51329730e-03,
       -2.01534797e-02,  1.63627490e-02,  3.02595599e-03, -1.23373568e-02,
       -6.07946375e-03, -6.63255304e-02,  3.76717634e-02, -5.10935262e-02,
        1.65145341e-02, -2.56540626e-02, -1.37913916e-02,  3.48286666e-02,
        1.25915445e-02, -3.99711020e-02,  3.39999795e-02,  6.83397502e-02,
        7.52952397e-02, -6.46247622e-03, -5.62592670e-02, -5.49672879e-02,
       -1.69033371e-02, -4.76113036e-02,  2.93798512e-05,  1.21893156e-02,
        5.96197955e-02,  5.97307011e-02, -2.06357799e-02,  1.86816640e-02,
        1.93263832e-02, -2.29031444e-02,  4.82117906e-02,  8.63564387e-03,
       -4.50041033e-02, -1.63145289e-02,  1.41961193e-02, -3.24770957e-02,
        4.39520143e-02,  3.19572836e-02,  4.07300852e-02,  5.30737489e-02,
       -1.09496899e-02, -3.48418057e-02, -8.76965653e-03,  1.44284153e-02,
        4.71980833e-02, -9.26279090e-03,  1.92910247e-02, -6.31354190e-03,
        3.07650380e-02, -9.63334646e-03,  5.22606261e-02,  2.58711800e-02,
        4.11349088e-02,  4.32765484e-02,  2.21345164e-02,  4.32067849e-02,
       -3.28678414e-02,  1.79293938e-02,  3.92247438e-02, -1.55633716e-02,
        1.94527991e-02,  4.24078107e-02, -5.50924391e-02, -2.08677188e-03,
        3.47184166e-02,  6.20183796e-02,  4.92703281e-02,  2.37161182e-02,
        3.95818278e-02,  4.80008572e-02, -7.16635287e-02,  3.01594287e-02,
        3.74160558e-02, -6.23360872e-02,  2.41605751e-02,  6.03243560e-02,
        1.62969567e-02,  6.59119785e-02,  4.05601598e-02, -1.58412270e-02,
        1.33156367e-02,  1.69375706e-02, -8.19856152e-02, -3.07685789e-02,
       -5.44324331e-02, -6.16105422e-02,  5.06943613e-02,  2.57551186e-02,
       -4.65618297e-02, -4.01360095e-02, -2.64942758e-02,  7.97217265e-02,
       -4.81425226e-02, -4.24025431e-02,  5.45161851e-02, -6.10537753e-02,
        6.27576141e-03,  6.31560758e-03, -2.85255257e-04,  1.13828713e-03,
        6.21824246e-03,  7.48364441e-03, -2.45423876e-02,  4.12078127e-02,
        1.21927857e-02,  3.70197115e-03, -8.47885013e-02, -5.89757711e-02,
        3.95584628e-02,  1.64743029e-02,  5.69121093e-02, -5.18195070e-02,
       -3.50375623e-02, -6.75643757e-02,  2.75984453e-03, -5.77420592e-02,
        4.96545434e-02, -4.17880751e-02,  7.15646669e-02,  2.54566967e-02,
        4.56836522e-02, -9.24809370e-03, -5.31863123e-02,  7.19882175e-03,
        5.87077066e-03,  5.22527061e-02,  1.97673943e-02, -2.81112865e-02,
        7.39743039e-02,  3.46366130e-02, -2.27640346e-02, -9.96169820e-03,
        1.33483270e-02, -4.36825752e-02,  2.98770778e-02,  2.37261057e-02,
       -5.44454809e-03, -3.47452313e-02, -2.33144611e-02, -6.99398369e-02,
        4.72332686e-02,  3.59682366e-02,  3.19648720e-02, -2.51163058e-02,
        6.37004003e-02, -6.53010979e-02, -3.74226794e-02, -1.49396583e-02,
        4.06395830e-02,  1.75443608e-02, -1.64455939e-02,  5.43780699e-02,
        1.73615720e-02, -7.28598982e-02, -5.15621379e-02,  4.71302718e-02,
        2.74519585e-02,  3.95154580e-04, -2.72081606e-02, -6.38828576e-02,
        6.15663752e-02, -4.01282459e-02,  3.53443287e-02,  1.84876844e-03,
       -3.09976712e-02,  8.47638492e-03,  1.54807465e-02, -4.87942323e-02,
        1.26256458e-02,  5.31446263e-02,  1.69747043e-02, -4.87308279e-02,
       -4.88305017e-02, -4.08539437e-02, -8.07567164e-02,  4.72214073e-02,
        3.19088101e-02, -5.95327914e-02, -1.67446155e-02, -2.18686871e-02,
       -7.06368163e-02,  5.30081131e-02,  1.43065210e-02,  1.03671961e-02,
       -3.07354294e-02, -6.90936148e-02, -2.60532927e-02,  2.88330708e-02,
        4.57907021e-02,  3.69483791e-02, -7.25764930e-02, -6.70132637e-02,
        8.25907383e-03, -6.41704872e-02, -3.99800017e-03,  3.91770862e-02,
       -3.49202752e-02, -8.56031664e-03, -8.41895491e-03, -2.88776029e-02,
        3.75422016e-02,  4.43334766e-02, -7.12666884e-02, -1.56133994e-02,
        3.49911582e-03,  2.04912443e-02,  8.59560519e-02,  1.98686253e-02,
       -7.20799565e-02, -2.59007681e-02,  1.49006080e-02,  1.34651270e-03,
        6.25848323e-02,  4.84685153e-02, -2.98857093e-02,  6.69020787e-02,
       -6.91750497e-02, -6.09606504e-02,  8.57536867e-03, -2.59677484e-03,
        6.90388158e-02,  3.80517393e-02,  3.67380539e-03, -5.42595200e-02,
       -2.65627597e-02,  5.01479134e-02,  1.95379388e-02,  5.78972138e-02,
       -4.22905535e-02,  1.56712793e-02,  2.06217170e-02, -2.97480077e-02,
        4.20474932e-02,  3.96011658e-02, -3.19609754e-02, -2.74481904e-03,
        1.52148469e-03,  5.95173240e-02,  1.18247196e-02, -4.96109128e-02,
        5.31120896e-02, -5.99295534e-02, -6.05629236e-02,  3.04786190e-02,
        8.00281912e-02, -6.91115484e-03,  4.63510267e-02,  5.36094792e-02,
        1.75399967e-02,  1.73090640e-02,  5.15577421e-02,  6.03014715e-02,
       -3.18950750e-02, -2.44293157e-02,  3.37310545e-02,  3.95470150e-02,
       -3.41310240e-02, -6.16029166e-02, -1.90339871e-02, -2.15121731e-02,
       -4.10112292e-02,  4.87292148e-02,  5.37629798e-02, -1.42252054e-02,
        1.35272183e-02, -7.34794140e-02, -4.10693474e-02, -6.09252490e-02,
       -7.56250098e-02, -5.71357459e-02, -1.78882293e-02, -6.01001009e-02,
        6.48706183e-02, -6.07546456e-02,  5.82887083e-02,  5.25084510e-02,
       -1.67906974e-02, -1.33052468e-03, -2.63478197e-02,  6.02190681e-02,
       -1.02950279e-02, -4.87360060e-02,  5.67571335e-02,  2.16688961e-02,
       -6.98752552e-02,  4.05536499e-03, -2.67361943e-03, -2.90121734e-02,
        4.11383100e-02,  8.20005983e-02,  1.48698511e-02,  3.54652219e-02,
        8.87108687e-03, -1.08063184e-02, -4.35062945e-02,  2.74537355e-02,
        5.21348789e-02,  4.08974141e-02,  1.66429020e-02,  8.04950744e-02,
        5.32389805e-02, -1.12984218e-02, -4.49909642e-03,  4.80960831e-02,
       -6.42772913e-02,  8.82143900e-03,  2.75783464e-02,  4.45634425e-02,
        6.31024688e-03,  3.82109135e-02, -5.01828007e-02, -4.50282311e-03,
        3.27660926e-02,  9.16810147e-03, -1.43625773e-03,  5.05565703e-02,
        1.36550982e-02, -4.71188203e-02,  4.71459627e-02, -6.80392981e-03,
       -1.97181031e-02, -4.61499095e-02,  7.31785148e-02,  5.77789061e-02,
       -3.63243446e-02,  8.95724166e-03,  5.90025708e-02, -6.46711662e-02,
        5.77325672e-02,  1.64605528e-02,  2.20784452e-03,  5.66754043e-02,
       -7.41680572e-03, -5.29579148e-02, -6.10092916e-02,  1.88330710e-02,
       -2.32829489e-02, -5.51747233e-02, -4.45346162e-02,  3.87633443e-02,
        2.85038650e-02,  7.73944426e-03, -2.16452265e-03,  3.34463269e-02,
        5.81363514e-02,  5.75822257e-02,  2.57655568e-02, -5.61212152e-02,
        8.44801497e-03,  1.60715096e-02,  8.47141296e-02,  2.51544639e-04,
        1.76999122e-02, -4.68010157e-02,  1.28794648e-02,  2.15970259e-02,
        4.21979167e-02,  5.16539663e-02, -7.09839761e-02, -4.46647182e-02,
       -3.63003020e-03, -1.01063512e-02, -5.46008274e-02, -4.29338329e-02,
        3.39921750e-02,  1.05858436e-02, -3.69428587e-03,  4.92300130e-02,
       -5.54188490e-02, -2.77850069e-02,  5.05911261e-02, -6.74693612e-03],
      dtype=float32), 'decoder.4.weight': array([[ 0.12017461,  0.06256402, -0.09201975, ...,  0.02059647,
         0.07833657,  0.08501921],
       [-0.03463724,  0.15833418, -0.02210451, ..., -0.03368403,
         0.09467932, -0.00285653],
       [-0.01359146, -0.10455415,  0.02476763, ...,  0.10893346,
        -0.06995269,  0.0175475 ],
       ...,
       [ 0.08252449, -0.11069547, -0.08296657, ...,  0.01827037,
         0.10608268, -0.07703851],
       [ 0.08300205, -0.13525951,  0.09328922, ..., -0.0841855 ,
         0.02433725,  0.05839125],
       [-0.10638291, -0.03204407, -0.04489472, ...,  0.00516115,
        -0.06819551,  0.04951109]], dtype=float32), 'decoder.4.bias': array([-6.46298900e-02,  1.18733272e-01,  8.00588503e-02, -1.02021128e-01,
        9.99789760e-02, -1.92267485e-02,  1.26300417e-02,  3.04689948e-02,
        5.62850526e-03, -6.00176305e-02, -1.22760475e-01, -1.06997099e-02,
       -6.58378676e-02,  1.09678440e-01, -7.69364089e-02, -1.33657098e-01,
        3.59950811e-02, -1.09195799e-01,  7.60409981e-02, -8.24586302e-02,
        1.20430157e-01,  7.78435916e-02,  6.43379390e-02, -1.51064813e-01,
       -5.26047945e-02, -5.84085137e-02,  8.48390758e-02,  1.04917064e-01,
       -1.31156683e-01,  1.10642210e-01, -1.19166628e-01,  9.46566164e-02,
        5.74144535e-02,  1.00299895e-01,  4.64397073e-02,  3.52569818e-02,
        3.20509560e-02,  1.30914580e-02,  8.56570676e-02,  2.18005218e-02,
       -5.33027872e-02,  5.76961935e-02, -5.83101735e-02, -5.28794387e-03,
       -6.73526824e-02, -1.06164403e-01,  6.34564608e-02, -8.35711695e-03,
        6.39188290e-02,  1.90177821e-02, -4.20786515e-02, -3.32104154e-02,
        6.03199080e-02,  1.43872261e-01, -1.34629697e-01,  3.72161195e-02,
       -8.45390260e-02, -3.62603590e-02, -1.21211678e-01, -8.84228870e-02,
       -9.09088403e-02,  9.68600661e-02,  2.02757604e-02,  3.04159597e-02,
       -6.67449981e-02, -6.81681260e-02, -4.09942232e-02,  2.37515122e-02,
        1.20254934e-01,  6.97917342e-02, -3.74621451e-02,  1.42587483e-01,
       -7.84442350e-02, -1.11856759e-02, -1.43854946e-01,  8.52210671e-02,
        5.28072240e-03, -1.94245167e-02, -8.07491466e-02, -3.12332474e-02,
        5.02177589e-02,  1.04828224e-01, -7.67643899e-02, -2.01935926e-03,
        4.46214825e-02, -9.78421047e-02, -2.56901514e-03,  1.17386907e-01,
        1.52930319e-01, -9.10257846e-02,  7.67293423e-02,  7.48459101e-02,
        1.57243311e-02, -3.39239091e-02, -7.18017593e-02,  9.19572636e-02,
        9.12794769e-02, -3.52416486e-02, -9.27340314e-02,  8.66891667e-02,
       -6.19503632e-02,  5.98247238e-02, -5.19153997e-02, -1.05959468e-01,
       -9.91215929e-02,  5.23835421e-02,  1.61457378e-02, -8.18096548e-02,
       -3.05108260e-02, -9.42778215e-02, -7.60682672e-02, -6.79038167e-02,
       -3.30433287e-02,  6.03012592e-02, -7.88465291e-02,  1.60721928e-01,
        1.08771048e-01,  7.66923353e-02,  8.72854218e-02, -6.76293820e-02,
        4.51588966e-02,  2.21969821e-02, -1.39438555e-01,  1.53156221e-01,
        1.85423659e-03, -7.90805295e-02, -8.46497416e-02,  9.44475606e-02,
       -1.06799677e-01,  1.57520205e-01,  1.82156619e-02, -2.79251602e-03,
       -7.27110505e-02,  6.77032024e-03, -1.36753410e-01,  5.81460595e-02,
        1.32845491e-01, -1.26541600e-01,  1.24534070e-01, -9.58528146e-02,
        5.16801104e-02, -1.31362155e-01,  1.02475435e-02, -7.54081011e-02,
        7.93831944e-02,  6.39225319e-02, -2.95602567e-02,  1.52575681e-02,
        1.00407511e-01,  2.30653919e-02,  5.89487888e-02,  1.16536599e-02,
       -1.11824632e-01, -5.91723993e-03, -1.01433389e-01,  1.48137242e-01,
        7.87800271e-03,  1.20079219e-01,  1.14176631e-01, -6.07954450e-02,
       -5.26824519e-02,  1.04283048e-02,  2.62010731e-02, -1.10907078e-01,
       -1.16891697e-01, -8.63355547e-02, -3.97520214e-02, -7.67019689e-02,
        6.12964109e-02,  8.73203129e-02,  9.68808681e-02, -4.41006608e-02,
        1.27272293e-01,  7.68011287e-02,  7.00711012e-02,  5.49176224e-02,
       -9.69008729e-02,  5.54133914e-02,  1.12702074e-02,  1.36251431e-02,
       -1.26331136e-01, -1.07514255e-01, -7.67388120e-02, -4.35147062e-02,
        1.01593599e-01,  1.77942850e-02,  8.88340622e-02, -3.46598681e-04,
       -1.03445519e-02, -1.00671887e-01,  9.21779573e-02, -7.89206848e-03,
       -1.12332314e-01,  7.57147521e-02,  1.25043944e-01,  9.44065452e-02,
        2.37626955e-02, -1.23780832e-01, -1.09387383e-01,  7.18356967e-02,
        9.62058306e-02, -4.35324162e-02, -2.05751471e-02,  1.00924879e-01,
        1.28865376e-01,  1.10747010e-01,  1.65025406e-02,  3.90941948e-02,
       -3.14936377e-02,  5.15466519e-02,  6.69455305e-02,  2.60964073e-02,
        1.28197789e-01,  3.22561227e-02, -5.56565151e-02,  1.18723540e-02,
        1.64183468e-01,  5.23990467e-02, -1.28269613e-01,  1.09690443e-01,
        1.05198860e-01,  9.49708298e-02, -6.25681784e-03,  6.75532594e-02,
       -2.11091228e-02,  3.00115552e-02, -1.05101809e-01,  1.05307117e-01,
       -7.31890798e-02, -1.87802669e-02, -2.42832163e-03,  9.90242958e-02,
       -5.69255874e-02,  7.92284086e-02, -1.16794854e-01, -4.06443700e-02,
       -9.09497496e-03,  8.73955488e-02,  2.54683048e-02, -6.39596581e-02,
       -4.30434383e-02,  3.01531982e-02,  2.10829154e-02,  3.25162672e-02,
        7.43301809e-02, -1.05980054e-01,  6.32456243e-02,  1.01313680e-01,
       -1.38397127e-01, -1.53490482e-02,  3.14144120e-02,  9.65091437e-02,
       -8.11880976e-02, -1.06704772e-01,  1.19204402e-01, -4.35756072e-02,
        5.48206717e-02, -1.54526290e-02,  7.91748166e-02, -5.94626181e-02,
       -1.02248639e-01, -9.50805023e-02, -5.01252003e-02,  7.82835186e-02,
       -1.34587139e-01, -1.39246611e-02, -3.55928391e-02, -8.08990076e-02,
       -3.55625227e-02, -1.33210141e-02, -3.05245370e-02, -2.58959457e-02,
       -1.34077609e-01,  6.98721334e-02,  1.04053095e-01, -5.13567440e-02,
       -3.75910699e-02, -3.76304872e-02,  1.51231349e-01, -5.27749769e-02,
       -4.91840616e-02, -1.53357070e-03,  1.49529904e-01, -3.94934937e-02,
        1.07907459e-01, -1.14455581e-01,  1.34875653e-02,  1.05140105e-01,
        2.65270807e-02,  1.21366583e-01, -8.53572320e-03,  6.51281029e-02,
       -4.74974699e-02,  1.02715254e-01, -9.71375927e-02,  1.57080114e-01,
        5.94233982e-02, -1.13480538e-01,  3.07016931e-02, -2.19115652e-02,
       -5.32474071e-02, -1.24324664e-01,  7.89996013e-02, -2.48639807e-02,
        1.20158829e-02, -1.16868496e-01, -1.05799496e-01, -3.80830206e-02,
        3.55127603e-02,  7.77144209e-02, -1.11233704e-02,  1.05908252e-01,
        6.11875504e-02, -9.07667167e-03,  9.64572728e-02,  1.41961640e-02,
        1.03434756e-01, -6.41621426e-02, -1.44780576e-01,  5.42292036e-02,
        4.04791310e-02, -1.01968035e-01,  1.24264807e-02, -9.80388820e-02,
        1.29329991e-02, -1.26714349e-01, -3.34742740e-02,  4.18056995e-02,
       -7.01078698e-02, -7.72603322e-04,  1.66823734e-02,  5.43556213e-02,
        7.22183213e-02,  1.97799616e-02,  9.87264365e-02, -5.03580868e-02,
       -6.70714080e-02, -8.79352391e-02, -1.00243725e-01, -7.59350955e-02,
       -5.11461496e-02, -1.87076107e-02,  1.71818376e-01,  7.06970096e-02,
        8.00279900e-02,  2.91288123e-02,  4.75873835e-02, -7.84221962e-02,
        4.62142341e-02, -4.99369251e-03, -9.01538581e-02, -3.80298449e-03,
       -3.93125191e-02,  9.53732282e-02, -5.09809926e-02, -1.07746147e-01,
       -8.85114595e-02,  2.65556276e-02,  5.69222495e-02, -9.79499742e-02,
       -3.52439866e-03,  9.93296271e-04, -9.41290408e-02, -1.41864598e-01,
        6.63824081e-02,  1.46673545e-01,  1.38327211e-01,  3.75769585e-02,
       -9.78080928e-02,  8.30496401e-02, -4.59314063e-02, -2.27249670e-03,
        8.14994201e-02,  3.09408717e-02, -2.68899295e-02, -3.56290154e-02,
        1.29594341e-01,  6.56925067e-02,  1.07880216e-02,  1.45506874e-01,
       -1.52850524e-01,  5.21627143e-02, -5.68709932e-02, -1.71182193e-02,
        5.02654314e-02,  1.57406569e-01, -1.96620375e-02, -2.36132108e-02,
       -7.04941601e-02,  1.15029022e-01, -9.61504951e-02,  1.13322355e-01,
        9.18967575e-02, -7.04992190e-02, -3.51060741e-02,  2.57981848e-03,
        1.14209980e-01, -9.62586403e-02,  6.18228037e-03, -4.35606018e-02,
        1.11925960e-01,  3.61119099e-02, -9.33892801e-02, -1.28388196e-01,
        1.00547910e-01,  5.90038225e-02, -7.83848763e-02, -6.58369735e-02,
       -6.60675578e-05,  1.20644718e-01,  1.02510545e-02, -1.15804821e-01,
        6.27368540e-02, -1.28887936e-01,  4.70211171e-02,  1.02036886e-01,
        7.63090840e-03, -8.42160434e-02,  1.19557023e-01, -1.12006694e-01,
       -2.32363939e-02,  5.31491674e-02,  9.90046635e-02, -8.52550045e-02,
       -4.24405746e-02,  5.39459884e-02, -2.78168283e-02, -1.40583456e-01,
       -1.25968978e-01,  1.12865688e-02,  1.37729943e-01,  6.34726286e-02,
       -8.77587199e-02, -1.07759699e-01, -7.28309304e-02,  1.22483931e-01,
       -1.56550715e-03, -1.33254945e-01,  3.54308374e-02, -9.65489298e-02,
       -1.69526078e-02,  6.66801333e-02,  9.73762795e-02,  5.60025647e-02,
        1.19801179e-01,  1.18670098e-01,  9.33488831e-02, -1.23776846e-01,
        5.56531847e-02, -6.73943311e-02,  3.50516960e-02, -1.10945277e-01,
       -2.35482063e-02, -4.88959253e-02,  4.29721884e-02,  3.25856172e-02,
        1.17895931e-01, -5.32922931e-02,  1.05094627e-01,  1.28000647e-01,
       -5.76383024e-02, -7.63834268e-02, -1.03417702e-01,  9.35747251e-02,
        4.95490730e-02,  9.46754664e-02,  1.55391082e-01, -7.94975981e-02,
        1.16526425e-01, -1.25614032e-01,  1.12570502e-01, -1.07605327e-02,
        6.14835974e-03,  9.49852318e-02, -9.31196660e-02,  4.16302755e-02,
       -6.45791963e-02,  8.06027204e-02, -2.09668539e-02,  5.04701994e-02,
       -9.81231779e-02,  2.61040013e-02,  4.34920006e-02, -1.17623329e-01,
       -9.09139961e-02, -2.89677400e-02, -7.53893554e-02,  1.47662029e-01,
       -5.25248563e-03, -1.13861687e-01, -1.32371008e-01, -1.08623698e-01,
       -7.35886544e-02, -3.76349241e-02, -1.37832418e-01, -5.92095293e-02,
        5.71549237e-02, -1.32176071e-01,  1.33192673e-01,  2.23664008e-02],
      dtype=float32), 'decoder.6.weight': array([[-0.07992362,  0.23691827, -0.03457753, ...,  0.1373938 ,
        -0.1421424 ,  0.11965436],
       [-0.03017104, -0.05649579,  0.04834472, ..., -0.09863319,
         0.05358061,  0.05106549],
       [-0.09432751,  0.08295234, -0.12936318, ...,  0.12765682,
         0.00627393, -0.01630828],
       ...,
       [-0.04017555,  0.03682215,  0.11911485, ..., -0.12311012,
         0.01880793, -0.07333586],
       [-0.12480134, -0.01387459, -0.10729262, ..., -0.02194392,
         0.05718959, -0.03950457],
       [ 0.09355161,  0.10464387, -0.01486067, ..., -0.07392369,
         0.02977519, -0.06796554]], dtype=float32), 'decoder.6.bias': array([ 0.05590045, -0.00851428, -0.1558997 , ..., -0.13660696,
        0.01366531, -0.05089417], dtype=float32)}
[Time: 12.01.25 12:10:16] [Level: info] [State: aggregate] Updating global model...
[Time: 12.01.25 12:10:16] [Level: info] [State: aggregate] Autoencoder(
  (encoder): Sequential(
    (0): Linear(in_features=6001, out_features=500, bias=True)
    (1): ReLU()
    (2): Linear(in_features=500, out_features=500, bias=True)
    (3): ReLU()
    (4): Linear(in_features=500, out_features=2000, bias=True)
    (5): ReLU()
    (6): Linear(in_features=2000, out_features=10, bias=True)
  )
  (decoder): Sequential(
    (0): Linear(in_features=10, out_features=2000, bias=True)
    (1): ReLU()
    (2): Linear(in_features=2000, out_features=500, bias=True)
    (3): ReLU()
    (4): Linear(in_features=500, out_features=500, bias=True)
    (5): ReLU()
    (6): Linear(in_features=500, out_features=6001, bias=True)
  )
)
[Time: 12.01.25 12:10:16] [Level: info] [State: aggregate] Broadcasting model...
[Time: 12.01.25 12:10:16] [Level: info] transition: compute
[Time: 12.01.25 12:10:17] [Level: info] state: compute
[Time: 12.01.25 12:10:17] [Level: info] [State: compute] ITERATION 2
[Time: 12.01.25 12:10:17] [Level: info] [State: compute] receiving weights...
[Time: 12.01.25 12:10:17] [Level: info] [State: compute] Loading global weights for model...
[Time: 12.01.25 12:10:17] [Level: info] [State: compute] Updated model with received weights.
[Time: 12.01.25 12:10:17] [Level: info] [State: compute] Loading data...
[Time: 12.01.25 12:10:17] [Level: info] [State: compute] Preparing model training...
[Time: 12.01.25 12:10:17] [Level: info] [State: compute] Training model for one epoch...
127.0.0.1 - - [12/Jan/2025 12:10:17] "GET /api/status HTTP/1.0" 200 158
[CTRL] GET /data
[Time: 12.01.25 12:10:17] [Level: info] [State: compute] Local training loss: 2604861.5
[Time: 12.01.25 12:10:17] [Level: info] [State: compute] Training the decoder...
[Time: 12.01.25 12:10:19] [Level: info] [State: compute] Epoch 10, Total Loss: 71.61583709716797, KL Loss: 4.5299529460862686e-08, Recon Loss: 716.1583251953125
127.0.0.1 - - [12/Jan/2025 12:10:21] "GET /api/data HTTP/1.0" 200 34213092
[Time: 12.01.25 12:10:21] [Level: info] [State: compute] Epoch 20, Total Loss: 1.4648836851119995, KL Loss: 6.258487506016763e-09, Recon Loss: 14.648837089538574
127.0.0.1 - - [12/Jan/2025 12:10:24] "GET /api/status HTTP/1.0" 200 155
127.0.0.1 - - [12/Jan/2025 12:10:26] "GET /api/status HTTP/1.0" 200 155
127.0.0.1 - - [12/Jan/2025 12:10:28] "GET /api/status HTTP/1.0" 200 155
[Time: 12.01.25 12:10:29] [Level: info] [State: compute] Epoch 30, Total Loss: 0.6341847777366638, KL Loss: -4.023313682210983e-09, Recon Loss: 6.3418474197387695
127.0.0.1 - - [12/Jan/2025 12:10:30] "GET /api/status HTTP/1.0" 200 155
127.0.0.1 - - [12/Jan/2025 12:10:32] "GET /api/status HTTP/1.0" 200 155
127.0.0.1 - - [12/Jan/2025 12:10:34] "GET /api/status HTTP/1.0" 200 155
127.0.0.1 - - [12/Jan/2025 12:10:36] "GET /api/status HTTP/1.0" 200 155
[Time: 12.01.25 12:10:37] [Level: info] [State: compute] Epoch 40, Total Loss: 0.5714096426963806, KL Loss: 4.172325152040912e-09, Recon Loss: 5.7140960693359375
127.0.0.1 - - [12/Jan/2025 12:10:38] "GET /api/status HTTP/1.0" 200 155
127.0.0.1 - - [12/Jan/2025 12:10:40] "GET /api/status HTTP/1.0" 200 155
127.0.0.1 - - [12/Jan/2025 12:10:42] "GET /api/status HTTP/1.0" 200 155
127.0.0.1 - - [12/Jan/2025 12:10:44] "GET /api/status HTTP/1.0" 200 155
[Time: 12.01.25 12:10:45] [Level: info] [State: compute] Epoch 50, Total Loss: 0.5084629058837891, KL Loss: 3.8743017682918435e-09, Recon Loss: 5.084629058837891
127.0.0.1 - - [12/Jan/2025 12:10:46] "GET /api/status HTTP/1.0" 200 155
127.0.0.1 - - [12/Jan/2025 12:10:48] "GET /api/status HTTP/1.0" 200 155
127.0.0.1 - - [12/Jan/2025 12:10:50] "GET /api/status HTTP/1.0" 200 155
[Time: 12.01.25 12:10:51] [Level: info] [State: compute] Epoch 60, Total Loss: 0.4814724028110504, KL Loss: -4.023313682210983e-09, Recon Loss: 4.814723968505859
127.0.0.1 - - [12/Jan/2025 12:10:52] "GET /api/status HTTP/1.0" 200 155
127.0.0.1 - - [12/Jan/2025 12:10:54] "GET /api/status HTTP/1.0" 200 155
127.0.0.1 - - [12/Jan/2025 12:10:56] "GET /api/status HTTP/1.0" 200 155
127.0.0.1 - - [12/Jan/2025 12:10:58] "GET /api/status HTTP/1.0" 200 155
[Time: 12.01.25 12:10:59] [Level: info] [State: compute] Epoch 70, Total Loss: 0.436784952878952, KL Loss: 2.6822091214739885e-09, Recon Loss: 4.367849349975586
127.0.0.1 - - [12/Jan/2025 12:11:00] "GET /api/status HTTP/1.0" 200 155
127.0.0.1 - - [12/Jan/2025 12:11:02] "GET /api/status HTTP/1.0" 200 155
127.0.0.1 - - [12/Jan/2025 12:11:04] "GET /api/status HTTP/1.0" 200 155
127.0.0.1 - - [12/Jan/2025 12:11:06] "GET /api/status HTTP/1.0" 200 155
[Time: 12.01.25 12:11:07] [Level: info] [State: compute] Epoch 80, Total Loss: 0.36969420313835144, KL Loss: 3.725290298461914e-09, Recon Loss: 3.696942090988159
127.0.0.1 - - [12/Jan/2025 12:11:08] "GET /api/status HTTP/1.0" 200 155
127.0.0.1 - - [12/Jan/2025 12:11:10] "GET /api/status HTTP/1.0" 200 155
127.0.0.1 - - [12/Jan/2025 12:11:12] "GET /api/status HTTP/1.0" 200 155
127.0.0.1 - - [12/Jan/2025 12:11:14] "GET /api/status HTTP/1.0" 200 155
[Time: 12.01.25 12:11:15] [Level: info] [State: compute] Epoch 90, Total Loss: 0.35958999395370483, KL Loss: 5.066394859198908e-09, Recon Loss: 3.595899820327759
127.0.0.1 - - [12/Jan/2025 12:11:16] "GET /api/status HTTP/1.0" 200 155
127.0.0.1 - - [12/Jan/2025 12:11:18] "GET /api/status HTTP/1.0" 200 155
127.0.0.1 - - [12/Jan/2025 12:11:20] "GET /api/status HTTP/1.0" 200 155
[Time: 12.01.25 12:11:21] [Level: info] [State: compute] Epoch 100, Total Loss: 0.3485284745693207, KL Loss: 5.9604643443123e-10, Recon Loss: 3.4852848052978516
[Time: 12.01.25 12:11:21] [Level: info] [State: compute] Saving model and decoder...
[Time: 12.01.25 12:11:21] [Level: info] [State: compute] Scoring model...
[Time: 12.01.25 12:11:21] [Level: info] [State: compute] Adjusted Rand Index (ARI): 0.0
[Time: 12.01.25 12:11:21] [Level: info] [State: compute] Sent updated weights to coordinator.
[Time: 12.01.25 12:11:21] [Level: info] transition: aggregate
[Time: 12.01.25 12:11:22] [Level: info] state: aggregate
[Time: 12.01.25 12:11:22] [Level: info] [State: aggregate] Waitig for local models...
127.0.0.1 - - [12/Jan/2025 12:11:22] "GET /api/status HTTP/1.0" 200 157
127.0.0.1 - - [12/Jan/2025 12:11:24] "GET /api/status HTTP/1.0" 200 157
127.0.0.1 - - [12/Jan/2025 12:11:26] "GET /api/status HTTP/1.0" 200 157
127.0.0.1 - - [12/Jan/2025 12:11:28] "GET /api/status HTTP/1.0" 200 157
127.0.0.1 - - [12/Jan/2025 12:11:30] "GET /api/status HTTP/1.0" 200 157
[CTRL] POST /data
127.0.0.1 - - [12/Jan/2025 12:11:32] "POST /api/data?client=6a4ef86890e1e584&memo=GATHERROUND2 HTTP/1.0" 200 0
[CTRL] POST /data
127.0.0.1 - - [12/Jan/2025 12:11:32] "POST /api/data?client=1245e957de2b3c68&memo=GATHERROUND2 HTTP/1.0" 200 0
127.0.0.1 - - [12/Jan/2025 12:11:32] "GET /api/status HTTP/1.0" 200 157
[Time: 12.01.25 12:11:32] [Level: info] [State: aggregate] {'encoder.0.weight': array([[-0.03218763,  0.02894055,  0.01688299, ..., -0.01628058,
         0.01595659, -0.02287942],
       [-0.00498972, -0.03335572, -0.02016745, ...,  0.00675648,
        -0.04033876, -0.00880444],
       [ 0.05603691, -0.03772869,  0.00452419, ..., -0.03032302,
        -0.01231219, -0.01436218],
       ...,
       [-0.01354139,  0.01414427,  0.04211364, ...,  0.03604453,
        -0.01941785, -0.0044785 ],
       [ 0.01151056,  0.0073859 ,  0.00651899, ...,  0.00836423,
        -0.03868669,  0.00138174],
       [-0.0377046 , -0.02065074, -0.02454979, ..., -0.01173967,
         0.00990513,  0.00426806]], dtype=float32), 'encoder.0.bias': array([-1.21824276e-02, -1.12708667e-02,  1.25896307e-02, -1.55200996e-02,
       -4.48464565e-02,  1.90257337e-02, -6.44970918e-03, -2.86868829e-02,
       -3.00245937e-02,  1.80334244e-02, -1.34439114e-03, -3.71183343e-02,
        8.85019451e-03, -2.46689357e-02, -1.03015387e-02,  1.96819683e-03,
       -3.75908427e-02, -7.04758707e-03, -3.57474908e-02, -3.65769938e-02,
       -4.63758744e-02,  1.60819571e-02, -2.62076911e-02,  1.14661194e-02,
        5.63721638e-03,  2.33789105e-02,  1.87292118e-02,  3.23293023e-02,
        1.16715664e-02, -8.58680811e-03, -2.80446541e-02,  1.87893286e-02,
       -1.23268841e-02, -3.27697024e-02, -2.80320150e-04,  3.28971483e-02,
       -4.45470773e-03, -5.17150969e-04, -2.81615439e-03, -3.18683637e-03,
        1.97316315e-02, -2.18508895e-02, -3.45057203e-03,  3.01652923e-02,
       -1.74778719e-02, -4.52037491e-02, -1.28611615e-02, -2.10146010e-02,
        2.73199230e-02, -2.86096465e-02, -2.50116121e-02, -8.97656102e-03,
        2.09449627e-03, -3.08861192e-02,  6.07679132e-03, -3.90960602e-03,
       -6.61295315e-04, -1.45582072e-02, -2.97444034e-02, -3.98199745e-02,
        4.99937171e-03,  1.26465280e-02, -3.60451192e-02,  3.22485529e-02,
       -3.98828695e-03,  3.14975791e-02, -2.98586171e-02, -4.31457646e-02,
       -4.88043502e-02,  9.60118230e-03,  3.17912586e-02, -3.05884089e-02,
       -1.34990858e-02, -3.27376574e-02, -2.89359670e-02, -1.33035122e-03,
       -3.52720767e-02,  2.40681265e-02, -4.00365107e-02,  5.72040537e-03,
        3.11895739e-02,  2.58621853e-02, -2.88707186e-02,  2.32582539e-02,
       -2.64125187e-02, -8.41050968e-03, -1.89069808e-02,  1.49688907e-02,
        9.00571235e-03, -2.56060679e-02, -1.88984815e-02,  1.11660250e-02,
        2.60845833e-02, -3.10308971e-02, -2.33186595e-02,  5.12999902e-03,
       -1.41983712e-02, -4.08381261e-02,  1.05146887e-02, -2.63951179e-02,
        1.86725874e-02, -3.73948663e-02, -3.10959518e-02, -1.47612789e-03,
       -2.36222669e-02, -2.24020286e-03,  5.02071483e-03,  1.92883201e-02,
        1.32695613e-02,  3.15373726e-02, -1.93014238e-02, -5.43113146e-03,
       -1.12589449e-02,  4.06519684e-04, -1.75068099e-02,  2.74567232e-02,
       -1.75328944e-02, -1.32620977e-02, -2.23914236e-02,  3.83481905e-02,
        6.02417765e-03, -3.95187438e-02, -3.25155854e-02, -1.84860651e-03,
       -5.66598214e-03, -1.82935949e-02, -1.62097607e-02, -7.70186959e-03,
       -2.50500813e-02,  2.63063293e-02,  2.90677771e-02, -3.67161110e-02,
        5.12850180e-04,  3.05590965e-02,  2.32305154e-02,  6.05803216e-04,
       -1.42297642e-02, -4.27311938e-03, -1.12233474e-03, -1.98754482e-02,
        2.51972899e-02, -4.25265990e-02, -1.16542969e-02, -1.73069313e-02,
       -1.22062734e-03,  2.81568263e-02, -3.28655425e-03, -1.50755700e-02,
       -8.23357422e-03, -2.53026970e-02, -1.56696886e-02,  2.50663031e-02,
       -1.93233322e-02, -1.10761833e-03, -1.69943273e-02, -1.36134261e-02,
        2.87147760e-02,  2.15300228e-02, -1.75434742e-02, -4.65588458e-02,
       -1.73744205e-02, -6.90678891e-04, -2.77567264e-02,  2.25971751e-02,
       -2.83299703e-02, -4.20985557e-02,  2.71255616e-02,  2.30472870e-02,
        2.66594365e-02, -1.58068426e-02, -4.33334820e-02, -2.73565575e-02,
        1.12476712e-03, -2.52345446e-02,  2.79594436e-02,  1.85117908e-02,
        1.95804313e-02, -3.81053016e-02, -4.28776741e-02,  3.47257257e-02,
       -2.74935011e-02, -2.10827310e-02, -3.54189761e-02,  1.37889497e-02,
        1.76029224e-02, -3.65224667e-02,  2.13205349e-02, -2.54690871e-02,
       -3.57299484e-02,  2.27937847e-02, -3.10548432e-02, -1.33191319e-02,
       -2.78020892e-02, -4.27353196e-02,  4.57444564e-02,  2.98741721e-02,
       -6.72332058e-03, -2.79190345e-03, -1.19143510e-02, -2.02322025e-02,
       -3.85339223e-02,  5.33232605e-03, -3.04913316e-02,  2.13460382e-02,
        2.12788978e-03,  2.50441190e-02, -3.49772945e-02,  2.91661490e-02,
       -6.16313703e-03,  7.16059236e-03, -1.91410892e-02, -3.26782241e-02,
       -3.50009054e-02,  1.54871820e-02, -2.63508838e-02,  6.50185021e-03,
        1.65458638e-02, -8.06976459e-04, -2.82799676e-02,  9.88187268e-03,
       -2.63951533e-02,  5.73938421e-04,  2.39823163e-02,  2.45321775e-03,
       -2.80674361e-02, -5.48166148e-02, -4.64301370e-02,  3.14806402e-02,
        5.86207025e-04, -3.39082852e-02, -2.10953783e-03,  1.77404787e-02,
       -1.77062303e-02,  3.58189526e-03,  6.33584755e-03, -3.76498152e-04,
       -4.34321612e-02, -1.57376956e-02,  1.57641689e-03, -9.99797718e-04,
        4.39204574e-02,  2.05598548e-02, -1.99941024e-02, -4.55962121e-03,
       -2.57572182e-03, -2.12371768e-03,  8.59489013e-03, -1.74650494e-02,
       -1.68066267e-02, -3.75365987e-02,  1.69509985e-02, -4.05239612e-02,
       -2.08400972e-02, -9.14303213e-03, -2.49667745e-03,  1.21418722e-02,
       -1.67182796e-02,  2.42517181e-02, -3.17664742e-02,  1.61799863e-02,
        2.81356685e-02, -2.05925424e-02,  7.70715298e-03, -3.46923433e-02,
       -3.76723744e-02,  2.17808858e-02,  1.71922112e-03, -2.71459147e-02,
        1.25042982e-02, -7.62924319e-03,  2.35322062e-02, -2.73906384e-02,
        1.12822028e-02, -4.41660285e-02, -3.39505747e-02,  6.74456777e-03,
        6.96871313e-04,  2.71492032e-03, -2.40180306e-02,  1.19065093e-02,
       -4.07182984e-02,  9.03266855e-03, -3.02408654e-02, -3.20342258e-02,
        1.40026892e-02, -1.78640485e-02,  6.63668104e-03, -2.80593485e-02,
       -1.35172503e-02, -2.92156339e-02, -2.54019024e-03,  4.92221257e-03,
       -3.36229913e-02, -1.48133105e-02,  2.55687870e-02, -4.42848355e-02,
       -4.65642326e-02, -2.46437378e-02, -4.24111485e-02,  2.99453940e-02,
       -2.17485186e-02,  1.93770528e-02, -1.33801112e-03, -1.69588551e-02,
       -3.89619768e-02,  1.17405271e-03, -4.55436558e-02, -2.23936792e-02,
       -3.20774987e-02,  1.38548966e-02,  2.78664753e-02,  1.30577059e-02,
       -4.79372684e-04, -3.61604318e-02,  2.54994985e-02,  1.61843300e-02,
        6.77450048e-03, -2.45042872e-02, -3.82887684e-02, -3.33457850e-02,
       -3.24382298e-02,  3.10537987e-04, -2.55253837e-02, -3.96551751e-02,
       -4.39546071e-03, -4.43816110e-02, -2.20274273e-02, -5.10931239e-02,
        1.01452935e-02, -3.58313695e-03, -1.86126046e-02, -4.48209085e-02,
       -3.88929471e-02, -3.98146361e-02, -7.07073044e-03, -2.46740468e-02,
       -1.32234888e-02, -2.47776266e-02,  1.77522637e-02,  1.51263447e-02,
       -4.40862700e-02, -4.59281988e-02, -2.63944529e-02, -2.41268575e-02,
       -7.33732479e-03,  1.36668514e-02, -1.42386882e-02, -2.04422716e-02,
        2.53524259e-02, -2.58597732e-02, -3.97097766e-02, -3.16528394e-03,
       -3.46488468e-02,  2.74056382e-02,  2.01214012e-02, -3.14252302e-02,
       -5.51681221e-03,  1.50540890e-02, -2.66096462e-02,  1.45146577e-02,
        1.47037692e-02, -2.95945182e-02, -1.40367253e-02,  1.61049434e-03,
       -3.26623619e-02,  1.58972107e-02, -2.76840404e-02, -1.27267670e-02,
       -2.70703267e-02, -4.55865776e-03, -1.90791953e-02, -2.21828409e-02,
       -1.71186645e-02,  2.17917822e-02, -2.07856186e-02,  2.09007785e-02,
       -2.47336328e-02,  1.15715880e-02, -4.13266011e-02,  4.83054388e-03,
       -6.68984093e-03,  1.71704087e-02, -3.85648129e-03,  2.33327132e-02,
       -8.56856816e-03,  1.88318398e-02, -3.30988951e-02,  1.89855564e-02,
        1.69042405e-02, -4.19240929e-02, -3.28889415e-02, -3.23566869e-02,
        9.61298030e-03, -3.79824862e-02, -4.09202501e-02, -1.23020904e-02,
        2.57100612e-02,  6.17136830e-05,  4.47183009e-03, -4.08616476e-02,
       -3.20647587e-03,  7.73428380e-03,  4.64987010e-03,  9.81450267e-03,
       -2.07598750e-02, -4.34543528e-02, -2.45794449e-02,  1.33895166e-02,
        8.11427273e-03,  3.98116931e-03,  2.66993288e-02, -2.73610409e-02,
       -3.71081978e-02, -4.10738699e-02, -5.44889946e-04, -5.26925735e-03,
       -4.30630222e-02, -2.84647895e-03, -2.18089148e-02, -2.55260989e-02,
        1.15129594e-02, -1.27722267e-02,  2.79816594e-02, -1.90500226e-02,
       -3.79843749e-02, -4.07934524e-02, -2.62482110e-02, -2.53318958e-02,
       -3.83717380e-02,  1.76706258e-02, -4.61689234e-02, -1.32273678e-02,
       -4.43157107e-02, -3.38756032e-02, -3.31143923e-02, -3.84640768e-02,
       -1.94618460e-02, -3.81740928e-02, -3.98904085e-03,  3.14028934e-04,
        2.02762652e-02, -4.92211524e-03,  1.19268789e-03, -2.73638256e-02,
        9.63195413e-03, -3.57945785e-02,  2.12541949e-02, -1.20230317e-02,
       -4.30518389e-02, -4.15031090e-02,  1.91222895e-02, -4.08958159e-02,
        1.45906222e-03, -3.85286845e-03, -7.60882115e-03,  2.71374243e-03,
       -9.55775566e-03, -3.06592453e-02, -1.59382273e-03,  1.90079901e-02,
        4.60045366e-03,  2.57489998e-02,  2.32291035e-02, -3.41200233e-02,
       -3.33414637e-02, -4.41687517e-02,  1.80426482e-02, -1.54592721e-02,
        3.21182702e-03, -3.22194770e-02, -4.16691042e-02,  1.30555481e-02,
        2.26662811e-02,  1.87127534e-02,  2.75177155e-02,  3.35926935e-02,
        4.74051852e-03, -4.17435318e-02, -2.20959540e-02, -2.08483543e-04,
        1.30972611e-02, -2.46303305e-02,  3.44320908e-02, -3.16174608e-03,
        1.48418685e-02,  8.13158974e-03, -2.67861672e-02,  2.08147801e-02,
        2.46473402e-02, -3.98909599e-02, -3.41843516e-02,  1.92268882e-02,
        2.26401892e-02, -7.57610751e-03, -4.17941920e-02,  1.02677057e-02,
       -4.57809977e-02, -2.12974232e-02, -3.41433622e-02, -2.18036398e-02],
      dtype=float32), 'encoder.2.weight': array([[ 0.08175576,  0.03834621, -0.15519948, ...,  0.11631401,
        -0.00805808, -0.00278095],
       [ 0.09709972,  0.07424982, -0.11578415, ..., -0.14032216,
        -0.0919655 , -0.04056837],
       [-0.12818985, -0.01416612, -0.0339548 , ...,  0.01493566,
         0.10878521,  0.12105308],
       ...,
       [-0.11801541, -0.02047678, -0.09308762, ...,  0.08958232,
         0.00634841,  0.07516351],
       [-0.05427898,  0.01458022,  0.07733785, ..., -0.07421835,
         0.03496861, -0.05195367],
       [ 0.0519881 , -0.13362037,  0.00183785, ..., -0.10698161,
         0.0543912 ,  0.04550619]], dtype=float32), 'encoder.2.bias': array([-5.70686534e-02, -5.26742041e-02,  4.70921877e-05, -8.40086117e-02,
       -8.48555639e-02, -9.44691300e-02,  3.61579383e-04, -1.01396210e-01,
       -1.03036568e-01,  1.36343300e-01, -6.86953962e-02, -7.21911490e-02,
        3.21150757e-02,  7.69527331e-02, -2.39075366e-02, -7.30554834e-02,
        1.02126673e-01, -1.95557047e-02,  6.62992969e-02, -9.08770598e-03,
       -1.49933575e-02, -7.33350515e-02,  6.02475554e-03, -9.16674063e-02,
       -2.85694450e-02,  2.28768773e-02,  8.51769894e-02,  6.87778741e-02,
        6.83233365e-02,  4.91149090e-02, -4.00836430e-02,  1.12061277e-01,
        5.17567284e-02, -4.34907675e-02,  2.36125942e-02, -1.08239003e-01,
        1.17345890e-02,  1.42626157e-02, -2.65151728e-02,  6.95819631e-02,
       -1.16354804e-02,  1.22093901e-01,  5.81362359e-02,  8.47783983e-02,
       -1.30473569e-01,  3.12363170e-02, -1.08144999e-01, -3.68090235e-02,
        5.48861048e-04,  2.55463645e-02,  7.31196301e-03,  9.49880108e-02,
        5.07830526e-04,  5.07733189e-02, -1.12233341e-01,  1.18564479e-01,
        8.93283561e-02,  8.98878649e-02, -2.12935638e-02, -1.39008602e-02,
        1.21921025e-01,  2.70283315e-02, -8.50021243e-02, -3.24262939e-02,
        5.07119857e-02, -8.55131000e-02, -9.64769046e-04,  2.48588230e-02,
       -7.35424310e-02, -9.13690105e-02,  9.01689287e-03,  8.72059092e-02,
       -3.65539417e-02,  7.98259377e-02, -7.28993267e-02, -9.30480808e-02,
       -4.64890115e-02,  1.29364207e-02,  5.15277050e-02, -1.25863969e-01,
        1.27472356e-02, -2.24083066e-02,  7.41753355e-03, -3.71871665e-02,
       -4.13936675e-02,  1.03728570e-01, -5.02614155e-02, -7.35299140e-02,
       -1.00647844e-01,  8.26796293e-02,  6.32400662e-02,  1.33314058e-02,
       -8.54408666e-02, -3.05716600e-02,  8.29021782e-02, -5.30266017e-02,
        3.07822833e-03,  1.45861842e-02,  1.06606565e-01, -7.15060309e-02,
        5.54952808e-02,  9.82582867e-02, -1.03331313e-01, -5.22762425e-02,
       -1.28088981e-01, -2.25133859e-02,  6.48207963e-02,  1.18818499e-01,
        5.05505949e-02, -5.46004102e-02,  1.07993335e-02, -1.37212634e-01,
       -1.04078032e-01, -1.15716316e-01,  7.84333646e-02,  1.06617711e-01,
       -1.01647265e-01,  4.40935753e-02,  2.41250312e-03, -2.63145398e-02,
        1.64688136e-02, -1.03962697e-01,  9.31062922e-02,  8.46971422e-02,
       -1.37587622e-01, -1.54957280e-01, -9.55713391e-02, -8.93219784e-02,
       -2.04550251e-02,  2.59691495e-02,  2.70467009e-02, -1.41200274e-01,
        8.71678144e-02,  7.26175755e-02,  3.81618887e-02,  2.06769886e-03,
        2.11172774e-02, -7.99906999e-02, -7.71834329e-02,  2.91082542e-02,
        2.51642819e-02,  6.80628046e-02,  5.22414371e-02,  2.84936652e-02,
       -6.94786534e-02,  7.67491991e-04,  2.06068810e-02, -1.64308883e-02,
        9.52854678e-02,  5.39647080e-02,  6.03235029e-02,  7.77654797e-02,
       -2.98404153e-02, -1.33647576e-01, -1.22016720e-01, -1.43721430e-02,
        3.26891840e-02, -9.70407948e-02,  1.15793929e-01, -3.33042629e-02,
        2.28724047e-03, -5.49308658e-02,  9.02634412e-02,  7.45635331e-02,
        8.52063298e-03,  9.46760084e-03, -9.31500420e-02, -5.67820966e-02,
       -1.19280100e-01,  8.80179647e-03,  1.03644334e-01, -1.56866964e-02,
       -7.49017671e-02, -5.27196750e-02, -1.59686226e-02,  3.72763462e-02,
       -6.06551729e-02, -4.77022529e-02, -1.21982982e-02, -2.24157553e-02,
        8.01179856e-02,  4.21438664e-02, -5.55926450e-02,  7.59055465e-02,
       -1.46829494e-04, -2.36893240e-02, -6.94625676e-02,  7.78505728e-02,
        3.51535855e-03, -5.37909865e-02,  5.85575253e-02, -7.48456791e-02,
        7.20056221e-02, -1.31141201e-01, -7.36061111e-02,  8.42685476e-02,
       -2.93369461e-02,  1.01789255e-02, -2.82738097e-02, -1.37528747e-01,
        5.28924614e-02, -1.13198526e-01, -9.94606689e-02,  1.16828777e-01,
        6.29200116e-02, -1.54697612e-01, -3.23179066e-02, -1.34808961e-02,
       -6.42512366e-02,  2.60083266e-02,  5.66574335e-02,  1.08230403e-02,
        1.29172400e-01, -5.51274978e-03, -6.30185800e-03, -1.11097425e-01,
       -1.24763958e-01, -6.61383420e-02,  7.43374228e-02, -1.51954277e-03,
       -3.73326093e-02, -4.47536260e-03, -9.27879289e-02, -1.51201576e-01,
       -6.47146925e-02, -1.63987517e-01,  6.35031313e-02,  9.51018184e-02,
        8.48046541e-02, -4.30809408e-02, -1.90328602e-02,  4.17243354e-02,
       -6.76895976e-02, -1.38658464e-01,  4.04056674e-03,  6.67416751e-02,
        9.36291739e-03,  1.23796929e-02, -2.11676061e-02,  1.02996171e-01,
       -1.41989276e-01, -3.78748327e-02, -1.26146004e-01, -1.39335886e-01,
        3.14712748e-02,  9.85054672e-02,  3.54980007e-02,  1.69302505e-02,
       -2.11361945e-02, -1.32044340e-02,  1.19866684e-01, -6.00033738e-02,
       -7.48083368e-02, -1.16841216e-02, -1.24576285e-01,  6.81878477e-02,
        6.45415904e-03, -3.01455799e-03,  3.52116786e-02, -8.07086602e-02,
        1.02458544e-01, -6.56401962e-02,  4.32949439e-02,  5.16676307e-02,
        1.12072974e-01, -1.00594573e-03,  6.98664859e-02, -5.44024818e-02,
       -5.92410751e-02, -2.90476158e-02,  8.79431516e-02,  8.32268447e-02,
        1.22825708e-02, -8.77505094e-02, -2.23435890e-02,  6.77577555e-02,
       -1.46135807e-01, -6.01828247e-02,  6.41174465e-02,  3.67005430e-02,
        1.13726400e-01,  5.36445715e-02, -9.08183306e-02, -8.18042830e-02,
       -9.77795292e-03,  2.49077454e-02,  6.59060255e-02, -4.60034981e-02,
       -4.04140726e-02,  6.57976605e-03, -1.33186936e-01, -2.58308891e-02,
        1.08206302e-01, -3.49278301e-02, -5.06239794e-02,  6.54322580e-02,
        1.29146278e-01, -2.92999204e-02,  9.76719409e-02, -4.89086211e-02,
        1.59335937e-02,  6.19447418e-02,  5.13170920e-02, -5.58953406e-03,
        6.03421517e-02, -9.90866646e-02, -3.98551002e-02,  5.18067367e-03,
       -3.15053612e-02,  2.33573411e-02, -3.29939350e-02, -8.08109492e-02,
       -6.81925341e-02, -1.27018571e-01,  7.99818933e-02, -1.00407258e-01,
        1.23769082e-01, -3.95081863e-02,  1.01115711e-01, -7.53741786e-02,
       -5.76398522e-02,  1.22792624e-01,  5.03904186e-02,  8.60310905e-03,
       -1.19435163e-02, -1.46879822e-01,  5.54471537e-02, -1.19809300e-01,
       -9.11488235e-02,  1.43438680e-02, -4.06272151e-03,  1.56823009e-01,
       -2.46015042e-02, -8.06111544e-02, -2.46420484e-02, -3.20385471e-02,
        1.25911534e-01, -4.71137464e-03,  1.31549528e-02,  4.29822505e-02,
        7.39273429e-02, -4.80268225e-02, -8.33360329e-02, -7.80812874e-02,
       -1.07132897e-01,  6.17632829e-02, -1.16853125e-01,  7.32807722e-03,
        6.95281997e-02, -1.13828853e-01,  1.98537540e-02, -8.67899209e-02,
        8.83449838e-02,  1.01891927e-01, -3.36947292e-02, -7.95121416e-02,
        1.32722586e-01, -1.51810914e-01, -1.10532120e-01,  5.84842712e-02,
        1.67862363e-02, -3.63734998e-02, -6.35669054e-03, -6.60600141e-02,
       -3.68886888e-02, -7.78997913e-02, -7.69276172e-02,  1.24775805e-01,
       -3.14689204e-02, -2.58471202e-02, -6.56984001e-02,  1.06507726e-01,
        4.61049899e-02,  1.00041355e-03,  1.09936848e-01, -5.86541183e-02,
       -1.34033933e-01,  1.25379711e-01,  1.00613050e-01,  7.67217278e-02,
       -1.12493448e-01, -7.09653795e-02,  1.22669868e-01,  5.74105792e-02,
        2.12652255e-02,  6.51959255e-02,  8.06131139e-02,  5.10336235e-02,
        1.29889593e-01, -9.43738595e-02,  5.12823872e-02,  1.02636136e-01,
       -3.36414427e-02,  6.65762201e-02, -7.05891922e-02, -4.18274030e-02,
       -1.03020802e-01,  7.66350850e-02,  4.25699167e-02, -2.00225059e-02,
        1.09798402e-01,  1.07185952e-01,  4.22623270e-04,  1.32953208e-02,
        9.72434878e-02, -9.77594927e-02,  9.31476951e-02, -1.18562348e-01,
       -1.32892365e-02, -1.47574633e-01,  1.04290262e-01,  8.14562291e-02,
        5.97252920e-02,  2.04190183e-02,  7.39787593e-02, -3.96987721e-02,
        1.15672816e-02, -1.04416490e-01, -4.68273498e-02, -7.65943080e-02,
       -3.78357545e-02,  4.41675670e-02,  9.34734643e-02,  1.23496279e-02,
        9.12781134e-02, -4.24618945e-02,  6.63441569e-02,  6.45412877e-02,
        8.94014463e-02,  7.65396142e-03,  1.00189485e-01,  4.37247716e-02,
       -1.06886439e-01, -9.96466503e-02, -1.38227716e-01,  9.22343805e-02,
       -6.52873293e-02, -1.23380758e-01, -3.11658662e-02,  2.18084846e-02,
       -1.36094585e-01, -5.23046553e-02, -2.08817534e-02, -1.40991256e-01,
        1.08793448e-03,  1.00672841e-02, -5.26704602e-02, -3.68532501e-02,
       -1.02358907e-01, -1.25268027e-01, -1.19932480e-01, -2.95263622e-02,
       -1.27873987e-01, -5.19851223e-02, -9.74585563e-02, -2.84257866e-02,
       -1.12771980e-01, -1.35968491e-01,  8.75177681e-02, -1.35035008e-01,
        3.56932990e-02, -3.41747031e-02,  1.01029441e-01,  6.21318705e-02,
        5.81638068e-02, -2.48365831e-02, -3.07907518e-02, -1.24017581e-01,
       -9.53427330e-02,  1.08006179e-01,  5.38797751e-02, -7.44215995e-02,
        5.61690219e-02, -1.15860486e-02,  1.03764877e-01,  4.77415929e-03,
        3.72743979e-02,  8.39923024e-02, -2.79531628e-02, -4.17513065e-02,
        3.98913547e-02, -8.65734145e-02, -9.78697464e-02,  9.96813923e-02,
       -6.77694678e-02,  9.44097806e-03, -8.99242833e-02, -1.16318911e-01,
       -4.47307304e-02,  8.95189047e-02, -1.12355657e-01,  8.30903873e-02,
        4.60761897e-02,  7.98043460e-02,  1.87825244e-02,  4.92939241e-02,
       -1.78442728e-02, -7.44396746e-02, -4.20928411e-02, -3.58671173e-02],
      dtype=float32), 'encoder.4.weight': array([[-0.14747325, -0.13242489, -0.10497083, ..., -0.07415834,
         0.04150964,  0.01594629],
       [ 0.10020063, -0.02633951, -0.02952829, ...,  0.01036895,
        -0.02806172, -0.06868248],
       [-0.01404357,  0.05948641,  0.10969739, ...,  0.05913428,
        -0.06540933, -0.08825987],
       ...,
       [ 0.00438546, -0.01965389,  0.01738138, ..., -0.0858134 ,
         0.0232109 ,  0.12444842],
       [ 0.09516699, -0.08159161, -0.10795779, ...,  0.04459141,
         0.05396639, -0.00834523],
       [-0.130078  , -0.09642   , -0.0124711 , ..., -0.12177309,
        -0.07010128,  0.02258854]], dtype=float32), 'encoder.4.bias': array([-0.02109855,  0.08529779, -0.08304017, ...,  0.02666383,
       -0.13880806,  0.07892634], dtype=float32), 'encoder.6.weight': array([[-0.01627184, -0.05947072, -0.03149186, ...,  0.01561292,
        -0.04706457,  0.03942271],
       [-0.00841261, -0.04636936, -0.05946769, ..., -0.00340073,
         0.06560696, -0.03994228],
       [-0.02266156,  0.03482742, -0.02440084, ...,  0.02056148,
        -0.06296336, -0.00910634],
       ...,
       [ 0.01079663,  0.07964224, -0.01813258, ..., -0.04857944,
         0.02610884,  0.01942656],
       [-0.0500885 ,  0.00804354,  0.02635752, ..., -0.03591117,
         0.039352  , -0.04879536],
       [ 0.06656554, -0.03270559, -0.03291643, ..., -0.03006777,
         0.03349368,  0.05466429]], dtype=float32), 'encoder.6.bias': array([ 0.01498832,  0.04368237,  0.02302281,  0.03093844, -0.00311538,
       -0.04797121,  0.03424811, -0.01053775,  0.01264638, -0.03524617],
      dtype=float32), 'decoder.0.weight': array([[ 0.72528946,  0.3115729 ,  0.6532615 , ...,  0.5081968 ,
        -0.86402977,  0.23130663],
       [ 0.10971695,  0.9009915 ,  0.7128251 , ...,  0.03390884,
        -0.3558526 , -0.49064746],
       [-0.3444488 , -0.02563823,  0.5624684 , ..., -0.59482986,
        -0.03011734,  0.33313692],
       ...,
       [ 0.6310587 ,  0.52785677, -0.40209118, ..., -0.06422476,
        -0.5303554 ,  0.39940146],
       [-0.5556976 , -0.3063131 ,  0.13038428, ...,  0.6111201 ,
         0.12121022,  0.4939155 ],
       [-0.24580452,  0.563469  , -0.34774616, ..., -0.15510137,
         0.31874335, -0.5769723 ]], dtype=float32), 'decoder.0.bias': array([ 0.2620412 ,  0.7042734 , -0.75763696, ..., -0.41340595,
        0.37888667,  0.39586893], dtype=float32), 'decoder.2.weight': array([[-0.06408779, -0.03089598, -0.06154585, ...,  0.05156814,
         0.04087739,  0.05041521],
       [-0.07897659, -0.05406467,  0.04585521, ...,  0.04941321,
         0.00442217,  0.03652685],
       [ 0.04354687,  0.04944063,  0.0030864 , ..., -0.04989555,
         0.00092009,  0.03710711],
       ...,
       [-0.04625672,  0.04820996,  0.03036833, ..., -0.00663561,
         0.04559641, -0.04073469],
       [-0.04707308,  0.05379834,  0.0024467 , ...,  0.03514113,
        -0.00628574, -0.03661573],
       [ 0.0465139 , -0.04141673, -0.00772031, ..., -0.00910769,
        -0.07376877,  0.03060537]], dtype=float32), 'decoder.2.bias': array([ 2.90012676e-02,  7.06307217e-03,  6.49602246e-03, -7.93455243e-02,
        6.02707230e-02,  1.22875422e-02, -3.72613571e-03, -5.61876297e-02,
       -3.06305587e-02, -2.66974811e-02, -1.50439562e-02, -1.48136849e-02,
        6.72324444e-04,  2.37668306e-02,  2.63093202e-03, -7.74000026e-03,
        2.73015276e-02, -2.12067980e-02, -2.94695757e-02, -6.52337894e-02,
       -6.13748990e-02, -4.45890762e-02, -2.19332017e-02, -1.44064538e-02,
       -1.89790502e-02,  2.74658464e-02,  5.64940274e-02, -7.73412362e-02,
       -5.86664118e-02, -8.68744999e-02,  1.41060846e-02, -6.44631833e-02,
       -3.26586999e-02, -5.90216704e-02, -7.28687346e-02, -6.56050593e-02,
        6.69578090e-02, -7.88971782e-02, -7.65073746e-02, -1.28135516e-03,
        4.63620236e-04,  3.91195081e-02,  1.86413787e-02, -5.33318594e-02,
       -3.15656210e-03, -7.06930235e-02, -4.69590910e-03,  6.28431654e-03,
        7.27507705e-03, -6.42683078e-03,  3.01780198e-02, -6.67468533e-02,
        4.52445671e-02,  6.38512671e-02,  6.98142685e-03,  2.64764149e-02,
       -4.03710194e-02, -3.22177671e-02, -4.14538896e-03, -2.54950561e-02,
       -7.09192604e-02,  2.61886176e-02, -1.86914969e-02,  3.38585079e-02,
        4.28606616e-03,  9.86368954e-03, -6.36829063e-02, -3.09092971e-03,
        4.03900519e-02,  3.99109647e-02, -6.73352852e-02, -5.81813930e-03,
       -2.83909030e-02, -1.75467711e-02,  1.37060797e-02, -4.65998761e-02,
        2.17715129e-02,  6.53281212e-02,  5.29620647e-02, -4.90395091e-02,
       -6.46669092e-03,  3.50789800e-02,  5.74129261e-02, -2.57672723e-02,
        6.22711517e-02,  5.92876598e-02, -3.25067416e-02, -2.91380677e-02,
        3.11787296e-02, -1.86146107e-02,  1.53313987e-02, -5.53559102e-02,
       -3.30125727e-02,  5.82758076e-02,  3.71731780e-02,  4.24846150e-02,
        3.41788456e-02,  4.42236289e-02, -4.40443978e-02,  5.23889065e-03,
       -1.13456119e-02,  4.95101586e-02,  2.30335761e-02, -2.74891481e-02,
       -1.32336160e-02, -4.22386656e-05,  2.40899939e-02,  4.20437455e-02,
        5.23901470e-02,  3.72045301e-02,  4.61591035e-02, -4.70860265e-02,
        3.85676958e-02,  1.24076763e-02, -4.65166718e-02, -1.14542162e-02,
       -3.36939432e-02,  5.06598689e-02,  3.40767466e-02, -4.53217663e-02,
       -5.67651317e-02, -4.80247997e-02, -5.40299080e-02,  3.77590284e-02,
       -6.74499571e-02, -1.89832747e-02,  4.65414263e-02,  3.51301301e-03,
       -2.13190764e-02,  1.63617656e-02, -1.38835423e-02, -2.42595505e-02,
       -6.07974641e-03, -6.63628280e-02,  2.70374361e-02, -5.10938205e-02,
       -3.73450457e-05, -2.63246000e-02, -3.01747266e-02,  2.12768111e-02,
        1.32608972e-02, -5.18078580e-02,  2.42445637e-02,  5.33016324e-02,
        5.93586154e-02, -7.23732077e-03, -5.69295697e-02, -5.56375831e-02,
       -1.72094665e-02, -4.76115718e-02,  2.88723186e-05,  2.08648574e-03,
        4.67310026e-02,  5.90606667e-02, -2.24685706e-02,  1.93513706e-02,
        5.96820470e-03, -3.41160558e-02,  5.22189364e-02,  1.00450253e-03,
       -4.43342589e-02, -1.63148865e-02, -3.56174214e-03, -3.24773639e-02,
        4.29307260e-02,  1.83754042e-02,  2.89835874e-02,  5.37434593e-02,
       -1.02800271e-02, -5.19854054e-02, -8.09986889e-03, -3.07964324e-03,
        4.78677191e-02, -2.06063502e-02,  1.86210237e-02, -5.64406440e-03,
        2.72867158e-02, -2.11042184e-02,  3.55252475e-02,  2.53026951e-02,
        4.04648669e-02,  4.26065400e-02,  3.29297571e-03,  4.25364599e-02,
       -3.28683145e-02,  1.72596537e-02,  3.98944728e-02, -1.62322335e-02,
        2.01224983e-02,  3.83134522e-02, -7.15596229e-02, -1.87235046e-02,
        3.53880636e-02,  4.87140454e-02,  3.34265940e-02,  2.43853871e-02,
        3.89118046e-02,  4.86701801e-02, -7.39672184e-02,  3.08291167e-02,
        1.76501554e-02, -4.97425497e-02,  2.41602827e-02,  6.09941110e-02,
        1.62568111e-02,  4.79530729e-02,  2.95725167e-02, -1.58415064e-02,
        1.88597769e-03,  1.69375706e-02, -8.13159272e-02, -3.14386189e-02,
       -5.44327013e-02, -6.16108105e-02,  4.02018279e-02,  1.74771007e-02,
       -4.65618297e-02, -5.12848906e-02, -4.41629440e-02,  5.66774867e-02,
       -5.95670640e-02, -4.30692770e-02,  3.48158143e-02, -7.29983300e-02,
        6.27545640e-03,  5.64534683e-03, -1.15630878e-02, -1.41037274e-02,
        5.54821035e-03, -1.18998494e-02, -2.38809343e-02,  4.18775603e-02,
        6.01638807e-04,  3.70169105e-03, -8.47887546e-02, -7.03619272e-02,
        2.33796351e-02,  2.83964653e-03,  5.62421046e-02, -4.65930626e-02,
       -3.50378305e-02, -6.82345629e-02,  2.75984453e-03, -5.70724867e-02,
        3.85542214e-02, -4.17880751e-02,  5.15949503e-02,  2.47122832e-02,
        4.63532954e-02, -2.67462023e-02, -5.25168814e-02,  7.19852839e-03,
        6.54049683e-03,  3.37784477e-02,  2.04371754e-02, -2.83449870e-02,
        5.99968024e-02,  3.34785208e-02, -3.31823826e-02, -9.96212754e-03,
        1.26678282e-02, -5.95762357e-02,  1.26112578e-02,  2.29050443e-02,
       -4.77556838e-03, -3.47458795e-02, -2.33144611e-02, -7.08308592e-02,
        4.65629995e-02,  2.07300987e-02,  2.24293042e-02, -3.83976363e-02,
        6.43701553e-02, -7.42037296e-02, -3.67547758e-02, -2.52871048e-02,
        2.31887084e-02, -3.51825380e-04, -2.72968989e-02,  5.37081957e-02,
        1.73604656e-02, -7.36084580e-02, -6.25528768e-02,  3.21037807e-02,
        1.37422737e-02, -5.07325539e-03, -2.73493174e-02, -6.09559156e-02,
        7.25429282e-02, -4.08799537e-02,  4.61690761e-02,  4.56569111e-03,
       -3.09979506e-02,  1.29737575e-02,  5.48028946e-03, -4.87947538e-02,
       -6.26194244e-03,  5.88843115e-02,  5.84384147e-03, -4.97885980e-02,
       -4.88305017e-02, -5.68963587e-02, -8.14270005e-02,  4.65513617e-02,
        3.12385112e-02, -5.88631555e-02, -1.60763822e-02, -2.26130504e-02,
       -6.99670985e-02,  3.61553989e-02, -1.26826309e-03, -1.04588643e-03,
       -3.14057358e-02, -6.84245378e-02, -2.60535721e-02,  2.88327914e-02,
        4.66827899e-02,  2.17519831e-02, -7.31179714e-02, -6.76838905e-02,
        7.58904591e-03, -7.42328987e-02, -3.32827820e-03,  2.76765339e-02,
       -3.55903134e-02, -5.18262945e-03, -8.42032861e-03, -2.95474902e-02,
        2.69923005e-02,  2.49886569e-02, -7.98513219e-02, -1.83140917e-03,
        4.16465430e-03,  2.04763971e-02,  6.97312281e-02,  7.15414155e-03,
       -7.27476850e-02, -2.59010438e-02,  1.42220762e-02, -1.63543932e-02,
        6.32545948e-02,  4.91383858e-02, -3.06298733e-02,  5.59113510e-02,
       -6.91755638e-02, -7.81244710e-02, -7.51881208e-03, -3.27415951e-03,
        6.83688223e-02,  3.80514190e-02,  3.57701676e-03, -5.49295694e-02,
       -2.65630111e-02,  5.08169830e-02,  1.39800040e-03,  5.72268404e-02,
       -4.22908515e-02,  1.56488232e-02,  1.55710150e-02, -2.95239650e-02,
        3.10566220e-02,  3.89311239e-02, -4.33800779e-02, -1.45787364e-02,
       -1.16284331e-02,  5.95170334e-02,  1.11303693e-02, -4.89413738e-02,
        5.37818260e-02, -5.92599288e-02, -6.05629236e-02,  2.98076198e-02,
        6.42550141e-02, -7.07747089e-03,  3.01655252e-02,  5.53509705e-02,
        1.68699548e-02,  1.67525269e-03,  3.28576900e-02,  4.78415377e-02,
       -3.98780294e-02, -2.37596389e-02,  4.86078039e-02,  4.02162410e-02,
       -3.48754041e-02, -6.17206655e-02, -3.18785124e-02, -3.62510607e-02,
       -4.03424501e-02,  3.27705629e-02,  5.36318421e-02, -2.96919718e-02,
       -5.20694861e-03, -7.34817833e-02, -5.51693849e-02, -6.15961812e-02,
       -7.62958005e-02, -5.78059740e-02, -3.62397507e-02, -6.01001009e-02,
        5.02658561e-02, -6.07549362e-02,  5.76263964e-02,  5.25081865e-02,
       -2.79266909e-02, -2.09780242e-02, -2.67740954e-02,  4.11902890e-02,
       -1.02953119e-02, -5.94647899e-02,  4.70668189e-02,  4.42333193e-03,
       -9.02127698e-02, -7.12561188e-03, -1.23423543e-02, -2.96824872e-02,
        4.04680967e-02,  6.31180853e-02,  1.40277995e-02,  3.48560363e-02,
       -1.55374557e-02, -2.54945531e-02, -4.82393466e-02,  7.78466510e-03,
        3.77186388e-02,  4.08971459e-02,  1.48534663e-02,  6.23905249e-02,
        3.66399065e-02, -1.19733959e-02, -5.16941259e-03,  3.17650735e-02,
       -8.02270025e-02,  8.15111119e-03,  1.45522635e-02,  2.93572228e-02,
        5.63988695e-03,  4.06138934e-02, -5.01830429e-02, -4.50306665e-03,
        1.60791744e-02, -6.66219089e-03, -1.23832189e-02,  5.12263402e-02,
        1.36099635e-02, -4.77888100e-02,  4.02506515e-02, -6.49057794e-03,
       -1.97181031e-02, -4.54826206e-02,  5.75761758e-02,  5.97638562e-02,
       -3.69945578e-02,  8.28672666e-03,  5.07573336e-02, -6.48022592e-02,
        3.95868756e-02, -6.02308864e-05,  2.87751714e-03,  5.73449060e-02,
       -8.08684342e-03, -5.31761199e-02, -6.10092916e-02,  1.98981143e-03,
       -1.61392074e-02, -5.51749915e-02, -6.12351149e-02,  3.80894877e-02,
        2.78338231e-02,  7.06941355e-03, -2.83485418e-03,  3.34460326e-02,
        4.15073372e-02,  4.04636674e-02,  9.73844994e-03, -7.55278841e-02,
       -5.02828881e-03,  6.33077882e-03,  6.84616417e-02, -1.99180711e-02,
        6.31311489e-03, -4.68015373e-02,  1.28791789e-02,  2.96055642e-03,
        4.21969220e-02,  5.16536683e-02, -7.09848553e-02, -4.53338474e-02,
       -1.55420154e-02, -1.01063512e-02, -7.00286776e-02, -4.29341011e-02,
        3.45524661e-02, -5.04185399e-03, -1.99781992e-02,  5.82533441e-02,
       -5.54191545e-02, -2.71156859e-02,  4.99211326e-02, -1.58949755e-02],
      dtype=float32), 'decoder.4.weight': array([[ 0.12017461,  0.08509529, -0.09202793, ...,  0.02059647,
         0.07833657,  0.08501109],
       [-0.03463724,  0.1401123 , -0.03938711, ..., -0.03302549,
         0.09534914, -0.02113215],
       [-0.01359146, -0.11904787,  0.02476725, ...,  0.1089331 ,
        -0.06995269,  0.01754712],
       ...,
       [ 0.08252449, -0.12882261, -0.08296686, ...,  0.01827007,
         0.10608268, -0.07703879],
       [ 0.08300205, -0.14908707,  0.0792954 , ..., -0.08481734,
         0.02366781,  0.05393835],
       [-0.10638291, -0.04385566, -0.05561275, ...,  0.00516115,
        -0.06819551,  0.04951109]], dtype=float32), 'decoder.4.bias': array([-6.86404407e-02,  9.53804851e-02,  5.81742823e-02, -1.29108936e-01,
        1.00857072e-01, -3.01511306e-02, -2.94742994e-02,  1.25805577e-02,
        4.59298212e-03, -7.55043477e-02, -1.27532423e-01, -3.50293219e-02,
       -8.55866671e-02,  1.06372088e-01, -9.05136690e-02, -1.02856547e-01,
        2.49004383e-02, -1.26256332e-01,  6.13225698e-02, -1.07538722e-01,
        1.06279656e-01,  4.56988215e-02,  9.81129631e-02, -1.57666564e-01,
       -7.30092749e-02, -9.48523879e-02,  6.21673986e-02,  1.03363954e-01,
       -1.57309696e-01,  1.41758770e-01, -1.34727404e-01,  7.30239674e-02,
        2.98754517e-02,  9.74784791e-02,  2.59671062e-02,  3.22469696e-03,
        7.13847950e-02, -1.90039445e-02,  5.74943349e-02,  1.50848518e-03,
       -7.65542090e-02,  4.07582633e-02, -7.87513778e-02, -2.62643714e-02,
       -8.49310532e-02, -1.26974255e-01,  4.16578390e-02, -2.04986650e-02,
        4.53393832e-02, -4.26348997e-03, -6.07100800e-02, -4.94731963e-02,
        2.95614656e-02,  1.62472099e-01, -1.56330779e-01,  2.75864564e-02,
       -8.12747329e-02, -5.23840860e-02, -1.39606133e-01, -1.00937419e-01,
       -9.01316181e-02,  6.89361468e-02,  1.41798717e-03,  1.01559788e-04,
       -8.40316266e-02, -8.26121643e-02, -5.47840595e-02,  3.14028114e-02,
        1.04662582e-01,  5.07622547e-02, -5.54704927e-02,  1.23290345e-01,
       -9.89255607e-02, -2.63426155e-02, -1.58906356e-01,  6.14239462e-02,
       -1.25908107e-02, -5.08083664e-02, -8.96169469e-02, -6.11918829e-02,
        4.01516445e-02,  8.84880200e-02, -1.08620942e-01, -1.96339618e-02,
        2.05710996e-02, -1.21271893e-01,  1.23429736e-02,  9.13080871e-02,
        1.29999593e-01, -1.11496486e-01,  5.47545850e-02,  5.26840203e-02,
        6.78404495e-02, -6.00465387e-02, -8.68495852e-02,  7.43869245e-02,
        7.26169422e-02, -5.52886687e-02, -1.13060206e-01,  6.04341067e-02,
       -8.38139653e-02,  1.03858456e-01, -6.34345040e-02, -1.24435179e-01,
       -1.19938545e-01,  2.87795290e-02, -1.19856166e-04, -9.88351181e-02,
       -4.88005467e-02, -1.27718002e-01, -7.44840726e-02, -9.45047513e-02,
       -5.05103916e-02,  4.36018072e-02, -9.06251669e-02,  1.44573882e-01,
        8.71775001e-02,  4.89689298e-02,  6.68021441e-02, -9.67445448e-02,
        7.67255425e-02,  3.25034271e-05, -1.62869319e-01,  1.55491740e-01,
        2.27994076e-03, -9.77622643e-02, -9.62552354e-02,  8.37068111e-02,
       -1.24706611e-01,  1.40963867e-01, -1.91733264e-03, -2.11775415e-02,
       -9.52090323e-02,  5.20939613e-03, -1.45989046e-01,  4.22376767e-02,
        1.13872662e-01, -1.30920932e-01,  1.04046300e-01, -1.18097767e-01,
        3.15721147e-02, -1.35956228e-01, -8.03755596e-03, -9.14637893e-02,
        5.60997017e-02,  4.52099182e-02, -5.12517393e-02, -1.30679253e-02,
        8.26799124e-02,  4.89805732e-03,  7.37717971e-02,  1.46962265e-02,
       -1.04418077e-01,  1.08924983e-02, -1.14648625e-01,  1.29785866e-01,
       -8.20506364e-03,  1.04851834e-01,  9.80500504e-02, -7.67149925e-02,
       -7.89162293e-02, -1.30773280e-02,  1.82919553e-03, -1.17696278e-01,
       -1.34730622e-01, -1.04639299e-01, -5.99462390e-02, -9.43641141e-02,
        4.55003418e-02,  7.00999871e-02,  9.70877260e-02, -6.11551180e-02,
        1.19270302e-01,  7.52365291e-02,  4.72381972e-02,  3.79331373e-02,
       -1.37969568e-01,  5.00726365e-02, -6.11767219e-03, -1.40059860e-02,
       -1.40853167e-01, -1.30657658e-01, -9.62909311e-02, -5.48152365e-02,
        8.08345452e-02,  1.14088377e-03,  5.45503236e-02, -2.56068017e-02,
       -1.95966084e-02, -1.17654696e-01,  8.76105726e-02, -1.29186762e-02,
       -1.49321929e-01,  6.11664504e-02,  1.08282447e-01,  7.43937939e-02,
        9.34526417e-03, -1.30578414e-01, -1.14223093e-01,  5.06646559e-02,
        7.87559971e-02, -7.27602914e-02, -4.18024287e-02,  7.97161683e-02,
        1.32607237e-01,  1.13782533e-01,  3.11867427e-02,  8.09123069e-02,
       -4.86303531e-02,  3.45079936e-02,  6.13154322e-02,  6.90872036e-03,
        1.08923264e-01,  1.53873917e-02, -8.72465968e-02,  2.20937841e-02,
        1.47070527e-01,  4.62016575e-02, -1.44156829e-01,  1.43354833e-01,
        1.06345937e-01,  7.38951117e-02,  2.93348338e-02,  7.29027167e-02,
       -4.32821885e-02,  5.04053161e-02, -9.69995037e-02,  7.74859339e-02,
       -6.94934204e-02, -4.16174605e-02, -1.53662665e-02,  8.28212872e-02,
       -4.68348227e-02,  8.23632926e-02, -1.48554921e-01, -6.53974265e-02,
       -2.94267181e-02,  6.94973171e-02,  5.50553054e-02, -7.79348910e-02,
       -6.27894849e-02,  1.35818524e-02, -2.60033831e-03,  1.23634972e-02,
        1.07198372e-01, -1.12413593e-01,  8.62187892e-02,  8.12123939e-02,
       -1.53714344e-01, -3.66708264e-02,  1.66244563e-02,  7.77637362e-02,
       -9.72810537e-02, -1.32733926e-01,  9.57445130e-02, -5.70279099e-02,
        4.44131270e-02, -3.36619876e-02,  7.27956966e-02, -7.73999467e-02,
       -1.21115617e-01, -1.26462653e-01, -1.80188585e-02,  7.53216222e-02,
       -1.65382460e-01, -3.46561037e-02, -5.89960925e-02, -1.01793736e-01,
       -5.32343835e-02, -3.26709040e-02, -5.37495203e-02, -4.62356880e-02,
       -1.52377978e-01,  1.10342428e-01,  8.63011330e-02, -4.90704030e-02,
       -5.76251708e-02, -5.75081371e-02,  1.34293139e-01,  8.66981037e-03,
       -6.77145422e-02, -2.53775939e-02,  1.31374598e-01, -5.64094074e-02,
        1.10692367e-01, -1.36086196e-01,  3.93019989e-02,  8.55772123e-02,
        9.31955036e-03,  9.44373608e-02, -2.50277556e-02,  4.70009893e-02,
       -6.71754479e-02,  8.57469514e-02, -1.19374327e-01,  1.38331130e-01,
        3.84925231e-02, -1.30789697e-01,  2.72955094e-02, -3.45941223e-02,
       -6.90672472e-02, -8.50506052e-02,  6.27082437e-02, -7.65121356e-02,
       -1.39021396e-03, -1.44099846e-01, -1.38016835e-01, -5.61913475e-02,
        1.89465620e-02,  5.29516153e-02, -2.83350255e-02,  1.51949689e-01,
        9.79104936e-02, -3.51965427e-02,  1.27730459e-01,  1.00739924e-02,
        1.34076700e-01, -8.62215012e-02, -1.60202175e-01,  3.69234234e-02,
        8.52285177e-02, -1.02375813e-01, -4.43303585e-03, -1.14117183e-01,
       -2.34757178e-03, -1.39350891e-01, -5.02178855e-02,  2.35578977e-02,
       -8.74033123e-02, -1.92960612e-02, -4.21311520e-03,  3.32110077e-02,
        5.70704080e-02,  8.86134862e-04,  8.95905644e-02, -7.18786120e-02,
       -8.53991508e-02, -1.06915310e-01, -1.04473971e-01, -9.77666080e-02,
       -7.09121153e-02, -2.55977735e-02,  1.53309941e-01,  5.28303236e-02,
        6.08651564e-02,  1.21684559e-02,  3.08895912e-02, -1.02268577e-01,
        7.97266588e-02, -2.19881665e-02, -9.91057158e-02, -1.61078088e-02,
       -5.75266480e-02,  7.62015060e-02, -6.96267933e-02, -1.25187293e-01,
       -1.00713834e-01,  3.44648249e-02,  5.42713590e-02, -1.17311053e-01,
       -2.27104183e-02, -2.26521511e-02, -1.03049256e-01, -1.43502265e-01,
        4.32537906e-02,  1.39092594e-01,  1.07834212e-01,  1.30957160e-02,
       -1.10198326e-01,  6.90158382e-02, -7.48766470e-04,  1.07829403e-02,
        9.29053351e-02,  9.06796008e-03, -4.40360308e-02, -2.97854245e-02,
        1.13748908e-01,  3.94515507e-02,  1.62165333e-02,  1.29281625e-01,
       -1.68607816e-01,  3.96083109e-02, -7.76066557e-02,  2.95098554e-02,
        3.15823406e-02,  1.34901077e-01, -4.16142866e-02, -4.09314074e-02,
       -6.96072057e-02,  1.64874330e-01, -9.63397771e-02,  9.74280983e-02,
        6.23976290e-02, -8.65273625e-02, -4.16417606e-02, -1.31529858e-02,
        1.23918585e-01, -1.08629249e-01, -1.44536104e-02, -2.83169560e-02,
        9.31525007e-02,  1.13121821e-02, -1.08567283e-01, -1.08942382e-01,
        7.53889605e-02,  4.22572084e-02, -9.46415812e-02, -9.57280025e-02,
        4.69691381e-02,  1.03617422e-01,  5.17746396e-02, -1.27584472e-01,
        5.41015863e-02, -1.69482559e-01,  3.38832438e-02,  6.21609651e-02,
       -1.15861082e-02, -1.07244320e-01,  1.03840098e-01, -1.31081060e-01,
       -3.63419726e-02,  3.33306789e-02,  7.78164044e-02, -8.43470469e-02,
       -5.82730956e-02,  3.74582335e-02, -4.30028401e-02, -1.63027346e-01,
       -1.54122993e-01,  3.04373465e-02,  1.10704005e-01,  4.88105789e-02,
       -7.62179941e-02, -1.28693938e-01, -9.49604660e-02,  1.05513729e-01,
       -1.45055912e-02, -1.25808060e-01,  1.28924111e-02, -1.16241083e-01,
       -4.12594453e-02,  6.14057705e-02,  8.52096751e-02,  4.27468903e-02,
        9.62679908e-02,  9.88416225e-02,  7.30104446e-02, -1.37103051e-01,
        2.99482383e-02, -1.21898085e-01,  3.00022066e-02, -1.39494821e-01,
       -4.02309373e-02, -4.48252149e-02,  4.98981774e-02,  2.34075356e-02,
        1.13199793e-01, -7.25117475e-02,  8.19080323e-02,  1.08688980e-01,
       -7.30507523e-02, -8.39710161e-02, -1.10222124e-01,  7.24432990e-02,
        2.64515541e-02,  7.49892890e-02,  1.39282331e-01, -1.06368773e-01,
        9.33053046e-02, -1.47774696e-01,  9.69068334e-02, -2.75257360e-02,
       -1.15927821e-02,  7.57491067e-02, -1.10197611e-01,  1.74278971e-02,
       -8.60985667e-02,  6.30268008e-02, -4.55385931e-02,  3.21804918e-02,
       -1.24669760e-01,  7.56235421e-03,  9.72916838e-03, -1.27580076e-01,
       -1.08004048e-01, -6.09919131e-02, -9.23605114e-02,  1.31727219e-01,
       -1.34203788e-02, -1.28419101e-01, -1.49093896e-01, -1.30096793e-01,
       -9.59291980e-02, -5.42271547e-02, -1.09178215e-01, -7.89480433e-02,
        3.98231447e-02, -1.53890356e-01,  1.12539947e-01,  2.20664646e-02],
      dtype=float32), 'decoder.6.weight': array([[-0.0640358 ,  0.22175941, -0.04844466, ...,  0.15332234,
        -0.15866034,  0.2229294 ],
       [-0.03106588, -0.04557658,  0.0342063 , ..., -0.08608061,
         0.03444936,  0.05853353],
       [-0.08661465,  0.0835612 , -0.14530902, ...,  0.14317301,
        -0.00293945,  0.0177655 ],
       ...,
       [-0.06119696,  0.04978934,  0.1016405 , ..., -0.14484093,
         0.0081977 , -0.08338804],
       [-0.12656139, -0.02502716, -0.12233881, ..., -0.00297067,
         0.07349347, -0.03523818],
       [ 0.11468671,  0.10448678, -0.02714843, ..., -0.05640572,
         0.04415216, -0.06016865]], dtype=float32), 'decoder.6.bias': array([ 0.03773344, -0.0064284 , -0.15274553, ..., -0.12380326,
        0.00711595, -0.03743543], dtype=float32)}
[Time: 12.01.25 12:11:32] [Level: info] [State: aggregate] {'encoder.0.weight': array([[-0.03218751,  0.02892779,  0.01718785, ..., -0.01628682,
         0.01463382, -0.02409042],
       [-0.00498978, -0.03335267, -0.02016441, ...,  0.00675907,
        -0.04034046, -0.00877787],
       [ 0.05575461, -0.03739013,  0.00496465, ..., -0.02990969,
        -0.01272693, -0.01383576],
       ...,
       [-0.01354076,  0.01420667,  0.04235872, ...,  0.03603349,
        -0.01940507, -0.00449239],
       [ 0.01151026,  0.00739254,  0.00652205, ...,  0.00836479,
        -0.03869029,  0.00138401],
       [-0.0377046 , -0.02065074, -0.02454979, ..., -0.01173967,
         0.00990513,  0.00426806]], dtype=float32), 'encoder.0.bias': array([-1.21881021e-02, -1.12762162e-02,  1.21875936e-02, -1.68443751e-02,
       -4.42354493e-02,  1.90285183e-02, -7.77602289e-03, -2.86861882e-02,
       -3.00217476e-02,  1.80283580e-02, -1.54921936e-03, -3.84279713e-02,
        7.54360948e-03, -2.46679354e-02, -1.03026330e-02,  1.97094399e-03,
       -1.67106967e-02, -7.54077639e-03, -3.57942209e-02, -3.58612724e-02,
       -4.63781543e-02,  1.60711687e-02, -2.76155155e-02,  1.14724524e-02,
        5.63844899e-03,  2.33794916e-02,  1.87285431e-02,  3.23272049e-02,
        1.16694514e-02, -2.93399375e-02, -2.80436389e-02,  1.87749751e-02,
       -1.23179806e-02, -3.34067494e-02,  3.28850932e-04,  3.28974053e-02,
       -3.12254135e-03, -5.58316242e-04, -2.25111842e-03, -3.17388587e-03,
        1.97295249e-02, -2.22995542e-02, -3.44926910e-03,  3.01711522e-02,
       -1.73784196e-02, -4.38725688e-02, -1.28460797e-02, -2.10153125e-02,
        2.73106918e-02, -2.91957520e-02, -2.50132866e-02, -8.40649381e-03,
        2.10148888e-03, -3.11291069e-02,  6.12616166e-03, -3.90952127e-03,
       -6.62807317e-04, -1.45578142e-02, -2.97432523e-02, -3.98221090e-02,
        3.67228128e-03,  1.26462895e-02, -3.60435247e-02,  2.08863281e-02,
       -2.68876459e-03,  3.14952731e-02, -2.98556108e-02, -4.31564115e-02,
       -5.01348525e-02,  9.59927216e-03,  3.25353965e-02, -3.05872913e-02,
       -1.35037219e-02, -3.27400342e-02, -2.89351102e-02, -1.33769622e-03,
       -3.51974405e-02,  2.40598433e-02, -4.07600589e-02,  5.71809523e-03,
        3.11681312e-02,  2.66063213e-02, -3.00429333e-02,  2.20053811e-02,
       -2.50833817e-02, -8.40433314e-03, -1.95332430e-02,  1.49695976e-02,
        8.99400655e-03, -2.56043952e-02, -1.88977160e-02,  1.11660678e-02,
        2.60828231e-02, -3.10316849e-02, -2.33165119e-02,  5.12866396e-03,
       -1.34542342e-02, -3.93312983e-02,  1.04713775e-02, -2.81407293e-02,
        1.87493134e-02, -3.74321043e-02, -3.10960840e-02, -1.47293892e-03,
       -2.49555428e-02, -3.57463094e-03,  5.02214395e-03,  2.04589367e-02,
        1.43850436e-02,  3.15372311e-02, -1.93386581e-02, -5.43299783e-03,
       -1.03052836e-02, -2.20923685e-04, -1.75154321e-02,  2.74582375e-02,
       -1.88260078e-02, -1.20257027e-02, -2.29522176e-02,  2.08639614e-02,
        6.06190693e-03, -4.01759818e-02, -3.37662138e-02, -1.84741616e-03,
       -5.67693729e-03, -1.82983410e-02, -1.62122101e-02, -7.69851962e-03,
       -2.50466261e-02,  2.63025519e-02,  2.90716235e-02, -3.68029214e-02,
        1.42984092e-04,  3.05583254e-02,  2.19247062e-02,  6.12116943e-04,
       -1.42333442e-02, -4.27382626e-03, -1.08447042e-03, -1.98819246e-02,
        2.51445137e-02, -4.25257944e-02, -1.29282018e-02, -1.73086729e-02,
       -1.22134655e-03,  2.94631664e-02, -1.96022401e-03, -1.50753502e-02,
       -6.93745166e-03, -2.46698707e-02, -1.56730935e-02,  2.50682496e-02,
       -1.93244945e-02, -1.20843726e-03, -1.70068741e-02, -1.36127826e-02,
        2.87102237e-02,  2.15713978e-02, -1.75430253e-02, -4.52338234e-02,
       -1.86373815e-02, -6.90127548e-04, -2.77579911e-02,  2.38942485e-02,
       -2.83324961e-02, -4.20962423e-02,  2.58072484e-02,  2.43737698e-02,
        2.53485199e-02, -1.44904125e-02, -4.33373265e-02, -2.61032954e-02,
        1.12046173e-03, -2.65422594e-02,  2.79578455e-02,  1.78448223e-02,
        1.95869002e-02, -3.81025746e-02, -4.28655483e-02,  3.47236916e-02,
       -2.74894442e-02, -2.10812576e-02, -3.67262587e-02,  1.50452349e-02,
        1.75968353e-02, -3.78562622e-02,  2.15968434e-02, -2.67946236e-02,
       -3.57245319e-02,  2.27564853e-02, -3.10556367e-02, -1.33194048e-02,
       -2.78066788e-02, -4.26433384e-02,  2.65536159e-02,  2.98750922e-02,
       -6.72467845e-03, -4.10249038e-03, -1.11702140e-02, -2.15667523e-02,
       -3.95471938e-02,  5.32955816e-03, -3.18220071e-02,  2.26475913e-02,
        2.12899409e-03,  2.38941722e-02, -3.56267318e-02,  2.85107829e-02,
       -6.16201758e-03,  6.70330040e-03, -1.91562437e-02, -3.26836705e-02,
       -3.50022912e-02,  1.54878097e-02, -2.63352282e-02,  6.50117174e-03,
        1.61396042e-02, -8.07186356e-04, -2.83162948e-02,  9.67541710e-03,
       -2.63940319e-02, -6.93073170e-03,  2.26589330e-02,  2.44334852e-03,
       -2.81773489e-02, -5.48254028e-02, -4.60792817e-02,  3.14812958e-02,
        5.62893576e-04, -3.39026377e-02, -1.36540097e-03,  1.77294463e-02,
       -1.77044887e-02,  3.58725805e-03,  6.34478685e-03, -3.79188365e-04,
       -4.32160869e-02, -1.44403772e-02,  1.57430512e-03, -9.99622745e-04,
        4.41357754e-02,  2.05591116e-02, -2.02310998e-02, -4.56088316e-03,
       -2.57656793e-03, -2.13275943e-03,  8.55903327e-03, -1.74663030e-02,
       -3.53769436e-02, -3.75379771e-02,  1.69539209e-02, -4.05241847e-02,
       -2.08467711e-02, -9.17788967e-03, -2.51483172e-03,  1.21427253e-02,
       -1.67129040e-02,  2.42536534e-02, -3.15932073e-02,  1.61809493e-02,
        2.81342845e-02, -2.05898397e-02,  7.67803239e-03, -3.46913710e-02,
       -3.76724638e-02,  2.17778962e-02,  2.05236510e-03, -2.74655167e-02,
        1.12011172e-02, -6.31350745e-03,  2.22935397e-02, -2.73917075e-02,
        1.12839006e-02, -4.41521034e-02, -3.52735519e-02,  6.74490910e-03,
        7.03523634e-04,  2.68297456e-03, -2.40217820e-02,  1.19022336e-02,
       -4.20440733e-02,  9.13239643e-03, -2.89150793e-02, -3.20351273e-02,
        1.26778688e-02, -1.78577453e-02,  5.80535457e-03, -2.80596651e-02,
       -1.35200387e-02, -2.92125568e-02, -2.58291792e-03,  2.13077068e-02,
       -3.36199850e-02, -1.54557899e-02,  2.49080956e-02, -4.42749187e-02,
       -4.65626717e-02, -2.46392805e-02, -3.76331434e-02,  2.99414583e-02,
       -2.17894502e-02,  1.93835068e-02, -1.33703486e-03, -1.82028357e-02,
       -3.89638208e-02,  1.17317773e-03, -4.42081019e-02, -2.37261225e-02,
       -3.31941620e-02,  3.60860326e-03,  2.78765913e-02,  1.17372489e-02,
       -4.80497780e-04, -3.55676003e-02,  2.55006682e-02,  1.61853712e-02,
        6.77268300e-03, -2.37601511e-02, -3.82858291e-02, -3.34324986e-02,
       -3.17802541e-02,  3.10848816e-04, -2.62606349e-02, -3.96528468e-02,
       -4.37601237e-03, -4.43702005e-02, -2.20262744e-02, -5.10941185e-02,
        1.01367682e-02, -3.58097628e-03, -3.74230407e-02, -4.48712297e-02,
       -3.95388678e-02, -3.98127362e-02, -7.06986524e-03, -2.52847560e-02,
       -1.45156896e-02, -2.34536342e-02,  1.81400832e-02,  1.51270982e-02,
       -4.52677757e-02, -4.59302701e-02, -2.63927244e-02, -2.41228677e-02,
       -7.39614340e-03,  1.38961123e-02, -1.42147643e-02, -2.04409808e-02,
        2.53594276e-02, -2.69596055e-02, -3.97150777e-02, -3.18066613e-03,
       -3.46430689e-02,  2.74046734e-02,  2.00555455e-02, -3.01107299e-02,
       -5.51677635e-03,  1.62637495e-02, -2.66149063e-02,  1.45182451e-02,
        1.33836968e-02, -3.09046041e-02, -1.43565964e-02,  1.28281885e-03,
       -3.13746966e-02,  1.44152362e-02, -2.76789088e-02, -1.27332937e-02,
       -2.70701796e-02, -4.55858093e-03, -2.03952789e-02, -2.21814830e-02,
       -1.71178356e-02,  2.17928719e-02, -2.07862724e-02,  2.22365037e-02,
       -2.36322656e-02,  1.09141627e-02, -4.13301103e-02,  3.49575724e-03,
       -5.39583201e-03,  1.58981662e-02, -3.85344471e-03,  2.19955202e-02,
       -7.92363659e-03,  1.88467484e-02, -3.30161303e-02,  1.89893041e-02,
       -1.07434916e-03, -4.19230498e-02, -3.28922905e-02, -3.23562846e-02,
        1.92834921e-02, -3.79812792e-02, -4.16187122e-02, -1.15579534e-02,
        2.57215034e-02,  5.24343341e-05,  5.70691749e-03, -4.21874672e-02,
       -3.21720517e-03,  7.73045234e-03,  4.64907335e-03,  9.81648359e-03,
       -2.07581185e-02, -4.34537493e-02, -2.45772153e-02,  1.33908410e-02,
        8.09032377e-03,  3.97897093e-03,  2.68151611e-02, -2.73623113e-02,
       -3.71098295e-02, -4.10838835e-02,  1.99247035e-04, -6.60464121e-03,
       -4.30615023e-02, -2.10234220e-03, -2.24694461e-02, -2.55565476e-02,
        1.02933599e-02, -1.27564697e-02,  2.74628401e-02, -1.77417528e-02,
       -3.79826799e-02, -4.07911576e-02, -2.62378603e-02, -2.53326613e-02,
       -3.70378010e-02,  1.76670421e-02, -4.61664870e-02, -1.27634872e-02,
       -4.43168208e-02, -3.38729024e-02, -3.44430953e-02, -3.85074429e-02,
       -1.94683988e-02, -3.81764621e-02, -3.93569237e-03, -9.11575102e-04,
        2.02632491e-02, -4.93149739e-03,  1.18871802e-03, -2.73104459e-02,
        9.61636938e-03, -3.58260795e-02,  2.12577805e-02, -1.19291395e-02,
       -4.30633388e-02, -4.15175930e-02,  1.91172548e-02, -4.08954360e-02,
        1.45939109e-03, -3.85578792e-03, -6.89805998e-03,  2.34056890e-04,
       -9.56045557e-03, -3.13141085e-02, -1.12697337e-04,  1.78411473e-02,
        3.26749892e-03,  2.57505123e-02,  2.30684243e-02, -3.54485102e-02,
       -3.33414637e-02, -4.41667512e-02,  1.80438440e-02, -1.54557191e-02,
        3.32525931e-03, -3.22175808e-02, -4.16659117e-02,  1.30608939e-02,
        2.26673298e-02,  1.87140144e-02,  2.75375340e-02,  3.37622575e-02,
        4.74035274e-03, -4.17422242e-02, -2.20928453e-02, -2.10914150e-04,
        1.42836412e-02, -2.46278420e-02,  3.44307311e-02, -3.17015243e-03,
        1.40558025e-02,  8.12761206e-03, -2.68007219e-02,  2.05750316e-02,
        2.46615466e-02, -3.98893394e-02, -3.48437615e-02,  1.92254800e-02,
        2.25408766e-02, -7.55601283e-03, -4.04586159e-02,  1.03155449e-02,
       -4.57796380e-02, -2.12130398e-02, -3.41449417e-02, -2.18036398e-02],
      dtype=float32), 'encoder.2.weight': array([[ 0.08079266,  0.03712166, -0.12711045, ...,  0.11569893,
        -0.00807802, -0.00278095],
       [ 0.09706317,  0.07421768, -0.11830913, ..., -0.1403455 ,
        -0.09329997, -0.04056837],
       [-0.12805636, -0.0141438 , -0.02327209, ...,  0.01556226,
         0.10878842,  0.12105308],
       ...,
       [-0.11865778, -0.01987571, -0.10427196, ...,  0.08899112,
         0.00577511,  0.07516351],
       [-0.05417131,  0.01458056,  0.076643  , ..., -0.07418761,
         0.03496843, -0.05195367],
       [ 0.05263148, -0.13360706, -0.00771115, ..., -0.10639083,
         0.05438567,  0.04550619]], dtype=float32), 'encoder.2.bias': array([-2.73783244e-02, -5.48039302e-02,  1.07429381e-02, -8.12254921e-02,
       -8.54780972e-02, -9.52320099e-02, -3.33050569e-03, -1.10269472e-01,
       -1.03789732e-01,  1.38548926e-01, -6.86967075e-02, -8.89617801e-02,
        2.85253469e-02,  7.70645365e-02, -2.44168490e-02, -7.10682198e-02,
        1.01769798e-01, -2.51911040e-02,  6.59362152e-02, -8.52950942e-03,
       -1.59860495e-02, -7.28228986e-02,  5.06285811e-03, -8.80805403e-02,
       -2.84125768e-02,  3.45368721e-02,  8.51753354e-02,  5.32559529e-02,
        6.80635646e-02,  6.36609495e-02, -3.96143869e-02,  1.28262773e-01,
        5.28379641e-02, -4.33464944e-02,  2.52021477e-02, -1.08592413e-01,
        2.32580081e-02, -1.36394352e-02, -2.71470025e-02,  6.95515573e-02,
       -1.16354814e-02,  1.21538237e-01,  5.81678078e-02,  4.87974472e-02,
       -1.18245125e-01,  4.67030406e-02, -1.09771006e-01, -3.53533030e-02,
        3.14469304e-04,  2.83275824e-02,  1.90810002e-02,  8.94635469e-02,
        1.41641805e-02,  5.07680885e-02, -1.04011863e-01,  1.20285705e-01,
        8.88068080e-02,  9.60467458e-02, -2.22798251e-02, -1.46929352e-02,
        1.22218370e-01,  4.64387573e-02, -8.50996524e-02, -3.24246362e-02,
        4.98674661e-02, -6.76126704e-02,  5.68102812e-04,  2.07979586e-02,
       -8.83473903e-02, -5.50435074e-02,  1.56501513e-02,  1.09511204e-01,
       -3.62409316e-02,  6.36196360e-02, -9.92923602e-02, -1.01920351e-01,
       -1.87944528e-02,  2.70354468e-02,  4.40300032e-02, -1.26309991e-01,
        6.84375642e-03, -3.08006294e-02,  6.85524568e-03, -5.12583703e-02,
       -4.19312306e-02,  9.49796215e-02, -5.15466630e-02, -7.37244263e-02,
       -1.01614363e-01,  8.33960250e-02,  6.27722815e-02,  1.68229938e-02,
       -1.13204964e-01, -3.10221985e-02,  7.46222585e-02, -3.44034396e-02,
        1.52965623e-03,  1.38881514e-02,  1.05207302e-01, -6.01045415e-02,
        5.62383309e-02,  9.82592627e-02, -1.19096123e-01, -5.22746220e-02,
       -1.43610895e-01, -2.47826595e-02,  6.41587973e-02,  1.16116993e-01,
        4.97195125e-02, -5.58761656e-02,  1.03257149e-02, -1.37212679e-01,
       -1.03736751e-01, -1.36155009e-01,  7.57403374e-02,  9.78183895e-02,
       -1.02448359e-01,  3.29219066e-02,  1.46205444e-03, -3.68352532e-02,
        1.35667482e-02, -1.04202673e-01,  9.53802392e-02,  8.31208527e-02,
       -1.38842136e-01, -1.35642350e-01, -1.06121652e-01, -9.00113732e-02,
       -2.03376040e-02,  2.55391505e-02,  2.98410580e-02, -1.42475918e-01,
        8.86600837e-02,  7.20845759e-02,  3.80291790e-02, -1.27687855e-02,
        1.70724206e-02, -7.94331580e-02, -7.69977719e-02,  2.91111898e-02,
        2.44271941e-02,  6.12950325e-02,  5.33505976e-02,  2.71869749e-02,
       -5.40226549e-02,  4.59609553e-02,  2.06068810e-02, -1.72815584e-02,
        9.49121118e-02,  4.95814011e-02,  5.98181821e-02,  7.69783407e-02,
       -3.01382858e-02, -1.33653134e-01, -1.36468291e-01, -1.50634563e-02,
        7.07898512e-02, -8.17383751e-02,  1.15316249e-01, -3.40692811e-02,
        6.52942667e-03, -5.51141165e-02,  7.76510835e-02,  7.41719827e-02,
        1.34663321e-02,  8.82863905e-03, -9.31508616e-02, -5.74331544e-02,
       -1.28623039e-01,  8.31391755e-03,  1.04025766e-01, -8.58993619e-04,
       -7.57025853e-02, -5.88283427e-02, -2.52199406e-03,  3.54077108e-02,
       -6.12187125e-02, -4.77351807e-02, -8.97470303e-03, -1.95339620e-02,
        8.37647617e-02,  4.18298431e-02, -5.29109202e-02,  7.54603818e-02,
       -1.22139677e-02, -3.56034078e-02, -6.81005344e-02,  7.65682533e-02,
        5.01766056e-03, -4.01764177e-02,  5.54776005e-02, -7.55693689e-02,
        7.15300739e-02, -1.31513432e-01, -7.36062378e-02,  8.35207477e-02,
       -2.93361638e-02,  1.00586507e-02, -1.31129213e-02, -1.38026431e-01,
        5.40900044e-02, -1.07365608e-01, -9.98281389e-02,  1.16971575e-01,
        8.28773081e-02, -1.54801160e-01, -3.34172770e-02, -1.41053088e-02,
       -6.50708526e-02,  2.62944363e-02,  6.02508709e-02,  9.20319930e-03,
        1.27753794e-01, -2.03371653e-03, -6.68969424e-03, -1.26198307e-01,
       -1.24567881e-01, -6.56076521e-02,  7.43832216e-02, -2.22482206e-03,
       -4.18229029e-02, -5.36647579e-03, -8.39112997e-02, -1.51390582e-01,
       -6.61459491e-02, -1.70828626e-01,  6.25453368e-02,  9.43550318e-02,
        8.90314728e-02, -3.57549042e-02, -3.54114510e-02,  4.13579680e-02,
       -5.90352938e-02, -1.38497829e-01,  7.69431470e-03,  6.99815378e-02,
        9.58572607e-03,  1.16227809e-02, -3.06117348e-02,  1.03006110e-01,
       -1.40596360e-01, -3.83200869e-02, -1.15098231e-01, -1.27838030e-01,
        1.32315876e-02,  9.77401659e-02,  3.45934071e-02,  1.78934913e-02,
       -9.49620083e-03, -1.14020510e-02,  1.02802850e-01, -6.00518361e-02,
       -7.21063167e-02, -1.35107897e-02, -1.30127087e-01,  6.75783828e-02,
        6.08754018e-03,  7.90634099e-03,  5.75169586e-02, -7.72844180e-02,
        1.02480173e-01, -6.55822754e-02,  4.55225371e-02,  5.12536131e-02,
        1.16803691e-01, -1.88616291e-02,  7.01820850e-02, -3.60094160e-02,
       -7.99519718e-02, -2.96539683e-02,  8.92930478e-02,  6.56483695e-02,
        1.19264135e-02, -1.07556075e-01, -2.03842632e-02,  5.96159101e-02,
       -1.45213634e-01, -6.06841668e-02,  6.24645948e-02,  3.39897498e-02,
        1.14951290e-01,  5.22338636e-02, -8.74900222e-02, -1.05511069e-01,
       -2.49473657e-02,  2.46406235e-02,  7.75793418e-02, -3.02524436e-02,
       -4.15549725e-02,  1.40385767e-02, -1.31246924e-01, -1.13024060e-02,
        9.73700210e-02, -3.45709883e-02, -5.06195985e-02,  6.48659691e-02,
        1.29711777e-01, -2.62627508e-02,  1.02726221e-01, -4.86908332e-02,
        3.67278308e-02,  6.48406893e-02,  5.13499081e-02, -9.39259678e-03,
        5.99892512e-02, -9.74125937e-02, -4.02086601e-02,  1.32719325e-02,
       -1.75045282e-02,  3.83252054e-02, -3.05615831e-02, -8.10226202e-02,
       -6.83807433e-02, -1.46653607e-01,  5.27804941e-02, -1.01075731e-01,
        1.23486795e-01, -3.95030417e-02,  1.02077097e-01, -6.05948605e-02,
       -5.71796671e-02,  1.16797805e-01,  5.24720661e-02,  8.60742945e-03,
       -1.29406331e-02, -1.40254974e-01,  6.80824667e-02, -1.21268690e-01,
       -9.19770896e-02,  1.39222173e-02,  1.84748452e-02,  1.71294183e-01,
       -3.48648354e-02, -8.07182267e-02, -2.38806810e-02, -3.27249803e-02,
        1.25412062e-01, -4.85968404e-03,  1.24758342e-02,  3.45466696e-02,
        7.34182298e-02, -4.95097227e-02, -7.66465515e-02, -8.16951320e-02,
       -1.06587760e-01,  6.17534332e-02, -1.17352456e-01,  2.04027519e-02,
        6.95628151e-02, -1.26681969e-01,  3.95008698e-02, -8.72301757e-02,
        8.79551545e-02,  1.22748099e-01, -2.17061620e-02, -8.04791823e-02,
        1.33319765e-01, -1.52345628e-01, -1.08457513e-01,  5.77168316e-02,
        1.74132474e-02, -3.67587581e-02, -5.21713123e-03, -4.11272533e-02,
       -3.67028899e-02, -7.81230778e-02, -5.06079346e-02,  1.24836184e-01,
       -5.08073941e-02, -1.97151229e-02, -6.53489605e-02,  1.06526136e-01,
        4.85131592e-02,  9.51900787e-04,  1.09453350e-01, -6.04248494e-02,
       -1.36993468e-01,  1.08784318e-01,  7.87293836e-02,  7.78801218e-02,
       -1.07713029e-01, -7.39565492e-02,  1.30022570e-01,  4.23231423e-02,
        2.58032605e-02,  6.49515092e-02,  8.01007152e-02,  5.12624085e-02,
        1.12226643e-01, -9.27748904e-02,  3.58166844e-02,  9.09240618e-02,
       -2.85676718e-02,  6.53302222e-02, -7.05651566e-02, -4.18074541e-02,
       -1.04325004e-01,  6.28018975e-02,  4.12279479e-02, -1.52258947e-02,
        1.09525993e-01,  1.07525505e-01, -1.33899283e-02,  7.15077203e-03,
        9.79394615e-02, -9.90054011e-02,  9.28570181e-02, -1.18641295e-01,
        1.01759136e-02, -1.48825750e-01,  1.04354352e-01,  9.34652686e-02,
        5.55993021e-02,  2.16488056e-02,  7.34616145e-02, -4.04468253e-02,
        1.83699913e-02, -1.10271983e-01, -4.84002121e-02, -7.83874467e-02,
       -3.88606675e-02,  4.39560115e-02,  9.50187966e-02,  1.11014796e-02,
        1.19669802e-01, -4.87451367e-02,  6.62533268e-02,  6.40634149e-02,
        1.21097036e-01,  6.54299976e-03,  1.17471091e-01,  4.21740822e-02,
       -1.08006023e-01, -1.00166254e-01, -1.50592208e-01,  9.84617174e-02,
       -4.94538397e-02, -1.42625242e-01,  1.54772366e-04,  2.10956205e-02,
       -1.44510403e-01, -5.44391945e-02, -2.11197417e-02, -1.40680179e-01,
        2.83677044e-04,  3.40032987e-02, -5.27730249e-02, -3.64597924e-02,
       -8.73424038e-02, -1.29243836e-01, -1.04642905e-01, -2.68335622e-02,
       -1.26583502e-01, -5.16016074e-02, -8.68161470e-02, -2.90344041e-02,
       -1.10344574e-01, -1.35971576e-01,  7.99876675e-02, -1.22658037e-01,
        3.35752629e-02, -4.65021767e-02,  8.70269537e-02,  5.12985401e-02,
        9.14912522e-02, -2.56790724e-02, -2.57340986e-02, -1.24611199e-01,
       -1.25529125e-01,  1.14803344e-01,  5.65098412e-02, -7.17599839e-02,
        5.32814525e-02, -1.24064647e-02,  1.04322173e-01,  4.76955669e-03,
        3.99863198e-02,  6.38052449e-02, -2.72793621e-02, -4.16328795e-02,
        3.95416841e-02, -7.42524341e-02, -9.92923826e-02,  9.99060646e-02,
       -4.30914052e-02,  9.29558929e-03, -9.05920938e-02, -1.16661280e-01,
       -4.64243069e-02,  6.60371408e-02, -1.21371597e-01,  8.30931291e-02,
        5.52961081e-02,  7.97280371e-02,  1.82772372e-02,  4.27151509e-02,
       -1.82262678e-02, -8.86737853e-02, -4.29073349e-02, -4.68213707e-02],
      dtype=float32), 'encoder.4.weight': array([[-0.14765956, -0.13359097, -0.10447119, ..., -0.07428908,
         0.04137969,  0.01482528],
       [ 0.10011335, -0.02633805, -0.02955198, ..., -0.00270094,
        -0.02915918, -0.06869189],
       [-0.0141321 ,  0.04961904,  0.10968056, ...,  0.05065667,
        -0.06657534, -0.08892183],
       ...,
       [-0.00911656, -0.03523457,  0.01806692, ..., -0.09259961,
         0.0234404 ,  0.11332271],
       [ 0.08847716, -0.09081978, -0.11854376, ...,  0.04523036,
         0.05396705, -0.0082825 ],
       [-0.15482573, -0.09776676, -0.01275146, ..., -0.10118936,
        -0.07234405,  0.04936439]], dtype=float32), 'encoder.4.bias': array([-0.02219992,  0.08400535, -0.08354955, ...,  0.01565493,
       -0.14451477,  0.0776295 ], dtype=float32), 'encoder.6.weight': array([[-0.01627356, -0.06041622, -0.03180439, ..., -0.00603223,
        -0.04895224,  0.03814028],
       [-0.00841345, -0.0473577 , -0.05973768, ..., -0.02170149,
         0.05769431, -0.03184915],
       [-0.02266387,  0.03391311, -0.02477022, ...,  0.00292293,
        -0.06521899, -0.00910963],
       ...,
       [ 0.01079601,  0.08075298, -0.0177368 , ..., -0.03376475,
         0.03774091,  0.0223619 ],
       [-0.05008735,  0.0090429 ,  0.02671398, ..., -0.01591533,
         0.04722689, -0.04570481],
       [ 0.06656372, -0.03730214, -0.03915561, ..., -0.01319251,
         0.0324747 ,  0.03787498]], dtype=float32), 'encoder.6.bias': array([ 0.01455636,  0.04331302,  0.02233295,  0.03063789, -0.00334436,
       -0.04711427,  0.03473124, -0.01014754,  0.01321203, -0.03633504],
      dtype=float32), 'decoder.0.weight': array([[ 0.7254391 ,  0.3112168 ,  0.65350825, ...,  0.5080395 ,
        -0.8641707 ,  0.23056921],
       [ 0.109406  ,  0.901963  ,  0.7123171 , ...,  0.03428064,
        -0.3555187 , -0.4895969 ],
       [-0.31745696, -0.01406417,  0.55763894, ..., -0.6216182 ,
        -0.05687932,  0.3355621 ],
       ...,
       [ 0.6307451 ,  0.52883273, -0.40255046, ..., -0.06389191,
        -0.530035  ,  0.4003775 ],
       [-0.55829585, -0.30423772,  0.13584961, ...,  0.6065225 ,
         0.12148514,  0.49458113],
       [-0.23758975,  0.56345326, -0.34988904, ..., -0.15292276,
         0.313249  , -0.56663394]], dtype=float32), 'decoder.0.bias': array([ 0.26226074,  0.7039628 , -0.76663774, ..., -0.4139207 ,
        0.37666386,  0.39684257], dtype=float32), 'decoder.2.weight': array([[-0.06408779, -0.03089598, -0.06154585, ...,  0.05156814,
         0.04087739,  0.05041521],
       [-0.078763  , -0.05464617,  0.0484642 , ...,  0.04892847,
         0.00271791,  0.03950823],
       [ 0.04385177,  0.04874809,  0.00307575, ..., -0.05055003,
        -0.00432377,  0.03151926],
       ...,
       [-0.0468874 ,  0.04687872,  0.03036833, ..., -0.00663561,
         0.04427576, -0.04206459],
       [-0.04573473,  0.05513638,  0.00244639, ...,  0.03579377,
        -0.00494717, -0.03526939],
       [ 0.04858455, -0.04422623, -0.0088248 , ..., -0.01254361,
        -0.07379561,  0.02785439]], dtype=float32), 'decoder.2.bias': array([ 2.90012676e-02,  6.15285849e-03,  5.55679947e-03, -7.60058984e-02,
        5.55903837e-02,  1.19566824e-02, -3.45255528e-03, -5.19969687e-02,
       -3.06307487e-02, -3.17590535e-02, -1.50429755e-02, -1.54786231e-02,
       -5.38818829e-04,  2.37671416e-02,  2.63093202e-03, -5.53558022e-03,
        2.63926983e-02, -2.25463416e-02, -3.06742489e-02, -6.52337372e-02,
       -6.13789782e-02, -4.52490114e-02, -2.19332017e-02, -1.43875396e-02,
       -1.89790800e-02,  2.74658278e-02,  5.56952581e-02, -7.73418546e-02,
       -5.90674095e-02, -8.68745893e-02,  1.39415069e-02, -6.44631982e-02,
       -3.39988098e-02, -5.28418720e-02, -7.41553009e-02, -6.45330176e-02,
        6.63928911e-02, -7.83996508e-02, -7.45484829e-02, -2.01848452e-04,
        4.63308214e-04,  3.91694270e-02,  1.85437649e-02, -5.25284261e-02,
       -1.30816111e-02, -7.06930161e-02, -4.69592214e-03,  1.68228224e-02,
        7.94143695e-03, -6.67604106e-03,  2.98201460e-02, -7.31696263e-02,
        4.54435460e-02,  6.34540468e-02,  6.98114326e-03,  2.64764149e-02,
       -4.12759259e-02, -3.20867039e-02, -4.14567348e-03, -2.48248857e-02,
       -7.08193630e-02,  2.55792215e-02, -7.93843530e-03,  3.59265320e-02,
        8.46641976e-03,  9.86411981e-03, -6.36831820e-02, -2.57396861e-03,
        4.00972553e-02,  5.03753610e-02, -6.73353001e-02, -5.81618864e-03,
       -2.49612071e-02, -1.81869343e-02,  2.51031443e-02, -4.58584651e-02,
        2.17712279e-02,  6.23829179e-02,  5.29620610e-02, -5.07532358e-02,
       -1.28033496e-02,  3.50789689e-02,  5.80186099e-02, -2.57672798e-02,
        6.05155863e-02,  4.88176830e-02, -3.09988204e-02, -2.80322991e-02,
        3.18490714e-02, -1.86154358e-02,  1.61015745e-02, -5.53946830e-02,
       -3.30124944e-02,  5.75882792e-02,  3.71516384e-02,  4.24848571e-02,
        4.40220572e-02,  4.42236662e-02, -4.40442190e-02,  5.23868995e-03,
       -1.13455234e-02,  4.94053848e-02,  2.31183060e-02, -2.82873008e-02,
       -1.32335117e-02, -7.21484539e-04,  2.47555189e-02,  4.11556736e-02,
        5.24029434e-02,  4.79306653e-02,  4.61590886e-02, -4.70860004e-02,
        3.85678746e-02,  1.41713535e-02, -4.63294499e-02, -1.02834068e-02,
       -3.36941406e-02,  5.52606583e-02,  3.40228528e-02, -4.53217067e-02,
       -4.75369655e-02, -5.62548563e-02, -5.26904911e-02,  3.83281112e-02,
       -7.07582533e-02, -1.89832840e-02,  4.66793887e-02,  3.51304351e-03,
       -2.08255872e-02,  1.63627490e-02, -1.40273916e-02, -2.40718871e-02,
       -6.74939342e-03, -6.63258955e-02,  2.67942399e-02, -5.17635457e-02,
       -4.03811457e-04, -2.63240971e-02, -3.04214247e-02,  2.16214750e-02,
        1.19215101e-02, -5.16900159e-02,  2.33237911e-02,  5.40286005e-02,
        5.86307608e-02, -7.13305781e-03, -5.62595353e-02, -5.56376055e-02,
       -1.75736658e-02, -4.76115718e-02,  2.93798512e-05,  3.44680459e-03,
        4.95335422e-02,  5.90606593e-02, -2.06357799e-02,  1.93513799e-02,
        1.13089001e-02, -2.35731974e-02,  5.04688881e-02,  7.86787551e-03,
       -4.43338081e-02, -2.68644672e-02, -3.49450251e-03, -3.31470035e-02,
        4.32819612e-02,  1.86634194e-02,  2.74445415e-02,  5.36787249e-02,
       -1.16201257e-02, -5.26555367e-02, -8.09977669e-03, -4.08821460e-03,
        4.65280972e-02, -2.10928507e-02,  1.86209939e-02, -5.68251079e-03,
        3.07601951e-02, -1.03033995e-02,  3.24496254e-02,  2.52000801e-02,
        4.04648595e-02,  4.26065177e-02,  3.93755548e-03,  4.27929647e-02,
       -3.28714140e-02,  1.72595046e-02,  3.85547057e-02, -1.62317343e-02,
        2.01224592e-02,  4.24078107e-02, -6.85498193e-02, -1.81115568e-02,
        3.53880636e-02,  4.89407703e-02,  3.36402096e-02,  2.30460726e-02,
        3.89117859e-02,  4.86704148e-02, -7.16635287e-02,  3.08291391e-02,
        1.70065444e-02, -5.04458770e-02,  2.41603702e-02,  6.09942079e-02,
        1.62967723e-02,  4.76132818e-02,  2.95651257e-02, -1.58414990e-02,
        1.11809932e-02,  1.69368442e-02, -8.13158676e-02, -3.14386301e-02,
       -5.44327013e-02, -6.16108105e-02,  4.02318723e-02,  1.40892677e-02,
       -5.66385128e-02, -5.12272157e-02, -4.47867326e-02,  5.74079566e-02,
       -5.98213673e-02, -4.30725366e-02,  3.40490900e-02, -7.33141154e-02,
        6.27547735e-03,  5.64528909e-03, -1.12886699e-02, -1.41286841e-02,
        5.54819126e-03, -1.16344206e-02, -2.45426819e-02,  4.05371338e-02,
        1.15227336e-02,  3.70059768e-03, -8.47887546e-02, -7.05987066e-02,
        2.26244479e-02,  3.48695135e-03,  5.62420599e-02, -4.81396690e-02,
       -3.50398831e-02, -6.82346970e-02,  2.75925081e-03, -5.84120564e-02,
        4.96545434e-02, -4.17880751e-02,  5.21062911e-02,  1.52119296e-02,
        4.50138450e-02, -2.61628442e-02, -5.25164008e-02,  7.19854189e-03,
        6.51044212e-03,  3.36544551e-02,  2.04371586e-02, -2.81115659e-02,
        5.98817915e-02,  3.53062786e-02, -2.27640346e-02, -1.06294304e-02,
        1.33483270e-02, -5.94158992e-02,  1.19546764e-02,  2.30560619e-02,
       -6.11458858e-03, -3.47452313e-02, -2.33144611e-02, -7.06098825e-02,
        4.65632379e-02,  2.03574449e-02,  2.24624127e-02, -3.85373980e-02,
        6.43702671e-02, -8.06096941e-02, -3.67530435e-02, -2.52302904e-02,
        2.28117369e-02, -3.47892032e-03, -1.87825747e-02,  5.37080280e-02,
        1.73582099e-02, -7.35292211e-02, -6.25529438e-02,  3.06813084e-02,
        1.34875420e-02, -6.17402932e-03, -2.72081606e-02, -6.38828576e-02,
        7.19697401e-02, -3.98001969e-02,  4.49555181e-02,  4.20111138e-03,
       -3.16677168e-02,  1.06744394e-02,  4.72127134e-03, -4.94577885e-02,
       -6.96490426e-03,  5.66710755e-02,  3.30471084e-03, -4.94749546e-02,
       -4.81613725e-02, -4.15982977e-02, -8.14269632e-02,  4.65513617e-02,
        3.25713456e-02, -6.02027997e-02, -1.60763245e-02, -2.26131026e-02,
       -6.99670538e-02,  3.57995555e-02, -5.88004943e-04, -3.63418105e-04,
       -3.14054824e-02, -6.97636604e-02, -2.60535721e-02,  2.88327448e-02,
        4.51204032e-02,  2.20459122e-02, -7.25767463e-02, -6.76848367e-02,
        7.59329693e-03, -6.41704872e-02, -3.32822627e-03,  3.01240850e-02,
       -3.55903246e-02, -9.23036784e-03, -8.41952208e-03, -2.95471605e-02,
        2.97740139e-02,  2.47212425e-02, -8.17738101e-02, -1.48101505e-02,
        4.16898215e-03,  2.04912443e-02,  6.91530481e-02,  5.91309508e-03,
       -7.20802397e-02, -2.59007681e-02,  1.42305540e-02, -1.64523125e-02,
        6.32548630e-02,  4.93682809e-02, -3.06298845e-02,  5.59113622e-02,
       -6.85118586e-02, -7.86781982e-02, -2.84620235e-03, -3.26793897e-03,
        6.97086304e-02,  3.80514711e-02,  3.67380539e-03, -5.49295694e-02,
       -2.65627913e-02,  5.08178622e-02,  9.03782609e-04,  5.72271831e-02,
       -4.22908179e-02,  1.56712793e-02,  2.81185284e-02, -2.75911987e-02,
        3.10567413e-02,  3.89311165e-02, -3.26310061e-02, -1.33824674e-02,
       -2.89373612e-03,  6.01858869e-02,  1.18247196e-02, -4.89421114e-02,
        5.24422228e-02, -6.05995953e-02, -6.05629236e-02,  2.98085753e-02,
        6.41138628e-02, -6.91115484e-03,  2.96549331e-02,  5.36092110e-02,
        1.68699734e-02,  1.94408186e-03,  3.18231396e-02,  4.98496927e-02,
       -3.96302268e-02, -2.37593539e-02,  4.68268543e-02,  4.02167365e-02,
       -3.48754264e-02, -6.16029166e-02, -2.72260364e-02, -3.69073786e-02,
       -4.03411910e-02,  3.29801142e-02,  5.37629798e-02, -2.98363119e-02,
       -5.89073682e-03, -7.34796599e-02, -5.50682619e-02, -6.15952983e-02,
       -7.62950033e-02, -5.78060336e-02, -3.60711105e-02, -6.01003692e-02,
        5.01542836e-02, -6.07549064e-02,  5.82887083e-02,  5.25082350e-02,
       -2.66062319e-02, -2.15086415e-02, -2.56781690e-02,  4.05663438e-02,
       -1.02953129e-02, -5.97268566e-02,  5.23367375e-02,  4.29373560e-03,
       -9.21909511e-02,  5.07322932e-03, -1.22512216e-02, -2.96822265e-02,
        4.04679477e-02,  6.30556867e-02,  1.48695661e-02,  3.54652219e-02,
       -1.67918839e-02, -2.51863878e-02, -4.35074866e-02,  7.15934718e-03,
        3.75971161e-02,  4.08972204e-02,  1.09455036e-02,  6.21990561e-02,
        3.60564142e-02, -1.19684553e-02, -5.16940793e-03,  3.13813835e-02,
       -8.07207003e-02,  8.33336171e-03,  1.54120037e-02,  2.85415146e-02,
        5.64020080e-03,  3.50283720e-02, -5.01830913e-02, -4.50303359e-03,
        1.65206883e-02, -7.07291672e-03, -1.07664866e-02,  5.12263477e-02,
        1.36550982e-02, -4.77888621e-02,  3.89217250e-02, -8.71367287e-03,
       -1.97181031e-02, -4.54802513e-02,  5.74980117e-02,  5.13849184e-02,
       -3.56546901e-02,  7.96200614e-03,  5.31263873e-02, -6.46712109e-02,
        3.84324677e-02, -4.94943466e-04,  2.87754531e-03,  5.60053028e-02,
       -8.08685552e-03, -6.40839636e-02, -6.10092916e-02,  1.25266681e-03,
       -2.27445718e-02, -5.51753715e-02, -6.20490760e-02,  3.80928293e-02,
        2.78335363e-02,  7.06948712e-03, -2.83486140e-03,  3.34461331e-02,
        4.12913524e-02,  3.98028716e-02,  9.15264804e-03, -7.77441189e-02,
       -5.05772000e-03,  5.35702193e-03,  6.76910281e-02, -2.00802628e-02,
        1.70298591e-02, -4.74717058e-02,  1.28791761e-02,  3.39444703e-03,
        4.21973951e-02,  5.16539663e-02, -7.09839761e-02, -4.46647182e-02,
       -1.39304018e-02, -1.01066362e-02, -7.43550733e-02, -4.29341011e-02,
        3.33221443e-02, -5.37629751e-03, -2.04041991e-02,  3.87684293e-02,
       -5.54191172e-02, -2.84537170e-02,  5.12613021e-02, -1.97789185e-02],
      dtype=float32), 'decoder.4.weight': array([[ 0.12017461,  0.04431715, -0.09201975, ...,  0.02059647,
         0.07833657,  0.08501921],
       [-0.03463724,  0.13869761, -0.04045657, ..., -0.03306674,
         0.09534901, -0.02285626],
       [-0.01359146, -0.11797415,  0.02476763, ...,  0.10893346,
        -0.06995269,  0.0175475 ],
       ...,
       [ 0.08252449, -0.12179586, -0.08296683, ...,  0.01827007,
         0.1060824 , -0.07703877],
       [ 0.08300205, -0.14948066,  0.0796797 , ..., -0.08472603,
         0.02366602,  0.07183653],
       [-0.10638291, -0.04013548, -0.04489472, ...,  0.00516115,
        -0.06819551,  0.04951109]], dtype=float32), 'decoder.4.bias': array([-0.0818913 ,  0.09465833,  0.04970686, -0.1296772 ,  0.06463467,
       -0.02169966, -0.02335097,  0.01203274, -0.00982852, -0.07578091,
       -0.13774207, -0.03750766, -0.08826193,  0.09145402, -0.09017119,
       -0.1766356 ,  0.0242538 , -0.13063073,  0.06018605, -0.09096417,
        0.10687236,  0.04490246,  0.05212872, -0.1686861 , -0.07526348,
       -0.0548584 ,  0.03845485,  0.12623832, -0.14787142,  0.1453201 ,
       -0.16540748,  0.07153271,  0.03005311,  0.08997901,  0.03432319,
        0.02470386,  0.04588652, -0.01038288,  0.05537676,  0.00099449,
       -0.07624388,  0.04810159, -0.07940517, -0.0325221 , -0.08512931,
       -0.12305734,  0.03832477, -0.02412763,  0.04483059, -0.00568045,
       -0.06052917, -0.04960686,  0.04255188,  0.1383284 , -0.15393457,
        0.02552126, -0.08259208, -0.0526589 , -0.16056173, -0.09183444,
       -0.08034538,  0.06786914, -0.00252306,  0.01028137, -0.08650027,
       -0.08599716, -0.05456594,  0.02733472,  0.09612004,  0.04994956,
       -0.05618818,  0.12507051, -0.07991543, -0.00179965, -0.15782632,
        0.05651058, -0.01208725, -0.02810469, -0.08675719, -0.05625031,
        0.03892593,  0.08742539, -0.08735056, -0.01963537,  0.01635719,
       -0.1227769 , -0.02762784,  0.08774244,  0.13249786, -0.12003683,
        0.05673465,  0.05025012,  0.04320673, -0.00624054, -0.08837127,
        0.07209522,  0.07398216, -0.05615608, -0.09365235,  0.04957014,
       -0.08447634,  0.07672337, -0.05021252, -0.13151927, -0.11837836,
        0.02979116, -0.00070397, -0.09721442, -0.0488186 , -0.13098496,
       -0.07606852, -0.0991919 , -0.05567449,  0.04322702, -0.08255913,
        0.14412884,  0.08473969,  0.06998739,  0.11615644, -0.09874958,
        0.03576712, -0.00122452, -0.12687303,  0.15368898, -0.01052426,
       -0.10304516, -0.08980236,  0.07578136, -0.11877362,  0.14085504,
       -0.00321666, -0.02512763, -0.09823132,  0.02477012, -0.13291374,
        0.04211032,  0.11434388, -0.11157379,  0.10323365, -0.1111898 ,
        0.03555808, -0.16029075, -0.00928984, -0.06216291,  0.06234569,
        0.04374779, -0.04733408, -0.01249428,  0.08044645,  0.00310278,
        0.06000949,  0.01225458, -0.14964348, -0.02981989, -0.11339507,
        0.12997974, -0.00343642,  0.1085858 ,  0.09738258, -0.07630626,
       -0.05008473, -0.00664173,  0.0054366 , -0.11987304, -0.13546541,
       -0.10666317, -0.06283952, -0.09512395,  0.03201212,  0.07417528,
        0.07524051, -0.06145148,  0.11890484,  0.0756431 ,  0.05082481,
        0.04142272, -0.1272127 ,  0.03876692,  0.00260542, -0.01266915,
       -0.12633114, -0.13245296, -0.10470755, -0.05681522,  0.08009539,
        0.00114942,  0.06394818, -0.02568522, -0.02092784, -0.11798539,
        0.08680068, -0.02820386, -0.14811675,  0.05951604,  0.11262408,
        0.07362958,  0.00560535, -0.14893015, -0.08076217,  0.05030521,
        0.07901318, -0.04420247, -0.04189014,  0.06561559,  0.13554238,
        0.11265669,  0.01202678,  0.0225526 , -0.04845214,  0.03438586,
        0.04065128,  0.00642495,  0.10807447,  0.01538714, -0.09395558,
        0.03252957,  0.1470814 ,  0.08551145, -0.13724981,  0.10124854,
        0.10520446,  0.07630108, -0.0179961 ,  0.06422401, -0.04430625,
       -0.00140852, -0.12291516,  0.0736348 , -0.07155272, -0.03006998,
       -0.01659635,  0.08234828, -0.09725724,  0.0633807 , -0.14588118,
       -0.06622301, -0.0221296 ,  0.06826012,  0.02876915, -0.06422296,
       -0.06226445,  0.01293951,  0.00944319,  0.01088874,  0.08840862,
       -0.10400723,  0.04097429,  0.08026848, -0.15453012, -0.03747736,
        0.01610404,  0.07793966, -0.09887612, -0.13206874,  0.10230514,
       -0.05350694,  0.06560609, -0.03844264,  0.07158198, -0.07747412,
       -0.12123545, -0.11504372, -0.07330823,  0.0744276 , -0.13143772,
       -0.04378583, -0.07046348, -0.10051282, -0.05266076, -0.03047245,
       -0.04588241, -0.05079844, -0.15681793,  0.04727983,  0.08227623,
       -0.05738702, -0.05908659, -0.05932112,  0.13372947,  0.02061469,
       -0.06951605, -0.02562857,  0.13161215, -0.05704154,  0.06806675,
       -0.11902991,  0.02762619,  0.08991858,  0.01043674,  0.09118637,
       -0.02416256,  0.04812745, -0.04606819,  0.085209  , -0.12197194,
        0.13837656,  0.0365975 , -0.13446605,  0.02154556, -0.03736997,
       -0.07855933, -0.12432505,  0.06189913, -0.01998253,  0.02092583,
       -0.14186293, -0.1277059 , -0.05952413,  0.01859268,  0.05136215,
       -0.0293409 ,  0.17116675,  0.04597299, -0.03385908,  0.0750678 ,
        0.01119509,  0.11456592, -0.08530662, -0.17481682,  0.03239482,
        0.06184079, -0.10723291, -0.00457529, -0.11464668, -0.0093166 ,
       -0.15672225, -0.05037098,  0.01555376, -0.08661198, -0.01786251,
        0.00116653,  0.03461474,  0.05098452, -0.00179214,  0.08829262,
       -0.07476797, -0.08935285, -0.10763723, -0.10630633, -0.09824342,
       -0.07032377, -0.03212357,  0.15326764,  0.04906275,  0.05242619,
        0.01138972,  0.03066693, -0.09752624,  0.0308729 , -0.02222795,
       -0.11148858, -0.02803125, -0.06419379,  0.0757741 , -0.07175522,
       -0.14091417, -0.09353676,  0.03392614,  0.03874089, -0.11979789,
       -0.02308596, -0.00181653, -0.10183228, -0.15689115,  0.04462109,
        0.13746287,  0.10390233,  0.01948894, -0.11248565,  0.07661483,
       -0.04760993, -0.04377173,  0.09800968,  0.01015341, -0.04434666,
        0.01282954,  0.10979493,  0.03931775, -0.01153103,  0.12906708,
       -0.21064842,  0.04228956, -0.0773518 , -0.04596741,  0.03092206,
        0.13361943, -0.04019999, -0.0222589 , -0.04501192,  0.11223802,
       -0.11305188,  0.09765099,  0.0689003 , -0.08764911, -0.04365686,
       -0.01316046,  0.13362324, -0.11506356, -0.02346725, -0.05766705,
        0.09222545,  0.00913247, -0.10898633, -0.1443094 ,  0.07708546,
        0.01960519, -0.09396423, -0.08763972, -0.04429216,  0.10342681,
        0.02985067, -0.12889902,  0.00785046, -0.15400603,  0.03127773,
        0.05587437, -0.01504637, -0.10232367,  0.10539558, -0.13191426,
       -0.03894157,  0.02911377,  0.07872096, -0.06317095, -0.05901732,
        0.02972653, -0.04427824, -0.16434823, -0.16201645, -0.03183036,
        0.11541495,  0.0493989 , -0.04972848, -0.13458745, -0.07157874,
        0.10533281, -0.0106302 , -0.16052817,  0.0112193 , -0.11726157,
       -0.03748836,  0.0620261 ,  0.07909316,  0.03292338,  0.09845462,
        0.09884971,  0.07416824, -0.1372604 ,  0.03116553, -0.09408998,
        0.03264873, -0.12411388, -0.0416965 , -0.02859856,  0.04691457,
        0.01971832,  0.1111515 , -0.07160221,  0.0829194 ,  0.10743725,
       -0.07541928, -0.09382863, -0.12313783,  0.07065833,  0.02128593,
        0.07336944,  0.13770059, -0.09030801,  0.0913997 , -0.14245647,
        0.09787393, -0.03377772, -0.01262168,  0.07597231, -0.08929975,
        0.01453124, -0.08674452,  0.05930188, -0.04698602,  0.0340491 ,
       -0.12658401,  0.0036031 ,  0.04130816, -0.11841934, -0.10781732,
       -0.05588494, -0.09481783,  0.13345681, -0.01777697, -0.1305951 ,
       -0.14449224, -0.12931912, -0.0924668 , -0.05460612, -0.1577238 ,
       -0.08986325,  0.0340197 , -0.13315937,  0.09908174,  0.00635921],
      dtype=float32), 'decoder.6.weight': array([[-0.05338534,  0.22127096, -0.00437507, ...,  0.21963312,
        -0.13991827,  0.13606213],
       [-0.05071815, -0.04575312,  0.03531181, ..., -0.1128239 ,
         0.02309301,  0.02316175],
       [-0.07000984,  0.08255313, -0.14290813, ...,  0.09092957,
        -0.01758269, -0.01391804],
       ...,
       [-0.06381542,  0.04980706,  0.1034686 , ..., -0.14692216,
        -0.01109425, -0.10067602],
       [-0.137195  , -0.02497159, -0.09960655, ..., -0.01035576,
         0.09071042, -0.03136878],
       [ 0.11324284,  0.10507029, -0.00120834, ..., -0.06656142,
         0.02861286, -0.05987234]], dtype=float32), 'decoder.6.bias': array([ 0.0378943 , -0.00776106, -0.15408611, ..., -0.12355369,
        0.00819194, -0.03683469], dtype=float32)}
[Time: 12.01.25 12:11:32] [Level: info] [State: aggregate] {'encoder.0.weight': array([[-0.03084814,  0.02793321,  0.01600909, ..., -0.01750407,
         0.01565706, -0.02409121],
       [-0.00498978, -0.03334858, -0.02016327, ...,  0.00675943,
        -0.04034108, -0.00877728],
       [ 0.05566564, -0.0373192 ,  0.00501395, ..., -0.02982676,
        -0.01282569, -0.01375343],
       ...,
       [-0.01354073,  0.01413089,  0.04106947, ...,  0.03603612,
        -0.01940406, -0.00447934],
       [ 0.01151026,  0.00739365,  0.00652337, ...,  0.00836532,
        -0.03869043,  0.0013851 ],
       [-0.0377046 , -0.02065074, -0.02454979, ..., -0.01173967,
         0.00990513,  0.00426806]], dtype=float32), 'encoder.0.bias': array([-1.10188890e-02, -1.12770693e-02,  1.20825106e-02, -1.68458149e-02,
       -4.43738699e-02,  1.90287828e-02, -7.77679356e-03, -2.86861937e-02,
       -3.00211310e-02,  1.70244239e-02, -1.15832388e-02, -3.84283513e-02,
        7.54259201e-03, -3.49141322e-02, -1.03035113e-02,  1.97125413e-03,
       -1.71406530e-02, -6.92764949e-03, -3.64055857e-02, -3.59146185e-02,
       -4.63780910e-02,  1.60705894e-02, -2.76193526e-02,  1.18413186e-02,
        5.63858589e-03,  2.33795941e-02,  1.87284108e-02,  3.23268063e-02,
        1.16690705e-02, -2.87013017e-02, -2.80438252e-02,  1.74526367e-02,
       -1.23172831e-02, -3.34067494e-02,  3.28850932e-04,  3.28975171e-02,
       -3.14766984e-03, -1.12795597e-03, -2.25111842e-03, -3.17792315e-03,
        1.97292883e-02, -2.22702790e-02, -4.78653191e-03,  3.01988143e-02,
       -1.68199688e-02, -4.38682102e-02, -1.33884959e-02, -2.10156329e-02,
        2.73261797e-02, -2.91957520e-02, -2.50133090e-02, -8.40649381e-03,
        3.42237786e-03, -3.15460712e-02,  7.38544110e-03, -5.24432492e-03,
       -6.63380371e-04, -1.45576643e-02, -2.97430754e-02, -3.98236737e-02,
        5.00111282e-03,  1.26548391e-02, -3.60424146e-02,  2.08872724e-02,
       -4.02071420e-03,  3.14970464e-02, -2.98552867e-02, -4.38102894e-02,
       -5.01420014e-02,  9.62194055e-03,  3.25353965e-02, -3.06168217e-02,
       -1.35062579e-02, -3.27403322e-02, -2.89348345e-02, -1.33816246e-03,
       -3.46166566e-02,  2.40591336e-02, -4.17767577e-02,  5.71784377e-03,
        3.17852274e-02,  2.66063213e-02, -2.87539400e-02,  2.20029280e-02,
       -2.50762068e-02, -8.40348657e-03, -1.95332430e-02,  4.72343853e-03,
        8.90425965e-03, -2.56049149e-02, -1.88795757e-02,  1.11669740e-02,
        2.60889884e-02, -3.10149845e-02, -2.33163312e-02,  5.12867467e-03,
       -1.34542342e-02, -2.20649894e-02,  9.18453000e-03, -2.81407293e-02,
        1.86648611e-02, -3.86978798e-02, -3.10914479e-02, -2.12262897e-03,
       -2.49606408e-02, -3.57746007e-03,  5.02270507e-03,  2.17306465e-02,
        1.38244256e-02,  3.15421335e-02, -1.93390921e-02, -5.43300575e-03,
       -1.03037395e-02, -2.20923685e-04, -1.81731004e-02,  2.74584386e-02,
       -1.88270155e-02, -1.26080960e-02, -2.29522176e-02,  2.11084429e-02,
        6.06248993e-03, -4.01759818e-02, -3.37676220e-02, -1.84711546e-03,
       -5.67760039e-03, -1.82904284e-02, -1.62081365e-02, -7.69804465e-03,
       -2.50459034e-02,  2.63021644e-02,  2.90719550e-02, -3.80456969e-02,
        1.42984092e-04,  3.05651855e-02,  2.19204947e-02,  6.12539880e-04,
        3.36771249e-04, -4.27317154e-03, -6.55679287e-06, -1.98823251e-02,
        2.45329402e-02, -4.25262265e-02, -1.16487779e-02, -1.73088405e-02,
       -1.22180732e-03,  2.94658989e-02, -1.95677788e-03, -1.50763672e-02,
       -6.93335291e-03, -2.46698707e-02, -1.56736840e-02,  2.37347651e-02,
       -1.80271827e-02, -1.20843726e-03, -1.83300376e-02, -1.36125125e-02,
        2.87109017e-02,  2.02397201e-02, -1.62464753e-02, -4.52333577e-02,
       -1.75005160e-02, -6.90141052e-04, -2.77581383e-02,  2.32466981e-02,
       -2.69967839e-02, -4.20960076e-02,  2.58377288e-02,  2.43797787e-02,
        2.53251828e-02, -1.44937607e-02, -4.33514267e-02, -2.73868013e-02,
        1.11961388e-03, -2.65638083e-02,  2.79578287e-02,  1.79098155e-02,
        1.95817109e-02, -3.81025858e-02, -4.28627059e-02,  3.47233713e-02,
       -2.74888575e-02, -2.10810341e-02, -3.67269590e-02,  1.44506861e-02,
        1.75894983e-02, -3.78581733e-02,  2.15968434e-02, -2.67973263e-02,
       -3.57238799e-02,  2.21310072e-02, -3.10557634e-02, -1.36364223e-02,
       -2.78078392e-02, -4.20859754e-02,  2.65536159e-02,  3.11852694e-02,
       -6.72111847e-03, -4.10377327e-03, -1.11702140e-02, -2.15676799e-02,
       -3.94653864e-02,  5.32934582e-03, -3.18232961e-02,  2.26625800e-02,
        2.13290052e-03,  2.38930993e-02, -3.56267318e-02,  2.85107829e-02,
       -6.16189884e-03,  6.44829683e-03, -1.91568844e-02, -3.26843373e-02,
       -3.50025222e-02,  1.54880378e-02, -2.63344292e-02,  6.46542944e-03,
        1.60791483e-02, -8.10369384e-04, -2.89395377e-02, -6.45857072e-04,
       -2.63944380e-02, -6.26632990e-03,  2.39766296e-02,  3.77654191e-03,
       -2.87309159e-02, -5.48263602e-02, -4.57794480e-02,  2.12354548e-02,
        5.59352629e-04, -3.39017622e-02, -1.36540097e-03,  1.64546873e-02,
       -1.77043658e-02,  3.58755188e-03,  6.34321338e-03, -3.79435893e-04,
       -4.33189310e-02, -1.44196283e-02,  1.57372956e-03, -1.00166595e-03,
        4.64425907e-02,  2.05894783e-02, -2.06565745e-02, -4.56169154e-03,
       -2.57672556e-03, -3.44332145e-03,  7.93153886e-03, -1.74665935e-02,
       -3.48406509e-02, -3.75382416e-02,  1.56267714e-02, -4.05166596e-02,
       -2.08456479e-02, -9.80966073e-03, -2.51644221e-03,  1.21433418e-02,
       -1.67123582e-02,  2.42541898e-02, -3.05423513e-02,  1.61809754e-02,
        2.81339921e-02, -2.05929633e-02,  7.67503725e-03, -3.46910246e-02,
       -3.76724601e-02,  2.17776913e-02,  2.36034999e-03, -2.78023984e-02,
        1.12003330e-02, -6.96752174e-03,  2.22808644e-02, -2.86836922e-02,
        1.12841967e-02, -4.35104221e-02, -3.52759585e-02,  6.08620001e-03,
        6.93508657e-04,  2.68193474e-03, -2.40229592e-02,  1.19198048e-02,
       -4.20470871e-02,  9.64886788e-03, -3.02515440e-02, -3.20369303e-02,
        1.26736714e-02, -1.78573076e-02,  5.99740958e-03, -2.80601624e-02,
       -1.35170622e-02, -2.92120297e-02, -3.20091238e-03,  2.22534444e-02,
       -3.36222053e-02, -1.54557899e-02,  2.49080956e-02, -4.42741029e-02,
       -4.65622954e-02, -2.59741563e-02, -4.17753980e-02,  2.99403723e-02,
       -2.30215602e-02,  1.93838924e-02, -1.33680436e-03, -1.74298119e-02,
       -3.89647819e-02,  1.17303699e-03, -4.42071930e-02, -2.37303860e-02,
       -3.27234715e-02,  2.83169327e-03,  2.78768856e-02,  1.17356572e-02,
       -4.80633200e-04, -3.55676003e-02,  2.55009308e-02,  1.61843039e-02,
        6.10880600e-03, -2.37601511e-02, -3.69644202e-02, -3.39912139e-02,
       -3.17802541e-02,  3.07571085e-04, -2.62608547e-02, -3.96524034e-02,
       -5.03509073e-03, -4.43689451e-02, -2.20259950e-02, -5.10945916e-02,
        1.01314271e-02, -3.58452532e-03, -3.74230407e-02, -4.48720232e-02,
       -3.95388678e-02, -3.98124345e-02, -7.06872717e-03, -2.52847560e-02,
       -1.45164812e-02, -2.34574527e-02,  1.84074230e-02,  1.50987795e-02,
       -4.46584970e-02, -4.59306352e-02, -2.63923444e-02, -2.40643602e-02,
       -1.88060687e-03,  1.43333320e-02, -1.42428912e-02, -2.04402059e-02,
        2.53601298e-02, -2.65048277e-02, -4.03765254e-02, -3.18127405e-03,
       -3.46427001e-02,  2.73037869e-02,  1.94618925e-02, -3.01052444e-02,
       -5.51135605e-03,  1.63640380e-02, -2.60300916e-02,  1.45213287e-02,
        1.33832367e-02, -3.09235603e-02, -1.46894762e-02,  1.00446702e-03,
       -3.14215384e-02,  1.43309934e-02, -2.76778731e-02, -1.33116767e-02,
       -2.84072012e-02, -3.22113675e-03, -2.03946792e-02, -2.21811682e-02,
       -1.71175767e-02,  2.17929967e-02, -2.07883529e-02,  2.22378895e-02,
       -2.41299216e-02,  1.09141627e-02, -4.13309820e-02,  3.49408574e-03,
       -6.64986484e-03,  1.66116953e-02, -3.85300140e-03,  2.19949558e-02,
       -7.92363659e-03,  2.01602951e-02, -3.36603001e-02,  1.89848356e-02,
       -1.07434916e-03, -4.32556942e-02, -3.28928418e-02, -3.23678516e-02,
        9.45960544e-03, -3.73149030e-02, -4.15556729e-02, -1.15579534e-02,
        2.57202722e-02,  5.10116879e-05,  4.59038885e-03, -4.21882235e-02,
       -3.21746059e-03,  7.73017481e-03,  4.64885216e-03,  9.81731899e-03,
       -2.07577012e-02, -4.34552953e-02, -2.45770849e-02,  1.33911194e-02,
        7.44699826e-03,  5.31076407e-03,  2.73563601e-02, -2.73626093e-02,
       -3.57771888e-02, -4.24044654e-02,  1.99247035e-04, -6.60694018e-03,
       -4.43986356e-02, -2.10234220e-03, -2.24694461e-02, -2.49158461e-02,
        1.02908257e-02, -1.21142445e-02,  2.74628401e-02, -1.77332610e-02,
       -3.79821360e-02, -4.07923236e-02, -2.55836323e-02, -2.53328420e-02,
       -3.70354317e-02,  1.90025903e-02, -4.61661369e-02, -1.27634872e-02,
       -4.43153046e-02, -3.38692702e-02, -3.44439484e-02, -3.97814512e-02,
       -1.94698703e-02, -3.81769389e-02, -3.33879446e-03, -3.33758187e-04,
        2.02565845e-02, -6.25164947e-03,  1.18809217e-03, -2.66966131e-02,
        9.61436983e-03, -3.58271040e-02,  2.12579649e-02, -1.20152077e-02,
       -4.37161364e-02, -4.21688482e-02,  1.91165190e-02, -4.08955105e-02,
        1.45356916e-03, -3.85672529e-03, -6.89908257e-03,  2.29440222e-04,
       -9.56198107e-03, -3.13141085e-02, -9.83459249e-05,  1.83602404e-02,
        3.26479133e-03,  2.57507712e-02,  1.25744883e-02, -3.54496166e-02,
       -3.36758681e-02, -4.41665538e-02,  1.80283375e-02, -1.54551063e-02,
        3.32525931e-03, -3.35471593e-02, -4.16650213e-02,  1.17208008e-02,
        2.26676036e-02,  1.86916124e-02,  2.87670027e-02,  3.43368314e-02,
       -5.50571503e-03, -4.17417996e-02, -2.08794419e-02, -2.11159218e-04,
        1.43600535e-02, -2.46274453e-02,  3.44304554e-02, -3.83002730e-03,
        1.41788982e-02,  8.12709704e-03, -2.81075649e-02,  2.01711580e-02,
        2.53121406e-02, -3.98887619e-02, -3.48437615e-02,  1.92254540e-02,
        2.19761878e-02, -6.92565320e-03, -4.04573753e-02,  1.09024411e-02,
       -4.57798913e-02, -2.12136749e-02, -3.41453478e-02, -2.18036398e-02],
      dtype=float32), 'encoder.2.weight': array([[ 0.08117151,  0.03712087, -0.13017099, ...,  0.11654554,
        -0.00807841, -0.00278095],
       [ 0.09599739,  0.07291198, -0.1081211 , ..., -0.1416298 ,
        -0.09330366, -0.04056837],
       [-0.12753357, -0.0135026 , -0.03332951, ...,  0.01556224,
         0.109449  ,  0.12105308],
       ...,
       [-0.11865778, -0.01987571, -0.09762284, ...,  0.08899067,
         0.00577511,  0.07516351],
       [-0.05318628,  0.01458104,  0.07632745, ..., -0.07390626,
         0.03496811, -0.05195367],
       [ 0.05263118, -0.13295926,  0.00146954, ..., -0.1063908 ,
         0.05505299,  0.04550619]], dtype=float32), 'encoder.2.bias': array([-3.15094851e-02, -4.41537388e-02,  6.74959912e-04, -8.12663138e-02,
       -8.67004022e-02, -9.37946364e-02,  3.12418491e-03, -1.10271119e-01,
       -1.03946701e-01,  1.39535040e-01, -6.87011853e-02, -9.02949944e-02,
        2.57944688e-02,  7.79806003e-02, -2.40579639e-02, -7.03067556e-02,
        1.00552902e-01, -2.51999702e-02,  6.56649396e-02, -8.28357320e-03,
       -1.57855880e-02, -7.35989884e-02,  5.03929984e-03, -9.50067937e-02,
       -2.70232186e-02,  2.42114812e-02,  8.51754993e-02,  4.13238034e-02,
        6.77736923e-02,  6.68736920e-02, -4.01170664e-02,  1.28576070e-01,
        5.32500260e-02, -4.31231931e-02,  3.27850170e-02, -1.08981006e-01,
        3.60923484e-02, -1.19193671e-02, -2.71470025e-02,  6.94801435e-02,
       -1.16346693e-02,  1.21368214e-01,  5.81675023e-02,  8.80420506e-02,
       -1.10018447e-01,  4.67038192e-02, -1.05373807e-01, -3.46212685e-02,
       -1.71457956e-04,  2.39696354e-02,  6.03114115e-03,  8.98172557e-02,
        1.41527895e-02,  5.07677197e-02, -1.09996334e-01,  1.18791260e-01,
        9.02207792e-02,  9.05438438e-02, -2.42642444e-02, -1.46916024e-02,
        1.22492090e-01,  4.64348979e-02, -8.86542574e-02, -3.23685631e-02,
        4.89832349e-02, -6.88233003e-02,  1.18638203e-03,  3.31147276e-02,
       -6.58434182e-02, -8.59303921e-02,  1.03585571e-02,  9.38135087e-02,
       -3.58396173e-02,  7.13915974e-02, -1.00297369e-01, -9.64507610e-02,
       -2.03780700e-02,  2.76904218e-02,  5.87317906e-02, -1.26371056e-01,
        6.84386911e-03, -4.84756716e-02,  6.55434746e-03, -3.70833352e-02,
       -4.20686342e-02,  9.65330377e-02, -5.09773828e-02, -7.34709650e-02,
       -1.01014994e-01,  8.40519369e-02,  6.29649982e-02, -1.27770342e-02,
       -9.07694921e-02, -3.06659397e-02,  7.03045726e-02, -5.36850616e-02,
        3.76043795e-03,  1.45310136e-02,  1.03906229e-01, -5.43831438e-02,
        5.65955155e-02,  9.82591733e-02, -1.19097255e-01, -5.22738956e-02,
       -1.40652448e-01, -2.43534409e-02,  6.53577298e-02,  1.12717181e-01,
        4.95699607e-02, -5.58000468e-02,  1.03505040e-02, -1.37212858e-01,
       -1.03851564e-01, -1.15658678e-01,  6.27596974e-02,  1.11922562e-01,
       -1.02029212e-01,  2.76288427e-02,  1.34011579e-03, -4.36992422e-02,
        1.62541680e-02, -1.04714021e-01,  9.07290727e-02,  8.40992853e-02,
       -1.39233917e-01, -1.50940359e-01, -1.06092021e-01, -9.02600959e-02,
       -1.96697582e-02,  2.52724178e-02,  3.21458504e-02, -1.42753258e-01,
        9.14224163e-02,  7.17462152e-02,  3.79499607e-02,  3.20137246e-03,
        2.03688126e-02, -7.94331580e-02, -7.54408613e-02,  2.91115027e-02,
        2.44054385e-02,  5.92760406e-02,  5.03996238e-02,  2.89777201e-02,
       -6.00788295e-02,  1.83936302e-02,  2.06068810e-02, -1.73845198e-02,
        9.44690257e-02,  5.58210425e-02,  5.98084703e-02,  7.66427368e-02,
       -3.01446710e-02, -1.33649275e-01, -1.35717273e-01, -1.49833821e-02,
        4.41743955e-02, -8.17386657e-02,  1.15229309e-01, -3.42214294e-02,
        3.47118243e-03, -5.65178730e-02,  8.46341327e-02,  7.72813559e-02,
        4.83719539e-03,  9.41210706e-03, -9.31541994e-02, -5.78877926e-02,
       -1.23990268e-01,  8.43100436e-03,  1.02672867e-01,  1.93129014e-02,
       -7.57303610e-02, -5.88146709e-02, -2.42579821e-03,  2.77658459e-02,
       -6.15802966e-02, -4.77391817e-02, -1.03086624e-02, -2.00788677e-02,
        8.52216929e-02,  4.14835624e-02, -5.21026105e-02,  7.51603246e-02,
       -8.15322041e-04, -3.55771668e-02, -6.94395155e-02,  7.70482644e-02,
        7.07907602e-03, -5.47048971e-02,  4.75362390e-02, -7.53926709e-02,
        7.15012401e-02, -1.31381243e-01, -8.38528201e-02,  8.41325670e-02,
       -2.94990912e-02,  9.90898162e-03, -4.01354991e-02, -1.38159499e-01,
        4.04508598e-02, -1.14683680e-01, -1.01011962e-01,  1.27220064e-01,
        6.17534220e-02, -1.54909059e-01, -3.35247666e-02, -1.39703983e-02,
       -6.50721192e-02,  2.51721311e-02,  3.80972847e-02,  9.20319930e-03,
        1.27768785e-01,  4.03157342e-03, -6.45725569e-03, -1.18383124e-01,
       -1.23043410e-01, -6.54315501e-02,  7.58448392e-02, -2.60877982e-03,
       -4.60421667e-02, -5.18180802e-03, -1.04776360e-01, -1.51286766e-01,
       -6.55291080e-02, -1.50437564e-01,  6.18119724e-02,  9.44170132e-02,
        9.58313048e-02, -3.43841016e-02, -3.54093648e-02,  4.16461676e-02,
       -5.90432547e-02, -1.38451755e-01, -1.90269109e-02,  7.07746968e-02,
        9.58386809e-03,  1.10618873e-02, -3.06058936e-02,  1.03006162e-01,
       -1.29818127e-01, -3.87093425e-02, -1.15094244e-01, -1.27836421e-01,
        4.07856517e-02,  9.72355977e-02,  3.61821838e-02,  1.72423422e-02,
       -9.49744135e-03, -1.32963303e-02,  1.02802731e-01, -6.02692999e-02,
       -6.87418133e-02, -1.30870510e-02, -1.30747840e-01,  6.72466084e-02,
        6.68471120e-03,  7.89994560e-03,  4.36659381e-02, -7.65182674e-02,
        1.03126526e-01, -6.53613359e-02,  4.65765297e-02,  5.10244220e-02,
        1.01043224e-01, -1.84632484e-02,  6.94103464e-02, -6.40166998e-02,
       -7.44633228e-02, -2.03652270e-02,  1.11837462e-01,  8.77224728e-02,
        1.18354801e-02, -1.09420076e-01, -1.97130293e-02,  6.20461255e-02,
       -1.48233786e-01, -6.07342459e-02,  6.14245310e-02,  3.24250609e-02,
        1.15194768e-01,  5.14954291e-02, -8.74899775e-02, -8.07224363e-02,
       -2.58825839e-05,  2.50305627e-02,  7.75004104e-02, -4.20083851e-02,
       -4.14096788e-02, -1.57034229e-02, -1.34203181e-01, -2.71213725e-02,
        9.86304432e-02, -3.37375663e-02, -5.06241880e-02,  6.46157861e-02,
        1.30934894e-01, -3.64342630e-02,  8.57614279e-02, -4.88145463e-02,
        3.67305987e-02,  6.76602647e-02,  5.21031991e-02, -1.80997758e-03,
        6.01132251e-02, -8.72967541e-02, -4.02820259e-02,  5.20009082e-03,
       -3.08486931e-02,  1.91922411e-02, -2.03177379e-03, -6.45250455e-02,
       -6.90204054e-02, -1.50317714e-01,  5.91414608e-02, -1.01388037e-01,
        1.23365760e-01, -5.87862432e-02,  1.03024252e-01, -6.05827793e-02,
       -5.69239296e-02,  1.09140322e-01,  5.27334474e-02,  8.60747602e-03,
       -1.24048349e-02, -1.42833844e-01,  7.03360513e-02, -1.21264845e-01,
       -9.00072530e-02,  1.35227526e-02,  1.21759661e-02,  1.62677348e-01,
       -2.46032365e-02, -8.01426768e-02, -2.54372824e-02, -3.31375226e-02,
        1.25118464e-01, -4.96323407e-03,  1.10555487e-02,  4.10675183e-02,
        7.39266723e-02, -3.92930247e-02, -7.30871335e-02, -8.10340047e-02,
       -1.06152818e-01,  6.30887523e-02, -1.17512256e-01,  2.04058178e-02,
        6.95630684e-02, -1.22859791e-01,  1.98504366e-02, -8.72264653e-02,
        1.04145661e-01,  1.22748204e-01, -2.14701071e-02, -8.09649602e-02,
        1.33642450e-01, -1.52360216e-01, -1.09091349e-01,  5.80133125e-02,
        1.70857999e-02, -3.71191017e-02, -4.42393916e-03, -5.39133549e-02,
       -3.58921625e-02, -7.81380683e-02, -5.11603132e-02,  1.24836266e-01,
       -3.57685909e-02, -2.09840853e-02, -9.63046327e-02,  1.06521234e-01,
        5.01049198e-02, -6.14086306e-03,  1.09143279e-01, -9.06737596e-02,
       -1.35843292e-01,  1.10614382e-01,  1.11553617e-01,  7.80475289e-02,
       -1.05288520e-01, -7.35632554e-02,  1.43855006e-01,  3.09124868e-02,
        3.71596292e-02,  6.47001565e-02,  7.98825994e-02,  5.15542254e-02,
        9.85035673e-02, -1.00160435e-01,  3.55203077e-02,  7.84412250e-02,
       -2.43616980e-02,  6.59267083e-02, -6.54934496e-02, -4.11676504e-02,
       -1.04353204e-01,  6.36862814e-02,  4.11056690e-02, -1.97381768e-02,
        1.09474584e-01,  1.11156598e-01,  1.00869313e-02,  6.88285148e-03,
        9.54112560e-02, -9.89402384e-02,  9.28645805e-02, -9.49208885e-02,
       -6.16741425e-04, -1.49378642e-01,  1.14680886e-01,  9.34664831e-02,
        6.34617954e-02,  2.12637652e-02,  7.35958815e-02, -4.07259949e-02,
        6.48343610e-03, -1.03759304e-01, -4.78954762e-02, -8.04383382e-02,
       -3.72404754e-02,  4.40609194e-02,  7.64080212e-02,  1.32903745e-02,
        1.20383322e-01, -3.78615223e-02,  6.57473952e-02,  6.38165101e-02,
        1.16041914e-01,  6.39179302e-03,  1.17471434e-01,  3.36400829e-02,
       -1.06863104e-01, -1.00200266e-01, -1.48742691e-01,  9.72611904e-02,
       -4.89258729e-02, -1.26469001e-01, -4.10343986e-04,  2.18273513e-02,
       -1.43909156e-01, -5.35350703e-02, -2.11126935e-02, -1.41006470e-01,
       -6.63949913e-06,  2.88107209e-02, -5.30948602e-02, -3.55326198e-02,
       -1.04918033e-01, -1.41651288e-01, -9.95166898e-02, -3.52350734e-02,
       -1.25715613e-01, -5.13458513e-02, -9.28209797e-02, -2.93145385e-02,
       -1.10350318e-01, -1.35968730e-01,  8.75066444e-02, -1.23989478e-01,
        3.51934470e-02, -4.62943986e-02,  9.78026837e-02,  6.24295324e-02,
        8.30892473e-02, -2.57113129e-02, -2.57346127e-02, -1.24344781e-01,
       -1.32717699e-01,  1.15452439e-01,  5.64221777e-02, -6.30871654e-02,
        8.09406638e-02, -1.28057236e-02,  9.71268341e-02,  4.77386173e-03,
        4.18139584e-02,  4.91524786e-02, -2.72791777e-02, -4.16097119e-02,
        3.95731702e-02, -7.42557049e-02, -1.01756945e-01,  9.69962850e-02,
       -6.78923056e-02,  8.97710305e-03, -9.10015255e-02, -1.16199426e-01,
       -4.39988039e-02,  8.03465098e-02, -1.36837021e-01,  8.37585628e-02,
        5.41970171e-02,  7.97288045e-02,  1.79950222e-02,  4.33200337e-02,
       -1.75242908e-02, -8.13299716e-02, -4.32206839e-02, -3.64780426e-02],
      dtype=float32), 'encoder.4.weight': array([[-0.14766239, -0.13359539, -0.10447094, ..., -0.07428955,
         0.04137835,  0.0153409 ],
       [ 0.10018255, -0.02633752, -0.03018827, ...,  0.0111126 ,
        -0.03064221, -0.06934696],
       [-0.01405382,  0.0594891 ,  0.10904732, ...,  0.05728875,
        -0.067261  , -0.08863848],
       ...,
       [ 0.00439658, -0.0195928 ,  0.01800477, ..., -0.08637821,
         0.01304598,  0.11336832],
       [ 0.08847775, -0.09082003, -0.11797164, ...,  0.04523043,
         0.05396719, -0.00768002],
       [-0.15339951, -0.09777216, -0.02179888, ..., -0.10349002,
        -0.07241829,  0.04693408]], dtype=float32), 'encoder.4.bias': array([-0.02220166,  0.08236326, -0.08376879, ...,  0.01669894,
       -0.14451489,  0.07742165], dtype=float32), 'encoder.6.weight': array([[-0.01627349, -0.06189149, -0.03178773, ...,  0.01984444,
        -0.04895258,  0.03732269],
       [-0.00841321, -0.04888963, -0.05974803, ...,  0.00330164,
         0.05769398, -0.03366477],
       [-0.02266255,  0.03256084, -0.02474107, ...,  0.02471422,
        -0.06521925, -0.009448  ],
       ...,
       [ 0.01079644,  0.08260439, -0.01752279, ..., -0.04356237,
         0.03774061,  0.0238661 ],
       [-0.05008736,  0.01058023,  0.02665059, ..., -0.03640581,
         0.04722727, -0.04520349],
       [ 0.06656389, -0.04765499, -0.04723784, ..., -0.02615206,
         0.03247432,  0.03982527]], dtype=float32), 'encoder.6.bias': array([ 0.01417785,  0.04289604,  0.02208553,  0.0307435 , -0.00354984,
       -0.04858082,  0.03499291, -0.00909226,  0.01350196, -0.03673543],
      dtype=float32), 'decoder.0.weight': array([[ 0.725332  ,  0.3118473 ,  0.65343964, ...,  0.5081081 ,
        -0.8640355 ,  0.23072796],
       [ 0.10916149,  0.90233934,  0.7120618 , ...,  0.03452516,
        -0.35536906, -0.48918882],
       [-0.32616192, -0.02005256,  0.56382185, ..., -0.61725545,
        -0.05755283,  0.33922058],
       ...,
       [ 0.6304621 ,  0.5293532 , -0.4028284 , ..., -0.06361151,
        -0.52983594,  0.40082985],
       [-0.5567761 , -0.30655918,  0.12985107, ...,  0.63193387,
         0.13070953,  0.48930734],
       [-0.24271011,  0.5613542 , -0.35227683, ..., -0.12590712,
         0.32694334, -0.57410127]], dtype=float32), 'decoder.0.bias': array([ 0.26162744,  0.703689  , -0.76933014, ..., -0.4142984 ,
        0.38112018,  0.40033266], dtype=float32), 'decoder.2.weight': array([[-0.06408779, -0.03089598, -0.06154585, ...,  0.05156814,
         0.04087739,  0.05041521],
       [-0.07856711, -0.0547611 ,  0.05061173, ...,  0.04875799,
         0.00481089,  0.03757547],
       [ 0.04414656,  0.0486179 , -0.00830825, ..., -0.0507004 ,
        -0.00320132,  0.0310578 ],
       ...,
       [-0.0468874 ,  0.04687579,  0.03036833, ..., -0.00663561,
         0.04428972, -0.0420686 ],
       [-0.0457354 ,  0.05513741,  0.00311072, ...,  0.03580541,
        -0.00494728, -0.03527624],
       [ 0.04324752, -0.04817665, -0.00947939, ..., -0.01660124,
        -0.0728215 ,  0.02887302]], dtype=float32), 'decoder.2.bias': array([ 0.02900127,  0.00607271,  0.00525061, -0.07578082,  0.05321011,
        0.01199534, -0.00345256, -0.05199626, -0.03197032, -0.02895993,
       -0.01504519, -0.015481  ,  0.00031572,  0.02383748,  0.00263093,
       -0.00553566,  0.02551613, -0.02254635, -0.03087174, -0.06523371,
       -0.06137491, -0.04458941, -0.0219332 , -0.01438754, -0.01897908,
        0.01855925,  0.05498877, -0.07734173, -0.05868165, -0.08687463,
        0.01394014, -0.06446323, -0.03399878, -0.0555171 , -0.0735366 ,
       -0.06512007,  0.06573986, -0.07999264, -0.07454823,  0.00058131,
        0.00113235,  0.03953303,  0.01877472, -0.05252843, -0.0079614 ,
       -0.07069297, -0.00469592,  0.01682282,  0.00660565, -0.0065966 ,
        0.02967047, -0.07070633,  0.04572245,  0.06358779,  0.00698134,
        0.02647641, -0.04161603, -0.03255869, -0.00414567, -0.02482482,
       -0.07081942,  0.01702017, -0.00793844,  0.03592653, -0.00470211,
        0.00986441, -0.06435318, -0.00257397,  0.03850639,  0.03982596,
       -0.06733485, -0.0058162 , -0.02500364, -0.01821567,  0.02124864,
       -0.0441719 ,  0.02177148,  0.06186889,  0.05296206, -0.05050217,
       -0.01973386,  0.03507897,  0.05708244, -0.02576728,  0.0614021 ,
        0.05928762, -0.03070247, -0.02819669,  0.03184914, -0.01861457,
        0.01610177, -0.05583466, -0.03301255,  0.05771352,  0.04413782,
        0.04248502,  0.04402204,  0.04422385, -0.04337464,  0.00523867,
       -0.01138396,  0.04908127,  0.02735966, -0.0282463 , -0.01256366,
       -0.00095681,  0.02475552,  0.04035735,  0.05240301,  0.04793066,
        0.04615908, -0.047086  ,  0.03854127,  0.01417135, -0.04660144,
       -0.01028341, -0.03436114,  0.05442519,  0.03398853, -0.04532171,
       -0.05363511, -0.05617289, -0.05269058,  0.03784801, -0.06898011,
       -0.01898328,  0.04667933,  0.00351333, -0.02082562,  0.01636275,
       -0.01451764, -0.02514663, -0.00674949, -0.06632578,  0.02679738,
       -0.05176358, -0.00076072, -0.02632411, -0.03039102,  0.02191356,
        0.0119215 , -0.05226786,  0.02332346,  0.05384354,  0.05892068,
       -0.00713306, -0.05625954, -0.05429798, -0.01757367, -0.04761157,
       -0.00064061,  0.00533364,  0.05201552,  0.05906076, -0.02063578,
        0.01801181,  0.01799791, -0.0235732 ,  0.05067088,  0.00786205,
       -0.0456741 , -0.02690683, -0.00345184, -0.03314691,  0.04328196,
        0.01772305,  0.02795114,  0.05374393, -0.01162003, -0.05317535,
       -0.00805687, -0.00387861,  0.04652805, -0.02096899,  0.01996059,
       -0.00631369,  0.03076315, -0.01972608,  0.03309384,  0.02520023,
        0.04046486,  0.04260651,  0.0030793 ,  0.04253442, -0.03286806,
        0.01725942,  0.0385547 , -0.0155638 ,  0.02012262,  0.04240781,
       -0.06731948, -0.01811539,  0.03538639,  0.05004995,  0.03368885,
        0.02304607,  0.03396379,  0.04733082, -0.07166353,  0.03082897,
        0.01690222, -0.06300639,  0.02349098,  0.06099439,  0.01629673,
        0.04746534,  0.02956912, -0.01569927,  0.00291659,  0.01693757,
       -0.08131585, -0.03143863, -0.0544327 , -0.06161081,  0.05069436,
        0.01102567, -0.05747204, -0.05130272, -0.04530043,  0.05702217,
       -0.05984774, -0.04307288,  0.03362336, -0.07249422,  0.00694551,
        0.0056453 , -0.0112782 , -0.01381435, -0.00509802, -0.01223903,
       -0.02454269,  0.04053662,  0.01152273,  0.00370067, -0.08478875,
       -0.07060854,  0.02249212,  0.00250532,  0.05624206, -0.04897521,
       -0.03503756, -0.06823461,  0.00275984, -0.05841211,  0.04965454,
       -0.04178808,  0.05222045,  0.01587994,  0.04501361, -0.02558695,
       -0.05251626,  0.00719877,  0.00586875,  0.03320905,  0.02043347,
       -0.02811157,  0.05968299,  0.03530629, -0.03335479, -0.01063119,
        0.01334804, -0.05962853,  0.01199722,  0.02305606, -0.0061146 ,
       -0.03474653, -0.02331446, -0.07060989,  0.0464144 ,  0.02032096,
        0.02163111, -0.03872351,  0.06442753, -0.07836048, -0.03675307,
       -0.02527264,  0.02254235, -0.00260195, -0.02235088,  0.05370802,
        0.01736055, -0.0728604 , -0.06255288,  0.03242289,  0.01333794,
       -0.00780315, -0.02720844, -0.06388286,  0.07233288, -0.0385991 ,
        0.04545689,  0.00440148, -0.03166772,  0.00749946,  0.00602041,
       -0.04946411, -0.00733064,  0.05629383,  0.00379564, -0.04948361,
       -0.04816078, -0.05036104, -0.08142699,  0.04655135,  0.03124052,
       -0.06020283, -0.01674851, -0.02251256, -0.06996703,  0.03635097,
       -0.00089145, -0.00162224, -0.03140549, -0.06976366, -0.02605357,
        0.02883279,  0.04512038,  0.02031893, -0.07257675, -0.06768467,
        0.00825907, -0.06417049, -0.00334905,  0.02901474, -0.03559033,
       -0.00923037, -0.00841895, -0.02887779,  0.02688478,  0.02377691,
       -0.08177178, -0.01494334,  0.00410708,  0.02049096,  0.06899774,
        0.0069595 , -0.07208016, -0.02590108,  0.01423055, -0.01528973,
        0.06325489,  0.04913862, -0.03062988,  0.0559113 , -0.06850532,
       -0.07921591, -0.00596178, -0.00326795,  0.06965577,  0.03814868,
        0.00367381, -0.06484253, -0.02656285,  0.050818  ,  0.00083499,
        0.05722717, -0.04229085,  0.01633818,  0.01611862, -0.03022944,
        0.03105676,  0.03893112, -0.03196098, -0.01262055, -0.01421954,
        0.06018732,  0.01182472, -0.05028092,  0.05244246, -0.06059961,
       -0.07115471,  0.02980857,  0.06362929, -0.00691115,  0.02943808,
        0.05360921,  0.01820974,  0.0020473 ,  0.03149659,  0.04941903,
       -0.04172333, -0.02375957,  0.04655919,  0.04021678, -0.03479499,
       -0.06160292, -0.03266258, -0.03687083, -0.04034118,  0.03253941,
        0.05376298, -0.02967303, -0.00621385, -0.07347962, -0.05486288,
       -0.0615953 , -0.0762946 , -0.05780606, -0.03607113, -0.06010037,
        0.04963841, -0.06075494,  0.04634057,  0.05250815, -0.02621522,
       -0.02167434, -0.02567793,  0.04051129, -0.01029531, -0.05972683,
        0.04465547,  0.00472954, -0.09132471, -0.00660378, -0.01243623,
       -0.02968251,  0.04046826,  0.06294999,  0.01486966,  0.03546522,
       -0.01781187, -0.02522532, -0.04350784,  0.00708519,  0.03735045,
        0.04022908,  0.01291211,  0.06240528,  0.03579042, -0.01196846,
       -0.00516934,  0.03106728, -0.08096862,  0.00815107,  0.01442031,
        0.02806522,  0.00564019,  0.03265342, -0.05018298, -0.00450297,
        0.01647906, -0.00693537, -0.00143626,  0.05122635,  0.0136551 ,
       -0.04778887,  0.04714596, -0.00986297, -0.01971962, -0.04548001,
        0.05727314,  0.05710886, -0.03565437,  0.00828608,  0.04910564,
       -0.06467114,  0.03771193, -0.0007783 ,  0.00287765,  0.05600539,
       -0.00808734, -0.06397711, -0.06100929,  0.00126299, -0.01328509,
       -0.05517472, -0.06261846,  0.03809283,  0.0278336 ,  0.00840919,
       -0.00283458,  0.03344629,  0.0411961 ,  0.0396937 ,  0.00898941,
       -0.07599643, -0.0051749 ,  0.00543711,  0.06763861, -0.01996315,
        0.00744713, -0.04767364,  0.01287865,  0.00343952,  0.0421974 ,
        0.05165397, -0.07098398, -0.04466472, -0.01364743, -0.01010663,
       -0.07398661, -0.04293467,  0.03332233, -0.0052987 , -0.02016366,
        0.04923001, -0.05541885, -0.02845414,  0.05126125, -0.02275068],
      dtype=float32), 'decoder.4.weight': array([[ 0.12017461,  0.04924019, -0.09201975, ...,  0.02059647,
         0.07833657,  0.08501921],
       [-0.03463724,  0.13797547, -0.04089434, ..., -0.03315169,
         0.09534886, -0.02318925],
       [-0.01359146, -0.08871838,  0.02476763, ...,  0.10893346,
        -0.06995269,  0.0175475 ],
       ...,
       [ 0.08252449, -0.11555339, -0.08296686, ...,  0.01827006,
         0.10608239, -0.07703879],
       [ 0.08300205, -0.14410286,  0.08118084, ..., -0.08469871,
         0.02366757,  0.06818553],
       [-0.10638291, -0.03488918, -0.04489472, ...,  0.00516115,
        -0.06819551,  0.04951109]], dtype=float32), 'decoder.4.bias': array([-0.08121338,  0.09395696,  0.10022243, -0.1207923 ,  0.0737082 ,
       -0.01755876, -0.010987  ,  0.01121592, -0.02207918, -0.07655861,
       -0.13342325, -0.03779841, -0.0834554 ,  0.13529103, -0.08884048,
       -0.14601462,  0.02275945, -0.12949394,  0.06315217, -0.09347247,
        0.10625958,  0.04445184,  0.05084528, -0.1630725 , -0.07171325,
       -0.06902973,  0.07142203,  0.08982123, -0.15392825,  0.08157965,
       -0.08697805,  0.07188279,  0.04505842,  0.07726128,  0.0347511 ,
        0.02515186,  0.03306998, -0.01533257,  0.0600689 ,  0.00697641,
       -0.07557751,  0.0569951 , -0.07888288, -0.02493582, -0.08617942,
       -0.07297233,  0.05345331, -0.00512608,  0.03731071, -0.00251473,
       -0.06038005, -0.04846091,  0.04604894,  0.12108899, -0.15530396,
        0.0235811 , -0.08347711, -0.05212558, -0.12200958, -0.06286403,
       -0.08209552,  0.06922229, -0.00388891,  0.06902085, -0.08684535,
       -0.0682543 , -0.05693222,  0.00908863,  0.09981273,  0.04983929,
       -0.05777071,  0.12825188, -0.10014395, -0.00447574, -0.15629779,
        0.06231094, -0.01230569, -0.01952401, -0.08833401, -0.04587001,
        0.03641745,  0.08849712, -0.09143974, -0.02047985,  0.02073641,
       -0.12214549, -0.0231892 ,  0.0903947 ,  0.13192762, -0.11511366,
        0.0568586 ,  0.05395323,  0.0482664 , -0.03334015, -0.09343009,
        0.07315288,  0.07321917, -0.06205393, -0.09273428,  0.05811662,
       -0.08734605,  0.08930805, -0.03824351, -0.12900938, -0.11852075,
        0.02957301, -0.00333091, -0.10013319, -0.04822046, -0.11848302,
       -0.09983373, -0.09150705, -0.05758058,  0.04281304, -0.09260071,
        0.1446576 ,  0.09083557,  0.07153319,  0.11578949, -0.09933092,
        0.06158151, -0.00234949, -0.16074722,  0.15490694,  0.02700067,
       -0.09998198, -0.09789842,  0.07309514, -0.11396755,  0.14090076,
       -0.00256433, -0.02127705, -0.08246956,  0.00909636, -0.14775057,
        0.04197886,  0.11425626, -0.12145483,  0.1036194 , -0.11214007,
        0.0349696 , -0.12959065, -0.00988121, -0.08871435,  0.06242424,
        0.04327636, -0.04443518, -0.00568283,  0.07861483,  0.00372476,
        0.08318384,  0.01253477, -0.10165748, -0.01722769, -0.11434381,
        0.13055536, -0.00199982,  0.10787676,  0.09759966, -0.07441363,
       -0.05760871, -0.00527786,  0.01408444, -0.12036972, -0.13679266,
       -0.1076978 , -0.06291691, -0.09542748,  0.04544349,  0.09657761,
        0.08579629, -0.06019337,  0.1428729 ,  0.07254921,  0.05098021,
        0.04130963, -0.13017257,  0.03426502, -0.00183821,  0.01295427,
       -0.10066082, -0.1314817 , -0.10357891, -0.05764472,  0.08119386,
        0.00124909,  0.05401074, -0.02623814, -0.01368351, -0.11699931,
        0.08409586,  0.01449215, -0.1510079 ,  0.05913369,  0.11036812,
        0.07220401,  0.00595878, -0.13962087, -0.0572663 ,  0.04988075,
        0.07577808, -0.04420266, -0.04130023,  0.07598446,  0.14019081,
        0.11222562,  0.03335729,  0.069653  , -0.04792524,  0.03591495,
        0.03907512,  0.00519843,  0.10827054,  0.01452176, -0.07233778,
        0.02932454,  0.14735888,  0.05933326, -0.12497253,  0.08674628,
        0.1037325 ,  0.07723062, -0.03453878,  0.06833755, -0.04404579,
        0.0293415 , -0.12125526,  0.08365555, -0.07198717, -0.01878027,
       -0.01579976,  0.08226299, -0.07010269,  0.06741276, -0.14075583,
       -0.06591058, -0.0299124 ,  0.06969794,  0.04298452, -0.06395996,
       -0.06130982,  0.01303993,  0.01323883,  0.01069256,  0.1113141 ,
       -0.10529581,  0.05209712,  0.08340687, -0.15608257, -0.03747175,
        0.01634026,  0.07806212, -0.09942243, -0.08669297,  0.10094293,
       -0.05049273,  0.04360074, -0.03681065,  0.07028831, -0.07780726,
       -0.12139743, -0.11404201, -0.04411023,  0.07479329, -0.15360329,
       -0.03081896, -0.03467231, -0.09975222, -0.05187986, -0.02242582,
       -0.04843155, -0.04045082, -0.15459545,  0.0493703 ,  0.08025312,
       -0.04630246, -0.05732459, -0.0617222 ,  0.13406403,  0.00693671,
       -0.07123271, -0.02660527,  0.13191175, -0.05750934,  0.09084249,
       -0.1229269 ,  0.03723751,  0.08604223,  0.01119217,  0.09124581,
       -0.02385274,  0.04712691, -0.04816852,  0.08527015, -0.12233052,
        0.13802236,  0.03683493, -0.13354287,  0.06469249, -0.03701202,
       -0.07111698, -0.13477099,  0.06151462, -0.02467618, -0.01409475,
       -0.13565263, -0.13161016, -0.05808613,  0.01930192,  0.06556296,
       -0.01734152,  0.10075657,  0.06295757, -0.03708686,  0.07315018,
        0.01082223,  0.09698678, -0.08198911, -0.14872552,  0.03437066,
        0.03963901, -0.10764059, -0.00446121, -0.11553196, -0.00659502,
       -0.17146571, -0.05048819,  0.0180403 , -0.08598717, -0.01871254,
        0.00693176,  0.03392362,  0.05431113,  0.00039627,  0.08736175,
       -0.07314099, -0.09086577, -0.10862114, -0.10861534, -0.09865692,
       -0.07003223,  0.00815565,  0.15343389,  0.04959898,  0.06056095,
        0.00944723,  0.03062303, -0.1012694 ,  0.04621397, -0.02199238,
       -0.10100221, -0.01411463, -0.06145621,  0.07568093, -0.0736642 ,
       -0.10409029, -0.08784126,  0.03300479,  0.0392803 , -0.11846128,
       -0.02344439,  0.00128359, -0.10208657, -0.16536061,  0.04651417,
        0.13638806,  0.10727213,  0.06416719, -0.11192296,  0.07526582,
       -0.04726498,  0.0378761 ,  0.08082879,  0.00995576, -0.04262543,
       -0.05757986,  0.11190995,  0.04849467, -0.02553673,  0.12844902,
       -0.18170744,  0.06234569, -0.07547896, -0.00337209,  0.03378258,
        0.13346584, -0.03755127, -0.02535479, -0.05036404,  0.10630684,
       -0.08497808,  0.09712654,  0.07260852, -0.08725765, -0.04616406,
       -0.01274463,  0.11353993, -0.11152289, -0.01532581, -0.04356087,
        0.09289277,  0.0103328 , -0.1084128 , -0.14295705,  0.07868078,
        0.03915955, -0.09660452, -0.09117449, -0.00176012,  0.10262194,
        0.04907585, -0.13798107,  0.04118074, -0.14821687,  0.03359162,
        0.07857469, -0.01931871, -0.09974817,  0.10489246, -0.13560647,
       -0.03999889,  0.02999108,  0.08747503, -0.09270729, -0.05618411,
        0.03493017, -0.04393601, -0.15192494, -0.15189397, -0.00444789,
        0.11643454,  0.05004134, -0.09019515, -0.13276677, -0.03782868,
        0.10563829, -0.01302694, -0.1578725 ,  0.01161304, -0.11925261,
       -0.03248519,  0.06100406,  0.08104975,  0.02928523,  0.10100424,
        0.09791511,  0.07788493, -0.13730478,  0.02794362, -0.08544447,
        0.03337377, -0.12248782, -0.0457114 , -0.00149212,  0.03184979,
        0.01880684,  0.11127725, -0.07353556,  0.08520629,  0.10662347,
       -0.06885489, -0.04028631, -0.11904953,  0.07031407,  0.02072929,
        0.08406191,  0.1388871 , -0.09572796,  0.09004149, -0.14183317,
        0.09137321, -0.03179352, -0.01251015,  0.07491   , -0.06752831,
        0.0175364 , -0.0876009 ,  0.06039289, -0.04857973,  0.03437155,
       -0.12587237,  0.00474663,  0.01557219, -0.10394838, -0.11276943,
       -0.05404554, -0.09222905,  0.1330142 , -0.01990082, -0.09254295,
       -0.14615412, -0.13157444, -0.09048538, -0.05565697, -0.14882898,
       -0.07848805,  0.03629972, -0.14477387,  0.13226599,  0.03240083],
      dtype=float32), 'decoder.6.weight': array([[-0.05557959,  0.2210873 ,  0.06487836, ...,  0.15555803,
        -0.08065559,  0.21471696],
       [-0.00991424, -0.0461912 ,  0.06846502, ..., -0.10979588,
         0.0217985 ,  0.08252315],
       [-0.11601971,  0.08336857, -0.10113852, ...,  0.1143999 ,
        -0.00214774, -0.03251776],
       ...,
       [-0.06475583,  0.04976932,  0.09018838, ..., -0.14049317,
        -0.01337076, -0.10711294],
       [-0.10103043, -0.02486897, -0.09706385, ..., -0.00676639,
         0.09267654, -0.00872091],
       [ 0.0842092 ,  0.10504398,  0.01257799, ..., -0.0640477 ,
         0.02293671, -0.07194135]], dtype=float32), 'decoder.6.bias': array([ 0.03794783, -0.00714302, -0.15253761, ..., -0.1242506 ,
        0.01003575, -0.03574594], dtype=float32)}
[Time: 12.01.25 12:11:32] [Level: info] [State: aggregate] {'encoder.0.weight': array([[-0.09522328,  0.08580155,  0.05007993, ..., -0.05007146,
         0.04624747, -0.07106104],
       [-0.01496928, -0.10005697, -0.06049513, ...,  0.02027498,
        -0.1210203 , -0.02635958],
       [ 0.16745716, -0.11243802,  0.01450279, ..., -0.09005948,
        -0.03786482, -0.04195136],
       ...,
       [-0.04062289,  0.04248182,  0.12554182, ...,  0.10811414,
        -0.05822698, -0.01345023],
       [ 0.03453109,  0.02217209,  0.01956442, ...,  0.02509435,
        -0.11606741,  0.00415085],
       [-0.11311379, -0.0619522 , -0.07364937, ..., -0.03521902,
         0.02971538,  0.01280417]], dtype=float32), 'encoder.0.bias': array([-3.53894159e-02, -3.38241532e-02,  3.68597358e-02, -4.92102876e-02,
       -1.33455783e-01,  5.70830330e-02, -2.20025256e-02, -8.60592648e-02,
       -9.00674760e-02,  5.30862063e-02, -1.44768488e-02, -1.13974661e-01,
        2.39363946e-02, -8.42510015e-02, -3.09076831e-02,  5.91039471e-03,
       -7.14421868e-02, -2.15160139e-02, -1.07947297e-01, -1.08352885e-01,
       -1.39132112e-01,  4.82237153e-02, -8.14425573e-02,  3.47798914e-02,
        1.69142522e-02,  7.01379925e-02,  5.61861694e-02,  9.69833136e-02,
        3.50100882e-02, -6.66280463e-02, -8.41321200e-02,  5.50169423e-02,
       -3.69621478e-02, -9.95832011e-02,  3.77381715e-04,  9.86920744e-02,
       -1.07249189e-02, -2.20342306e-03, -7.31839146e-03, -9.53864492e-03,
        5.91904446e-02, -6.64207190e-02, -1.16863735e-02,  9.05352607e-02,
       -5.16762584e-02, -1.32944524e-01, -3.90957370e-02, -6.30455464e-02,
        8.19567963e-02, -8.70011449e-02, -7.50382096e-02, -2.57895477e-02,
        7.61836302e-03, -9.35612991e-02,  1.95883941e-02, -1.30634522e-02,
       -1.98748289e-03, -4.36736867e-02, -8.92307311e-02, -1.19465761e-01,
        1.36727653e-02,  3.79476547e-02, -1.08131059e-01,  7.40221515e-02,
       -1.06977653e-02,  9.44899023e-02, -8.95695165e-02, -1.30112469e-01,
       -1.49081200e-01,  2.88223960e-02,  9.68620554e-02, -9.17925239e-02,
       -4.05090675e-02, -9.82180238e-02, -8.68059099e-02, -4.00620978e-03,
       -1.05086170e-01,  7.21871033e-02, -1.22573331e-01,  1.71563439e-02,
        9.41429287e-02,  7.90748298e-02, -8.76675919e-02,  6.72665611e-02,
       -7.65721053e-02, -2.52183303e-02, -5.79734668e-02,  3.46619263e-02,
        2.69039795e-02, -7.68153816e-02, -5.66757768e-02,  3.34990658e-02,
        7.82563984e-02, -9.30775702e-02, -6.99515045e-02,  1.53873377e-02,
       -4.11068425e-02, -1.02234416e-01,  3.01705953e-02, -8.26765746e-02,
        5.60867637e-02, -1.13524854e-01, -9.32834893e-02, -5.07169589e-03,
       -7.35384524e-02, -9.39229317e-03,  1.50655638e-02,  6.14779033e-02,
        4.14790288e-02,  9.46167409e-02, -5.79791740e-02, -1.62971355e-02,
       -3.18679661e-02, -3.53276846e-05, -5.31953424e-02,  8.23733956e-02,
       -5.51859140e-02, -3.78958955e-02, -6.82958588e-02,  8.03205967e-02,
        1.81485750e-02, -1.19870707e-01, -1.00049421e-01, -5.54313790e-03,
       -1.70205198e-02, -5.48823625e-02, -4.86301035e-02, -2.30984334e-02,
       -7.51426071e-02,  7.89110437e-02,  8.72113556e-02, -1.11564733e-01,
        7.98818364e-04,  9.16826054e-02,  6.70757145e-02,  1.83046004e-03,
       -2.81263366e-02, -1.28201172e-02, -2.21336191e-03, -5.96396960e-02,
        7.48747438e-02, -1.27578616e-01, -3.62312756e-02, -5.19244447e-02,
       -3.66378110e-03,  8.70858878e-02, -7.20355567e-03, -4.52272892e-02,
       -2.21043788e-02, -7.46424347e-02, -4.70164642e-02,  7.38693178e-02,
       -5.66750094e-02, -3.52449296e-03, -5.23312390e-02, -4.08387221e-02,
        8.61359015e-02,  6.33411407e-02, -5.13329729e-02, -1.37026027e-01,
       -5.35123162e-02, -2.07094755e-03, -8.32728520e-02,  6.97381198e-02,
       -8.36592466e-02, -1.26290798e-01,  7.87705407e-02,  7.18008354e-02,
        7.73331374e-02, -4.47910167e-02, -1.30022228e-01, -8.08466524e-02,
        3.36484262e-03, -7.83406124e-02,  8.38751197e-02,  5.42664304e-02,
        5.87490425e-02, -1.14310458e-01, -1.28605932e-01,  1.04172789e-01,
       -8.24718028e-02, -6.32450283e-02, -1.08872198e-01,  4.32848707e-02,
        5.27892560e-02, -1.12236902e-01,  6.45142198e-02, -7.90610388e-02,
       -1.07178360e-01,  6.76812828e-02, -9.31662470e-02, -4.02749591e-02,
       -8.34166110e-02, -1.27464637e-01,  9.88516882e-02,  9.09345299e-02,
       -2.01691166e-02, -1.09981671e-02, -3.42547819e-02, -6.33666366e-02,
       -1.17546499e-01,  1.59912296e-02, -9.41366404e-02,  6.66562095e-02,
        6.38978416e-03,  7.28313923e-02, -1.06230758e-01,  8.61877203e-02,
       -1.84870530e-02,  2.03121901e-02, -5.74542172e-02, -9.80462283e-02,
       -1.05005719e-01,  4.64630276e-02, -7.90205374e-02,  1.94684509e-02,
        4.87646163e-02, -2.42453208e-03, -8.55358019e-02,  1.89114325e-02,
       -7.91836232e-02, -1.26231238e-02,  7.06178769e-02,  8.67310818e-03,
       -8.49756971e-02, -1.64468378e-01, -1.38288870e-01,  8.41973871e-02,
        1.70845329e-03, -1.01712689e-01, -4.84033953e-03,  5.19246161e-02,
       -5.31150848e-02,  1.07567050e-02,  1.90238487e-02, -1.13512250e-03,
       -1.29967183e-01, -4.45977002e-02,  4.72445134e-03, -3.00108641e-03,
        1.34498835e-01,  6.17084429e-02, -6.08817749e-02, -1.36821959e-02,
       -7.72901531e-03, -7.69979879e-03,  2.50854604e-02, -5.23979478e-02,
       -8.70242193e-02, -1.12612814e-01,  4.95316908e-02, -1.21564806e-01,
       -6.25325143e-02, -2.81305835e-02, -7.52795115e-03,  3.64279374e-02,
       -5.01435399e-02,  7.27595612e-02, -9.39020291e-02,  4.85419109e-02,
        8.44039470e-02, -6.17753491e-02,  2.30602231e-02, -1.04074731e-01,
       -1.13017298e-01,  6.53364733e-02,  6.13193633e-03, -8.24138299e-02,
        3.49057466e-02, -2.09102724e-02,  6.81066066e-02, -8.34660381e-02,
        3.38502973e-02, -1.31828547e-01, -1.04500085e-01,  1.95756778e-02,
        2.09390372e-03,  8.07982963e-03, -7.20627755e-02,  3.57285477e-02,
       -1.24809459e-01,  2.78139338e-02, -8.94074887e-02, -9.61062834e-02,
        3.93542312e-02, -5.35790995e-02,  1.84394456e-02, -8.41791779e-02,
       -4.05543521e-02, -8.76402184e-02, -8.32402054e-03,  4.84833643e-02,
       -1.00865185e-01, -4.57248911e-02,  7.53849745e-02, -1.32833853e-01,
       -1.39689207e-01, -7.52571747e-02, -1.21819690e-01,  8.98272246e-02,
       -6.65595233e-02,  5.81444502e-02, -4.01185034e-03, -5.25915027e-02,
       -1.16890579e-01,  3.52026755e-03, -1.33958951e-01, -6.98501915e-02,
       -9.79951322e-02,  2.02951934e-02,  8.36199522e-02,  3.65306139e-02,
       -1.44050363e-03, -1.07295632e-01,  7.65011013e-02,  4.85540070e-02,
        1.96559895e-02, -7.20245838e-02, -1.13539010e-01, -1.00769505e-01,
       -9.59987342e-02,  9.28957888e-04, -7.80468732e-02, -1.18960425e-01,
       -1.38065647e-02, -1.33120745e-01, -6.60796985e-02, -1.53281838e-01,
        3.04134898e-02, -1.07486388e-02, -9.34586823e-02, -1.34564161e-01,
       -1.17970683e-01, -1.19439811e-01, -2.12093219e-02, -7.52435625e-02,
       -4.22556587e-02, -7.16887116e-02,  5.42997681e-02,  4.53522243e-02,
       -1.34012550e-01, -1.37789100e-01, -7.91795254e-02, -7.23140836e-02,
       -1.66140758e-02,  4.18962985e-02, -4.26963419e-02, -6.13234565e-02,
        7.60719851e-02, -7.93242082e-02, -1.19801387e-01, -9.52722412e-03,
       -1.03934616e-01,  8.21141005e-02,  5.96388392e-02, -9.16412026e-02,
       -1.65449455e-02,  4.76818755e-02, -7.92546421e-02,  4.35542315e-02,
        4.14707027e-02, -9.14226845e-02, -4.30827960e-02,  3.89778032e-03,
       -9.54585969e-02,  4.46434394e-02, -8.30408186e-02, -3.87717374e-02,
       -8.25477093e-02, -1.23383747e-02, -5.98691516e-02, -6.65454939e-02,
       -5.13540730e-02,  6.53776526e-02, -6.23602457e-02,  6.53751716e-02,
       -7.24958181e-02,  3.33999135e-02, -1.23987690e-01,  1.18203871e-02,
       -1.87355373e-02,  4.96802703e-02, -1.15629276e-02,  6.73231930e-02,
       -2.44158413e-02,  5.78388833e-02, -9.97753218e-02,  5.69596961e-02,
        1.47555415e-02, -1.27102837e-01, -9.86740738e-02, -9.70808268e-02,
        3.83560807e-02, -1.13278672e-01, -1.24094635e-01, -3.54179963e-02,
        7.71518350e-02,  1.65159698e-04,  1.47691369e-02, -1.25237346e-01,
       -9.64114163e-03,  2.31949110e-02,  1.39477951e-02,  2.94483062e-02,
       -6.22756965e-02, -1.30363405e-01, -7.37337470e-02,  4.01714779e-02,
        2.36515943e-02,  1.32709052e-02,  8.08708519e-02, -8.20859596e-02,
       -1.09995216e-01, -1.24562219e-01, -1.46395876e-04, -1.84808392e-02,
       -1.30523160e-01, -7.05116335e-03, -6.67478070e-02, -7.59984925e-02,
        3.20971459e-02, -3.76429409e-02,  8.29073414e-02, -5.45250364e-02,
       -1.13949195e-01, -1.22376934e-01, -7.80697018e-02, -7.59973973e-02,
       -1.12444967e-01,  5.43402582e-02, -1.38501555e-01, -3.87543440e-02,
       -1.32947832e-01, -1.01617768e-01, -1.02001429e-01, -1.16752967e-01,
       -5.84001169e-02, -1.14527494e-01, -1.12635279e-02, -9.31304356e-04,
        6.07960969e-02, -1.61052626e-02,  3.56949796e-03, -8.13708827e-02,
        2.88626924e-02, -1.07447758e-01,  6.37699440e-02, -3.59673798e-02,
       -1.29831314e-01, -1.25189543e-01,  5.73560670e-02, -1.22686759e-01,
        4.37202258e-03, -1.15653817e-02, -2.14059632e-02,  3.17723956e-03,
       -2.86801942e-02, -9.32874680e-02, -1.80486601e-03,  5.52093759e-02,
        1.11327441e-02,  7.72502869e-02,  5.88720143e-02, -1.05018146e-01,
       -1.00358799e-01, -1.32502049e-01,  5.41148297e-02, -4.63700965e-02,
        9.86234564e-03, -9.79842246e-02, -1.25000030e-01,  3.78372446e-02,
        6.80012107e-02,  5.61183840e-02,  8.38222504e-02,  1.01691782e-01,
        3.97515623e-03, -1.25227556e-01, -6.50682375e-02, -6.30556897e-04,
        4.17409539e-02, -7.38856196e-02,  1.03293285e-01, -1.01619251e-02,
        4.30765674e-02,  2.43862979e-02, -8.16944540e-02,  6.15609698e-02,
        7.46210292e-02, -1.19669057e-01, -1.03871867e-01,  5.76778203e-02,
        6.71572536e-02, -2.20577735e-02, -1.22710183e-01,  3.14856917e-02,
       -1.37340516e-01, -6.37241378e-02, -1.02433652e-01, -6.54109195e-02],
      dtype=float32), 'encoder.2.weight': array([[ 0.24371994,  0.11258874, -0.41248095, ...,  0.3485585 ,
        -0.02421451, -0.00834286],
       [ 0.2901603 ,  0.22137947, -0.34221438, ..., -0.42229748,
        -0.27856913, -0.12170512],
       [-0.38377976, -0.04181252, -0.0905564 , ...,  0.04606016,
         0.3270226 ,  0.36315924],
       ...,
       [-0.35533094, -0.06022819, -0.29498243, ...,  0.26756412,
         0.01789862,  0.22549054],
       [-0.16163658,  0.04374183,  0.2303083 , ..., -0.22231223,
         0.10490514, -0.15586102],
       [ 0.15725076, -0.40018666, -0.00440376, ..., -0.31976324,
         0.16382986,  0.13651857]], dtype=float32), 'encoder.2.bias': array([-1.15956470e-01, -1.51631877e-01,  1.14649907e-02, -2.46500418e-01,
       -2.57034063e-01, -2.83495784e-01,  1.55258691e-04, -3.21936816e-01,
       -3.10773015e-01,  4.14427251e-01, -2.06093282e-01, -2.51447916e-01,
        8.64348933e-02,  2.31997877e-01, -7.23823458e-02, -2.14430451e-01,
        3.04449379e-01, -6.99467808e-02,  1.97900444e-01, -2.59007886e-02,
       -4.67649922e-02, -2.19756931e-01,  1.61269121e-02, -2.74754733e-01,
       -8.40052366e-02,  8.16252306e-02,  2.55527824e-01,  1.63357630e-01,
        2.04160601e-01,  1.79649562e-01, -1.19815096e-01,  3.68900120e-01,
        1.57844722e-01, -1.29960448e-01,  8.15997571e-02, -3.25812429e-01,
        7.10849464e-02, -1.12961866e-02, -8.08091760e-02,  2.08613664e-01,
       -3.49056311e-02,  3.65000367e-01,  1.74471542e-01,  2.21617892e-01,
       -3.58737141e-01,  1.24643177e-01, -3.23289812e-01, -1.06783599e-01,
        6.91872381e-04,  7.78435841e-02,  3.24241035e-02,  2.74268806e-01,
        2.88248006e-02,  1.52309120e-01, -3.26241553e-01,  3.57641429e-01,
        2.68355936e-01,  2.76478440e-01, -6.78376332e-02, -4.32853997e-02,
        3.66631508e-01,  1.19901985e-01, -2.58756042e-01, -9.72194895e-02,
        1.49562687e-01, -2.21949071e-01,  7.89715792e-04,  7.87715092e-02,
       -2.27733240e-01, -2.32342914e-01,  3.50256003e-02,  2.90530622e-01,
       -1.08634487e-01,  2.14837179e-01, -2.72489041e-01, -2.91419208e-01,
       -8.56615305e-02,  6.76622838e-02,  1.54289499e-01, -3.78545016e-01,
        2.64348611e-02, -1.01684608e-01,  2.08271258e-02, -1.25528872e-01,
       -1.25393525e-01,  2.95241237e-01, -1.52785465e-01, -2.20725313e-01,
       -3.03277194e-01,  2.50127584e-01,  1.88977361e-01,  1.73773654e-02,
       -2.89415330e-01, -9.22598019e-02,  2.27829009e-01, -1.41115099e-01,
        8.36832263e-03,  4.30053473e-02,  3.15720081e-01, -1.85993716e-01,
        1.68329135e-01,  2.94776738e-01, -3.41524690e-01, -1.56824768e-01,
       -4.12352324e-01, -7.16494918e-02,  1.94337323e-01,  3.47652674e-01,
        1.49840072e-01, -1.66276619e-01,  3.14755514e-02, -4.11638200e-01,
       -3.11666340e-01, -3.67529988e-01,  2.16933399e-01,  3.16358656e-01,
       -3.06124836e-01,  1.04644328e-01,  5.21467347e-03, -1.06849037e-01,
        4.62897308e-02, -3.12879384e-01,  2.79215604e-01,  2.51917273e-01,
       -4.15663689e-01, -4.41540003e-01, -3.07785034e-01, -2.69593447e-01,
       -6.04623854e-02,  7.67807215e-02,  8.90336111e-02, -4.26429451e-01,
        2.67250299e-01,  2.16448367e-01,  1.14141032e-01, -7.49971392e-03,
        5.85585088e-02, -2.38857016e-01, -2.29622066e-01,  8.73309448e-02,
        7.39969164e-02,  1.88633889e-01,  1.55991659e-01,  8.46583620e-02,
       -1.83580130e-01,  6.51220754e-02,  6.18206412e-02, -5.10969684e-02,
        2.84666598e-01,  1.59367159e-01,  1.79950148e-01,  2.31386557e-01,
       -9.01233703e-02, -4.00950015e-01, -3.94202292e-01, -4.44189832e-02,
        1.47653431e-01, -2.60517836e-01,  3.46339494e-01, -1.01594970e-01,
        1.22878496e-02, -1.66562855e-01,  2.52548665e-01,  2.26016879e-01,
        2.68241614e-02,  2.77083479e-02, -2.79455096e-01, -1.72103047e-01,
       -3.71893406e-01,  2.55467184e-02,  3.10342968e-01,  2.76721083e-03,
       -2.26334721e-01, -1.70362696e-01, -2.09164135e-02,  1.00449905e-01,
       -1.83454186e-01, -1.43176615e-01, -3.14816609e-02, -6.20285869e-02,
        2.49104440e-01,  1.25457272e-01, -1.60606176e-01,  2.26526260e-01,
       -1.31761190e-02, -9.48698968e-02, -2.07002625e-01,  2.31467098e-01,
        1.56120956e-02, -1.48672312e-01,  1.61571369e-01, -2.25807726e-01,
        2.15036944e-01, -3.94035876e-01, -2.31065184e-01,  2.51921862e-01,
       -8.81721973e-02,  3.01465578e-02, -8.15222263e-02, -4.13714707e-01,
        1.47433326e-01, -3.35247815e-01, -3.00300777e-01,  3.61020416e-01,
        2.07550734e-01, -4.64407861e-01, -9.92599502e-02, -4.15566042e-02,
       -1.94394201e-01,  7.74748921e-02,  1.55005589e-01,  2.92294398e-02,
        3.84694964e-01, -3.51489289e-03, -1.94488075e-02, -3.55678856e-01,
       -3.72375250e-01, -1.97177544e-01,  2.24565491e-01, -6.35314453e-03,
       -1.25197679e-01, -1.50236469e-02, -2.81475574e-01, -4.53878939e-01,
       -1.96389750e-01, -4.85253721e-01,  1.87860444e-01,  2.83873856e-01,
        2.69667447e-01, -1.13219947e-01, -8.98536742e-02,  1.24728471e-01,
       -1.85768157e-01, -4.15608048e-01, -7.29202945e-03,  2.07497925e-01,
        2.85325125e-02,  3.50643620e-02, -8.23852345e-02,  3.09008449e-01,
       -4.12403762e-01, -1.14904262e-01, -3.56338471e-01, -3.95010352e-01,
        8.54885131e-02,  2.93481231e-01,  1.06273592e-01,  5.20660840e-02,
       -4.01298366e-02, -3.79028171e-02,  3.25472265e-01, -1.80324510e-01,
       -2.15656474e-01, -3.82819623e-02, -3.85451198e-01,  2.03012854e-01,
        1.92264095e-02,  1.27917286e-02,  1.36394575e-01, -2.34511346e-01,
        3.08065236e-01, -1.96583807e-01,  1.35394007e-01,  1.53945670e-01,
        3.29919875e-01, -3.83308232e-02,  2.09458917e-01, -1.54428601e-01,
       -2.13656366e-01, -7.90668130e-02,  2.89073646e-01,  2.36597687e-01,
        3.60444635e-02, -3.04726660e-01, -6.24408796e-02,  1.89419791e-01,
       -4.39583242e-01, -1.81601241e-01,  1.88006580e-01,  1.03115350e-01,
        3.43872458e-01,  1.57373860e-01, -2.65798330e-01, -2.68037796e-01,
       -3.47512029e-02,  7.45789334e-02,  2.20985770e-01, -1.18264325e-01,
       -1.23378724e-01,  4.91491891e-03, -3.98637056e-01, -6.42546713e-02,
        3.04206789e-01, -1.03236392e-01, -1.51867762e-01,  1.94914013e-01,
        3.89792949e-01, -9.19969380e-02,  2.86159575e-01, -1.46413997e-01,
        8.93920213e-02,  1.94445699e-01,  1.54770195e-01, -1.67921074e-02,
        1.80444628e-01, -2.83796012e-01, -1.20345786e-01,  2.36526988e-02,
       -7.98585862e-02,  8.08747858e-02, -6.55872896e-02, -2.26358622e-01,
       -2.05593690e-01, -4.23989892e-01,  1.91903844e-01, -3.02871019e-01,
        3.70621622e-01, -1.37797475e-01,  3.06217045e-01, -1.96551830e-01,
       -1.71743453e-01,  3.48730743e-01,  1.55595928e-01,  2.58180164e-02,
       -3.72889861e-02, -4.29968655e-01,  1.93865672e-01, -3.62342834e-01,
       -2.73133159e-01,  4.17888388e-02,  2.65880898e-02,  4.90794539e-01,
       -8.40695798e-02, -2.41472065e-01, -7.39600137e-02, -9.79010537e-02,
        3.76442045e-01, -1.45342927e-02,  3.66863348e-02,  1.18596442e-01,
        2.21272245e-01, -1.36829570e-01, -2.33069718e-01, -2.40810424e-01,
       -3.19873452e-01,  1.86605468e-01, -3.51717830e-01,  4.81366478e-02,
        2.08654076e-01, -3.63370597e-01,  7.92050660e-02, -2.61246562e-01,
        2.80445814e-01,  3.47388238e-01, -7.68710002e-02, -2.40956277e-01,
        3.99684787e-01, -4.56516743e-01, -3.28080982e-01,  1.74214423e-01,
        5.12852818e-02, -1.10251367e-01, -1.59977600e-02, -1.61100626e-01,
       -1.09483734e-01, -2.34160945e-01, -1.78695858e-01,  3.74448240e-01,
       -1.18044905e-01, -6.65463284e-02, -2.27351993e-01,  3.19555104e-01,
        1.44723073e-01, -4.18854877e-03,  3.28533471e-01, -2.09752724e-01,
       -4.06870663e-01,  3.44778419e-01,  2.90896058e-01,  2.32649371e-01,
       -3.25495005e-01, -2.18485177e-01,  3.96547437e-01,  1.30646214e-01,
        8.42281133e-02,  1.94847584e-01,  2.40596414e-01,  1.53850257e-01,
        3.40619802e-01, -2.87309170e-01,  1.22619383e-01,  2.72001415e-01,
       -8.65708143e-02,  1.97833151e-01, -2.06647798e-01, -1.24802500e-01,
       -3.11699033e-01,  2.03123271e-01,  1.24903530e-01, -5.49865738e-02,
        3.28798980e-01,  3.25868070e-01, -2.88037397e-03,  2.73289438e-02,
        2.90594220e-01, -2.95705140e-01,  2.78869301e-01, -3.32124531e-01,
       -3.73006426e-03, -4.45779026e-01,  3.23325515e-01,  2.68387973e-01,
        1.78786397e-01,  6.33315891e-02,  2.21036255e-01, -1.20871589e-01,
        3.64207104e-02, -3.18447769e-01, -1.43123031e-01, -2.35420108e-01,
       -1.13936901e-01,  1.32184491e-01,  2.64900297e-01,  3.67414840e-02,
        3.31331253e-01, -1.29068553e-01,  1.98344871e-01,  1.92421228e-01,
        3.26540411e-01,  2.05887537e-02,  3.35132003e-01,  1.19538933e-01,
       -3.21755558e-01, -3.00013185e-01, -4.37562585e-01,  2.87957281e-01,
       -1.63667038e-01, -3.92475009e-01, -3.14214379e-02,  6.47314563e-02,
       -4.24514145e-01, -1.60278916e-01, -6.31141886e-02, -4.22677904e-01,
        1.36497198e-03,  7.28813037e-02, -1.58538342e-01, -1.08845666e-01,
       -2.94619352e-01, -3.96163166e-01, -3.24092090e-01, -9.15949941e-02,
       -3.80173087e-01, -1.54932588e-01, -2.77095675e-01, -8.67747292e-02,
       -3.33466858e-01, -4.07908797e-01,  2.55012095e-01, -3.81682515e-01,
        1.04462013e-01, -1.26971275e-01,  2.85859078e-01,  1.75859943e-01,
        2.32744306e-01, -7.62269646e-02, -8.22594613e-02, -3.72973561e-01,
       -3.53589565e-01,  3.38261962e-01,  1.66811794e-01, -2.09268749e-01,
        1.90391138e-01, -3.67982350e-02,  3.05213898e-01,  1.43175777e-02,
        1.19074672e-01,  1.96950033e-01, -8.25117007e-02, -1.24993898e-01,
        1.19006209e-01, -2.35081553e-01, -2.98919082e-01,  2.96583742e-01,
       -1.78753167e-01,  2.77136713e-02, -2.71517903e-01, -3.49179626e-01,
       -1.35153845e-01,  2.35902563e-01, -3.70564282e-01,  2.49942079e-01,
        1.55569315e-01,  2.39261180e-01,  5.50547838e-02,  1.35329112e-01,
       -5.35948314e-02, -2.44443431e-01, -1.28220856e-01, -1.19166531e-01],
      dtype=float32), 'encoder.4.weight': array([[-4.4279522e-01, -3.9961123e-01, -3.1391296e-01, ...,
        -2.2273697e-01,  1.2426767e-01,  4.6112474e-02],
       [ 3.0049652e-01, -7.9015076e-02, -8.9268535e-02, ...,
         1.8780615e-02, -8.7863110e-02, -2.0672134e-01],
       [-4.2229492e-02,  1.6859454e-01,  3.2842529e-01, ...,
         1.6707970e-01, -1.9924566e-01, -2.6582018e-01],
       ...,
       [-3.3452734e-04, -7.4481264e-02,  5.3453062e-02, ...,
        -2.6479122e-01,  5.9697278e-02,  3.5113946e-01],
       [ 2.7212191e-01, -2.6323140e-01, -3.4447318e-01, ...,
         1.3505220e-01,  1.6190064e-01, -2.4307754e-02],
       [-4.3830323e-01, -2.9195893e-01, -4.7021449e-02, ...,
        -3.2645249e-01, -2.1486363e-01,  1.1888701e-01]], dtype=float32), 'encoder.4.bias': array([-0.06550013,  0.2516664 , -0.25035852, ...,  0.0590177 ,
       -0.4278377 ,  0.23397748], dtype=float32), 'encoder.6.weight': array([[-0.04881889, -0.18177842, -0.09508399, ...,  0.02942513,
        -0.14496937,  0.11488568],
       [-0.02523927, -0.14261669, -0.17895341, ..., -0.02180058,
         0.18099526, -0.1054562 ],
       [-0.06798797,  0.10130137, -0.07391213, ...,  0.04819862,
        -0.1934016 , -0.02766397],
       ...,
       [ 0.03238907,  0.24299961, -0.05339217, ..., -0.12590656,
         0.10159037,  0.06565455],
       [-0.1502632 ,  0.02766667,  0.07972209, ..., -0.08823231,
         0.13380615, -0.13970366],
       [ 0.19969316, -0.11766271, -0.11930989, ..., -0.06941234,
         0.0984427 ,  0.13236454]], dtype=float32), 'encoder.6.bias': array([ 0.04372253,  0.12989144,  0.06744128,  0.09231983, -0.01000958,
       -0.1436663 ,  0.10397226, -0.02977755,  0.03936037, -0.10831664],
      dtype=float32), 'decoder.0.weight': array([[ 2.1760607 ,  0.93463707,  1.9602094 , ...,  1.5243444 ,
        -2.592236  ,  0.6926038 ],
       [ 0.32828444,  2.7052937 ,  2.1372042 , ...,  0.10271464,
        -1.0667404 , -1.4694332 ],
       [-0.9880677 , -0.05975495,  1.6839292 , ..., -1.8337035 ,
        -0.14454949,  1.0079195 ],
       ...,
       [ 1.892266  ,  1.5860426 , -1.2074699 , ..., -0.19172817,
        -1.5902264 ,  1.2006087 ],
       [-1.6707695 , -0.91710997,  0.39608496, ...,  1.8495765 ,
         0.3734049 ,  1.477804  ],
       [-0.7261044 ,  1.6882765 , -1.049912  , ..., -0.43393126,
         0.9589357 , -1.7177074 ]], dtype=float32), 'decoder.0.bias': array([ 0.7859294,  2.1119251, -2.2936049, ..., -1.2416251,  1.1366707,
        1.1930442], dtype=float32), 'decoder.2.weight': array([[-0.19226338, -0.09268795, -0.18463753, ...,  0.1547044 ,
         0.12263218,  0.15124562],
       [-0.2363067 , -0.16347194,  0.14493114, ...,  0.14709967,
         0.01195097,  0.11361055],
       [ 0.1315452 ,  0.14680661, -0.0021461 , ..., -0.15114598,
        -0.006605  ,  0.09968418],
       ...,
       [-0.14003152,  0.14196447,  0.09110498, ..., -0.01990683,
         0.13416189, -0.12486787],
       [-0.13854322,  0.16407214,  0.00800381, ...,  0.10674031,
        -0.01618019, -0.10716134],
       [ 0.13834599, -0.13381961, -0.0260245 , ..., -0.03825253,
        -0.22038588,  0.08733279]], dtype=float32), 'decoder.2.bias': array([ 0.0870038 ,  0.01928864,  0.01730343, -0.23113225,  0.16907121,
        0.03623956, -0.01063125, -0.16018087, -0.09323163, -0.08741646,
       -0.04513212, -0.0457733 ,  0.00044923,  0.07137145,  0.0078928 ,
       -0.01881124,  0.07921036, -0.06629948, -0.09101556, -0.19570124,
       -0.18412878, -0.1344275 , -0.06579961, -0.04318153, -0.05693721,
        0.07349093,  0.16717805, -0.23202482, -0.17641547, -0.26062372,
        0.04198773, -0.19338961, -0.10065629, -0.16738063, -0.22056064,
       -0.19525814,  0.19909057, -0.23728949, -0.22560409, -0.00090189,
        0.00205928,  0.11782196,  0.05595987, -0.1583887 , -0.02419957,
       -0.212079  , -0.01408776,  0.03992996,  0.02182216, -0.01969947,
        0.08966864, -0.21062282,  0.13641056,  0.19089311,  0.02094391,
        0.07942925, -0.12326299, -0.09686316, -0.01243674, -0.07514476,
       -0.21255803,  0.06878801, -0.03456837,  0.10571158,  0.00805037,
        0.02959222, -0.19171928, -0.00823887,  0.1189937 ,  0.13011229,
       -0.20200543, -0.01745053, -0.07835574, -0.05394938,  0.06005786,
       -0.13663024,  0.06531422,  0.18957993,  0.1588862 , -0.15029491,
       -0.0390039 ,  0.10523691,  0.17251396, -0.07730183,  0.18418884,
        0.16739297, -0.09420802, -0.08536705,  0.09487694, -0.05584461,
        0.04753474, -0.16658525, -0.09903761,  0.1735776 ,  0.11846264,
        0.1274545 ,  0.12222295,  0.13267115, -0.13146326,  0.01571625,
       -0.03407509,  0.14799681,  0.07351154, -0.08402275, -0.03903079,
       -0.00172053,  0.07360104,  0.12355677,  0.15719609,  0.13306585,
        0.13847728, -0.14125803,  0.11567684,  0.04075038, -0.13944757,
       -0.03202103, -0.10174923,  0.16034572,  0.10208814, -0.13596518,
       -0.1579372 , -0.16045254, -0.15941098,  0.11393515, -0.20718831,
       -0.05694984,  0.13990015,  0.01053939, -0.06297029,  0.04908726,
       -0.04242857, -0.07347807, -0.01957863, -0.19901451,  0.08062905,
       -0.15462095, -0.00120187, -0.07897281, -0.09098718,  0.06481185,
        0.03710391, -0.15576574,  0.07089181,  0.16117378,  0.17691006,
       -0.02150344, -0.16944864, -0.16557316, -0.0523568 , -0.14283472,
       -0.00058235,  0.01086693,  0.14828005,  0.1771821 , -0.06374013,
        0.05671456,  0.03527502, -0.08126245,  0.1533587 ,  0.01673443,
       -0.13434216, -0.07008618, -0.01050809, -0.09877127,  0.12949464,
        0.05476187,  0.08437926,  0.16116612, -0.03352018, -0.15781629,
       -0.02425652, -0.01104647,  0.14092386, -0.06266819,  0.05720261,
       -0.01764027,  0.08881006, -0.0511337 ,  0.10106871,  0.07570301,
        0.12139459,  0.12781957,  0.01030983,  0.12786385, -0.09860779,
        0.05177858,  0.11700387, -0.04802777,  0.06036758,  0.12312907,
       -0.20742893, -0.05495045,  0.10616252,  0.14770477,  0.10075565,
        0.07047753,  0.11178739,  0.14467141, -0.21729428,  0.09248723,
        0.05155892, -0.16319482,  0.07181163,  0.18298271,  0.04885031,
        0.14303169,  0.08870676, -0.04738228,  0.01598356,  0.05081198,
       -0.24394764, -0.09431589, -0.1632981 , -0.18483242,  0.13112806,
        0.04259203, -0.16067238, -0.15381482, -0.1342501 ,  0.17110762,
       -0.17923617, -0.12921469,  0.10248826, -0.21880665,  0.01949644,
        0.01693593, -0.03412995, -0.04204676,  0.00599838, -0.0357733 ,
       -0.07296631,  0.12295131,  0.0236471 ,  0.01110296, -0.25436628,
       -0.21156918,  0.0684962 ,  0.00883191,  0.16872622, -0.14370795,
       -0.10511528, -0.20470387,  0.00827894, -0.17389666,  0.13786331,
       -0.12536423,  0.15592168,  0.05580415,  0.13638075, -0.07849599,
       -0.15754953,  0.02159584,  0.01891969,  0.10064195,  0.06130781,
       -0.08456811,  0.17956159,  0.10409109, -0.08930121, -0.03122275,
        0.0393642 , -0.17862067,  0.03656315,  0.06901716, -0.01700476,
       -0.10423765, -0.06994338, -0.21205065,  0.13954064,  0.0614085 ,
        0.06652282, -0.11565855,  0.19316795, -0.2331739 , -0.11026088,
       -0.07579003,  0.06854279, -0.0064327 , -0.06843035,  0.16112424,
        0.05207923, -0.21999808, -0.18765871,  0.09520797,  0.04056776,
       -0.01905044, -0.08176592, -0.18872163,  0.21684554, -0.11927925,
        0.13658148,  0.01316828, -0.0943334 ,  0.03114766,  0.01622197,
       -0.14771664, -0.02055749,  0.17184922,  0.01294419, -0.14874716,
       -0.14515266, -0.14885569, -0.24428095,  0.13965407,  0.09505038,
       -0.17926879, -0.04890121, -0.06773871, -0.20990118,  0.10830592,
       -0.00274772, -0.00303154, -0.0942167 , -0.20795186, -0.07816072,
        0.08649833,  0.13692358,  0.06411682, -0.21827146, -0.20305341,
        0.02344142, -0.20257387, -0.01000555,  0.08681536, -0.10677097,
       -0.02364337, -0.02525881, -0.08797245,  0.0836511 ,  0.07348681,
       -0.24339691, -0.0315849 ,  0.01244071,  0.06145861,  0.20788202,
        0.02002673, -0.2169081 , -0.07770289,  0.04268318, -0.04809644,
        0.18976435,  0.1476453 , -0.09188964,  0.16773401, -0.20619273,
       -0.23601858, -0.01632679, -0.00981004,  0.20773321,  0.11425157,
        0.01092463, -0.17470166, -0.07968865,  0.15245286,  0.00313678,
        0.1716812 , -0.12687252,  0.04765829,  0.05980816, -0.0873446 ,
        0.09317012,  0.11679336, -0.10797206, -0.04058176, -0.02874171,
        0.17989025,  0.03477981, -0.1481644 ,  0.1586665 , -0.18045913,
       -0.19228056,  0.08942477,  0.19199818, -0.02089978,  0.08925854,
        0.16256939,  0.05194967,  0.00566663,  0.09617742,  0.14711025,
       -0.12123159, -0.07127856,  0.14199385,  0.12064976, -0.10454582,
       -0.1849265 , -0.09176712, -0.11002928, -0.12102482,  0.09829009,
        0.1611578 , -0.08920131, -0.01731154, -0.22044107, -0.16510051,
       -0.18478678, -0.22888541, -0.17341807, -0.10838199, -0.18030083,
        0.15005855, -0.18226479,  0.16225567,  0.15752459, -0.08074814,
       -0.064161  , -0.07813019,  0.12226792, -0.03088594, -0.17891848,
        0.14405903,  0.01344661, -0.27372843, -0.00865616, -0.0370298 ,
       -0.08904722,  0.12140431,  0.18912375,  0.04376702,  0.10578649,
       -0.05014121, -0.07590627, -0.13525468,  0.0220292 ,  0.1126662 ,
        0.12202345,  0.03871108,  0.18699487,  0.10848674, -0.03591032,
       -0.01550816,  0.09421373, -0.24191633,  0.02463555,  0.04438458,
        0.08596396,  0.01692028,  0.10829569, -0.15054911, -0.01350907,
        0.04907892, -0.02067048, -0.02458596,  0.15367904,  0.04092016,
       -0.14336655,  0.12631834, -0.02506722, -0.05915583, -0.13644288,
        0.17234734,  0.16825764, -0.10830361,  0.02453482,  0.15298936,
       -0.1941446 ,  0.11573127, -0.00133347,  0.00863271,  0.1693556 ,
       -0.02426103, -0.18123719, -0.18302788,  0.00450547, -0.05216887,
       -0.16552508, -0.18590266,  0.11427514,  0.08350097,  0.02254809,
       -0.00850429,  0.10033846,  0.1239948 ,  0.11996023,  0.02788051,
       -0.22926843, -0.01526091,  0.01712491,  0.20379129, -0.05996148,
        0.0307901 , -0.14194688,  0.038637  ,  0.00979453,  0.12659171,
        0.1549616 , -0.21295281, -0.13466328, -0.04311985, -0.03031962,
       -0.21837038, -0.12880288,  0.10119694, -0.01571685, -0.06054606,
        0.14625178, -0.16625713, -0.08402354,  0.15244368, -0.05842457],
      dtype=float32), 'decoder.4.weight': array([[ 0.36052382,  0.17865264, -0.27606744, ...,  0.06178941,
         0.2350097 ,  0.2550495 ],
       [-0.10391171,  0.41678536, -0.12073803, ..., -0.09924392,
         0.286047  , -0.06717765],
       [-0.04077438, -0.3257404 ,  0.07430249, ...,  0.32680005,
        -0.20985806,  0.05264213],
       ...,
       [ 0.24757348, -0.36617184, -0.24890053, ...,  0.0548102 ,
         0.3182475 , -0.23111635],
       [ 0.24900614, -0.44267058,  0.24015594, ..., -0.25424206,
         0.0710014 ,  0.19396043],
       [-0.31914872, -0.11888032, -0.1454022 , ...,  0.01548346,
        -0.20458654,  0.14853325]], dtype=float32), 'decoder.4.bias': array([-2.31745124e-01,  2.83995777e-01,  2.08103567e-01, -3.79578441e-01,
        2.39199936e-01, -6.94095492e-02, -6.38122708e-02,  3.58292200e-02,
       -2.73147207e-02, -2.27843881e-01, -3.98697734e-01, -1.10335387e-01,
       -2.57304013e-01,  3.33117127e-01, -2.69525349e-01, -4.25506771e-01,
        7.19136968e-02, -3.86381030e-01,  1.84660792e-01, -2.91975379e-01,
        3.19411606e-01,  1.35053128e-01,  2.01086953e-01, -4.89425153e-01,
       -2.19986007e-01, -2.18740523e-01,  1.72044277e-01,  3.19423497e-01,
       -4.59109366e-01,  3.68658513e-01, -3.87112945e-01,  2.16439456e-01,
        1.04986981e-01,  2.64718771e-01,  9.50413942e-02,  5.30804172e-02,
        1.50341287e-01, -4.47193943e-02,  1.72940001e-01,  9.47938301e-03,
       -2.28375599e-01,  1.45854950e-01, -2.37039417e-01, -8.37222934e-02,
       -2.56239772e-01, -3.23003918e-01,  1.33435920e-01, -4.97523770e-02,
        1.27480671e-01, -1.24586662e-02, -1.81619301e-01, -1.47540972e-01,
        1.18162289e-01,  4.21889484e-01, -4.65569317e-01,  7.66888112e-02,
       -2.47343928e-01, -1.57168567e-01, -4.22177434e-01, -2.55635887e-01,
       -2.52572536e-01,  2.06027582e-01, -4.99398075e-03,  7.94037804e-02,
       -2.57377237e-01, -2.36863613e-01, -1.66282222e-01,  6.78261593e-02,
        3.00595343e-01,  1.50551111e-01, -1.69429392e-01,  3.76612723e-01,
       -2.78984934e-01, -3.26180048e-02, -4.73030448e-01,  1.80245459e-01,
       -3.69837508e-02, -9.84370634e-02, -2.64708161e-01, -1.63312197e-01,
        1.15495026e-01,  2.64410526e-01, -2.87411243e-01, -5.97491786e-02,
        5.76646999e-02, -3.66194308e-01, -3.84740606e-02,  2.69445240e-01,
        3.94425094e-01, -3.46646965e-01,  1.68347836e-01,  1.56887367e-01,
        1.59313589e-01, -9.96272266e-02, -2.68650949e-01,  2.19635010e-01,
        2.19818279e-01, -1.73498675e-01, -2.99446821e-01,  1.68120861e-01,
       -2.55636364e-01,  2.69889891e-01, -1.51890546e-01, -3.84963810e-01,
       -3.56837660e-01,  8.81436989e-02, -4.15473897e-03, -2.96182722e-01,
       -1.45839602e-01, -3.77186000e-01, -2.50386328e-01, -2.85203695e-01,
       -1.63765460e-01,  1.29641861e-01, -2.65785009e-01,  4.33360338e-01,
        2.62752771e-01,  1.90489516e-01,  2.98748076e-01, -2.94825017e-01,
        1.74074173e-01, -3.54150403e-03, -4.50489581e-01,  4.64087665e-01,
        1.87563524e-02, -3.00789416e-01, -2.83956021e-01,  2.32583314e-01,
       -3.57447803e-01,  4.22719687e-01, -7.69832358e-03, -6.75822273e-02,
       -2.75909901e-01,  3.90758738e-02, -4.26653326e-01,  1.26326859e-01,
        3.42472792e-01, -3.63949567e-01,  3.10899347e-01, -3.41427624e-01,
        1.02099791e-01, -4.25837636e-01, -2.72086151e-02, -2.42341042e-01,
        1.80869639e-01,  1.32234067e-01, -1.43021002e-01, -3.12450379e-02,
        2.41741195e-01,  1.17255989e-02,  2.16965124e-01,  3.94855700e-02,
       -3.55719030e-01, -3.61550860e-02, -3.42387497e-01,  3.90320987e-01,
       -1.36412969e-02,  3.21314394e-01,  2.93032289e-01, -2.27434874e-01,
       -1.86609671e-01, -2.49969158e-02,  2.13502347e-02, -3.57939035e-01,
       -4.06988680e-01, -3.19000244e-01, -1.85702667e-01, -2.84915537e-01,
        1.22955956e-01,  2.40852877e-01,  2.58124530e-01, -1.82799965e-01,
        3.81048054e-01,  2.23428831e-01,  1.49043217e-01,  1.20665498e-01,
       -3.95354807e-01,  1.23104572e-01, -5.35045657e-03, -1.37208672e-02,
       -3.67845148e-01, -3.94592345e-01, -3.04577410e-01, -1.69275180e-01,
        2.42123783e-01,  3.53939319e-03,  1.72509253e-01, -7.75301680e-02,
       -5.42079508e-02, -3.52639377e-01,  2.58507103e-01, -2.66303793e-02,
       -4.48446572e-01,  1.79816172e-01,  3.31274629e-01,  2.20227376e-01,
        2.09093932e-02, -4.19129431e-01, -2.52251565e-01,  1.50850609e-01,
        2.33547255e-01, -1.61165416e-01, -1.24992803e-01,  2.21316218e-01,
        4.08340424e-01,  3.38664830e-01,  7.65708089e-02,  1.73117906e-01,
       -1.45007730e-01,  1.04808800e-01,  1.41041830e-01,  1.85320973e-02,
        3.25268269e-01,  4.52962890e-02, -2.53539950e-01,  8.39478821e-02,
        4.41510797e-01,  1.91046372e-01, -4.06379163e-01,  3.31349641e-01,
        3.15282881e-01,  2.27426812e-01, -2.32000463e-02,  2.05464274e-01,
       -1.31634235e-01,  7.83382952e-02, -3.41169924e-01,  2.34776273e-01,
       -2.13033319e-01, -9.04677138e-02, -4.77623791e-02,  2.47432560e-01,
       -2.14194760e-01,  2.13156760e-01, -4.35191929e-01, -1.97531015e-01,
       -8.14687163e-02,  2.07455367e-01,  1.26808971e-01, -2.06117809e-01,
       -1.86363757e-01,  3.95612866e-02,  2.00816877e-02,  3.39447968e-02,
        3.06921095e-01, -3.21716636e-01,  1.79290205e-01,  2.44887739e-01,
       -4.64327037e-01, -1.11619920e-01,  4.90687564e-02,  2.33765513e-01,
       -2.95579612e-01, -3.51495624e-01,  2.98992604e-01, -1.61027580e-01,
        1.53619960e-01, -1.08915277e-01,  2.14665979e-01, -2.32681334e-01,
       -3.63748491e-01, -3.55548382e-01, -1.35437310e-01,  2.24542513e-01,
       -4.50423449e-01, -1.09260894e-01, -1.64131880e-01, -3.02058756e-01,
       -1.57775015e-01, -8.55691731e-02, -1.48063481e-01, -1.37484938e-01,
       -4.63791370e-01,  2.06992552e-01,  2.48830467e-01, -1.52759880e-01,
       -1.74036354e-01, -1.78551450e-01,  4.02086616e-01,  3.62212062e-02,
       -2.08463311e-01, -7.76114315e-02,  3.94898504e-01, -1.70960292e-01,
        2.69601583e-01, -3.78042996e-01,  1.04165703e-01,  2.61538029e-01,
        3.09484620e-02,  2.76869535e-01, -7.30430484e-02,  1.42255351e-01,
       -1.61412165e-01,  2.56226122e-01, -3.63676786e-01,  4.14730072e-01,
        1.11924954e-01, -3.98798615e-01,  1.13533556e-01, -1.08976126e-01,
       -2.18743563e-01, -3.44146639e-01,  1.86122000e-01, -1.21170834e-01,
        5.44086564e-03, -4.21615392e-01, -3.97332907e-01, -1.73801616e-01,
        5.68411574e-02,  1.69876724e-01, -7.50174522e-02,  4.23873007e-01,
        2.06841052e-01, -1.06142476e-01,  2.75948435e-01,  3.20913196e-02,
        3.45629394e-01, -2.53517240e-01, -4.83744502e-01,  1.03688896e-01,
        1.86708316e-01, -3.17249298e-01, -1.34695340e-02, -3.44295830e-01,
       -1.82591882e-02, -4.67538834e-01, -1.51077062e-01,  5.71519583e-02,
       -2.60002464e-01, -5.58711030e-02,  3.88517999e-03,  1.01749368e-01,
        1.62366062e-01, -5.09737642e-04,  2.65244931e-01, -2.19787583e-01,
       -2.65617758e-01, -3.23173702e-01, -3.19395632e-01, -2.94666946e-01,
       -2.11268127e-01, -4.95656952e-02,  4.60011452e-01,  1.51492059e-01,
        1.73852295e-01,  3.30054089e-02,  9.21795592e-02, -3.01064223e-01,
        1.56813517e-01, -6.62084967e-02, -3.11596513e-01, -5.82536869e-02,
       -1.83176652e-01,  2.27656543e-01, -2.15046212e-01, -3.70191753e-01,
       -2.82091856e-01,  1.01395756e-01,  1.32292554e-01, -3.55570227e-01,
       -6.92407712e-02, -2.31850948e-02, -3.06968093e-01, -4.65754032e-01,
        1.34389058e-01,  4.12943542e-01,  3.19008678e-01,  9.67518538e-02,
       -3.34606916e-01,  2.20896497e-01, -9.56236720e-02,  4.88730893e-03,
        2.71743804e-01,  2.91771293e-02, -1.31008118e-01, -7.45357424e-02,
        3.35453779e-01,  1.27263963e-01, -2.08512265e-02,  3.86797726e-01,
       -5.60963690e-01,  1.44243553e-01, -2.30437413e-01, -1.98296476e-02,
        9.62869823e-02,  4.01986361e-01, -1.19365543e-01, -8.85450989e-02,
       -1.64983153e-01,  3.83419216e-01, -2.94369727e-01,  2.92205632e-01,
        2.03906447e-01, -2.61434138e-01, -1.31462678e-01, -3.90580706e-02,
        3.71081769e-01, -3.35215688e-01, -5.32466695e-02, -1.29544884e-01,
        2.78270721e-01,  3.07774507e-02, -3.25966418e-01, -3.96208823e-01,
        2.31155187e-01,  1.01021945e-01, -2.85210341e-01, -2.74542212e-01,
        9.16858437e-04,  3.09666187e-01,  1.30701154e-01, -3.94464552e-01,
        1.03132784e-01, -4.71705467e-01,  9.87525955e-02,  1.96610019e-01,
       -4.59511876e-02, -3.09316158e-01,  3.14128131e-01, -3.98601770e-01,
       -1.15282431e-01,  9.24355313e-02,  2.44012386e-01, -2.40225300e-01,
       -1.73474520e-01,  1.02114931e-01, -1.31217092e-01, -4.79300529e-01,
       -4.68033433e-01, -5.84089430e-03,  3.42553496e-01,  1.48250818e-01,
       -2.16141626e-01, -3.96048188e-01, -2.04367891e-01,  3.16484839e-01,
       -3.81627269e-02, -4.44208741e-01,  3.57247554e-02, -3.52755278e-01,
       -1.11232996e-01,  1.84435934e-01,  2.45352566e-01,  1.04955502e-01,
        2.95726866e-01,  2.95606434e-01,  2.25063607e-01, -4.11668241e-01,
        8.90573934e-02, -3.01432550e-01,  9.60247070e-02, -3.86096507e-01,
       -1.27638847e-01, -7.49158934e-02,  1.28662527e-01,  6.19326904e-02,
        3.35628539e-01, -2.17649519e-01,  2.50033736e-01,  3.22749704e-01,
       -2.17324942e-01, -2.18085960e-01, -3.52409482e-01,  2.13415712e-01,
        6.84667826e-02,  2.32420638e-01,  4.15870011e-01, -2.92404741e-01,
        2.74746478e-01, -4.32064354e-01,  2.86153972e-01, -9.30969864e-02,
       -3.67246121e-02,  2.26631418e-01, -2.67025679e-01,  4.94955406e-02,
       -2.60443985e-01,  1.82721585e-01, -1.41104341e-01,  1.00601137e-01,
       -3.77126157e-01,  1.59120802e-02,  6.66095167e-02, -3.49947810e-01,
       -3.28590810e-01, -1.70922399e-01, -2.79407382e-01,  3.98198247e-01,
       -5.10981679e-02, -3.51557136e-01, -4.39740241e-01, -3.90990376e-01,
       -2.78881371e-01, -1.64490238e-01, -4.15731013e-01, -2.47299343e-01,
        1.10142574e-01, -4.31823581e-01,  3.43887687e-01,  6.08265027e-02],
      dtype=float32), 'decoder.6.weight': array([[-0.17300074,  0.6641177 ,  0.01205863, ...,  0.5285135 ,
        -0.3792342 ,  0.5737085 ],
       [-0.09169827, -0.13752091,  0.13798313, ..., -0.30870038,
         0.07934087,  0.16421844],
       [-0.27264422,  0.2494829 , -0.38935566, ...,  0.3485025 ,
        -0.02266987, -0.0286703 ],
       ...,
       [-0.18976821,  0.14936572,  0.29529747, ..., -0.43225622,
        -0.01626731, -0.291177  ],
       [-0.36478683, -0.07486772, -0.3190092 , ..., -0.02009282,
         0.25688043, -0.07532787],
       [ 0.31213877,  0.31460103, -0.01577878, ..., -0.18701485,
         0.09570172, -0.19198236]], dtype=float32), 'decoder.6.bias': array([ 0.11357558, -0.02133248, -0.45936927, ..., -0.37160754,
        0.02534363, -0.11001606], dtype=float32)}
[Time: 12.01.25 12:11:32] [Level: info] [State: aggregate] Updating global model...
[Time: 12.01.25 12:11:32] [Level: info] [State: aggregate] Autoencoder(
  (encoder): Sequential(
    (0): Linear(in_features=6001, out_features=500, bias=True)
    (1): ReLU()
    (2): Linear(in_features=500, out_features=500, bias=True)
    (3): ReLU()
    (4): Linear(in_features=500, out_features=2000, bias=True)
    (5): ReLU()
    (6): Linear(in_features=2000, out_features=10, bias=True)
  )
  (decoder): Sequential(
    (0): Linear(in_features=10, out_features=2000, bias=True)
    (1): ReLU()
    (2): Linear(in_features=2000, out_features=500, bias=True)
    (3): ReLU()
    (4): Linear(in_features=500, out_features=500, bias=True)
    (5): ReLU()
    (6): Linear(in_features=500, out_features=6001, bias=True)
  )
)
[Time: 12.01.25 12:11:32] [Level: info] [State: aggregate] Broadcasting model...
[Time: 12.01.25 12:11:32] [Level: info] transition: compute
[Time: 12.01.25 12:11:33] [Level: info] state: compute
[Time: 12.01.25 12:11:33] [Level: info] [State: compute] ITERATION 3
[Time: 12.01.25 12:11:33] [Level: info] [State: compute] receiving weights...
[Time: 12.01.25 12:11:33] [Level: info] [State: compute] Loading global weights for model...
[Time: 12.01.25 12:11:33] [Level: info] [State: compute] Updated model with received weights.
[Time: 12.01.25 12:11:33] [Level: info] [State: compute] Loading data...
[Time: 12.01.25 12:11:33] [Level: info] [State: compute] Preparing model training...
[Time: 12.01.25 12:11:33] [Level: info] [State: compute] Training model for one epoch...
[Time: 12.01.25 12:11:33] [Level: info] [State: compute] Local training loss: 1282144512.0
[Time: 12.01.25 12:11:33] [Level: info] [State: compute] Training the decoder...
127.0.0.1 - - [12/Jan/2025 12:11:34] "GET /api/status HTTP/1.0" 200 158
[CTRL] GET /data
[Time: 12.01.25 12:11:35] [Level: info] [State: compute] Epoch 10, Total Loss: 106349.6015625, KL Loss: -8.791684713571613e-09, Recon Loss: 1063496.0
127.0.0.1 - - [12/Jan/2025 12:11:36] "GET /api/data HTTP/1.0" 200 34213092
[Time: 12.01.25 12:11:37] [Level: info] [State: compute] Epoch 20, Total Loss: 0.6208286881446838, KL Loss: -4.023313682210983e-09, Recon Loss: 6.208286762237549
[Time: 12.01.25 12:11:38] [Level: info] [State: compute] Epoch 30, Total Loss: 0.6257524490356445, KL Loss: 6.556510889765832e-09, Recon Loss: 6.257524490356445
127.0.0.1 - - [12/Jan/2025 12:11:40] "GET /api/status HTTP/1.0" 200 155
127.0.0.1 - - [12/Jan/2025 12:11:42] "GET /api/status HTTP/1.0" 200 155
[Time: 12.01.25 12:11:43] [Level: info] [State: compute] Epoch 40, Total Loss: 0.6275686025619507, KL Loss: 4.61936000561991e-09, Recon Loss: 6.275685787200928
127.0.0.1 - - [12/Jan/2025 12:11:44] "GET /api/status HTTP/1.0" 200 155
127.0.0.1 - - [12/Jan/2025 12:11:46] "GET /api/status HTTP/1.0" 200 155
127.0.0.1 - - [12/Jan/2025 12:11:48] "GET /api/status HTTP/1.0" 200 155
[Time: 12.01.25 12:11:49] [Level: info] [State: compute] Epoch 50, Total Loss: 0.628205418586731, KL Loss: -1.043081288010228e-09, Recon Loss: 6.2820539474487305
127.0.0.1 - - [12/Jan/2025 12:11:50] "GET /api/status HTTP/1.0" 200 155
127.0.0.1 - - [12/Jan/2025 12:11:52] "GET /api/status HTTP/1.0" 200 155
127.0.0.1 - - [12/Jan/2025 12:11:54] "GET /api/status HTTP/1.0" 200 155
127.0.0.1 - - [12/Jan/2025 12:11:56] "GET /api/status HTTP/1.0" 200 155
127.0.0.1 - - [12/Jan/2025 12:11:58] "GET /api/status HTTP/1.0" 200 155
[Time: 12.01.25 12:11:59] [Level: info] [State: compute] Epoch 60, Total Loss: 0.6284124851226807, KL Loss: -2.533197429599454e-09, Recon Loss: 6.284124851226807
127.0.0.1 - - [12/Jan/2025 12:12:00] "GET /api/status HTTP/1.0" 200 155
127.0.0.1 - - [12/Jan/2025 12:12:02] "GET /api/status HTTP/1.0" 200 155
127.0.0.1 - - [12/Jan/2025 12:12:04] "GET /api/status HTTP/1.0" 200 155
127.0.0.1 - - [12/Jan/2025 12:12:06] "GET /api/status HTTP/1.0" 200 155
[Time: 12.01.25 12:12:07] [Level: info] [State: compute] Epoch 70, Total Loss: 0.6284647583961487, KL Loss: 5.066394859198908e-09, Recon Loss: 6.284647464752197
127.0.0.1 - - [12/Jan/2025 12:12:08] "GET /api/status HTTP/1.0" 200 155
127.0.0.1 - - [12/Jan/2025 12:12:10] "GET /api/status HTTP/1.0" 200 155
127.0.0.1 - - [12/Jan/2025 12:12:12] "GET /api/status HTTP/1.0" 200 155
127.0.0.1 - - [12/Jan/2025 12:12:14] "GET /api/status HTTP/1.0" 200 155
[Time: 12.01.25 12:12:16] [Level: info] [State: compute] Epoch 80, Total Loss: 0.6284612417221069, KL Loss: 4.61936000561991e-09, Recon Loss: 6.28461217880249
127.0.0.1 - - [12/Jan/2025 12:12:16] "GET /api/status HTTP/1.0" 200 155
127.0.0.1 - - [12/Jan/2025 12:12:18] "GET /api/status HTTP/1.0" 200 155
127.0.0.1 - - [12/Jan/2025 12:12:20] "GET /api/status HTTP/1.0" 200 155
127.0.0.1 - - [12/Jan/2025 12:12:22] "GET /api/status HTTP/1.0" 200 155
127.0.0.1 - - [12/Jan/2025 12:12:24] "GET /api/status HTTP/1.0" 200 155
[Time: 12.01.25 12:12:25] [Level: info] [State: compute] Epoch 90, Total Loss: 0.6284375190734863, KL Loss: 4.3213366218708416e-09, Recon Loss: 6.284375190734863
127.0.0.1 - - [12/Jan/2025 12:12:26] "GET /api/status HTTP/1.0" 200 155
127.0.0.1 - - [12/Jan/2025 12:12:28] "GET /api/status HTTP/1.0" 200 155
127.0.0.1 - - [12/Jan/2025 12:12:30] "GET /api/status HTTP/1.0" 200 155
127.0.0.1 - - [12/Jan/2025 12:12:32] "GET /api/status HTTP/1.0" 200 155
[Time: 12.01.25 12:12:34] [Level: info] [State: compute] Epoch 100, Total Loss: 0.6284061074256897, KL Loss: 2.98023217215615e-10, Recon Loss: 6.284060955047607
[Time: 12.01.25 12:12:34] [Level: info] [State: compute] Saving model and decoder...
[Time: 12.01.25 12:12:34] [Level: info] [State: compute] Scoring model...
[Time: 12.01.25 12:12:34] [Level: info] [State: compute] Adjusted Rand Index (ARI): 0.0
[Time: 12.01.25 12:12:34] [Level: info] [State: compute] Sent updated weights to coordinator.
[Time: 12.01.25 12:12:34] [Level: info] transition: aggregate
127.0.0.1 - - [12/Jan/2025 12:12:34] "GET /api/status HTTP/1.0" 200 155
[Time: 12.01.25 12:12:35] [Level: info] state: aggregate
[Time: 12.01.25 12:12:35] [Level: info] [State: aggregate] Waitig for local models...
127.0.0.1 - - [12/Jan/2025 12:12:36] "GET /api/status HTTP/1.0" 200 157
127.0.0.1 - - [12/Jan/2025 12:12:38] "GET /api/status HTTP/1.0" 200 157
127.0.0.1 - - [12/Jan/2025 12:12:40] "GET /api/status HTTP/1.0" 200 157
127.0.0.1 - - [12/Jan/2025 12:12:42] "GET /api/status HTTP/1.0" 200 157
127.0.0.1 - - [12/Jan/2025 12:12:44] "GET /api/status HTTP/1.0" 200 157
127.0.0.1 - - [12/Jan/2025 12:12:46] "GET /api/status HTTP/1.0" 200 157
[CTRL] POST /data
127.0.0.1 - - [12/Jan/2025 12:12:47] "POST /api/data?client=1245e957de2b3c68&memo=GATHERROUND3 HTTP/1.0" 200 0
[CTRL] POST /data
127.0.0.1 - - [12/Jan/2025 12:12:48] "POST /api/data?client=6a4ef86890e1e584&memo=GATHERROUND3 HTTP/1.0" 200 0
[Time: 12.01.25 12:12:48] [Level: info] [State: aggregate] {'encoder.0.weight': array([[-0.09574105,  0.08630476,  0.05033111, ..., -0.04956473,
         0.04675823, -0.0705649 ],
       [-0.01548718, -0.0995468 , -0.05998193, ...,  0.02078993,
        -0.12153576, -0.02586792],
       [ 0.15916252, -0.10048543,  0.03153846, ..., -0.08211266,
        -0.04579657, -0.03983562],
       ...,
       [-0.04010554,  0.04199753,  0.12583117, ...,  0.10760989,
        -0.05772946, -0.01394622],
       [ 0.03401314,  0.02268165,  0.02007767, ...,  0.02561131,
        -0.11658172,  0.00466491],
       [-0.11311379, -0.0619522 , -0.07364937, ..., -0.03521902,
         0.02971538,  0.01280417]], dtype=float32), 'encoder.0.bias': array([-3.58835720e-02, -3.43359038e-02,  2.96881031e-02, -4.87053357e-02,
       -1.33798122e-01,  5.75979576e-02, -2.14955527e-02, -8.55426863e-02,
       -8.95529166e-02,  5.36007546e-02, -1.39674367e-02, -1.13474317e-01,
        2.44244970e-02, -8.37343633e-02, -3.14226188e-02,  6.42524101e-03,
       -6.79509342e-02, -2.15940531e-02, -1.07440345e-01, -1.08863585e-01,
       -1.39647186e-01,  4.77168225e-02, -8.09268728e-02,  3.42685841e-02,
        1.74301341e-02,  7.06549287e-02,  5.56691252e-02,  9.64689553e-02,
        3.44946645e-02, -6.76571354e-02, -8.36157277e-02,  5.55326827e-02,
       -3.64534967e-02, -9.90958884e-02, -8.37839034e-05,  9.81801003e-02,
       -1.12363379e-02, -1.74019951e-03, -7.74000445e-03, -1.00473491e-02,
        5.86749502e-02, -6.69964552e-02, -1.11711416e-02,  9.00204554e-02,
       -5.21827526e-02, -1.33459076e-01, -3.87064852e-02, -6.35624379e-02,
        8.14540759e-02, -8.65601674e-02, -7.55536631e-02, -2.62156129e-02,
        7.10477028e-03, -9.30525959e-02,  1.90775972e-02, -1.25475237e-02,
       -2.50347960e-03, -4.31562737e-02, -8.87142047e-02, -1.19979449e-01,
        1.41883669e-02,  3.74324247e-02, -1.07616507e-01,  6.77780434e-02,
       -1.11846766e-02,  9.39758196e-02, -8.90548825e-02, -1.29599467e-01,
       -1.48564965e-01,  2.83125080e-02,  9.62868333e-02, -9.12778974e-02,
       -4.10195440e-02, -9.87332612e-02, -8.62893388e-02, -4.51651588e-03,
       -1.05590336e-01,  7.16782436e-02, -1.23148941e-01,  1.66417938e-02,
        9.36939940e-02,  7.84996077e-02, -8.72810557e-02,  6.77079484e-02,
       -7.70871118e-02, -2.47074030e-02, -5.74961007e-02,  3.51789109e-02,
        2.74156462e-02, -7.62997419e-02, -5.71879745e-02,  3.40153091e-02,
        7.77416676e-02, -9.35938209e-02, -6.94360286e-02,  1.48709733e-02,
       -4.93111201e-02, -1.02810070e-01,  3.06829885e-02, -8.50714073e-02,
        5.55787422e-02, -1.13034539e-01, -9.37995017e-02, -4.57558595e-03,
       -7.30218440e-02, -8.87651742e-03,  1.55813685e-02,  6.09021783e-02,
        4.10663709e-02,  9.41018686e-02, -5.84614091e-02, -1.68119054e-02,
       -3.20634693e-02,  4.43208293e-04, -5.26806600e-02,  8.28895345e-02,
       -5.47102392e-02, -3.83987278e-02, -6.78774342e-02,  8.05170983e-02,
        1.86306089e-02, -1.19364560e-01, -9.96115953e-02, -5.02697984e-03,
       -1.75272673e-02, -5.43687567e-02, -4.91434857e-02, -2.25843024e-02,
       -7.46294335e-02,  7.83972964e-02,  8.77241567e-02, -1.11056082e-01,
        1.05878885e-03,  9.11687165e-02,  6.75661862e-02,  2.34149396e-03,
       -2.36846581e-02, -1.33342650e-02, -2.72323005e-03, -6.01509847e-02,
        7.53875896e-02, -1.27062246e-01, -3.57211009e-02, -5.24406843e-02,
       -4.18035919e-03,  8.65933970e-02, -7.71582685e-03, -4.57443558e-02,
       -2.25860514e-02, -7.51252845e-02, -4.75306436e-02,  7.43798316e-02,
       -5.71844541e-02, -3.45885660e-03, -5.18161878e-02, -4.03217301e-02,
        8.56269524e-02,  6.38155714e-02, -5.18439785e-02, -1.37530744e-01,
       -5.30536361e-02, -1.55398180e-03, -8.37896243e-02,  6.92394748e-02,
       -8.41724798e-02, -1.25775427e-01,  7.92809948e-02,  7.12892041e-02,
        7.78462365e-02, -4.52939272e-02, -1.29505858e-01, -8.13343599e-02,
        2.85203173e-03, -7.78294429e-02,  8.33596215e-02,  5.47216348e-02,
        5.92602529e-02, -1.13795601e-01, -1.28104091e-01,  1.03657387e-01,
       -8.19584504e-02, -6.27289191e-02, -1.08383544e-01,  4.27747741e-02,
        5.33021092e-02, -1.11722723e-01,  6.43258095e-02, -7.85536468e-02,
       -1.06666282e-01,  6.81926459e-02, -9.36831385e-02, -3.97624075e-02,
       -8.39284360e-02, -1.27963111e-01,  1.00187324e-01,  9.04187858e-02,
       -1.96552165e-02, -1.05060618e-02, -3.48300003e-02, -6.28527403e-02,
       -1.17290959e-01,  1.54762743e-02, -9.36257914e-02,  6.61565363e-02,
        6.90573035e-03,  7.31813684e-02, -1.05731919e-01,  8.66921172e-02,
       -1.79705769e-02,  1.97364260e-02, -5.79563826e-02, -9.85581726e-02,
       -1.05521880e-01,  4.69800122e-02, -7.85182416e-02,  1.99847948e-02,
        4.81888503e-02, -1.90812093e-03, -8.50274563e-02,  1.83960870e-02,
       -7.86679462e-02, -1.45156067e-02,  7.11285174e-02,  8.16796254e-03,
       -8.44636708e-02, -1.64976448e-01, -1.38788328e-01,  8.47137198e-02,
        1.21635804e-03, -1.01201221e-01, -2.30558645e-02,  5.24320155e-02,
       -5.25992438e-02,  1.12688430e-02,  1.95307210e-02, -1.65035785e-03,
       -1.30476147e-01, -4.50858176e-02,  4.20893310e-03, -2.48385733e-03,
        1.28314808e-01,  6.11983836e-02, -6.03707023e-02, -1.41979074e-02,
       -8.24608654e-03, -7.19619496e-03,  2.55973712e-02, -5.29141799e-02,
       -8.10273364e-02, -1.13129176e-01,  5.00374287e-02, -1.22065410e-01,
       -6.30421191e-02, -2.76155900e-02, -8.02680291e-03,  3.69429290e-02,
       -4.96314205e-02,  7.32748285e-02, -9.43691581e-02,  4.90581766e-02,
        8.38877633e-02, -6.12609424e-02,  2.25804374e-02, -1.03558414e-01,
       -1.13534145e-01,  6.48223832e-02,  5.64140547e-03, -8.19083899e-02,
        3.53903994e-02, -2.14203559e-02,  6.85532019e-02, -8.29510093e-02,
        3.43662277e-02, -1.32332608e-01, -1.03995487e-01,  2.00828966e-02,
        1.58273662e-03,  7.59303011e-03, -7.25746378e-02,  3.52163240e-02,
       -1.24301784e-01,  2.73463633e-02, -8.99144784e-02, -9.66212749e-02,
        3.98635007e-02, -5.30679300e-02,  1.89288948e-02, -8.46949592e-02,
       -4.10666317e-02, -8.71258825e-02, -7.81458151e-03,  4.57395576e-02,
       -1.00353867e-01, -4.52325232e-02,  7.58943632e-02, -1.32326663e-01,
       -1.39173448e-01, -7.47451857e-02, -1.22305520e-01,  8.93146992e-02,
       -6.60525113e-02,  5.86558320e-02, -3.49515118e-03, -5.21250293e-02,
       -1.17405862e-01,  3.00350529e-03, -1.34474039e-01, -6.93346038e-02,
       -9.74995270e-02,  1.97199732e-02,  8.41271430e-02,  3.70354168e-02,
       -1.95736904e-03, -1.07742041e-01,  7.70173967e-02,  4.90704216e-02,
        2.01701093e-02, -7.26650208e-02, -1.14050485e-01, -1.00274406e-01,
       -9.65052918e-02,  1.44478492e-03, -7.80047104e-02, -1.18445218e-01,
       -1.33168474e-02, -1.32615894e-01, -6.55631647e-02, -1.53798074e-01,
        2.99106240e-02, -1.02367783e-02, -9.97732356e-02, -1.35033384e-01,
       -1.17475122e-01, -1.18924655e-01, -2.06935834e-02, -7.47804269e-02,
       -4.17811535e-02, -7.22046718e-02,  5.37958480e-02,  4.58690450e-02,
       -1.33584023e-01, -1.38304636e-01, -7.86637515e-02, -7.28280544e-02,
       -2.61252616e-02,  4.13817242e-02, -4.32098694e-02, -6.08080849e-02,
        7.65822083e-02, -7.88294449e-02, -1.19286284e-01, -1.00298207e-02,
       -1.03422739e-01,  8.16004798e-02,  6.01471290e-02, -9.21515077e-02,
       -1.70604941e-02,  4.71739136e-02, -7.96891451e-02,  4.30396087e-02,
        4.19707745e-02, -9.09103453e-02, -4.25808430e-02,  4.35666135e-03,
       -9.59390178e-02,  4.40677926e-02, -8.25289339e-02, -3.83318923e-02,
       -8.20315331e-02, -1.28548983e-02, -5.93707860e-02, -6.60292730e-02,
       -5.08372001e-02,  6.58932775e-02, -6.28747270e-02,  6.48593828e-02,
       -7.29520395e-02,  3.39062437e-02, -1.24501042e-01,  1.23357102e-02,
       -1.92422587e-02,  5.00968099e-02, -1.10489614e-02,  6.78392127e-02,
       -2.49102022e-02,  5.73312715e-02, -9.93563682e-02,  5.74719682e-02,
        1.73306223e-02, -1.26587614e-01, -9.91884246e-02, -9.65638384e-02,
        3.88257429e-02, -1.13794290e-01, -1.23608820e-01, -3.62460539e-02,
        7.76563659e-02, -3.41489445e-04,  1.42555609e-02, -1.24731995e-01,
       -1.01479087e-02,  2.26808656e-02,  1.34309605e-02,  2.99631692e-02,
       -6.17602952e-02, -1.30879775e-01, -7.32184201e-02,  4.06876989e-02,
        2.41671987e-02,  1.27566420e-02,  8.03651735e-02, -8.26022550e-02,
       -1.10510156e-01, -1.24060862e-01, -7.21615856e-04, -1.79647617e-02,
       -1.30007803e-01, -1.86182279e-02, -6.62385523e-02, -7.64608830e-02,
        3.25082056e-02, -3.81495096e-02,  8.32892060e-02, -5.50317876e-02,
       -1.13433607e-01, -1.21864013e-01, -7.85824805e-02, -7.65143111e-02,
       -1.12960361e-01,  5.38276434e-02, -1.37986436e-01, -3.90894413e-02,
       -1.33461609e-01, -1.01110265e-01, -1.01492934e-01, -1.16240971e-01,
       -5.89097477e-02, -1.15042903e-01, -1.17628472e-02, -4.33997484e-04,
        6.02998510e-02, -1.55961243e-02,  3.05616134e-03, -8.18861499e-02,
        2.83628274e-02, -1.07934691e-01,  6.42826185e-02, -3.64707857e-02,
       -1.29318520e-01, -1.24675386e-01,  5.68448082e-02, -1.22169927e-01,
        4.88778157e-03, -1.20795984e-02, -2.14330237e-02,  2.60159466e-03,
       -2.91933678e-02, -9.27835405e-02, -2.30078120e-03,  5.57066537e-02,
        1.16474284e-02,  7.77656585e-02,  5.82967959e-02, -1.04508519e-01,
       -1.00934379e-01, -1.31986335e-01,  5.46312034e-02, -4.58563082e-02,
        9.78863519e-03, -9.74689350e-02, -1.24485552e-01,  3.83526720e-02,
        6.85173199e-02,  5.66347763e-02,  8.33416209e-02,  1.01116560e-01,
        4.49167797e-03, -1.24711506e-01, -6.55436069e-02, -1.14605250e-03,
        4.12362106e-02, -7.33710974e-02,  1.02777340e-01, -9.64536052e-03,
        4.35881205e-02,  2.38726437e-02, -8.11799318e-02,  6.20543957e-02,
        7.41080418e-02, -1.19153522e-01, -1.03363678e-01,  5.71620613e-02,
        6.76697716e-02, -2.25572884e-02, -1.23225503e-01,  3.10007930e-02,
       -1.36824742e-01, -6.32921681e-02, -1.02949597e-01, -6.54109195e-02],
      dtype=float32), 'encoder.2.weight': array([[ 0.24415891,  0.11300289, -0.42994165, ...,  0.34856075,
        -0.02471321, -0.00834286],
       [ 0.2906616 ,  0.22189564, -0.33161736, ..., -0.42180055,
        -0.278053  , -0.12170512],
       [-0.38428494, -0.0423243 , -0.09107136, ...,  0.04558251,
         0.32651034,  0.36315924],
       ...,
       [-0.35483897, -0.0606823 , -0.30741087, ...,  0.26801   ,
         0.01832784,  0.22549054],
       [-0.16214687,  0.0432248 ,  0.22973257, ..., -0.22281553,
         0.1043881 , -0.15586102],
       [ 0.15675783, -0.40069616, -0.02118574, ..., -0.3202081 ,
         0.16331972,  0.13651857]], dtype=float32), 'encoder.2.bias': array([-1.36947766e-01, -1.30091861e-01,  1.09519232e-02, -2.47076035e-01,
       -2.34505251e-01, -2.84071386e-01, -6.92743808e-04, -3.22453737e-01,
       -3.11348706e-01,  4.09008443e-01, -2.05576286e-01, -2.26889923e-01,
        7.41138756e-02,  2.32573658e-01, -7.29580298e-02, -2.10554540e-01,
        3.00378054e-01, -7.06243962e-02,  1.97324723e-01, -2.53248699e-02,
       -4.73407097e-02, -2.23266602e-01,  1.55511471e-02, -2.65746415e-01,
       -8.68907422e-02,  8.11080262e-02,  2.55011469e-01,  1.64701954e-01,
        2.02393800e-01,  1.90019697e-01, -1.20390981e-01,  3.56284320e-01,
        1.58420444e-01, -1.30536228e-01,  7.32008964e-02, -3.26388061e-01,
        6.73301592e-02, -2.20224913e-02, -8.03266764e-02,  2.07559824e-01,
       -3.43885124e-02,  3.58409703e-01,  1.73954755e-01,  2.32765615e-01,
       -3.58683050e-01,  1.24124713e-01, -3.23865592e-01, -1.07359417e-01,
        1.16083014e-04,  7.87841082e-02,  3.29408161e-02,  2.74843514e-01,
        2.83297189e-02,  1.51796669e-01, -3.42935264e-01,  3.56919825e-01,
        2.53222287e-01,  2.75967866e-01, -7.43721426e-02, -6.49622604e-02,
        3.51799458e-01,  1.19381808e-01, -2.56164432e-01, -9.77952778e-02,
        1.32637084e-01, -2.30982140e-01,  1.36557082e-03,  7.89959505e-02,
       -2.16079518e-01, -2.33374208e-01,  3.42174433e-02,  2.90013164e-01,
       -1.09209836e-01,  2.12820038e-01, -2.71117806e-01, -3.11232448e-01,
       -8.50876570e-02,  6.81762770e-02,  1.54805392e-01, -3.79120678e-01,
        2.69523952e-02, -1.02200039e-01,  4.40207263e-03, -1.25016794e-01,
       -1.25969246e-01,  2.94666350e-01, -1.57377973e-01, -2.21301064e-01,
       -3.03852856e-01,  2.52411455e-01,  1.88401639e-01,  1.78950131e-02,
       -3.04156214e-01, -8.39439258e-02,  2.27314129e-01, -1.40607804e-01,
       -5.01132628e-04,  3.14166360e-02,  3.15144449e-01, -1.85478508e-01,
        1.65661275e-01,  2.95293778e-01, -3.37388664e-01, -1.56308487e-01,
       -4.08267856e-01, -7.22250864e-02,  1.79716289e-01,  3.45412463e-01,
        1.39703125e-01, -1.69328883e-01,  3.14755514e-02, -4.12155032e-01,
       -3.12421769e-01, -3.68045777e-01,  2.17449114e-01,  3.01894844e-01,
       -3.20571691e-01,  9.10464004e-02,  3.95713374e-03, -1.07366100e-01,
        5.21674044e-02, -3.18031967e-01,  2.67611802e-01,  2.26078764e-01,
       -4.16239351e-01, -4.44309205e-01, -3.07545125e-01, -2.77714103e-01,
       -6.09788895e-02,  6.10756874e-02,  8.11978355e-02, -4.29342151e-01,
        2.66674697e-01,  2.09459022e-01,  1.13565311e-01, -8.00567493e-03,
        5.91344237e-02, -2.39272296e-01, -2.34050974e-01,  8.78478959e-02,
        7.34211579e-02,  1.74014211e-01,  1.48332059e-01,  1.01848938e-01,
       -1.73001409e-01,  6.24233447e-02,  6.18206412e-02, -5.16727492e-02,
        2.70406038e-01,  1.54611528e-01,  1.79374427e-01,  2.30810836e-01,
       -9.88907143e-02, -4.01466459e-01, -4.05771941e-01, -4.49947603e-02,
        1.39386147e-01, -2.61038214e-01,  3.45763832e-01, -9.74866375e-02,
        1.17545342e-02, -1.81091502e-01,  2.65122652e-01,  2.15703323e-01,
        1.43474750e-02,  3.13376077e-02, -2.78938204e-01, -1.73329160e-01,
       -3.88681501e-01,  2.49709450e-02,  3.16221148e-01,  4.06225491e-03,
       -2.26910442e-01, -1.65390849e-01, -2.71549784e-02,  1.10074982e-01,
       -1.84029877e-01, -1.43752396e-01, -3.09060924e-02, -6.07391372e-02,
        2.34249666e-01,  1.34275004e-01, -1.56301424e-01,  2.25950480e-01,
       -1.26606533e-02, -9.54445451e-02, -2.07508191e-01,  2.58535624e-01,
        1.61878560e-02, -1.49178177e-01,  1.64428517e-01, -2.26383343e-01,
        1.97614223e-01, -3.94611537e-01, -2.31640399e-01,  2.34753117e-01,
       -8.76566768e-02,  2.69073229e-02, -8.40670019e-02, -4.15360630e-01,
        1.43007979e-01, -3.32768381e-01, -3.00876319e-01,  3.63452256e-01,
        2.08064139e-01, -4.64983553e-01, -9.98356119e-02, -5.58868535e-02,
       -1.94969922e-01,  7.68567994e-02,  1.46621361e-01,  2.97207013e-02,
        3.85206014e-01, -3.00176884e-03, -1.66741349e-02, -3.52481395e-01,
       -3.72950912e-01, -2.24742889e-01,  2.23989710e-01, -6.92889141e-03,
       -1.02926850e-01, -1.55993775e-02, -3.01796079e-01, -4.66100186e-01,
       -2.00912610e-01, -4.85772610e-01,  1.87284693e-01,  2.85539389e-01,
        2.94478565e-01, -1.13736428e-01, -8.84944052e-02,  1.23915739e-01,
       -1.86285570e-01, -4.37410623e-01, -7.86688272e-03,  1.92155823e-01,
        2.80257035e-02,  3.44886221e-02, -8.29037651e-02,  3.09525728e-01,
       -4.25789744e-01, -1.33574069e-01, -3.60672534e-01, -3.94494087e-01,
        8.49718750e-02,  2.78770477e-01,  1.05697811e-01,  3.53015289e-02,
       -4.06408869e-02, -3.85409817e-02,  3.01208198e-01, -1.76238611e-01,
       -2.27451205e-01, -5.28907590e-02, -3.84933263e-01,  1.96794420e-01,
        1.01368502e-02,  1.32581349e-02,  1.43665448e-01, -2.33935416e-01,
        3.07549536e-01, -1.99740529e-01,  1.35969669e-01,  1.53369948e-01,
        3.30728322e-01, -5.07823788e-02,  2.08883196e-01, -1.42418429e-01,
       -2.14173689e-01, -7.95694888e-02,  3.00107241e-01,  2.53169894e-01,
        3.54687870e-02, -3.04212391e-01, -5.57098202e-02,  1.86510742e-01,
       -4.40158904e-01, -1.91604733e-01,  1.87430814e-01,  1.02539696e-01,
        3.43296677e-01,  1.56798288e-01, -2.66318917e-01, -2.68552154e-01,
       -3.42410654e-02,  7.40031525e-02,  2.09536269e-01, -1.15371153e-01,
       -1.23954445e-01,  4.39735595e-03, -3.91588479e-01, -6.37400225e-02,
        3.12834084e-01, -1.03812061e-01, -1.52385354e-01,  1.91941947e-01,
        3.69164288e-01, -6.99937716e-02,  2.86478668e-01, -1.63257524e-01,
        8.98739398e-02,  1.95021465e-01,  1.55493081e-01, -9.31206718e-03,
        1.79868907e-01, -2.90494859e-01, -1.20921567e-01,  3.69679034e-02,
       -8.03627819e-02,  7.85918236e-02, -6.56011924e-02, -2.12698787e-01,
       -2.04958990e-01, -4.18958187e-01,  1.88470900e-01, -3.03446680e-01,
        3.70045930e-01, -1.37797475e-01,  3.05641323e-01, -1.97052211e-01,
       -1.72319174e-01,  3.48155618e-01,  1.56172469e-01,  2.63314843e-02,
       -5.52325211e-02, -4.30468351e-01,  1.96263880e-01, -3.62918496e-01,
       -2.69366026e-01,  4.12130579e-02,  2.71049011e-02,  4.74264562e-01,
       -8.34307671e-02, -2.43809685e-01, -7.45356157e-02, -9.84766781e-02,
        3.75866354e-01, -1.33610200e-02,  3.61106619e-02,  1.18248492e-01,
        2.20755205e-01, -1.40985981e-01, -2.40378201e-01, -2.62294948e-01,
       -2.90126532e-01,  1.86100796e-01, -3.52293521e-01,  4.86504771e-02,
        2.09138364e-01, -3.43362778e-01,  7.86886960e-02, -2.60732561e-01,
        2.79996902e-01,  3.48991781e-01, -7.89318010e-02, -2.41531938e-01,
        3.99126530e-01, -4.57220525e-01, -3.27505320e-01,  1.73638701e-01,
        5.08075096e-02, -1.10827126e-01, -1.63690168e-02, -1.55341566e-01,
       -1.07419364e-01, -2.34736666e-01, -1.93116322e-01,  3.74965996e-01,
       -1.04019307e-01, -8.70421529e-02, -2.38932744e-01,  3.18979383e-01,
        1.29194900e-01, -8.49535223e-03,  3.27957809e-01, -2.08490625e-01,
       -3.86354208e-01,  3.60889018e-01,  2.90381253e-01,  2.33225152e-01,
       -3.09060395e-01, -2.19060749e-01,  3.99888933e-01,  1.30408928e-01,
        8.37142318e-02,  2.01109648e-01,  2.40020692e-01,  1.61372736e-01,
        3.41133505e-01, -2.83421874e-01,  1.10538751e-01,  2.71636128e-01,
       -1.08606018e-01,  1.98332056e-01, -2.07223326e-01, -1.25310823e-01,
       -3.11188072e-01,  2.13208243e-01,  1.24327771e-01, -5.08887246e-02,
        3.28223377e-01,  3.25292557e-01, -1.01481564e-02,  1.25450976e-02,
        2.90019453e-01, -2.96280771e-01,  2.78293610e-01, -3.32641125e-01,
       -1.08110607e-02, -4.57172126e-01,  3.22750002e-01,  2.67872602e-01,
        1.79288492e-01,  5.20095266e-02,  2.20460504e-01, -1.37149617e-01,
        2.44778730e-02, -3.18953604e-01, -1.43698722e-01, -2.35995680e-01,
       -1.05498560e-01,  1.31608769e-01,  2.59574354e-01,  3.61658558e-02,
        3.30755502e-01, -1.28551915e-01,  1.97769031e-01,  1.91845506e-01,
        3.38233799e-01,  2.00129859e-02,  3.35661829e-01,  1.32162124e-01,
       -3.19824040e-01, -2.90641010e-01, -4.33439076e-01,  2.94336408e-01,
       -1.74041986e-01, -3.92942399e-01, -3.19386572e-02,  6.52182996e-02,
       -4.24079657e-01, -1.60854533e-01, -5.60025796e-02, -4.23253566e-01,
        7.89214158e-04,  6.17955625e-02, -1.58336043e-01, -1.07833788e-01,
       -2.85908073e-01, -4.11147445e-01, -3.09857070e-01, -1.07492551e-01,
       -3.81256968e-01, -1.55508310e-01, -2.77670890e-01, -8.73504877e-02,
       -3.34012717e-01, -4.08426315e-01,  2.54495859e-01, -3.82177889e-01,
        8.81416500e-02, -1.25984251e-01,  2.84990489e-01,  1.57490104e-01,
        2.46972248e-01, -7.68027231e-02, -8.17357302e-02, -3.73549253e-01,
       -3.48360509e-01,  3.63239437e-01,  1.66235954e-01, -2.15041742e-01,
        1.90898210e-01, -3.73739079e-02,  3.03142160e-01,  1.48328133e-02,
        1.35718629e-01,  2.04729348e-01, -8.19947347e-02, -1.27126589e-01,
        1.35434568e-01, -2.35657126e-01, -2.93042004e-01,  2.93616474e-01,
       -1.79269850e-01,  3.85760330e-03, -2.67085761e-01, -3.49755287e-01,
       -1.46573991e-01,  2.24277616e-01, -3.57090265e-01,  2.49427810e-01,
        1.48520991e-01,  2.39839479e-01,  5.21738045e-02,  1.14205584e-01,
       -5.41705750e-02, -2.46306852e-01, -1.28796577e-01, -1.32100329e-01],
      dtype=float32), 'encoder.4.weight': array([[-4.4313762e-01, -3.9924401e-01, -3.1427827e-01, ...,
        -2.2265090e-01,  1.2386885e-01,  4.6570487e-02],
       [ 3.0101210e-01, -7.8498736e-02, -8.8759765e-02, ...,
         1.8205395e-02, -8.8438720e-02, -2.0620865e-01],
       [-4.1713968e-02,  1.6911027e-01,  3.2892439e-01, ...,
         1.6650398e-01, -1.9982132e-01, -2.6531231e-01],
       ...,
       [ 1.7018698e-04, -7.4018940e-02,  5.2978754e-02, ...,
        -2.6430517e-01,  6.0212001e-02,  3.5161874e-01],
       [ 2.7161020e-01, -2.6374537e-01, -3.4497505e-01, ...,
         1.3456342e-01,  1.6138314e-01, -2.4820888e-02],
       [-4.3778980e-01, -2.9144335e-01, -4.6551730e-02, ...,
        -3.2702810e-01, -2.1543929e-01,  1.1939537e-01]], dtype=float32), 'encoder.4.bias': array([-0.06518939,  0.25109088, -0.25093427, ...,  0.05953357,
       -0.42835787,  0.23340176], dtype=float32), 'encoder.6.weight': array([[-0.04933505, -0.18235399, -0.09565975, ...,  0.02890756,
        -0.14550214,  0.1143099 ],
       [-0.02575653, -0.14319226, -0.17952913, ..., -0.02231841,
         0.18048576, -0.106032  ],
       [-0.06850319,  0.10072578, -0.07448786, ...,  0.04768104,
        -0.19391814, -0.02823975],
       ...,
       [ 0.03187195,  0.24357519, -0.05281636, ..., -0.12642437,
         0.10104999,  0.06623035],
       [-0.1497465 ,  0.02824228,  0.08029787, ..., -0.08771453,
         0.13433747, -0.13912791],
       [ 0.19917727, -0.11708698, -0.11873386, ..., -0.06993013,
         0.09785876,  0.13294043]], dtype=float32), 'encoder.6.bias': array([ 0.02737487,  0.11604472,  0.08929735,  0.10555669, -0.0103655 ,
       -0.13097745,  0.10049993, -0.02892784,  0.03453521, -0.12320872],
      dtype=float32), 'decoder.0.weight': array([[ 2.176636  ,  0.9340614 ,  1.9607846 , ...,  1.5237693 ,
        -2.5928113 ,  0.6920282 ],
       [ 0.3622931 ,  2.7456498 ,  2.1018507 , ...,  0.12197634,
        -1.0473228 , -1.4470903 ],
       [-1.0099756 , -0.07818988,  1.6907109 , ..., -1.8593053 ,
        -0.15188332,  0.9833115 ],
       ...,
       [ 1.8916909 ,  1.5866178 , -1.2080451 , ..., -0.19115251,
        -1.5896512 ,  1.2011839 ],
       [-1.6360993 , -0.88493925,  0.39469007, ...,  1.8681587 ,
         0.3590783 ,  1.5022542 ],
       [-0.7002012 ,  1.7090309 , -1.0442812 , ..., -0.40870452,
         0.9475763 , -1.6924384 ]], dtype=float32), 'decoder.0.bias': array([ 0.78650504,  2.0909777 , -2.268028  , ..., -1.2422003 ,
        1.1143909 ,  1.1691617 ], dtype=float32), 'decoder.2.weight': array([[-0.19226338, -0.09268795, -0.18463753, ...,  0.1547044 ,
         0.12263218,  0.15124562],
       [-0.23688231, -0.16404766,  0.14492896, ...,  0.14652395,
         0.01145137,  0.1130982 ],
       [ 0.13096948,  0.14623077, -0.0021461 , ..., -0.15172182,
        -0.00608806,  0.10020158],
       ...,
       [-0.13955037,  0.1424806 ,  0.09110498, ..., -0.01990683,
         0.13467517, -0.12435195],
       [-0.13906007,  0.16355443,  0.00800381, ...,  0.10674031,
        -0.01669713, -0.10767897],
       [ 0.13777085, -0.13439482, -0.02602441, ..., -0.03882775,
        -0.21986885,  0.08784986]], dtype=float32), 'decoder.2.bias': array([ 0.0870038 ,  0.0187126 ,  0.01672743, -0.23113233,  0.16849591,
        0.03566375, -0.01114918, -0.16069892, -0.09271371, -0.08741739,
       -0.04565006, -0.0457733 , -0.01398453,  0.07188915,  0.0078928 ,
       -0.01932367,  0.07863437, -0.0657817 , -0.0910161 , -0.19570124,
       -0.18464673, -0.1344275 , -0.06579961, -0.04318153, -0.05693721,
        0.07297301,  0.16660221, -0.23254274, -0.17699163, -0.26062372,
        0.04141201, -0.19390754, -0.1001384 , -0.17777283, -0.2200443 ,
       -0.19583444,  0.19295338, -0.2378651 , -0.22611609, -0.00038463,
        0.00205928,  0.11724615,  0.05538406, -0.15890568, -0.02471885,
       -0.21259676, -0.0146057 ,  0.03941122,  0.02182216, -0.02027539,
        0.08909272, -0.21062382,  0.1358349 ,  0.1903172 ,  0.02094391,
        0.07942925, -0.12383907, -0.09743882, -0.01243674, -0.07514476,
       -0.21307594,  0.06925858, -0.03508925,  0.10571153,  0.00856789,
        0.03011006, -0.19120134, -0.00875682,  0.11899272,  0.12959376,
       -0.20252337, -0.01796845, -0.07835674, -0.05394938,  0.06005707,
       -0.1372058 ,  0.06479659,  0.19015509,  0.15836824, -0.15087013,
       -0.03900362,  0.10471897,  0.17193826, -0.07781977,  0.18361297,
        0.16687506, -0.09478382, -0.08588407,  0.09487694, -0.05636253,
        0.04702012, -0.1672438 , -0.0985197 ,  0.15355496,  0.11794452,
        0.12797238,  0.12170282,  0.13318905, -0.1319812 ,  0.01519851,
       -0.03355717,  0.14742109,  0.07299305, -0.08402346, -0.03954867,
       -0.01664874,  0.0730871 ,  0.12298064,  0.15771389,  0.13254604,
        0.13795935, -0.14125803,  0.11619478,  0.04075034, -0.14002335,
       -0.03253914, -0.10174923,  0.1419198 ,  0.10151256, -0.13596518,
       -0.15845186, -0.15993513, -0.15992872,  0.11335941, -0.20718914,
       -0.05746778,  0.13938221,  0.01053939, -0.06348824,  0.04908726,
       -0.04300444, -0.07405367, -0.01957863, -0.19901451,  0.08062807,
       -0.15462095,  0.01323435, -0.07949   , -0.09156298,  0.06423618,
        0.03762173, -0.15634133,  0.07089099,  0.17563225,  0.17633428,
       -0.02202135, -0.16996655, -0.1660911 , -0.05287474, -0.14283472,
       -0.00058235,  0.01034758,  0.14770447,  0.17666416, -0.06374017,
        0.05723248,  0.03475493, -0.08178118,  0.15393382,  0.01615885,
       -0.1338243 , -0.07008618, -0.01108402, -0.09877127,  0.12897669,
        0.05418583,  0.08495407,  0.16168405, -0.03300232, -0.15839213,
       -0.02373859, -0.01162235,  0.14144169, -0.063172  ,  0.05668471,
       -0.01712259,  0.08829781, -0.05165314,  0.10106778,  0.07518507,
        0.12087665,  0.12730166,  0.0108842 ,  0.12734593, -0.09860779,
        0.05126092,  0.11752179, -0.04854459,  0.06088546,  0.12364604,
       -0.20742983, -0.05552631,  0.10668034,  0.14712907,  0.1001798 ,
        0.0709954 ,  0.11126947,  0.1451889 , -0.21729429,  0.09300517,
        0.05098285, -0.16261858,  0.07181163,  0.18350063,  0.04885031,
        0.1424558 ,  0.08813118, -0.04738228,  0.01650044,  0.05081198,
       -0.2434298 , -0.09483383, -0.1632981 , -0.18483242,  0.13112746,
        0.04201647, -0.16067238, -0.15433311, -0.13482596,  0.17168184,
       -0.17975543, -0.12972914,  0.1019123 , -0.21938223,  0.01949644,
        0.01641805, -0.03470556, -0.04262253,  0.00548045, -0.03634933,
       -0.07245559,  0.12346923,  0.02312716,  0.01110296, -0.25436628,
       -0.21208829,  0.06792039,  0.0082562 ,  0.16820832, -0.14313272,
       -0.10511528, -0.20522177,  0.00827894, -0.1733789 ,  0.13785987,
       -0.12536423,  0.1553456 ,  0.05522893,  0.13689856, -0.0790719 ,
       -0.15703201,  0.02159584,  0.0194376 ,  0.10006603,  0.06182572,
       -0.08456811,  0.17898592,  0.10357323, -0.08930176, -0.03122275,
        0.03936419, -0.17919645,  0.03598728,  0.06849932, -0.01648747,
       -0.10423765, -0.06994338, -0.21256858,  0.12468366,  0.06083274,
        0.06709769, -0.11623421,  0.19368589, -0.23265648, -0.10974471,
       -0.07579044,  0.06796689, -0.0064337 , -0.0689475 ,  0.16060646,
        0.05207923, -0.22051598, -0.18823427,  0.09572454,  0.02269978,
       -0.01847559, -0.08176592, -0.18872198,  0.20458443, -0.1187041 ,
        0.13715692,  0.01374342, -0.0943334 ,  0.03172321,  0.01622128,
       -0.14771664, -0.02113349,  0.18474302,  0.012429  , -0.1493224 ,
       -0.14515266, -0.14943218, -0.24479885,  0.13913612,  0.09453246,
       -0.17875089, -0.04838472, -0.06831393, -0.20938326,  0.10772996,
       -0.0033236 , -0.00245686, -0.09473462, -0.20743454, -0.07816072,
        0.08649833,  0.13744144,  0.06354104, -0.21827146, -0.20357136,
        0.02292349, -0.20257697, -0.00948761,  0.08733222, -0.10728891,
       -0.02416266, -0.02525881, -0.08849024,  0.08365031,  0.07291083,
       -0.24339734, -0.03106675,  0.01295464,  0.06145861,  0.20730624,
        0.01950841, -0.21742384, -0.07770289,  0.04216523, -0.04867232,
        0.19028227,  0.14816324, -0.09246488,  0.16715845, -0.20619273,
       -0.23659441, -0.0168453 , -0.01032797,  0.20721556,  0.11425157,
        0.01092463, -0.17521961, -0.07968865,  0.15297   ,  0.00256082,
        0.17116337, -0.12687252,  0.04765829,  0.059232  , -0.08676961,
        0.09259454,  0.11627542, -0.10849134, -0.02740546, -0.02822509,
        0.17989025,  0.03525139, -0.14764658,  0.15918437, -0.17994133,
       -0.19228056,  0.08890682,  0.1914224 , -0.02089978,  0.08868274,
        0.16205166,  0.05143173,  0.00509077,  0.09560145,  0.13264504,
       -0.13557214, -0.07076063,  0.14442566,  0.12116723, -0.10512104,
       -0.1849265 , -0.09176862, -0.11060502, -0.12050688,  0.09892147,
        0.1611578 , -0.0897771 , -0.0178875 , -0.22044107, -0.16452582,
       -0.18530448, -0.22940324, -0.17393602, -0.10895791, -0.18030083,
        0.14948282, -0.18226479,  0.16174504,  0.15752459, -0.08132372,
       -0.06473693, -0.07813019,  0.12169189, -0.03088594, -0.17949396,
        0.14457613,  0.01287071, -0.27372956, -0.00917491, -0.03760534,
       -0.08956516,  0.12088648,  0.18854782,  0.04324933,  0.10578649,
       -0.05071746, -0.07648203, -0.1352548 ,  0.02145321,  0.1120905 ,
        0.12202345,  0.03928597,  0.18641895,  0.10791091, -0.03642824,
       -0.01602609,  0.09363791, -0.2419171 ,  0.0241176 ,  0.04380891,
        0.08538822,  0.01640237,  0.10887125, -0.15054911, -0.01350907,
        0.04850312, -0.02124628, -0.02458721,  0.15419698,  0.04092016,
       -0.14388444,  0.12631653, -0.0430466 , -0.05915583, -0.13592729,
        0.17177156,  0.16877443, -0.10882147,  0.02401693,  0.15356494,
       -0.1941446 ,  0.11515539, -0.00190932,  0.00915063,  0.16987352,
       -0.02477897, -0.18123719, -0.18302788,  0.00392961, -0.05171939,
       -0.16552508, -0.18647844,  0.11375723,  0.08298302,  0.02203016,
       -0.00902224,  0.10033846,  0.12341892,  0.11938437,  0.02730469,
       -0.22926946, -0.01583663,  0.01712266,  0.20321532, -0.06053762,
        0.03027095, -0.14194688,  0.038637  ,  0.00921858,  0.12659171,
        0.1549616 , -0.21295281, -0.13518035, -0.04363854, -0.03031962,
       -0.21837124, -0.12880288,  0.10170797, -0.01629264, -0.0611219 ,
        0.14625232, -0.16625713, -0.08350605,  0.15192579, -0.05900011],
      dtype=float32), 'decoder.4.weight': array([[ 0.36052382,  0.1786568 , -0.27606744, ...,  0.06178941,
         0.2350097 ,  0.2550495 ],
       [-0.10391171,  0.4173599 , -0.12016352, ..., -0.09873655,
         0.28656474, -0.06660318],
       [-0.04077438, -0.32574204,  0.07430249, ...,  0.32680005,
        -0.20985806,  0.05264213],
       ...,
       [ 0.24757348, -0.36617473, -0.24890053, ...,  0.0548102 ,
         0.3182475 , -0.23111635],
       [ 0.24900614, -0.44294226,  0.2396373 , ..., -0.2547243 ,
         0.07048403,  0.19344252],
       [-0.31914872, -0.11888154, -0.14540337, ...,  0.01548346,
        -0.20458654,  0.14853325]], dtype=float32), 'decoder.4.bias': array([-2.63678342e-01,  2.60731220e-01,  2.11492226e-01, -3.93672645e-01,
        2.58397907e-01, -1.04402475e-01, -8.95965993e-02,  3.08572594e-02,
       -5.27051948e-02, -2.39388108e-01, -4.26209569e-01, -1.28743619e-01,
       -2.77037561e-01,  3.19448829e-01, -2.79304981e-01, -4.53250468e-01,
        4.67367209e-02, -4.06013101e-01,  1.76700965e-01, -3.10465962e-01,
        3.04128021e-01,  1.21179871e-01,  1.75347388e-01, -5.07105768e-01,
       -2.39470959e-01, -2.35595793e-01,  1.52979583e-01,  2.78806031e-01,
       -4.83405888e-01,  3.53730112e-01, -4.01526988e-01,  2.24075615e-01,
        8.61521363e-02,  2.33909503e-01,  7.54814819e-02,  3.22056301e-02,
        1.20096982e-01, -7.68727958e-02,  1.61149994e-01, -1.29293604e-02,
       -2.27486640e-01,  1.25843063e-01, -2.47701183e-01, -1.11068934e-01,
       -2.81219423e-01, -3.26549202e-01,  1.12142920e-01, -8.22230354e-02,
        9.50943828e-02, -2.95147616e-02, -2.05721632e-01, -1.64868191e-01,
        9.09105018e-02,  3.88072968e-01, -4.97741610e-01,  7.18339756e-02,
       -2.65377492e-01, -1.79550231e-01, -4.47436303e-01, -2.86518216e-01,
       -2.81381309e-01,  2.22255632e-01, -3.14384215e-02,  8.59883726e-02,
       -2.76501447e-01, -2.38440856e-01, -1.88126460e-01,  5.53586818e-02,
        2.82184064e-01,  1.31255850e-01, -1.99688599e-01,  3.60305101e-01,
       -2.88023621e-01, -2.43311170e-02, -4.95723009e-01,  1.63547203e-01,
       -1.92767102e-02, -1.13489479e-01, -2.82567531e-01, -1.80715635e-01,
        9.11470950e-02,  2.48897254e-01, -3.07732105e-01, -7.55107477e-02,
        3.62700038e-02, -4.03000534e-01, -5.33191375e-02,  2.52578706e-01,
        4.04556811e-01, -3.76352847e-01,  1.39880911e-01,  1.39431015e-01,
        1.69057906e-01, -8.25070664e-02, -2.81742215e-01,  1.94077447e-01,
        1.92364767e-01, -1.92685589e-01, -3.27169269e-01,  1.43367469e-01,
       -2.81083912e-01,  2.51125336e-01, -1.73610061e-01, -4.08358455e-01,
       -3.78228635e-01,  6.89614341e-02, -3.49563211e-02, -3.19619030e-01,
       -1.66213512e-01, -3.99869174e-01, -2.68433094e-01, -3.05566877e-01,
       -1.88705683e-01,  1.10698633e-01, -2.87726343e-01,  4.07810986e-01,
        2.45213762e-01,  1.71675354e-01,  2.92848617e-01, -3.14968795e-01,
        1.43078968e-01, -2.15532631e-02, -4.64840680e-01,  4.49700594e-01,
        5.67875803e-03, -3.15188587e-01, -3.01734209e-01,  1.96587414e-01,
       -3.84152353e-01,  4.16139066e-01, -2.35027634e-02, -9.19125304e-02,
       -3.00746620e-01,  2.45202389e-02, -4.37943459e-01,  1.12827234e-01,
        3.14154178e-01, -3.89937729e-01,  2.92600155e-01, -3.58172297e-01,
        8.01994652e-02, -4.45061326e-01, -5.07209636e-02, -2.66782016e-01,
        1.50721446e-01,  1.03315972e-01, -1.70934156e-01, -5.61856031e-02,
        2.16306835e-01, -9.34153516e-03,  1.93047360e-01,  2.41273530e-02,
       -3.74459922e-01, -7.09345713e-02, -3.66179377e-01,  3.69786382e-01,
       -3.29430550e-02,  3.00902158e-01,  2.76529551e-01, -2.47023255e-01,
       -2.21962318e-01, -4.94600311e-02,  7.34804943e-03, -3.62041533e-01,
       -4.24429804e-01, -3.42302710e-01, -2.14719266e-01, -2.95447350e-01,
        8.60974267e-02,  2.23288327e-01,  2.48611718e-01, -2.08677188e-01,
        3.73114347e-01,  2.30784461e-01,  1.33538142e-01,  9.07210410e-02,
       -4.08469588e-01,  1.04810074e-01, -2.40593478e-02, -4.17853706e-02,
       -3.98935974e-01, -3.98628116e-01, -3.28716785e-01, -1.98012307e-01,
        2.24022999e-01, -2.11889390e-02,  1.49531826e-01, -9.32042226e-02,
       -8.14730972e-02, -3.81262302e-01,  2.55580574e-01, -3.46597619e-02,
       -4.67272252e-01,  1.65485814e-01,  3.03338349e-01,  2.04976216e-01,
        3.59907025e-03, -4.41460729e-01, -2.56223142e-01,  1.28410459e-01,
        2.16687784e-01, -1.86459750e-01, -1.38653085e-01,  1.98985517e-01,
        3.91379833e-01,  3.16174209e-01,  5.70254847e-02,  1.59443304e-01,
       -1.70582622e-01,  1.19074956e-01,  1.10247448e-01,  1.36806950e-04,
        3.15082908e-01,  1.37968259e-02, -2.79338747e-01,  6.51269928e-02,
        4.25774336e-01,  1.67048171e-01, -4.01553452e-01,  3.06622922e-01,
        2.97659010e-01,  2.08219215e-01, -5.32855466e-02,  1.83968619e-01,
       -1.57487020e-01,  4.68576401e-02, -3.68191183e-01,  2.08307877e-01,
       -2.15919375e-01, -7.99285024e-02, -7.10281506e-02,  2.32738197e-01,
       -2.38747984e-01,  1.95580631e-01, -4.55257803e-01, -1.74109712e-01,
       -1.01798512e-01,  1.93630293e-01,  1.17407672e-01, -2.20026284e-01,
       -1.98001131e-01,  2.03916393e-02, -1.10096810e-02,  1.59996785e-02,
        2.86541224e-01, -3.07986140e-01,  1.57015398e-01,  2.26383269e-01,
       -4.83927041e-01, -1.26167908e-01,  6.04855157e-02,  2.09888577e-01,
       -3.11532766e-01, -3.65515292e-01,  2.83770263e-01, -1.78038135e-01,
        1.25159010e-01, -8.84267911e-02,  1.91027373e-01, -2.52513200e-01,
       -3.53492975e-01, -3.85040939e-01, -1.69127747e-01,  2.07317516e-01,
       -4.70077068e-01, -1.26618356e-01, -1.83865681e-01, -3.22249621e-01,
       -1.72871664e-01, -1.03502259e-01, -1.70627668e-01, -1.56025454e-01,
       -4.95824248e-01,  1.78221017e-01,  2.28459045e-01, -1.65951952e-01,
       -1.89107716e-01, -1.95037648e-01,  3.96035016e-01,  4.23588045e-02,
       -2.27734402e-01, -9.28902179e-02,  3.77749145e-01, -1.92633167e-01,
        2.56718874e-01, -3.90156895e-01,  8.56301561e-02,  2.34463438e-01,
        1.63223110e-02,  2.55943418e-01, -9.67237726e-02,  1.12202138e-01,
       -1.95737138e-01,  2.36311004e-01, -3.58419716e-01,  4.00072604e-01,
        7.60806277e-02, -4.19775665e-01,  9.78253484e-02, -1.38353765e-01,
       -2.43495479e-01, -3.38275164e-01,  1.73132867e-01, -1.41742080e-01,
       -2.65309159e-02, -4.48446304e-01, -4.13742691e-01, -1.95262209e-01,
        7.45351911e-02,  1.72699019e-01, -1.00725934e-01,  4.05134261e-01,
        1.87458649e-01, -8.54852274e-02,  2.46630549e-01,  1.66716203e-02,
        3.43767822e-01, -2.76271611e-01, -4.76063222e-01,  7.62147978e-02,
        1.60775825e-01, -3.36160719e-01, -2.01785602e-02, -3.69382918e-01,
       -4.14764546e-02, -4.85181153e-01, -1.73537076e-01,  4.01786044e-02,
       -2.73942143e-01, -6.65041730e-02, -2.36038938e-02,  9.13651586e-02,
        1.43551290e-01, -3.03842071e-02,  2.47447863e-01, -2.39267364e-01,
       -2.87640184e-01, -3.48001927e-01, -3.38210553e-01, -3.14750761e-01,
       -1.94372877e-01, -6.24033213e-02,  4.47110325e-01,  1.24469027e-01,
        1.81107134e-01,  1.34912608e-02,  7.54400864e-02, -3.14451039e-01,
        1.37286037e-01, -4.98865843e-02, -3.30146044e-01, -8.01675171e-02,
       -1.98356450e-01,  2.04372600e-01, -2.38829985e-01, -3.84098500e-01,
       -3.05702120e-01,  8.30487683e-02,  9.86793563e-02, -3.64215195e-01,
       -9.71075445e-02, -4.47590090e-02, -3.29083353e-01, -4.99573469e-01,
        1.11146986e-01,  4.01513219e-01,  3.04587036e-01,  7.86731169e-02,
       -3.43661457e-01,  1.85751036e-01, -1.28716275e-01, -1.25303427e-02,
        2.50136763e-01,  3.86958418e-04, -1.47843078e-01, -1.08994462e-01,
        3.17695022e-01,  1.11533843e-01, -2.45137513e-02,  3.73754054e-01,
       -5.95836878e-01,  1.29193306e-01, -2.33684018e-01, -4.01116684e-02,
        7.79119954e-02,  3.81037742e-01, -1.34777844e-01, -1.16319261e-01,
       -1.81482539e-01,  3.54386479e-01, -3.15563917e-01,  3.02576154e-01,
        1.78101346e-01, -2.91401148e-01, -1.54394060e-01, -4.29092236e-02,
        3.50177884e-01, -3.65095079e-01, -7.54789263e-02, -1.58437431e-01,
        2.93071806e-01,  1.29637746e-02, -3.32114875e-01, -3.93770546e-01,
        2.15985969e-01,  6.76509291e-02, -2.99446493e-01, -2.97301263e-01,
        1.63027346e-02,  2.86991715e-01,  1.17161483e-01, -4.23450470e-01,
        7.85558596e-02, -5.00989199e-01,  7.19990209e-02,  1.80258870e-01,
       -7.03543425e-02, -3.09387833e-01,  2.99012125e-01, -4.13067728e-01,
       -1.45804465e-01,  6.94929138e-02,  2.19192132e-01, -2.67646730e-01,
       -1.54673442e-01,  8.10351744e-02, -1.47258833e-01, -5.03750622e-01,
       -4.83503282e-01, -3.23987231e-02,  3.18462163e-01,  1.27744764e-01,
       -2.24799573e-01, -4.13508296e-01, -1.85844317e-01,  3.33242953e-01,
       -6.76808059e-02, -4.62428659e-01,  5.96103258e-02, -3.74452561e-01,
       -1.24150194e-01,  1.64747402e-01,  2.26976693e-01,  6.89379722e-02,
        2.77384549e-01,  2.78093129e-01,  2.02754304e-01, -4.28124815e-01,
        6.94504380e-02, -3.18382412e-01,  7.91632086e-02, -4.10670757e-01,
       -1.48269489e-01, -9.10045132e-02,  1.12514324e-01,  3.28763314e-02,
        3.20295572e-01, -2.50507206e-01,  2.30097204e-01,  3.13664436e-01,
       -2.37922668e-01, -2.21255884e-01, -3.80193025e-01,  1.91698223e-01,
        4.09776978e-02,  2.15555146e-01,  3.99758697e-01, -3.09427947e-01,
        2.52873152e-01, -4.09403056e-01,  2.61633158e-01, -1.22777961e-01,
       -5.79267181e-02,  2.09973007e-01, -2.95707613e-01,  2.18776073e-02,
       -2.81560272e-01,  1.64160609e-01, -1.74921378e-01,  8.53914469e-02,
       -3.92459303e-01, -8.05236213e-03,  4.20541130e-02, -3.70235026e-01,
       -3.50201070e-01, -1.87603101e-01, -3.04967344e-01,  3.76385838e-01,
       -7.39470646e-02, -3.71696293e-01, -4.64506418e-01, -4.10618752e-01,
       -3.03582370e-01, -1.84511080e-01, -4.48544145e-01, -2.72677869e-01,
        8.45648572e-02, -4.50082332e-01,  3.24357182e-01,  4.50015888e-02],
      dtype=float32), 'decoder.6.weight': array([[-0.20007941,  0.64014953, -0.00840625, ...,  0.5070047 ,
        -0.39536378,  0.55553794],
       [-0.07063007, -0.13549025,  0.14123781, ..., -0.29004687,
         0.09773414,  0.15860768],
       [-0.24171142,  0.26065552, -0.3920259 , ...,  0.33229506,
        -0.00894588, -0.0122515 ],
       ...,
       [-0.15768926,  0.14120996,  0.28264484, ..., -0.4362471 ,
        -0.00479805, -0.28230378],
       [-0.39020655, -0.08181772, -0.33155257, ..., -0.0356803 ,
         0.26705182, -0.06520084],
       [ 0.2811063 ,  0.33007857, -0.0060157 , ..., -0.18483545,
         0.11043635, -0.17882405]], dtype=float32), 'decoder.6.bias': array([ 0.0857771 , -0.01433384, -0.43913138, ..., -0.36978948,
        0.01682667, -0.10287739], dtype=float32)}
[Time: 12.01.25 12:12:48] [Level: info] [State: aggregate] {'encoder.0.weight': array([[-0.0947057 ,  0.08555481,  0.04970142, ..., -0.05049376,
         0.04650193, -0.07148302],
       [-0.01548724, -0.09954006, -0.05997799, ...,  0.02079272,
        -0.12153795, -0.02584246],
       [ 0.15835965, -0.1006026 ,  0.02824748, ..., -0.08245467,
        -0.04638331, -0.03371077],
       ...,
       [-0.04010495,  0.04198515,  0.12505503, ...,  0.10760202,
        -0.05771656, -0.01394696],
       [ 0.03401313,  0.02268874,  0.02008157, ...,  0.02561208,
        -0.11658501,  0.00466783],
       [-0.11311379, -0.0619522 , -0.07364937, ..., -0.03521902,
         0.02971538,  0.01280417]], dtype=float32), 'encoder.0.bias': array([-3.50075588e-02, -3.43417637e-02,  2.83621531e-02, -4.97279651e-02,
       -1.33455783e-01,  5.76008148e-02, -2.25194562e-02, -8.55420977e-02,
       -8.95497575e-02,  5.28476611e-02, -1.39608420e-02, -1.14482157e-01,
        2.34187581e-02, -8.37337226e-02, -3.14244851e-02,  6.42808853e-03,
       -6.10011481e-02, -2.15160139e-02, -1.07947297e-01, -1.08352885e-01,
       -1.39649019e-01,  4.77061011e-02, -8.20177794e-02,  3.45828533e-02,
        1.74313132e-02,  7.06555098e-02,  5.56683652e-02,  9.64666009e-02,
        3.44922766e-02, -5.79059757e-02, -8.36150795e-02,  5.44997230e-02,
       -3.64445075e-02, -9.95832011e-02,  3.77381715e-04,  9.81804505e-02,
       -1.02072796e-02, -2.20342306e-03, -7.31839146e-03, -1.00389887e-02,
        5.86727336e-02, -6.69964775e-02, -1.22031141e-02,  9.00517777e-02,
       -5.16762584e-02, -1.32427171e-01, -3.90957370e-02, -6.35632277e-02,
        8.14599320e-02, -8.70011449e-02, -7.55552649e-02, -2.57895477e-02,
        8.12949426e-03, -9.35612991e-02,  2.00842023e-02, -1.35786198e-02,
       -2.50515505e-03, -4.31558341e-02, -8.87130126e-02, -1.19982943e-01,
        1.41900824e-02,  3.74402590e-02, -1.07614003e-01,  7.45335072e-02,
       -1.12153348e-02,  9.39753130e-02, -8.90517905e-02, -1.30112469e-01,
       -1.49598554e-01,  2.83322111e-02,  9.68620554e-02, -9.12768617e-02,
       -4.10263166e-02, -9.87357944e-02, -8.62883478e-02, -4.52390593e-03,
       -1.05086170e-01,  7.16697574e-02, -1.23149015e-01,  1.66393705e-02,
        9.41429287e-02,  7.90748298e-02, -8.71766657e-02,  6.67499006e-02,
       -7.60545880e-02, -2.47008130e-02, -5.79734668e-02,  3.51793356e-02,
        2.73231938e-02, -7.62987062e-02, -5.71702570e-02,  3.40161026e-02,
        7.77460560e-02, -9.35788453e-02, -6.94338232e-02,  1.48699852e-02,
       -4.11068425e-02, -1.02808751e-01,  2.96562035e-02, -8.26765746e-02,
        5.55714294e-02, -1.14035890e-01, -9.37952474e-02, -5.07169589e-03,
       -7.40561038e-02, -9.91002191e-03,  1.55831864e-02,  6.09022863e-02,
        4.14790288e-02,  9.41063538e-02, -5.84969148e-02, -1.68136768e-02,
       -3.13504860e-02, -3.53276846e-05, -5.31953424e-02,  8.28911662e-02,
       -5.57035282e-02, -3.78958955e-02, -6.82958588e-02,  9.06093717e-02,
        1.86663065e-02, -1.19870707e-01, -1.00566722e-01, -5.02566574e-03,
       -1.75382253e-02, -5.43654747e-02, -4.91419509e-02, -2.25807279e-02,
       -7.46255964e-02,  7.83933625e-02,  8.77280682e-02, -1.12082049e-01,
        7.98818364e-04,  9.11744535e-02,  6.65582195e-02,  2.34790030e-03,
       -1.70412287e-02, -1.33343153e-02, -1.88567466e-03, -6.01574816e-02,
        7.48747438e-02, -1.27061963e-01, -3.57159413e-02, -5.24422005e-02,
       -4.18147771e-03,  8.76003653e-02, -6.68938924e-03, -4.57448214e-02,
       -2.15871762e-02, -7.46424347e-02, -4.75341119e-02,  7.33519718e-02,
       -5.61895035e-02, -3.52449296e-03, -5.28479442e-02, -4.03209217e-02,
        8.56233016e-02,  6.28258511e-02, -5.08482195e-02, -1.36508688e-01,
       -5.31635471e-02, -1.55360124e-03, -8.37906972e-02,  6.97381198e-02,
       -8.31428245e-02, -1.25773057e-01,  7.82936737e-02,  7.23182037e-02,
        7.68155828e-02, -4.42832187e-02, -1.29522756e-01, -8.13627467e-02,
        2.84744892e-03, -7.88553953e-02,  8.33580941e-02,  5.42664304e-02,
        5.92667423e-02, -1.13793112e-01, -1.28089949e-01,  1.03655159e-01,
       -8.19541290e-02, -6.27273396e-02, -1.09389618e-01,  4.32848707e-02,
        5.32894470e-02, -1.12754412e-01,  6.45142198e-02, -7.95786455e-02,
       -1.06660679e-01,  6.76812828e-02, -9.36840102e-02, -4.00329493e-02,
       -8.39338750e-02, -1.27464637e-01,  1.06412388e-01,  9.14277360e-02,
       -1.96531713e-02, -1.15158092e-02, -3.42547819e-02, -6.38843775e-02,
       -1.17970109e-01,  1.54734552e-02, -9.46540311e-02,  6.71737045e-02,
        6.90736854e-03,  7.23136887e-02, -1.06230758e-01,  8.61877203e-02,
       -1.79693960e-02,  1.97363868e-02, -5.79712503e-02, -9.85636711e-02,
       -1.05523422e-01,  4.69808169e-02, -7.85028785e-02,  1.99846085e-02,
        4.81888354e-02, -1.91135635e-03, -8.55358019e-02,  1.83358341e-02,
       -7.86673501e-02, -1.26231238e-02,  7.11231232e-02,  9.18833539e-03,
       -8.49756971e-02, -1.64985672e-01, -1.38288870e-01,  8.47144499e-02,
        1.19087053e-03, -1.01195037e-01, -4.84033953e-03,  5.14469258e-02,
       -5.25975488e-02,  1.12741403e-02,  1.95375998e-02, -1.65285775e-03,
       -1.30373493e-01, -4.40808497e-02,  4.20662574e-03, -2.48559983e-03,
        1.22019753e-01,  6.12260066e-02, -6.08817749e-02, -1.41998669e-02,
       -8.24675430e-03, -8.21305439e-03,  2.50854604e-02, -5.29153682e-02,
       -7.56788701e-02, -1.13130525e-01,  4.90162149e-02, -1.22058593e-01,
       -6.30473569e-02, -2.81305835e-02, -8.04539863e-03,  3.69442776e-02,
       -4.96258326e-02,  7.32771382e-02, -9.34408903e-02,  4.90590967e-02,
        8.38861763e-02, -6.12578355e-02,  2.25505233e-02, -1.03557177e-01,
       -1.13533996e-01,  6.48196414e-02,  6.13193633e-03, -8.24138299e-02,
        3.43880318e-02, -2.09102724e-02,  6.75991774e-02, -8.39430094e-02,
        3.43680531e-02, -1.31828547e-01, -1.05017506e-01,  1.95756778e-02,
        1.57956406e-03,  7.56214280e-03, -7.25792944e-02,  3.52290384e-02,
       -1.25327036e-01,  2.78139338e-02, -8.99245515e-02, -9.66235474e-02,
        3.88379358e-02, -5.30615933e-02,  1.84394456e-02, -8.46957266e-02,
       -4.10664529e-02, -8.71224776e-02, -8.32402054e-03,  4.63809893e-02,
       -1.00353055e-01, -4.57248911e-02,  7.53849745e-02, -1.32316619e-01,
       -1.39171690e-01, -7.57719278e-02, -1.21819690e-01,  8.93099532e-02,
       -6.70261979e-02,  5.86622432e-02, -3.49413743e-03, -5.24971485e-02,
       -1.17408238e-01,  3.00251739e-03, -1.33441344e-01, -7.03673139e-02,
       -9.79951322e-02,  1.97195578e-02,  8.41369182e-02,  3.60162519e-02,
       -1.95832225e-03, -1.07295632e-01,  7.70186782e-02,  4.90704328e-02,
        1.96559895e-02, -7.20245838e-02, -1.13029242e-01, -1.00769505e-01,
       -9.59987342e-02,  1.44189247e-03, -7.85646588e-02, -1.18442647e-01,
       -1.38065647e-02, -1.32604003e-01, -6.55618832e-02, -1.53799176e-01,
        2.98972744e-02, -1.02381203e-02, -7.85053521e-02, -1.35081217e-01,
       -1.17970683e-01, -1.18922599e-01, -2.06917152e-02, -7.52435625e-02,
       -4.27731313e-02, -7.11872205e-02,  5.42997681e-02,  4.52066883e-02,
       -1.34012550e-01, -1.38306811e-01, -7.86618069e-02, -7.27702454e-02,
       -6.65695872e-03,  4.18962985e-02, -4.32138592e-02, -6.08062744e-02,
        7.65894577e-02, -7.93242082e-02, -1.19801387e-01, -1.00449212e-02,
       -1.03416920e-01,  7.85479173e-02,  5.96388392e-02, -9.11343321e-02,
       -1.70553457e-02,  4.81816791e-02, -7.92546421e-02,  4.30458970e-02,
        4.09532785e-02, -9.19360742e-02, -4.30827960e-02,  3.89778032e-03,
       -9.49955657e-02,  4.40677218e-02, -8.25231746e-02, -3.87717374e-02,
       -8.30646604e-02, -1.18211592e-02, -6.03838041e-02, -6.60278499e-02,
       -5.08362576e-02,  6.58945516e-02, -6.28773123e-02,  6.58928081e-02,
       -7.24958181e-02,  3.33999135e-02, -1.24505185e-01,  1.13032721e-02,
       -1.92051996e-02,  4.96802703e-02, -1.10457316e-02,  6.68054968e-02,
       -2.44158413e-02,  5.83563372e-02, -9.97753218e-02,  5.74712381e-02,
        2.24320963e-02, -1.27615765e-01, -9.91918817e-02, -9.65632126e-02,
        3.77172679e-02, -1.13278672e-01, -1.24094635e-01, -3.54179963e-02,
        7.76659548e-02, -3.51389579e-04,  1.43634351e-02, -1.25755146e-01,
       -1.01585668e-02,  2.26772577e-02,  1.34299966e-02,  2.99657919e-02,
       -6.17583133e-02, -1.30880475e-01, -7.32162371e-02,  4.06891778e-02,
        2.36515943e-02,  1.37828682e-02,  8.08708519e-02, -8.26037377e-02,
       -1.09482616e-01, -1.25077650e-01, -1.46395876e-04, -1.89983565e-02,
       -1.31039456e-01, -7.05116335e-03, -6.67478070e-02, -7.59984925e-02,
        3.15797813e-02, -3.76429409e-02,  8.29073414e-02, -5.40176444e-02,
       -1.13431588e-01, -1.21862985e-01, -7.80697018e-02, -7.65149519e-02,
       -1.11927852e-01,  5.48561737e-02, -1.37983799e-01, -3.87543440e-02,
       -1.33460984e-01, -1.01104312e-01, -1.02518871e-01, -1.17255501e-01,
       -5.89173213e-02, -1.15045317e-01, -1.12635279e-02, -9.31304356e-04,
        6.02814555e-02, -1.66223384e-02,  3.05181695e-03, -8.13708827e-02,
        2.83462908e-02, -1.07965432e-01,  6.42861724e-02, -3.64634730e-02,
       -1.29831314e-01, -1.25189543e-01,  5.68395816e-02, -1.22169659e-01,
        4.88260156e-03, -1.20829539e-02, -2.08905749e-02,  2.60148919e-03,
       -2.91973613e-02, -9.32874680e-02, -1.28754368e-03,  5.52093759e-02,
        1.06155202e-02,  7.77673349e-02,  5.82964160e-02, -1.05534554e-01,
       -1.00934394e-01, -1.31984264e-01,  5.46325706e-02, -4.58524115e-02,
        9.86234564e-03, -9.84931216e-02, -1.24482222e-01,  3.73218060e-02,
        6.85186088e-02,  5.66361360e-02,  8.42928067e-02,  1.01691782e-01,
        4.49133012e-03, -1.24709927e-01, -6.46222159e-02, -1.14829140e-03,
        4.22005281e-02, -7.33683556e-02,  1.02775797e-01, -1.01619251e-02,
        4.30765674e-02,  2.38686539e-02, -8.21981877e-02,  6.15609698e-02,
        7.46210292e-02, -1.19151503e-01, -1.03871867e-01,  5.71607016e-02,
        6.71572536e-02, -2.20577735e-02, -1.22192457e-01,  3.14856917e-02,
       -1.36823788e-01, -6.32155687e-02, -1.02951221e-01, -6.54109195e-02],
      dtype=float32), 'encoder.2.weight': array([[ 0.24371994,  0.1120717 , -0.4277948 , ...,  0.34871644,
        -0.02473233, -0.00834286],
       [ 0.2898364 ,  0.22086187, -0.3146638 , ..., -0.4228059 ,
        -0.27908704, -0.12170512],
       [-0.38377976, -0.04181252, -0.10471217, ...,  0.04606016,
         0.3270226 ,  0.36315924],
       ...,
       [-0.35533094, -0.06022819, -0.3082521 , ...,  0.26756412,
         0.01789862,  0.22549054],
       [-0.16132829,  0.04322558,  0.22973254, ..., -0.22255066,
         0.10438739, -0.15586102],
       [ 0.15725076, -0.40018666, -0.0237906 , ..., -0.31976324,
         0.16382986,  0.13651857]], dtype=float32), 'encoder.2.bias': array([-0.12967898, -0.12338244, -0.00269901, -0.24707589, -0.23118854,
       -0.28407136, -0.00652343, -0.30825356, -0.31134874,  0.40476578,
       -0.20558177, -0.2519656 ,  0.07082912,  0.23257354, -0.07295803,
       -0.22196868,  0.29776052, -0.09320533,  0.1973247 , -0.0253249 ,
       -0.0473408 , -0.22428322,  0.01555111, -0.27645475, -0.09662756,
        0.08214245,  0.2550106 ,  0.17342728,  0.19311844,  0.1823465 ,
       -0.13597922,  0.3683824 ,  0.1419506 , -0.1305362 ,  0.07384758,
       -0.3263881 ,  0.07801598, -0.02437261, -0.08080918,  0.19891933,
       -0.03438779,  0.35291988,  0.17395443,  0.23620337, -0.35676196,
        0.12412534, -0.32329038, -0.10735932, -0.00058589,  0.08976065,
        0.03191019,  0.2736929 ,  0.0283152 ,  0.15179138, -0.34220165,
        0.34108898,  0.26778027,  0.27647844, -0.07846972, -0.05359233,
        0.3500881 ,  0.11938425, -0.26714113, -0.11161938,  0.13194197,
       -0.23545758,  0.00136568,  0.0723202 , -0.24009119, -0.2171004 ,
        0.04271484,  0.30478   , -0.10921014,  0.19629344, -0.26505193,
       -0.29093355, -0.08508595,  0.06766228,  0.15480675, -0.37912074,
        0.02695278, -0.10857067,  0.0202467 , -0.12505683, -0.12596925,
        0.2763825 , -0.164668  , -0.22130106, -0.30385286,  0.2647978 ,
        0.18840161,  0.00164516, -0.31230536, -0.07508868,  0.25056392,
       -0.1411151 , -0.00440639,  0.03030492,  0.3151443 , -0.18257658,
        0.16105759,  0.2952946 , -0.3420425 , -0.15630694, -0.42690217,
       -0.07222516,  0.19491307,  0.3423058 ,  0.13753356, -0.19112164,
        0.03147555, -0.4121552 , -0.3216004 , -0.36804768,  0.21744695,
        0.31571984, -0.3203492 ,  0.0913199 ,  0.00144042, -0.10736884,
        0.04054858, -0.3241247 ,  0.2814347 ,  0.23716895, -0.41623944,
       -0.4621501 , -0.31665808, -0.28381875, -0.06046239,  0.06232324,
        0.07820294, -0.43793464,  0.26667488,  0.20422514,  0.11356528,
       -0.00749971,  0.05798396, -0.23885702, -0.2232377 ,  0.08784869,
        0.05953061,  0.17241903,  0.14252035,  0.08118215, -0.17765704,
        0.05363331,  0.06182064, -0.0516728 ,  0.2685025 ,  0.1316624 ,
        0.17937437,  0.23081078, -0.10434366, -0.40146786, -0.40924627,
       -0.04499479,  0.1383332 , -0.26103565,  0.35801154, -0.10649421,
        0.00268532, -0.18576066,  0.25479147,  0.22520007,  0.00968969,
        0.04870802, -0.27894223, -0.14657953, -0.36760587,  0.02497093,
        0.3025021 , -0.0132582 , -0.22691049, -0.16167976, -0.03709043,
        0.10901404, -0.18402992, -0.1437524 , -0.03205605, -0.07249064,
        0.23313019,  0.1451928 , -0.1543445 ,  0.22595042, -0.01317612,
       -0.09544558, -0.20752037,  0.25081503,  0.01071728, -0.16288799,
        0.16760775, -0.22638337,  0.19700317, -0.3946114 , -0.23164074,
        0.25134665, -0.08765437,  0.01918093, -0.07535286, -0.42180112,
        0.1399124 , -0.32621875, -0.3008764 ,  0.3716343 ,  0.2070359 ,
       -0.47904032, -0.09983566, -0.05498239, -0.19496995,  0.07098575,
        0.14112417,  0.02922944,  0.3841902 , -0.00299722, -0.03027337,
       -0.37156847, -0.37295085, -0.1983367 ,  0.22398977, -0.00692894,
       -0.10961858, -0.01559941, -0.27729335, -0.46817464, -0.21604846,
       -0.48476452,  0.19932659,  0.27945027,  0.2960848 , -0.11270239,
       -0.08933677,  0.12415271, -0.18628605, -0.43161327, -0.00786779,
        0.22217853,  0.02801496,  0.03448856, -0.08290283,  0.30952618,
       -0.42488363, -0.13914792, -0.35633847, -0.39449427,  0.10430838,
        0.2781793 ,  0.09144266,  0.03470468, -0.04012984, -0.05236654,
        0.29407516, -0.17126718, -0.22444455, -0.0546781 , -0.3854512 ,
        0.19286229,  0.00194104,  0.01329852,  0.14376813, -0.23393527,
        0.30806524, -0.20829421,  0.13596985,  0.15336989,  0.3389764 ,
       -0.05140584,  0.2088832 , -0.14008294, -0.21421589, -0.07956922,
        0.30253598,  0.22757848,  0.03546876, -0.305246  , -0.05409422,
        0.20312938, -0.44015902, -0.19733474,  0.1874307 ,  0.1025395 ,
        0.34329674,  0.1567982 , -0.24124187, -0.26752692, -0.02635238,
        0.07400315,  0.20811577, -0.11008215, -0.12395449,  0.00439445,
       -0.38500935, -0.06477254,  0.30565333, -0.10381202, -0.15238565,
        0.18940009,  0.3742407 , -0.10420536,  0.29056   , -0.16123155,
        0.08939202,  0.17968787,  0.14616215,  0.00283317,  0.1798689 ,
       -0.2759492 , -0.12092158,  0.05288605, -0.07985859,  0.08803219,
       -0.07155464, -0.21422656, -0.2094398 , -0.39915276,  0.18262072,
       -0.30344677,  0.3700459 , -0.1378004 ,  0.30564138, -0.1970459 ,
       -0.17231917,  0.34815526,  0.15617168,  0.02633556, -0.05567988,
       -0.4305444 ,  0.20070997, -0.36291856, -0.2763735 ,  0.04121302,
        0.04202876,  0.4756841 , -0.08355173, -0.25015905, -0.07453565,
       -0.09847672,  0.37586632, -0.01846083,  0.03611057,  0.10957121,
        0.22075441, -0.12043174, -0.24858353, -0.24081042, -0.287908  ,
        0.1871228 , -0.36910138,  0.0486543 ,  0.20916823, -0.34462503,
        0.07868716, -0.26175305,  0.28871042,  0.33325326, -0.06825808,
       -0.24153206,  0.4029488 , -0.46561474, -0.32750526,  0.17363864,
        0.07518317, -0.12540524, -0.01415778, -0.13203591, -0.10454911,
       -0.23473667, -0.19295603,  0.37496606, -0.11339299, -0.07556972,
       -0.24383505,  0.31897938,  0.13962196, -0.01132839,  0.31145808,
       -0.20276278, -0.40687352,  0.352802  ,  0.29271075,  0.23322518,
       -0.3098988 , -0.21906084,  0.4033199 ,  0.14084096,  0.09867758,
        0.20912647,  0.24002063,  0.16006634,  0.34009907, -0.28021488,
        0.15490578,  0.25334147, -0.08703363,  0.19783315, -0.22110656,
       -0.1248025 , -0.31221673,  0.20363954,  0.12432769, -0.04396386,
        0.32822335,  0.32529274, -0.01485257,  0.0114322 ,  0.29116973,
       -0.29628077,  0.27829358, -0.33181494,  0.00323156, -0.45670688,
        0.3228077 ,  0.2689039 ,  0.19967322,  0.06536502,  0.22046047,
       -0.13521136,  0.01893679, -0.31844777, -0.14369878, -0.23599583,
       -0.1081411 ,  0.13160877,  0.27405646,  0.0361659 ,  0.33190697,
       -0.12860171,  0.19776912,  0.17761785,  0.32196006,  0.02001293,
        0.33564976,  0.10577777, -0.3223312 , -0.27570343, -0.42803717,
        0.29171702, -0.14733776, -0.39195842, -0.04669707,  0.06473131,
       -0.42506692, -0.14836873, -0.08054484, -0.4232536 ,  0.00078916,
        0.07153863, -0.15188594, -0.11944278, -0.27888757, -0.39680198,
       -0.30895147, -0.09673971, -0.39070797, -0.15550828, -0.27767083,
       -0.08735053, -0.33398375, -0.40842664,  0.25449422, -0.38219845,
        0.08625057, -0.13326189,  0.26848465,  0.17392094,  0.24565071,
       -0.07680276, -0.08277667, -0.37354928, -0.33266592,  0.35340235,
        0.16623607, -0.19193497,  0.18981649, -0.03737396,  0.31348163,
        0.01483539,  0.14363465,  0.19643354, -0.08199405, -0.12556957,
        0.13264954, -0.23456453, -0.3076552 ,  0.29372367, -0.17923597,
        0.0331467 , -0.25984505, -0.3497553 , -0.1457761 ,  0.22404106,
       -0.35680106,  0.24994208,  0.13514683,  0.23977892,  0.05447896,
        0.16338179, -0.05417056, -0.25524208, -0.12879664, -0.14261894],
      dtype=float32), 'encoder.4.weight': array([[-4.4330531e-01, -4.0012807e-01, -3.1391296e-01, ...,
        -2.2273697e-01,  1.2375002e-01,  4.6112474e-02],
       [ 3.0101413e-01, -7.8497194e-02, -8.9268535e-02, ...,
         1.8780615e-02, -8.8438831e-02, -2.0672134e-01],
       [-4.1714258e-02,  1.6911201e-01,  3.2842529e-01, ...,
         1.6707884e-01, -1.9982144e-01, -2.6582095e-01],
       ...,
       [ 1.8114626e-04, -7.3963769e-02,  5.3453062e-02, ...,
        -2.6479122e-01,  6.0214471e-02,  3.5113889e-01],
       [ 2.7160609e-01, -2.6374882e-01, -3.4447318e-01, ...,
         1.3505220e-01,  1.6138282e-01, -2.4307754e-02],
       [-4.3882227e-01, -2.9247665e-01, -4.7022425e-02, ...,
        -3.2645249e-01, -2.1543941e-01,  1.1888765e-01]], dtype=float32), 'encoder.4.bias': array([-0.06601731,  0.25109074, -0.2509343 , ...,  0.05953467,
       -0.42835534,  0.2334017 ], dtype=float32), 'encoder.6.weight': array([[-0.0493366 , -0.18235408, -0.09565977, ...,  0.02890747,
        -0.14548731,  0.1143099 ],
       [-0.02575708, -0.14319235, -0.17952916, ..., -0.02231813,
         0.1804773 , -0.1060315 ],
       [-0.06850412,  0.10072568, -0.07448789, ...,  0.04768106,
        -0.19391933, -0.02823964],
       ...,
       [ 0.0318718 ,  0.2435753 , -0.05281633, ..., -0.12642418,
         0.10107249,  0.06623047],
       [-0.14974542,  0.02824239,  0.08029787, ..., -0.08771437,
         0.13432409, -0.1391278 ],
       [ 0.19917572, -0.11708749, -0.11873437, ..., -0.06993005,
         0.09792479,  0.1329395 ]], dtype=float32), 'encoder.6.bias': array([ 0.02437976,  0.13167642,  0.0981358 ,  0.0845331 , -0.02347061,
       -0.12289817,  0.09474821, -0.03955375,  0.02886232, -0.127091  ],
      dtype=float32), 'decoder.0.weight': array([[ 2.176636  ,  0.9340614 ,  1.9607846 , ...,  1.5237693 ,
        -2.5928113 ,  0.6920282 ],
       [ 0.35427338,  2.731748  ,  2.1103497 , ...,  0.12782374,
        -1.0432354 , -1.4434737 ],
       [-1.0124683 , -0.05749479,  1.7156702 , ..., -1.8668973 ,
        -0.16877066,  0.9836845 ],
       ...,
       [ 1.8916909 ,  1.586618  , -1.2080451 , ..., -0.19115248,
        -1.5896512 ,  1.2011839 ],
       [-1.647985  , -0.8977536 ,  0.40423182, ...,  1.8467427 ,
         0.3547057 ,  1.4976628 ],
       [-0.6989004 ,  1.7056161 , -1.0564449 , ..., -0.4152381 ,
         0.9450616 , -1.6889623 ]], dtype=float32), 'decoder.0.bias': array([ 0.786505 ,  2.0877116, -2.2712705, ..., -1.2422004,  1.1172472,
        1.1668295], dtype=float32), 'decoder.2.weight': array([[-0.19226338, -0.09268795, -0.18463753, ...,  0.1547044 ,
         0.12263218,  0.15124562],
       [-0.23688231, -0.16404767,  0.14493014, ...,  0.14652392,
         0.01246594,  0.11412656],
       [ 0.13096951,  0.14623076, -0.00163341, ..., -0.15172186,
        -0.00608857,  0.100201  ],
       ...,
       [-0.14003152,  0.14145055,  0.09110498, ..., -0.01990683,
         0.13367066, -0.12538177],
       [-0.13802646,  0.16459008,  0.00851636, ...,  0.10725366,
        -0.01566252, -0.10664342],
       [ 0.13777077, -0.13439508, -0.0265279 , ..., -0.03882812,
        -0.2198701 ,  0.08784989]], dtype=float32), 'decoder.2.bias': array([ 0.0870038 ,  0.01871254,  0.0167274 , -0.23113225,  0.16849574,
        0.03566374, -0.0111492 , -0.16069882, -0.09374956, -0.08741795,
       -0.04565008, -0.04628949, -0.01496712,  0.07188939,  0.0078928 ,
       -0.03350127,  0.0671004 , -0.06681743, -0.0910164 , -0.19570124,
       -0.18464673, -0.1344275 , -0.06579961, -0.04318153, -0.05693721,
        0.07400843,  0.1666022 , -0.23254277, -0.17699137, -0.26062372,
        0.04141202, -0.19390756, -0.10117424, -0.18663298, -0.22056064,
       -0.19583398,  0.18573895, -0.23786515, -0.22508618, -0.00031178,
        0.00257671,  0.11724619,  0.05538409, -0.1583887 , -0.02471933,
       -0.21259695, -0.01460571,  0.03941201,  0.02130453, -0.0202754 ,
        0.08909268, -0.21062371,  0.1358349 ,  0.1903173 ,  0.02094391,
        0.07942925, -0.12383915, -0.09743878, -0.01243674, -0.07462681,
       -0.21307597,  0.06878714, -0.03508632,  0.10571158,  0.00856672,
        0.03011016, -0.19171928, -0.00875681,  0.11899249,  0.12959366,
       -0.20252337, -0.01796848, -0.07835662, -0.05446697,  0.06005631,
       -0.1372056 ,  0.06479628,  0.19015494,  0.15836824, -0.15087011,
       -0.0390039 ,  0.10471896,  0.1719382 , -0.07781978,  0.18361293,
        0.16687502, -0.09478351, -0.08536705,  0.09539489, -0.05636249,
        0.04753474, -0.18104981, -0.09851966,  0.14800167,  0.11846235,
        0.12797242,  0.12170508,  0.1331891 , -0.13146326,  0.01519831,
       -0.03355715,  0.14742109,  0.07299348, -0.08402362, -0.03903079,
       -0.00722188,  0.07360104,  0.12298054,  0.15771404,  0.1325479 ,
        0.13795933, -0.14125803,  0.11619479,  0.04075038, -0.1388953 ,
       -0.03253898, -0.10226496,  0.14460857,  0.10151247, -0.13596518,
       -0.15845604, -0.16045254, -0.15889306,  0.11335942, -0.2071895 ,
       -0.05746779,  0.1393822 ,  0.01053939, -0.06348825,  0.04908726,
       -0.04300446, -0.07405362, -0.02009656, -0.19901451,  0.08062721,
       -0.1551389 ,  0.01331488, -0.07949076, -0.09156299,  0.06423625,
        0.03658598, -0.15634131,  0.07089072,  0.17776002,  0.17633428,
       -0.02202139, -0.16944864, -0.16505525, -0.05287476, -0.14283472,
       -0.00110024,  0.01086446,  0.14770487,  0.17666425, -0.06374013,
        0.05619687,  0.03475637, -0.0817804 ,  0.15393403,  0.0161596 ,
       -0.13486005, -0.07008706, -0.01108394, -0.099289  ,  0.12897669,
        0.05418604,  0.08495408,  0.16168407, -0.03403813, -0.15839219,
       -0.02373857, -0.01162234,  0.14040592, -0.05000382,  0.05772045,
       -0.01764027,  0.08881006, -0.05165271,  0.10106722,  0.07518506,
        0.12087665,  0.12730163,  0.01088411,  0.1273459 , -0.09860779,
        0.0512607 ,  0.11648593, -0.04802777,  0.06088553,  0.12312907,
       -0.20742974, -0.05552629,  0.10667876,  0.14712915,  0.10017987,
        0.06995958,  0.11126896,  0.14415348, -0.21729428,  0.09300502,
        0.05098283, -0.16371274,  0.07129411,  0.18350066,  0.04885031,
        0.1424558 ,  0.08813118, -0.04738228,  0.0164997 ,  0.05081198,
       -0.24342972, -0.09483384, -0.1632981 , -0.18483242,  0.13112806,
        0.04201585, -0.16067441, -0.15433337, -0.13482599,  0.17168182,
       -0.17975691, -0.12973262,  0.10191221, -0.21938223,  0.02001433,
        0.01641804, -0.03470554, -0.0425461 ,  0.00545496, -0.03634933,
       -0.07296631,  0.12243336,  0.02312915,  0.01110296, -0.25436628,
       -0.21208937,  0.06792035,  0.00825619,  0.16820827, -0.14313264,
       -0.10511528, -0.20522182,  0.00827894, -0.1744146 ,  0.13786331,
       -0.12536423,  0.15534575,  0.05632151,  0.1358628 , -0.07907181,
       -0.15703158,  0.02159584,  0.01891969,  0.10006604,  0.06182576,
       -0.08456811,  0.1789859 ,  0.104609  , -0.08930209, -0.03174017,
        0.0393642 , -0.17919645,  0.03598724,  0.06849921, -0.01752271,
       -0.10423765, -0.06994338, -0.2125686 ,  0.13902271,  0.06083269,
        0.06652237, -0.11623421,  0.1936859 , -0.23369282, -0.109743  ,
       -0.07579048,  0.06796685, -0.00643422, -0.06843261,  0.1606063 ,
        0.05207923, -0.21999808, -0.18823427,  0.09572397,  0.01887196,
       -0.01847568, -0.08176592, -0.18872163,  0.20077199, -0.11870379,
        0.15557538,  0.01374311, -0.09485135,  0.03172291,  0.01622117,
       -0.14823443, -0.03384456,  0.15630117,  0.01294327, -0.14932229,
       -0.14463474, -0.14885609, -0.2447989 ,  0.13913612,  0.0945343 ,
       -0.17978674, -0.04890121, -0.06831393, -0.20938325,  0.10773008,
       -0.00332414, -0.0024568 , -0.09473466, -0.20846981, -0.07816072,
        0.08649833,  0.13640563,  0.06354097, -0.21827146, -0.20357136,
        0.02344142, -0.20257387, -0.0094876 ,  0.08629598, -0.10728892,
       -0.02416132, -0.02525881, -0.08797245,  0.08365002,  0.07291082,
       -0.24339758, -0.03106695,  0.01295867,  0.06145861,  0.20846303,
        0.02002565, -0.2169081 , -0.07770289,  0.04216523, -0.04867226,
        0.1902823 ,  0.14816324, -0.09246489,  0.16715845, -0.20567486,
       -0.23659447, -0.01632909, -0.010328  ,  0.20825116,  0.11425157,
        0.01092463, -0.1752216 , -0.07968865,  0.1529708 ,  0.00256081,
        0.17116325, -0.12687252,  0.04817328,  0.05980767, -0.08676989,
        0.09259455,  0.11627542, -0.10797206, -0.04782465, -0.02926124,
        0.18040814,  0.03477981, -0.14868233,  0.15814896, -0.18097708,
       -0.19228141,  0.08890682,  0.20630053, -0.02089978,  0.08868271,
        0.16256939,  0.05246759,  0.00509081,  0.09560138,  0.13549964,
       -0.1394516 , -0.07076062,  0.14742614,  0.12116769, -0.10512104,
       -0.1849265 , -0.09228639, -0.11060503, -0.12050687,  0.08382546,
        0.1611578 , -0.08977709, -0.01788754, -0.22044107, -0.1645258 ,
       -0.18530473, -0.22940283, -0.17393602, -0.10895791, -0.18030083,
        0.14948283, -0.18226479,  0.16220808,  0.15752459, -0.08132362,
       -0.06473698, -0.07761225,  0.12169189, -0.03088594, -0.17949419,
        0.14457555,  0.01287074, -0.27372986, -0.00917797, -0.03760532,
       -0.08956518,  0.12088636,  0.18854782,  0.04376702,  0.10578649,
       -0.0507176 , -0.07648202, -0.13525468,  0.02145318,  0.11209051,
        0.12150727,  0.03928417,  0.18641898,  0.10791089, -0.03642826,
       -0.01602606,  0.09363788, -0.24191748,  0.0241176 ,  0.04380884,
        0.08538817,  0.01640233,  0.10887158, -0.15054911, -0.01350907,
        0.04850327, -0.02124628, -0.02458596,  0.15419699,  0.04092016,
       -0.1438845 ,  0.12631834, -0.0362509 , -0.05915583, -0.13592495,
        0.17177157,  0.16773969, -0.10778567,  0.02401687,  0.15356492,
       -0.1941446 ,  0.11515536, -0.00190935,  0.00915066,  0.16883765,
       -0.02477898, -0.18123996, -0.18302788,  0.0039296 , -0.04513434,
       -0.16552508, -0.18647851,  0.11375719,  0.08298308,  0.02306602,
       -0.00902225,  0.10033846,  0.12341893,  0.11938436,  0.02730466,
       -0.22926997, -0.01583663,  0.01712392,  0.20321555, -0.06053751,
        0.03027046, -0.14246483,  0.038637  ,  0.00921859,  0.12659171,
        0.1549616 , -0.21295281, -0.13466328, -0.04363858, -0.03031962,
       -0.21837181, -0.12880288,  0.10067919, -0.01629261, -0.06112188,
        0.14625178, -0.16625713, -0.08454033,  0.15296163, -0.05900054],
      dtype=float32), 'decoder.4.weight': array([[ 0.36052382,  0.1786497 , -0.27606744, ...,  0.06178941,
         0.2350097 ,  0.2550495 ],
       [-0.10391171,  0.41735977, -0.1201636 , ..., -0.09885037,
         0.28656468, -0.06660329],
       [-0.04077438, -0.32572252,  0.07430249, ...,  0.32680005,
        -0.20985806,  0.05264213],
       ...,
       [ 0.24757348, -0.36617056, -0.24890053, ...,  0.0548102 ,
         0.3182475 , -0.23111635],
       [ 0.24900614, -0.44318834,  0.23963712, ..., -0.2546189 ,
         0.0704838 ,  0.1934431 ],
       [-0.31914872, -0.11887551, -0.1454022 , ...,  0.01548346,
        -0.20458654,  0.14853325]], dtype=float32), 'decoder.4.bias': array([-0.25656763,  0.26098892,  0.22998658, -0.39512104,  0.26423252,
       -0.09966308, -0.09032446,  0.02447305, -0.05312195, -0.24365312,
       -0.42669865, -0.13638687, -0.27816945,  0.31456107, -0.28838637,
       -0.44532275,  0.04127452, -0.3870022 ,  0.16154653, -0.30992925,
        0.29715466,  0.11717139,  0.17283255, -0.51395434, -0.2458873 ,
       -0.23556736,  0.13091806,  0.2925907 , -0.4431118 ,  0.36285585,
       -0.4100166 ,  0.22894521,  0.08411393,  0.24295251,  0.0649239 ,
        0.02674018,  0.13242678, -0.06842732,  0.15842192, -0.01236441,
       -0.23835453,  0.12601802, -0.25647926, -0.10655938, -0.2834369 ,
       -0.30985734,  0.10990883, -0.06351434,  0.07918438, -0.03058746,
       -0.20685102, -0.16145559,  0.08991688,  0.39268923, -0.48835254,
        0.08672158, -0.26880792, -0.18701358, -0.43430793, -0.27294567,
       -0.2581717 ,  0.21007417, -0.03645224,  0.0998449 , -0.28264838,
       -0.22892894, -0.19052401,  0.04718439,  0.27491882,  0.13006502,
       -0.197746  ,  0.35684106, -0.29266363, -0.0131159 , -0.49590492,
        0.16581471, -0.01456067, -0.11744598, -0.291315  , -0.18293166,
        0.10398602,  0.2438821 , -0.30568492, -0.08273637,  0.02613023,
       -0.39302313, -0.06073786,  0.24768348,  0.41066596, -0.3678998 ,
        0.1426206 ,  0.15026645,  0.1798106 , -0.07394385, -0.29086524,
        0.19671412,  0.20486835, -0.17386125, -0.31893137,  0.14509836,
       -0.2813557 ,  0.2565784 , -0.1760535 , -0.41581905, -0.37568092,
        0.06222579, -0.03185645, -0.3218194 , -0.1673503 , -0.40345043,
       -0.2384549 , -0.3014065 , -0.1873012 ,  0.1008301 , -0.2814913 ,
        0.402407  ,  0.24014151,  0.17280893,  0.29784384, -0.32476327,
        0.14265898, -0.03187092, -0.4461853 ,  0.44637913,  0.02803311,
       -0.31905022, -0.30075294,  0.20853569, -0.37529317,  0.41055202,
       -0.03034048, -0.08905251, -0.29397905,  0.02447249, -0.413835  ,
        0.13576937,  0.3314525 , -0.3906099 ,  0.28547248, -0.35816947,
        0.07294911, -0.44760942, -0.04703683, -0.2429174 ,  0.1671384 ,
        0.10957785, -0.15706648, -0.0574484 ,  0.2130581 , -0.01609973,
        0.198017  ,  0.01938882, -0.37144977, -0.06066057, -0.37144694,
        0.36562786, -0.03389756,  0.29758328,  0.27105245, -0.24273074,
       -0.22191675, -0.04254035,  0.00319697, -0.3692857 , -0.43576878,
       -0.3410547 , -0.2141007 , -0.30040216,  0.09888407,  0.25020325,
        0.27445492, -0.20680861,  0.38011286,  0.21882816,  0.16314861,
        0.09004469, -0.41575915,  0.09968352, -0.01222877, -0.04219443,
       -0.38956875, -0.4105374 , -0.3337396 , -0.19774649,  0.2264697 ,
       -0.02251776,  0.1460858 , -0.09202508, -0.07789525, -0.37197733,
        0.2678966 , -0.04436629, -0.46610314,  0.15010548,  0.32352293,
        0.19797835,  0.00095212, -0.44893333, -0.24292372,  0.12351211,
        0.21121344, -0.15049717, -0.14631282,  0.19992442,  0.39849997,
        0.3164629 ,  0.05677459,  0.16450189, -0.15961348,  0.11570919,
        0.12934308, -0.00970179,  0.31286705,  0.0216238 , -0.28052437,
        0.06303113,  0.42476422,  0.16781354, -0.40454715,  0.3029375 ,
        0.2888023 ,  0.20425749, -0.04376654,  0.1829535 , -0.16606812,
        0.04462009, -0.37470892,  0.21790697, -0.24218105, -0.06890318,
       -0.07884965,  0.23448002, -0.23588334,  0.18783773, -0.44856167,
       -0.17800191, -0.09426151,  0.19283992,  0.10321625, -0.22028446,
       -0.18733412,  0.02953732,  0.0034781 ,  0.02608935,  0.2818198 ,
       -0.33558896,  0.16516985,  0.2186042 , -0.49059367, -0.12886994,
        0.05647583,  0.2132892 , -0.31033236, -0.36842388,  0.2790423 ,
       -0.17853032,  0.13031389, -0.08467367,  0.20027055, -0.25991577,
       -0.351485  , -0.37253916, -0.15148999,  0.21123008, -0.46898946,
       -0.13456096, -0.17743807, -0.2813666 , -0.17689805, -0.10380968,
       -0.17373547, -0.16623916, -0.48519987,  0.19265237,  0.22488658,
       -0.13480878, -0.1930075 , -0.20284349,  0.3856881 ,  0.03234591,
       -0.23316166, -0.09827305,  0.37372178, -0.19676208,  0.2484739 ,
       -0.36488736,  0.08239766,  0.24415538,  0.01738978,  0.25202125,
       -0.09993142,  0.12356018, -0.18423179,  0.23098505, -0.34738895,
        0.3958063 ,  0.08931907, -0.4229688 ,  0.08865092, -0.1327429 ,
       -0.23754793, -0.34896097,  0.16994193, -0.147494  , -0.02148067,
       -0.4416258 , -0.41524178, -0.20085604,  0.07368184,  0.149429  ,
       -0.1000542 ,  0.40292174,  0.19658776, -0.09058007,  0.24851286,
        0.01775269,  0.3532213 , -0.28108442, -0.47091556,  0.07841446,
        0.15916692, -0.34142652, -0.00802953, -0.35985783, -0.04988676,
       -0.47317484, -0.17927475,  0.03951045, -0.27402055, -0.06060497,
       -0.01786486,  0.10043367,  0.14788556, -0.02507796,  0.24793802,
       -0.24675626, -0.29187858, -0.35332727, -0.34115165, -0.3088217 ,
       -0.18841006, -0.0719804 ,  0.44997144,  0.12560588,  0.18941548,
        0.008447  ,  0.07452324, -0.32324782,  0.13709678, -0.05501045,
       -0.32650918, -0.07498082, -0.2048103 ,  0.20852445, -0.24165002,
       -0.38410792, -0.30694512,  0.07715826,  0.1074068 , -0.37222174,
       -0.07864644, -0.02391741, -0.3193476 , -0.4909653 ,  0.11739238,
        0.39738604,  0.30113938,  0.11798435, -0.33901456,  0.20424004,
       -0.11991668, -0.01258232,  0.24953154,  0.01633828, -0.15383129,
       -0.08586181,  0.3141687 ,  0.12358049, -0.01578631,  0.37003696,
       -0.5904261 ,  0.12886578, -0.24201441, -0.03860811,  0.08086659,
        0.37603894, -0.13377637, -0.1119431 , -0.16460553,  0.3966096 ,
       -0.3152411 ,  0.30893743,  0.17519194, -0.28685752, -0.15858695,
       -0.03836406,  0.35027492, -0.35492784, -0.0759002 , -0.15404528,
        0.27013227,  0.00415634, -0.3304319 , -0.37639356,  0.20792803,
        0.06483998, -0.30659422, -0.30202383,  0.0280771 ,  0.2943395 ,
        0.11581026, -0.41418764,  0.06293987, -0.49136633,  0.07146085,
        0.17691526, -0.07500885, -0.31042415,  0.29466105, -0.42061815,
       -0.14163296,  0.06560099,  0.22912139, -0.25650883, -0.16387826,
        0.07101066, -0.15180317, -0.50107145, -0.47299993, -0.03812768,
        0.31679553,  0.12859361, -0.20639943, -0.41451055, -0.18034151,
        0.34029004, -0.06188012, -0.45885995,  0.02308843, -0.37908894,
       -0.1371699 ,  0.15784074,  0.2230004 ,  0.08592124,  0.28225598,
        0.276863  ,  0.22489627, -0.4286126 ,  0.05979403, -0.2965787 ,
        0.07885808, -0.41855007, -0.15262079, -0.09634177,  0.10869908,
        0.04004744,  0.30612537, -0.24331614,  0.23066883,  0.30851644,
       -0.24025394, -0.2566259 , -0.38131636,  0.19432841,  0.0409199 ,
        0.20909303,  0.39418003, -0.30051747,  0.24901274, -0.40845814,
        0.26991805, -0.12150613, -0.06748603,  0.20549494, -0.2905717 ,
        0.027316  , -0.28942993,  0.16392057, -0.16523933,  0.08241515,
       -0.37493423, -0.00786931,  0.05170739, -0.3719411 , -0.35909   ,
       -0.18695499, -0.30938697,  0.37917405, -0.07573671, -0.38173783,
       -0.4664708 , -0.40550688, -0.30685523, -0.19067249, -0.4321809 ,
       -0.23637722,  0.0771792 , -0.45795935,  0.32750255,  0.0446943 ],
      dtype=float32), 'decoder.6.weight': array([[-0.19395177,  0.64697844, -0.01494303, ...,  0.5026681 ,
        -0.39500287,  0.5561439 ],
       [-0.07056017, -0.1397329 ,  0.11159101, ..., -0.3068945 ,
         0.08891785,  0.16788094],
       [-0.25212157,  0.26380432, -0.3933697 , ...,  0.3233858 ,
        -0.0080664 , -0.01372551],
       ...,
       [-0.17034774,  0.16166565,  0.27739257, ..., -0.43304798,
        -0.00172254, -0.2768907 ],
       [-0.39003408, -0.0645723 , -0.33599275, ..., -0.04402834,
         0.27135497, -0.06162088],
       [ 0.29604608,  0.32914206, -0.00965097, ..., -0.19960333,
         0.11036789, -0.17741081]], dtype=float32), 'decoder.6.bias': array([ 0.08639632, -0.02957631, -0.4440398 , ..., -0.36243537,
        0.02508513, -0.09790349], dtype=float32)}
127.0.0.1 - - [12/Jan/2025 12:12:48] "GET /api/status HTTP/1.0" 200 157
[Time: 12.01.25 12:12:48] [Level: info] [State: aggregate] {'encoder.0.weight': array([[-0.09574115,  0.08629288,  0.05059199, ..., -0.04957049,
         0.04573864, -0.07148214],
       [-0.01548723, -0.09954393, -0.05997907, ...,  0.02079237,
        -0.12153737, -0.02584301],
       [ 0.1581991 , -0.09841332,  0.02952642, ..., -0.0814964 ,
        -0.04581533, -0.03395886],
       ...,
       [-0.04010497,  0.04205406,  0.1260432 , ...,  0.1075995 ,
        -0.05771749, -0.0139592 ],
       [ 0.03401313,  0.02268808,  0.02008042, ...,  0.02561196,
        -0.11658494,  0.00466711],
       [-0.11311379, -0.0619522 , -0.07364937, ..., -0.03521902,
         0.02971538,  0.01280417]], dtype=float32), 'encoder.0.bias': array([-3.58889028e-02, -3.43409553e-02,  2.86800861e-02, -4.97266017e-02,
       -1.33364797e-01,  5.76005690e-02, -2.25187261e-02, -8.55420381e-02,
       -8.95502418e-02,  5.35959527e-02, -1.41479056e-02, -1.14481799e-01,
        2.34197211e-02, -8.37334394e-02, -3.14236544e-02,  6.42782776e-03,
       -6.52182624e-02, -2.19810698e-02, -1.07483581e-01, -1.08318530e-01,
       -1.39649048e-01,  4.77066487e-02, -9.59079787e-02,  3.42745408e-02,
        1.74312834e-02,  7.06554651e-02,  5.56684919e-02,  9.64669809e-02,
        3.44926603e-02, -6.32031038e-02, -8.36147964e-02,  5.55191785e-02,
       -3.64451110e-02, -9.95832011e-02,  3.77381715e-04,  9.81803462e-02,
       -1.02079753e-02, -1.77718000e-03, -7.31839146e-03, -1.00352187e-02,
        5.86729571e-02, -6.69964775e-02, -1.11699207e-02,  9.00259838e-02,
       -5.20922206e-02, -1.32431328e-01, -3.86934206e-02, -6.35630637e-02,
        8.14454034e-02, -8.70011449e-02, -7.55552500e-02, -2.57895477e-02,
        7.11135566e-03, -9.32639912e-02,  1.91236418e-02, -1.25474548e-02,
       -2.50491011e-03, -4.31559235e-02, -8.87131318e-02, -1.19981468e-01,
        1.31647345e-02,  3.74322012e-02, -1.07615024e-01,  7.45326951e-02,
       -1.01868575e-02,  9.39736366e-02, -8.90520588e-02, -1.29609481e-01,
       -1.49591804e-01,  2.83107068e-02,  9.68620554e-02, -9.12768692e-02,
       -4.10239175e-02, -9.87355113e-02, -8.62885341e-02, -4.52345051e-03,
       -1.05522051e-01,  7.16704279e-02, -1.23148970e-01,  1.66396089e-02,
        9.36742499e-02,  7.90748298e-02, -8.81648436e-02,  6.67525083e-02,
       -7.60613009e-02, -2.47015860e-02, -5.79734668e-02,  3.51795405e-02,
        2.74046380e-02, -7.62981847e-02, -5.71872517e-02,  3.40153389e-02,
        7.77399987e-02, -9.35945660e-02, -6.94340467e-02,  1.48699367e-02,
       -4.11068425e-02, -1.13960810e-01,  3.06427311e-02, -8.26765746e-02,
        5.56490608e-02, -1.13068752e-01, -9.37996209e-02, -4.57261782e-03,
       -7.40512833e-02, -9.90734622e-03,  1.55827049e-02,  6.09022304e-02,
        4.18972895e-02,  9.41017345e-02, -5.84965013e-02, -1.68136694e-02,
       -3.13518979e-02, -3.53276846e-05, -5.26888072e-02,  8.28909427e-02,
       -5.57025746e-02, -3.74582969e-02, -6.82958588e-02,  8.84520411e-02,
        1.86658408e-02, -1.19870707e-01, -1.00565396e-01, -5.02587156e-03,
       -1.75375976e-02, -5.43732271e-02, -4.91457991e-02, -2.25811508e-02,
       -7.46261701e-02,  7.83937275e-02,  8.77277479e-02, -1.11135446e-01,
        7.98818364e-04,  9.11679864e-02,  6.65622056e-02,  2.34747049e-03,
       -1.81536134e-02, -1.33349327e-02, -2.68802559e-03, -6.01571053e-02,
        7.53386542e-02, -1.27061501e-01, -3.66953798e-02, -5.24420403e-02,
       -4.18130495e-03,  8.75978395e-02, -6.69265864e-03, -4.57438566e-02,
       -2.15910152e-02, -7.46424347e-02, -4.75335717e-02,  7.43816420e-02,
       -5.71855493e-02, -3.52449296e-03, -5.18279970e-02, -4.03210595e-02,
        8.56226608e-02,  6.38540536e-02, -5.18435538e-02, -1.36509091e-01,
       -5.40181026e-02, -1.55348005e-03, -8.37905630e-02,  7.02352077e-02,
       -8.41748640e-02, -1.25773266e-01,  7.82653615e-02,  7.23126084e-02,
        7.68377855e-02, -4.42800634e-02, -1.29509494e-01, -8.03794339e-02,
        2.84812623e-03, -7.88348913e-02,  8.33581090e-02,  5.42246737e-02,
        5.92663400e-02, -1.13793038e-01, -1.28092661e-01,  1.03655465e-01,
       -8.19546357e-02, -6.27275482e-02, -1.09388955e-01,  4.37333733e-02,
        5.32963574e-02, -1.12752885e-01,  6.45142198e-02, -7.95760900e-02,
       -1.06661186e-01,  6.81579113e-02, -9.36838910e-02, -3.97626795e-02,
       -8.39327723e-02, -1.27879739e-01,  1.05698064e-01,  9.04196501e-02,
       -1.96565110e-02, -1.15145948e-02, -3.42547819e-02, -6.38836771e-02,
       -1.18044734e-01,  1.54736564e-02, -9.46527943e-02,  6.71561509e-02,
        6.90675247e-03,  7.23147318e-02, -1.06230758e-01,  8.61877203e-02,
       -1.79695319e-02,  1.97364017e-02, -5.79706468e-02, -9.85633209e-02,
       -1.05523191e-01,  4.69805934e-02, -7.85035267e-02,  1.99841112e-02,
        4.81888354e-02, -1.90833071e-03, -8.50612149e-02,  1.83942858e-02,
       -7.86669105e-02, -2.56465096e-02,  7.01081157e-02,  8.15867074e-03,
       -8.45636353e-02, -1.64984822e-01, -1.38494790e-01,  8.47143382e-02,
        1.19421887e-03, -1.01195909e-01, -4.84033953e-03,  5.24216704e-02,
       -5.25976196e-02,  1.12739010e-02,  1.95391327e-02, -1.65260537e-03,
       -1.30286440e-01, -4.40900959e-02,  4.20693541e-03, -2.48372415e-03,
        1.24854103e-01,  6.11976832e-02, -6.05776049e-02, -1.41991014e-02,
       -8.24658945e-03, -7.20464764e-03,  2.55639441e-02, -5.29150739e-02,
       -7.64481053e-02, -1.13130361e-01,  5.00401855e-02, -1.22065678e-01,
       -6.30484223e-02, -2.76481453e-02, -8.04401468e-03,  3.69437225e-02,
       -4.96263467e-02,  7.32766390e-02, -9.42194983e-02,  4.90590520e-02,
        8.38864520e-02, -6.12583980e-02,  2.25533415e-02, -1.03557490e-01,
       -1.13534234e-01,  6.48195520e-02,  5.91968698e-03, -8.21793973e-02,
        3.43887731e-02, -2.04071403e-02,  6.76113218e-02, -8.29519629e-02,
        3.43678221e-02, -1.32319883e-01, -1.05015427e-01,  2.00832020e-02,
        1.58928917e-03,  7.56282732e-03, -7.25781843e-02,  3.52122858e-02,
       -1.25324160e-01,  2.74342839e-02, -8.88918266e-02, -9.66218412e-02,
        3.88418362e-02, -5.30620031e-02,  1.83116049e-02, -8.46952572e-02,
       -4.10692617e-02, -8.71229991e-02, -7.85423443e-03,  4.70394418e-02,
       -1.00351036e-01, -4.57248911e-02,  7.53849745e-02, -1.32317334e-01,
       -1.39172003e-01, -7.47409984e-02, -1.24608107e-01,  8.93109813e-02,
       -6.60903603e-02,  5.86619154e-02, -3.49424151e-03, -5.30717112e-02,
       -1.17407329e-01,  3.00267409e-03, -1.33442178e-01, -7.03632608e-02,
       -9.83361453e-02,  1.97195951e-02,  8.41366574e-02,  3.60177569e-02,
       -1.95822585e-03, -1.07295632e-01,  7.70184770e-02,  4.90713827e-02,
        2.01683734e-02, -7.20245838e-02, -1.14047714e-01, -1.00352928e-01,
       -9.59987342e-02,  1.44506479e-03, -7.85644278e-02, -1.18443020e-01,
       -1.32986903e-02, -1.32605165e-01, -6.55620918e-02, -1.53798908e-01,
        2.99023166e-02, -1.02347499e-02, -8.58197734e-02, -1.35080472e-01,
       -1.17970683e-01, -1.18922859e-01, -2.06927825e-02, -7.52435625e-02,
       -4.27723639e-02, -7.11836144e-02,  5.41177578e-02,  4.58697379e-02,
       -1.34473830e-01, -1.38306558e-01, -7.86621347e-02, -7.28242919e-02,
       -1.65888891e-02,  4.15830985e-02, -4.31874767e-02, -6.08068667e-02,
        7.65888095e-02, -7.96517953e-02, -1.19291306e-01, -1.00443009e-02,
       -1.03417300e-01,  8.15995634e-02,  6.00865223e-02, -9.11394581e-02,
       -1.70604605e-02,  4.80909906e-02, -7.96941221e-02,  4.30429950e-02,
        4.09537405e-02, -9.19180065e-02, -4.28514145e-02,  4.08816477e-03,
       -9.49522331e-02,  4.40677293e-02, -8.25241059e-02, -3.83377261e-02,
       -8.20314139e-02, -1.28548257e-02, -6.03843480e-02, -6.60280213e-02,
       -5.08364402e-02,  6.58943057e-02, -6.28753379e-02,  6.58914372e-02,
       -7.21319243e-02,  3.33999135e-02, -1.24504358e-01,  1.13048535e-02,
       -1.82493161e-02,  3.52159478e-02, -1.10461088e-02,  6.68060705e-02,
       -2.44158413e-02,  5.73454909e-02, -9.92814004e-02,  5.74754998e-02,
        2.19931211e-02, -1.26586646e-01, -9.91915911e-02, -9.65634510e-02,
        3.02173160e-02, -1.13793150e-01, -1.24135114e-01, -3.54179963e-02,
        7.76671246e-02, -3.50012269e-04,  1.51953641e-02, -1.25754714e-01,
       -1.01583246e-02,  2.26775408e-02,  1.34302061e-02,  2.99650244e-02,
       -6.17586449e-02, -1.30878925e-01, -7.32163265e-02,  4.06889394e-02,
        2.41447296e-02,  1.27545642e-02,  8.04698616e-02, -8.26034620e-02,
       -1.10511698e-01, -1.24057740e-01, -1.46395876e-04, -1.89961996e-02,
       -1.30006373e-01, -7.05116335e-03, -6.67478070e-02, -7.64889196e-02,
        3.15822028e-02, -3.81347835e-02,  8.29073414e-02, -5.40255792e-02,
       -1.13432027e-01, -1.21861868e-01, -7.85727501e-02, -7.65148774e-02,
       -1.11930020e-01,  5.38242608e-02, -1.37984127e-01, -3.87543440e-02,
       -1.33462474e-01, -1.01107724e-01, -1.02518067e-01, -1.16281189e-01,
       -5.89159317e-02, -1.15045145e-01, -1.17138661e-02, -1.36453658e-03,
        6.02878109e-02, -1.56049253e-02,  3.05240927e-03, -8.18365291e-02,
        2.83481814e-02, -1.07964456e-01,  6.42859936e-02, -3.63851860e-02,
       -1.29329354e-01, -1.24689020e-01,  5.68400286e-02, -1.22169591e-01,
        4.88808332e-03, -1.20820617e-02, -2.08896194e-02,  2.60148756e-03,
       -2.91959178e-02, -9.32874680e-02, -1.30109442e-03,  5.48274815e-02,
        1.06180096e-02,  7.77670592e-02,  5.83544150e-02, -1.05533630e-01,
       -1.00934379e-01, -1.31984472e-01,  5.46323210e-02, -4.58529629e-02,
        9.86234564e-03, -9.74671543e-02, -1.24482542e-01,  3.83528247e-02,
        6.85183108e-02,  5.66359311e-02,  8.33594948e-02,  1.01261437e-01,
        4.49150940e-03, -1.24710277e-01, -6.55407608e-02, -1.14805158e-03,
        4.21328060e-02, -7.33687505e-02,  1.02776058e-01, -9.65329539e-03,
        4.29961830e-02,  2.38690283e-02, -8.11936259e-02,  6.18477836e-02,
        7.41213858e-02, -1.19152017e-01, -1.03871867e-01,  5.71607277e-02,
        6.75791055e-02, -2.25386322e-02, -1.22193605e-01,  3.10443453e-02,
       -1.36823490e-01, -6.32149577e-02, -1.02950953e-01, -6.54109195e-02],
      dtype=float32), 'encoder.2.weight': array([[ 0.24345317,  0.11207245, -0.42929307, ...,  0.34809494,
        -0.02473196, -0.00834286],
       [ 0.2906278 ,  0.22186555, -0.32334825, ..., -0.42182216,
        -0.27908355, -0.12170512],
       [-0.38416502, -0.04230342, -0.09106521, ...,  0.04606016,
         0.32651335,  0.36315924],
       ...,
       [-0.35533094, -0.06022819, -0.30751717, ...,  0.26756412,
         0.01789862,  0.22549054],
       [-0.162049  ,  0.04322512,  0.22973257, ..., -0.22278701,
         0.10438794, -0.15586102],
       [ 0.15725076, -0.4006837 , -0.02224045, ..., -0.31976324,
         0.16331449,  0.13651857]], dtype=float32), 'encoder.2.bias': array([-1.33234650e-01, -1.31337836e-01,  1.09709855e-02, -2.47075900e-01,
       -2.29072198e-01, -2.84071445e-01,  1.41484477e-03, -2.93739170e-01,
       -3.11348736e-01,  4.09098864e-01, -2.05577552e-01, -2.50933468e-01,
        8.90592784e-02,  2.32573658e-01, -7.29580522e-02, -2.18356162e-01,
        2.97658265e-01, -7.29140416e-02,  1.97324708e-01, -2.53249165e-02,
       -4.73407581e-02, -2.30077520e-01,  1.55511089e-02, -2.73400396e-01,
       -9.26311985e-02,  8.22008103e-02,  2.55010456e-01,  1.67737976e-01,
        1.96532041e-01,  1.86653674e-01, -1.36443198e-01,  3.56275171e-01,
        1.42429486e-01, -1.30536228e-01,  7.38738701e-02, -3.26388091e-01,
        7.31426626e-02, -2.33906209e-02, -8.08091760e-02,  2.02641279e-01,
       -3.43878679e-02,  3.55415910e-01,  1.73954278e-01,  2.35198885e-01,
       -3.61615151e-01,  1.24125421e-01, -3.22783381e-01, -1.07359357e-01,
        1.16071758e-04,  8.64016563e-02,  3.29610407e-02,  2.73692906e-01,
        2.83256415e-02,  1.51791722e-01, -3.41645390e-01,  3.49722236e-01,
        2.53772140e-01,  2.75984257e-01, -7.94632062e-02, -4.06531580e-02,
        3.50819290e-01,  1.19384646e-01, -2.61741519e-01, -1.12884544e-01,
        1.28179148e-01, -2.31296793e-01,  1.36564195e-03,  7.40766674e-02,
       -2.26277322e-01, -2.28187874e-01,  3.63157913e-02,  2.82483608e-01,
       -1.09210171e-01,  2.09988534e-01, -2.69039661e-01, -2.88947970e-01,
       -8.50861073e-02,  6.71585277e-02,  1.53713837e-01, -3.79120737e-01,
        2.69527417e-02, -1.05808884e-01,  8.14730115e-03, -1.25015333e-01,
       -1.25969246e-01,  2.73739308e-01, -1.62125036e-01, -2.21301064e-01,
       -3.03852886e-01,  2.48265088e-01,  1.88401580e-01,  1.78903062e-02,
       -3.11853528e-01, -7.86461905e-02,  2.24385679e-01, -1.41197637e-01,
       -5.19613363e-03,  2.97439527e-02,  3.15144360e-01, -1.74441859e-01,
        1.61511257e-01,  2.95294464e-01, -3.42041343e-01, -1.56307086e-01,
       -4.30584073e-01, -7.22251832e-02,  1.94913015e-01,  3.44505250e-01,
        1.38758406e-01, -1.76779196e-01,  3.14755514e-02, -4.12155062e-01,
       -3.17410558e-01, -3.68049800e-01,  2.17450038e-01,  3.01409066e-01,
       -3.20575863e-01,  9.12546292e-02,  1.80309219e-03, -1.07368760e-01,
        4.10849079e-02, -3.21243286e-01,  2.71874487e-01,  2.32108861e-01,
       -4.16239411e-01, -4.60649192e-01, -3.08031023e-01, -2.85005599e-01,
       -6.09784909e-02,  6.23328611e-02,  7.71832019e-02, -4.33720857e-01,
        2.66674787e-01,  2.04901740e-01,  1.13565296e-01, -2.05339640e-02,
        4.40988988e-02, -2.38857016e-01, -2.26406917e-01,  8.78484398e-02,
        7.34211206e-02,  1.72517836e-01,  1.44263372e-01,  8.27061236e-02,
       -1.60169095e-01,  5.75956143e-02,  6.18206412e-02, -5.16727939e-02,
        2.65859514e-01,  1.25083327e-01,  1.79374367e-01,  2.30810806e-01,
       -1.02293782e-01, -4.01467681e-01, -4.08005744e-01, -5.04845381e-02,
        1.34574935e-01, -2.61035442e-01,  3.45763832e-01, -9.88439694e-02,
        6.60897465e-03, -1.83174595e-01,  2.63263792e-01,  2.20768377e-01,
        1.35263167e-02,  1.85156800e-02, -2.78939635e-01, -1.69289142e-01,
       -3.79103333e-01,  2.49709208e-02,  2.91623443e-01, -4.59370250e-03,
       -2.26910472e-01, -1.69934273e-01, -3.10697090e-02,  9.47216749e-02,
       -1.84029907e-01, -1.43752396e-01, -4.58954871e-02, -6.64952248e-02,
        2.33774796e-01,  1.44711897e-01, -1.45087898e-01,  2.25950480e-01,
       -1.31859286e-02, -9.54455808e-02, -2.06486017e-01,  2.60655791e-01,
        9.58958734e-03, -1.48207217e-01,  1.67632014e-01, -2.09422126e-01,
        1.96121782e-01, -3.94611388e-01, -2.31640399e-01,  2.51346648e-01,
       -8.76545608e-02,  2.23917533e-02, -8.14359263e-02, -4.22125697e-01,
        1.40105590e-01, -3.28956187e-01, -3.00876349e-01,  3.68496209e-01,
        2.08062664e-01, -4.78599191e-01, -9.98356566e-02, -5.53215146e-02,
       -1.94969952e-01,  7.38307610e-02,  1.44725665e-01,  2.92294398e-02,
        3.84180993e-01, -2.99846218e-03, -2.50826683e-02, -3.63790780e-01,
       -3.72950941e-01, -2.20994115e-01,  2.23989710e-01, -6.92892494e-03,
       -1.02496050e-01, -1.55994259e-02, -2.86082774e-01, -4.54653829e-01,
       -2.06081077e-01, -4.85726386e-01,  1.97001010e-01,  2.80229688e-01,
        3.00548106e-01, -1.13734215e-01, -8.93372297e-02,  1.23998739e-01,
       -1.86285973e-01, -4.32711810e-01, -7.86673184e-03,  2.08067119e-01,
        2.80167200e-02,  3.44885811e-02, -8.29028934e-02,  3.09526116e-01,
       -4.25283313e-01, -1.33428350e-01, -3.56338471e-01, -3.94495755e-01,
        9.75222662e-02,  2.78411716e-01,  9.18120816e-02,  3.47508751e-02,
       -4.01298366e-02, -3.85408401e-02,  2.97854602e-01, -1.67722434e-01,
       -2.20658675e-01, -5.38670309e-02, -3.84984344e-01,  1.96035266e-01,
        5.22007188e-03,  1.33045614e-02,  1.44878596e-01, -2.33935297e-01,
        3.07569355e-01, -2.03424215e-01,  1.35969937e-01,  1.53369918e-01,
        3.37214381e-01, -4.69530821e-02,  2.08883256e-01, -1.38702467e-01,
       -2.14286059e-01, -7.34043121e-02,  2.98437715e-01,  2.38274708e-01,
        3.54687646e-02, -3.05245519e-01, -6.37737736e-02,  2.08681718e-01,
       -4.40158874e-01, -1.96524695e-01,  1.87430739e-01,  1.02539569e-01,
        3.43296736e-01,  1.56798244e-01, -2.49568745e-01, -2.68558264e-01,
       -2.30878368e-02,  7.40031451e-02,  2.09142193e-01, -1.12941965e-01,
       -1.23954505e-01,  4.38576192e-03, -3.88364971e-01, -6.47503287e-02,
        3.20972621e-01, -1.03811987e-01, -1.52385607e-01,  2.03795820e-01,
        3.73887897e-01, -1.05073549e-01,  2.87678182e-01, -1.62107110e-01,
        8.93920213e-02,  1.81200579e-01,  1.51279926e-01, -1.09186780e-03,
        1.79868907e-01, -2.79972941e-01, -1.20921582e-01,  4.06732559e-02,
       -7.93732926e-02,  8.63641575e-02, -6.75679892e-02, -2.10799500e-01,
       -2.08354026e-01, -4.15702254e-01,  1.85364395e-01, -3.03446740e-01,
        3.70045900e-01, -1.37797475e-01,  3.05641353e-01, -1.97060734e-01,
       -1.72319174e-01,  3.48155111e-01,  1.57059595e-01,  2.63355561e-02,
       -5.64564243e-02, -4.44738239e-01,  1.96828768e-01, -3.62918556e-01,
       -2.76166379e-01,  2.80713178e-02,  4.20878343e-02,  4.80525434e-01,
       -7.80920461e-02, -2.48457789e-01, -7.45355859e-02, -9.84767079e-02,
        3.75866324e-01, -1.63517538e-02,  3.61106247e-02,  1.20338827e-01,
        2.20754310e-01, -1.38252646e-01, -2.47637063e-01, -2.41320297e-01,
       -2.86508590e-01,  1.86091527e-01, -3.53505939e-01,  4.86540049e-02,
        2.09170729e-01, -3.44922394e-01,  7.97811598e-02, -2.61756539e-01,
        2.87972927e-01,  3.49754751e-01, -8.04045200e-02, -2.41531998e-01,
        4.04897958e-01, -4.62267518e-01, -3.40685427e-01,  1.73638642e-01,
        5.12852818e-02, -1.10827059e-01, -1.58259086e-02, -1.45903930e-01,
       -1.03258550e-01, -2.34736666e-01, -1.92679435e-01,  3.74966055e-01,
       -1.04038641e-01, -9.83325988e-02, -2.40794435e-01,  3.18979383e-01,
        1.34772763e-01, -9.89931915e-03,  3.27957869e-01, -1.96341410e-01,
       -3.73953640e-01,  3.54138523e-01,  2.90376931e-01,  2.33225152e-01,
       -3.07951242e-01, -2.19060868e-01,  4.02650952e-01,  1.38875142e-01,
        8.37114304e-02,  2.08530590e-01,  2.40020663e-01,  1.63229868e-01,
        3.40100616e-01, -2.82392353e-01,  1.23686731e-01,  2.65028477e-01,
       -1.14585340e-01,  1.97377488e-01, -2.07394406e-01, -1.25292286e-01,
       -3.12190264e-01,  2.03639805e-01,  1.24327689e-01, -4.61392030e-02,
        3.28223377e-01,  3.25292557e-01, -1.67801753e-02,  1.13653271e-02,
        2.91169822e-01, -2.96280801e-01,  2.78293580e-01, -3.32642078e-01,
       -7.06185633e-03, -4.54652607e-01,  3.22750002e-01,  2.68902808e-01,
        1.79265067e-01,  6.57061040e-02,  2.20460474e-01, -1.35876924e-01,
        2.27886289e-02, -3.18448484e-01, -1.43698812e-01, -2.35995755e-01,
       -1.04353510e-01,  1.31608769e-01,  2.64107257e-01,  3.60858440e-02,
        3.31906915e-01, -1.28536195e-01,  1.97769150e-01,  1.78091824e-01,
        3.39753389e-01,  2.00129319e-02,  3.35649669e-01,  1.30989000e-01,
       -3.37594658e-01, -2.80810297e-01, -4.29258794e-01,  2.93211281e-01,
       -1.69466138e-01, -3.91961813e-01, -2.86018401e-02,  6.47314563e-02,
       -4.21112001e-01, -1.53691456e-01, -5.18593080e-02, -4.23253566e-01,
        7.89177546e-04,  7.03523830e-02, -1.54941365e-01, -1.14114486e-01,
       -2.82265097e-01, -3.96044314e-01, -3.04883361e-01, -1.00805201e-01,
       -3.89324367e-01, -1.55508295e-01, -2.77670532e-01, -8.73505250e-02,
       -3.33983868e-01, -4.08426613e-01,  2.44504362e-01, -3.81171376e-01,
        8.52226391e-02, -1.30540520e-01,  2.69177645e-01,  1.57081395e-01,
        2.47173309e-01, -7.68027604e-02, -8.27760473e-02, -3.73549283e-01,
       -3.41570139e-01,  3.52812111e-01,  1.66236073e-01, -2.06638098e-01,
        1.90906435e-01, -3.73739451e-02,  3.08799237e-01,  1.48349777e-02,
        1.40732542e-01,  1.96401551e-01, -8.19942206e-02, -1.25569567e-01,
        1.33403286e-01, -2.34564632e-01, -3.01346123e-01,  2.96648949e-01,
       -1.75570294e-01,  3.65026155e-03, -2.64373809e-01, -3.49755317e-01,
       -1.44606113e-01,  2.19731659e-01, -3.39708805e-01,  2.49428585e-01,
        1.36421427e-01,  2.39778191e-01,  4.48015854e-02,  1.18650094e-01,
       -5.41705973e-02, -2.49435201e-01, -1.28796607e-01, -1.39627278e-01],
      dtype=float32), 'encoder.4.weight': array([[-4.43302453e-01, -4.00123656e-01, -3.13912958e-01, ...,
        -2.22736970e-01,  1.23751253e-01,  4.57331128e-02],
       [ 3.01013947e-01, -7.84973502e-02, -8.87824520e-02, ...,
         1.87799633e-02, -8.84387642e-02, -2.06218198e-01],
       [-4.17123437e-02,  1.69111371e-01,  3.28908682e-01, ...,
         1.67078614e-01, -1.99821383e-01, -2.65321314e-01],
       ...,
       [ 1.77052076e-04, -7.39669353e-02,  5.34929857e-02, ...,
        -2.64792472e-01,  6.02147318e-02,  3.51558089e-01],
       [ 2.71605521e-01, -2.63748586e-01, -3.44901353e-01, ...,
         1.35052204e-01,  1.61382884e-01, -2.47631352e-02],
       [-4.38812375e-01, -2.92471290e-01, -4.67864759e-02, ...,
        -3.26451868e-01, -2.15439409e-01,  1.19345404e-01]], dtype=float32), 'encoder.4.bias': array([-0.06601579,  0.2510908 , -0.2509343 , ...,  0.05953299,
       -0.42835537,  0.2334017 ], dtype=float32), 'encoder.6.weight': array([[-0.04933644, -0.18235403, -0.09565977, ...,  0.02890467,
        -0.14548726,  0.11430994],
       [-0.025757  , -0.1431923 , -0.17952916, ..., -0.02232077,
         0.18047734, -0.10603143],
       [-0.06850511,  0.10072573, -0.07448789, ...,  0.04767843,
        -0.19391942, -0.02823965],
       ...,
       [ 0.03187166,  0.24357523, -0.05281634, ..., -0.12642227,
         0.10107249,  0.0662304 ],
       [-0.14974563,  0.02824232,  0.08029789, ..., -0.08771199,
         0.13432406, -0.13912782],
       [ 0.19917578, -0.11708709, -0.11873405, ..., -0.0699282 ,
         0.09792482,  0.13293926]], dtype=float32), 'encoder.6.bias': array([ 0.02463834,  0.12352346,  0.0964984 ,  0.09450106, -0.01926391,
       -0.12380536,  0.09690019, -0.03610387,  0.03261692, -0.12754717],
      dtype=float32), 'decoder.0.weight': array([[ 2.176636  ,  0.9340614 ,  1.9607846 , ...,  1.5237693 ,
        -2.5928113 ,  0.6920282 ],
       [ 0.347571  ,  2.6999526 ,  2.1170871 , ...,  0.1218693 ,
        -1.0485752 , -1.4502901 ],
       [-1.0178249 , -0.064307  ,  1.7070062 , ..., -1.8633374 ,
        -0.15993835,  0.9790063 ],
       ...,
       [ 1.8916909 ,  1.586618  , -1.2080451 , ..., -0.19115251,
        -1.5896512 ,  1.2011839 ],
       [-1.6475778 , -0.89771134,  0.40512282, ...,  1.8548392 ,
         0.3553894 ,  1.4967349 ],
       [-0.7002748 ,  1.7036905 , -1.046275  , ..., -0.4099744 ,
         0.94546115, -1.6918004 ]], dtype=float32), 'decoder.0.bias': array([ 0.78650504,  2.0927243 , -2.2640605 , ..., -1.2422003 ,
        1.1178778 ,  1.1694669 ], dtype=float32), 'decoder.2.weight': array([[-0.19226338, -0.09268795, -0.18463753, ...,  0.1547044 ,
         0.12263218,  0.15124562],
       [-0.23688231, -0.17781045,  0.13101746, ...,  0.14652392,
        -0.00144716,  0.10021427],
       [ 0.1309695 ,  0.14623076, -0.0021461 , ..., -0.15172186,
        -0.0060885 ,  0.10020105],
       ...,
       [-0.14003152,  0.14145333,  0.09110498, ..., -0.01990683,
         0.13365763, -0.12537827],
       [-0.13802582,  0.16459006,  0.00800381, ...,  0.10724381,
        -0.01566241, -0.10664342],
       [ 0.13777103, -0.1343949 , -0.0260245 , ..., -0.03882793,
        -0.21986903,  0.08785   ]], dtype=float32), 'decoder.2.bias': array([ 0.0870038 ,  0.01098541,  0.01672741, -0.23113225,  0.16849586,
        0.03566372, -0.01114919, -0.16069882, -0.09271394, -0.08741799,
       -0.04565008, -0.0462875 , -0.01420087,  0.07188936,  0.0078928 ,
       -0.01932858,  0.06841126, -0.06681743, -0.0910163 , -0.19570124,
       -0.18464673, -0.13493675, -0.06579961, -0.04318153, -0.05693721,
        0.07297299,  0.1666022 , -0.23254277, -0.17699155, -0.26062372,
        0.041412  , -0.19390756, -0.10117423, -0.18472686, -0.22102821,
       -0.1958327 ,  0.18504572, -0.23786506, -0.22508627, -0.00038428,
        0.00205928,  0.11724617,  0.05538406, -0.1583887 , -0.0247181 ,
       -0.21259694, -0.01460571,  0.03941201,  0.02233662, -0.02027541,
        0.0890927 , -0.21062379,  0.1358349 ,  0.19031726,  0.02094391,
        0.07942925, -0.12383912, -0.09743873, -0.01243674, -0.07462682,
       -0.2130759 ,  0.06878801, -0.03508632,  0.10571158,  0.00856831,
        0.03011015, -0.19120157, -0.00875681,  0.11899265,  0.12959436,
       -0.20252337, -0.01796847, -0.07835653, -0.05444002,  0.06005629,
       -0.13720572,  0.0647963 ,  0.19015495,  0.15836824, -0.15087013,
       -0.03900465,  0.10471896,  0.17193829, -0.07781978,  0.18361291,
        0.16685249, -0.09478444, -0.08536705,  0.09539475, -0.05636253,
        0.04753474, -0.1810076 , -0.09851966,  0.14979695,  0.11796267,
        0.12797233,  0.12170509,  0.13318908, -0.13198102,  0.01519832,
       -0.03355717,  0.14742109,  0.07299277, -0.08402373, -0.03954856,
       -0.01518023,  0.07360104,  0.12298056,  0.15771402,  0.1325479 ,
        0.13795933, -0.14125803,  0.11619478,  0.04075038, -0.13907075,
       -0.03253898, -0.10174923,  0.14183381,  0.10151251, -0.13596518,
       -0.1584815 , -0.16045254, -0.15889308,  0.11335944, -0.20718946,
       -0.05746779,  0.1393822 ,  0.01053939, -0.06348824,  0.04908726,
       -0.04300444, -0.07405362, -0.02009647, -0.19901451,  0.08062701,
       -0.15513887,  0.01325489, -0.07949074, -0.09156299,  0.06423622,
        0.03658598, -0.1563413 ,  0.07089072,  0.17580552,  0.17633425,
       -0.02202138, -0.16944864, -0.16609108, -0.05287475, -0.14283472,
       -0.00058235,  0.01034643,  0.14770466,  0.17666414, -0.06374013,
        0.05723249,  0.0347566 , -0.0817804 ,  0.15393381,  0.01615956,
       -0.13382423, -0.07008697, -0.01108398, -0.09928909,  0.12897669,
        0.05418613,  0.08495402,  0.16168407, -0.03403812, -0.15839215,
       -0.02373857, -0.01162238,  0.14040597, -0.05000873,  0.05668468,
       -0.0171236 ,  0.08881006, -0.05165165,  0.10106728,  0.07518506,
        0.12087664,  0.12730163,  0.01088422,  0.1273459 , -0.09860779,
        0.05126078,  0.11648593, -0.0485435 ,  0.06088552,  0.12312907,
       -0.2074299 , -0.05552629,  0.10668034,  0.14712907,  0.10017986,
        0.06995959,  0.11126944,  0.14518914, -0.21729428,  0.09300517,
        0.05098283, -0.16267656,  0.07181163,  0.18350066,  0.04885031,
        0.1424558 ,  0.08813118, -0.04738228,  0.01650108,  0.05081198,
       -0.24342974, -0.09483384, -0.1632981 , -0.18483242,  0.13112746,
        0.04201609, -0.16067708, -0.1543333 , -0.13482596,  0.17168184,
       -0.1797569 , -0.12973234,  0.10191224, -0.21938227,  0.01949644,
        0.01641803, -0.03470554, -0.04262253,  0.00548043, -0.03634927,
       -0.07296631,  0.12243339,  0.02312915,  0.01110296, -0.25436628,
       -0.21208937,  0.06792036,  0.00825624,  0.16820827, -0.14313264,
       -0.10511528, -0.20522182,  0.00827894, -0.17441456,  0.13786331,
       -0.12536423,  0.15534577,  0.05580378,  0.13586302, -0.07907183,
       -0.15703158,  0.02159584,  0.01943761,  0.10006605,  0.06182575,
       -0.08456811,  0.17898592,  0.10460899, -0.08930121, -0.0317385 ,
        0.0393642 , -0.17919645,  0.03598724,  0.06849921, -0.0175227 ,
       -0.10423765, -0.06994338, -0.2125686 ,  0.13902271,  0.06083271,
        0.06709769, -0.11623421,  0.1936859 , -0.23265702, -0.10974307,
       -0.07579044,  0.06796686, -0.00643418, -0.0684327 ,  0.16060631,
        0.05207923, -0.22051534, -0.18823427,  0.0957242 ,  0.0200896 ,
       -0.01847564, -0.08176592, -0.18872163,  0.19954233, -0.11870391,
        0.15309599,  0.0137435 , -0.09485134,  0.0317228 ,  0.01622062,
       -0.14822845, -0.0335435 ,  0.15826365,  0.01294323, -0.14932236,
       -0.14463529, -0.1494309 , -0.2447989 ,  0.13913612,  0.09556139,
       -0.1797867 , -0.0483846 , -0.06831393, -0.20938326,  0.10773004,
       -0.00332349, -0.0024568 , -0.09473465, -0.2084698 , -0.07816072,
        0.08649833,  0.13640565,  0.06354106, -0.21827146, -0.20357136,
        0.02292751, -0.20257387, -0.0094876 ,  0.08733285, -0.10728892,
       -0.02416132, -0.02525881, -0.08848993,  0.08365041,  0.07291088,
       -0.24339758, -0.03106696,  0.01295863,  0.06145861,  0.20837604,
        0.01950941, -0.2169081 , -0.07770289,  0.04216523, -0.04867232,
        0.1902823 ,  0.14816324, -0.09246489,  0.16715845, -0.20568094,
       -0.23659442, -0.01684471, -0.01032799,  0.20825113,  0.11425157,
        0.01092463, -0.17521961, -0.07968865,  0.15297078,  0.0025608 ,
        0.17116326, -0.12687252,  0.04765829,  0.0598077 , -0.08676962,
        0.09259454,  0.11627541, -0.10848999, -0.02317434, -0.02822407,
        0.18040696,  0.03477981, -0.14764737,  0.15814874, -0.18097706,
       -0.19228056,  0.08890682,  0.19261155, -0.02089978,  0.08868271,
        0.16256939,  0.05143175,  0.00509083,  0.09560137,  0.1337738 ,
       -0.13677083, -0.07076062,  0.14651485,  0.12116764, -0.10512104,
       -0.1849265 , -0.09228501, -0.11060504, -0.12050687,  0.08382552,
        0.1611578 , -0.08977709, -0.01788753, -0.22044107, -0.16452579,
       -0.18530473, -0.2294033 , -0.17393602, -0.10895791, -0.18030083,
        0.14948283, -0.18226479,  0.16225567,  0.15752459, -0.08132364,
       -0.06473694, -0.07761233,  0.12169189, -0.03088594, -0.17949417,
        0.14457639,  0.01287072, -0.27372983, -0.00925953, -0.03760533,
       -0.08956517,  0.12088637,  0.18854782,  0.04376702,  0.10578649,
       -0.05071755, -0.07648201, -0.13525468,  0.02145318,  0.11209051,
        0.12202345,  0.03928587,  0.18641898,  0.10791089, -0.03642825,
       -0.01602608,  0.09363789, -0.24191736,  0.0241176 ,  0.04380892,
        0.08538819,  0.01640234,  0.10887171, -0.15054911, -0.01350907,
        0.04850322, -0.02124629, -0.02458692,  0.15419699,  0.04092016,
       -0.1438845 ,  0.12631586, -0.03815555, -0.05915583, -0.13592514,
        0.17177157,  0.16773894, -0.10778584,  0.02401687,  0.15356529,
       -0.1941446 ,  0.11515536, -0.00190934,  0.00915065,  0.16883768,
       -0.02477898, -0.181241  , -0.18302788,  0.00392958, -0.03814557,
       -0.16552508, -0.1864785 ,  0.11375719,  0.08298302,  0.02203023,
       -0.00902225,  0.10033846,  0.12341893,  0.11938436,  0.02730466,
       -0.22927003, -0.01583663,  0.01712369,  0.20321551, -0.06053757,
        0.03027215, -0.14246477,  0.038637  ,  0.0092186 ,  0.12659171,
        0.1549616 , -0.21295281, -0.13466328, -0.04363852, -0.03031962,
       -0.21837167, -0.12880288,  0.10067901, -0.01629264, -0.06112193,
        0.14625119, -0.16625713, -0.08453993,  0.15296163, -0.05900035],
      dtype=float32), 'decoder.4.weight': array([[ 0.36052382,  0.17864859, -0.27606744, ...,  0.06178941,
         0.2350097 ,  0.2550495 ],
       [-0.10391171,  0.4053642 , -0.12016357, ..., -0.09877479,
         0.28656483, -0.06660327],
       [-0.04077438, -0.3257417 ,  0.07430249, ...,  0.32680005,
        -0.20985806,  0.05264213],
       ...,
       [ 0.24757348, -0.36617374, -0.24890053, ...,  0.0548102 ,
         0.3182475 , -0.23111635],
       [ 0.24900614, -0.42928398,  0.23963714, ..., -0.2546425 ,
         0.07048364,  0.1934433 ],
       [-0.31914872, -0.11888073, -0.1454022 , ...,  0.01548346,
        -0.20458654,  0.14853325]], dtype=float32), 'decoder.4.bias': array([-0.254696  ,  0.2583505 ,  0.2334303 , -0.39453405,  0.26467773,
       -0.0908206 , -0.08287831,  0.0260094 , -0.04574822, -0.2410382 ,
       -0.42044133, -0.13534218, -0.2784417 ,  0.31757256, -0.2856002 ,
       -0.4430717 ,  0.04696753, -0.40203682,  0.16299734, -0.30897984,
        0.29858658,  0.11936563,  0.1756986 , -0.5071491 , -0.24550682,
       -0.23818609,  0.15116891,  0.28924817, -0.46514013,  0.36538205,
       -0.40378222,  0.22974224,  0.08679668,  0.23900945,  0.07564289,
        0.03119325,  0.13409793, -0.07176427,  0.1684998 , -0.01062977,
       -0.23696618,  0.13079894, -0.25583565, -0.1089848 , -0.28336444,
       -0.30886027,  0.10636569, -0.07328487,  0.09749174, -0.0287701 ,
       -0.21015437, -0.16162172,  0.08940275,  0.39226   , -0.49235183,
        0.09562799, -0.2728489 , -0.18471475, -0.4454098 , -0.27679548,
       -0.26739088,  0.2057249 , -0.03375417,  0.10077599, -0.279025  ,
       -0.23255497, -0.19032447,  0.05117535,  0.2773091 ,  0.13086273,
       -0.19123244,  0.35617828, -0.292571  , -0.01443165, -0.49811602,
        0.16570388, -0.01472208, -0.11627831, -0.28660586, -0.18261717,
        0.10107846,  0.24663642, -0.3138239 , -0.07634563,  0.03034841,
       -0.38961694, -0.055631  ,  0.24802919,  0.42546225, -0.3657966 ,
        0.1391529 ,  0.14630732,  0.17567535, -0.07961334, -0.28708115,
        0.20279144,  0.19271806, -0.18190989, -0.32323298,  0.14192553,
       -0.28094348,  0.25639644, -0.1767262 , -0.40786266, -0.37325892,
        0.06668934, -0.02918417, -0.318214  , -0.16912633, -0.3983774 ,
       -0.24898216, -0.30186707, -0.18564545,  0.11230481, -0.28149363,
        0.40388873,  0.2440326 ,  0.17265148,  0.2777258 , -0.3223612 ,
        0.14743042, -0.03193877, -0.47533143,  0.44786438,  0.03065979,
       -0.31687114, -0.2993347 ,  0.20414807, -0.37862173,  0.41150063,
       -0.02734599, -0.0904864 , -0.29437786,  0.02480968, -0.41853574,
        0.12004666,  0.33096468, -0.39036423,  0.2895964 , -0.35740831,
        0.08411683, -0.44267145, -0.05018906, -0.2630132 ,  0.16502368,
        0.10624766, -0.15822494, -0.05090719,  0.21913117, -0.008269  ,
        0.19295973,  0.02447811, -0.37139085, -0.05586298, -0.36785233,
        0.36708075, -0.03167524,  0.29902595,  0.27341074, -0.24469632,
       -0.21059963, -0.0503058 ,  0.00630401, -0.37048092, -0.42814165,
       -0.34544253, -0.20663995, -0.29842216,  0.10026021,  0.24727185,
        0.25449896, -0.20164883,  0.38673908,  0.2101139 ,  0.14923523,
        0.09863825, -0.41055015,  0.10449547,  0.00065875, -0.0340459 ,
       -0.39237428, -0.41032845, -0.33306855, -0.19598171,  0.22527581,
       -0.01657919,  0.14964491, -0.09696165, -0.06944387, -0.37211236,
        0.25847268, -0.04042276, -0.47342014,  0.16257776,  0.3143782 ,
        0.20106901,  0.00079891, -0.44353715, -0.24698082,  0.12454363,
        0.21174708, -0.15324084, -0.13989432,  0.2003674 ,  0.38926926,
        0.31603378,  0.05769059,  0.16099662, -0.16328113,  0.10199645,
        0.11619094,  0.00269055,  0.3068025 ,  0.02197755, -0.2817038 ,
        0.0629001 ,  0.42493057,  0.16410294, -0.4043021 ,  0.29933894,
        0.29505655,  0.20738189, -0.04984752,  0.18055147, -0.16270949,
        0.05015038, -0.35817084,  0.21741116, -0.21706815, -0.07246964,
       -0.06874509,  0.23677385, -0.23589258,  0.19300152, -0.44872338,
       -0.17415117, -0.09665369,  0.19258437,  0.11111552, -0.22596082,
       -0.1805465 ,  0.01898151,  0.002097  ,  0.01562652,  0.2816037 ,
       -0.33848137,  0.16288558,  0.22647454, -0.4881572 , -0.13262418,
        0.05013634,  0.21037865, -0.30958655, -0.3658371 ,  0.28278252,
       -0.17714617,  0.13842593, -0.08697825,  0.1987729 , -0.2561492 ,
       -0.3502599 , -0.36614203, -0.1457112 ,  0.20355171, -0.46969482,
       -0.12314532, -0.18171689, -0.28345615, -0.17488205, -0.10187041,
       -0.16817057, -0.1549991 , -0.48641464,  0.1797638 ,  0.22582723,
       -0.15773004, -0.19083385, -0.18904768,  0.393911  ,  0.03837438,
       -0.23019892, -0.09462851,  0.37237126, -0.18618657,  0.25311065,
       -0.37629816,  0.07835436,  0.24143484,  0.02483365,  0.25275493,
       -0.098231  ,  0.12773591, -0.18058719,  0.23294012, -0.35822996,
        0.3978615 ,  0.09560966, -0.41842237,  0.098015  , -0.13030207,
       -0.24102098, -0.35822397,  0.17156534, -0.14236487, -0.02596424,
       -0.43480143, -0.41373572, -0.1891875 ,  0.07400785,  0.1735259 ,
       -0.0920255 ,  0.4033085 ,  0.18873514, -0.09807725,  0.24867299,
        0.01708933,  0.34323186, -0.27716294, -0.46997964,  0.08617692,
        0.1588902 , -0.3391115 , -0.01140753, -0.36352846, -0.03943616,
       -0.4791994 , -0.17782986,  0.0368678 , -0.27449787, -0.063538  ,
       -0.01556965,  0.09328367,  0.14157738, -0.02862387,  0.24538857,
       -0.23919539, -0.28944778, -0.35210416, -0.34173   , -0.3095625 ,
       -0.18728122, -0.06631008,  0.4430353 ,  0.12693007,  0.1899894 ,
        0.01079607,  0.07511104, -0.31829095,  0.13585265, -0.05511619,
       -0.3262184 , -0.07879727, -0.20138755,  0.20755497, -0.23968454,
       -0.37137794, -0.29839483,  0.0781885 ,  0.10721267, -0.3730869 ,
       -0.08957162, -0.05231899, -0.31221923, -0.487364  ,  0.11807535,
        0.39870763,  0.30350056,  0.11074147, -0.3463852 ,  0.19828087,
       -0.12964389, -0.01454688,  0.24710315,  0.02037533, -0.15151948,
       -0.08628956,  0.31578785,  0.1213258 , -0.03511618,  0.37279692,
       -0.5874968 ,  0.12952599, -0.24238436, -0.03564114,  0.08140472,
        0.37811285, -0.13535058, -0.11403166, -0.1727394 ,  0.39411572,
       -0.31092724,  0.3115759 ,  0.17434438, -0.2853365 , -0.15631615,
       -0.03883082,  0.3473058 , -0.35414946, -0.07243338, -0.15862572,
        0.2695762 ,  0.00899037, -0.33675718, -0.38925076,  0.21037535,
        0.0679766 , -0.3027926 , -0.30081484,  0.02746554,  0.2940836 ,
        0.11750622, -0.42084274,  0.08498884, -0.4999523 ,  0.07664081,
        0.17862244, -0.07136898, -0.3093174 ,  0.298823  , -0.41483405,
       -0.14214903,  0.06638386,  0.225989  , -0.2572447 , -0.17186359,
        0.07732436, -0.14977406, -0.5035609 , -0.47803903, -0.02336372,
        0.31469277,  0.1295078 , -0.20728435, -0.41535518, -0.18074155,
        0.33825445, -0.06234324, -0.4590265 ,  0.02763994, -0.37612313,
       -0.1292557 ,  0.16020775,  0.22794792,  0.09002737,  0.27677917,
        0.27868688,  0.22139044, -0.42706764,  0.06321856, -0.32310292,
        0.07964597, -0.403779  , -0.14832507, -0.09213173,  0.1098633 ,
        0.03774192,  0.31103566, -0.2355745 ,  0.22843106,  0.3075446 ,
       -0.23765443, -0.21964526, -0.3738839 ,  0.18881562,  0.04142468,
        0.21523708,  0.39723846, -0.30977446,  0.25054184, -0.41166654,
        0.2636184 , -0.11532402, -0.06318515,  0.20695353, -0.29909647,
        0.02024555, -0.28657752,  0.16482484, -0.17229594,  0.08410104,
       -0.38698885, -0.00495662,  0.05037417, -0.37231424, -0.35370803,
       -0.1881086 , -0.30301097,  0.37939075, -0.07022728, -0.37252492,
       -0.4643072 , -0.4057693 , -0.3075006 , -0.19120485, -0.43323225,
       -0.27455974,  0.09069151, -0.44796357,  0.32711914,  0.04684773],
      dtype=float32), 'decoder.6.weight': array([[-0.19212465,  0.6448363 , -0.01229586, ...,  0.5057251 ,
        -0.39466152,  0.5564096 ],
       [-0.07372615, -0.14595962,  0.11224849, ..., -0.29630014,
         0.09246807,  0.16845427],
       [-0.2539321 ,  0.2631791 , -0.3899791 , ...,  0.33036542,
        -0.00834143, -0.01389366],
       ...,
       [-0.17135118,  0.15529238,  0.27942553, ..., -0.42906436,
        -0.00206164, -0.27847508],
       [-0.3860216 , -0.06912212, -0.3339465 , ..., -0.03857563,
         0.27042454, -0.06343231],
       [ 0.29520836,  0.329894  , -0.00697182, ..., -0.19334778,
         0.11027822, -0.1778085 ]], dtype=float32), 'decoder.6.bias': array([ 0.08639733, -0.01936795, -0.44424802, ..., -0.36579874,
        0.02239247, -0.0991837 ], dtype=float32)}
[Time: 12.01.25 12:12:48] [Level: info] [State: aggregate] {'encoder.0.weight': array([[-0.2861879 ,  0.25815243,  0.15062451, ..., -0.14962897,
         0.1389988 , -0.21353006],
       [-0.04646165, -0.29863077, -0.179939  , ...,  0.06237502,
        -0.36461106, -0.07755339],
       [ 0.47572127, -0.29950136,  0.08931235, ..., -0.24606371,
        -0.13799521, -0.10750525],
       ...,
       [-0.12031546,  0.12603673,  0.3769294 , ...,  0.3228114 ,
        -0.1731635 , -0.04185238],
       [ 0.10203941,  0.06805847,  0.06023967, ...,  0.07683536,
        -0.34975165,  0.01399985],
       [-0.33934137, -0.18585661, -0.2209481 , ..., -0.10565706,
         0.08914614,  0.03841251]], dtype=float32), 'encoder.0.bias': array([-1.06780030e-01, -1.03018619e-01,  8.67303461e-02, -1.48159906e-01,
       -4.00618702e-01,  1.72799349e-01, -6.65337369e-02, -2.56626844e-01,
       -2.68652916e-01,  1.60044372e-01, -4.20761853e-02, -3.42438281e-01,
        7.12629780e-02, -2.51201510e-01, -9.42707658e-02,  1.92811582e-02,
       -1.94170356e-01, -6.50911331e-02, -3.22871208e-01, -3.25534999e-01,
       -4.18945253e-01,  1.43129572e-01, -2.58852631e-01,  1.03125982e-01,
        5.22927269e-02,  2.11965904e-01,  1.67005986e-01,  2.89402544e-01,
        1.03479594e-01, -1.88766211e-01, -2.50845611e-01,  1.65551588e-01,
       -1.09343112e-01, -2.98262298e-01,  6.70979498e-04,  2.94540912e-01,
       -3.16515937e-02, -5.72080258e-03, -2.23767869e-02, -3.01215556e-02,
        1.76020652e-01, -2.00989425e-01, -3.45441774e-02,  2.70098209e-01,
       -1.55951232e-01, -3.98317575e-01, -1.16495647e-01, -1.90688729e-01,
        2.44359404e-01, -2.60562450e-01, -2.26664171e-01, -7.77947083e-02,
        2.23456211e-02, -2.79877871e-01,  5.82854450e-02, -3.86735983e-02,
       -7.51354452e-03, -1.29468024e-01, -2.66140342e-01, -3.59943867e-01,
        4.15431857e-02,  1.12304889e-01, -3.22845519e-01,  2.16844231e-01,
       -3.25868689e-02,  2.81924784e-01, -2.67158717e-01, -3.89321387e-01,
       -4.47755337e-01,  8.49554241e-02,  2.90010929e-01, -2.73831606e-01,
       -1.23069778e-01, -2.96204567e-01, -2.58866221e-01, -1.35638723e-02,
       -3.16198558e-01,  2.15018436e-01, -3.69446933e-01,  4.99207713e-02,
        2.81511158e-01,  2.36649275e-01, -2.62622565e-01,  2.01210365e-01,
       -2.29203016e-01, -7.41098002e-02, -1.73443034e-01,  1.05537787e-01,
        8.21434781e-02, -2.28896618e-01, -1.71545476e-01,  1.02046758e-01,
        2.33227715e-01, -2.80767232e-01, -2.08303899e-01,  4.46108952e-02,
       -1.31524801e-01, -3.19579631e-01,  9.09819230e-02, -2.50424564e-01,
        1.66799232e-01, -3.40139180e-01, -2.81394362e-01, -1.42198997e-02,
       -2.21129239e-01, -2.86938846e-02,  4.67472598e-02,  1.82706684e-01,
        1.24442689e-01,  2.82309949e-01, -1.75454825e-01, -5.04392497e-02,
       -9.47658569e-02,  3.72552924e-04, -1.58564806e-01,  2.48671636e-01,
       -1.66116342e-01, -1.13752916e-01, -2.04469144e-01,  2.59578526e-01,
        5.59627563e-02, -3.59105974e-01, -3.00743729e-01, -1.50785167e-02,
       -5.26030920e-02, -1.63107455e-01, -1.47431239e-01, -6.77461848e-02,
       -2.23881215e-01,  2.35184386e-01,  2.63179988e-01, -3.34273577e-01,
        2.65642558e-03,  2.73511171e-01,  2.00686604e-01,  7.03686476e-03,
       -5.88795021e-02, -4.00035121e-02, -7.29693053e-03, -1.80465579e-01,
        2.25600988e-01, -3.81185710e-01, -1.08132422e-01, -1.57324925e-01,
       -1.25431418e-02,  2.61791617e-01, -2.10978743e-02, -1.37233034e-01,
       -6.57642409e-02, -2.24410161e-01, -1.42598331e-01,  2.22113460e-01,
       -1.70559511e-01, -1.05078425e-02, -1.56492129e-01, -1.20963715e-01,
        2.56872922e-01,  1.90495476e-01, -1.54535756e-01, -4.10548538e-01,
       -1.60235286e-01, -4.66106320e-03, -2.51370877e-01,  2.09212795e-01,
       -2.51490176e-01, -3.77321720e-01,  2.35840023e-01,  2.15920016e-01,
        2.31499612e-01, -1.33857206e-01, -3.88538122e-01, -2.43076533e-01,
        8.54760688e-03, -2.35519737e-01,  2.50075817e-01,  1.63212731e-01,
        1.77793339e-01, -3.41381758e-01, -3.84286702e-01,  3.10968012e-01,
       -2.45867223e-01, -1.88183814e-01, -3.27162117e-01,  1.29793018e-01,
        1.59887910e-01, -3.37230027e-01,  1.93354249e-01, -2.37708375e-01,
       -3.19988132e-01,  2.04031840e-01, -2.81051040e-01, -1.19558036e-01,
       -2.51795083e-01, -3.83307487e-01,  3.12297761e-01,  2.72266179e-01,
       -5.89649007e-02, -3.35364640e-02, -1.03339560e-01, -1.90620795e-01,
       -3.53305817e-01,  4.64233868e-02, -2.82932609e-01,  2.00486392e-01,
        2.07198523e-02,  2.17809796e-01, -3.18193436e-01,  2.59067565e-01,
       -5.39095029e-02,  5.92092127e-02, -1.73898280e-01, -2.95685172e-01,
       -3.16568494e-01,  1.40941426e-01, -2.35524654e-01,  5.99535145e-02,
        1.44566521e-01, -5.72780799e-03, -2.55624473e-01,  5.51262051e-02,
       -2.36002207e-01, -5.27852401e-02,  2.12359756e-01,  2.55149696e-02,
       -2.54003018e-01, -4.94946957e-01, -4.15571988e-01,  2.54142523e-01,
        3.60144745e-03, -3.03592175e-01, -3.27365436e-02,  1.56300619e-01,
       -1.57794416e-01,  3.38168852e-02,  5.86074516e-02, -4.95582074e-03,
       -3.91136110e-01, -1.33256763e-01,  1.26224943e-02, -7.45318132e-03,
        3.75188649e-01,  1.83622077e-01, -1.81830078e-01, -4.25968766e-02,
       -2.47394294e-02, -2.26138979e-02,  7.62467757e-02, -1.58744633e-01,
       -2.33154327e-01, -3.39390069e-01,  1.49093837e-01, -3.66189659e-01,
       -1.89137906e-01, -8.33943188e-02, -2.41162181e-02,  1.10830933e-01,
       -1.48883596e-01,  2.19828606e-01, -2.82029539e-01,  1.47176325e-01,
        2.51660377e-01, -1.83777183e-01,  6.76843002e-02, -3.10673088e-01,
       -3.40602368e-01,  1.94461584e-01,  1.76930297e-02, -2.46501625e-01,
        1.04167201e-01, -6.27377704e-02,  2.03763708e-01, -2.49845982e-01,
        1.03102103e-01, -3.96481037e-01, -3.14028412e-01,  5.97417802e-02,
        4.75159008e-03,  2.27180012e-02, -2.17732131e-01,  1.05657645e-01,
       -3.74952972e-01,  8.25945809e-02, -2.68730849e-01, -2.89866656e-01,
        1.17543273e-01, -1.59191534e-01,  5.56799471e-02, -2.54085928e-01,
       -1.23202346e-01, -2.61371374e-01, -2.39928365e-02,  1.39159977e-01,
       -3.01057965e-01, -1.36682302e-01,  2.26664305e-01, -3.96960616e-01,
       -4.17517126e-01, -2.25258112e-01, -3.68733317e-01,  2.67935634e-01,
       -1.99169070e-01,  1.75980002e-01, -1.04835304e-02, -1.57693893e-01,
       -3.52221429e-01,  9.00869723e-03, -4.01357532e-01, -2.10065186e-01,
       -2.93830812e-01,  5.91591224e-02,  2.52400726e-01,  1.09069422e-01,
       -5.87391714e-03, -3.22333306e-01,  2.31054544e-01,  1.47212237e-01,
        5.99944741e-02, -2.16714188e-01, -3.41127425e-01, -3.01396847e-01,
       -2.88502753e-01,  4.33174241e-03, -2.35133797e-01, -3.55330884e-01,
       -4.04221043e-02, -3.97825062e-01, -1.96687132e-01, -4.61396158e-01,
        8.97102132e-02, -3.07096504e-02, -2.64098376e-01, -4.05195057e-01,
       -3.53416473e-01, -3.56770098e-01, -6.20780811e-02, -2.25267559e-01,
       -1.27326652e-01, -2.14575499e-01,  1.62213370e-01,  1.36945471e-01,
       -4.02070403e-01, -4.14918005e-01, -2.35987693e-01, -2.18422592e-01,
       -4.93711084e-02,  1.24861121e-01, -1.29611194e-01, -1.82421222e-01,
        2.29760468e-01, -2.37805456e-01, -3.58378977e-01, -3.01190428e-02,
       -3.10256958e-01,  2.41747960e-01,  1.79872483e-01, -2.74425298e-01,
       -5.11763021e-02,  1.43446580e-01, -2.38637909e-01,  1.29128501e-01,
        1.23877794e-01, -2.74764419e-01, -1.28515050e-01,  1.23426057e-02,
       -2.85886824e-01,  1.32203236e-01, -2.47576222e-01, -1.15441352e-01,
       -2.47127607e-01, -3.75308841e-02, -1.80138946e-01, -1.98085159e-01,
       -1.52509898e-01,  1.97682142e-01, -1.88627362e-01,  1.96643621e-01,
       -2.17579782e-01,  1.00706071e-01, -3.73510599e-01,  3.49438339e-02,
       -5.66967726e-02,  1.34993032e-01, -3.31408009e-02,  2.01450795e-01,
       -7.37418830e-02,  1.73033103e-01, -2.98413098e-01,  1.72418714e-01,
        6.17558435e-02, -3.80790025e-01, -2.97571898e-01, -2.89690495e-01,
        1.06760323e-01, -3.40866089e-01, -3.71838570e-01, -1.07082047e-01,
        2.32989430e-01, -1.04289129e-03,  4.38143611e-02, -3.76241863e-01,
       -3.04648001e-02,  6.80356622e-02,  4.02911603e-02,  8.98939818e-02,
       -1.85277253e-01, -3.92639160e-01, -2.19650984e-01,  1.22065820e-01,
        7.19635263e-02,  3.92940752e-02,  2.41705880e-01, -2.47809440e-01,
       -3.30504477e-01, -3.73196244e-01, -1.01440761e-03, -5.59593216e-02,
       -3.91053617e-01, -3.27205546e-02, -1.99734181e-01, -2.28948295e-01,
        9.56701934e-02, -1.13927230e-01,  2.49103904e-01, -1.63075015e-01,
       -3.40297222e-01, -3.65588874e-01, -2.35224932e-01, -2.29544133e-01,
       -3.36818218e-01,  1.62508070e-01, -4.13954347e-01, -1.16598129e-01,
       -4.00385082e-01, -3.03322285e-01, -3.06529880e-01, -3.49777669e-01,
       -1.76743001e-01, -3.45133364e-01, -3.47402394e-02, -2.72983848e-03,
        1.80869117e-01, -4.78233881e-02,  9.16038826e-03, -2.45093554e-01,
        8.50573033e-02, -3.23864579e-01,  1.92854792e-01, -1.09319441e-01,
       -3.88479203e-01, -3.74553949e-01,  1.70524418e-01, -3.66509169e-01,
        1.46584660e-02, -3.62446159e-02, -6.32132143e-02,  7.80457165e-03,
       -8.75866488e-02, -2.79358476e-01, -4.88941930e-03,  1.65743515e-01,
        3.28809582e-02,  2.33300045e-01,  1.74947619e-01, -3.15576702e-01,
       -3.02803159e-01, -3.95955086e-01,  1.63896099e-01, -1.37561679e-01,
        2.95133255e-02, -2.93429196e-01, -3.73450309e-01,  1.14027299e-01,
        2.05554247e-01,  1.69906840e-01,  2.50993907e-01,  3.04069787e-01,
        1.34745184e-02, -3.74131709e-01, -1.95706576e-01, -3.44239548e-03,
        1.25569552e-01, -2.20108211e-01,  3.08329195e-01, -2.94605829e-02,
        1.29660875e-01,  7.16103241e-02, -2.44571745e-01,  1.85463160e-01,
        2.22850457e-01, -3.57457042e-01, -3.11107397e-01,  1.71483487e-01,
        2.02406123e-01, -6.71536922e-02, -3.67611557e-01,  9.35308337e-02,
       -4.10472035e-01, -1.89722687e-01, -3.08851779e-01, -1.96232766e-01],
      dtype=float32), 'encoder.2.weight': array([[ 0.73133206,  0.33714706, -1.2870295 , ...,  1.0453721 ,
        -0.07417751, -0.02502857],
       [ 0.8711258 ,  0.664623  , -0.9696294 , ..., -1.2664286 ,
        -0.83622354, -0.36511537],
       [-1.1522298 , -0.12644024, -0.28684872, ...,  0.13770284,
         0.98004633,  1.0894778 ],
       ...,
       [-1.0655009 , -0.18113868, -0.9231801 , ...,  0.8031382 ,
         0.05412507,  0.6764716 ],
       [-0.48552415,  0.12967551,  0.68919766, ..., -0.6681532 ,
         0.31316343, -0.46758306],
       [ 0.47125936, -1.2015665 , -0.06721679, ..., -0.9597346 ,
         0.49046406,  0.4095557 ]], dtype=float32), 'encoder.2.bias': array([-3.99861395e-01, -3.84812117e-01,  1.92238986e-02, -7.41227806e-01,
       -6.94765985e-01, -8.52214217e-01, -5.80132846e-03, -9.24446464e-01,
       -9.34046209e-01,  1.22287309e+00, -6.16735578e-01, -7.29789019e-01,
        2.34002277e-01,  6.97720885e-01, -2.18874112e-01, -6.50879383e-01,
        8.95796835e-01, -2.36743778e-01,  5.91974139e-01, -7.59746879e-02,
       -1.42022252e-01, -6.77627325e-01,  4.66533639e-02, -8.15601587e-01,
       -2.76149511e-01,  2.45451286e-01,  7.65032530e-01,  5.05867183e-01,
        5.92044234e-01,  5.59019864e-01, -3.92813385e-01,  1.08094192e+00,
        4.42800522e-01, -3.91608655e-01,  2.20922351e-01, -9.79164243e-01,
        2.18488798e-01, -6.97857291e-02, -2.41945028e-01,  6.09120429e-01,
       -1.03164166e-01,  1.06674552e+00,  5.21863461e-01,  7.04167843e-01,
       -1.07706022e+00,  3.72375488e-01, -9.69939351e-01, -3.22078079e-01,
       -3.53739626e-04,  2.54946411e-01,  9.78120416e-02,  8.22229326e-01,
        8.49705562e-02,  4.55379754e-01, -1.02678227e+00,  1.04773104e+00,
        7.74774671e-01,  8.28430533e-01, -2.32305080e-01, -1.59207746e-01,
        1.05270684e+00,  3.58150721e-01, -7.85047054e-01, -3.22299212e-01,
        3.92758191e-01, -6.97736502e-01,  4.09688987e-03,  2.25392818e-01,
       -6.82448030e-01, -6.78662479e-01,  1.13248073e-01,  8.77276778e-01,
       -3.27630132e-01,  6.19102001e-01, -8.05209398e-01, -8.91113997e-01,
       -2.55259722e-01,  2.02997088e-01,  4.63325977e-01, -1.13736212e+00,
        8.08579251e-02, -3.16579580e-01,  3.27960737e-02, -3.75088930e-01,
       -3.77907753e-01,  8.44788194e-01, -4.84171033e-01, -6.63903177e-01,
       -9.11558628e-01,  7.65474379e-01,  5.65204859e-01,  3.74304838e-02,
       -9.28315103e-01, -2.37678796e-01,  7.02263713e-01, -4.22920525e-01,
       -1.01036541e-02,  9.14655104e-02,  9.45433080e-01, -5.42496979e-01,
        4.88230109e-01,  8.85882854e-01, -1.02147257e+00, -4.68922496e-01,
       -1.26575410e+00, -2.16675431e-01,  5.69542408e-01,  1.03222346e+00,
        4.15995121e-01, -5.37229717e-01,  9.44266543e-02, -1.23646533e+00,
       -9.51432705e-01, -1.10414326e+00,  6.52346075e-01,  9.19023752e-01,
       -9.61496711e-01,  2.73620933e-01,  7.20064947e-03, -3.22103709e-01,
        1.33800894e-01, -9.63399947e-01,  8.20921004e-01,  6.95356607e-01,
       -1.24871814e+00, -1.36710858e+00, -9.32234228e-01, -8.46538424e-01,
       -1.82419762e-01,  1.85731798e-01,  2.36583978e-01, -1.30099761e+00,
        8.00024390e-01,  6.18585885e-01,  3.40695888e-01, -3.60393524e-02,
        1.61217287e-01, -7.16986358e-01, -6.83695614e-01,  2.63545036e-01,
        2.06372887e-01,  5.18951058e-01,  4.35115814e-01,  2.65737206e-01,
       -5.10827541e-01,  1.73652276e-01,  1.85461923e-01, -1.55018330e-01,
        8.04768085e-01,  4.11357254e-01,  5.38123131e-01,  6.92432404e-01,
       -3.05528164e-01, -1.20440197e+00, -1.22302389e+00, -1.40474081e-01,
        4.12294269e-01, -7.83109307e-01,  1.04953921e+00, -3.02824825e-01,
        2.10488327e-02, -5.50026774e-01,  7.83177972e-01,  6.61671758e-01,
        3.75634842e-02,  9.85613018e-02, -8.36820006e-01, -4.89197820e-01,
       -1.13539064e+00,  7.49127939e-02,  9.10346746e-01, -1.37896445e-02,
       -6.80731416e-01, -4.97004867e-01, -9.53151211e-02,  3.13810706e-01,
       -5.52089691e-01, -4.31257188e-01, -1.08857632e-01, -1.99725002e-01,
        7.01154649e-01,  4.24179733e-01, -4.55733836e-01,  6.77851379e-01,
       -3.90227027e-02, -2.86335707e-01, -6.21514559e-01,  7.70006418e-01,
        3.64947207e-02, -4.60273385e-01,  4.99668270e-01, -6.62188828e-01,
        5.90739131e-01, -1.18383431e+00, -6.94921553e-01,  7.37446427e-01,
       -2.62965620e-01,  6.84799999e-02, -2.40855783e-01, -1.25928748e+00,
        4.23025966e-01, -9.87943351e-01, -9.02629137e-01,  1.10358274e+00,
        6.23162687e-01, -1.42262304e+00, -2.99506932e-01, -1.66190758e-01,
       -5.84909797e-01,  2.21673310e-01,  4.32471216e-01,  8.81795809e-02,
        1.15357721e+00, -8.99745431e-03, -7.20301718e-02, -1.08784068e+00,
       -1.11885273e+00, -6.44073725e-01,  6.71969175e-01, -2.07867585e-02,
       -3.15041482e-01, -4.67982180e-02, -8.65172148e-01, -1.38892865e+00,
       -6.23042166e-01, -1.45626354e+00,  5.83612323e-01,  8.45219374e-01,
        8.91111493e-01, -3.40173036e-01, -2.67168403e-01,  3.72067183e-01,
       -5.58857560e-01, -1.30173576e+00, -2.36014090e-02,  6.22401476e-01,
        8.40573907e-02,  1.03465758e-01, -2.48709485e-01,  9.28578019e-01,
       -1.27595663e+00, -4.06150341e-01, -1.07334948e+00, -1.18348408e+00,
        2.86802530e-01,  8.35361481e-01,  2.88952559e-01,  1.04757085e-01,
       -1.20900556e-01, -1.29448369e-01,  8.93137991e-01, -5.15228271e-01,
       -6.72554433e-01, -1.61435887e-01, -1.15536880e+00,  5.85691988e-01,
        1.72979645e-02,  3.98612171e-02,  4.32312161e-01, -7.01805949e-01,
        9.23184156e-01, -6.11458957e-01,  4.07909453e-01,  4.60109770e-01,
        1.00691915e+00, -1.49141312e-01,  6.26649618e-01, -4.21203852e-01,
       -6.42675638e-01, -2.32543021e-01,  9.01080966e-01,  7.19023049e-01,
        1.06406309e-01, -9.14703906e-01, -1.73577815e-01,  5.98321855e-01,
       -1.32047677e+00, -5.85464180e-01,  5.62292218e-01,  3.07618767e-01,
        1.02989018e+00,  4.70394731e-01, -7.57129550e-01, -8.04637313e-01,
       -8.36812854e-02,  2.22009450e-01,  6.26794219e-01, -3.38395268e-01,
       -3.71863425e-01,  1.31775709e-02, -1.16496277e+00, -1.93262890e-01,
        9.39460039e-01, -3.11436057e-01, -4.57156599e-01,  5.85137844e-01,
        1.11729288e+00, -2.79272676e-01,  8.64716828e-01, -4.86596167e-01,
        2.68657982e-01,  5.55909932e-01,  4.52935159e-01, -7.57076219e-03,
        5.39606690e-01, -8.46416950e-01, -3.62764716e-01,  1.30527213e-01,
       -2.39594668e-01,  2.52988160e-01, -2.04723820e-01, -6.37724876e-01,
       -6.22752786e-01, -1.23381317e+00,  5.56455970e-01, -9.10340190e-01,
        1.11013770e+00, -4.13395345e-01,  9.16924059e-01, -5.91158867e-01,
       -5.16957521e-01,  1.04446602e+00,  4.69403744e-01,  7.90026039e-02,
       -1.67368829e-01, -1.30575097e+00,  5.93802631e-01, -1.08875561e+00,
       -8.21905911e-01,  1.10497400e-01,  1.11221492e-01,  1.43047404e+00,
       -2.45074540e-01, -7.42426515e-01, -2.23606855e-01, -2.95430124e-01,
        1.12759900e+00, -4.81736064e-02,  1.08331859e-01,  3.48158538e-01,
        6.62263930e-01, -3.99670362e-01, -7.36598790e-01, -7.44425714e-01,
       -8.64543080e-01,  5.59315145e-01, -1.07490087e+00,  1.45958781e-01,
        6.27477288e-01, -1.03291023e+00,  2.37157017e-01, -7.84242153e-01,
        8.56680274e-01,  1.03199983e+00, -2.27594405e-01, -7.24596024e-01,
        1.20697331e+00, -1.38510275e+00, -9.95696008e-01,  5.20915985e-01,
        1.77275956e-01, -3.47059429e-01, -4.63527068e-02, -4.33281422e-01,
       -3.15227032e-01, -7.04209983e-01, -5.78751802e-01,  1.12489808e+00,
       -3.21450949e-01, -2.60944486e-01, -7.23562241e-01,  9.56938148e-01,
        4.03589606e-01, -2.97230557e-02,  9.67373729e-01, -6.07594788e-01,
       -1.16718137e+00,  1.06782949e+00,  8.73468876e-01,  6.99675500e-01,
       -9.26910400e-01, -6.57182455e-01,  1.20585978e+00,  4.10125017e-01,
        2.66103268e-01,  6.18766725e-01,  7.20062017e-01,  4.84668970e-01,
        1.02133322e+00, -8.46029162e-01,  3.89131248e-01,  7.90006042e-01,
       -3.10224980e-01,  5.93542695e-01, -6.35724306e-01, -3.75405610e-01,
       -9.35595036e-01,  6.20487571e-01,  3.72983158e-01, -1.40991792e-01,
        9.84670043e-01,  9.75877881e-01, -4.17808965e-02,  3.53426263e-02,
        8.72358978e-01, -8.88842344e-01,  8.34880829e-01, -9.97098148e-01,
       -1.46413557e-02, -1.36853170e+00,  9.68307734e-01,  8.05679321e-01,
        5.58226764e-01,  1.83080658e-01,  6.61381483e-01, -4.08237904e-01,
        6.62032962e-02, -9.55849826e-01, -4.31096315e-01, -7.07987249e-01,
       -3.17993164e-01,  3.94826293e-01,  7.97738075e-01,  1.08417600e-01,
        9.94569421e-01, -3.85689825e-01,  5.93307316e-01,  5.47555208e-01,
        9.99947250e-01,  6.00388423e-02,  1.00696135e+00,  3.68928909e-01,
       -9.79749918e-01, -8.47154737e-01, -1.29073501e+00,  8.79264712e-01,
       -4.90845889e-01, -1.17686260e+00, -1.07237563e-01,  1.94681078e-01,
       -1.27025867e+00, -4.62914705e-01, -1.88406721e-01, -1.26976073e+00,
        2.36755656e-03,  2.03686565e-01, -4.65163350e-01, -3.41391057e-01,
       -8.47060680e-01, -1.20399380e+00, -9.23691869e-01, -3.05037469e-01,
       -1.16128922e+00, -4.66524899e-01, -8.33012223e-01, -2.62051553e-01,
       -1.00198030e+00, -1.22527957e+00,  7.53494382e-01, -1.14554775e+00,
        2.59614855e-01, -3.89786661e-01,  8.22652817e-01,  4.88492459e-01,
        7.39796281e-01, -2.30408251e-01, -2.47288436e-01, -1.12064791e+00,
       -1.02259660e+00,  1.06945395e+00,  4.98708099e-01, -6.13614798e-01,
        5.71621180e-01, -1.12121813e-01,  9.25423026e-01,  4.45031822e-02,
        4.20085788e-01,  5.97564459e-01, -2.45983005e-01, -3.78265738e-01,
        4.01487410e-01, -7.04786301e-01, -9.02043283e-01,  8.83989096e-01,
       -5.34076095e-01,  4.06545699e-02, -7.91304588e-01, -1.04926586e+00,
       -4.36956197e-01,  6.68050289e-01, -1.05360007e+00,  7.48798490e-01,
        4.20089245e-01,  7.19396591e-01,  1.51454359e-01,  3.96237433e-01,
       -1.62511721e-01, -7.50984132e-01, -3.86389822e-01, -4.14346546e-01],
      dtype=float32), 'encoder.4.weight': array([[-1.3297453e+00, -1.1994958e+00, -9.4210422e-01, ...,
        -6.6812485e-01,  3.7137014e-01,  1.3841607e-01],
       [ 9.0304017e-01, -2.3549327e-01, -2.6681075e-01, ...,
         5.5765972e-02, -2.6531631e-01, -6.1914819e-01],
       [-1.2514058e-01,  5.0733364e-01,  9.8625839e-01, ...,
         5.0066143e-01, -5.9946418e-01, -7.9645461e-01],
       ...,
       [ 5.2838528e-04, -2.2194965e-01,  1.5992481e-01, ...,
        -7.9388881e-01,  1.8064120e-01,  1.0543157e+00],
       [ 8.1482184e-01, -7.9124278e-01, -1.0343496e+00, ...,
         4.0466782e-01,  4.8414883e-01, -7.3891781e-02],
       [-1.3154244e+00, -8.7639129e-01, -1.4036062e-01, ...,
        -9.7993243e-01, -6.4631808e-01,  3.5762841e-01]], dtype=float32), 'encoder.4.bias': array([-0.1972225 ,  0.7532724 , -0.7528029 , ...,  0.17860122,
       -1.2850685 ,  0.70020515], dtype=float32), 'encoder.6.weight': array([[-0.1480081 , -0.5470621 , -0.2869793 , ...,  0.08671971,
        -0.4364767 ,  0.34292975],
       [-0.07727061, -0.42957693, -0.53858745, ..., -0.06695731,
         0.54144037, -0.3180949 ],
       [-0.20551243,  0.3021772 , -0.22346365, ...,  0.14304054,
        -0.5817569 , -0.08471905],
       ...,
       [ 0.09561541,  0.7307257 , -0.15844904, ..., -0.37927085,
         0.30319497,  0.19869122],
       [-0.44923759,  0.084727  ,  0.24089363, ..., -0.2631409 ,
         0.40298563, -0.41738352],
       [ 0.59752876, -0.35126156, -0.35620227, ..., -0.20978838,
         0.29370838,  0.3988192 ]], dtype=float32), 'encoder.6.bias': array([ 0.07639296,  0.3712446 ,  0.28393155,  0.28459084, -0.05310001,
       -0.37768096,  0.29214832, -0.10458545,  0.09601445, -0.3778469 ],
      dtype=float32), 'decoder.0.weight': array([[ 6.529908  ,  2.802184  ,  5.882354  , ...,  4.5713077 ,
        -7.778434  ,  2.0760846 ],
       [ 1.0641375 ,  8.177351  ,  6.3292875 , ...,  0.37166938,
        -3.1391332 , -4.340854  ],
       [-3.0402687 , -0.19999167,  5.113387  , ..., -5.58954   ,
        -0.4805923 ,  2.9460022 ],
       ...,
       [ 5.6750727 ,  4.759854  , -3.6241355 , ..., -0.5734575 ,
        -4.768954  ,  3.6035519 ],
       [-4.931662  , -2.6804042 ,  1.2040447 , ...,  5.569741  ,
         1.0691733 ,  4.4966516 ],
       [-2.0993764 ,  5.1183376 , -3.1470013 , ..., -1.233917  ,
         2.838099  , -5.073201  ]], dtype=float32), 'decoder.0.bias': array([ 2.359515 ,  6.2714133, -6.803359 , ..., -3.7266011,  3.349516 ,
        3.5054579], dtype=float32), 'decoder.2.weight': array([[-0.57679015, -0.27806383, -0.5539126 , ...,  0.46411324,
         0.36789653,  0.45373687],
       [-0.7106469 , -0.50590575,  0.42087656, ...,  0.4395718 ,
         0.02247014,  0.32743904],
       [ 0.39290848,  0.43869227, -0.00592561, ..., -0.45516554,
        -0.01826514,  0.30060363],
       ...,
       [-0.41961342,  0.42538446,  0.27331495, ..., -0.05972049,
         0.40200347, -0.375112  ],
       [-0.41511235,  0.49273455,  0.02452398, ...,  0.32123777,
        -0.04802206, -0.32096583],
       [ 0.4133126 , -0.40318477, -0.07857681, ..., -0.11648379,
        -0.659608  ,  0.26354975]], dtype=float32), 'decoder.2.bias': array([ 0.26101142,  0.04841055,  0.05018224, -0.69339687,  0.50548756,
        0.10699121, -0.03344756, -0.48209655, -0.27917722, -0.26225334,
       -0.13695021, -0.13835031, -0.04315252,  0.2156679 ,  0.02367839,
       -0.07215352,  0.21414602, -0.19941656, -0.2730488 , -0.5871037 ,
       -0.5539402 , -0.40379176, -0.19739883, -0.1295446 , -0.17081162,
        0.21995443,  0.49980658, -0.69762826, -0.5309745 , -0.7818712 ,
        0.12423602, -0.5817227 , -0.30248687, -0.5491327 , -0.66163313,
       -0.58750117,  0.56373805, -0.7135953 , -0.67628855, -0.00108069,
        0.00669526,  0.3517385 ,  0.16615221, -0.4756831 , -0.07415628,
       -0.6377907 , -0.04381711,  0.11823524,  0.0654633 , -0.0608262 ,
        0.2672781 , -0.63187134,  0.4075047 ,  0.57095176,  0.06283171,
        0.23828775, -0.37151733, -0.29231632, -0.03731021, -0.22439839,
       -0.6392278 ,  0.20683372, -0.10526189,  0.31713468,  0.02570292,
        0.09033038, -0.5741222 , -0.02627045,  0.35697785,  0.38878176,
       -0.6075701 , -0.0539054 , -0.2350699 , -0.16285637,  0.18016967,
       -0.4116171 ,  0.19438916,  0.57046497,  0.47510475, -0.45261037,
       -0.11701217,  0.3141569 ,  0.5158147 , -0.23345934,  0.5508388 ,
        0.50060254, -0.28435177, -0.25661817,  0.28566658, -0.16908756,
        0.1420896 , -0.52930117, -0.29555902,  0.4513536 ,  0.35436952,
        0.38391712,  0.365113  ,  0.39956725, -0.39542547,  0.04559514,
       -0.10067149,  0.44226328,  0.2189793 , -0.2520708 , -0.11812802,
       -0.03905085,  0.22028917,  0.36894172,  0.47314197,  0.39764184,
        0.413878  , -0.4237741 ,  0.34858435,  0.12225111, -0.4179894 ,
       -0.0976171 , -0.30576342,  0.4283622 ,  0.30453753, -0.40789557,
       -0.47538936, -0.4808402 , -0.47771487,  0.3400783 , -0.6215681 ,
       -0.17240337,  0.4181466 ,  0.03161816, -0.19046474,  0.1472618 ,
       -0.12901334, -0.2221609 , -0.05977166, -0.5970435 ,  0.24188228,
       -0.4648987 ,  0.03980411, -0.23847151, -0.27468896,  0.19270864,
        0.11079368, -0.46902394,  0.21267244,  0.5291978 ,  0.5290028 ,
       -0.06606413, -0.5088638 , -0.49723744, -0.15862425, -0.42850417,
       -0.00226495,  0.03155847,  0.44311398,  0.5299926 , -0.19122043,
        0.17066184,  0.1042679 , -0.24534199,  0.46180165,  0.04847801,
       -0.4025086 , -0.21026021, -0.03325194, -0.29734936,  0.38693005,
        0.162558  ,  0.25486216,  0.4850522 , -0.10107857, -0.47517645,
       -0.07121573, -0.03486707,  0.42225355, -0.16318455,  0.17108983,
       -0.05188646,  0.26591793, -0.1549575 ,  0.30320227,  0.22555518,
        0.36262995,  0.38190493,  0.03265253,  0.38203776, -0.29582337,
        0.1537824 ,  0.35049364, -0.14511587,  0.1826565 ,  0.36990416,
       -0.6222895 , -0.16657889,  0.32003945,  0.4413873 ,  0.30053952,
        0.21091455,  0.3338079 ,  0.4345315 , -0.6518828 ,  0.27901536,
        0.15294851, -0.4890079 ,  0.21491738,  0.55050194,  0.14655094,
        0.4273674 ,  0.26439354, -0.14214683,  0.04950122,  0.15243596,
       -0.7302892 , -0.2845015 , -0.4898943 , -0.55449724,  0.39338297,
        0.12604842, -0.48202386, -0.46299976, -0.4044779 ,  0.51504546,
       -0.5392692 , -0.3891941 ,  0.30573675, -0.65814674,  0.05900722,
        0.04925411, -0.10411664, -0.12779115,  0.01641585, -0.10904793,
       -0.2183882 ,  0.368336  ,  0.06938546,  0.03330887, -0.76309884,
       -0.636267  ,  0.2037611 ,  0.02476864,  0.50462484, -0.429398  ,
       -0.31534582, -0.61566544,  0.02483682, -0.5222081 ,  0.41358647,
       -0.37609267,  0.46603712,  0.16735423,  0.40862435, -0.23721555,
       -0.4710952 ,  0.06478751,  0.0577949 ,  0.30019814,  0.18547723,
       -0.25370434,  0.53695774,  0.31279123, -0.26790506, -0.09470142,
        0.11809257, -0.5375893 ,  0.10796177,  0.20549774, -0.05153289,
       -0.31271294, -0.20983015, -0.63770574,  0.4027291 ,  0.18249814,
        0.20071775, -0.34870264,  0.58105767, -0.6990063 , -0.3292308 ,
       -0.22737135,  0.20390058, -0.0193021 , -0.20581281,  0.4818191 ,
        0.15623768, -0.6610294 , -0.5647028 ,  0.2871727 ,  0.06166134,
       -0.05542691, -0.24529776, -0.5661652 ,  0.60489875, -0.3561118 ,
        0.4458283 ,  0.04123003, -0.2840361 ,  0.09516892,  0.04866307,
       -0.44417953, -0.08852156,  0.49930784,  0.03831549, -0.44796705,
       -0.4344227 , -0.4477192 , -0.73439664,  0.41740835,  0.28462815,
       -0.5383243 , -0.14567053, -0.20494181, -0.62814975,  0.32319006,
       -0.00997123, -0.00737046, -0.28420395, -0.62437415, -0.23448215,
        0.259495  ,  0.41025272,  0.19062307, -0.65481436, -0.6107141 ,
        0.06929241, -0.60772467, -0.02846281,  0.26096106, -0.32186675,
       -0.0724853 , -0.07577641, -0.2649526 ,  0.25095075,  0.21873252,
       -0.7301925 , -0.09320067,  0.03887194,  0.18437582,  0.6241453 ,
        0.05904347, -0.65124005, -0.23310868,  0.1264957 , -0.14601691,
        0.57084686,  0.44448972, -0.27739465,  0.50147533, -0.6175485 ,
       -0.7097833 , -0.0500191 , -0.03098396,  0.62371784,  0.34275472,
        0.03277388, -0.5256608 , -0.23906595,  0.4589116 ,  0.00768243,
        0.51348984, -0.38061756,  0.14348985,  0.17884737, -0.26030913,
        0.27778363,  0.34882626, -0.32495338, -0.09840445, -0.0857104 ,
        0.5407053 ,  0.10481101, -0.44397628,  0.47548208, -0.54189545,
       -0.57684255,  0.26672047,  0.5903345 , -0.06269934,  0.26604816,
        0.48719043,  0.15533106,  0.01527242,  0.2868042 ,  0.40191847,
       -0.41179454, -0.21228185,  0.43836665,  0.36350256, -0.3153631 ,
       -0.55477947, -0.27634004, -0.3318151 , -0.3615206 ,  0.26657245,
        0.48347342, -0.26933128, -0.05366256, -0.6613232 , -0.49357742,
       -0.5559139 , -0.68820935, -0.5218081 , -0.32687372, -0.5409025 ,
        0.44844848, -0.54679435,  0.4862088 ,  0.47257376, -0.24397098,
       -0.19421083, -0.23335478,  0.36507568, -0.09265782, -0.5384823 ,
        0.43372804,  0.03861218, -0.8211893 , -0.02761241, -0.11281599,
       -0.26869553,  0.36265922,  0.5656434 ,  0.13078338,  0.31735945,
       -0.15215263, -0.22944605, -0.40576416,  0.06435957,  0.33627152,
        0.36555415,  0.11785601,  0.5592569 ,  0.3237327 , -0.10928475,
       -0.04807822,  0.28091368, -0.72575194,  0.0723528 ,  0.13142666,
        0.25616458,  0.04920704,  0.32661453, -0.45164734, -0.04052721,
        0.1455096 , -0.06373885, -0.07376009,  0.46259093,  0.12276048,
       -0.43165344,  0.37895074, -0.11745306, -0.17746748, -0.4077774 ,
        0.5153147 ,  0.50425303, -0.32439297,  0.07205066,  0.46069515,
       -0.5824338 ,  0.3454661 , -0.00572801,  0.02745194,  0.50754887,
       -0.07433694, -0.54371816, -0.54908365,  0.01178878, -0.1349993 ,
       -0.49657524, -0.5594354 ,  0.3412716 ,  0.24894913,  0.06712641,
       -0.02706674,  0.30101538,  0.37025678,  0.35815307,  0.08191402,
       -0.68780947, -0.0475099 ,  0.05137027,  0.6096464 , -0.18161272,
        0.09081355, -0.4268765 ,  0.11591101,  0.02765576,  0.37977514,
        0.46488482, -0.63885844, -0.40450692, -0.13091563, -0.09095886,
       -0.6551147 , -0.38640863,  0.30306616, -0.04887789, -0.1833657 ,
        0.43875527, -0.49877137, -0.2525863 ,  0.45784903, -0.177001  ],
      dtype=float32), 'decoder.4.weight': array([[ 1.0815715 ,  0.5359551 , -0.8282023 , ...,  0.18536822,
         0.70502913,  0.7651485 ],
       [-0.31173515,  1.2400838 , -0.36049068, ..., -0.2963617 ,
         0.85969424, -0.19980973],
       [-0.12232315, -0.9772063 ,  0.22290748, ...,  0.98040015,
        -0.6295742 ,  0.15792638],
       ...,
       [ 0.7427204 , -1.0985191 , -0.7467016 , ...,  0.16443059,
         0.9547425 , -0.69334906],
       [ 0.7470184 , -1.3154145 ,  0.7189115 , ..., -0.7639857 ,
         0.21145149,  0.58032894],
       [-0.95744616, -0.35663778, -0.43620777, ...,  0.04645037,
        -0.61375964,  0.44559976]], dtype=float32), 'decoder.4.bias': array([-0.774942  ,  0.78007066,  0.6749091 , -1.1833277 ,  0.7873082 ,
       -0.29488617, -0.26279938,  0.0813397 , -0.15157536, -0.72407943,
       -1.2733495 , -0.40047267, -0.8336487 ,  0.95158243, -0.8532915 ,
       -1.3416449 ,  0.13497877, -1.1950521 ,  0.5012448 , -0.92937505,
        0.8998693 ,  0.3577169 ,  0.5238785 , -1.5282092 , -0.73086506,
       -0.7093493 ,  0.43506655,  0.8606449 , -1.3916578 ,  1.0819681 ,
       -1.2153258 ,  0.68276304,  0.25706273,  0.71587145,  0.21604827,
        0.09013906,  0.3866217 , -0.21706438,  0.4880717 , -0.03592355,
       -0.70280737,  0.38266003, -0.7600161 , -0.32661313, -0.8480208 ,
       -0.94526684,  0.32841742, -0.21902224,  0.2717705 , -0.08887233,
       -0.62272704, -0.4879455 ,  0.2702301 ,  1.1730222 , -1.478446  ,
        0.25418353, -0.8070343 , -0.55127853, -1.327154  , -0.83625937,
       -0.8069439 ,  0.6380547 , -0.10164483,  0.28660926, -0.8381748 ,
       -0.69992477, -0.568975  ,  0.15371841,  0.834412  ,  0.3921836 ,
       -0.58866704,  1.0733244 , -0.8732583 , -0.05187866, -1.489744  ,
        0.4950658 , -0.04855946, -0.34721375, -0.8604884 , -0.54626447,
        0.29621157,  0.73941576, -0.92724097, -0.23459274,  0.09274865,
       -1.1856406 , -0.16968799,  0.7482914 ,  1.240685  , -1.1100492 ,
        0.4216544 ,  0.4360048 ,  0.5245438 , -0.23606426, -0.85968864,
        0.593583  ,  0.58995116, -0.5484567 , -0.96933365,  0.43039137,
       -0.8433831 ,  0.7641002 , -0.5263898 , -1.2320402 , -1.1271685 ,
        0.19787657, -0.09599694, -0.9596524 , -0.50269014, -1.201697  ,
       -0.7558701 , -0.9088405 , -0.56165236,  0.32383353, -0.85071135,
        1.2141067 ,  0.7293879 ,  0.51713574,  0.8684182 , -0.96209323,
        0.43316835, -0.08536296, -1.3863574 ,  1.3439441 ,  0.06437166,
       -0.95111   , -0.90182185,  0.60927117, -1.1380672 ,  1.2381917 ,
       -0.08118924, -0.27145144, -0.88910353,  0.0738024 , -1.2703142 ,
        0.36864328,  0.9765713 , -1.1709118 ,  0.8676691 , -1.07375   ,
        0.23726541, -1.3353422 , -0.14794685, -0.7727126 ,  0.4828835 ,
        0.31914148, -0.48622558, -0.1645412 ,  0.6484961 , -0.03371027,
        0.5840241 ,  0.06799428, -1.1173005 , -0.18745811, -1.1054786 ,
        1.102495  , -0.09851585,  0.8975114 ,  0.82099277, -0.73445034,
       -0.65447867, -0.14230618,  0.01684902, -1.1018082 , -1.2883403 ,
       -1.0288    , -0.6354599 , -0.8942717 ,  0.2852417 ,  0.72076344,
        0.7775656 , -0.61713463,  1.1399662 ,  0.6597265 ,  0.44592202,
        0.27940398, -1.2347789 ,  0.30898905, -0.03562937, -0.1180257 ,
       -1.180879  , -1.2194939 , -0.99552494, -0.5917405 ,  0.6757685 ,
       -0.0602859 ,  0.44526255, -0.28219095, -0.22881222, -1.125352  ,
        0.7819499 , -0.11944882, -1.4067955 ,  0.47816902,  0.9412395 ,
        0.6040236 ,  0.0053501 , -1.3339312 , -0.7461277 ,  0.3764662 ,
        0.6396483 , -0.49019778, -0.42486024,  0.5992773 ,  1.179149  ,
        0.9486709 ,  0.17149067,  0.4849418 , -0.49347723,  0.3367806 ,
        0.35578147, -0.00687443,  0.93475246,  0.05739818, -0.8415669 ,
        0.19105822,  1.2754691 ,  0.49896464, -1.2104027 ,  0.90889937,
        0.8815179 ,  0.6198586 , -0.1468996 ,  0.5474736 , -0.48626465,
        0.14162812, -1.101071  ,  0.643626  , -0.6751686 , -0.22130132,
       -0.2186229 ,  0.70399207, -0.7105239 ,  0.5764199 , -1.3525429 ,
       -0.5262628 , -0.29271373,  0.5790546 ,  0.33173943, -0.66627157,
       -0.5658818 ,  0.06891047, -0.00543458,  0.05771555,  0.84996474,
       -0.98205644,  0.48507082,  0.671462  , -1.462678  , -0.38766202,
        0.16709769,  0.6335564 , -0.9314517 , -1.0997763 ,  0.8455951 ,
       -0.53371465,  0.39389884, -0.26007873,  0.59007084, -0.7685782 ,
       -1.0552379 , -1.1237221 , -0.46632892,  0.6220993 , -1.4087614 ,
       -0.38432464, -0.5430206 , -0.8870724 , -0.52465177, -0.30918235,
       -0.5125337 , -0.47726372, -1.4674388 ,  0.5506372 ,  0.6791729 ,
       -0.4584908 , -0.57294905, -0.58692884,  1.1756341 ,  0.11307909,
       -0.691095  , -0.28579178,  1.1238422 , -0.5755818 ,  0.7583034 ,
       -1.1313424 ,  0.24638218,  0.7200537 ,  0.05854573,  0.7607196 ,
       -0.29488617,  0.3634982 , -0.5605561 ,  0.7002362 , -1.0640386 ,
        1.1937404 ,  0.26100937, -1.2611668 ,  0.28449124, -0.40139872,
       -0.7220644 , -1.0454601 ,  0.51464015, -0.43160093, -0.07397583,
       -1.3248736 , -1.2427202 , -0.58530575,  0.22222486,  0.4956539 ,
       -0.2928056 ,  1.2113645 ,  0.57278156, -0.27414256,  0.7438164 ,
        0.05151364,  1.040221  , -0.8345189 , -1.4169585 ,  0.24080619,
        0.47883296, -1.0166988 , -0.03961562, -1.0927693 , -0.13079938,
       -1.4375554 , -0.5306417 ,  0.11655685, -0.82246053, -0.19064714,
       -0.0570384 ,  0.28508252,  0.4330142 , -0.08408604,  0.74077445,
       -0.725219  , -0.8689666 , -1.0534334 , -1.0210922 , -0.933135  ,
       -0.5700642 , -0.2006938 ,  1.340117  ,  0.37700498,  0.560512  ,
        0.03273433,  0.22507435, -0.95598984,  0.41023546, -0.16001323,
       -0.98287356, -0.2339456 , -0.6045543 ,  0.62045205, -0.72016454,
       -1.1395843 , -0.9110421 ,  0.23839554,  0.31329882, -1.1095239 ,
       -0.2653256 , -0.12099542, -0.9606502 , -1.4779028 ,  0.34661472,
        1.1976069 ,  0.909227  ,  0.30739895, -1.0290612 ,  0.588272  ,
       -0.37827685, -0.03965954,  0.74677145,  0.03710057, -0.45319384,
       -0.28114584,  0.94765157,  0.35644013, -0.07541624,  1.1165879 ,
       -1.7737598 ,  0.38758507, -0.7180828 , -0.11436092,  0.2401833 ,
        1.1351895 , -0.4039048 , -0.34229404, -0.51882744,  1.1451118 ,
       -0.9417323 ,  0.9230895 ,  0.52763766, -0.8635951 , -0.46929717,
       -0.1201041 ,  1.0477586 , -1.0741724 , -0.2238125 , -0.47110844,
        0.83278024,  0.02611049, -0.99930394, -1.1594149 ,  0.6342894 ,
        0.2004675 , -0.9088333 , -0.9001399 ,  0.07184538,  0.87541485,
        0.35047796, -1.2584809 ,  0.22648457, -1.4923078 ,  0.22010067,
        0.5357966 , -0.21673217, -0.9291294 ,  0.89249617, -1.2485199 ,
       -0.42958647,  0.20147777,  0.6743025 , -0.78140026, -0.4904153 ,
        0.2293702 , -0.4488361 , -1.5083829 , -1.4345422 , -0.09389012,
        0.94995046,  0.38584614, -0.63848335, -1.243374  , -0.5469274 ,
        1.0117874 , -0.19190416, -1.3803151 ,  0.1103387 , -1.1296647 ,
       -0.39057577,  0.4827959 ,  0.677925  ,  0.24488658,  0.8364197 ,
        0.833643  ,  0.649041  , -1.283805  ,  0.19246304, -0.9380641 ,
        0.23766726, -1.2329998 , -0.44921535, -0.279478  ,  0.3310767 ,
        0.11066569,  0.9374566 , -0.72939783,  0.68919706,  0.92972547,
       -0.71583104, -0.69752705, -1.1353934 ,  0.5748422 ,  0.12332227,
        0.63988525,  1.1911772 , -0.9197199 ,  0.7524277 , -1.2295277 ,
        0.79516965, -0.3596081 , -0.18859789,  0.6224215 , -0.88537574,
        0.06943915, -0.8575677 ,  0.49290603, -0.51245666,  0.25190765,
       -1.1543823 , -0.02087829,  0.14413567, -1.1144904 , -1.0629991 ,
       -0.56266665, -0.9173653 ,  1.1349506 , -0.21991105, -1.125959  ,
       -1.3952844 , -1.221895  , -0.91793823, -0.5663884 , -1.3139572 ,
       -0.7836148 ,  0.25243556, -1.3560053 ,  0.9789789 ,  0.13654362],
      dtype=float32), 'decoder.6.weight': array([[-0.58615583,  1.9319643 , -0.03564514, ...,  1.5153978 ,
        -1.1850282 ,  1.6680914 ],
       [-0.21491638, -0.42118275,  0.36507732, ..., -0.8932415 ,
         0.27912006,  0.4949429 ],
       [-0.74776506,  0.7876389 , -1.1753747 , ...,  0.9860463 ,
        -0.02535371, -0.03987066],
       ...,
       [-0.49938816,  0.45816797,  0.8394629 , ..., -1.2983595 ,
        -0.00858223, -0.8376695 ],
       [-1.1662623 , -0.21551214, -1.0014918 , ..., -0.11828426,
         0.80883133, -0.19025402],
       [ 0.8723607 ,  0.98911464, -0.02263849, ..., -0.57778656,
         0.33108246, -0.5340433 ]], dtype=float32), 'decoder.6.bias': array([ 0.25857073, -0.0632781 , -1.3274193 , ..., -1.0980235 ,
        0.06430426, -0.29996458], dtype=float32)}
[Time: 12.01.25 12:12:48] [Level: info] [State: aggregate] Updating global model...
[Time: 12.01.25 12:12:48] [Level: info] [State: aggregate] Autoencoder(
  (encoder): Sequential(
    (0): Linear(in_features=6001, out_features=500, bias=True)
    (1): ReLU()
    (2): Linear(in_features=500, out_features=500, bias=True)
    (3): ReLU()
    (4): Linear(in_features=500, out_features=2000, bias=True)
    (5): ReLU()
    (6): Linear(in_features=2000, out_features=10, bias=True)
  )
  (decoder): Sequential(
    (0): Linear(in_features=10, out_features=2000, bias=True)
    (1): ReLU()
    (2): Linear(in_features=2000, out_features=500, bias=True)
    (3): ReLU()
    (4): Linear(in_features=500, out_features=500, bias=True)
    (5): ReLU()
    (6): Linear(in_features=500, out_features=6001, bias=True)
  )
)
[Time: 12.01.25 12:12:48] [Level: info] [State: aggregate] Broadcasting model...
[Time: 12.01.25 12:12:49] [Level: info] transition: compute
[Time: 12.01.25 12:12:50] [Level: info] state: compute
[Time: 12.01.25 12:12:50] [Level: info] [State: compute] ITERATION 4
[Time: 12.01.25 12:12:50] [Level: info] [State: compute] receiving weights...
[Time: 12.01.25 12:12:50] [Level: info] [State: compute] Loading global weights for model...
[Time: 12.01.25 12:12:50] [Level: info] [State: compute] Updated model with received weights.
[Time: 12.01.25 12:12:50] [Level: info] [State: compute] Loading data...
[Time: 12.01.25 12:12:50] [Level: info] [State: compute] Preparing model training...
[Time: 12.01.25 12:12:50] [Level: info] [State: compute] Training model for one epoch...
[Time: 12.01.25 12:12:50] [Level: info] [State: compute] Local training loss: 43.59318923950195
[Time: 12.01.25 12:12:50] [Level: info] [State: compute] Training the decoder...
127.0.0.1 - - [12/Jan/2025 12:12:50] "GET /api/status HTTP/1.0" 200 158
[CTRL] GET /data
[Time: 12.01.25 12:12:51] [Level: info] [State: compute] Epoch 10, Total Loss: 4.327939987182617, KL Loss: -1.3709068547029801e-08, Recon Loss: 43.27939987182617
[Time: 12.01.25 12:12:53] [Level: info] [State: compute] Epoch 20, Total Loss: 4.317920207977295, KL Loss: -9.834766778737958e-09, Recon Loss: 43.179203033447266
127.0.0.1 - - [12/Jan/2025 12:12:54] "GET /api/data HTTP/1.0" 200 34213092
[Time: 12.01.25 12:12:55] [Level: info] [State: compute] Epoch 30, Total Loss: 4.305957317352295, KL Loss: -8.493661773911754e-09, Recon Loss: 43.059574127197266
127.0.0.1 - - [12/Jan/2025 12:12:57] "GET /api/status HTTP/1.0" 200 155
127.0.0.1 - - [12/Jan/2025 12:12:59] "GET /api/status HTTP/1.0" 200 155
127.0.0.1 - - [12/Jan/2025 12:13:01] "GET /api/status HTTP/1.0" 200 155
127.0.0.1 - - [12/Jan/2025 12:13:03] "GET /api/status HTTP/1.0" 200 155
127.0.0.1 - - [12/Jan/2025 12:13:05] "GET /api/status HTTP/1.0" 200 155
[Time: 12.01.25 12:13:05] [Level: info] [State: compute] Epoch 40, Total Loss: 4.293279647827148, KL Loss: -1.2367963542203597e-08, Recon Loss: 42.932796478271484
127.0.0.1 - - [12/Jan/2025 12:13:07] "GET /api/status HTTP/1.0" 200 155
127.0.0.1 - - [12/Jan/2025 12:13:09] "GET /api/status HTTP/1.0" 200 155
127.0.0.1 - - [12/Jan/2025 12:13:11] "GET /api/status HTTP/1.0" 200 155
127.0.0.1 - - [12/Jan/2025 12:13:13] "GET /api/status HTTP/1.0" 200 155
127.0.0.1 - - [12/Jan/2025 12:13:15] "GET /api/status HTTP/1.0" 200 155
127.0.0.1 - - [12/Jan/2025 12:13:17] "GET /api/status HTTP/1.0" 200 155
127.0.0.1 - - [12/Jan/2025 12:13:19] "GET /api/status HTTP/1.0" 200 155
127.0.0.1 - - [12/Jan/2025 12:13:21] "GET /api/status HTTP/1.0" 200 155
[Time: 12.01.25 12:13:22] [Level: info] [State: compute] Epoch 50, Total Loss: 4.280324459075928, KL Loss: -6.109476036186834e-09, Recon Loss: 42.803245544433594
127.0.0.1 - - [12/Jan/2025 12:13:23] "GET /api/status HTTP/1.0" 200 155
127.0.0.1 - - [12/Jan/2025 12:13:25] "GET /api/status HTTP/1.0" 200 155
127.0.0.1 - - [12/Jan/2025 12:13:27] "GET /api/status HTTP/1.0" 200 155
127.0.0.1 - - [12/Jan/2025 12:13:29] "GET /api/status HTTP/1.0" 200 155
127.0.0.1 - - [12/Jan/2025 12:13:31] "GET /api/status HTTP/1.0" 200 155
127.0.0.1 - - [12/Jan/2025 12:13:33] "GET /api/status HTTP/1.0" 200 155
[Time: 12.01.25 12:13:33] [Level: info] [State: compute] Epoch 60, Total Loss: 4.267246723175049, KL Loss: -9.38773148106975e-09, Recon Loss: 42.67246627807617
127.0.0.1 - - [12/Jan/2025 12:13:35] "GET /api/status HTTP/1.0" 200 155
127.0.0.1 - - [12/Jan/2025 12:13:37] "GET /api/status HTTP/1.0" 200 155
127.0.0.1 - - [12/Jan/2025 12:13:39] "GET /api/status HTTP/1.0" 200 155
127.0.0.1 - - [12/Jan/2025 12:13:41] "GET /api/status HTTP/1.0" 200 155
[Time: 12.01.25 12:13:42] [Level: info] [State: compute] Epoch 70, Total Loss: 4.254103660583496, KL Loss: -1.7434357957313296e-08, Recon Loss: 42.54103469848633
127.0.0.1 - - [12/Jan/2025 12:13:43] "GET /api/status HTTP/1.0" 200 155
127.0.0.1 - - [12/Jan/2025 12:13:45] "GET /api/status HTTP/1.0" 200 155
127.0.0.1 - - [12/Jan/2025 12:13:47] "GET /api/status HTTP/1.0" 200 155
127.0.0.1 - - [12/Jan/2025 12:13:49] "GET /api/status HTTP/1.0" 200 155
[Time: 12.01.25 12:13:49] [Level: info] [State: compute] Epoch 80, Total Loss: 4.240915298461914, KL Loss: -8.791684713571613e-09, Recon Loss: 42.40915298461914
127.0.0.1 - - [12/Jan/2025 12:13:51] "GET /api/status HTTP/1.0" 200 155
127.0.0.1 - - [12/Jan/2025 12:13:53] "GET /api/status HTTP/1.0" 200 155
127.0.0.1 - - [12/Jan/2025 12:13:55] "GET /api/status HTTP/1.0" 200 155
127.0.0.1 - - [12/Jan/2025 12:13:57] "GET /api/status HTTP/1.0" 200 155
[Time: 12.01.25 12:13:58] [Level: info] [State: compute] Epoch 90, Total Loss: 4.227691173553467, KL Loss: -1.0579824127887605e-08, Recon Loss: 42.276912689208984
127.0.0.1 - - [12/Jan/2025 12:13:59] "GET /api/status HTTP/1.0" 200 155
127.0.0.1 - - [12/Jan/2025 12:14:01] "GET /api/status HTTP/1.0" 200 155
127.0.0.1 - - [12/Jan/2025 12:14:03] "GET /api/status HTTP/1.0" 200 155
127.0.0.1 - - [12/Jan/2025 12:14:05] "GET /api/status HTTP/1.0" 200 155
127.0.0.1 - - [12/Jan/2025 12:14:07] "GET /api/status HTTP/1.0" 200 155
127.0.0.1 - - [12/Jan/2025 12:14:09] "GET /api/status HTTP/1.0" 200 155
[Time: 12.01.25 12:14:09] [Level: info] [State: compute] Epoch 100, Total Loss: 4.214437007904053, KL Loss: -1.2665987370041876e-08, Recon Loss: 42.14436721801758
[Time: 12.01.25 12:14:09] [Level: info] [State: compute] Saving model and decoder...
[Time: 12.01.25 12:14:09] [Level: info] [State: compute] Scoring model...
[Time: 12.01.25 12:14:09] [Level: info] [State: compute] Adjusted Rand Index (ARI): -0.0024027063017259794
[Time: 12.01.25 12:14:09] [Level: info] [State: compute] Sent updated weights to coordinator.
[Time: 12.01.25 12:14:09] [Level: info] transition: aggregate
[Time: 12.01.25 12:14:10] [Level: info] state: aggregate
[Time: 12.01.25 12:14:10] [Level: info] [State: aggregate] Waitig for local models...
127.0.0.1 - - [12/Jan/2025 12:14:11] "GET /api/status HTTP/1.0" 200 157
127.0.0.1 - - [12/Jan/2025 12:14:13] "GET /api/status HTTP/1.0" 200 157
127.0.0.1 - - [12/Jan/2025 12:14:15] "GET /api/status HTTP/1.0" 200 157
[CTRL] POST /data
127.0.0.1 - - [12/Jan/2025 12:14:17] "POST /api/data?client=6a4ef86890e1e584&memo=GATHERROUND4 HTTP/1.0" 200 0
127.0.0.1 - - [12/Jan/2025 12:14:17] "GET /api/status HTTP/1.0" 200 157
[CTRL] POST /data
127.0.0.1 - - [12/Jan/2025 12:14:17] "POST /api/data?client=1245e957de2b3c68&memo=GATHERROUND4 HTTP/1.0" 200 0
[Time: 12.01.25 12:14:17] [Level: info] [State: aggregate] {'encoder.0.weight': array([[-0.28661197,  0.25856283,  0.15081505, ..., -0.14921527,
         0.13941629, -0.21312629],
       [-0.04688588, -0.29821384, -0.17951922, ...,  0.06279645,
        -0.36503297, -0.07715379],
       [ 0.475197  , -0.29897693,  0.08983735, ..., -0.24553926,
        -0.1385197 , -0.10698061],
       ...,
       [-0.11989176,  0.12564398,  0.37715125, ...,  0.32240003,
        -0.17275845, -0.04225602],
       [ 0.10161515,  0.06847482,  0.0606595 , ...,  0.07725869,
        -0.3501725 ,  0.01442044],
       [-0.33934137, -0.18585661, -0.2209481 , ..., -0.10565706,
         0.08914614,  0.03841251]], dtype=float32), 'encoder.0.bias': array([-1.07181951e-01, -1.03437036e-01,  8.62058029e-02, -1.47747889e-01,
       -4.00885135e-01,  1.73220769e-01, -6.61198124e-02, -2.56203860e-01,
       -2.68231839e-01,  1.60465434e-01, -4.16599698e-02, -3.42030585e-01,
        7.16592595e-02, -2.50778466e-01, -9.46921930e-02,  1.97024979e-02,
       -1.93647072e-01, -6.51476234e-02, -3.22457314e-01, -3.25952441e-01,
       -4.19366807e-01,  1.42715722e-01, -2.58430511e-01,  1.02707982e-01,
        5.27150445e-02,  2.12389216e-01,  1.66582569e-01,  2.88981676e-01,
        1.03057712e-01, -1.88243091e-01, -2.50422806e-01,  1.65973768e-01,
       -1.08927608e-01, -2.97866732e-01,  2.99532956e-04,  2.94122279e-01,
       -3.20696980e-02, -5.34747262e-03, -2.27124691e-02, -3.05371042e-02,
        1.75598696e-01, -2.01460615e-01, -3.41224745e-02,  2.69676924e-01,
       -1.56364709e-01, -3.98738623e-01, -1.16188623e-01, -1.91111997e-01,
        2.43949473e-01, -2.60209352e-01, -2.27086082e-01, -7.81343728e-02,
        2.19254661e-02, -2.79462308e-01,  5.78679256e-02, -3.82512361e-02,
       -7.93597009e-03, -1.29044265e-01, -2.65717417e-01, -3.60364109e-01,
        4.19652387e-02,  1.11883186e-01, -3.22424471e-01,  2.16321424e-01,
       -3.29820476e-02,  2.81504154e-01, -2.66737580e-01, -3.88901800e-01,
       -4.47332680e-01,  8.45387578e-02,  2.89539754e-01, -2.73410469e-01,
       -1.23486996e-01, -2.96626270e-01, -2.58443266e-01, -1.39809288e-02,
       -3.16609830e-01,  2.14602739e-01, -3.69918108e-01,  4.94997129e-02,
        2.81150848e-01,  2.36178085e-01, -2.62317926e-01,  2.01563820e-01,
       -2.29624510e-01, -7.36921579e-02, -1.73056692e-01,  1.05961144e-01,
        8.25618207e-02, -2.28474528e-01, -1.71964318e-01,  1.02469414e-01,
        2.32806489e-01, -2.81189889e-01, -2.07881972e-01,  4.41881232e-02,
       -1.31004155e-01, -3.20050806e-01,  9.14009511e-02, -2.50948340e-01,
        1.66384324e-01, -3.39740843e-01, -2.81816810e-01, -1.38161555e-02,
       -2.20706239e-01, -2.82716677e-02,  4.71695028e-02,  1.82235494e-01,
        1.24114990e-01,  2.81888574e-01, -1.75845668e-01, -5.08605167e-02,
       -9.49119106e-02,  7.59970513e-04, -1.58143625e-01,  2.49094203e-01,
       -1.65731564e-01, -1.14162952e-01, -2.04136312e-01,  2.60101795e-01,
        5.63534088e-02, -3.58692825e-01, -3.00393492e-01, -1.46559393e-02,
       -5.30168004e-02, -1.62687287e-01, -1.47851199e-01, -6.73255175e-02,
       -2.23461449e-01,  2.34764084e-01,  2.63599396e-01, -3.33858073e-01,
        2.85411626e-03,  2.73090720e-01,  2.01085091e-01,  7.45460717e-03,
       -5.83562106e-02, -4.04241905e-02, -7.71357492e-03, -1.80883557e-01,
        2.26020440e-01, -3.80762935e-01, -1.07715487e-01, -1.57747582e-01,
       -1.29661169e-02,  2.61391252e-01, -2.15167832e-02, -1.37656465e-01,
       -6.61545619e-02, -2.24801570e-01, -1.43019035e-01,  2.22530723e-01,
       -1.70975760e-01, -1.04604866e-02, -1.56070605e-01, -1.20540351e-01,
        2.56457150e-01,  1.90879107e-01, -1.54953465e-01, -4.10960346e-01,
       -1.59866109e-01, -4.23772214e-03, -2.51794040e-01,  2.08806679e-01,
       -2.51910001e-01, -3.76899898e-01,  2.36257225e-01,  2.15501711e-01,
        2.31919304e-01, -1.34267315e-01, -3.88115346e-01, -2.43472442e-01,
        8.12818948e-03, -2.35101864e-01,  2.49653861e-01,  1.63578734e-01,
        1.78211242e-01, -3.40960413e-01, -3.83877605e-01,  3.10546160e-01,
       -2.45447293e-01, -1.87761292e-01, -3.26765329e-01,  1.29376158e-01,
        1.60307363e-01, -3.36809307e-01,  1.93213761e-01, -2.37294063e-01,
       -3.19569409e-01,  2.04449892e-01, -2.81474322e-01, -1.19138867e-01,
       -2.52213567e-01, -3.83713454e-01,  3.12821031e-01,  2.71844000e-01,
       -5.85444570e-02, -3.31364572e-02, -1.03810742e-01, -1.90200344e-01,
       -3.53111744e-01,  4.60019447e-02, -2.82515049e-01,  2.00079322e-01,
        2.11422294e-02,  2.18082756e-01, -3.17787141e-01,  2.59479076e-01,
       -5.34866266e-02,  5.87380268e-02, -1.74307689e-01, -2.96103776e-01,
       -3.16991061e-01,  1.41364783e-01, -2.35115126e-01,  6.03762679e-02,
        1.44095331e-01, -5.30499080e-03, -2.55209267e-01,  5.47043942e-02,
       -2.35580087e-01, -5.22622056e-02,  2.12777123e-01,  2.51027644e-02,
       -2.53584325e-01, -4.95361924e-01, -4.15978849e-01,  2.54565269e-01,
        3.20144836e-03, -3.03174019e-01, -3.22176367e-02,  1.56714946e-01,
       -1.57372132e-01,  3.42356674e-02,  5.90212792e-02, -5.37752686e-03,
       -3.91551912e-01, -1.33653060e-01,  1.22005213e-02, -7.02959066e-03,
        3.74665648e-01,  1.83205247e-01, -1.81412295e-01, -4.30190340e-02,
       -2.51628701e-02, -2.22031400e-02,  7.66653419e-02, -1.59167275e-01,
       -2.32631028e-01, -3.39812845e-01,  1.49506599e-01, -3.66597593e-01,
       -1.89554304e-01, -8.29728395e-02, -2.45225243e-02,  1.11252405e-01,
       -1.48464829e-01,  2.20250338e-01, -2.82406449e-01,  1.47599012e-01,
        2.51237780e-01, -1.83356255e-01,  6.72957301e-02, -3.10250372e-01,
       -3.41025591e-01,  1.94040954e-01,  1.72944870e-02, -2.46089146e-01,
        1.04560286e-01, -6.31546155e-02,  2.04121888e-01, -2.49424472e-01,
        1.03524469e-01, -3.96892220e-01, -3.13616723e-01,  6.01559319e-02,
        4.33372194e-03,  2.23229285e-02, -2.18150660e-01,  1.05238780e-01,
       -3.74538392e-01,  8.22172612e-02, -2.69144773e-01, -2.90288121e-01,
        1.17959358e-01, -1.58773661e-01,  5.60774840e-02, -2.54508138e-01,
       -1.23621263e-01, -2.60950506e-01, -2.35765968e-02,  1.39683023e-01,
       -3.00639957e-01, -1.36282057e-01,  2.27080494e-01, -3.96546483e-01,
       -4.17094916e-01, -2.24839464e-01, -3.69127482e-01,  2.67516494e-01,
       -1.98755115e-01,  1.76398069e-01, -1.00604407e-02, -1.57317579e-01,
       -3.52643192e-01,  8.58554803e-03, -4.01779085e-01, -2.09643155e-01,
       -2.93427527e-01,  5.86879365e-02,  2.52814859e-01,  1.09481305e-01,
       -6.29716367e-03, -3.22691321e-01,  2.31477246e-01,  1.47635058e-01,
        6.04151264e-02, -2.17238799e-01, -3.41545582e-01, -3.00994039e-01,
       -2.88916290e-01,  4.75400733e-03, -2.35103562e-01, -3.54909211e-01,
       -4.00243178e-02, -3.97413135e-01, -1.96264192e-01, -4.61818814e-01,
        8.93001482e-02, -3.02911289e-02, -2.63575345e-01, -4.05573905e-01,
       -3.53013247e-01, -3.56348455e-01, -6.16558976e-02, -2.24894315e-01,
       -1.26942962e-01, -2.14997888e-01,  1.61802322e-01,  1.37368679e-01,
       -4.01728541e-01, -4.15340006e-01, -2.35565484e-01, -2.18843102e-01,
       -4.88481969e-02,  1.24440037e-01, -1.30031288e-01, -1.81999385e-01,
        2.30177447e-01, -2.37402976e-01, -3.57957393e-01, -3.05288546e-02,
       -3.09838414e-01,  2.41327778e-01,  1.80287644e-01, -2.74842352e-01,
       -5.15983030e-02,  1.43031731e-01, -2.38985151e-01,  1.28707379e-01,
        1.24285243e-01, -2.74345458e-01, -1.28105834e-01,  1.27119636e-02,
       -2.86275983e-01,  1.31732047e-01, -2.47157678e-01, -1.15089290e-01,
       -2.46705011e-01, -3.79538089e-02, -1.79733098e-01, -1.97662517e-01,
       -1.52086645e-01,  1.98104218e-01, -1.89048350e-01,  1.96221396e-01,
       -2.17946708e-01,  1.01119392e-01, -3.73930514e-01,  3.53656225e-02,
       -5.71104586e-02,  1.35324180e-01, -3.27202938e-02,  2.01873243e-01,
       -7.41439983e-02,  1.72618583e-01, -2.98079789e-01,  1.72837630e-01,
        6.22791089e-02, -3.80368322e-01, -2.97992766e-01, -2.89267123e-01,
        1.07139565e-01, -3.41288149e-01, -3.71444404e-01, -1.07760340e-01,
        2.33401060e-01, -1.45650795e-03,  4.33942229e-02, -3.75829458e-01,
       -3.08785271e-02,  6.76150769e-02,  3.98679413e-02,  9.03153345e-02,
       -1.84855387e-01, -3.93061936e-01, -2.19229192e-01,  1.22488461e-01,
        7.23855793e-02,  3.88732888e-02,  2.41293177e-01, -2.48232141e-01,
       -3.30925912e-01, -3.72787595e-01, -1.48559292e-03, -5.55368215e-02,
       -3.90631795e-01, -3.32477987e-02, -1.99318111e-01, -2.29320869e-01,
        9.59964693e-02, -1.14340767e-01,  2.49404460e-01, -1.63488731e-01,
       -3.39875191e-01, -3.65169346e-01, -2.35644326e-01, -2.29967430e-01,
       -3.37240070e-01,  1.62088841e-01, -4.13532734e-01, -1.16858378e-01,
       -4.00805414e-01, -3.02907854e-01, -3.06114525e-01, -3.49359035e-01,
       -1.77159429e-01, -3.45555246e-01, -3.51469815e-02, -2.32497649e-03,
        1.80465251e-01, -4.74074297e-02,  8.74047447e-03, -2.45515287e-01,
        8.46500471e-02, -3.24259788e-01,  1.93274081e-01, -1.09730013e-01,
       -3.88059795e-01, -3.74133259e-01,  1.70106471e-01, -3.66085947e-01,
        1.50806671e-02, -3.66653614e-02, -6.32325411e-02,  7.33338669e-03,
       -8.80064070e-02, -2.78947413e-01, -5.29297534e-03,  1.66148350e-01,
        3.33021432e-02,  2.33721882e-01,  1.74476430e-01, -3.15160275e-01,
       -3.03274333e-01, -3.95532936e-01,  1.64318874e-01, -1.37141332e-01,
        2.94600315e-02, -2.93007433e-01, -3.73029321e-01,  1.14449188e-01,
        2.05976784e-01,  1.70329645e-01,  2.50604570e-01,  3.03598613e-01,
        1.38974404e-02, -3.73709232e-01, -1.96091071e-01, -3.86434724e-03,
        1.25157729e-01, -2.19687179e-01,  3.07906806e-01, -2.90376209e-02,
        1.30079105e-01,  7.11901113e-02, -2.44150713e-01,  1.85864404e-01,
        2.22430870e-01, -3.57035041e-01, -3.10692340e-01,  1.71061277e-01,
        2.02825263e-01, -6.75606206e-02, -3.68033350e-01,  9.31375250e-02,
       -4.10049826e-01, -1.89377725e-01, -3.09274167e-01, -1.96232766e-01],
      dtype=float32), 'encoder.2.weight': array([[ 0.7316833 ,  0.33747607, -1.2875528 , ...,  1.0453738 ,
        -0.07458368, -0.02502857],
       [ 0.8715344 ,  0.6650456 , -0.96910614, ..., -1.2660241 ,
        -0.83580095, -0.36511537],
       [-1.152642  , -0.12685868, -0.28726915, ...,  0.13731624,
         0.97962743,  1.0894778 ],
       ...,
       [-1.065101  , -0.18150368, -0.9237038 , ...,  0.8034957 ,
         0.05446757,  0.6764716 ],
       [-0.4859412 ,  0.1292521 ,  0.6887265 , ..., -0.6685637 ,
         0.31274003, -0.46758306],
       [ 0.47085857, -1.2019827 , -0.0677406 , ..., -0.96009123,
         0.49004716,  0.4095557 ]], dtype=float32), 'encoder.2.bias': array([-4.00385261e-01, -3.84288281e-01,  1.88052729e-02, -7.41698980e-01,
       -6.94243729e-01, -8.52685392e-01, -6.32453570e-03, -9.24869478e-01,
       -9.34517384e-01,  1.22234988e+00, -6.16312206e-01, -7.29264259e-01,
        2.34516114e-01,  6.98192060e-01, -2.19345301e-01, -6.51402533e-01,
        8.95272493e-01, -2.36220628e-01,  5.91502964e-01, -7.55035058e-02,
       -1.42493442e-01, -6.78329051e-01,  4.61821780e-02, -8.16124856e-01,
       -2.76672781e-01,  2.45027721e-01,  7.64609754e-01,  5.06390452e-01,
        5.91518700e-01,  5.59543192e-01, -3.93284559e-01,  1.08041859e+00,
        4.43271697e-01, -3.92079830e-01,  2.20398858e-01, -9.79635417e-01,
        2.19011843e-01, -6.92630112e-02, -2.41553947e-01,  6.08596563e-01,
       -1.02740683e-01,  1.06622112e+00,  5.21440268e-01,  7.04691172e-01,
       -1.07653689e+00,  3.71951997e-01, -9.70410526e-01, -3.22549254e-01,
       -8.24924791e-04,  2.55470008e-01,  9.82351452e-02,  8.22700500e-01,
        8.45692605e-02,  4.54960674e-01, -1.02730572e+00,  1.04720795e+00,
        7.74249375e-01,  8.28013241e-01, -2.32828736e-01, -1.59680367e-01,
        1.05218422e+00,  3.57727289e-01, -7.85570323e-01, -3.22770387e-01,
        3.92234445e-01, -6.98259771e-01,  4.56807483e-03,  2.24869698e-01,
       -6.82971120e-01, -6.79185748e-01,  1.13771200e-01,  8.76853764e-01,
       -3.28101307e-01,  6.19625270e-01, -8.04686129e-01, -8.90591443e-01,
       -2.54788548e-01,  2.03419030e-01,  4.63747561e-01, -1.13783336e+00,
        8.12820047e-02, -3.17102909e-01,  3.22663151e-02, -3.74670208e-01,
       -3.78378928e-01,  8.44317019e-01, -4.84694302e-01, -6.64374352e-01,
       -9.12029803e-01,  7.65945554e-01,  5.64733684e-01,  3.78544703e-02,
       -9.28838968e-01, -2.37159297e-01,  7.01842368e-01, -4.22506303e-01,
       -1.06271747e-02,  9.09414738e-02,  9.44961905e-01, -5.42075276e-01,
        4.87707943e-01,  8.86306286e-01, -1.02104914e+00, -4.68499810e-01,
       -1.26533449e+00, -2.17146620e-01,  5.70012689e-01,  1.03179991e+00,
        4.15471107e-01, -5.36706507e-01,  9.44266543e-02, -1.23688853e+00,
       -9.51956272e-01, -1.10456550e+00,  6.52768254e-01,  9.18500245e-01,
       -9.62026894e-01,  2.73097306e-01,  6.67607272e-03, -3.22527140e-01,
        1.34322748e-01, -9.63924408e-01,  8.21444452e-01,  6.94830239e-01,
       -1.24918938e+00, -1.36763191e+00, -9.31710958e-01, -8.47131133e-01,
       -1.82842672e-01,  1.85202986e-01,  2.36061275e-01, -1.30152130e+00,
        7.99553216e-01,  6.18060410e-01,  3.40224713e-01, -3.64523083e-02,
        1.61688477e-01, -7.17316389e-01, -6.83173180e-01,  2.63968378e-01,
        2.05901697e-01,  5.18427491e-01,  4.34592515e-01,  2.66271919e-01,
       -5.10304213e-01,  1.73128992e-01,  1.85461923e-01, -1.55489519e-01,
        8.04197729e-01,  4.10833657e-01,  5.37651956e-01,  6.91961229e-01,
       -3.06053698e-01, -1.20482481e+00, -1.22354722e+00, -1.40945271e-01,
        4.11770880e-01, -7.83532143e-01,  1.04906797e+00, -3.02302897e-01,
        2.05255225e-02, -5.50550282e-01,  7.82655180e-01,  6.62194610e-01,
        3.70398164e-02,  9.90563557e-02, -8.36396754e-01, -4.89728153e-01,
       -1.13591444e+00,  7.44416118e-02,  9.09875572e-01, -1.43128280e-02,
       -6.81202590e-01, -4.96481597e-01, -9.58385691e-02,  3.13287437e-01,
       -5.52560866e-01, -4.31728363e-01, -1.08386450e-01, -2.00247973e-01,
        7.00631440e-01,  4.24699873e-01, -4.55210358e-01,  6.77380204e-01,
       -3.86007801e-02, -2.86806881e-01, -6.21927142e-01,  7.70532310e-01,
        3.69659066e-02, -4.60685134e-01,  5.00191569e-01, -6.62660003e-01,
        5.90197325e-01, -1.18430555e+00, -6.95392728e-01,  7.36908615e-01,
       -2.62543648e-01,  6.79565519e-02, -2.40332693e-01, -1.25981212e+00,
        4.22503352e-01, -9.87420082e-01, -9.03100312e-01,  1.10410607e+00,
        6.23582661e-01, -1.42309427e+00, -2.99978107e-01, -1.66715682e-01,
       -5.85380971e-01,  2.21149772e-01,  4.31947798e-01,  8.85787755e-02,
        1.15399492e+00, -8.57737474e-03, -7.25539699e-02, -1.08836401e+00,
       -1.11932397e+00, -6.44618034e-01,  6.71498001e-01, -2.12579444e-02,
       -3.14517319e-01, -4.72694039e-02, -8.65695953e-01, -1.38961804e+00,
       -6.23566687e-01, -1.45668697e+00,  5.83141148e-01,  8.44695330e-01,
        8.91632020e-01, -3.40595424e-01, -2.66746372e-01,  3.71401876e-01,
       -5.59281230e-01, -1.30226338e+00, -2.40725949e-02,  6.22925222e-01,
        8.36436227e-02,  1.02994576e-01, -2.49133348e-01,  9.29001689e-01,
       -1.27648008e+00, -4.06679630e-01, -1.07282615e+00, -1.18306375e+00,
        2.86379486e-01,  8.34815979e-01,  2.88481385e-01,  1.04233295e-01,
       -1.21316910e-01, -1.29971609e-01,  8.92614126e-01, -5.14737785e-01,
       -6.73077464e-01, -1.61960319e-01, -1.15495002e+00,  5.85164607e-01,
        1.67730022e-02,  4.02397662e-02,  4.32835430e-01, -7.01334774e-01,
        9.22761977e-01, -6.11981690e-01,  4.08380628e-01,  4.59638596e-01,
        1.00744247e+00, -1.49664953e-01,  6.26178443e-01, -4.20680344e-01,
       -6.43099308e-01, -2.32952908e-01,  9.01604474e-01,  7.18500376e-01,
        1.05935127e-01, -9.14283097e-01, -1.74099147e-01,  5.97798586e-01,
       -1.32094800e+00, -5.85989177e-01,  5.61821043e-01,  3.07147592e-01,
        1.02941895e+00,  4.69923556e-01, -7.57553279e-01, -8.05058181e-01,
       -8.32643881e-02,  2.21538261e-01,  6.26270831e-01, -3.37871999e-01,
       -3.72334599e-01,  1.27536645e-02, -1.16443944e+00, -1.92841738e-01,
        9.39983308e-01, -3.11907232e-01, -4.57580537e-01,  5.84607542e-01,
        1.11676931e+00, -2.79794961e-01,  8.65240097e-01, -4.87120688e-01,
        2.69051611e-01,  5.56381106e-01,  4.52412456e-01, -7.04731885e-03,
        5.39135516e-01, -8.45893800e-01, -3.63235891e-01,  1.30004570e-01,
       -2.40005985e-01,  2.53511280e-01, -2.05247208e-01, -6.37201488e-01,
       -6.23284042e-01, -1.23433650e+00,  5.55932701e-01, -9.10811365e-01,
        1.10966647e+00, -4.13395345e-01,  9.16452885e-01, -5.91565311e-01,
       -5.17428696e-01,  1.04399478e+00,  4.69874918e-01,  7.94226453e-02,
       -1.67893425e-01, -1.30615711e+00,  5.94325900e-01, -1.08922684e+00,
       -8.22429597e-01,  1.10026218e-01,  1.11645132e-01,  1.42995036e+00,
       -2.44551256e-01, -7.42949069e-01, -2.24078044e-01, -2.95901299e-01,
        1.12712777e+00, -4.86995019e-02,  1.07860677e-01,  3.47635269e-01,
        6.61840498e-01, -3.99147749e-01, -7.37121999e-01, -7.44949996e-01,
       -8.64016831e-01,  5.58903396e-01, -1.07537210e+00,  1.46379396e-01,
        6.27870023e-01, -1.03238654e+00,  2.36734241e-01, -7.83821523e-01,
        8.57202649e-01,  1.03147650e+00, -2.28117719e-01, -7.25067198e-01,
        1.20749879e+00, -1.38562787e+00, -9.95224833e-01,  5.20444810e-01,
        1.76889241e-01, -3.47530603e-01, -4.60771360e-02, -4.33804631e-01,
       -3.14709961e-01, -7.04681158e-01, -5.79275370e-01,  1.12532210e+00,
       -3.21973652e-01, -2.61468381e-01, -7.24085331e-01,  9.56466973e-01,
        4.03066456e-01, -3.02456506e-02,  9.66902554e-01, -6.07071459e-01,
       -1.16770399e+00,  1.06835282e+00,  8.73047590e-01,  7.00146675e-01,
       -9.26386595e-01, -6.57653630e-01,  1.20638311e+00,  4.10648286e-01,
        2.65682846e-01,  6.18743300e-01,  7.19590843e-01,  4.84158516e-01,
        1.02175343e+00, -8.45505893e-01,  3.89545470e-01,  7.89482772e-01,
       -3.09701949e-01,  5.93949020e-01, -6.36195481e-01, -3.75820786e-01,
       -9.35177386e-01,  6.21010840e-01,  3.72511983e-01, -1.40468508e-01,
        9.84198868e-01,  9.75406706e-01, -4.23044376e-02,  3.48177217e-02,
        8.71887803e-01, -8.89313519e-01,  8.34409654e-01, -9.97521162e-01,
       -1.41182831e-02, -1.36905551e+00,  9.67836559e-01,  8.05258453e-01,
        5.58636129e-01,  1.83603719e-01,  6.60910308e-01, -4.08763051e-01,
        6.67259842e-02, -9.56262648e-01, -4.31567490e-01, -7.08458424e-01,
       -3.18515837e-01,  3.94355118e-01,  7.98261583e-01,  1.07946418e-01,
        9.94098246e-01, -3.85266811e-01,  5.92836142e-01,  5.47084033e-01,
        1.00047052e+00,  5.95676564e-02,  1.00738478e+00,  3.69452447e-01,
       -9.80274737e-01, -8.47730577e-01, -1.29021168e+00,  8.78740251e-01,
       -4.90323156e-01, -1.17728531e+00, -1.07660510e-01,  1.95076182e-01,
       -1.26973534e+00, -4.63385880e-01, -1.88230559e-01, -1.27023196e+00,
        1.89637137e-03,  2.04109728e-01, -4.64641362e-01, -3.41913939e-01,
       -8.46537411e-01, -1.20451677e+00, -9.24216747e-01, -3.05561423e-01,
       -1.16181207e+00, -4.66996074e-01, -8.33483398e-01, -2.62522727e-01,
       -1.00240254e+00, -1.22570348e+00,  7.53071725e-01, -1.14594960e+00,
        2.59142727e-01, -3.90309900e-01,  8.23176086e-01,  4.89015073e-01,
        7.40319729e-01, -2.30879441e-01, -2.46875733e-01, -1.12111914e+00,
       -1.02311993e+00,  1.06903398e+00,  4.98236924e-01, -6.14138901e-01,
        5.72035670e-01, -1.12592995e-01,  9.25946295e-01,  4.49248888e-02,
        4.19563234e-01,  5.97140729e-01, -2.45559603e-01, -3.78736913e-01,
        4.02009577e-01, -7.05257475e-01, -9.02568817e-01,  8.84512365e-01,
       -5.34499168e-01,  4.01278622e-02, -7.90785491e-01, -1.04973710e+00,
       -4.37479734e-01,  6.68573081e-01, -1.05412316e+00,  7.48377681e-01,
        4.19565707e-01,  7.19814301e-01,  1.50915757e-01,  3.95765543e-01,
       -1.62982911e-01, -7.51507521e-01, -3.86860996e-01, -4.14870083e-01],
      dtype=float32), 'encoder.4.weight': array([[-1.3300117e+00, -1.1992080e+00, -9.4239038e-01, ...,
        -6.6806239e-01,  3.7105471e-01,  1.3878463e-01],
       [ 9.0346223e-01, -2.3507053e-01, -2.6639512e-01, ...,
         5.5294786e-02, -2.6578748e-01, -6.1872888e-01],
       [-1.2471860e-01,  5.0775582e-01,  9.8666495e-01, ...,
         5.0019026e-01, -5.9993535e-01, -7.9603928e-01],
       ...,
       [ 9.4018475e-04, -2.2157715e-01,  1.5954129e-01, ...,
        -7.9349440e-01,  1.8106243e-01,  1.0547038e+00],
       [ 8.1439954e-01, -7.9166555e-01, -1.0347596e+00, ...,
         4.0427089e-01,  4.8372498e-01, -7.4311502e-02],
       [-1.3150045e+00, -8.7596929e-01, -1.3998133e-01, ...,
        -9.8040360e-01, -6.4678925e-01,  3.5804415e-01]], dtype=float32), 'encoder.4.bias': array([-0.19698282,  0.75280124, -0.7532741 , ...,  0.17902352,
       -1.2854925 ,  0.699734  ], dtype=float32), 'encoder.6.weight': array([[-0.14843068, -0.5475333 , -0.28745046, ...,  0.08629579,
        -0.43690044,  0.34245858],
       [-0.07769423, -0.4300481 , -0.5390586 , ..., -0.06738147,
         0.54101616, -0.31856608],
       [-0.20593412,  0.30170602, -0.22393484, ...,  0.14261661,
        -0.5821808 , -0.08519023],
       ...,
       [ 0.09519192,  0.7311969 , -0.15797785, ..., -0.379695  ,
         0.30277082,  0.19916241],
       [-0.44881448,  0.08519818,  0.24136482, ..., -0.26271677,
         0.40340975, -0.41691235],
       [ 0.5971064 , -0.35079038, -0.3557311 , ..., -0.2102125 ,
         0.29328427,  0.39929038]], dtype=float32), 'encoder.6.bias': array([ 0.07586506,  0.37176606,  0.2844505 ,  0.28406462, -0.05362529,
       -0.3771578 ,  0.2916292 , -0.10510788,  0.09549443, -0.37837058],
      dtype=float32), 'decoder.0.weight': array([[ 6.5303793 ,  2.801713  ,  5.882825  , ...,  4.5708365 ,
        -7.778905  ,  2.0756135 ],
       [ 1.0636677 ,  8.177822  ,  6.3288164 , ...,  0.37214127,
        -3.138662  , -4.340383  ],
       [-3.0397453 , -0.19946878,  5.11391   , ..., -5.590063  ,
        -0.4811159 ,  2.9465256 ],
       ...,
       [ 5.6746016 ,  4.760325  , -3.6246066 , ..., -0.5729863 ,
        -4.7684827 ,  3.604023  ],
       [-4.931139  , -2.6798801 ,  1.204568  , ...,  5.5692177 ,
         1.06865   ,  4.4971747 ],
       [-2.098853  ,  5.1188607 , -3.146478  , ..., -1.2344397 ,
         2.8375757 , -5.072678  ]], dtype=float32), 'decoder.0.bias': array([ 2.359986 ,  6.270942 , -6.803882 , ..., -3.7270722,  3.3489926,
        3.5049345], dtype=float32), 'decoder.2.weight': array([[-0.57679015, -0.27806383, -0.5539126 , ...,  0.46411324,
         0.36789653,  0.45373687],
       [-0.7111181 , -0.5063769 ,  0.42087656, ...,  0.43910062,
         0.02206439,  0.3270212 ],
       [ 0.3924373 ,  0.4382211 , -0.00592561, ..., -0.4556367 ,
        -0.01784101,  0.30102786],
       ...,
       [-0.41922358,  0.42580703,  0.27331495, ..., -0.05972049,
         0.40242335, -0.37468964],
       [-0.41553557,  0.4923105 ,  0.02452398, ...,  0.32123777,
        -0.04844538, -0.3213898 ],
       [ 0.41284144, -0.40365595, -0.07857681, ..., -0.11695497,
        -0.6591839 ,  0.26397395]], dtype=float32), 'decoder.2.bias': array([ 2.61011422e-01,  4.79393639e-02,  4.97110970e-02, -6.93396866e-01,
        5.05016446e-01,  1.06520027e-01, -3.38718072e-02, -4.82520819e-01,
       -2.78752983e-01, -2.62253344e-01, -1.37374476e-01, -1.38350308e-01,
       -4.36768532e-02,  2.16091946e-01,  2.36783884e-02, -7.25725293e-02,
        2.13674828e-01, -1.98992446e-01, -2.73048788e-01, -5.87103724e-01,
       -5.54364443e-01, -4.03791755e-01, -1.97398826e-01, -1.29544601e-01,
       -1.70811623e-01,  2.19530180e-01,  4.99335408e-01, -6.98052526e-01,
       -5.31445861e-01, -7.81871200e-01,  1.23764843e-01, -5.82146943e-01,
       -3.02062660e-01, -5.49656272e-01, -6.61210358e-01, -5.87972581e-01,
        5.63266873e-01, -7.14066446e-01, -6.76707208e-01, -6.56456570e-04,
        6.69526123e-03,  3.51267338e-01,  1.65681019e-01, -4.76106435e-01,
       -7.45804161e-02, -6.38214767e-01, -4.42413762e-02,  1.17810972e-01,
        6.54633045e-02, -6.12973832e-02,  2.66806930e-01, -6.31871343e-01,
        4.07033533e-01,  5.70480585e-01,  6.28317147e-02,  2.38287747e-01,
       -3.71988505e-01, -2.92787552e-01, -3.73102091e-02, -2.24398389e-01,
       -6.39652014e-01,  2.07213789e-01, -1.05686061e-01,  3.17134678e-01,
        2.61271913e-02,  9.07545388e-02, -5.73697925e-01, -2.66947187e-02,
        3.56977850e-01,  3.88357490e-01, -6.07994378e-01, -5.43296486e-02,
       -2.35069901e-01, -1.62856370e-01,  1.80169672e-01, -4.12088275e-01,
        1.93965197e-01,  5.70936143e-01,  4.74680483e-01, -4.53081548e-01,
       -1.17012173e-01,  3.13732624e-01,  5.15343547e-01, -2.33883604e-01,
        5.50367713e-01,  5.00178337e-01, -2.84822911e-01, -2.57041574e-01,
        2.85666585e-01, -1.69511795e-01,  1.41668484e-01, -5.29840052e-01,
       -2.95134783e-01,  4.50881720e-01,  3.53945673e-01,  3.84341329e-01,
        3.64689291e-01,  3.99991482e-01, -3.95849735e-01,  4.51710559e-02,
       -1.00247242e-01,  4.41792101e-01,  2.18555063e-01, -2.52070814e-01,
       -1.18552215e-01, -3.95226590e-02,  2.19868690e-01,  3.68470550e-01,
        4.73566085e-01,  3.97217661e-01,  4.13453728e-01, -4.23774093e-01,
        3.49008620e-01,  1.22251108e-01, -4.18460578e-01, -9.80413705e-02,
       -3.05763423e-01,  4.28884894e-01,  3.04066360e-01, -4.07895565e-01,
       -4.75809693e-01, -4.80416298e-01, -4.78138953e-01,  3.39607120e-01,
       -6.21568084e-01, -1.72827631e-01,  4.17722344e-01,  3.16181630e-02,
       -1.90889001e-01,  1.47261798e-01, -1.29484519e-01, -2.22632080e-01,
       -5.97716570e-02, -5.97043514e-01,  2.41882280e-01, -4.64898705e-01,
        4.03225832e-02, -2.38895059e-01, -2.75160134e-01,  1.92237467e-01,
        1.11217819e-01, -4.69495118e-01,  2.12672442e-01,  5.29717028e-01,
        5.28531611e-01, -6.64883628e-02, -5.09288013e-01, -4.97661710e-01,
       -1.59048513e-01, -4.28504169e-01, -2.26495392e-03,  3.11342608e-02,
        4.42642838e-01,  5.29568315e-01, -1.91220433e-01,  1.71086088e-01,
        1.03843629e-01, -2.45766252e-01,  4.62272853e-01,  4.80067842e-02,
       -4.02084410e-01, -2.10260212e-01, -3.37231271e-02, -2.97349364e-01,
        3.86505783e-01,  1.62086815e-01,  2.55333394e-01,  4.85476464e-01,
       -1.00654393e-01, -4.75647628e-01, -7.07914829e-02, -3.53382453e-02,
        4.22677696e-01, -1.62668198e-01,  1.70665607e-01, -5.14624529e-02,
        2.65499115e-01, -1.55381769e-01,  3.03202271e-01,  2.25130916e-01,
        3.62205684e-01,  3.81480694e-01,  3.31237204e-02,  3.81613523e-01,
       -2.95823365e-01,  1.53358400e-01,  3.50917876e-01, -1.45539075e-01,
        1.83080703e-01,  3.70328128e-01, -6.22289479e-01, -1.67050079e-01,
        3.20463598e-01,  4.40916091e-01,  3.00068349e-01,  2.11338744e-01,
        3.33383650e-01,  4.34955329e-01, -6.51882827e-01,  2.79439628e-01,
        1.52477324e-01, -4.88536179e-01,  2.14917377e-01,  5.50926208e-01,
        1.46550938e-01,  4.26896214e-01,  2.63922364e-01, -1.42146826e-01,
        4.99254763e-02,  1.52435958e-01, -7.29865015e-01, -2.84925759e-01,
       -4.89894301e-01, -5.54497242e-01,  3.93382967e-01,  1.25577226e-01,
       -4.82023865e-01, -4.63423848e-01, -4.04949069e-01,  5.15516698e-01,
       -5.39693475e-01, -3.89615059e-01,  3.05265576e-01, -6.58617914e-01,
        5.90072200e-02,  4.88298982e-02, -1.04587823e-01, -1.28262326e-01,
        1.59915909e-02, -1.09519109e-01, -2.17970744e-01,  3.68760228e-01,
        6.89612553e-02,  3.33088674e-02, -7.63098836e-01, -6.36691272e-01,
        2.03289911e-01,  2.42974497e-02,  5.04200637e-01, -4.28926796e-01,
       -3.15345824e-01, -6.16089642e-01,  2.48368196e-02, -5.21784008e-01,
        4.13586468e-01, -3.76092672e-01,  4.65565950e-01,  1.66883036e-01,
        4.09048498e-01, -2.37686738e-01, -4.70671356e-01,  6.47875071e-02,
        5.82191385e-02,  2.99726963e-01,  1.85901463e-01, -2.53704339e-01,
        5.36486566e-01,  3.12367052e-01, -2.67905056e-01, -9.47014242e-02,
        1.18092574e-01, -5.38060486e-01,  1.07490584e-01,  2.05073580e-01,
       -5.11092432e-02, -3.12712938e-01, -2.09830150e-01, -6.38130009e-01,
        4.02299911e-01,  1.82026967e-01,  2.01188937e-01, -3.49173814e-01,
        5.81481934e-01, -6.98582113e-01, -3.28808188e-01, -2.27371350e-01,
        2.03429386e-01, -1.93021037e-02, -2.06234336e-01,  4.81394976e-01,
        1.56237677e-01, -6.61453605e-01, -5.65173984e-01,  2.87596941e-01,
        6.11355454e-02, -5.49557358e-02, -2.45297760e-01, -5.66165209e-01,
        6.05369508e-01, -3.55640441e-01,  4.46299493e-01,  4.17012163e-02,
       -2.84036100e-01,  9.56402123e-02,  4.86630686e-02, -4.44179535e-01,
       -8.89927447e-02,  4.99779314e-01,  3.78944427e-02, -4.48438257e-01,
       -4.34422702e-01, -4.48190361e-01, -7.34820843e-01,  4.16984081e-01,
        2.84203917e-01, -5.37900090e-01, -1.45247638e-01, -2.05412999e-01,
       -6.27725482e-01,  3.22718889e-01, -1.04424125e-02, -6.89925021e-03,
       -2.84628183e-01, -6.23950481e-01, -2.34482154e-01,  2.59494990e-01,
        4.10676897e-01,  1.90151885e-01, -6.54814363e-01, -6.11138344e-01,
        6.88681602e-02, -6.07724667e-01, -2.80385390e-02,  2.61385292e-01,
       -3.22291017e-01, -7.29095414e-02, -7.57764131e-02, -2.65376717e-01,
        2.50950754e-01,  2.18261346e-01, -7.30192482e-01, -9.27766934e-02,
        3.92924175e-02,  1.84375823e-01,  6.23674154e-01,  5.86195961e-02,
       -6.51662230e-01, -2.33108684e-01,  1.26071438e-01, -1.46488085e-01,
        5.71271122e-01,  4.44913983e-01, -2.77865857e-01,  5.01004159e-01,
       -6.17548525e-01, -7.10254490e-01, -5.04423566e-02, -3.14082168e-02,
        6.23293877e-01,  3.42754722e-01,  3.27738822e-02, -5.26085079e-01,
       -2.39065945e-01,  4.59335119e-01,  7.21124327e-03,  5.13065696e-01,
       -3.80617559e-01,  1.43489853e-01,  1.78376183e-01, -2.59837955e-01,
        2.77312458e-01,  3.48401994e-01, -3.25377643e-01, -9.89353433e-02,
       -8.52861553e-02,  5.40705323e-01,  1.05192825e-01, -4.43552136e-01,
        4.75906253e-01, -5.41471303e-01, -5.76842546e-01,  2.66296208e-01,
        5.89863300e-01, -6.26993403e-02,  2.65576988e-01,  4.86766338e-01,
        1.54906794e-01,  1.48012331e-02,  2.86332995e-01,  4.01393324e-01,
       -4.12318766e-01, -2.11857587e-01,  4.38837767e-01,  3.63926381e-01,
       -3.15834284e-01, -5.54779470e-01, -2.76340038e-01, -3.32286268e-01,
       -3.61096323e-01,  2.66046673e-01,  4.83473420e-01, -2.69802451e-01,
       -5.41337468e-02, -6.61323190e-01, -4.93106246e-01, -5.56337953e-01,
       -6.88633502e-01, -5.22232354e-01, -3.27344894e-01, -5.40902495e-01,
        4.47977304e-01, -5.46794355e-01,  4.85791415e-01,  4.72573757e-01,
       -2.44442150e-01, -1.94681987e-01, -2.33354777e-01,  3.64604503e-01,
       -9.26578194e-02, -5.38953483e-01,  4.34152305e-01,  3.81409936e-02,
       -8.21189284e-01, -2.80366819e-02, -1.13287173e-01, -2.69119799e-01,
        3.62235069e-01,  5.65172255e-01,  1.30359352e-01,  3.17359447e-01,
       -1.52623817e-01, -2.29917243e-01, -4.05764163e-01,  6.38883784e-02,
        3.35800350e-01,  3.65554154e-01,  1.18327230e-01,  5.58785737e-01,
        3.23261529e-01, -1.09709002e-01, -4.85024787e-02,  2.80442506e-01,
       -7.25751936e-01,  7.19285309e-02,  1.30955473e-01,  2.55693406e-01,
        4.87828068e-02,  3.27085942e-01, -4.51647341e-01, -4.05272096e-02,
        1.45038441e-01, -6.42100349e-02, -7.37600923e-02,  4.63015199e-01,
        1.22760482e-01, -4.32077646e-01,  3.78950745e-01, -1.16982788e-01,
       -1.77467480e-01, -4.07355368e-01,  5.14843524e-01,  5.04676759e-01,
       -3.24817151e-01,  7.16264397e-02,  4.61167216e-01, -5.82433820e-01,
        3.44994932e-01, -6.19919458e-03,  2.78761797e-02,  5.07973135e-01,
       -7.47611970e-02, -5.43718159e-01, -5.49083650e-01,  1.13175996e-02,
       -1.34476453e-01, -4.96575236e-01, -5.59906602e-01,  3.40847373e-01,
        2.48524860e-01,  6.67021573e-02, -2.74910051e-02,  3.01015377e-01,
        3.69785607e-01,  3.57681900e-01,  8.14428329e-02, -6.87809467e-01,
       -4.79810834e-02,  5.13702706e-02,  6.09175205e-01, -1.82083905e-01,
        9.03892890e-02, -4.26876485e-01,  1.15911014e-01,  2.71845832e-02,
        3.79775137e-01,  4.64884818e-01, -6.38858438e-01, -4.04930353e-01,
       -1.31339878e-01, -9.09588635e-02, -6.55114710e-01, -3.86408627e-01,
        3.03483903e-01, -4.93490621e-02, -1.83836877e-01,  4.38755274e-01,
       -4.98771369e-01, -2.52162457e-01,  4.57424819e-01, -1.77472100e-01],
      dtype=float32), 'decoder.4.weight': array([[ 1.0815715 ,  0.5359551 , -0.8282023 , ...,  0.18536822,
         0.70502913,  0.7651485 ],
       [-0.31173515,  1.240555  , -0.3600195 , ..., -0.29594743,
         0.8601183 , -0.19933854],
       [-0.12232315, -0.9772063 ,  0.22290748, ...,  0.98040015,
        -0.6295742 ,  0.15792638],
       ...,
       [ 0.7427204 , -1.0985191 , -0.7467016 , ...,  0.16443059,
         0.9547425 , -0.69334906],
       [ 0.7470184 , -1.3156213 ,  0.7184874 , ..., -0.7643765 ,
         0.21102776,  0.57990485],
       [-0.95744616, -0.35663778, -0.43620777, ...,  0.04645037,
        -0.61375964,  0.44559976]], dtype=float32), 'decoder.4.bias': array([-0.77494335,  0.77909786,  0.66820985, -1.183851  ,  0.7806348 ,
       -0.29488796, -0.26322526,  0.08170097, -0.15200125, -0.724606  ,
       -1.2733504 , -0.4009442 , -0.8341724 ,  0.9493155 , -0.8538113 ,
       -1.3411225 ,  0.13351053, -1.195053  ,  0.49738282, -0.92937577,
        0.8905668 ,  0.3570242 ,  0.5225383 , -1.5282096 , -0.73044133,
       -0.7098729 ,  0.41915363,  0.84443927, -1.3916589 ,  1.0701457 ,
       -1.2153258 ,  0.67523533,  0.255242  ,  0.70825464,  0.21258391,
        0.09179902,  0.37887704, -0.21706606,  0.48567393, -0.0364476 ,
       -0.70280737,  0.3796885 , -0.7595449 , -0.3270384 , -0.84849274,
       -0.9456911 ,  0.32953498, -0.21944797,  0.23967648, -0.08939803,
       -0.6232867 , -0.4884727 ,  0.2646964 ,  1.1444666 , -1.4784472 ,
        0.24805136, -0.8065637 , -0.55175036, -1.327155  , -0.8367838 ,
       -0.80694526,  0.62953407, -0.10207015,  0.28229278, -0.83817536,
       -0.69992477, -0.5689757 ,  0.15292686,  0.831919  ,  0.39222977,
       -0.5882439 ,  1.0632236 , -0.87368256, -0.05187861, -1.4897445 ,
        0.49263275, -0.04902999, -0.3477374 , -0.86001784, -0.54678816,
        0.29310918,  0.7379813 , -0.9276663 , -0.23518625,  0.09429466,
       -1.185218  , -0.16968852,  0.7468111 ,  1.1950581 , -1.1100503 ,
        0.4224005 ,  0.43408468,  0.5209107 , -0.23554063, -0.8601601 ,
        0.5874718 ,  0.57465935, -0.54888165, -0.9693348 ,  0.42668423,
       -0.8429935 ,  0.74911195, -0.5268149 , -1.2316167 , -1.127169  ,
        0.19824162, -0.09642261, -0.95997244, -0.5032253 , -1.2021687 ,
       -0.75587106, -0.9093643 , -0.56217635,  0.32197306, -0.85113657,
        1.2116138 ,  0.72299075,  0.514873  ,  0.85660505, -0.96261936,
        0.42478433, -0.08590004, -1.3867816 ,  1.338067  ,  0.06346796,
       -0.9516335 , -0.9018228 ,  0.597609  , -1.1380686 ,  1.2368858 ,
       -0.08166102, -0.27145234, -0.8885811 ,  0.07377636, -1.269791  ,
        0.3527273 ,  0.9179508 , -1.1703894 ,  0.86303276, -1.0742735 ,
        0.22640513, -1.3353429 , -0.14847513, -0.7721903 ,  0.4772027 ,
        0.3167898 , -0.48622683, -0.16496632,  0.6458047 , -0.03413546,
        0.5752093 ,  0.06659956, -1.1178241 , -0.18788397, -1.1054792 ,
        1.0988582 , -0.09851665,  0.89561445,  0.81583774, -0.73445106,
       -0.6544803 , -0.1427315 ,  0.0185024 , -1.101337  , -1.2883404 ,
       -1.0292249 , -0.63546115, -0.8947995 ,  0.27716646,  0.65305346,
        0.77284217, -0.6175597 ,  1.1203625 ,  0.56202984,  0.4446816 ,
        0.27542782, -1.2347789 ,  0.29678503, -0.03563085, -0.11845123,
       -1.1808803 , -1.219965  , -0.99594873, -0.5913193 ,  0.672188  ,
       -0.0606335 ,  0.44355938, -0.28225762, -0.22881354, -1.1253536 ,
        0.7255176 , -0.11892592, -1.4073225 ,  0.4700437 ,  0.9115335 ,
        0.6017984 ,  0.00706267, -1.3339316 , -0.74612814,  0.3756424 ,
        0.63899106, -0.48967624, -0.42533183,  0.5982692 ,  1.1764909 ,
        0.9473067 ,  0.1709311 ,  0.48279178, -0.4934786 ,  0.28707352,
        0.35445747, -0.00688139,  0.9322671 ,  0.05675958, -0.8410444 ,
        0.19093695,  1.2722567 ,  0.49394032, -1.2104027 ,  0.88362527,
        0.8754111 ,  0.6165904 , -0.14732496,  0.54689294, -0.48678875,
        0.1457372 , -1.1010721 ,  0.6397256 , -0.675445  , -0.22130118,
       -0.2181526 ,  0.70033485, -0.71104795,  0.5751436 , -1.3530668 ,
       -0.52576226, -0.29271448,  0.576239  ,  0.32854575, -0.6662719 ,
       -0.56535906,  0.06811953, -0.00543649,  0.06005907,  0.81404954,
       -0.98205614,  0.48014176,  0.66852534, -1.4626783 , -0.38719115,
        0.15954015,  0.6293647 , -0.9314523 , -1.1002996 ,  0.8256766 ,
       -0.53418624,  0.38818935, -0.26007795,  0.5848721 , -0.76911956,
       -1.0547304 , -1.1231997 , -0.4667549 ,  0.6200988 , -1.4082384 ,
       -0.38380206, -0.5424979 , -0.8870737 , -0.5251781 , -0.30970612,
       -0.51253444, -0.47726452, -1.4679633 ,  0.533214  ,  0.6782725 ,
       -0.45891544, -0.5724783 , -0.58692926,  1.1715912 ,  0.11238169,
       -0.6910957 , -0.2853213 ,  1.1197219 , -0.57558244,  0.75520223,
       -1.131767  ,  0.24008758,  0.7045035 ,  0.05915213,  0.75887156,
       -0.2953107 ,  0.35335776, -0.5609819 ,  0.6993567 , -1.0640386 ,
        1.18473   ,  0.23337363, -1.2611674 ,  0.280955  , -0.40140015,
       -0.72258854, -1.0454601 ,  0.5145019 , -0.432026  , -0.07450036,
       -1.3243511 , -1.2432436 , -0.58530647,  0.21999203,  0.49291137,
       -0.29238302,  1.2056129 ,  0.55362153, -0.27367   ,  0.71468794,
        0.0522465 ,  1.0335802 , -0.8340484 , -1.4164351 ,  0.23701501,
        0.4745463 , -1.016228  , -0.03910444, -1.0932413 , -0.13027798,
       -1.4370326 , -0.5311134 ,  0.11534886, -0.82246107, -0.19015495,
       -0.0575126 ,  0.28366598,  0.43223658, -0.08451169,  0.7284712 ,
       -0.7256439 , -0.8693915 , -1.053434  , -1.0206213 , -0.9335597 ,
       -0.56957227, -0.20069431,  1.3218251 ,  0.37514418,  0.55745703,
        0.0335508 ,  0.22538081, -0.95599014,  0.4037421 , -0.15950307,
       -0.9828746 , -0.23342314, -0.6045548 ,  0.61984795, -0.719694  ,
       -1.140108  , -0.91104317,  0.23908712,  0.30729908, -1.110052  ,
       -0.26532683, -0.12099666, -0.96112275, -1.4779041 ,  0.34302032,
        1.1843599 ,  0.9033667 ,  0.28884134, -1.02859   ,  0.57837796,
       -0.3788015 , -0.04018338,  0.7386061 ,  0.04349519, -0.45361865,
       -0.2811475 ,  0.8601195 ,  0.35011384, -0.07584079,  1.1158301 ,
       -1.7741853 ,  0.38618267, -0.7186101 , -0.1148852 ,  0.23952335,
        1.1325893 , -0.40432954, -0.34229523, -0.51830477,  1.0970255 ,
       -0.94173294,  0.9086803 ,  0.5211639 , -0.8641194 , -0.4688268 ,
       -0.11959548,  1.0357496 , -1.0746967 , -0.22338933, -0.47111022,
        0.82536155,  0.02571762, -0.9997751 , -1.1594149 ,  0.6311713 ,
        0.20191349, -0.90883374, -0.90014064,  0.06898782,  0.87327164,
        0.34829557, -1.2584819 ,  0.2201999 , -1.4928322 ,  0.21839455,
        0.5346307 , -0.21715644, -0.9291294 ,  0.88279057, -1.24852   ,
       -0.42958772,  0.2001699 ,  0.65673536, -0.78182566, -0.49088508,
        0.22820595, -0.4493585 , -1.5089067 , -1.4345427 , -0.09431574,
        0.9491813 ,  0.3814515 , -0.6389081 , -1.2438973 , -0.546927  ,
        1.0090061 , -0.19232967, -1.3808386 ,  0.10935706, -1.1296651 ,
       -0.39100057,  0.48292375,  0.67379916,  0.24652348,  0.8348303 ,
        0.774993  ,  0.62748915, -1.2843343 ,  0.19215097, -0.938065  ,
        0.23751704, -1.233425  , -0.4487449 , -0.28000173,  0.32980493,
        0.11004701,  0.9326992 , -0.7289752 ,  0.6872531 ,  0.9288828 ,
       -0.7158317 , -0.6971042 , -1.134871  ,  0.5736958 ,  0.12196201,
        0.6227673 ,  1.1891373 , -0.91972035,  0.75058526, -1.229004  ,
        0.78056085, -0.3600335 , -0.18906988,  0.6190457 , -0.88537693,
        0.07474752, -0.85803956,  0.49189252, -0.5128823 ,  0.25186077,
       -1.1548952 , -0.02130361,  0.14340104, -1.1149151 , -1.0634233 ,
       -0.5631367 , -0.9177905 ,  1.1317422 , -0.21991183, -1.1259595 ,
       -1.3952851 , -1.2224187 , -0.91741574, -0.5668603 , -1.3144816 ,
       -0.7836159 ,  0.25051984, -1.3560057 ,  0.9781419 ,  0.1363332 ],
      dtype=float32), 'decoder.6.weight': array([[-0.5861569 ,  1.9314313 , -0.03506477, ...,  1.5153974 ,
        -1.1855515 ,  1.667568  ],
       [-0.21491562, -0.42065084,  0.36565858, ..., -0.89324105,
         0.27964407,  0.4954658 ],
       [-0.7477638 ,  0.78816193, -1.1747936 , ...,  0.98604584,
        -0.02483   , -0.03934684],
       ...,
       [-0.49938667,  0.45869535,  0.8388813 , ..., -1.2983595 ,
        -0.00805862, -0.8371462 ],
       [-1.1662631 , -0.21499033, -1.0009106 , ..., -0.11828489,
         0.8093546 , -0.18973051],
       [ 0.87235934,  0.9896387 , -0.02321972, ..., -0.57778656,
         0.3316061 , -0.53351986]], dtype=float32), 'decoder.6.bias': array([ 0.2580169 , -0.06121375, -1.3267176 , ..., -1.0975702 ,
        0.06552265, -0.29999983], dtype=float32)}
[Time: 12.01.25 12:14:17] [Level: info] [State: aggregate] {'encoder.0.weight': array([[-0.2866121 ,  0.25855172,  0.15104322, ..., -0.14922068,
         0.13858314, -0.21386528],
       [-0.04688593, -0.29821113, -0.17951652, ...,  0.06279877,
        -0.3650345 , -0.07713042],
       [ 0.47519714, -0.29897717,  0.08983679, ..., -0.24553956,
        -0.13851935, -0.1069811 ],
       ...,
       [-0.11989121,  0.12569554,  0.37733808, ...,  0.32239026,
        -0.17274722, -0.04226819],
       [ 0.10161514,  0.06848088,  0.0606621 , ...,  0.07725931,
        -0.35017553,  0.01442252],
       [-0.33934137, -0.18585661, -0.2209481 , ..., -0.10565706,
         0.08914614,  0.03841251]], dtype=float32), 'encoder.0.bias': array([-1.07186928e-01, -1.03441805e-01,  8.62061903e-02, -1.48582637e-01,
       -4.00552601e-01,  1.73223227e-01, -6.69563562e-02, -2.56203264e-01,
       -2.68229336e-01,  1.60460904e-01, -4.18211594e-02, -3.42852354e-01,
        7.08399117e-02, -2.50777602e-01, -9.46931690e-02,  1.97049417e-02,
       -1.93647072e-01, -6.54661432e-02, -3.22497427e-01, -3.25510412e-01,
       -4.19368565e-01,  1.42706141e-01, -2.59377569e-01,  1.02713585e-01,
        5.27161323e-02,  2.12389722e-01,  1.66581973e-01,  2.88979799e-01,
        1.03055820e-01, -1.88242927e-01, -2.50421941e-01,  1.65961057e-01,
       -1.08919702e-01, -2.98262298e-01,  6.70979498e-04,  2.94122517e-01,
       -3.12282722e-02, -5.38097648e-03, -2.23767869e-02, -3.05257328e-02,
        1.75596818e-01, -2.01460615e-01, -3.41213197e-02,  2.69682109e-01,
       -1.56281874e-01, -3.97897780e-01, -1.16177112e-01, -1.91112593e-01,
        2.43941322e-01, -2.60562450e-01, -2.27087587e-01, -7.77947083e-02,
        2.19316687e-02, -2.79649407e-01,  5.79107143e-02, -3.82511728e-02,
       -7.93732237e-03, -1.29043937e-01, -2.65716404e-01, -3.60366017e-01,
        4.11282703e-02,  1.11882977e-01, -3.22423071e-01,  2.17261508e-01,
       -3.21692452e-02,  2.81502098e-01, -2.66734898e-01, -3.88911217e-01,
       -4.48172659e-01,  8.45370665e-02,  2.90010929e-01, -2.73409516e-01,
       -1.23491123e-01, -2.96628416e-01, -2.58442491e-01, -1.39874732e-02,
       -3.16547036e-01,  2.14595377e-01, -3.69918108e-01,  4.94976491e-02,
        2.81132817e-01,  2.36649275e-01, -2.63027370e-01,  2.00789779e-01,
       -2.28785485e-01, -7.36866668e-02, -1.73443034e-01,  1.05961740e-01,
        8.25514793e-02, -2.28473052e-01, -1.71963632e-01,  1.02469444e-01,
        2.32804909e-01, -2.81190604e-01, -2.07880095e-01,  4.41871434e-02,
       -1.31524801e-01, -3.19063693e-01,  9.13634375e-02, -2.50424564e-01,
        1.66449100e-01, -3.39772344e-01, -2.81816930e-01, -1.38133820e-02,
       -2.21548676e-01, -2.91154180e-02,  4.71707657e-02,  1.82235494e-01,
        1.24775380e-01,  2.81888455e-01, -1.75878510e-01, -5.08621819e-02,
       -9.43433642e-02,  3.72552924e-04, -1.58151299e-01,  2.49095529e-01,
       -1.66539401e-01, -1.13402881e-01, -2.04469144e-01,  2.60101825e-01,
        5.63863814e-02, -3.59105974e-01, -3.01166117e-01, -1.46548906e-02,
       -5.30265383e-02, -1.62691504e-01, -1.47853374e-01, -6.73225448e-02,
       -2.23458380e-01,  2.34760717e-01,  2.63602793e-01, -3.33931029e-01,
        2.65642558e-03,  2.73090035e-01,  2.00266525e-01,  7.46024819e-03,
       -5.83559945e-02, -4.04248238e-02, -7.68077374e-03, -1.80889338e-01,
        2.25974947e-01, -3.80762219e-01, -1.08506560e-01, -1.57748863e-01,
       -1.29670110e-02,  2.62210220e-01, -2.06802599e-02, -1.37656003e-01,
       -6.53443038e-02, -2.24410161e-01, -1.43021807e-01,  2.22532421e-01,
       -1.70976788e-01, -1.05078425e-02, -1.56081706e-01, -1.20539717e-01,
        2.56453097e-01,  1.90914989e-01, -1.54953077e-01, -4.10125226e-01,
       -1.60648093e-01, -4.23724717e-03, -2.51794934e-01,  2.09617451e-01,
       -2.51912236e-01, -3.76897842e-01,  2.35427782e-01,  2.16338456e-01,
        2.31096581e-01, -1.33439541e-01, -3.88118774e-01, -2.42699534e-01,
        8.12450144e-03, -2.35921770e-01,  2.49652430e-01,  1.63182795e-01,
        1.78216994e-01, -3.40957969e-01, -3.83866847e-01,  3.10544342e-01,
       -2.45443687e-01, -1.87759981e-01, -3.27585250e-01,  1.30152926e-01,
        1.60301954e-01, -3.37652445e-01,  1.93354249e-01, -2.38129899e-01,
       -3.19564581e-01,  2.04417497e-01, -2.81475008e-01, -1.19139120e-01,
       -2.52217650e-01, -3.83637369e-01,  3.12821031e-01,  2.71844804e-01,
       -5.85456789e-02, -3.39592956e-02, -1.03339560e-01, -1.91044211e-01,
       -3.53711545e-01,  4.59994711e-02, -2.83355176e-01,  2.00893715e-01,
        2.11431962e-02,  2.17386737e-01, -3.18193436e-01,  2.59067565e-01,
       -5.34856357e-02,  5.87380268e-02, -1.74321115e-01, -2.96108633e-01,
       -3.16992313e-01,  1.41365334e-01, -2.35101268e-01,  6.03756234e-02,
        1.44095331e-01, -5.30518917e-03, -2.55240709e-01,  5.47026917e-02,
       -2.35579103e-01, -5.22626825e-02,  2.11943209e-01,  2.50940174e-02,
       -2.53675848e-01, -4.95369792e-01, -4.15726244e-01,  2.54565865e-01,
        3.18068662e-03, -3.03169012e-01, -3.27365436e-02,  1.56705245e-01,
       -1.57370597e-01,  3.42404433e-02,  5.90292029e-02, -5.37965121e-03,
       -3.91382962e-01, -1.32842243e-01,  1.21986326e-02, -7.02946493e-03,
        3.74665499e-01,  1.83204591e-01, -1.81595907e-01, -4.30201627e-02,
       -2.51633450e-02, -2.22110488e-02,  7.66341463e-02, -1.59168124e-01,
       -2.32630819e-01, -3.39813948e-01,  1.49509192e-01, -3.66597861e-01,
       -1.89560249e-01, -8.30032900e-02, -2.45387070e-02,  1.11253157e-01,
       -1.48460045e-01,  2.20252052e-01, -2.82274872e-01,  1.47599831e-01,
        2.51236528e-01, -1.83353856e-01,  6.72704652e-02, -3.10249478e-01,
       -3.41025680e-01,  1.94038287e-01,  1.75337400e-02, -2.46324614e-01,
        1.03743851e-01, -6.23274557e-02,  2.03360736e-01, -2.49425381e-01,
        1.03525974e-01, -3.96880329e-01, -3.14450234e-01,  6.01562187e-02,
        4.33988450e-03,  2.22946256e-02, -2.18153998e-01,  1.05234966e-01,
       -3.75374168e-01,  8.22959542e-02, -2.68308729e-01, -2.90288657e-01,
        1.17124245e-01, -1.58768073e-01,  5.55861741e-02, -2.54508436e-01,
       -1.23623744e-01, -2.60947794e-01, -2.36134846e-02,  1.39683053e-01,
       -3.00637275e-01, -1.36682302e-01,  2.26664305e-01, -3.96537691e-01,
       -4.17093545e-01, -2.24835515e-01, -3.69255900e-01,  2.67512977e-01,
       -1.98790297e-01,  1.76403821e-01, -1.00595811e-02, -1.58082858e-01,
       -3.52644563e-01,  8.58476199e-03, -4.00934368e-01, -2.10484847e-01,
       -2.94096112e-01,  5.86879365e-02,  2.52823830e-01,  1.08649962e-01,
       -6.29797392e-03, -3.22333306e-01,  2.31478274e-01,  1.47635967e-01,
        6.04134910e-02, -2.16714188e-01, -3.41542959e-01, -3.01065654e-01,
       -2.88502753e-01,  4.75427182e-03, -2.35557690e-01, -3.54907125e-01,
       -4.00073342e-02, -3.97403032e-01, -1.96263194e-01, -4.61819589e-01,
        8.92923400e-02, -3.02892160e-02, -2.63575107e-01, -4.05617774e-01,
       -3.53416473e-01, -3.56346786e-01, -6.16551414e-02, -2.25267559e-01,
       -1.27749756e-01, -2.14163333e-01,  1.62077904e-01,  1.37369335e-01,
       -4.02441949e-01, -4.15341824e-01, -2.35563949e-01, -2.18839556e-01,
       -4.88479882e-02,  1.24619380e-01, -1.30010292e-01, -1.81998238e-01,
        2.30183676e-01, -2.38059327e-01, -3.57962132e-01, -3.05424891e-02,
       -3.09833288e-01,  2.41326913e-01,  1.80231646e-01, -2.74016291e-01,
       -5.15982732e-02,  1.43771127e-01, -2.38989651e-01,  1.28710568e-01,
        1.23454459e-01, -2.75167435e-01, -1.28340483e-01,  1.24846352e-02,
       -2.85473466e-01,  1.31732047e-01, -2.47153118e-01, -1.15094550e-01,
       -2.46704906e-01, -3.79537381e-02, -1.80560619e-01, -1.97661340e-01,
       -1.52085930e-01,  1.98105186e-01, -1.89048931e-01,  1.97066292e-01,
       -2.17294842e-01,  1.00706071e-01, -3.73933673e-01,  3.45218480e-02,
       -5.63022383e-02,  1.34468958e-01, -3.27175967e-02,  2.01027304e-01,
       -7.37418830e-02,  1.72631890e-01, -2.98011392e-01,  1.72840953e-01,
        6.22792318e-02, -3.80367428e-01, -2.97995776e-01, -2.89266765e-01,
        1.06237076e-01, -3.41287076e-01, -3.71867567e-01, -1.07082047e-01,
        2.33411193e-01, -1.46453734e-03,  4.41541746e-02, -3.76665592e-01,
       -3.08883470e-02,  6.76119402e-02,  3.98672298e-02,  9.03170854e-02,
       -1.84853837e-01, -3.93061131e-01, -2.19227210e-01,  1.22489631e-01,
        7.23644942e-02,  3.88713256e-02,  2.41388515e-01, -2.48233289e-01,
       -3.30927372e-01, -3.72784674e-01, -1.01440761e-03, -5.63811474e-02,
       -3.90630424e-01, -3.27205546e-02, -1.99734181e-01, -2.29346737e-01,
        9.52487662e-02, -1.14326999e-01,  2.49103904e-01, -1.62668139e-01,
       -3.39873701e-01, -3.65167320e-01, -2.35635161e-01, -2.29967967e-01,
       -3.36396784e-01,  1.62085637e-01, -4.13530558e-01, -1.16598129e-01,
       -4.00806218e-01, -3.02905470e-01, -3.06952924e-01, -3.49396497e-01,
       -1.77165255e-01, -3.45557362e-01, -3.51018123e-02, -3.07594147e-03,
        1.80453956e-01, -4.74156924e-02,  8.73693079e-03, -2.45469108e-01,
        8.46362785e-02, -3.24287683e-01,  1.93277270e-01, -1.09651729e-01,
       -3.88069987e-01, -3.74146074e-01,  1.70101956e-01, -3.66085649e-01,
        1.50809521e-02, -3.66676860e-02, -6.27904609e-02,  7.33338622e-03,
       -8.80088136e-02, -2.79358476e-01, -4.47850442e-03,  1.65442929e-01,
        3.24597247e-02,  2.33723208e-01,  1.74523681e-01, -3.15998644e-01,
       -3.03274333e-01, -3.95531178e-01,  1.64319932e-01, -1.37138173e-01,
        2.95133255e-02, -2.93005764e-01, -3.73026460e-01,  1.14449330e-01,
        2.05977708e-01,  1.70330733e-01,  2.50621021e-01,  3.03726286e-01,
        1.38972802e-02, -3.73708069e-01, -1.96088448e-01, -3.86623689e-03,
        1.25878870e-01, -2.19684958e-01,  3.07905614e-01, -2.90451031e-02,
        1.29602656e-01,  7.11866990e-02, -2.44163588e-01,  1.85682908e-01,
        2.22443402e-01, -3.57033640e-01, -3.11107397e-01,  1.71060026e-01,
        2.02742025e-01, -6.75432608e-02, -3.67188573e-01,  9.31774154e-02,
       -4.10048634e-01, -1.89306691e-01, -3.09275448e-01, -1.96232766e-01],
      dtype=float32), 'encoder.2.weight': array([[ 0.7311288 ,  0.33672437, -1.2875528 , ...,  1.0449985 ,
        -0.07460131, -0.02502857],
       [ 0.87150306,  0.6650174 , -0.9701518 , ..., -1.2660441 ,
        -0.8366445 , -0.36511537],
       [-1.1525333 , -0.12683913, -0.28726438, ...,  0.13770284,
         0.9796303 ,  1.0894778 ],
       ...,
       [-1.0655009 , -0.18113868, -0.92370355, ...,  0.8031382 ,
         0.05412507,  0.6764716 ],
       [-0.48585165,  0.12925242,  0.6887265 , ..., -0.6685372 ,
         0.31273985, -0.46758306],
       [ 0.47125936, -1.201971  , -0.06774063, ..., -0.9597346 ,
         0.49004224,  0.4095557 ]], dtype=float32), 'encoder.2.bias': array([-4.00385141e-01, -3.85334492e-01,  1.88221186e-02, -7.41698980e-01,
       -6.94242775e-01, -8.52685392e-01, -6.32435083e-03, -9.24866438e-01,
       -9.34517384e-01,  1.22234988e+00, -6.16313398e-01, -7.29368031e-01,
        2.34525025e-01,  6.98192060e-01, -2.19345301e-01, -6.51402593e-01,
        8.95272911e-01, -2.36220777e-01,  5.91502964e-01, -7.55035058e-02,
       -1.42493442e-01, -6.78167939e-01,  4.61821780e-02, -8.16124856e-01,
       -2.76672870e-01,  2.45922476e-01,  7.64608800e-01,  5.06390452e-01,
        5.91519356e-01,  5.59543133e-01, -3.93339574e-01,  1.08041859e+00,
        4.42313552e-01, -3.92079830e-01,  2.20398888e-01, -9.79635417e-01,
        2.19012022e-01, -6.92631155e-02, -2.41945028e-01,  6.08596742e-01,
       -1.02740072e-01,  1.06622148e+00,  5.21439850e-01,  7.04691350e-01,
       -1.07653689e+00,  3.71951401e-01, -9.69525218e-01, -3.22549254e-01,
       -8.24924791e-04,  2.55469859e-01,  9.82832313e-02,  8.21758151e-01,
        8.45639631e-02,  4.54955995e-01, -1.02730572e+00,  1.04720795e+00,
        7.74233997e-01,  8.28028619e-01, -2.32828662e-01, -1.59740716e-01,
        1.05218399e+00,  3.57727021e-01, -7.85570264e-01, -3.22903633e-01,
        3.92234206e-01, -6.97313130e-01,  4.56807483e-03,  2.24869534e-01,
       -6.82971299e-01, -6.79185748e-01,  1.13771223e-01,  8.76753509e-01,
       -3.28101307e-01,  6.18578553e-01, -8.04686129e-01, -8.90590727e-01,
       -2.54788548e-01,  2.02586189e-01,  4.62854803e-01, -1.13783336e+00,
        8.12821314e-02, -3.17102909e-01,  3.22701782e-02, -3.74668330e-01,
       -3.78378928e-01,  8.44316125e-01, -4.84694362e-01, -6.64374352e-01,
       -9.12029803e-01,  7.66025245e-01,  5.64733684e-01,  3.78546529e-02,
       -9.28839266e-01, -2.37157851e-01,  7.01740444e-01, -4.22920525e-01,
       -1.06273293e-02,  9.09416154e-02,  9.44961905e-01, -5.41973352e-01,
        4.87707853e-01,  8.86306882e-01, -1.02189565e+00, -4.68498468e-01,
       -1.26617837e+00, -2.17146620e-01,  5.70013583e-01,  1.03264129e+00,
        4.15471286e-01, -5.36706924e-01,  9.44266543e-02, -1.23688853e+00,
       -9.51956213e-01, -1.10456681e+00,  6.52769446e-01,  9.18500185e-01,
       -9.62031543e-01,  2.73097366e-01,  6.67610532e-03, -3.22527468e-01,
        1.33277461e-01, -9.63924050e-01,  8.21444154e-01,  6.94831431e-01,
       -1.24918938e+00, -1.36763203e+00, -9.31710958e-01, -8.47090065e-01,
       -1.82842284e-01,  1.85205773e-01,  2.36060679e-01, -1.30152118e+00,
        7.99553216e-01,  6.18060827e-01,  3.40224713e-01, -3.65631990e-02,
        1.60694689e-01, -7.16986358e-01, -6.83172822e-01,  2.63968885e-01,
        2.05901697e-01,  5.18427432e-01,  4.34592336e-01,  2.65215158e-01,
       -5.10303617e-01,  1.73128903e-01,  1.85461923e-01, -1.55489519e-01,
        8.04219484e-01,  4.10832733e-01,  5.37651956e-01,  6.91961229e-01,
       -3.06055009e-01, -1.20482600e+00, -1.22354722e+00, -1.41163856e-01,
        4.11770701e-01, -7.83533216e-01,  1.04906797e+00, -3.02303970e-01,
        2.05254275e-02, -5.50550461e-01,  7.82655180e-01,  6.62194788e-01,
        3.70398387e-02,  9.79742631e-02, -8.36398065e-01, -4.89756793e-01,
       -1.13591397e+00,  7.44416118e-02,  9.10497367e-01, -1.43130822e-02,
       -6.81202590e-01, -4.96481687e-01, -9.58386362e-02,  3.13287109e-01,
       -5.52560866e-01, -4.31728363e-01, -1.09381109e-01, -2.00248152e-01,
        7.00631082e-01,  4.24701840e-01, -4.55210119e-01,  6.77380204e-01,
       -3.90227027e-02, -2.86806881e-01, -6.21091545e-01,  7.70531952e-01,
        3.59797366e-02, -4.59898323e-01,  5.00191569e-01, -6.62659466e-01,
        5.90194166e-01, -1.18430555e+00, -6.95392728e-01,  7.36975253e-01,
       -2.62541652e-01,  6.79564700e-02, -2.40332663e-01, -1.25981236e+00,
        4.22502756e-01, -9.87420082e-01, -9.03100312e-01,  1.10410607e+00,
        6.23579085e-01, -1.42320919e+00, -2.99978107e-01, -1.66714996e-01,
       -5.85380971e-01,  2.21149772e-01,  4.31947798e-01,  8.81795809e-02,
        1.15315676e+00, -8.57337005e-03, -7.25538358e-02, -1.08836401e+00,
       -1.11932397e+00, -6.44287646e-01,  6.71498001e-01, -2.12579444e-02,
       -3.14517498e-01, -4.72694039e-02, -8.65695417e-01, -1.38956296e+00,
       -6.23567522e-01, -1.45664454e+00,  5.84121525e-01,  8.44695508e-01,
        8.91633570e-01, -3.40593815e-01, -2.66745538e-01,  3.71469885e-01,
       -5.59281707e-01, -1.30226254e+00, -2.40725949e-02,  6.22924924e-01,
        8.36351588e-02,  1.02994576e-01, -2.49133483e-01,  9.29002047e-01,
       -1.27647996e+00, -4.06680703e-01, -1.07334948e+00, -1.18306303e+00,
        2.86279827e-01,  8.34825933e-01,  2.88424939e-01,  1.04233280e-01,
       -1.20900556e-01, -1.29971653e-01,  8.92613828e-01, -5.14715254e-01,
       -6.73077643e-01, -1.61959857e-01, -1.15499210e+00,  5.85164547e-01,
        1.67730395e-02,  4.02806550e-02,  4.32835490e-01, -7.01334774e-01,
        9.22780633e-01, -6.11981690e-01,  4.08380628e-01,  4.59638596e-01,
        1.00744247e+00, -1.49664730e-01,  6.26178443e-01, -4.20680195e-01,
       -6.43099368e-01, -2.33067483e-01,  9.01604235e-01,  7.18499780e-01,
        1.05935127e-01, -9.15127814e-01, -1.74100310e-01,  5.98845899e-01,
       -1.32094800e+00, -5.85989833e-01,  5.61821043e-01,  3.07147592e-01,
        1.02941895e+00,  4.69923556e-01, -7.57551730e-01, -8.05061162e-01,
       -8.33005682e-02,  2.21538261e-01,  6.26270831e-01, -3.37871999e-01,
       -3.72334599e-01,  1.27533944e-02, -1.16443944e+00, -1.93686754e-01,
        9.39983666e-01, -3.11907232e-01, -4.57580775e-01,  5.84593892e-01,
        1.11676955e+00, -2.79796243e-01,  8.65240097e-01, -4.87120390e-01,
        2.68657982e-01,  5.55391192e-01,  4.52412307e-01, -7.04700407e-03,
        5.39135516e-01, -8.45893621e-01, -3.63235891e-01,  1.30004823e-01,
       -2.39201531e-01,  2.53511429e-01, -2.05247089e-01, -6.37201309e-01,
       -6.23281240e-01, -1.23433650e+00,  5.55932701e-01, -9.10811365e-01,
        1.10966647e+00, -4.13395345e-01,  9.16452885e-01, -5.91574609e-01,
       -5.17428696e-01,  1.04399478e+00,  4.69874948e-01,  7.94264898e-02,
       -1.67893276e-01, -1.30622375e+00,  5.94325900e-01, -1.08922684e+00,
       -8.22429478e-01,  1.09819904e-01,  1.11745246e-01,  1.42995071e+00,
       -2.44551137e-01, -7.42949128e-01, -2.24078044e-01, -2.95901299e-01,
        1.12712777e+00, -4.86988761e-02,  1.07860677e-01,  3.47635448e-01,
        6.61839962e-01, -3.99147272e-01, -7.37122238e-01, -7.44842291e-01,
       -8.64016175e-01,  5.58894634e-01, -1.07556856e+00,  1.46382496e-01,
        6.27900302e-01, -1.03238690e+00,  2.37628192e-01, -7.84658909e-01,
        8.57203364e-01,  1.03147650e+00, -2.27071270e-01, -7.25067198e-01,
        1.20749950e+00, -1.38562858e+00, -9.95284200e-01,  5.20444810e-01,
        1.77275956e-01, -3.47530603e-01, -4.58806902e-02, -4.32757765e-01,
       -3.14709485e-01, -7.04681158e-01, -5.79275370e-01,  1.12532222e+00,
       -3.21973592e-01, -2.61468887e-01, -7.24085689e-01,  9.56466973e-01,
        4.03066486e-01, -3.02461218e-02,  9.66902554e-01, -6.07071221e-01,
       -1.16665697e+00,  1.06835282e+00,  8.73045981e-01,  7.00146675e-01,
       -9.26386356e-01, -6.57653630e-01,  1.20638311e+00,  4.10648316e-01,
        2.65680283e-01,  6.19280279e-01,  7.19590843e-01,  4.84156787e-01,
        1.02090967e+00, -8.45505893e-01,  3.89654189e-01,  7.89482772e-01,
       -3.09702486e-01,  5.93176246e-01, -6.36335611e-01, -3.75803471e-01,
       -9.35994267e-01,  6.20911479e-01,  3.72511983e-01, -1.40468359e-01,
        9.84198868e-01,  9.75406706e-01, -4.23046127e-02,  3.48180048e-02,
        8.72830153e-01, -8.89313519e-01,  8.34409654e-01, -9.97522056e-01,
       -1.41184432e-02, -1.36905575e+00,  9.67836559e-01,  8.06100667e-01,
        5.58618248e-01,  1.83604136e-01,  6.60910308e-01, -4.08761859e-01,
        6.67258799e-02, -9.55849826e-01, -4.31567490e-01, -7.08458424e-01,
       -3.18515867e-01,  3.94355118e-01,  7.98261344e-01,  1.07880913e-01,
        9.95040596e-01, -3.85266095e-01,  5.92836142e-01,  5.46945751e-01,
        1.00047052e+00,  5.95676564e-02,  1.00738537e+00,  3.69452357e-01,
       -9.80299711e-01, -8.47857773e-01, -1.29021168e+00,  8.78739774e-01,
       -4.90322948e-01, -1.17644215e+00, -1.06766246e-01,  1.94681078e-01,
       -1.26973534e+00, -4.62400019e-01, -1.87914267e-01, -1.27023196e+00,
        1.89637148e-03,  2.04209596e-01, -4.64641094e-01, -3.41914117e-01,
       -8.46537352e-01, -1.20451713e+00, -9.23168123e-01, -3.05560887e-01,
       -1.16181219e+00, -4.66996074e-01, -8.33483398e-01, -2.62522727e-01,
       -1.00240374e+00, -1.22570372e+00,  7.54017174e-01, -1.14512992e+00,
        2.59083718e-01, -3.90309930e-01,  8.22129071e-01,  4.89014924e-01,
        7.40319788e-01, -2.30879441e-01, -2.47711420e-01, -1.12111914e+00,
       -1.02311969e+00,  1.06904840e+00,  4.98236924e-01, -6.13094926e-01,
        5.72043419e-01, -1.12592995e-01,  9.25946295e-01,  4.49269339e-02,
        4.19563532e-01,  5.97140849e-01, -2.45559171e-01, -3.78736913e-01,
        4.02009964e-01, -7.04362988e-01, -9.02567506e-01,  8.84512365e-01,
       -5.33553183e-01,  4.01043557e-02, -7.90783405e-01, -1.04973710e+00,
       -4.37479615e-01,  6.68572903e-01, -1.05307591e+00,  7.48378456e-01,
        4.19565350e-01,  7.19819963e-01,  1.50760099e-01,  3.95765722e-01,
       -1.62982911e-01, -7.51507401e-01, -3.86860996e-01, -4.14870381e-01],
      dtype=float32), 'encoder.4.weight': array([[-1.33015943e+00, -1.19991481e+00, -9.42104220e-01, ...,
        -6.68124855e-01,  3.70947331e-01,  1.38117686e-01],
       [ 9.03463960e-01, -2.35069215e-01, -2.66416341e-01, ...,
         5.57659715e-02, -2.65787482e-01, -6.18737876e-01],
       [-1.24717064e-01,  5.07757366e-01,  9.86650288e-01, ...,
         5.00661433e-01, -5.99935353e-01, -7.96047509e-01],
       ...,
       [ 9.48899193e-04, -2.21526876e-01,  1.59953415e-01, ...,
        -7.93888807e-01,  1.81065008e-01,  1.05465043e+00],
       [ 8.14399064e-01, -7.91666329e-01, -1.03469110e+00, ...,
         4.04667825e-01,  4.83724743e-01, -7.42579475e-02],
       [-1.31583810e+00, -8.76810312e-01, -1.40183166e-01, ...,
        -9.79932427e-01, -6.46789253e-01,  3.57996494e-01]], dtype=float32), 'encoder.4.bias': array([-0.1976446 ,  0.75280124, -0.7532741 , ...,  0.17902482,
       -1.2854925 ,  0.699734  ], dtype=float32), 'encoder.6.weight': array([[-0.14843199, -0.5475333 , -0.28745046, ...,  0.08629547,
        -0.43690094,  0.34245858],
       [-0.07769468, -0.4300481 , -0.5390586 , ..., -0.06738157,
         0.5410161 , -0.31856608],
       [-0.20593594,  0.30170602, -0.22393484, ...,  0.14261636,
        -0.58218104, -0.08519023],
       ...,
       [ 0.09519165,  0.7311969 , -0.15797785, ..., -0.3796951 ,
         0.30277076,  0.19916241],
       [-0.44881368,  0.08519818,  0.24136482, ..., -0.26271665,
         0.40340987, -0.41691235],
       [ 0.597105  , -0.35079038, -0.3557311 , ..., -0.2102126 ,
         0.29328418,  0.39929038]], dtype=float32), 'encoder.6.bias': array([ 0.07586552,  0.37176663,  0.2844519 ,  0.28406632, -0.05362483,
       -0.37715745,  0.2916284 , -0.10510828,  0.09549409, -0.37837073],
      dtype=float32), 'decoder.0.weight': array([[ 6.5303793 ,  2.801713  ,  5.882825  , ...,  4.5708365 ,
        -7.778905  ,  2.0756135 ],
       [ 1.0636668 ,  8.177822  ,  6.3288164 , ...,  0.37214127,
        -3.138662  , -4.340383  ],
       [-3.0397453 , -0.1994683 ,  5.11391   , ..., -5.590063  ,
        -0.4811162 ,  2.9465256 ],
       ...,
       [ 5.6746016 ,  4.760325  , -3.6246066 , ..., -0.5729863 ,
        -4.7684827 ,  3.604023  ],
       [-4.931139  , -2.6798809 ,  1.204568  , ...,  5.5692177 ,
         1.06865   ,  4.4971747 ],
       [-2.098853  ,  5.1188607 , -3.146478  , ..., -1.2344396 ,
         2.8375757 , -5.072678  ]], dtype=float32), 'decoder.0.bias': array([ 2.359986 ,  6.270942 , -6.803882 , ..., -3.7270722,  3.3489926,
        3.5049345], dtype=float32), 'decoder.2.weight': array([[-0.57679015, -0.27806383, -0.5539126 , ...,  0.46411324,
         0.36789653,  0.45373687],
       [-0.7111181 , -0.50637734,  0.42087603, ...,  0.43910062,
         0.02289153,  0.3278622 ],
       [ 0.3924373 ,  0.4382211 , -0.00592561, ..., -0.4556367 ,
        -0.01784096,  0.3010279 ],
       ...,
       [-0.41961342,  0.4249666 ,  0.27331495, ..., -0.05972049,
         0.4015921 , -0.37552914],
       [-0.4146886 ,  0.4931588 ,  0.02452398, ...,  0.32164842,
        -0.04759794, -0.3205416 ],
       [ 0.41284144, -0.40365595, -0.07857681, ..., -0.11695497,
        -0.65918404,  0.26397395]], dtype=float32), 'decoder.2.bias': array([ 2.61011422e-01,  4.79390323e-02,  4.97111231e-02, -6.93396866e-01,
        5.05016506e-01,  1.06520027e-01, -3.38718258e-02, -4.82520819e-01,
       -2.78753191e-01, -2.62253344e-01, -1.37374490e-01, -1.38771042e-01,
       -4.36767563e-02,  2.16092139e-01,  2.36783884e-02, -7.25772157e-02,
        2.13674441e-01, -1.99840829e-01, -2.73048788e-01, -5.87103724e-01,
       -5.54364443e-01, -4.04207826e-01, -1.97398826e-01, -1.29544601e-01,
       -1.70811623e-01,  2.19530165e-01,  4.99335438e-01, -6.98052526e-01,
       -5.31445801e-01, -7.81871200e-01,  1.23764850e-01, -5.82146943e-01,
       -3.02911133e-01, -5.49656451e-01, -6.62010431e-01, -5.87971270e-01,
        5.63266456e-01, -7.14066446e-01, -6.75864398e-01, -6.56422402e-04,
        6.69526123e-03,  3.51267368e-01,  1.65681034e-01, -4.75683093e-01,
       -7.45805576e-02, -6.38214946e-01, -4.42413874e-02,  1.17810965e-01,
        6.58842772e-02, -6.12973832e-02,  2.66806930e-01, -6.31871343e-01,
        4.07033533e-01,  5.70480585e-01,  6.28317147e-02,  2.38287747e-01,
       -3.71988505e-01, -2.92787492e-01, -3.73102091e-02, -2.23974124e-01,
       -6.39652014e-01,  2.06833720e-01, -1.05686165e-01,  3.17134678e-01,
        2.61271987e-02,  9.07546282e-02, -5.73698163e-01, -2.66947225e-02,
        3.56977850e-01,  3.88357490e-01, -6.07994378e-01, -5.43296598e-02,
       -2.35069901e-01, -1.63255021e-01,  1.80169672e-01, -4.12088245e-01,
        1.93964928e-01,  5.70936203e-01,  4.74680483e-01, -4.53081548e-01,
       -1.17012173e-01,  3.13732624e-01,  5.15343547e-01, -2.33883619e-01,
        5.50367713e-01,  5.00178277e-01, -2.84822911e-01, -2.56618172e-01,
        2.86090732e-01, -1.69511810e-01,  1.42089605e-01, -5.29827356e-01,
       -2.95134753e-01,  4.50881541e-01,  3.53962839e-01,  3.84341300e-01,
        3.64688814e-01,  3.99991512e-01, -3.95849556e-01,  4.51708771e-02,
       -1.00247242e-01,  4.41792101e-01,  2.18555063e-01, -2.52070814e-01,
       -1.18552126e-01, -3.95227410e-02,  2.20289171e-01,  3.68470550e-01,
        4.73566234e-01,  3.97217572e-01,  4.13453728e-01, -4.23774093e-01,
        3.49008620e-01,  1.22251108e-01, -4.17680323e-01, -9.80413780e-02,
       -3.05763423e-01,  4.28884894e-01,  3.04066360e-01, -4.07895565e-01,
       -4.75813627e-01, -4.80840206e-01, -4.77290630e-01,  3.39607120e-01,
       -6.21568084e-01, -1.72827631e-01,  4.17722344e-01,  3.16181630e-02,
       -1.90889016e-01,  1.47261798e-01, -1.29484534e-01, -2.22632036e-01,
       -6.01958223e-02, -5.97043514e-01,  2.41882280e-01, -4.65322942e-01,
        4.03225869e-02, -2.38895759e-01, -2.75160134e-01,  1.92237481e-01,
        1.10369422e-01, -4.69495118e-01,  2.12672442e-01,  5.29716372e-01,
        5.28531611e-01, -6.64883927e-02, -5.08863807e-01, -4.97661680e-01,
       -1.59048513e-01, -4.28504169e-01, -2.26495392e-03,  3.11348941e-02,
        4.42642897e-01,  5.29568315e-01, -1.91220433e-01,  1.71086088e-01,
        1.03843622e-01, -2.45766267e-01,  4.62273031e-01,  4.80071045e-02,
       -4.02084321e-01, -2.10260212e-01, -3.37231085e-02, -2.97773510e-01,
        3.86505783e-01,  1.62086785e-01,  2.55333424e-01,  4.85476464e-01,
       -1.01502836e-01, -4.75647628e-01, -7.07914680e-02, -3.53382304e-02,
        4.21829343e-01, -1.63713157e-01,  1.70665577e-01, -5.14634028e-02,
        2.65917927e-01, -1.55381784e-01,  3.03202271e-01,  2.25130916e-01,
        3.62205684e-01,  3.81480664e-01,  3.31237316e-02,  3.81613493e-01,
       -2.95823365e-01,  1.53358266e-01,  3.50069374e-01, -1.45538047e-01,
        1.83080763e-01,  3.69904160e-01, -6.22289479e-01, -1.67050079e-01,
        3.20463598e-01,  4.40916091e-01,  3.00068349e-01,  2.10490286e-01,
        3.33383620e-01,  4.34955567e-01, -6.51882827e-01,  2.79439628e-01,
        1.52477324e-01, -4.88583654e-01,  2.14917377e-01,  5.50926208e-01,
        1.46550938e-01,  4.26896214e-01,  2.63922364e-01, -1.42146826e-01,
        4.99254540e-02,  1.52435958e-01, -7.29865015e-01, -2.84925759e-01,
       -4.89894301e-01, -5.54497242e-01,  3.93382967e-01,  1.25577122e-01,
       -4.82023865e-01, -4.63424027e-01, -4.04949069e-01,  5.15516698e-01,
       -5.39693475e-01, -3.89618099e-01,  3.05265546e-01, -6.58617914e-01,
        5.90072200e-02,  4.88298833e-02, -1.04587823e-01, -1.28262326e-01,
        1.59915723e-02, -1.09519109e-01, -2.18388200e-01,  3.67911756e-01,
        6.89611882e-02,  3.33088674e-02, -7.63098836e-01, -6.36691272e-01,
        2.03289911e-01,  2.42974497e-02,  5.04200578e-01, -4.28926736e-01,
       -3.15345824e-01, -6.16089702e-01,  2.48368196e-02, -5.22632301e-01,
        4.13586468e-01, -3.76092672e-01,  4.65565950e-01,  1.67354226e-01,
        4.08200294e-01, -2.37686738e-01, -4.70670938e-01,  6.47875071e-02,
        5.82191534e-02,  2.99726993e-01,  1.85901493e-01, -2.53704339e-01,
        5.36486566e-01,  3.13215435e-01, -2.67905056e-01, -9.51236188e-02,
        1.18092574e-01, -5.38060486e-01,  1.07490584e-01,  2.05073476e-01,
       -5.19571491e-02, -3.12712938e-01, -2.09830150e-01, -6.38130009e-01,
        4.02304828e-01,  1.82026953e-01,  2.01188937e-01, -3.49173814e-01,
        5.81481934e-01, -6.98582113e-01, -3.28806639e-01, -2.27371350e-01,
        2.03429386e-01, -1.93021037e-02, -2.05812812e-01,  4.81394827e-01,
        1.56237677e-01, -6.61453009e-01, -5.65173984e-01,  2.87596941e-01,
        6.11349605e-02, -5.49557172e-02, -2.45297760e-01, -5.66165209e-01,
        6.05369329e-01, -3.55640352e-01,  4.46299970e-01,  4.17012163e-02,
       -2.84460366e-01,  9.56399962e-02,  4.86630686e-02, -4.44598019e-01,
       -8.89932737e-02,  4.99778509e-01,  3.83154936e-02, -4.48438227e-01,
       -4.33998972e-01, -4.48190361e-01, -7.34820902e-01,  4.16984081e-01,
        2.85045862e-01, -5.38748503e-01, -1.45247534e-01, -2.05412999e-01,
       -6.27725482e-01,  3.22718889e-01, -1.04424143e-02, -6.89921621e-03,
       -2.84628212e-01, -6.24798417e-01, -2.34482154e-01,  2.59494990e-01,
        4.09828454e-01,  1.90151885e-01, -6.54814363e-01, -6.11138344e-01,
        6.88719600e-02, -6.07724667e-01, -2.80385353e-02,  2.61385322e-01,
       -3.22291017e-01, -7.29095712e-02, -7.57764131e-02, -2.65376419e-01,
        2.50950754e-01,  2.18261376e-01, -7.30192482e-01, -9.27764103e-02,
        3.92961837e-02,  1.84375823e-01,  6.24550462e-01,  5.86207137e-02,
       -6.51240051e-01, -2.33108684e-01,  1.26071423e-01, -1.46488085e-01,
        5.71271122e-01,  4.44913983e-01, -2.77865857e-01,  5.01004159e-01,
       -6.17130041e-01, -7.10254490e-01, -5.04420735e-02, -3.14082317e-02,
        6.24142110e-01,  3.42754722e-01,  3.27738822e-02, -5.26085079e-01,
       -2.39065945e-01,  4.59335834e-01,  7.21124699e-03,  5.13065577e-01,
       -3.80617559e-01,  1.43489853e-01,  1.78847373e-01, -2.59838015e-01,
        2.77312458e-01,  3.48401994e-01, -3.25377643e-01, -9.89307910e-02,
       -8.52861628e-02,  5.41128397e-01,  1.04811005e-01, -4.43552852e-01,
        4.75057960e-01, -5.42319715e-01, -5.76842546e-01,  2.66296208e-01,
        5.90837359e-01, -6.26993403e-02,  2.65576988e-01,  4.87190425e-01,
        1.54906809e-01,  1.48012321e-02,  2.86332995e-01,  4.01393563e-01,
       -4.12318856e-01, -2.11857587e-01,  4.38837826e-01,  3.63926768e-01,
       -3.15834284e-01, -5.54779470e-01, -2.76763469e-01, -3.32286268e-01,
       -3.61096323e-01,  2.66047895e-01,  4.83473420e-01, -2.69802451e-01,
       -5.41337468e-02, -6.61323190e-01, -4.93106246e-01, -5.56338191e-01,
       -6.88633561e-01, -5.22232354e-01, -3.27344894e-01, -5.40902495e-01,
        4.47977304e-01, -5.46794355e-01,  4.86208797e-01,  4.72573757e-01,
       -2.44442135e-01, -1.94681942e-01, -2.32930586e-01,  3.64604503e-01,
       -9.26578194e-02, -5.38953602e-01,  4.34152305e-01,  3.81409936e-02,
       -8.21189284e-01, -2.80366857e-02, -1.13287166e-01, -2.69119799e-01,
        3.62234950e-01,  5.65172255e-01,  1.30783379e-01,  3.17359447e-01,
       -1.52623817e-01, -2.29917258e-01, -4.05764163e-01,  6.38883859e-02,
        3.35800380e-01,  3.65554154e-01,  1.18327245e-01,  5.58785737e-01,
        3.23261529e-01, -1.09709010e-01, -4.85024750e-02,  2.80442506e-01,
       -7.25751936e-01,  7.19285235e-02,  1.30955443e-01,  2.55693406e-01,
        4.87827733e-02,  3.27086538e-01, -4.51647341e-01, -4.05272096e-02,
        1.45038500e-01, -6.42100275e-02, -7.37600923e-02,  4.63015199e-01,
        1.22760482e-01, -4.32077706e-01,  3.78950745e-01, -1.16982691e-01,
       -1.77467480e-01, -4.07353312e-01,  5.14843524e-01,  5.03828824e-01,
       -3.23968858e-01,  7.16263950e-02,  4.61167425e-01, -5.82433820e-01,
        3.44994962e-01, -6.19919598e-03,  2.78762057e-02,  5.07124603e-01,
       -7.47612119e-02, -5.43718159e-01, -5.49083650e-01,  1.13176061e-02,
       -1.35522321e-01, -4.96575236e-01, -5.59906602e-01,  3.40847343e-01,
        2.48524860e-01,  6.67022169e-02, -2.74910107e-02,  3.01015377e-01,
        3.69785577e-01,  3.57681900e-01,  8.14428329e-02, -6.87809467e-01,
       -4.79810834e-02,  5.13702706e-02,  6.09175205e-01, -1.82083890e-01,
        9.03892815e-02, -4.27300692e-01,  1.15911014e-01,  2.71845795e-02,
        3.79775137e-01,  4.64884818e-01, -6.38858438e-01, -4.04506922e-01,
       -1.31339893e-01, -9.09588635e-02, -6.55114710e-01, -3.86408627e-01,
        3.02641898e-01, -4.93490547e-02, -1.83836862e-01,  4.38755274e-01,
       -4.98771369e-01, -2.53009111e-01,  4.58273292e-01, -1.77472129e-01],
      dtype=float32), 'decoder.4.weight': array([[ 1.0815715 ,  0.5359551 , -0.8282023 , ...,  0.18536822,
         0.70502913,  0.7651485 ],
       [-0.31173515,  1.240555  , -0.3600195 , ..., -0.29598296,
         0.8601184 , -0.19933854],
       [-0.12232315, -0.9772063 ,  0.22290748, ...,  0.98040015,
        -0.6295742 ,  0.15792638],
       ...,
       [ 0.7427204 , -1.0985191 , -0.7467016 , ...,  0.16443059,
         0.9547425 , -0.69334906],
       [ 0.7470184 , -1.3158351 ,  0.71848726, ..., -0.76430255,
         0.21102738,  0.57990474],
       [-0.95744616, -0.35663778, -0.43620777, ...,  0.04645037,
        -0.61375964,  0.44559976]], dtype=float32), 'decoder.4.bias': array([-0.774943  ,  0.779402  ,  0.6645689 , -1.183851  ,  0.7779445 ,
       -0.29488716, -0.263225  ,  0.08191916, -0.15200095, -0.72460544,
       -1.27335   , -0.4009443 , -0.8341725 ,  0.94938505, -0.85380995,
       -1.3421685 ,  0.13299884, -1.1950539 ,  0.49856156, -0.9293755 ,
        0.8899558 ,  0.3571776 ,  0.5223123 , -1.5282096 , -0.73044163,
       -0.7088265 ,  0.41169843,  0.84302795, -1.3916578 ,  1.0771515 ,
       -1.2153261 ,  0.6747641 ,  0.2548125 ,  0.70719063,  0.20998663,
        0.09239949,  0.38278502, -0.21748988,  0.48621905, -0.03644752,
       -0.70280737,  0.38096043, -0.75954527, -0.3270384 , -0.84849286,
       -0.9456908 ,  0.33015826, -0.2194476 ,  0.24794959, -0.08939774,
       -0.6222165 , -0.48847172,  0.25846922,  1.1301619 , -1.478447  ,
        0.2530207 , -0.80656403, -0.5517506 , -1.3271548 , -0.8367832 ,
       -0.8069444 ,  0.631741  , -0.10207029,  0.2812564 , -0.8381755 ,
       -0.69992477, -0.56897575,  0.15283413,  0.831462  ,  0.392173  ,
       -0.5882434 ,  1.056619  , -0.8736828 , -0.05187797, -1.4897448 ,
        0.49353814, -0.04902979, -0.34773752, -0.8600179 , -0.5467882 ,
        0.28898096,  0.73831326, -0.9276675 , -0.23412558,  0.09471172,
       -1.1860658 , -0.16926625,  0.7468071 ,  1.1719574 , -1.1100502 ,
        0.42236814,  0.43431145,  0.5187381 , -0.2365869 , -0.86016035,
        0.5873583 ,  0.56299996, -0.5488812 , -0.9693347 ,  0.42316574,
       -0.8434847 ,  0.7338034 , -0.52681494, -1.2324651 , -1.1271689 ,
        0.19882314, -0.09642228, -0.95903766, -0.50322074, -1.2021687 ,
       -0.7558701 , -0.9093641 , -0.5621762 ,  0.32195553, -0.8511363 ,
        1.2119516 ,  0.72339725,  0.515355  ,  0.85109466, -0.9626188 ,
        0.42341447, -0.08589097, -1.3867828 ,  1.3410565 ,  0.06443045,
       -0.95163363, -0.9018226 ,  0.5674624 , -1.1380694 ,  1.2371708 ,
       -0.08166119, -0.27145246, -0.88858074,  0.07356779, -1.2697909 ,
        0.35325274,  0.8111664 , -1.1713368 ,  0.8626419 , -1.0742733 ,
        0.23463182, -1.3353425 , -0.14847414, -0.77219045,  0.4725617 ,
        0.31354347, -0.48622665, -0.16454197,  0.6446857 , -0.03413538,
        0.54258734,  0.06681755, -1.1178238 , -0.18788311, -1.1054794 ,
        1.0988317 , -0.09851667,  0.89561105,  0.8148868 , -0.73445094,
       -0.6540566 , -0.14273158,  0.01909516, -1.101337  , -1.2883409 ,
       -1.0292251 , -0.6354605 , -0.89479953,  0.27191594,  0.69986826,
        0.7673012 , -0.6175594 ,  1.1239474 ,  0.58851844,  0.4446454 ,
        0.27643856, -1.234779  ,  0.2979207 , -0.03563647, -0.11845119,
       -1.18088   , -1.2199649 , -0.99595016, -0.5913174 ,  0.6677755 ,
       -0.06075777,  0.44365078, -0.28251782, -0.22881289, -1.1253527 ,
        0.71803707, -0.11944935, -1.4073249 ,  0.46515945,  0.8920271 ,
        0.60042495,  0.0073499 , -1.3339319 , -0.7461277 ,  0.37589464,
        0.6391316 , -0.49072126, -0.42533186,  0.59823704,  1.17557   ,
        0.947708  ,  0.17108195,  0.48403424, -0.4934785 ,  0.28394833,
        0.3534252 , -0.00686662,  0.93221325,  0.05968223, -0.8415678 ,
        0.1910319 ,  1.2735571 ,  0.49163356, -1.2104027 ,  0.88325727,
        0.8773944 ,  0.6151746 , -0.14732487,  0.546992  , -0.48678896,
        0.15836692, -1.1010714 ,  0.6416078 , -0.6756787 , -0.22130081,
       -0.21815251,  0.702382  , -0.7110477 ,  0.5747339 , -1.3530662 ,
       -0.5258484 , -0.29313868,  0.57790756,  0.32571375, -0.6662723 ,
       -0.5653585 ,  0.06961709, -0.00529481,  0.0604425 ,  0.7590006 ,
       -0.9820569 ,  0.47880745,  0.6664916 , -1.4626786 , -0.3881201 ,
        0.16225952,  0.6281882 , -0.9314523 , -1.1002996 ,  0.8337958 ,
       -0.5341302 ,  0.35857433, -0.26007792,  0.5807141 , -0.76809937,
       -1.0547259 , -1.1231987 , -0.46675426,  0.61962074, -1.4082383 ,
       -0.38390133, -0.5424978 , -0.88707185, -0.5251783 , -0.30970606,
       -0.5125343 , -0.4772644 , -1.46744   ,  0.51558805,  0.67803615,
       -0.45891523, -0.5724784 , -0.58692926,  1.1707805 ,  0.11254165,
       -0.69109577, -0.28532147,  1.1192516 , -0.5755822 ,  0.7540643 ,
       -1.1317667 ,  0.2321791 ,  0.7075885 ,  0.05873661,  0.7589329 ,
       -0.29488716,  0.36049676, -0.560981  ,  0.70018536, -1.0640386 ,
        1.1841667 ,  0.24532047, -1.2611674 ,  0.27938783, -0.4013997 ,
       -0.72258824, -1.0454601 ,  0.514465  , -0.432026  , -0.07450032,
       -1.3243502 , -1.2432436 , -0.58530617,  0.22063237,  0.4920238 ,
       -0.29238254,  1.2077285 ,  0.51997334, -0.2736704 ,  0.7248115 ,
        0.05189181,  1.0341173 , -0.8340485 , -1.4164351 ,  0.23823877,
        0.4727291 , -1.0162282 , -0.03910898, -1.093241  , -0.13037722,
       -1.4379799 , -0.5311134 ,  0.1155702 , -0.8224611 , -0.19016369,
       -0.05746334,  0.28361163,  0.432402  , -0.0845116 ,  0.7345546 ,
       -0.7256438 , -0.8693917 , -1.0534343 , -1.0206215 , -0.9327111 ,
       -0.5695639 , -0.20069447,  1.3159485 ,  0.37464252,  0.5562276 ,
        0.03376102,  0.22522286, -0.9559904 ,  0.39325175, -0.15950505,
       -0.9828742 , -0.23437054, -0.6045549 ,  0.62010515, -0.71969414,
       -1.1401076 , -0.9110426 ,  0.23930642,  0.3052555 , -1.1100502 ,
       -0.26532647, -0.12099677, -0.9611218 , -1.4774799 ,  0.34473747,
        1.1939118 ,  0.90430987,  0.27307233, -1.0285902 ,  0.56408995,
       -0.37775496, -0.03913696,  0.72840285,  0.07848144, -0.45361888,
       -0.28114653,  0.93555194,  0.34112495, -0.07584123,  1.1150514 ,
       -1.774185  ,  0.38673478, -0.7186097 , -0.11383865,  0.2394823 ,
        1.1330235 , -0.40432957, -0.34187093, -0.5183045 ,  1.0738751 ,
       -0.94173276,  0.8942758 ,  0.51831836, -0.86411905, -0.46882683,
       -0.11959264,  1.0194753 , -1.0741729 , -0.2233891 , -0.47111097,
        0.8262874 ,  0.02634655, -0.99977547, -1.1594149 ,  0.63080454,
        0.20160693, -0.90841144, -0.90014094,  0.06954546,  0.8743253 ,
        0.34918186, -1.2584819 ,  0.2166446 , -1.492832  ,  0.21618727,
        0.5347046 , -0.21715751, -0.9291294 ,  0.88578075, -1.2485201 ,
       -0.42958754,  0.19991119,  0.6428677 , -0.7818251 , -0.4908862 ,
        0.22765222, -0.4493581 , -1.5089067 , -1.4345422 , -0.09431513,
        0.949042  ,  0.37848413, -0.6389076 , -1.2438976 , -0.5469267 ,
        1.0091941 , -0.19232959, -1.3808384 ,  0.11022147, -1.1296654 ,
       -0.39100075,  0.48309255,  0.6747621 ,  0.2470831 ,  0.83565426,
        0.7624038 ,  0.63542247, -1.2843342 ,  0.19257143, -0.93806493,
        0.23831536, -1.2334244 , -0.44874507, -0.27895525,  0.32973468,
        0.10978702,  0.9297793 , -0.7289742 ,  0.6875009 ,  0.9290767 ,
       -0.7162556 , -0.69752747, -1.1359175 ,  0.5740788 ,  0.12287125,
        0.6299856 ,  1.1893277 , -0.9197203 ,  0.7508734 , -1.2290041 ,
        0.7727686 , -0.36003318, -0.18907018,  0.618876  , -0.88537747,
        0.08132324, -0.85803986,  0.49211255, -0.5128822 ,  0.25207034,
       -1.15384   , -0.02130329,  0.14477625, -1.1149153 , -1.0625758 ,
       -0.5631342 , -0.9177904 ,  1.1330161 , -0.21991181, -1.1259596 ,
       -1.3952854 , -1.2224183 , -0.9179391 , -0.56686056, -1.3144808 ,
       -0.7840411 ,  0.24784917, -1.3560055 ,  0.97820103,  0.13666742],
      dtype=float32), 'decoder.6.weight': array([[-0.5861565 ,  1.9314345 , -0.0350646 , ...,  1.5153973 ,
        -1.1855515 ,  1.6675681 ],
       [-0.21491566, -0.4206528 ,  0.36565775, ..., -0.89324135,
         0.27964363,  0.49546617],
       [-0.74776447,  0.7881622 , -1.1747936 , ...,  0.9860458 ,
        -0.02482999, -0.03934693],
       ...,
       [-0.49938735,  0.4586934 ,  0.8388812 , ..., -1.2983595 ,
        -0.00805851, -0.8371461 ],
       [-1.1662631 , -0.21498972, -1.0009109 , ..., -0.118285  ,
         0.80935484, -0.18973044],
       [ 0.87236017,  0.9896385 , -0.02321984, ..., -0.57778656,
         0.3316061 , -0.5335198 ]], dtype=float32), 'decoder.6.bias': array([ 0.25856465, -0.06134509, -1.3267868 , ..., -1.09757   ,
        0.06543569, -0.29977092], dtype=float32)}
[Time: 12.01.25 12:14:17] [Level: info] [State: aggregate] {'encoder.0.weight': array([[-0.28576398,  0.25796548,  0.15032688, ..., -0.14996526,
         0.13919201, -0.21386607],
       [-0.04688593, -0.2982075 , -0.1795155 , ...,  0.06279909,
        -0.36503506, -0.07712989],
       [ 0.47519732, -0.2989773 ,  0.08983658, ..., -0.24553974,
        -0.13851923, -0.10698122],
       ...,
       [-0.1198912 ,  0.12563246,  0.37653434, ...,  0.32239264,
        -0.17274635, -0.04225671],
       [ 0.10161513,  0.0684815 ,  0.06066319, ...,  0.07725942,
        -0.3501756 ,  0.01442321],
       [-0.33934137, -0.18585661, -0.2209481 , ..., -0.10565706,
         0.08914614,  0.03841251]], dtype=float32), 'encoder.0.bias': array([-1.06479473e-01, -1.03442572e-01,  8.62063169e-02, -1.48583919e-01,
       -4.00618702e-01,  1.73223466e-01, -6.69570416e-02, -2.56203324e-01,
       -2.68228859e-01,  1.59864053e-01, -4.16533872e-02, -3.42852682e-01,
        7.08390027e-02, -2.50777543e-01, -9.46939513e-02,  1.97051875e-02,
       -1.93646893e-01, -6.50911331e-02, -3.22871208e-01, -3.25534999e-01,
       -4.19368535e-01,  1.42705619e-01, -2.59323806e-01,  1.02978721e-01,
        5.27161583e-02,  2.12389767e-01,  1.66581854e-01,  2.88979441e-01,
        1.03055455e-01, -1.88242823e-01, -2.50422210e-01,  1.65128008e-01,
       -1.08919129e-01, -2.98262298e-01,  6.70979498e-04,  2.94122607e-01,
       -3.12276147e-02, -5.72080258e-03, -2.23767869e-02, -3.05292588e-02,
        1.75596610e-01, -2.01460615e-01, -3.49673070e-02,  2.69706219e-01,
       -1.55951232e-01, -3.97893876e-01, -1.16495647e-01, -1.91112742e-01,
        2.43954957e-01, -2.60562450e-01, -2.27087602e-01, -7.77947083e-02,
        2.27634553e-02, -2.79877871e-01,  5.86889088e-02, -3.90952416e-02,
       -7.93755427e-03, -1.29043847e-01, -2.65716285e-01, -3.60367417e-01,
        4.19668593e-02,  1.11890569e-01, -3.22422087e-01,  2.17262283e-01,
       -3.30107808e-02,  2.81503677e-01, -2.66734660e-01, -3.89321387e-01,
       -4.48179036e-01,  8.45572054e-02,  2.90010929e-01, -2.73409486e-01,
       -1.23493388e-01, -2.96628654e-01, -2.58442312e-01, -1.39879044e-02,
       -3.16198558e-01,  2.14594737e-01, -3.69918108e-01,  4.94974218e-02,
        2.81511158e-01,  2.36649275e-01, -2.62223661e-01,  2.00787306e-01,
       -2.28779152e-01, -7.36859366e-02, -1.73443034e-01,  1.05961896e-01,
        8.24770182e-02, -2.28473559e-01, -1.71947703e-01,  1.02470167e-01,
        2.32810616e-01, -2.81175822e-01, -2.07879886e-01,  4.41871881e-02,
       -1.31524801e-01, -3.20050806e-01,  9.05610174e-02, -2.50424564e-01,
        1.66377440e-01, -3.40556920e-01, -2.81812787e-01, -1.42198997e-02,
       -2.21553236e-01, -2.91179474e-02,  4.71712239e-02,  1.82235494e-01,
        1.24442689e-01,  2.81892806e-01, -1.75878897e-01, -5.08621894e-02,
       -9.43420306e-02,  3.72552924e-04, -1.58564806e-01,  2.49095738e-01,
       -1.66540295e-01, -1.13752916e-01, -2.04469144e-01,  2.60101944e-01,
        5.63868210e-02, -3.59105974e-01, -3.01167399e-01, -1.46546960e-02,
       -5.30271307e-02, -1.62684187e-01, -1.47849753e-01, -6.73221424e-02,
       -2.23457828e-01,  2.34760374e-01,  2.63603091e-01, -3.34697247e-01,
        2.65642558e-03,  2.73096144e-01,  2.00262770e-01,  7.46065471e-03,
       -5.83559722e-02, -4.04242389e-02, -7.04296818e-03, -1.80889696e-01,
        2.25600988e-01, -3.80762666e-01, -1.07710622e-01, -1.57749012e-01,
       -1.29671749e-02,  2.62212604e-01, -2.06771772e-02, -1.37656912e-01,
       -6.53406754e-02, -2.24410161e-01, -1.43022314e-01,  2.21689761e-01,
       -1.70165643e-01, -1.05078425e-02, -1.56915233e-01, -1.20539583e-01,
        2.56453693e-01,  1.90073729e-01, -1.54142573e-01, -4.10124838e-01,
       -1.59963354e-01, -4.23736218e-03, -2.51795053e-01,  2.09212795e-01,
       -2.51067340e-01, -3.76897633e-01,  2.35454142e-01,  2.16343746e-01,
        2.31075719e-01, -1.33442506e-01, -3.88131231e-01, -2.43499056e-01,
        8.12386069e-03, -2.35941008e-01,  2.49652416e-01,  1.63212731e-01,
        1.78217381e-01, -3.40958059e-01, -3.83864284e-01,  3.10544044e-01,
       -2.45443210e-01, -1.87759787e-01, -3.27585876e-01,  1.29793018e-01,
        1.60295472e-01, -3.37653875e-01,  1.93354249e-01, -2.38132328e-01,
       -3.19564104e-01,  2.04031840e-01, -2.81475127e-01, -1.19374916e-01,
       -2.52218693e-01, -3.83307487e-01,  3.12821031e-01,  2.72667199e-01,
       -5.85425235e-02, -3.39604467e-02, -1.03339560e-01, -1.91044867e-01,
       -3.53643298e-01,  4.59992811e-02, -2.83356339e-01,  2.00910240e-01,
        2.11437792e-02,  2.17385754e-01, -3.18193436e-01,  2.59067565e-01,
       -5.34855090e-02,  5.87380268e-02, -1.74321681e-01, -2.96108961e-01,
       -3.16992521e-01,  1.41365543e-01, -2.35100657e-01,  6.03760928e-02,
        1.44095331e-01, -5.30804601e-03, -2.55624473e-01,  5.46550192e-02,
       -2.35579520e-01, -5.27852401e-02,  2.12772056e-01,  2.59366687e-02,
       -2.54003018e-01, -4.95370597e-01, -4.15571988e-01,  2.54566282e-01,
        3.17752245e-03, -3.03168178e-01, -3.27365436e-02,  1.55913979e-01,
       -1.57370538e-01,  3.42406705e-02,  5.90277538e-02, -5.37988963e-03,
       -3.91458184e-01, -1.32833526e-01,  1.21983392e-02, -7.03123817e-03,
        3.74665171e-01,  1.83231056e-01, -1.81830078e-01, -4.30208854e-02,
       -2.51635015e-02, -2.30337344e-02,  7.62467757e-02, -1.59168407e-01,
       -2.32630804e-01, -3.39814126e-01,  1.48671910e-01, -3.66591245e-01,
       -1.89559236e-01, -8.33943188e-02, -2.45400146e-02,  1.11253686e-01,
       -1.48459554e-01,  2.20252529e-01, -2.81658113e-01,  1.47599876e-01,
        2.51236290e-01, -1.83353320e-01,  6.72678128e-02, -3.10249180e-01,
       -3.41025472e-01,  1.94038376e-01,  1.76930297e-02, -2.46501625e-01,
        1.03743151e-01, -6.27377704e-02,  2.03349352e-01, -2.50231951e-01,
        1.03526190e-01, -3.96481037e-01, -3.14452171e-01,  5.97417802e-02,
        4.33073007e-03,  2.22939774e-02, -2.18155056e-01,  1.05250724e-01,
       -3.75376880e-01,  8.25945809e-02, -2.69154280e-01, -2.90290266e-01,
        1.17120564e-01, -1.58767685e-01,  5.56799471e-02, -2.54508883e-01,
       -1.23621091e-01, -2.60947287e-01, -2.39928365e-02,  1.39682963e-01,
       -3.00639182e-01, -1.36682302e-01,  2.26664305e-01, -3.96537036e-01,
       -4.17093277e-01, -2.25679368e-01, -3.68733317e-01,  2.67511994e-01,
       -1.99545562e-01,  1.76404133e-01, -1.00594824e-02, -1.57625303e-01,
       -3.52645427e-01,  8.58461391e-03, -4.00933594e-01, -2.10488677e-01,
       -2.93830812e-01,  5.86879365e-02,  2.52824068e-01,  1.08648539e-01,
       -6.29806519e-03, -3.22333306e-01,  2.31478468e-01,  1.47635072e-01,
        5.99944741e-02, -2.16714188e-01, -3.40710878e-01, -3.01396847e-01,
       -2.88502753e-01,  4.75127669e-03, -2.35557914e-01, -3.54906768e-01,
       -4.04221043e-02, -3.97401929e-01, -1.96262985e-01, -4.61819857e-01,
        8.92875791e-02, -3.02923936e-02, -2.63574749e-01, -4.05618489e-01,
       -3.53416473e-01, -3.56346518e-01, -6.16541356e-02, -2.25267559e-01,
       -1.27750471e-01, -2.14166731e-01,  1.62213370e-01,  1.37368932e-01,
       -4.02070403e-01, -4.15342063e-01, -2.35563636e-01, -2.18789473e-01,
       -4.88475859e-02,  1.24861121e-01, -1.30035058e-01, -1.81997672e-01,
        2.30184287e-01, -2.37805456e-01, -3.58378977e-01, -3.05430759e-02,
       -3.09832931e-01,  2.42270753e-01,  1.79872483e-01, -2.74011463e-01,
       -5.15934490e-02,  1.43853769e-01, -2.38637909e-01,  1.28713295e-01,
        1.23454019e-01, -2.75184393e-01, -1.28515050e-01,  1.23426057e-02,
       -2.85513669e-01,  1.31732047e-01, -2.47152239e-01, -1.15441352e-01,
       -2.47550935e-01, -3.71073075e-02, -1.80560097e-01, -1.97661176e-01,
       -1.52085751e-01,  1.98105425e-01, -1.89050794e-01,  1.97067603e-01,
       -2.17579782e-01,  1.00706071e-01, -3.73934448e-01,  3.45203504e-02,
       -5.70760109e-02,  1.34993032e-01, -3.27172428e-02,  2.01026767e-01,
       -7.37418830e-02,  1.73456907e-01, -2.98413098e-01,  1.72836930e-01,
        6.22792281e-02, -3.81209552e-01, -2.97996044e-01, -2.89266557e-01,
        1.06237046e-01, -3.40866089e-01, -3.71838570e-01, -1.07082047e-01,
        2.33410075e-01, -1.46583887e-03,  4.34928350e-02, -3.76665980e-01,
       -3.08885761e-02,  6.76116720e-02,  3.98670323e-02,  9.03178155e-02,
       -1.84853524e-01, -3.93062592e-01, -2.19227135e-01,  1.22489855e-01,
        7.19635263e-02,  3.97126935e-02,  2.41705880e-01, -2.48233542e-01,
       -3.30085248e-01, -3.73618126e-01, -1.01440761e-03, -5.63831851e-02,
       -3.91476333e-01, -3.27205546e-02, -1.99734181e-01, -2.28948295e-01,
        9.52464789e-02, -1.13927230e-01,  2.49103904e-01, -1.62660703e-01,
       -3.39873284e-01, -3.65168393e-01, -2.35224932e-01, -2.29968026e-01,
       -3.36394727e-01,  1.62930414e-01, -4.13530260e-01, -1.16598129e-01,
       -4.00804818e-01, -3.02902251e-01, -3.06953669e-01, -3.50187421e-01,
       -1.77166566e-01, -3.45557511e-01, -3.47402394e-02, -2.72983848e-03,
        1.80447966e-01, -4.82468344e-02,  8.73637013e-03, -2.45093554e-01,
        8.46344978e-02, -3.24288577e-01,  1.93277434e-01, -1.09723166e-01,
       -3.88479203e-01, -3.74553949e-01,  1.70101538e-01, -3.66085708e-01,
        1.50757795e-02, -3.66685316e-02, -6.27913624e-02,  7.33338669e-03,
       -8.80101770e-02, -2.79358476e-01, -4.46574064e-03,  1.65743515e-01,
        3.24573740e-02,  2.33723462e-01,  1.74476430e-01, -3.15999508e-01,
       -3.03274333e-01, -3.95530969e-01,  1.64320171e-01, -1.37137651e-01,
        2.95133255e-02, -2.93844938e-01, -3.73026162e-01,  1.13605402e-01,
        2.05978006e-01,  1.70330927e-01,  2.51373976e-01,  3.04069787e-01,
        1.38974739e-02, -3.73707741e-01, -1.95348918e-01, -3.86646390e-03,
        1.25939548e-01, -2.19684586e-01,  3.07905346e-01, -2.94605829e-02,
        1.29660875e-01,  7.11863413e-02, -2.44982630e-01,  1.85463160e-01,
        2.22850457e-01, -3.57033134e-01, -3.11107397e-01,  1.71059996e-01,
        2.02406123e-01, -6.71536922e-02, -3.67187500e-01,  9.35308337e-02,
       -4.10048932e-01, -1.89307258e-01, -3.09275687e-01, -1.96232766e-01],
      dtype=float32), 'encoder.2.weight': array([[ 0.73133206,  0.33672366, -1.2875528 , ...,  1.045489  ,
        -0.07460167, -0.02502857],
       [ 0.87087506,  0.66419905, -0.9700526 , ..., -1.2668439 ,
        -0.83664775, -0.36511537],
       [-1.1522298 , -0.12644024, -0.2868494 , ...,  0.13770284,
         0.98004633,  1.0894778 ],
       ...,
       [-1.0655009 , -0.18113868, -0.92370355, ...,  0.8031382 ,
         0.05412507,  0.6764716 ],
       [-0.48528653,  0.12925284,  0.6887265 , ..., -0.6683335 ,
         0.31273934, -0.46758306],
       [ 0.47125936, -1.2015665 , -0.06774075, ..., -0.9597346 ,
         0.49046406,  0.4095557 ]], dtype=float32), 'encoder.2.bias': array([-4.00384933e-01, -3.85235041e-01,  1.92231219e-02, -7.41698980e-01,
       -6.94242716e-01, -8.52685392e-01, -6.32460555e-03, -9.24868882e-01,
       -9.34517384e-01,  1.22234988e+00, -6.16317391e-01, -7.30213046e-01,
        2.33478531e-01,  6.98192060e-01, -2.19345301e-01, -6.51402593e-01,
        8.95272970e-01, -2.37167045e-01,  5.91502964e-01, -7.55035058e-02,
       -1.42493442e-01, -6.78154528e-01,  4.61821780e-02, -8.16124856e-01,
       -2.76673019e-01,  2.45874867e-01,  7.64608920e-01,  5.06390452e-01,
        5.91519594e-01,  5.59543133e-01, -3.93337607e-01,  1.08051789e+00,
        4.42289025e-01, -3.92079830e-01,  2.20398933e-01, -9.79635417e-01,
        2.19012082e-01, -6.92632422e-02, -2.41945028e-01,  6.08596861e-01,
       -1.02739997e-01,  1.06622159e+00,  5.21439970e-01,  7.04691350e-01,
       -1.07653689e+00,  3.71951312e-01, -9.69939351e-01, -3.22549254e-01,
       -8.24962452e-04,  2.55469888e-01,  9.73915830e-02,  8.21758151e-01,
        8.45541582e-02,  4.54955667e-01, -1.02730572e+00,  1.04720807e+00,
        7.74303496e-01,  8.28430533e-01, -2.32828572e-01, -1.59733310e-01,
        1.05218387e+00,  3.57726663e-01, -7.85570264e-01, -3.22881699e-01,
        3.92234355e-01, -6.97314322e-01,  4.56807483e-03,  2.24869534e-01,
       -6.82971478e-01, -6.78138971e-01,  1.13771409e-01,  8.76753747e-01,
       -3.28101307e-01,  6.18577957e-01, -8.04686129e-01, -8.90720010e-01,
       -2.54788548e-01,  2.02997088e-01,  4.63749588e-01, -1.13783336e+00,
        8.12821686e-02, -3.17102939e-01,  3.22709270e-02, -3.74707490e-01,
       -3.78378928e-01,  8.44316185e-01, -4.84694481e-01, -6.64374352e-01,
       -9.12029803e-01,  7.66008079e-01,  5.64733684e-01,  3.78537700e-02,
       -9.28839386e-01, -2.37156466e-01,  7.01852739e-01, -4.22920525e-01,
       -1.06272660e-02,  9.09414589e-02,  9.44961905e-01, -5.41973710e-01,
        4.87707824e-01,  8.86307061e-01, -1.02189672e+00, -4.68498349e-01,
       -1.26617897e+00, -2.17146620e-01,  5.70013583e-01,  1.03274667e+00,
        4.15471196e-01, -5.36707461e-01,  9.44266543e-02, -1.23688877e+00,
       -9.51956153e-01, -1.10456729e+00,  6.52769923e-01,  9.18500483e-01,
       -9.62086916e-01,  2.73097366e-01,  6.67621894e-03, -3.22527617e-01,
        1.33277476e-01, -9.63923872e-01,  8.21444273e-01,  6.94831073e-01,
       -1.24918938e+00, -1.36763215e+00, -9.31711495e-01, -8.47078979e-01,
       -1.82419762e-01,  1.85206756e-01,  2.36060545e-01, -1.30152106e+00,
        7.99553216e-01,  6.18061125e-01,  3.40224713e-01, -3.60393524e-02,
        1.60746098e-01, -7.16986358e-01, -6.83172703e-01,  2.63969123e-01,
        2.05846727e-01,  5.18427432e-01,  4.34592307e-01,  2.65214652e-01,
       -5.10304272e-01,  1.73128739e-01,  1.85461923e-01, -1.55489519e-01,
        8.04105639e-01,  4.10832971e-01,  5.37651956e-01,  6.91961229e-01,
       -3.06061387e-01, -1.20482612e+00, -1.22354722e+00, -1.40945271e-01,
        4.11770880e-01, -7.83533454e-01,  1.05005240e+00, -3.02307636e-01,
        2.05252990e-02, -5.50550640e-01,  7.82654762e-01,  6.62194967e-01,
        3.70396823e-02,  9.80922580e-02, -8.36400509e-01, -4.89667833e-01,
       -1.13591397e+00,  7.44416118e-02,  9.10863698e-01, -1.43134296e-02,
       -6.81202590e-01, -4.96481597e-01, -9.58388597e-02,  3.13287437e-01,
       -5.52560866e-01, -4.31728363e-01, -1.09328814e-01, -2.00248346e-01,
        7.00631022e-01,  4.24702227e-01, -4.56256777e-01,  6.77380204e-01,
       -3.90227027e-02, -2.86806881e-01, -6.21938646e-01,  7.70531535e-01,
        3.59717757e-02, -4.60274011e-01,  5.00191569e-01, -6.62660003e-01,
        5.90085864e-01, -1.18430555e+00, -6.95392728e-01,  7.36975253e-01,
       -2.62541473e-01,  6.79563656e-02, -2.40332499e-01, -1.25981283e+00,
        4.22502697e-01, -9.87420082e-01, -9.03100312e-01,  1.10410607e+00,
        6.22741342e-01, -1.42315817e+00, -2.99978107e-01, -1.66714802e-01,
       -5.85380971e-01,  2.21149877e-01,  4.31947649e-01,  8.81795809e-02,
        1.15316534e+00, -8.57323129e-03, -7.25538954e-02, -1.08836401e+00,
       -1.11932397e+00, -6.44544899e-01,  6.71498001e-01, -2.12579444e-02,
       -3.14517826e-01, -4.72694039e-02, -8.65695179e-01, -1.38946497e+00,
       -6.23567104e-01, -1.45583975e+00,  5.84134698e-01,  8.44695389e-01,
        8.91635418e-01, -3.39749128e-01, -2.66745120e-01,  3.71596009e-01,
       -5.59281766e-01, -1.30226135e+00, -2.40725949e-02,  6.22925103e-01,
        8.36334974e-02,  1.02994576e-01, -2.49133423e-01,  9.29002106e-01,
       -1.27647996e+00, -4.05667812e-01, -1.07334948e+00, -1.18306160e+00,
        2.86379278e-01,  8.34833801e-01,  2.88427532e-01,  1.04233272e-01,
       -1.20900556e-01, -1.29972056e-01,  8.92613649e-01, -5.14711380e-01,
       -6.73077703e-01, -1.61959857e-01, -1.15536880e+00,  5.85164249e-01,
        1.67733133e-02,  4.02749665e-02,  4.32835430e-01, -7.01334774e-01,
        9.23184156e-01, -6.11981690e-01,  4.08380628e-01,  4.59638596e-01,
        1.00744247e+00, -1.49664909e-01,  6.26178443e-01, -4.20680285e-01,
       -6.43099666e-01, -2.32959911e-01,  9.01604474e-01,  7.18499780e-01,
        1.05935127e-01, -9.15128052e-01, -1.74100056e-01,  5.98845303e-01,
       -1.32094800e+00, -5.85991979e-01,  5.61821043e-01,  3.07147592e-01,
        1.02941895e+00,  4.69923556e-01, -7.57551193e-01, -8.04219723e-01,
       -8.31580088e-02,  2.21538261e-01,  6.26270771e-01, -3.37871999e-01,
       -3.72334599e-01,  1.27533367e-02, -1.16443944e+00, -1.93687081e-01,
        9.39983308e-01, -3.11907232e-01, -4.57580805e-01,  5.84452629e-01,
        1.11676955e+00, -2.79796213e-01,  8.65240097e-01, -4.87120271e-01,
        2.68657982e-01,  5.55386484e-01,  4.52412009e-01, -7.04681547e-03,
        5.39135516e-01, -8.45893681e-01, -3.63235891e-01,  1.31051630e-01,
       -2.39594668e-01,  2.53511429e-01, -2.05247089e-01, -6.37201548e-01,
       -6.23278737e-01, -1.23328900e+00,  5.55932701e-01, -9.10811365e-01,
        1.10966647e+00, -4.13395345e-01,  9.16452885e-01, -5.91560721e-01,
       -5.17428696e-01,  1.04399478e+00,  4.69874918e-01,  7.94264898e-02,
       -1.67893291e-01, -1.30622220e+00,  5.94325900e-01, -1.08922684e+00,
       -8.22429478e-01,  1.10026218e-01,  1.11745246e-01,  1.42995048e+00,
       -2.44650364e-01, -7.42949188e-01, -2.24078044e-01, -2.95901299e-01,
        1.12712777e+00, -4.86990027e-02,  1.07860677e-01,  3.47635210e-01,
        6.61839783e-01, -3.99146646e-01, -7.37122297e-01, -7.44425714e-01,
       -8.64015222e-01,  5.59738815e-01, -1.07546651e+00,  1.46382779e-01,
        6.27897978e-01, -1.03238690e+00,  2.36732781e-01, -7.84655631e-01,
        8.56157005e-01,  1.03147650e+00, -2.27070972e-01, -7.25067198e-01,
        1.20751071e+00, -1.38562822e+00, -9.95224833e-01,  5.20444810e-01,
        1.77277073e-01, -3.47591043e-01, -4.58371304e-02, -4.32757139e-01,
       -3.15831155e-01, -7.04681158e-01, -5.79275370e-01,  1.12532222e+00,
       -3.21973950e-01, -2.60421723e-01, -7.24085867e-01,  9.56466973e-01,
        4.03066635e-01, -3.02463956e-02,  9.66839373e-01, -6.07071102e-01,
       -1.16718137e+00,  1.06835282e+00,  8.73045802e-01,  7.00146675e-01,
       -9.26386237e-01, -6.57653630e-01,  1.20638311e+00,  4.10648406e-01,
        2.66626894e-01,  6.19286895e-01,  7.19590843e-01,  4.84150559e-01,
        1.02091002e+00, -8.45505893e-01,  3.89520973e-01,  7.89482355e-01,
       -3.09701622e-01,  5.93542695e-01, -6.36268556e-01, -3.75405610e-01,
       -9.36019063e-01,  6.20911181e-01,  3.72511983e-01, -1.40468314e-01,
        9.84198868e-01,  9.75406706e-01, -4.23044898e-02,  3.48183773e-02,
        8.72830153e-01, -8.89313519e-01,  8.34409654e-01, -9.97522056e-01,
       -1.41180586e-02, -1.36905575e+00,  9.67883587e-01,  8.06101680e-01,
        5.58227837e-01,  1.83604062e-01,  6.60910308e-01, -4.08761740e-01,
        6.62023798e-02, -9.55849826e-01, -4.31567490e-01, -7.08458424e-01,
       -3.18515897e-01,  3.94355118e-01,  7.98261344e-01,  1.07946418e-01,
        9.95040596e-01, -3.85265797e-01,  5.92836142e-01,  5.47020078e-01,
        9.99423981e-01,  5.95676564e-02,  1.00738549e+00,  3.69451284e-01,
       -9.80221093e-01, -8.46649706e-01, -1.29021168e+00,  8.78739476e-01,
       -4.90322173e-01, -1.17643964e+00, -1.07761256e-01,  1.94681078e-01,
       -1.26973534e+00, -4.62393254e-01, -1.88948840e-01, -1.27023196e+00,
        1.89637137e-03,  2.04209596e-01, -4.64641124e-01, -3.41914326e-01,
       -8.46537173e-01, -1.20451713e+00, -9.23168302e-01, -3.05560738e-01,
       -1.16181231e+00, -4.66996074e-01, -8.33483398e-01, -2.62522727e-01,
       -1.00240362e+00, -1.22570372e+00,  7.53070176e-01, -1.14597011e+00,
        2.59089947e-01, -3.90309930e-01,  8.22129011e-01,  4.89015490e-01,
        7.40319669e-01, -2.30879441e-01, -2.47712001e-01, -1.12111914e+00,
       -1.02311897e+00,  1.06945443e+00,  4.98236924e-01, -6.13091409e-01,
        5.71150005e-01, -1.12592995e-01,  9.25946295e-01,  4.49273251e-02,
        4.20086920e-01,  5.97141564e-01, -2.45559007e-01, -3.78736913e-01,
        4.02010053e-01, -7.04362869e-01, -9.02567029e-01,  8.84512186e-01,
       -5.34467399e-01,  4.01837789e-02, -7.90782750e-01, -1.04973710e+00,
       -4.37479645e-01,  6.68573022e-01, -1.05412304e+00,  7.48798490e-01,
        4.19565201e-01,  7.19820678e-01,  1.50983170e-01,  3.95767510e-01,
       -1.62982911e-01, -7.51507401e-01, -3.86860996e-01, -4.14870620e-01],
      dtype=float32), 'encoder.4.weight': array([[-1.33016217e+00, -1.19991899e+00, -9.42104220e-01, ...,
        -6.68124855e-01,  3.70946169e-01,  1.38416067e-01],
       [ 9.03464139e-01, -2.35069066e-01, -2.66810745e-01, ...,
         5.57659715e-02, -2.65787482e-01, -6.19148195e-01],
       [-1.24718875e-01,  5.07757425e-01,  9.86258388e-01, ...,
         5.00661433e-01, -5.99935353e-01, -7.96454608e-01],
       ...,
       [ 9.50505317e-04, -2.21525818e-01,  1.59924805e-01, ...,
        -7.93888807e-01,  1.81065351e-01,  1.05431569e+00],
       [ 8.14399600e-01, -7.91666567e-01, -1.03434956e+00, ...,
         4.04667825e-01,  4.83724684e-01, -7.38917813e-02],
       [-1.31584728e+00, -8.76815379e-01, -1.40360624e-01, ...,
        -9.79932427e-01, -6.46789253e-01,  3.57628405e-01]], dtype=float32), 'encoder.4.bias': array([-0.19764605,  0.75280124, -0.7532741 , ...,  0.17902514,
       -1.2854924 ,  0.699734  ], dtype=float32), 'encoder.6.weight': array([[-0.14843215, -0.5475333 , -0.28745046, ...,  0.08629545,
        -0.43690097,  0.34245858],
       [-0.07769476, -0.4300481 , -0.5390586 , ..., -0.06738158,
         0.5410161 , -0.31856608],
       [-0.205935  ,  0.30170602, -0.22393484, ...,  0.14261639,
        -0.582181  , -0.08519023],
       ...,
       [ 0.09519178,  0.7311969 , -0.15797785, ..., -0.37969506,
         0.30277076,  0.19916241],
       [-0.44881347,  0.08519818,  0.24136482, ..., -0.26271662,
         0.4034099 , -0.41691235],
       [ 0.59710497, -0.35079038, -0.3557311 , ..., -0.21021263,
         0.29328415,  0.39929035]], dtype=float32), 'encoder.6.bias': array([ 0.07586598,  0.37176704,  0.284453  ,  0.28406665, -0.05362481,
       -0.37715733,  0.29162785, -0.10510851,  0.09549383, -0.3783707 ],
      dtype=float32), 'decoder.0.weight': array([[ 6.5303793 ,  2.801713  ,  5.882825  , ...,  4.5708365 ,
        -7.778905  ,  2.0756135 ],
       [ 1.0636672 ,  8.177822  ,  6.3288164 , ...,  0.37214163,
        -3.138662  , -4.340383  ],
       [-3.0397456 , -0.19946839,  5.11391   , ..., -5.590063  ,
        -0.48111656,  2.9465253 ],
       ...,
       [ 5.6746016 ,  4.760325  , -3.6246066 , ..., -0.5729863 ,
        -4.7684827 ,  3.604023  ],
       [-4.931139  , -2.6798809 ,  1.204568  , ...,  5.5692177 ,
         1.06865   ,  4.4971747 ],
       [-2.098853  ,  5.1188607 , -3.146478  , ..., -1.2344397 ,
         2.8375757 , -5.072678  ]], dtype=float32), 'decoder.0.bias': array([ 2.359986 ,  6.270942 , -6.803882 , ..., -3.7270722,  3.3489926,
        3.5049345], dtype=float32), 'decoder.2.weight': array([[-0.57679015, -0.27806383, -0.5539126 , ...,  0.46411324,
         0.36789653,  0.45373687],
       [-0.7111181 , -0.5063769 ,  0.42087656, ...,  0.43910062,
         0.02289308,  0.32786316],
       [ 0.3924373 ,  0.4382211 , -0.00550533, ..., -0.4556367 ,
        -0.01784101,  0.3010279 ],
       ...,
       [-0.41961342,  0.424964  ,  0.27331495, ..., -0.05972049,
         0.40160426, -0.37553245],
       [-0.4146892 ,  0.49315882,  0.02494315, ...,  0.32165772,
        -0.04759805, -0.3205416 ],
       [ 0.41284144, -0.40365595, -0.07898737, ..., -0.11695497,
        -0.65918505,  0.26397383]], dtype=float32), 'decoder.2.bias': array([ 2.61011422e-01,  4.79393676e-02,  4.97111380e-02, -6.93396866e-01,
        5.05016446e-01,  1.06520027e-01, -3.38718295e-02, -4.82520819e-01,
       -2.79601485e-01, -2.62253344e-01, -1.37374490e-01, -1.38772920e-01,
       -4.36767116e-02,  2.16092169e-01,  2.36783884e-02, -7.25788772e-02,
        2.13674322e-01, -1.99840844e-01, -2.73048788e-01, -5.87103724e-01,
       -5.54364443e-01, -4.03791755e-01, -1.97398826e-01, -1.29544601e-01,
       -1.70811623e-01,  2.20378608e-01,  4.99335468e-01, -6.98052526e-01,
       -5.31445682e-01, -7.81871200e-01,  1.23764865e-01, -5.82146943e-01,
       -3.02911133e-01, -5.49656570e-01, -6.61633134e-01, -5.87972283e-01,
        5.63266397e-01, -7.14066446e-01, -6.75864339e-01, -6.56411750e-04,
        7.11904187e-03,  3.51267368e-01,  1.65681049e-01, -4.75683093e-01,
       -7.45805576e-02, -6.38214946e-01, -4.42413911e-02,  1.17810965e-01,
        6.50393292e-02, -6.12973832e-02,  2.66806930e-01, -6.31871343e-01,
        4.07033533e-01,  5.70480645e-01,  6.28317147e-02,  2.38287747e-01,
       -3.71988505e-01, -2.92787492e-01, -3.73102091e-02, -2.23974124e-01,
       -6.39652073e-01,  2.06833720e-01, -1.05686165e-01,  3.17134678e-01,
        2.61271987e-02,  9.07546431e-02, -5.74122190e-01, -2.66947225e-02,
        3.56977850e-01,  3.88357550e-01, -6.07994378e-01, -5.43296710e-02,
       -2.35069901e-01, -1.63280308e-01,  1.80169672e-01, -4.12088215e-01,
        1.93964899e-01,  5.70936143e-01,  4.74680483e-01, -4.53081548e-01,
       -1.17012173e-01,  3.13732624e-01,  5.15343487e-01, -2.33883604e-01,
        5.50367713e-01,  5.00178277e-01, -2.84822911e-01, -2.56618172e-01,
        2.86090851e-01, -1.69511765e-01,  1.42089605e-01, -5.29825866e-01,
       -2.95134753e-01,  4.50881422e-01,  3.54369521e-01,  3.84341359e-01,
        3.64688784e-01,  3.99991512e-01, -3.95425469e-01,  4.51708622e-02,
       -1.00247227e-01,  4.41792101e-01,  2.18555212e-01, -2.52070814e-01,
       -1.18128017e-01, -3.95224132e-02,  2.20289171e-01,  3.68470550e-01,
        4.73566234e-01,  3.97217572e-01,  4.13453728e-01, -4.23774093e-01,
        3.49008620e-01,  1.22251108e-01, -4.17536497e-01, -9.80413780e-02,
       -3.06185603e-01,  4.28885013e-01,  3.04066360e-01, -4.07895565e-01,
       -4.75813627e-01, -4.80840206e-01, -4.77290630e-01,  3.39607120e-01,
       -6.21568084e-01, -1.72827631e-01,  4.17722344e-01,  3.16181630e-02,
       -1.90889016e-01,  1.47261798e-01, -1.29484534e-01, -2.22632006e-01,
       -6.01959080e-02, -5.97043514e-01,  2.41882280e-01, -4.65322971e-01,
        4.03186865e-02, -2.38895774e-01, -2.75160134e-01,  1.92237496e-01,
        1.10369414e-01, -4.69495088e-01,  2.12672442e-01,  5.29715955e-01,
        5.28531611e-01, -6.64884001e-02, -5.08863807e-01, -4.96813208e-01,
       -1.59048527e-01, -4.28504169e-01, -2.68916879e-03,  3.15584727e-02,
        4.42642987e-01,  5.29568434e-01, -1.91220433e-01,  1.70237809e-01,
        1.03843622e-01, -2.45766267e-01,  4.62273180e-01,  4.80071381e-02,
       -4.02932793e-01, -2.10260212e-01, -3.37230898e-02, -2.97773421e-01,
        3.86505783e-01,  1.62086740e-01,  2.55333453e-01,  4.85476464e-01,
       -1.01502843e-01, -4.75647628e-01, -7.07914680e-02, -3.53382081e-02,
        4.21829283e-01, -1.63710132e-01,  1.71514004e-01, -5.18864617e-02,
        2.65917927e-01, -1.55381784e-01,  3.03202271e-01,  2.25130901e-01,
        3.62205684e-01,  3.81480664e-01,  3.31237353e-02,  3.81613493e-01,
       -2.95823365e-01,  1.53358191e-01,  3.50069374e-01, -1.45115867e-01,
        1.83080763e-01,  3.69904160e-01, -6.22289479e-01, -1.67050079e-01,
        3.20462108e-01,  4.40916091e-01,  3.00068349e-01,  2.10490286e-01,
        3.33383620e-01,  4.34107244e-01, -6.51882827e-01,  2.79439479e-01,
        1.52477324e-01, -4.89432126e-01,  2.14493513e-01,  5.50926208e-01,
        1.46550938e-01,  4.26896214e-01,  2.63922364e-01, -1.42146826e-01,
        4.99251038e-02,  1.52435958e-01, -7.29864955e-01, -2.84925759e-01,
       -4.89894301e-01, -5.54497242e-01,  3.93382967e-01,  1.25577018e-01,
       -4.82023865e-01, -4.63424027e-01, -4.04949039e-01,  5.15516698e-01,
       -5.39693475e-01, -3.89618367e-01,  3.05265546e-01, -6.58617914e-01,
        5.94314374e-02,  4.88298908e-02, -1.04587823e-01, -1.28199741e-01,
        1.59915704e-02, -1.09519109e-01, -2.18388200e-01,  3.67911726e-01,
        6.89611882e-02,  3.33088674e-02, -7.63098836e-01, -6.36691272e-01,
        2.03289926e-01,  2.42974497e-02,  5.04200578e-01, -4.28926706e-01,
       -3.15345824e-01, -6.16089702e-01,  2.48368196e-02, -5.22632360e-01,
        4.13586468e-01, -3.76092672e-01,  4.65565950e-01,  1.67778298e-01,
        4.08200085e-01, -2.37686738e-01, -4.70670938e-01,  6.47875071e-02,
        5.77949025e-02,  2.99726993e-01,  1.85901493e-01, -2.53704339e-01,
        5.36486566e-01,  3.13215464e-01, -2.67905056e-01, -9.51251984e-02,
        1.18092574e-01, -5.38060486e-01,  1.07490584e-01,  2.05073476e-01,
       -5.19571602e-02, -3.12712938e-01, -2.09830150e-01, -6.38130009e-01,
        4.02304828e-01,  1.82026953e-01,  2.00717747e-01, -3.49173784e-01,
        5.81481934e-01, -6.99430585e-01, -3.28806579e-01, -2.27371350e-01,
        2.03429401e-01, -1.93021037e-02, -2.05812812e-01,  4.81394827e-01,
        1.56237677e-01, -6.61029398e-01, -5.65173984e-01,  2.87596703e-01,
        6.11342229e-02, -5.49557060e-02, -2.45297760e-01, -5.66165209e-01,
        6.05369270e-01, -3.55640382e-01,  4.46300328e-01,  4.17012163e-02,
       -2.84460366e-01,  9.56401899e-02,  4.86630686e-02, -4.44603652e-01,
       -8.89933482e-02,  4.99778420e-01,  3.83154936e-02, -4.48438168e-01,
       -4.33998466e-01, -4.47719187e-01, -7.34820902e-01,  4.16984081e-01,
        2.84205645e-01, -5.38748562e-01, -1.45670533e-01, -2.05412999e-01,
       -6.27725482e-01,  3.22718889e-01, -1.04424227e-02, -6.89915475e-03,
       -2.84628212e-01, -6.24798417e-01, -2.34482154e-01,  2.59494990e-01,
        4.09828454e-01,  1.90151870e-01, -6.54814363e-01, -6.11138344e-01,
        6.92924112e-02, -6.07724667e-01, -2.80385353e-02,  2.60536790e-01,
       -3.22291017e-01, -7.29095712e-02, -7.57764131e-02, -2.64952600e-01,
        2.50950754e-01,  2.18261391e-01, -7.30192482e-01, -9.27764028e-02,
        3.92962210e-02,  1.84375823e-01,  6.24621749e-01,  5.90434670e-02,
       -6.51240051e-01, -2.33108684e-01,  1.26071423e-01, -1.46488100e-01,
        5.71271122e-01,  4.44913983e-01, -2.77865857e-01,  5.01004159e-01,
       -6.17124319e-01, -7.10254490e-01, -5.00191040e-02, -3.14082354e-02,
        6.24142110e-01,  3.42754722e-01,  3.27738822e-02, -5.26085079e-01,
       -2.39065945e-01,  4.59335864e-01,  7.21125072e-03,  5.13065577e-01,
       -3.80617559e-01,  1.43911332e-01,  1.78847373e-01, -2.59838045e-01,
        2.77312458e-01,  3.48401994e-01, -3.24953377e-01, -9.89304930e-02,
       -8.61346573e-02,  5.41129529e-01,  1.04811005e-01, -4.44400519e-01,
        4.75058168e-01, -5.42319715e-01, -5.76842546e-01,  2.66296208e-01,
        5.90846837e-01, -6.26993403e-02,  2.65576988e-01,  4.87190425e-01,
        1.55755311e-01,  1.48012182e-02,  2.86333025e-01,  4.01393682e-01,
       -4.12318975e-01, -2.11857572e-01,  4.38837826e-01,  3.63926828e-01,
       -3.15834284e-01, -5.54779470e-01, -2.76764303e-01, -3.32286268e-01,
       -3.61096323e-01,  2.66048133e-01,  4.83473420e-01, -2.69802451e-01,
       -5.41337468e-02, -6.61323190e-01, -4.93106246e-01, -5.56338191e-01,
       -6.88633084e-01, -5.22232354e-01, -3.27344894e-01, -5.40902495e-01,
        4.47977304e-01, -5.46794355e-01,  4.86208797e-01,  4.72573757e-01,
       -2.44442135e-01, -1.94681972e-01, -2.32930511e-01,  3.64604503e-01,
       -9.26578194e-02, -5.38953602e-01,  4.34152305e-01,  3.81409936e-02,
       -8.21189284e-01, -2.80366857e-02, -1.13287158e-01, -2.69119799e-01,
        3.62234950e-01,  5.65172255e-01,  1.30783379e-01,  3.17359447e-01,
       -1.52623817e-01, -2.29917273e-01, -4.05764163e-01,  6.38883859e-02,
        3.35800380e-01,  3.65131557e-01,  1.18327253e-01,  5.58785737e-01,
        3.23261559e-01, -1.09709017e-01, -4.85024489e-02,  2.80442506e-01,
       -7.25751936e-01,  7.19285235e-02,  1.30955413e-01,  2.55693436e-01,
        4.87827696e-02,  3.27086508e-01, -4.51647341e-01, -4.05272096e-02,
        1.45038545e-01, -6.42100275e-02, -7.37600923e-02,  4.63015199e-01,
        1.22760482e-01, -4.32077706e-01,  3.78950745e-01, -1.16982788e-01,
       -1.77467480e-01, -4.07353163e-01,  5.14843524e-01,  5.03828764e-01,
       -3.23968709e-01,  7.16263875e-02,  4.61167544e-01, -5.82433820e-01,
        3.44994992e-01, -6.19919738e-03,  2.78762151e-02,  5.07124603e-01,
       -7.47612119e-02, -5.43718159e-01, -5.49083650e-01,  1.13176210e-02,
       -1.35522306e-01, -4.96575236e-01, -5.59906602e-01,  3.40847343e-01,
        2.48524919e-01,  6.75506592e-02, -2.74910107e-02,  3.01015377e-01,
        3.69785577e-01,  3.57681900e-01,  8.14428404e-02, -6.87809467e-01,
       -4.79810797e-02,  5.13702706e-02,  6.09175205e-01, -1.82083890e-01,
        9.03892815e-02, -4.27300751e-01,  1.15911014e-01,  2.71845758e-02,
        3.79775137e-01,  4.64884818e-01, -6.38858438e-01, -4.04506922e-01,
       -1.31339908e-01, -9.09588635e-02, -6.55114710e-01, -3.86408627e-01,
        3.02642077e-01, -4.93490361e-02, -1.83836862e-01,  4.38755274e-01,
       -4.98771369e-01, -2.53009468e-01,  4.58273292e-01, -1.77472159e-01],
      dtype=float32), 'decoder.4.weight': array([[ 1.0815715 ,  0.5359551 , -0.8282023 , ...,  0.18536822,
         0.70502913,  0.7651485 ],
       [-0.31173515,  1.240555  , -0.3600195 , ..., -0.2960509 ,
         0.86011827, -0.19933854],
       [-0.12232315, -0.9772063 ,  0.22290748, ...,  0.98040015,
        -0.6295742 ,  0.15792638],
       ...,
       [ 0.7427204 , -1.0985191 , -0.7467016 , ...,  0.16443059,
         0.9547425 , -0.69334906],
       [ 0.7470184 , -1.3158383 ,  0.71848726, ..., -0.76428187,
         0.21102755,  0.5799047 ],
       [-0.95744616, -0.35663778, -0.43620777, ...,  0.04645037,
        -0.61375964,  0.44559976]], dtype=float32), 'decoder.4.bias': array([-0.77494305,  0.7795758 ,  0.66668236, -1.183851  ,  0.77981454,
       -0.2948881 , -0.26322588,  0.08205302, -0.15200187, -0.7246052 ,
       -1.2733504 , -0.4009443 , -0.8341725 ,  0.94961244, -0.8538086 ,
       -1.3416452 ,  0.13315673, -1.1950521 ,  0.50210035, -0.9293758 ,
        0.89468044,  0.35726783,  0.52238196, -1.52821   , -0.7304417 ,
       -0.7093497 ,  0.31845352,  0.8240105 , -1.3916576 ,  1.0722244 ,
       -1.2153265 ,  0.6771197 ,  0.252322  ,  0.7115584 ,  0.1955028 ,
        0.0933385 ,  0.38032237, -0.21748984,  0.48718837, -0.0364476 ,
       -0.70280737,  0.3804488 , -0.7595452 , -0.3270384 , -0.8484928 ,
       -0.9456909 ,  0.33001015, -0.21944745,  0.19387671, -0.08939763,
       -0.6222136 , -0.48847127,  0.25642064,  1.0822502 , -1.4784467 ,
        0.25849715, -0.80656403, -0.5517507 , -1.3271544 , -0.83678305,
       -0.8069442 ,  0.6318475 , -0.10164632,  0.28269485, -0.83817583,
       -0.69992435, -0.56897587,  0.15275702,  0.83138466,  0.39210123,
       -0.5882439 ,  1.0528526 , -0.8736828 , -0.05187778, -1.4897447 ,
        0.4938434 , -0.04902969, -0.34773752, -0.860018  , -0.5467882 ,
        0.29456434,  0.7384885 , -0.9276663 , -0.23408924,  0.09486055,
       -1.186066  , -0.17011315,  0.7470771 ,  1.2094945 , -1.11005   ,
        0.42104423,  0.434798  ,  0.5218267 , -0.23658662, -0.8601605 ,
        0.58795977,  0.57134014, -0.548881  , -0.96933436,  0.42623648,
       -0.84402776,  0.74388844, -0.526815  , -1.2324656 , -1.1267455 ,
        0.19911249, -0.09642246, -0.95918024, -0.50321907, -1.2021692 ,
       -0.75587   , -0.9093641 , -0.5621763 ,  0.32237443, -0.8511364 ,
        1.212522  ,  0.72465914,  0.5170029 ,  0.86213434, -0.9626187 ,
        0.4097195 , -0.08588985, -1.3867817 ,  1.341992  ,  0.0647786 ,
       -0.9516337 , -0.90182287,  0.6001837 , -1.1380689 ,  1.2373893 ,
       -0.08166134, -0.27145234, -0.88858074,  0.07356881, -1.2697909 ,
        0.35916477,  0.85597306, -1.1703897 ,  0.86440897, -1.0742733 ,
        0.23636004, -1.3353429 , -0.14847347, -0.77313715,  0.47333974,
        0.31607512, -0.4862265 , -0.16454238,  0.64423263, -0.03413582,
        0.55937415,  0.06757527, -1.1178238 , -0.18788345, -1.1054796 ,
        1.1002297 , -0.09851689,  0.89587617,  0.8152093 , -0.7344508 ,
       -0.6540569 , -0.14273137,  0.01898729, -1.101337  , -1.2883413 ,
       -1.029225  , -0.63546103, -0.894799  ,  0.2473346 ,  0.70890486,
        0.76856756, -0.6175598 ,  1.1279427 ,  0.53271466,  0.44523886,
        0.275972  , -1.2347792 ,  0.28936893, -0.03563032, -0.11845122,
       -1.1808797 , -1.219965  , -0.9959502 , -0.5913175 ,  0.66472375,
       -0.0607582 ,  0.4437866 , -0.2826625 , -0.22881328, -1.1253526 ,
        0.71068907, -0.11892634, -1.4073309 ,  0.3942887 ,  0.7858262 ,
        0.6005662 ,  0.00468154, -1.3339322 , -0.74612737,  0.37615338,
        0.6392841 , -0.49072105, -0.42533204,  0.5981701 ,  1.1767851 ,
        0.9478981 ,  0.17115007,  0.4845868 , -0.49347803,  0.32947567,
        0.35300598, -0.00687571,  0.93335044,  0.06124509, -0.84156793,
        0.1920727 ,  1.274236  ,  0.494279  , -1.210827  ,  0.882196  ,
        0.8757812 ,  0.6111747 , -0.14732467,  0.54733086, -0.4867892 ,
        0.15625453, -1.1010729 ,  0.64164543, -0.6756855 , -0.22130048,
       -0.21815303,  0.7030707 , -0.71104777,  0.5747509 , -1.3530662 ,
       -0.52673334, -0.29313877,  0.5783052 ,  0.32809573, -0.666272  ,
       -0.56640506,  0.06992617, -0.00533028,  0.06071462,  0.7573709 ,
       -0.98205686,  0.4755849 ,  0.6659548 , -1.4626787 , -0.3881769 ,
        0.1663956 ,  0.62944055, -0.9314524 , -1.1002996 ,  0.81001043,
       -0.5341863 ,  0.36739028, -0.26007771,  0.58823156, -0.7680661 ,
       -1.0547237 , -1.1232984 , -0.4667543 ,  0.6202464 , -1.4082383 ,
       -0.3839014 , -0.54302096, -0.8870717 , -0.5251783 , -0.30970615,
       -0.5125347 , -0.47726533, -1.4674399 ,  0.49200687,  0.67771614,
       -0.45891434, -0.5724786 , -0.58650553,  1.1718699 ,  0.11267608,
       -0.69109595, -0.28532174,  1.1205438 , -0.57558274,  0.7524314 ,
       -1.1317663 ,  0.23906945,  0.7066989 ,  0.0589155 ,  0.7594296 ,
       -0.2948873 ,  0.36075824, -0.5609814 ,  0.70066583, -1.0640383 ,
        1.1876487 ,  0.24748355, -1.2611675 ,  0.27060238, -0.40182397,
       -0.7225881 , -1.0454601 ,  0.5144103 , -0.43202633, -0.07450018,
       -1.3248742 , -1.2432437 , -0.58530676,  0.22157735,  0.4917784 ,
       -0.29238358,  1.2086105 ,  0.54501355, -0.27366966,  0.69075406,
        0.05188102,  1.0342145 , -0.83404875, -1.4164351 ,  0.23733665,
        0.47444963, -1.0162283 , -0.03912274, -1.0932407 , -0.13037749,
       -1.4379796 , -0.5311132 ,  0.11580414, -0.8224612 , -0.19014607,
       -0.05746352,  0.28342578,  0.4336901 , -0.08451141,  0.7382271 ,
       -0.72522014, -0.86939186, -1.0534344 , -1.0206217 , -0.93271106,
       -0.56956047, -0.2006948 ,  1.3137666 ,  0.3752232 ,  0.5570098 ,
        0.03387091,  0.225136  , -0.9559906 ,  0.40480718, -0.15950051,
       -0.9828744 , -0.23437053, -0.604555  ,  0.6202118 , -0.7196943 ,
       -1.1401076 , -0.91061884,  0.23941067,  0.29420945, -1.1100495 ,
       -0.26532638, -0.12099542, -0.9611226 , -1.478328  ,  0.34393844,
        1.1923349 ,  0.904153  ,  0.29122964, -1.02859   ,  0.5845619 ,
       -0.378278  , -0.03913688,  0.7392258 ,  0.08888783, -0.45361894,
       -0.28114665,  0.94227755,  0.35203695, -0.0758403 ,  1.115338  ,
       -1.7741853 ,  0.3869134 , -0.71860915, -0.11436182,  0.23949386,
        1.1334466 , -0.40432954, -0.34187078, -0.51830417,  1.1229115 ,
       -0.94173294,  0.9063278 ,  0.51900154, -0.863596  , -0.4688269 ,
       -0.11959091,  1.0371858 , -1.0741727 , -0.22423716, -0.47111055,
        0.83058   ,  0.02717467, -0.9997751 , -1.1594149 ,  0.63197523,
        0.19961253, -0.90925765, -0.900141  ,  0.06990054,  0.87470466,
        0.34953204, -1.2589058 ,  0.17903166, -1.4928315 ,  0.20409259,
        0.53483206, -0.21715777, -0.9291294 ,  0.8875027 , -1.2485205 ,
       -0.42958772,  0.19995318,  0.6577722 , -0.78182507, -0.4908853 ,
        0.22767383, -0.4493579 , -1.5083833 , -1.4345422 , -0.0943163 ,
        0.9485621 ,  0.38014483, -0.6389076 , -1.2438974 , -0.54692656,
        1.0102395 , -0.19232967, -1.3808384 ,  0.11005611, -1.1296655 ,
       -0.391001  ,  0.4832752 ,  0.67008346,  0.24791196,  0.8363776 ,
        0.7384457 ,  0.63306564, -1.2843341 ,  0.19288321, -0.9380641 ,
        0.24213444, -1.233426  , -0.44874525, -0.27895546,  0.33070016,
        0.10957909,  0.92926353, -0.7289751 ,  0.68774796,  0.92936534,
       -0.7162561 , -0.6975293 , -1.1359174 ,  0.57466847,  0.12332565,
        0.59685314,  1.1895372 , -0.9197199 ,  0.751342  , -1.2290039 ,
        0.77254725, -0.3600335 , -0.18907051,  0.61980003, -0.88537675,
        0.08359775, -0.85804   ,  0.4922067 , -0.51288176,  0.25226307,
       -1.1537794 , -0.02130315,  0.14493458, -1.1149153 , -1.0630002 ,
       -0.56313235, -0.91779083,  1.1336558 , -0.21991202, -1.1259601 ,
       -1.3952854 , -1.2224183 , -0.9179392 , -0.5668605 , -1.3144807 ,
       -0.7840389 ,  0.22414269, -1.356006  ,  0.97826153,  0.13795556],
      dtype=float32), 'decoder.6.weight': array([[-0.5861566 ,  1.9314361 , -0.03506459, ...,  1.5153971 ,
        -1.1855515 ,  1.6675681 ],
       [-0.21491542, -0.42065543,  0.36565754, ..., -0.8932415 ,
         0.2796435 ,  0.49546617],
       [-0.7477643 ,  0.78816223, -1.1747936 , ...,  0.9860455 ,
        -0.02482998, -0.03934692],
       ...,
       [-0.49938738,  0.4586929 ,  0.838881  , ..., -1.2983595 ,
        -0.0080585 , -0.837146  ],
       [-1.1662632 , -0.21498944, -1.0009112 , ..., -0.1182852 ,
         0.80935484, -0.18973038],
       [ 0.8723602 ,  0.98963845, -0.02322051, ..., -0.5777868 ,
         0.3316061 , -0.5335198 ]], dtype=float32), 'decoder.6.bias': array([ 0.258856  , -0.06142307, -1.3268307 , ..., -1.0975401 ,
        0.06530439, -0.2996717 ], dtype=float32)}
[Time: 12.01.25 12:14:17] [Level: info] [State: aggregate] {'encoder.0.weight': array([[-0.85898805,  0.77507997,  0.45218515, ..., -0.44840118,
         0.41719145, -0.64085764],
       [-0.14065775, -0.89463246, -0.5385512 , ...,  0.18839431,
        -1.0951025 , -0.23141411],
       [ 1.4255915 , -0.8969314 ,  0.26951072, ..., -0.7366186 ,
        -0.41555828, -0.32094294],
       ...,
       [-0.35967416,  0.376972  ,  1.1310236 , ...,  0.96718293,
        -0.518252  , -0.12678093],
       [ 0.30484542,  0.20543721,  0.18198478, ...,  0.23177743,
        -1.0505236 ,  0.04326617],
       [-1.0180241 , -0.55756986, -0.6628443 , ..., -0.31697118,
         0.2674384 ,  0.11523753]], dtype=float32), 'encoder.0.bias': array([-0.32084835, -0.31032142,  0.2586183 , -0.44491443, -1.2020564 ,
        0.5196675 , -0.2000332 , -0.7686105 , -0.80469   ,  0.48079038,
       -0.12513453, -1.0277356 ,  0.21333818, -0.7523336 , -0.2840793 ,
        0.05911263, -0.580941  , -0.1957049 , -0.96782595, -0.97699785,
       -1.2581038 ,  0.42812747, -0.7771319 ,  0.30840027,  0.15814734,
        0.6371687 ,  0.49974638,  0.86694086,  0.309169  , -0.56472886,
       -0.75126696,  0.4970628 , -0.32676643, -0.89439136,  0.00164149,
        0.8823674 , -0.09452559, -0.01644925, -0.06746604, -0.0915921 ,
        0.5267921 , -0.60438186, -0.1032111 ,  0.8090652 , -0.4685978 ,
       -1.1945302 , -0.34886137, -0.5733373 ,  0.73184574, -0.7813343 ,
       -0.6812613 , -0.23372379,  0.06662059, -0.8389896 ,  0.17446755,
       -0.11559765, -0.02381085, -0.38713205, -0.79715014, -1.0810976 ,
        0.12506036,  0.33565673, -0.9672696 ,  0.6508452 , -0.09816207,
        0.84450996, -0.80020714, -1.1671344 , -1.3436843 ,  0.25363302,
        0.8695616 , -0.8202295 , -0.3704715 , -0.88988334, -0.77532804,
       -0.04195631, -0.9493555 ,  0.64379287, -1.1097543 ,  0.14849478,
        0.8437948 ,  0.70947665, -0.787569  ,  0.6031409 , -0.68718916,
       -0.22106478, -0.51994276,  0.31788477,  0.24759032, -0.6854211 ,
       -0.51587564,  0.30740902,  0.698422  , -0.8435563 , -0.62364197,
        0.13256246, -0.39405376, -0.95916533,  0.27332538, -0.7517975 ,
        0.49921083, -1.0200701 , -0.8454465 , -0.04184944, -0.6638081 ,
       -0.08650503,  0.14151148,  0.5467065 ,  0.37333307,  0.84566987,
       -0.5276031 , -0.1525849 , -0.2835973 ,  0.00150508, -0.4748597 ,
        0.7472855 , -0.49881127, -0.34131873, -0.6130746 ,  0.7803055 ,
        0.1691266 , -1.0769048 , -0.902727  , -0.04396553, -0.15907046,
       -0.48806298, -0.44355434, -0.20197019, -0.6703777 ,  0.70428514,
        0.7908053 , -1.0024863 ,  0.00816697,  0.81927687,  0.6016144 ,
        0.02237551, -0.17506817, -0.12127325, -0.02243732, -0.5426626 ,
        0.67759633, -1.1422879 , -0.32393268, -0.47324544, -0.0389003 ,
        0.78581405, -0.06287422, -0.4129694 , -0.19683954, -0.6736219 ,
       -0.42906314,  0.66675293, -0.5121182 , -0.03147617, -0.46906757,
       -0.36161965,  0.76936394,  0.5718678 , -0.4640491 , -1.2312105 ,
       -0.48047757, -0.01271233, -0.755384  ,  0.6276369 , -0.75488955,
       -1.1306953 ,  0.70713913,  0.64818394,  0.6940916 , -0.4011494 ,
       -1.1643654 , -0.729671  ,  0.02437655, -0.7069646 ,  0.7489587 ,
        0.48997426,  0.5346456 , -1.0228765 , -1.1516087 ,  0.93163455,
       -0.7363342 , -0.56328106, -0.98193645,  0.3893221 ,  0.48090482,
       -1.0121156 ,  0.57992226, -0.7135563 , -0.9586981 ,  0.61289924,
       -0.8444244 , -0.3576529 , -0.75665   , -1.1506582 ,  0.9384631 ,
        0.81635594, -0.17563266, -0.1010562 , -0.31048986, -0.5722894 ,
       -1.0604665 ,  0.1380007 , -0.8492266 ,  0.6018833 ,  0.06342921,
        0.6528553 , -0.95417404,  0.77761424, -0.16045777,  0.17621408,
       -0.52295053, -0.8883214 , -0.9509759 ,  0.42409563, -0.705317  ,
        0.18112798,  0.432286  , -0.01591823, -0.7660745 ,  0.1640621 ,
       -0.7067387 , -0.15731013,  0.6374924 ,  0.07613345, -0.76126325,
       -1.4861023 , -1.247277  ,  0.7636974 ,  0.00955966, -0.9095112 ,
       -0.09769072,  0.46933416, -0.47211328,  0.10271678,  0.17707825,
       -0.01613707, -1.174393  , -0.39932883,  0.03659749, -0.02109029,
        1.1239963 ,  0.5496409 , -0.5448383 , -0.12906009, -0.07548971,
       -0.06744792,  0.22954625, -0.47750384, -0.69789267, -1.0194409 ,
        0.4476877 , -1.0997866 , -0.5686738 , -0.24937046, -0.07360125,
        0.33375925, -0.44538444,  0.6607549 , -0.8463394 ,  0.44279873,
        0.7537106 , -0.55006343,  0.201834  , -0.93074906, -1.0230768 ,
        0.5821176 ,  0.05252126, -0.7389154 ,  0.3120473 , -0.18821985,
        0.610832  , -0.74908185,  0.31057662, -1.1902536 , -0.9425191 ,
        0.18005393,  0.01300434,  0.06691153, -0.6544597 ,  0.31572446,
       -1.1252894 ,  0.2471078 , -0.80660784, -0.870867  ,  0.35220417,
       -0.47630942,  0.1673436 , -0.7635255 , -0.37086612, -0.78284556,
       -0.07118292,  0.41904902, -0.9019164 , -0.40964666,  0.6804091 ,
       -1.1896212 , -1.2512817 , -0.67535436, -1.1071167 ,  0.8025415 ,
       -0.59709096,  0.52920604, -0.0301795 , -0.47302574, -1.0579332 ,
        0.02575492, -1.203647  , -0.63061666, -0.88135445,  0.1760638 ,
        0.7584628 ,  0.3267798 , -0.0188932 , -0.967358  ,  0.694434  ,
        0.4429061 ,  0.18082309, -0.6506672 , -1.0237994 , -0.90345657,
       -0.8659218 ,  0.01425956, -0.7062192 , -1.0647231 , -0.12045375,
       -1.1922181 , -0.5887904 , -1.3854582 ,  0.26788008, -0.09087273,
       -0.79072523, -1.2168102 , -1.0598462 , -1.0690417 , -0.18496518,
       -0.67542946, -0.3824432 , -0.64332795,  0.48609358,  0.41210693,
       -1.2062409 , -1.2460239 , -0.70669305, -0.65647215, -0.14654377,
        0.37392053, -0.39007664, -0.5459953 ,  0.69054544, -0.7132678 ,
       -1.0742985 , -0.09161442, -0.92950463,  0.72492546,  0.5403918 ,
       -0.82287014, -0.15479003,  0.4306566 , -0.7166127 ,  0.38613123,
        0.3711937 , -0.82469726, -0.38496137,  0.03753921, -0.8572631 ,
        0.39519614, -0.74146307, -0.3456252 , -0.74096084, -0.11301485,
       -0.5408538 , -0.59298503, -0.45625833,  0.5943148 , -0.5671481 ,
        0.5903553 , -0.6528213 ,  0.30253154, -1.1217986 ,  0.10440782,
       -0.1704887 ,  0.40478617, -0.09815513,  0.6039273 , -0.22162777,
        0.5187074 , -0.89450425,  0.51851547,  0.18683757, -1.1419454 ,
       -0.89398456, -0.8678005 ,  0.3196137 , -1.0234413 , -1.1151506 ,
       -0.32192442,  0.7002223 , -0.00438688,  0.13104123, -1.129161  ,
       -0.09265545,  0.20283869,  0.1196022 ,  0.27095023, -0.55456275,
       -1.1791856 , -0.65768355,  0.36746794,  0.2167136 ,  0.11745732,
        0.7243876 , -0.744699  , -0.9919386 , -1.1191905 , -0.00351441,
       -0.16830117, -1.1727386 , -0.0986889 , -0.5987865 , -0.6876159 ,
        0.2864917 , -0.34259498,  0.74761224, -0.48881757, -1.0196222 ,
       -1.095505  , -0.70650446, -0.68990344, -1.0100316 ,  0.4871049 ,
       -1.2405936 , -0.35005462, -1.2024164 , -0.9087156 , -0.9200211 ,
       -1.0489429 , -0.5314913 , -1.0366702 , -0.10498904, -0.00813076,
        0.5413672 , -0.14306995,  0.02621377, -0.7360779 ,  0.25392082,
       -0.972836  ,  0.5798288 , -0.3291049 , -1.164609  , -1.1228333 ,
        0.51030993, -1.0982573 ,  0.0452374 , -0.11000158, -0.18881436,
        0.02200016, -0.2640254 , -0.83766437, -0.01423722,  0.49733478,
        0.09821924,  0.70116854,  0.52347654, -0.94715846, -0.909823  ,
       -1.1865951 ,  0.49295896, -0.41141716,  0.08848669, -0.87985814,
       -1.119082  ,  0.34250394,  0.6179325 ,  0.51099133,  0.7525996 ,
        0.9113947 ,  0.04169219, -1.1211251 , -0.58752847, -0.01159705,
        0.37697613, -0.6590567 ,  0.92371774, -0.08754331,  0.38934264,
        0.21356314, -0.73329693,  0.5570105 ,  0.6677247 , -1.0711018 ,
       -0.9329071 ,  0.5131813 ,  0.6079734 , -0.20225757, -1.1024094 ,
        0.27984577, -1.2301474 , -0.5679917 , -0.9278253 , -0.58869827],
      dtype=float32), 'encoder.2.weight': array([[ 2.1941442 ,  1.0109241 , -3.8626585 , ...,  3.1358614 ,
        -0.22378667, -0.07508571],
       [ 2.6139126 ,  1.9942622 , -2.9093103 , ..., -3.798912  ,
        -2.5090933 , -1.0953461 ],
       [-3.457405  , -0.38013804, -0.86138296, ...,  0.41272193,
         2.939304  ,  3.2684333 ],
       ...,
       [-3.1961026 , -0.54378104, -2.771111  , ...,  2.4097722 ,
         0.16271771,  2.0294147 ],
       [-1.4570794 ,  0.38775736,  2.0661795 , ..., -2.0054345 ,
         0.9382192 , -1.4027492 ],
       [ 1.4133773 , -3.6055202 , -0.20322198, ..., -2.8795605 ,
         1.4705535 ,  1.2286671 ]], dtype=float32), 'encoder.2.bias': array([-1.20115530e+00, -1.15485787e+00,  5.68505153e-02, -2.22509694e+00,
       -2.08272934e+00, -2.55805612e+00, -1.89734921e-02, -2.77460480e+00,
       -2.80355215e+00,  3.66704965e+00, -1.84894300e+00, -2.18884516e+00,
        7.02519655e-01,  2.09457612e+00, -6.58035874e-01, -1.95420778e+00,
        2.68581843e+00, -7.09608436e-01,  1.77450895e+00, -2.26510525e-01,
       -4.27480340e-01, -2.03465152e+00,  1.38546526e-01, -2.44837451e+00,
       -8.30018699e-01,  7.36825049e-01,  2.29382753e+00,  1.51917136e+00,
        1.77455759e+00,  1.67862940e+00, -1.17996168e+00,  3.24135494e+00,
        1.32787430e+00, -1.17623949e+00,  6.61196709e-01, -2.93890619e+00,
        6.57035947e-01, -2.07789361e-01, -7.25444019e-01,  1.82579017e+00,
       -3.08220744e-01,  3.19866419e+00,  1.56432009e+00,  2.11407399e+00,
       -3.22961068e+00,  1.11585474e+00, -2.90987492e+00, -9.67647791e-01,
       -2.47481209e-03,  7.66409755e-01,  2.93909967e-01,  2.46621680e+00,
        2.53687382e-01,  1.36487234e+00, -3.08191729e+00,  3.14162397e+00,
        2.32278681e+00,  2.48447227e+00, -6.98485970e-01, -4.79154408e-01,
        3.15655208e+00,  1.07318103e+00, -2.35671091e+00, -9.68555689e-01,
        1.17670298e+00, -2.09288716e+00,  1.37042245e-02,  6.74608767e-01,
       -2.04891396e+00, -2.03651047e+00,  3.41313839e-01,  2.63036108e+00,
       -9.84303951e-01,  1.85678172e+00, -2.41405845e+00, -2.67190218e+00,
       -7.64365673e-01,  6.09002292e-01,  1.39035201e+00, -3.41350007e+00,
        2.43846297e-01, -9.51308727e-01,  9.68074203e-02, -1.12404597e+00,
       -1.13513684e+00,  2.53294945e+00, -1.45408320e+00, -1.99312305e+00,
       -2.73608947e+00,  2.29797888e+00,  1.69420099e+00,  1.13562889e-01,
       -2.78651762e+00, -7.11473584e-01,  2.10543561e+00, -1.26834726e+00,
       -3.18817720e-02,  2.72824556e-01,  2.83488560e+00, -1.62602234e+00,
        1.46312368e+00,  2.65892029e+00, -3.06484175e+00, -1.40549660e+00,
       -3.79769182e+00, -6.51439846e-01,  1.71003985e+00,  3.09718800e+00,
        1.24641359e+00, -1.61012077e+00,  2.83279955e-01, -3.71066570e+00,
       -2.85586882e+00, -3.31369948e+00,  1.95830762e+00,  2.75550079e+00,
       -2.88614535e+00,  8.19292068e-01,  2.00283974e-02, -9.67582226e-01,
        4.00877684e-01, -2.89177227e+00,  2.46433282e+00,  2.08449268e+00,
       -3.74756813e+00, -4.10289574e+00, -2.79513335e+00, -2.54130030e+00,
       -5.48104703e-01,  5.55615544e-01,  7.08182514e-01, -3.90456367e+00,
        2.39865971e+00,  1.85418224e+00,  1.02067411e+00, -1.09054863e-01,
        4.83129263e-01, -2.15128922e+00, -2.04951859e+00,  7.91906416e-01,
        6.17650151e-01,  1.55528235e+00,  1.30377722e+00,  7.96701789e-01,
       -1.53091216e+00,  5.19386649e-01,  5.56385756e-01, -4.66468573e-01,
        2.41252279e+00,  1.23249936e+00,  1.61295581e+00,  2.07588363e+00,
       -9.18170094e-01, -3.61447692e+00, -3.67064166e+00, -4.23054397e-01,
        1.23531246e+00, -2.35059881e+00,  3.14818835e+00, -9.06914473e-01,
        6.15762472e-02, -1.65165138e+00,  2.34796524e+00,  1.98658442e+00,
        1.11119337e-01,  2.95122862e-01, -2.50919533e+00, -1.46915269e+00,
       -3.40774250e+00,  2.23324835e-01,  2.73123670e+00, -4.29393388e-02,
       -2.04360771e+00, -1.48944497e+00, -2.87516057e-01,  9.39861953e-01,
       -1.65768266e+00, -1.29518509e+00, -3.27096373e-01, -6.00744486e-01,
        2.10189342e+00,  1.27410388e+00, -1.36667728e+00,  2.03214073e+00,
       -1.16646186e-01, -8.60420644e-01, -1.86495733e+00,  2.31159592e+00,
        1.08917415e-01, -1.38085747e+00,  1.50057471e+00, -1.98797953e+00,
        1.77047741e+00, -3.55291653e+00, -2.08617830e+00,  2.21085906e+00,
       -7.87626803e-01,  2.03869373e-01, -7.20997870e-01, -3.77943730e+00,
        1.26750875e+00, -2.96226025e+00, -2.70930099e+00,  3.31231833e+00,
        1.86990309e+00, -4.26946163e+00, -8.99934292e-01, -5.00145495e-01,
       -1.75614285e+00,  6.63449407e-01,  1.29584324e+00,  2.64937937e-01,
        3.46031713e+00, -2.57239752e-02, -2.17661709e-01, -3.26509190e+00,
       -3.35797191e+00, -1.93345046e+00,  2.01449394e+00, -6.37738332e-02,
       -9.43552613e-01, -1.41808212e-01, -2.59708667e+00, -4.16864586e+00,
       -1.87070131e+00, -4.36917114e+00,  1.75139737e+00,  2.53408623e+00,
        2.67490101e+00, -1.02093840e+00, -8.00237060e-01,  1.11446774e+00,
       -1.67784476e+00, -3.90678740e+00, -7.22177848e-02,  1.86877513e+00,
        2.50912279e-01,  3.08983743e-01, -7.47400224e-01,  2.78700590e+00,
       -3.82943988e+00, -1.21902812e+00, -3.21952510e+00, -3.54918838e+00,
        8.59038591e-01,  2.50447583e+00,  8.65333855e-01,  3.12699854e-01,
       -3.63118023e-01, -3.89915287e-01,  2.67784166e+00, -1.54416442e+00,
       -2.01923275e+00, -4.85880047e-01, -3.46531105e+00,  1.75549340e+00,
        5.03193550e-02,  1.20795384e-01,  1.29850638e+00, -2.10400438e+00,
        2.76872683e+00, -1.83594513e+00,  1.22514188e+00,  1.37891579e+00,
        3.02232742e+00, -4.48994607e-01,  1.87853527e+00, -1.26204085e+00,
       -1.92929828e+00, -6.98980331e-01,  2.70481324e+00,  2.15549994e+00,
        3.17805380e-01, -2.74453902e+00, -5.22299528e-01,  1.79548979e+00,
       -3.96284389e+00, -1.75797093e+00,  1.68546319e+00,  9.21442747e-01,
        3.08825684e+00,  1.40977073e+00, -2.27265620e+00, -2.41433907e+00,
       -2.49722958e-01,  6.64614797e-01,  1.87881243e+00, -1.01361597e+00,
       -1.11700380e+00,  3.82603966e-02, -3.49331832e+00, -5.80215573e-01,
        2.81995034e+00, -9.35721695e-01, -1.37274218e+00,  1.75365400e+00,
        3.35030842e+00, -8.39387417e-01,  2.59572029e+00, -1.46136141e+00,
        8.06367576e-01,  1.66715884e+00,  1.35723674e+00, -2.11411379e-02,
        1.61740661e+00, -2.53768110e+00, -1.08970761e+00,  3.91061038e-01,
       -7.18802214e-01,  7.60534167e-01, -6.15741372e-01, -1.91160440e+00,
       -1.86984408e+00, -3.70196199e+00,  1.66779804e+00, -2.73243403e+00,
        3.32899952e+00, -1.24018598e+00,  2.74935865e+00, -1.77470064e+00,
       -1.55228615e+00,  3.13198423e+00,  1.40962481e+00,  2.38275617e-01,
       -5.03679991e-01, -3.91860318e+00,  1.78297770e+00, -3.26768064e+00,
       -2.46728849e+00,  3.29872340e-01,  3.35135609e-01,  4.28985119e+00,
       -7.33752728e-01, -2.22884750e+00, -6.72234118e-01, -8.87703896e-01,
        3.38138342e+00, -1.46097377e-01,  3.23582023e-01,  1.04290593e+00,
        1.98552012e+00, -1.19744170e+00, -2.21136665e+00, -2.23421812e+00,
       -2.59204817e+00,  1.67753696e+00, -3.22640705e+00,  4.39144671e-01,
        1.88366830e+00, -3.09716034e+00,  7.11095214e-01, -2.35313606e+00,
        2.57056308e+00,  3.09442949e+00, -6.82259977e-01, -2.17520165e+00,
        3.62250900e+00, -4.15688467e+00, -2.98573399e+00,  1.56133437e+00,
        5.31442285e-01, -1.04265225e+00, -1.37794957e-01, -1.29931951e+00,
       -9.45250630e-01, -2.11404347e+00, -1.73782611e+00,  3.37596655e+00,
       -9.65921164e-01, -7.83359051e-01, -2.17225695e+00,  2.86940098e+00,
        1.20919955e+00, -9.07381624e-02,  2.90064454e+00, -1.82121372e+00,
       -3.50154257e+00,  3.20505857e+00,  2.61913919e+00,  2.10044003e+00,
       -2.77915907e+00, -1.97296095e+00,  3.61914921e+00,  1.23194504e+00,
        7.97990024e-01,  1.85731041e+00,  2.15877247e+00,  1.45246589e+00,
        3.06357312e+00, -2.53651762e+00,  1.16872060e+00,  2.36844778e+00,
       -9.29106057e-01,  1.78066790e+00, -1.90879965e+00, -1.12702990e+00,
       -2.80719090e+00,  1.86283350e+00,  1.11753595e+00, -4.21405196e-01,
        2.95259666e+00,  2.92622018e+00, -1.26913533e-01,  1.04454100e-01,
        2.61754799e+00, -2.66794062e+00,  2.50322890e+00, -2.99256539e+00,
       -4.23547849e-02, -4.10716724e+00,  2.90355682e+00,  2.41746092e+00,
        1.67548227e+00,  5.50811887e-01,  1.98273087e+00, -1.22628665e+00,
        1.99654251e-01, -2.86796236e+00, -1.29470253e+00, -2.12537527e+00,
       -9.55547571e-01,  1.18306541e+00,  2.39478421e+00,  3.23773742e-01,
        2.98417950e+00, -1.15579867e+00,  1.77850842e+00,  1.64104986e+00,
        3.00036502e+00,  1.78702965e-01,  3.02215552e+00,  1.10835612e+00,
       -2.94079542e+00, -2.54223800e+00, -3.87063503e+00,  2.63621950e+00,
       -1.47096825e+00, -3.53016710e+00, -3.22188020e-01,  5.84438324e-01,
       -3.80920601e+00, -1.38817918e+00, -5.65093637e-01, -3.81069589e+00,
        5.68911433e-03,  6.12528920e-01, -1.39392352e+00, -1.02574241e+00,
       -2.53961182e+00, -3.61355090e+00, -2.77055311e+00, -9.16683078e-01,
       -3.48543644e+00, -1.40098822e+00, -2.50045013e+00, -7.87568212e-01,
       -3.00720978e+00, -3.67711091e+00,  2.26015902e+00, -3.43704963e+00,
        7.77316391e-01, -1.17092979e+00,  2.46743417e+00,  1.46704543e+00,
        2.22095919e+00, -6.92638338e-01, -7.42299139e-01, -3.36335754e+00,
       -3.06935859e+00,  3.20753694e+00,  1.49471080e+00, -1.84032536e+00,
        1.71522903e+00, -3.37778986e-01,  2.77783895e+00,  1.34779155e-01,
        1.25921369e+00,  1.79142308e+00, -7.36677766e-01, -1.13621068e+00,
        1.20602965e+00, -2.11398339e+00, -2.70770335e+00,  2.65353680e+00,
       -1.60251975e+00,  1.20416000e-01, -2.37235165e+00, -3.14921141e+00,
       -1.31243896e+00,  2.00571918e+00, -3.16132212e+00,  2.24555445e+00,
        1.25869632e+00,  2.15945506e+00,  4.52659011e-01,  1.18729877e+00,
       -4.88948733e-01, -2.25452232e+00, -1.16058302e+00, -1.24461102e+00],
      dtype=float32), 'encoder.4.weight': array([[-3.9903331e+00, -3.5990417e+00, -2.8265986e+00, ...,
        -2.0043120e+00,  1.1129482e+00,  4.1531837e-01],
       [ 2.7103903e+00, -7.0520878e-01, -7.9962218e-01, ...,
         1.6682673e-01, -7.9736245e-01, -1.8566151e+00],
       [-3.7415454e-01,  1.5232706e+00,  2.9595737e+00, ...,
         1.5015130e+00, -1.7998061e+00, -2.3885415e+00],
       ...,
       [ 2.8395893e-03, -6.6462982e-01,  4.7941953e-01, ...,
        -2.3812721e+00,  5.4319274e-01,  3.1636701e+00],
       [ 2.4431982e+00, -2.3749983e+00, -3.1038003e+00, ...,
         1.2136066e+00,  1.4511744e+00, -2.2246122e-01],
       [-3.9466901e+00, -2.6295950e+00, -4.2052510e-01, ...,
        -2.9402685e+00, -1.9403677e+00,  1.0736690e+00]], dtype=float32), 'encoder.4.bias': array([-0.5922735,  2.2584038, -2.2598224, ...,  0.5370735, -3.8564775,
        2.099202 ], dtype=float32), 'encoder.6.weight': array([[-0.4452948 , -1.6425998 , -0.8623514 , ...,  0.25888672,
        -1.3107023 ,  1.0273757 ],
       [-0.23308368, -1.2901443 , -1.6171758 , ..., -0.20214461,
         1.6230483 , -0.95569825],
       [-0.61780506,  0.90511805, -0.67180455, ...,  0.42784935,
        -1.7465428 , -0.25557068],
       ...,
       [ 0.28557533,  2.1935906 , -0.47393355, ..., -1.1390852 ,
         0.9083123 ,  0.5974872 ],
       [-1.3464416 ,  0.25559455,  0.72409445, ..., -0.7881501 ,
         1.2102295 , -1.2507371 ],
       [ 1.7913165 , -1.0523711 , -1.0671933 , ..., -0.63063776,
         0.87985265,  1.1978711 ]], dtype=float32), 'encoder.6.bias': array([ 0.22759657,  1.1152997 ,  0.8533554 ,  0.85219765, -0.16087493,
       -1.1314726 ,  0.87488544, -0.31532466,  0.28648236, -1.135112  ],
      dtype=float32), 'decoder.0.weight': array([[ 19.591137 ,   8.405139 ,  17.648476 , ...,  13.712509 ,
        -23.336716 ,   6.2268405],
       [  3.191002 ,  24.533466 ,  18.98645  , ...,   1.1164242,
         -9.415986 , -13.021149 ],
       [ -9.119236 ,  -0.5984055,  15.34173  , ..., -16.77019  ,
         -1.4433486,   8.839577 ],
       ...,
       [ 17.023804 ,  14.280975 , -10.873819 , ...,  -1.7189589,
        -14.305449 ,  10.812069 ],
       [-14.793417 ,  -8.039642 ,   3.6137042, ...,  16.707653 ,
          3.20595  ,  13.491524 ],
       [ -6.2965593,  15.356583 ,  -9.439434 , ...,  -3.703319 ,
          8.512727 , -15.218035 ]], dtype=float32), 'decoder.0.bias': array([  7.079958,  18.812826, -20.411646, ..., -11.181217,  10.046978,
        10.514804], dtype=float32), 'decoder.2.weight': array([[-1.7303705 , -0.8341915 , -1.6617377 , ...,  1.3923397 ,
         1.1036896 ,  1.3612106 ],
       [-2.1333542 , -1.5191312 ,  1.2626292 , ...,  1.3173019 ,
         0.06784901,  0.98274654],
       [ 1.1773119 ,  1.3146633 , -0.01735654, ..., -1.3669101 ,
        -0.05352297,  0.9030837 ],
       ...,
       [-1.2584505 ,  1.2757376 ,  0.81994486, ..., -0.17916149,
         1.2056197 , -1.1257513 ],
       [-1.2449133 ,  1.4786282 ,  0.07399112, ...,  0.9645439 ,
        -0.14364137, -0.96247303],
       [ 1.2385243 , -1.2109678 , -0.236141  , ..., -0.35086492,
        -1.977553  ,  0.79192173]], dtype=float32), 'decoder.2.bias': array([ 7.83034265e-01,  1.43817753e-01,  1.49133354e-01, -2.08019066e+00,
        1.51504934e+00,  3.19560081e-01, -1.01615459e-01, -1.44756246e+00,
       -8.37107658e-01, -7.86760032e-01, -4.12123471e-01, -4.15894270e-01,
       -1.31030321e-01,  6.48276269e-01,  7.10351616e-02, -2.17728615e-01,
        6.41023576e-01, -5.98674119e-01, -8.19146395e-01, -1.76131117e+00,
       -1.66309333e+00, -1.21179140e+00, -5.92196465e-01, -3.88633788e-01,
       -5.12434840e-01,  6.59438968e-01,  1.49800634e+00, -2.09415770e+00,
       -1.59433746e+00, -2.34561348e+00,  3.71294558e-01, -1.74644089e+00,
       -9.07884955e-01, -1.64896941e+00, -1.98485386e+00, -1.76391613e+00,
        1.68979967e+00, -2.14219928e+00, -2.02843595e+00, -1.96929066e-03,
        2.05095634e-02,  1.05380201e+00,  4.97043133e-01, -1.42747259e+00,
       -2.23741531e-01, -1.91464460e+00, -1.32724166e-01,  3.53432894e-01,
        1.96386904e-01, -1.83892146e-01,  8.00420761e-01, -1.89561403e+00,
        1.22110057e+00,  1.71144176e+00,  1.88495144e-01,  7.14863241e-01,
       -1.11596549e+00, -8.78362536e-01, -1.11930624e-01, -6.72346652e-01,
       -1.91895604e+00,  6.20881200e-01, -3.17058384e-01,  9.51404035e-01,
        7.83815905e-02,  2.72263825e-01, -1.72151828e+00, -8.00841600e-02,
        1.07093358e+00,  1.16507256e+00, -1.82398319e+00, -1.62988991e-01,
       -7.05209732e-01, -4.89391685e-01,  5.40508986e-01, -1.23626471e+00,
        5.81894994e-01,  1.71280861e+00,  1.42404151e+00, -1.35924459e+00,
       -3.51036519e-01,  9.41197872e-01,  1.54603052e+00, -7.01650858e-01,
        1.65110314e+00,  1.50053501e+00, -8.54468703e-01, -7.70277858e-01,
        8.57848167e-01, -5.08535385e-01,  4.25847709e-01, -1.58949327e+00,
       -8.85404348e-01,  1.35264468e+00,  1.06227803e+00,  1.15302396e+00,
        1.09406686e+00,  1.19997454e+00, -1.18712473e+00,  1.35512799e-01,
       -3.00741702e-01,  1.32537627e+00,  6.55665338e-01, -7.56212473e-01,
       -3.55232358e-01, -1.18567809e-01,  6.60447001e-01,  1.10541165e+00,
        1.42069864e+00,  1.19165277e+00,  1.24036121e+00, -1.27132225e+00,
        1.04702592e+00,  3.66753340e-01, -1.25367737e+00, -2.94124126e-01,
       -9.17712450e-01,  1.28665483e+00,  9.12199080e-01, -1.22368670e+00,
       -1.42743695e+00, -1.44209671e+00, -1.43272018e+00,  1.01882136e+00,
       -1.86470425e+00, -5.18482924e-01,  1.25316703e+00,  9.48544890e-02,
       -5.72667003e-01,  4.41785395e-01, -3.88453603e-01, -6.67896092e-01,
       -1.80163383e-01, -1.79113054e+00,  7.25646853e-01, -1.39554465e+00,
        1.20963857e-01, -7.16686606e-01, -8.25480402e-01,  5.76712430e-01,
        3.31956655e-01, -1.40848529e+00,  6.38017297e-01,  1.58914948e+00,
        1.58559489e+00, -1.99465156e-01, -1.52701557e+00, -1.49213660e+00,
       -4.77145553e-01, -1.28551245e+00, -7.21907662e-03,  9.38276276e-02,
        1.32792878e+00,  1.58870506e+00, -5.73661327e-01,  5.12409985e-01,
        3.11530888e-01, -7.37298787e-01,  1.38681912e+00,  1.44021034e-01,
       -1.20710146e+00, -6.30780637e-01, -1.01169318e-01, -8.92896295e-01,
        1.15951729e+00,  4.86260355e-01,  7.66000271e-01,  1.45642936e+00,
       -3.03660065e-01, -1.42694283e+00, -2.12374419e-01, -1.06014684e-01,
        1.26633632e+00, -4.90091503e-01,  5.12845159e-01, -1.54812306e-01,
        7.97334909e-01, -4.66145337e-01,  9.09606814e-01,  6.75392747e-01,
        1.08661699e+00,  1.14444208e+00,  9.93711799e-02,  1.14484048e+00,
       -8.87470126e-01,  4.60074872e-01,  1.05105662e+00, -4.36192989e-01,
        5.49242258e-01,  1.11013651e+00, -1.86686850e+00, -5.01150250e-01,
        9.61389303e-01,  1.32274830e+00,  9.00205016e-01,  6.32319331e-01,
        1.00015092e+00,  1.30401814e+00, -1.95564842e+00,  8.38318706e-01,
        4.57431972e-01, -1.46655190e+00,  6.44328237e-01,  1.65277863e+00,
        4.39652801e-01,  1.28068864e+00,  7.91767120e-01, -4.26440477e-01,
        1.49776042e-01,  4.57307875e-01, -2.18959498e+00, -8.54777277e-01,
       -1.46968293e+00, -1.66349173e+00,  1.18014884e+00,  3.76731396e-01,
       -1.44607162e+00, -1.39027190e+00, -1.21484721e+00,  1.54655004e+00,
       -1.61908042e+00, -1.16885149e+00,  9.15796638e-01, -1.97585368e+00,
        1.77445874e-01,  1.46489680e-01, -3.13763469e-01, -3.84724379e-01,
        4.79747355e-02, -3.28557312e-01, -6.54747128e-01,  1.10458374e+00,
        2.06883624e-01,  9.99266058e-02, -2.28929663e+00, -1.91007376e+00,
        6.09869719e-01,  7.28923529e-02,  1.51260173e+00, -1.28678024e+00,
       -9.46037471e-01, -1.84826910e+00,  7.45104551e-02, -1.56704867e+00,
        1.24075937e+00, -1.12827802e+00,  1.39669788e+00,  5.02015591e-01,
        1.22544885e+00, -7.13060200e-01, -1.41201329e+00,  1.94362521e-01,
        1.74233198e-01,  8.99180889e-01,  5.57704449e-01, -7.61113048e-01,
        1.60945964e+00,  9.38797951e-01, -8.03715169e-01, -2.84950256e-01,
        3.54277730e-01, -1.61418152e+00,  3.22471738e-01,  6.15220547e-01,
       -1.55023545e-01, -9.38138843e-01, -6.29490435e-01, -1.91439009e+00,
        1.20690966e+00,  5.46080828e-01,  6.03095651e-01, -1.04752135e+00,
        1.74444580e+00, -2.09659481e+00, -9.86421406e-01, -6.82114065e-01,
        6.10288143e-01, -5.79063110e-02, -6.17859960e-01,  1.44418454e+00,
        4.68713045e-01, -1.98393607e+00, -1.69552195e+00,  8.62790585e-01,
        1.83404729e-01, -1.64867163e-01, -7.35893250e-01, -1.69849563e+00,
        1.81610823e+00, -1.06692123e+00,  1.33889985e+00,  1.25103652e-01,
       -8.52956831e-01,  2.86920398e-01,  1.45989209e-01, -1.33338118e+00,
       -2.66979367e-01,  1.49933624e+00,  1.14525422e-01, -1.34531462e+00,
       -1.30242014e+00, -1.34409988e+00, -2.20446253e+00,  1.25095224e+00,
        8.53455424e-01, -1.61539721e+00, -4.36165690e-01, -6.16239011e-01,
       -1.88317645e+00,  9.68156695e-01, -3.13272476e-02, -2.06976198e-02,
       -8.53884637e-01, -1.87354732e+00, -7.03446448e-01,  7.78484941e-01,
        1.23033381e+00,  5.70455670e-01, -1.96444309e+00, -1.83341503e+00,
        2.07032531e-01, -1.82317400e+00, -8.41156095e-02,  7.83307433e-01,
       -9.66873050e-01, -2.18728691e-01, -2.27329239e-01, -7.95705736e-01,
        7.52852261e-01,  6.54784083e-01, -2.19057751e+00, -2.78329492e-01,
        1.17884830e-01,  5.53127468e-01,  1.87284636e+00,  1.76283777e-01,
       -1.95414233e+00, -6.99326038e-01,  3.78214270e-01, -4.39464271e-01,
        1.71381330e+00,  1.33474195e+00, -8.33597541e-01,  1.50301242e+00,
       -1.85180283e+00, -2.13076353e+00, -1.50903538e-01, -9.42246839e-02,
        1.87157822e+00,  1.02826416e+00,  9.83216465e-02, -1.57825518e+00,
       -7.17197835e-01,  1.37800682e+00,  2.16337405e-02,  1.53919685e+00,
       -1.14185262e+00,  4.30891037e-01,  5.36070943e-01, -7.79514015e-01,
        8.31937373e-01,  1.04520595e+00, -9.75708663e-01, -2.96796620e-01,
       -2.56706953e-01,  1.62296319e+00,  3.14814836e-01, -1.33150554e+00,
        1.42602241e+00, -1.62611079e+00, -1.73052764e+00,  7.98888624e-01,
        1.77154756e+00, -1.88098013e-01,  7.96730995e-01,  1.46114719e+00,
        4.65568930e-01,  4.44036834e-02,  8.58999014e-01,  1.20418060e+00,
       -1.23695660e+00, -6.35572731e-01,  1.31651342e+00,  1.09177995e+00,
       -9.47502851e-01, -1.66433835e+00, -8.29867840e-01, -9.96858835e-01,
       -1.08328891e+00,  7.98142731e-01,  1.45042026e+00, -8.09407353e-01,
       -1.62401244e-01, -1.98396957e+00, -1.47931874e+00, -1.66901433e+00,
       -2.06590033e+00, -1.56669712e+00, -9.82034683e-01, -1.62270749e+00,
        1.34393191e+00, -1.64038301e+00,  1.45820904e+00,  1.41772127e+00,
       -7.33326435e-01, -5.84045887e-01, -6.99215889e-01,  1.09381354e+00,
       -2.77973473e-01, -1.61686063e+00,  1.30245686e+00,  1.14422977e-01,
       -2.46356773e+00, -8.41100514e-02, -3.39861482e-01, -8.07359397e-01,
        1.08670497e+00,  1.69551682e+00,  3.91926110e-01,  9.52078342e-01,
       -4.57871437e-01, -6.89751804e-01, -1.21729255e+00,  1.91665158e-01,
        1.00740111e+00,  1.09623981e+00,  3.54981720e-01,  1.67635727e+00,
        9.69784617e-01, -3.29127043e-01, -1.45507395e-01,  8.41327548e-01,
       -2.17725587e+00,  2.15785593e-01,  3.92866313e-01,  7.67080247e-01,
        1.46348342e-01,  9.81258988e-01, -1.35494208e+00, -1.21581629e-01,
        4.35115486e-01, -1.92630082e-01, -2.21280277e-01,  1.38904560e+00,
        3.68281454e-01, -1.29623306e+00,  1.13685226e+00, -3.50948274e-01,
       -5.32402456e-01, -1.22206187e+00,  1.54453063e+00,  1.51233435e+00,
       -9.72754717e-01,  2.14879215e-01,  1.38350224e+00, -1.74730146e+00,
        1.03498495e+00, -1.85975879e-02,  8.36286023e-02,  1.52222228e+00,
       -2.24283621e-01, -1.63115454e+00, -1.64725089e+00,  3.39528285e-02,
       -4.05521095e-01, -1.48972571e+00, -1.67971981e+00,  1.02254212e+00,
        7.45574653e-01,  2.00955033e-01, -8.24730247e-02,  9.03046131e-01,
        1.10935676e+00,  1.07304573e+00,  2.44328499e-01, -2.06342840e+00,
       -1.43943250e-01,  1.54110819e-01,  1.82752562e+00, -5.46251714e-01,
        2.71167845e-01, -1.28147793e+00,  3.47733051e-01,  8.15537423e-02,
        1.13932538e+00,  1.39465451e+00, -1.91657531e+00, -1.21394420e+00,
       -3.94019663e-01, -2.72876590e-01, -1.96534419e+00, -1.15922594e+00,
        9.08767939e-01, -1.48047149e-01, -5.51510632e-01,  1.31626582e+00,
       -1.49631405e+00, -7.58180976e-01,  1.37397146e+00, -5.32416403e-01],
      dtype=float32), 'decoder.4.weight': array([[ 3.2447143 ,  1.6078652 , -2.484607  , ...,  0.55610466,
         2.1150875 ,  2.2954454 ],
       [-0.93520546,  3.7216651 , -1.0800586 , ..., -0.8879813 ,
         2.5803552 , -0.5980156 ],
       [-0.36696944, -2.931619  ,  0.66872245, ...,  2.9412005 ,
        -1.8887225 ,  0.47377914],
       ...,
       [ 2.2281613 , -3.2955573 , -2.2401047 , ...,  0.49329177,
         2.8642275 , -2.0800471 ],
       [ 2.2410553 , -3.9472947 ,  2.1554618 , ..., -2.2929611 ,
         0.6330827 ,  1.7397143 ],
       [-2.8723385 , -1.0699134 , -1.3086233 , ...,  0.1393511 ,
        -1.8412789 ,  1.3367993 ]], dtype=float32), 'decoder.4.bias': array([-2.3248293 ,  2.3380756 ,  1.999461  , -3.551553  ,  2.338394  ,
       -0.8846632 , -0.7896762 ,  0.24567313, -0.45600408, -2.1738167 ,
       -3.8200507 , -1.2028327 , -2.5025175 ,  2.8483129 , -2.56143   ,
       -4.024936  ,  0.39966607, -3.585159  ,  1.4980447 , -2.7881272 ,
        2.675203  ,  1.0714697 ,  1.5672326 , -4.584629  , -2.1913247 ,
       -2.1280491 ,  1.1493056 ,  2.5114777 , -4.1749744 ,  3.2195218 ,
       -3.6459785 ,  2.0271192 ,  0.7623764 ,  2.1270037 ,  0.61807334,
        0.27753702,  1.1419845 , -0.6520458 ,  1.4590813 , -0.10934272,
       -2.108422  ,  1.1410978 , -2.2786355 , -0.9811152 , -2.5454783 ,
       -2.8370728 ,  0.9897034 , -0.658343  ,  0.6815028 , -0.2681934 ,
       -1.8677168 , -1.4654157 ,  0.7795862 ,  3.3568788 , -4.435341  ,
        0.75956917, -2.4196918 , -1.6552517 , -3.9814641 , -2.5103502 ,
       -2.4208338 ,  1.8931226 , -0.30578673,  0.846244  , -2.5145266 ,
       -2.099774  , -1.7069273 ,  0.458518  ,  2.4947658 ,  1.1765039 ,
       -1.7647312 ,  3.1726952 , -2.6210482 , -0.15563436, -4.469234  ,
        1.4800143 , -0.14708948, -1.0432124 , -2.5800538 , -1.6403646 ,
        0.8766545 ,  2.214783  , -2.783     , -0.7034011 ,  0.28386694,
       -3.5573497 , -0.5090679 ,  2.2406955 ,  3.57651   , -3.3301504 ,
        1.2658129 ,  1.3031942 ,  1.5614755 , -0.7087141 , -2.580481  ,
        1.7627898 ,  1.7089994 , -1.6466439 , -2.9080038 ,  1.2760864 ,
       -2.530506  ,  2.2268038 , -1.5804448 , -3.6965475 , -3.3810833 ,
        0.5961772 , -0.28926736, -2.8781905 , -1.5096653 , -3.6065066 ,
       -2.267611  , -2.7280927 , -1.6865289 ,  0.966303  , -2.5534093 ,
        3.6360874 ,  2.1710472 ,  1.547231  ,  2.5698342 , -2.887857  ,
        1.2579182 , -0.25768086, -4.160346  ,  4.0211153 ,  0.19267702,
       -2.8549008 , -2.7054682 ,  1.7652551 , -3.4142067 ,  3.711446  ,
       -0.24498355, -0.81435716, -2.6657426 ,  0.22091296, -3.8093727 ,
        1.0651448 ,  2.5850902 , -3.512116  ,  2.5900836 , -3.22282   ,
        0.697397  , -4.006028  , -0.44542274, -2.3175178 ,  1.423104  ,
        0.9464084 , -1.4586799 , -0.49405068,  1.934723  , -0.10240665,
        1.6771708 ,  0.20099238, -3.3534718 , -0.56365055, -3.3164382 ,
        3.2979198 , -0.2955502 ,  2.6871016 ,  2.4459338 , -2.203353  ,
       -1.9625938 , -0.42819446,  0.05658485, -3.3040109 , -3.8650227 ,
       -3.087675  , -1.9063828 , -2.684398  ,  0.796417  ,  2.0618267 ,
        2.308711  , -1.8526789 ,  3.3722525 ,  1.6832628 ,  1.3345659 ,
        0.8278384 , -3.7043371 ,  0.8840746 , -0.10689764, -0.35535365,
       -3.5426397 , -3.659895  , -2.9878492 , -1.7739542 ,  2.0046873 ,
       -0.18214947,  1.3309968 , -0.847438  , -0.6864397 , -3.3760588 ,
        2.1542437 , -0.35730162, -4.221978  ,  1.3294919 ,  2.5893867 ,
        1.8027894 ,  0.01909411, -4.001796  , -2.2383833 ,  1.1276904 ,
        1.9174068 , -1.4711185 , -1.2759957 ,  1.7946763 ,  3.5288458 ,
        2.842913  ,  0.51316315,  1.4514128 , -1.4804351 ,  0.90049756,
        1.0608886 , -0.02062372,  2.7978308 ,  0.17768691, -2.5241802 ,
        0.57404155,  3.8200498 ,  1.4798529 , -3.6316323 ,  2.6490786 ,
        2.6285868 ,  1.8429397 , -0.44197452,  1.6412158 , -1.460367  ,
        0.46035865, -3.3032165 ,  1.9229789 , -2.0268092 , -0.66390246,
       -0.65445817,  2.1057875 , -2.1331434 ,  1.7246284 , -4.0591993 ,
       -1.5783441 , -0.87899196,  1.7324517 ,  0.98235524, -1.9988163 ,
       -1.6971226 ,  0.20766279, -0.01606158,  0.1812162 ,  2.330421  ,
       -2.9461699 ,  1.4345341 ,  2.0009718 , -4.388036  , -1.1634881 ,
        0.48819527,  1.8869934 , -2.7943568 , -3.3008988 ,  2.469483  ,
       -1.6025028 ,  1.114154  , -0.7802336 ,  1.7538178 , -2.305285  ,
       -3.16418   , -3.3696969 , -1.4002634 ,  1.859966  , -4.224715  ,
       -1.1516048 , -1.6280167 , -2.6612172 , -1.5755347 , -0.92911834,
       -1.5376034 , -1.4317943 , -4.4028435 ,  1.5408089 ,  2.0340247 ,
       -1.376745  , -1.7174354 , -1.760364  ,  3.5142417 ,  0.33759943,
       -2.0732875 , -0.85596454,  3.3595176 , -1.7267474 ,  2.261698  ,
       -3.3953    ,  0.71133614,  2.1187909 ,  0.17680424,  2.277234  ,
       -0.88508517,  1.0746129 , -1.6829443 ,  2.1002078 , -3.1921155 ,
        3.5565453 ,  0.72617763, -3.7835023 ,  0.83094513, -1.2046238 ,
       -2.167765  , -3.1363802 ,  1.5433772 , -1.2960783 , -0.22350085,
       -3.9735754 , -3.7297308 , -1.7559193 ,  0.66220176,  1.4767135 ,
       -0.8771491 ,  3.621952  ,  1.6186084 , -0.82101005,  2.1302533 ,
        0.15601933,  3.101912  , -2.5021458 , -4.2493052 ,  0.7125904 ,
        1.421725  , -3.0486846 , -0.11733616, -3.2797232 , -0.3910327 ,
       -4.312992  , -1.5933399 ,  0.3467232 , -2.4673834 , -0.57046473,
       -0.17243946,  0.85070336,  1.2983286 , -0.2535347 ,  2.201253  ,
       -2.176508  , -2.608175  , -3.1603026 , -3.0618644 , -2.798982  ,
       -1.7086966 , -0.60208356,  3.95154   ,  1.1250099 ,  1.6706945 ,
        0.10118274,  0.67573965, -2.8679712 ,  1.2018011 , -0.47850862,
       -2.9486232 , -0.70216423, -1.8136647 ,  1.8601649 , -2.1590824 ,
       -3.4203234 , -2.7327046 ,  0.7178042 ,  0.90676403, -3.3301518 ,
       -0.7959797 , -0.36298883, -2.883367  , -4.433712  ,  1.0316962 ,
        3.5706065 ,  2.7118297 ,  0.85314333, -3.0857701 ,  1.7270298 ,
       -1.1348344 , -0.11845722,  2.2062347 ,  0.21086445, -1.3608565 ,
       -0.84344065,  2.737949  ,  1.0432757 , -0.22752231,  3.3462195 ,
       -5.3225555 ,  1.1598308 , -2.155829  , -0.34308568,  0.7184995 ,
        3.3990593 , -1.2129886 , -1.026037  , -1.5549135 ,  3.293812  ,
       -2.8251987 ,  2.7092838 ,  1.5584838 , -2.5918345 , -1.4064806 ,
       -0.35877904,  3.0924106 , -3.2230422 , -0.67101556, -1.4133317 ,
        2.482229  ,  0.07923884, -2.9993258 , -3.4782448 ,  1.8939509 ,
        0.60313296, -2.726503  , -2.7004225 ,  0.20843382,  2.6223016 ,
        1.0470095 , -3.7758694 ,  0.61587614, -4.4784956 ,  0.6386744 ,
        1.6041675 , -0.65147173, -2.7873883 ,  2.656074  , -3.7455606 ,
       -1.288763  ,  0.6000343 ,  1.9573752 , -2.345476  , -1.4726566 ,
        0.683532  , -1.3480744 , -4.5261965 , -4.303627  , -0.28294718,
        2.8467855 ,  1.1400805 , -1.9167233 , -3.7316923 , -1.6407802 ,
        3.02844   , -0.57698894, -4.142515  ,  0.32963464, -3.3889961 ,
       -1.1730022 ,  1.4492915 ,  2.0186448 ,  0.7415185 ,  2.5068622 ,
        2.2758424 ,  1.8959773 , -3.8530025 ,  0.5776056 , -2.814194  ,
        0.71796685, -3.7002754 , -1.3462353 , -0.83791244,  0.99023974,
        0.32941312,  2.791742  , -2.1869245 ,  2.062502  ,  2.787325  ,
       -2.1483433 , -2.092161  , -3.406706  ,  1.7224431 ,  0.3681589 ,
        1.849606  ,  3.5680022 , -2.7591605 ,  2.2528007 , -3.6870122 ,
        2.3258767 , -1.0801002 , -0.56721056,  1.8577218 , -2.656131  ,
        0.2396685 , -2.5741196 ,  1.4762118 , -1.5386462 ,  0.7561942 ,
       -3.4625144 , -0.06391004,  0.4331119 , -3.3447456 , -3.1889992 ,
       -1.6894033 , -2.7533717 ,  3.3984141 , -0.6597357 , -3.3778794 ,
       -4.185856  , -3.6672554 , -2.753294  , -1.7005813 , -3.9434433 ,
       -2.351696  ,  0.7225117 , -4.0680175 ,  2.9346044 ,  0.41095614],
      dtype=float32), 'decoder.6.weight': array([[-1.75847   ,  5.794302  , -0.10519397, ...,  4.5461917 ,
        -3.5566545 ,  5.002704  ],
       [-0.64474666, -1.2619591 ,  1.0969739 , ..., -2.6797237 ,
         0.8389312 ,  1.4863982 ],
       [-2.2432926 ,  2.3644862 , -3.5243807 , ...,  2.958137  ,
        -0.07448997, -0.1180407 ],
       ...,
       [-1.4981614 ,  1.3760817 ,  2.5166435 , ..., -3.8950787 ,
        -0.02417563, -2.5114384 ],
       [-3.4987893 , -0.64496946, -3.0027328 , ..., -0.3548551 ,
         2.4280643 , -0.56919134],
       [ 2.6170797 ,  2.9689155 , -0.06966007, ..., -1.7333599 ,
         0.9948183 , -1.6005595 ]], dtype=float32), 'decoder.6.bias': array([ 0.77543753, -0.18398191, -3.9803352 , ..., -3.2926803 ,
        0.19626275, -0.8994425 ], dtype=float32)}
[Time: 12.01.25 12:14:17] [Level: info] [State: aggregate] Updating global model...
[Time: 12.01.25 12:14:17] [Level: info] [State: aggregate] Autoencoder(
  (encoder): Sequential(
    (0): Linear(in_features=6001, out_features=500, bias=True)
    (1): ReLU()
    (2): Linear(in_features=500, out_features=500, bias=True)
    (3): ReLU()
    (4): Linear(in_features=500, out_features=2000, bias=True)
    (5): ReLU()
    (6): Linear(in_features=2000, out_features=10, bias=True)
  )
  (decoder): Sequential(
    (0): Linear(in_features=10, out_features=2000, bias=True)
    (1): ReLU()
    (2): Linear(in_features=2000, out_features=500, bias=True)
    (3): ReLU()
    (4): Linear(in_features=500, out_features=500, bias=True)
    (5): ReLU()
    (6): Linear(in_features=500, out_features=6001, bias=True)
  )
)
[Time: 12.01.25 12:14:17] [Level: info] [State: aggregate] Broadcasting model...
[Time: 12.01.25 12:14:17] [Level: info] transition: compute
[Time: 12.01.25 12:14:18] [Level: info] state: compute
[Time: 12.01.25 12:14:18] [Level: info] [State: compute] ITERATION 5
[Time: 12.01.25 12:14:18] [Level: info] [State: compute] receiving weights...
[Time: 12.01.25 12:14:18] [Level: info] [State: compute] Loading global weights for model...
[Time: 12.01.25 12:14:18] [Level: info] [State: compute] Updated model with received weights.
[Time: 12.01.25 12:14:18] [Level: info] [State: compute] Loading data...
[Time: 12.01.25 12:14:18] [Level: info] [State: compute] Preparing model training...
[Time: 12.01.25 12:14:18] [Level: info] [State: compute] Training model for one epoch...
[Time: 12.01.25 12:14:19] [Level: info] [State: compute] Local training loss: 3247.74169921875
[Time: 12.01.25 12:14:19] [Level: info] [State: compute] Training the decoder...
127.0.0.1 - - [12/Jan/2025 12:14:19] "GET /api/status HTTP/1.0" 200 158
[CTRL] GET /data
127.0.0.1 - - [12/Jan/2025 12:14:20] "GET /api/data HTTP/1.0" 200 34213092
[Time: 12.01.25 12:14:20] [Level: info] [State: compute] Epoch 10, Total Loss: 321.336669921875, KL Loss: -2.9802322831784522e-09, Recon Loss: 3213.36669921875
[Time: 12.01.25 12:14:22] [Level: info] [State: compute] Epoch 20, Total Loss: 316.69012451171875, KL Loss: -1.4901161415892261e-09, Recon Loss: 3166.901123046875
[Time: 12.01.25 12:14:24] [Level: info] [State: compute] Epoch 30, Total Loss: 311.850341796875, KL Loss: -1.043081288010228e-09, Recon Loss: 3118.50341796875
127.0.0.1 - - [12/Jan/2025 12:14:25] "GET /api/status HTTP/1.0" 200 155
127.0.0.1 - - [12/Jan/2025 12:14:27] "GET /api/status HTTP/1.0" 200 155
127.0.0.1 - - [12/Jan/2025 12:14:29] "GET /api/status HTTP/1.0" 200 155
[Time: 12.01.25 12:14:30] [Level: info] [State: compute] Epoch 40, Total Loss: 307.20294189453125, KL Loss: -2.38418573772492e-09, Recon Loss: 3072.029296875
127.0.0.1 - - [12/Jan/2025 12:14:31] "GET /api/status HTTP/1.0" 200 155
127.0.0.1 - - [12/Jan/2025 12:14:33] "GET /api/status HTTP/1.0" 200 155
127.0.0.1 - - [12/Jan/2025 12:14:35] "GET /api/status HTTP/1.0" 200 155
127.0.0.1 - - [12/Jan/2025 12:14:37] "GET /api/status HTTP/1.0" 200 155
127.0.0.1 - - [12/Jan/2025 12:14:39] "GET /api/status HTTP/1.0" 200 155
[Time: 12.01.25 12:14:40] [Level: info] [State: compute] Epoch 50, Total Loss: 302.81060791015625, KL Loss: -1.639127722441458e-09, Recon Loss: 3028.10595703125
127.0.0.1 - - [12/Jan/2025 12:14:41] "GET /api/status HTTP/1.0" 200 155
127.0.0.1 - - [12/Jan/2025 12:14:43] "GET /api/status HTTP/1.0" 200 155
127.0.0.1 - - [12/Jan/2025 12:14:45] "GET /api/status HTTP/1.0" 200 155
127.0.0.1 - - [12/Jan/2025 12:14:47] "GET /api/status HTTP/1.0" 200 155
[Time: 12.01.25 12:14:48] [Level: info] [State: compute] Epoch 60, Total Loss: 298.6560974121094, KL Loss: -1.7881393032936899e-09, Recon Loss: 2986.56103515625
127.0.0.1 - - [12/Jan/2025 12:14:49] "GET /api/status HTTP/1.0" 200 155
127.0.0.1 - - [12/Jan/2025 12:14:51] "GET /api/status HTTP/1.0" 200 155
127.0.0.1 - - [12/Jan/2025 12:14:53] "GET /api/status HTTP/1.0" 200 155
[Time: 12.01.25 12:14:55] [Level: info] [State: compute] Epoch 70, Total Loss: 294.7078857421875, KL Loss: -1.19209286886246e-09, Recon Loss: 2947.078857421875
127.0.0.1 - - [12/Jan/2025 12:14:55] "GET /api/status HTTP/1.0" 200 155
127.0.0.1 - - [12/Jan/2025 12:14:57] "GET /api/status HTTP/1.0" 200 155
127.0.0.1 - - [12/Jan/2025 12:14:59] "GET /api/status HTTP/1.0" 200 155
127.0.0.1 - - [12/Jan/2025 12:15:01] "GET /api/status HTTP/1.0" 200 155
127.0.0.1 - - [12/Jan/2025 12:15:03] "GET /api/status HTTP/1.0" 200 155
127.0.0.1 - - [12/Jan/2025 12:15:05] "GET /api/status HTTP/1.0" 200 155
127.0.0.1 - - [12/Jan/2025 12:15:07] "GET /api/status HTTP/1.0" 200 155
127.0.0.1 - - [12/Jan/2025 12:15:09] "GET /api/status HTTP/1.0" 200 155
[Time: 12.01.25 12:15:10] [Level: info] [State: compute] Epoch 80, Total Loss: 290.9361877441406, KL Loss: -2.086162576020456e-09, Recon Loss: 2909.36181640625
127.0.0.1 - - [12/Jan/2025 12:15:11] "GET /api/status HTTP/1.0" 200 155
127.0.0.1 - - [12/Jan/2025 12:15:13] "GET /api/status HTTP/1.0" 200 155
127.0.0.1 - - [12/Jan/2025 12:15:15] "GET /api/status HTTP/1.0" 200 155
127.0.0.1 - - [12/Jan/2025 12:15:17] "GET /api/status HTTP/1.0" 200 155
127.0.0.1 - - [12/Jan/2025 12:15:19] "GET /api/status HTTP/1.0" 200 155
127.0.0.1 - - [12/Jan/2025 12:15:21] "GET /api/status HTTP/1.0" 200 155
[Time: 12.01.25 12:15:23] [Level: info] [State: compute] Epoch 90, Total Loss: 287.31671142578125, KL Loss: -1.7881393032936899e-09, Recon Loss: 2873.1669921875
127.0.0.1 - - [12/Jan/2025 12:15:23] "GET /api/status HTTP/1.0" 200 155
127.0.0.1 - - [12/Jan/2025 12:15:25] "GET /api/status HTTP/1.0" 200 155
127.0.0.1 - - [12/Jan/2025 12:15:27] "GET /api/status HTTP/1.0" 200 155
127.0.0.1 - - [12/Jan/2025 12:15:29] "GET /api/status HTTP/1.0" 200 155
127.0.0.1 - - [12/Jan/2025 12:15:31] "GET /api/status HTTP/1.0" 200 155
127.0.0.1 - - [12/Jan/2025 12:15:33] "GET /api/status HTTP/1.0" 200 155
127.0.0.1 - - [12/Jan/2025 12:15:35] "GET /api/status HTTP/1.0" 200 155
[Time: 12.01.25 12:15:36] [Level: info] [State: compute] Epoch 100, Total Loss: 283.8299255371094, KL Loss: -1.3411045607369942e-09, Recon Loss: 2838.299072265625
[Time: 12.01.25 12:15:36] [Level: info] [State: compute] Saving model and decoder...
[Time: 12.01.25 12:15:36] [Level: info] [State: compute] Scoring model...
[Time: 12.01.25 12:15:36] [Level: info] [State: compute] Adjusted Rand Index (ARI): 0.0
[Time: 12.01.25 12:15:36] [Level: info] [State: compute] Sent updated weights to coordinator.
[Time: 12.01.25 12:15:37] [Level: info] transition: aggregate
127.0.0.1 - - [12/Jan/2025 12:15:37] "GET /api/status HTTP/1.0" 200 157
[Time: 12.01.25 12:15:38] [Level: info] state: aggregate
[Time: 12.01.25 12:15:38] [Level: info] [State: aggregate] Waitig for local models...
127.0.0.1 - - [12/Jan/2025 12:15:39] "GET /api/status HTTP/1.0" 200 157
127.0.0.1 - - [12/Jan/2025 12:15:41] "GET /api/status HTTP/1.0" 200 157
127.0.0.1 - - [12/Jan/2025 12:15:43] "GET /api/status HTTP/1.0" 200 157
127.0.0.1 - - [12/Jan/2025 12:15:45] "GET /api/status HTTP/1.0" 200 157
127.0.0.1 - - [12/Jan/2025 12:15:47] "GET /api/status HTTP/1.0" 200 157
[CTRL] POST /data
127.0.0.1 - - [12/Jan/2025 12:15:48] "POST /api/data?client=6a4ef86890e1e584&memo=GATHERROUND5 HTTP/1.0" 200 0
127.0.0.1 - - [12/Jan/2025 12:15:49] "GET /api/status HTTP/1.0" 200 157
[CTRL] POST /data
127.0.0.1 - - [12/Jan/2025 12:15:50] "POST /api/data?client=1245e957de2b3c68&memo=GATHERROUND5 HTTP/1.0" 200 0
[Time: 12.01.25 12:15:50] [Level: info] [State: aggregate] {'encoder.0.weight': array([[-0.8593465 ,  0.7754255 ,  0.45233634, ..., -0.44805256,
         0.41754365, -0.6405183 ],
       [-0.14101632, -0.8942808 , -0.53819686, ...,  0.18875024,
        -1.095459  , -0.23107867],
       [ 1.4251484 , -0.8964883 ,  0.269954  , ..., -0.7361754 ,
        -0.4160015 , -0.32049945],
       ...,
       [-0.35931608,  0.3766429 ,  1.1312011 , ...,  0.9668365 ,
        -0.5179115 , -0.12712014],
       [ 0.3044868 ,  0.20578836,  0.1823392 , ...,  0.23213515,
        -1.050879  ,  0.0436213 ],
       [-1.0180241 , -0.55756986, -0.6628443 , ..., -0.31697118,
         0.2674384 ,  0.11523753]], dtype=float32), 'encoder.0.bias': array([-3.21185946e-01, -3.10674489e-01,  2.58175045e-01, -4.44567353e-01,
       -1.20227206e+00,  5.20023406e-01, -1.99684352e-01, -7.68253088e-01,
       -8.04334402e-01,  4.81145948e-01, -1.24783523e-01, -1.02739263e+00,
        2.13670537e-01, -7.51976132e-01, -2.84435242e-01,  5.94684631e-02,
       -5.80498755e-01, -1.95748210e-01, -9.67477143e-01, -9.77349997e-01,
       -1.25845993e+00,  4.27778691e-01, -7.76775301e-01,  3.08047593e-01,
        1.58504099e-01,  6.37526393e-01,  4.99388576e-01,  8.66585433e-01,
        3.08812648e-01, -5.64286590e-01, -7.50909746e-01,  4.97419447e-01,
       -3.26416105e-01, -8.94059658e-01,  1.33209315e-03,  8.82014096e-01,
       -9.48783755e-02, -1.61381215e-02, -6.77429289e-02, -9.19424742e-02,
        5.26435673e-01, -6.04780138e-01, -1.02854922e-01,  8.08709443e-01,
       -4.68946218e-01, -1.19488585e+00, -3.48610073e-01, -5.73695004e-01,
        7.31500626e-01, -7.81041622e-01, -6.81617677e-01, -2.34004274e-01,
        6.62658662e-02, -8.38639259e-01,  1.74115315e-01, -1.15240850e-01,
       -2.41677072e-02, -3.86773914e-01, -7.96792805e-01, -1.08145237e+00,
        1.25416875e-01,  3.35300565e-01, -9.66913998e-01,  6.50403380e-01,
       -9.84933972e-02,  8.44154775e-01, -7.99851477e-01, -1.16678023e+00,
       -1.34332728e+00,  2.53281593e-01,  8.69163334e-01, -8.19873810e-01,
       -3.70823473e-01, -8.90239537e-01, -7.74970651e-01, -4.23081033e-02,
       -9.49701846e-01,  6.43442333e-01, -1.11015260e+00,  1.48139209e-01,
        8.43495607e-01,  7.09078372e-01, -7.87319779e-01,  6.03433847e-01,
       -6.87545121e-01, -2.20712423e-01, -5.19619644e-01,  3.18242520e-01,
        2.47943327e-01, -6.85064554e-01, -5.16229093e-01,  3.07766110e-01,
        6.98066294e-01, -8.43913376e-01, -6.23285592e-01,  1.32205263e-01,
       -3.93613249e-01, -9.59563613e-01,  2.73679048e-01, -7.52239764e-01,
        4.98861045e-01, -1.01973581e+00, -8.45803380e-01, -4.15101275e-02,
       -6.63450718e-01, -8.61483663e-02,  1.41868174e-01,  5.46308219e-01,
        3.73063356e-01,  8.45314026e-01, -5.27930379e-01, -1.52940661e-01,
       -2.83711851e-01,  1.82920077e-03, -4.74504024e-01,  7.47642457e-01,
       -4.98489588e-01, -3.41663927e-01, -6.12800300e-01,  7.80747771e-01,
        1.69453725e-01, -1.07655668e+00, -9.02436972e-01, -4.36085202e-02,
       -1.59419119e-01, -4.87708241e-01, -4.43908870e-01, -2.01614991e-01,
       -6.70023322e-01,  7.03930318e-01,  7.91159272e-01, -1.00213599e+00,
        8.32413044e-03,  8.18921864e-01,  6.01948798e-01,  2.27279551e-02,
       -1.74625888e-01, -1.21628463e-01, -2.27887295e-02, -5.43015301e-01,
        6.77950382e-01, -1.14193070e+00, -3.23581010e-01, -4.73602533e-01,
       -3.92576829e-02,  7.85477877e-01, -6.32277653e-02, -4.13327217e-01,
       -1.97166353e-01, -6.73949718e-01, -4.29418385e-01,  6.67104900e-01,
       -5.12469232e-01, -3.14399488e-02, -4.68711555e-01, -3.61261904e-01,
        7.69013345e-01,  5.72188437e-01, -4.64401513e-01, -1.23155737e+00,
       -4.80170250e-01, -1.23546049e-02, -7.55741596e-01,  6.27295375e-01,
       -7.55243957e-01, -1.13033903e+00,  7.07491040e-01,  6.47830963e-01,
        6.94445908e-01, -4.01494652e-01, -1.16400826e+00, -7.30002999e-01,
        2.40225289e-02, -7.06612051e-01,  7.48602271e-01,  4.90278661e-01,
        5.34998238e-01, -1.02252066e+00, -1.15126443e+00,  9.31278229e-01,
       -7.35979676e-01, -5.62924087e-01, -9.81603622e-01,  3.88970494e-01,
        4.81258869e-01, -1.01176035e+00,  5.79812229e-01, -7.13207066e-01,
       -9.58344698e-01,  6.13251984e-01, -8.44782114e-01, -3.57299119e-01,
       -7.57003129e-01, -1.15099967e+00,  9.38905358e-01,  8.15999329e-01,
       -1.75277665e-01, -1.00720376e-01, -3.10888112e-01, -5.71934402e-01,
       -1.06031239e+00,  1.37644768e-01, -8.48874331e-01,  6.01540864e-01,
        6.37860224e-02,  6.53076649e-01, -9.53832328e-01,  7.77960837e-01,
       -1.60100490e-01,  1.75815821e-01, -5.23295164e-01, -8.88674676e-01,
       -9.51332927e-01,  4.24453378e-01, -7.04972267e-01,  1.81485146e-01,
        4.31887746e-01, -1.55609939e-02, -7.65724421e-01,  1.63705811e-01,
       -7.06382155e-01, -1.56867832e-01,  6.37844503e-01,  7.57862180e-02,
       -7.60909915e-01, -1.48645222e+00, -1.24761927e+00,  7.64054537e-01,
        9.22384113e-03, -9.09158409e-01, -9.72513929e-02,  4.69683379e-01,
       -4.71756548e-01,  1.03070207e-01,  1.77427009e-01, -1.64932497e-02,
       -1.17474365e+00, -3.99661183e-01,  3.62410583e-02, -2.07323320e-02,
        1.12355423e+00,  5.49289286e-01, -5.44485807e-01, -1.29416704e-01,
       -7.58475363e-02, -6.71020448e-02,  2.29899466e-01, -4.77860898e-01,
       -6.97450399e-01, -1.01979804e+00,  4.48035449e-01, -1.10012984e+00,
       -5.69024980e-01, -2.49014497e-01, -7.39429519e-02,  3.34115207e-01,
       -4.45031047e-01,  6.61111116e-01, -8.46653819e-01,  4.43155825e-01,
        7.53353596e-01, -5.49708009e-01,  2.01508805e-01, -9.30391908e-01,
       -1.02343440e+00,  5.81762433e-01,  5.21867983e-02, -7.38567889e-01,
        3.12376678e-01, -1.88571453e-01,  6.11129224e-01, -7.48725832e-01,
        3.10933411e-01, -1.19059992e+00, -9.42172348e-01,  1.80402994e-01,
        1.26517732e-02,  6.65803030e-02, -6.54812872e-01,  3.15370947e-01,
       -1.12493992e+00,  2.46793002e-01, -8.06956708e-01, -8.71222973e-01,
        3.52555066e-01, -4.75956857e-01,  1.67677119e-01, -7.63882160e-01,
       -3.71219665e-01, -7.82490194e-01, -7.08318874e-02,  4.19491321e-01,
       -9.01563704e-01, -4.09310609e-01,  6.80760086e-01, -1.18927217e+00,
       -1.25092506e+00, -6.75001085e-01, -1.10744715e+00,  8.02187741e-01,
       -5.96742094e-01,  5.29558778e-01, -2.98220161e-02, -4.72711861e-01,
       -1.05828941e+00,  2.53973808e-02, -1.20400310e+00, -6.30260170e-01,
       -8.81015599e-01,  1.75665542e-01,  7.58811831e-01,  3.27126741e-01,
       -1.92508399e-02, -9.67655122e-01,  6.94791138e-01,  4.43263352e-01,
        1.81178272e-01, -6.51110590e-01, -1.02415228e+00, -9.03118134e-01,
       -8.66270304e-01,  1.46162659e-02, -7.06196189e-01, -1.06436694e+00,
       -1.20119996e-01, -1.19187105e+00, -5.88433087e-01, -1.38581526e+00,
        2.67534852e-01, -9.05195549e-02, -7.90282905e-01, -1.21712637e+00,
       -1.05950737e+00, -1.06868565e+00, -1.84608549e-01, -6.75118387e-01,
       -3.82122517e-01, -6.43684804e-01,  4.85747427e-01,  4.12464529e-01,
       -1.20595837e+00, -1.24638033e+00, -7.06336379e-01, -6.56827211e-01,
       -1.46101490e-01,  3.73564929e-01, -3.90431285e-01, -5.45638978e-01,
        6.90897167e-01, -7.12929666e-01, -1.07394242e+00, -9.19594094e-02,
       -9.29151416e-01,  7.24570692e-01,  5.40741801e-01, -8.23221922e-01,
       -1.55146495e-01,  4.30306882e-01, -7.16900051e-01,  3.85775596e-01,
        3.71536493e-01, -8.24343681e-01, -3.84616941e-01,  3.78466882e-02,
       -8.57588828e-01,  3.94797891e-01, -7.41109848e-01, -3.45333487e-01,
       -7.40603805e-01, -1.13372177e-01, -5.40512502e-01, -5.92628002e-01,
       -4.55900699e-01,  5.94671369e-01, -5.67503572e-01,  5.89998603e-01,
       -6.53126538e-01,  3.02879810e-01, -1.12215316e+00,  1.04764082e-01,
       -1.70837328e-01,  4.05058980e-01, -9.78000835e-02,  6.04284167e-01,
       -2.21965566e-01,  5.18357992e-01, -8.94229472e-01,  5.18868983e-01,
        1.87279865e-01, -1.14158916e+00, -8.94339979e-01, -8.67442727e-01,
        3.19930255e-01, -1.02379787e+00, -1.11482024e+00, -3.22497725e-01,
        7.00569034e-01, -4.73544840e-03,  1.30686522e-01, -1.12881362e+00,
       -9.30041149e-02,  2.02483565e-01,  1.19244590e-01,  2.71306068e-01,
       -5.54206431e-01, -1.17954278e+00, -6.57327294e-01,  3.67825001e-01,
        2.17070118e-01,  1.17101997e-01,  7.24039853e-01, -7.45056152e-01,
       -9.92294490e-01, -1.11884654e+00, -3.91266728e-03, -1.67944238e-01,
       -1.17238224e+00, -9.91340801e-02, -5.98435581e-01, -6.87926292e-01,
        2.86760122e-01, -3.42943460e-01,  7.47857809e-01, -4.89166230e-01,
       -1.01926565e+00, -1.09515083e+00, -7.06858456e-01, -6.90261126e-01,
       -1.01038790e+00,  4.86751050e-01, -1.24023747e+00, -3.50264966e-01,
       -1.20277131e+00, -9.08366263e-01, -9.19670939e-01, -1.04858959e+00,
       -5.31842470e-01, -1.03702652e+00, -1.05331153e-01, -7.79039832e-03,
        5.41027725e-01, -1.42719194e-01,  2.58592833e-02, -7.36434102e-01,
        2.53578216e-01, -9.73167360e-01,  5.80182731e-01, -3.29450607e-01,
       -1.16425490e+00, -1.12247801e+00,  5.09957314e-01, -1.09789968e+00,
        4.55940478e-02, -1.10356852e-01, -1.88829035e-01,  2.16019005e-02,
       -2.64379740e-01, -8.37318182e-01, -1.45763569e-02,  4.97675121e-01,
        9.85749289e-02,  7.01524854e-01,  5.23078263e-01, -9.46807265e-01,
       -9.10221279e-01, -1.18623853e+00,  4.93316174e-01, -4.11062270e-01,
        8.84458646e-02, -8.79501879e-01, -1.11872649e+00,  3.42860281e-01,
        6.18289471e-01,  5.11348546e-01,  7.52273679e-01,  9.10996437e-01,
        4.20495234e-02, -1.12076819e+00, -5.87849915e-01, -1.19534628e-02,
        3.76629263e-01, -6.58701181e-01,  9.23360944e-01, -8.71859416e-02,
        3.89695555e-01,  2.13208362e-01, -7.32941389e-01,  5.57347417e-01,
        6.67370558e-01, -1.07074535e+00, -9.32557166e-01,  5.12824655e-01,
        6.08327150e-01, -2.02599868e-01, -1.10276556e+00,  2.79516190e-01,
       -1.22979069e+00, -5.67706406e-01, -9.28182065e-01, -5.88698268e-01],
      dtype=float32), 'encoder.2.weight': array([[ 2.1944351 ,  1.0111951 , -3.8631008 , ...,  3.1358626 ,
        -0.22412825, -0.07508571],
       [ 2.6142564 ,  1.9946193 , -2.908868  , ..., -3.798572  ,
        -2.5087364 , -1.0953461 ],
       [-3.4577525 , -0.38049114, -0.8617379 , ...,  0.41239858,
         2.9389505 ,  3.2684333 ],
       ...,
       [-3.195767  , -0.54408455, -2.7715535 , ...,  2.4100688 ,
         0.16300075,  2.0294147 ],
       [-1.4574312 ,  0.38739958,  2.0657814 , ..., -2.0057802 ,
         0.9378614 , -1.4027492 ],
       [ 1.4130408 , -3.6058714 , -0.20366426, ..., -2.8798563 ,
         1.4702018 ,  1.2286671 ]], dtype=float32), 'encoder.2.bias': array([-1.20159757e+00, -1.15441561e+00,  5.64972386e-02, -2.22549510e+00,
       -2.08228850e+00, -2.55845428e+00, -1.94157809e-02, -2.77496219e+00,
       -2.80395031e+00,  3.66660738e+00, -1.84858525e+00, -2.18840241e+00,
        7.02954352e-01,  2.09497428e+00, -6.58434153e-01, -1.95464993e+00,
        2.68537521e+00, -7.09166169e-01,  1.77411067e+00, -2.26112261e-01,
       -4.27878588e-01, -2.03524470e+00,  1.38148263e-01, -2.44881678e+00,
       -8.30460966e-01,  7.36467123e-01,  2.29347038e+00,  1.51961362e+00,
        1.77411342e+00,  1.67907166e+00, -1.18035996e+00,  3.24091268e+00,
        1.32827258e+00, -1.17663777e+00,  6.60754323e-01, -2.93930435e+00,
        6.57478213e-01, -2.07347080e-01, -7.25116491e-01,  1.82534742e+00,
       -3.07862878e-01,  3.19822097e+00,  1.56396258e+00,  2.11451626e+00,
       -3.22916842e+00,  1.11549687e+00, -2.91027308e+00, -9.68046069e-01,
       -2.87307100e-03,  7.66852319e-01,  2.94267476e-01,  2.46661496e+00,
        2.53350347e-01,  1.36451864e+00, -3.08235979e+00,  3.14118195e+00,
        2.32234311e+00,  2.48412013e+00, -6.98928535e-01, -4.79552656e-01,
        3.15611029e+00,  1.07282317e+00, -2.35715318e+00, -9.68953967e-01,
        1.17626071e+00, -2.09332943e+00,  1.41024832e-02,  6.74166501e-01,
       -2.04935622e+00, -2.03695273e+00,  3.41756135e-01,  2.63000369e+00,
       -9.84702229e-01,  1.85722399e+00, -2.41361618e+00, -2.67145991e+00,
       -7.63967395e-01,  6.09358668e-01,  1.39070809e+00, -3.41389823e+00,
        2.44204715e-01, -9.51751053e-01,  9.63600948e-02, -1.12369263e+00,
       -1.13553512e+00,  2.53255129e+00, -1.45452547e+00, -1.99352133e+00,
       -2.73648763e+00,  2.29837704e+00,  1.69380271e+00,  1.13921225e-01,
       -2.78695989e+00, -7.11034775e-01,  2.10507965e+00, -1.26799810e+00,
       -3.23241055e-02,  2.72381902e-01,  2.83448744e+00, -1.62566614e+00,
        1.46268237e+00,  2.65927815e+00, -3.06448388e+00, -1.40513945e+00,
       -3.79733753e+00, -6.51838124e-01,  1.71043813e+00,  3.09683013e+00,
        1.24597085e+00, -1.60967851e+00,  2.83279955e-01, -3.71102333e+00,
       -2.85631132e+00, -3.31405616e+00,  1.95866418e+00,  2.75505853e+00,
       -2.88659310e+00,  8.18849802e-01,  1.95849333e-02, -9.67940032e-01,
        4.01318699e-01, -2.89221549e+00,  2.46477556e+00,  2.08404851e+00,
       -3.74796629e+00, -4.10333824e+00, -2.79469109e+00, -2.54180121e+00,
       -5.48462033e-01,  5.55168927e-01,  7.07740784e-01, -3.90500641e+00,
        2.39826155e+00,  1.85373807e+00,  1.02027583e+00, -1.09402806e-01,
        4.83527511e-01, -2.15156102e+00, -2.04907703e+00,  7.92264104e-01,
        6.17251873e-01,  1.55484009e+00,  1.30333495e+00,  7.97152996e-01,
       -1.53046989e+00,  5.18944383e-01,  5.56385756e-01, -4.66866821e-01,
        2.41204095e+00,  1.23205709e+00,  1.61255753e+00,  2.07548547e+00,
       -9.18614268e-01, -3.61483407e+00, -3.67108393e+00, -4.23452646e-01,
        1.23487020e+00, -2.35095596e+00,  3.14779019e+00, -9.06473339e-01,
        6.11338355e-02, -1.65209365e+00,  2.34752297e+00,  1.98702669e+00,
        1.10677011e-01,  2.95540929e-01, -2.50883770e+00, -1.46960092e+00,
       -3.40818477e+00,  2.22926572e-01,  2.73083854e+00, -4.33817059e-02,
       -2.04400587e+00, -1.48900270e+00, -2.87958354e-01,  9.39419687e-01,
       -1.65808094e+00, -1.29558337e+00, -3.26698124e-01, -6.01186633e-01,
        2.10145140e+00,  1.27454340e+00, -1.36623478e+00,  2.03174257e+00,
       -1.16289794e-01, -8.60818923e-01, -1.86530495e+00,  2.31203961e+00,
        1.09315671e-01, -1.38120425e+00,  1.50101697e+00, -1.98837781e+00,
        1.77001977e+00, -3.55331469e+00, -2.08657646e+00,  2.21040487e+00,
       -7.87270367e-01,  2.03426942e-01, -7.20555604e-01, -3.77988076e+00,
        1.26706696e+00, -2.96181798e+00, -2.70969915e+00,  3.31276059e+00,
        1.87025762e+00, -4.26985979e+00, -9.00332570e-01, -5.00588834e-01,
       -1.75654113e+00,  6.63006783e-01,  1.29540098e+00,  2.65273005e-01,
        3.46066952e+00, -2.53693275e-02, -2.18104616e-01, -3.26553416e+00,
       -3.35837007e+00, -1.93390989e+00,  2.01409578e+00, -6.41720891e-02,
       -9.43110347e-01, -1.42206475e-01, -2.59752893e+00, -4.16922855e+00,
       -1.87114465e+00, -4.36952877e+00,  1.75099909e+00,  2.53364325e+00,
        2.67534041e+00, -1.02129519e+00, -7.99880564e-01,  1.11390543e+00,
       -1.67820287e+00, -3.90723300e+00, -7.26160407e-02,  1.86921787e+00,
        2.50563562e-01,  3.08585495e-01, -7.47758448e-01,  2.78736401e+00,
       -3.82988238e+00, -1.21947503e+00, -3.21908283e+00, -3.54883337e+00,
        8.58681142e-01,  2.50401497e+00,  8.64935577e-01,  3.12257558e-01,
       -3.63469154e-01, -3.90357554e-01,  2.67739940e+00, -1.54374981e+00,
       -2.01967478e+00, -4.86322969e-01, -3.46495771e+00,  1.75504768e+00,
        4.98758405e-02,  1.21111311e-01,  1.29894865e+00, -2.10360622e+00,
        2.76837015e+00, -1.83638692e+00,  1.22554016e+00,  1.37851751e+00,
        3.02276969e+00, -4.49436903e-01,  1.87813699e+00, -1.26159859e+00,
       -1.92965639e+00, -6.99325383e-01,  2.70525551e+00,  2.15505767e+00,
        3.17407131e-01, -2.74418378e+00, -5.22740483e-01,  1.79504752e+00,
       -3.96324205e+00, -1.75841475e+00,  1.68506491e+00,  9.21044469e-01,
        3.08785868e+00,  1.40937245e+00, -2.27301431e+00, -2.41469455e+00,
       -2.49371305e-01,  6.64216518e-01,  1.87837017e+00, -1.01317370e+00,
       -1.11740208e+00,  3.79021354e-02, -3.49287605e+00, -5.79859912e-01,
        2.82039261e+00, -9.36119974e-01, -1.37310040e+00,  1.75320578e+00,
        3.34986615e+00, -8.39829683e-01,  2.59616256e+00, -1.46180439e+00,
        8.06697488e-01,  1.66755712e+00,  1.35679495e+00, -2.06988566e-02,
        1.61700833e+00, -2.53723884e+00, -1.09010589e+00,  3.90618742e-01,
       -7.19148636e-01,  7.60976434e-01, -6.16183817e-01, -1.91116214e+00,
       -1.87029314e+00, -3.70240426e+00,  1.66735578e+00, -2.73283219e+00,
        3.32860136e+00, -1.24018598e+00,  2.74896049e+00, -1.77504253e+00,
       -1.55268443e+00,  3.13158607e+00,  1.41002309e+00,  2.38630220e-01,
       -5.04122972e-01, -3.91894460e+00,  1.78341997e+00, -3.26807880e+00,
       -2.46773124e+00,  3.29474092e-01,  3.35493624e-01,  4.28940868e+00,
       -7.33310461e-01, -2.22928929e+00, -6.72632396e-01, -8.88102174e-01,
        3.38098526e+00, -1.46541998e-01,  3.23183775e-01,  1.04246366e+00,
        1.98516238e+00, -1.19699979e+00, -2.21180892e+00, -2.23466039e+00,
       -2.59160399e+00,  1.67719018e+00, -3.22680521e+00,  4.39499825e-01,
        1.88399732e+00, -3.09671807e+00,  7.10738003e-01, -2.35278082e+00,
        2.57100463e+00,  3.09398723e+00, -6.82702243e-01, -2.17559981e+00,
        3.62295318e+00, -4.15732861e+00, -2.98533583e+00,  1.56093609e+00,
        5.31118810e-01, -1.04305053e+00, -1.37562037e-01, -1.29976189e+00,
       -9.44813609e-01, -2.11444163e+00, -1.73826849e+00,  3.37632489e+00,
       -9.66363430e-01, -7.83801317e-01, -2.17269921e+00,  2.86900282e+00,
        1.20875776e+00, -9.11798552e-02,  2.90024638e+00, -1.82077146e+00,
       -3.50198483e+00,  3.20550084e+00,  2.61878347e+00,  2.10083818e+00,
       -2.77871656e+00, -1.97335923e+00,  3.61959147e+00,  1.23238730e+00,
        7.97635078e-01,  1.85729027e+00,  2.15837431e+00,  1.45203412e+00,
        3.06392789e+00, -2.53607535e+00,  1.16907012e+00,  2.36800551e+00,
       -9.28663373e-01,  1.78100967e+00, -1.90919793e+00, -1.12737989e+00,
       -2.80683851e+00,  1.86327577e+00,  1.11713767e+00, -4.20962900e-01,
        2.95219851e+00,  2.92582202e+00, -1.27355814e-01,  1.04010820e-01,
        2.61714983e+00, -2.66833878e+00,  2.50283074e+00, -2.99292278e+00,
       -4.19124998e-02, -4.10761023e+00,  2.90315866e+00,  2.41710544e+00,
        1.67582679e+00,  5.51254511e-01,  1.98233259e+00, -1.22673011e+00,
        2.00096533e-01, -2.86831021e+00, -1.29510081e+00, -2.12577343e+00,
       -9.55989718e-01,  1.18266714e+00,  2.39522672e+00,  3.23375493e-01,
        2.98378134e+00, -1.15544128e+00,  1.77811015e+00,  1.64065158e+00,
        3.00080729e+00,  1.78304702e-01,  3.02251339e+00,  1.10879838e+00,
       -2.94123888e+00, -2.54272509e+00, -3.87019277e+00,  2.63577604e+00,
       -1.47052598e+00, -3.53052425e+00, -3.22545379e-01,  5.84769607e-01,
       -3.80876374e+00, -1.38857746e+00, -5.64944863e-01, -3.81109405e+00,
        5.29085519e-03,  6.12887025e-01, -1.39348233e+00, -1.02618444e+00,
       -2.53916955e+00, -3.61399293e+00, -2.77099705e+00, -9.17125523e-01,
       -3.48587847e+00, -1.40138650e+00, -2.50084829e+00, -7.87966490e-01,
       -3.00756645e+00, -3.67746902e+00,  2.25980186e+00, -3.43738723e+00,
        7.76918113e-01, -1.17137206e+00,  2.46787643e+00,  1.46748769e+00,
        2.22140145e+00, -6.93036616e-01, -7.41951406e-01, -3.36375570e+00,
       -3.06980085e+00,  3.20718169e+00,  1.49431252e+00, -1.84076834e+00,
        1.71557844e+00, -3.38177234e-01,  2.77828121e+00,  1.35135338e-01,
        1.25877142e+00,  1.79106498e+00, -7.36319959e-01, -1.13660896e+00,
        1.20647061e+00, -2.11438155e+00, -2.70814753e+00,  2.65397906e+00,
       -1.60287726e+00,  1.19971514e-01, -2.37191296e+00, -3.14960957e+00,
       -1.31288123e+00,  2.00616145e+00, -3.16176438e+00,  2.24519920e+00,
        1.25825405e+00,  2.15980744e+00,  4.52203780e-01,  1.18690050e+00,
       -4.89346981e-01, -2.25496459e+00, -1.16098130e+00, -1.24505329e+00],
      dtype=float32), 'encoder.4.weight': array([[-3.9905488e+00, -3.5988073e+00, -2.8268316e+00, ...,
        -2.0042641e+00,  1.1126894e+00,  4.1562513e-01],
       [ 2.7107468e+00, -7.0485163e-01, -7.9927176e-01, ...,
         1.6642846e-01, -7.9776073e-01, -1.8562611e+00],
       [-3.7379810e-01,  1.5236273e+00,  2.9599156e+00, ...,
         1.5011147e+00, -1.8002044e+00, -2.3881912e+00],
       ...,
       [ 3.1864466e-03, -6.6431946e-01,  4.7909901e-01, ...,
        -2.3809414e+00,  5.4354846e-01,  3.1639948e+00],
       [ 2.4428415e+00, -2.3753555e+00, -3.1041455e+00, ...,
         1.2132736e+00,  1.4508162e+00, -2.2281553e-01],
       [-3.9463356e+00, -2.6292386e+00, -4.2020848e-01, ...,
        -2.9406667e+00, -1.9407660e+00,  1.0740196e+00]], dtype=float32), 'encoder.4.bias': array([-0.59208083,  2.2580056 , -2.2602205 , ...,  0.5374302 ,
       -3.8568358 ,  2.0988038 ], dtype=float32), 'encoder.6.weight': array([[-0.4456518 , -1.6429981 , -0.8627497 , ...,  0.25852844,
        -1.3110604 ,  1.0269774 ],
       [-0.23344167, -1.2905426 , -1.6175741 , ..., -0.20250311,
         1.6226898 , -0.95609653],
       [-0.61816126,  0.90471977, -0.6722028 , ...,  0.42749107,
        -1.746901  , -0.25596893],
       ...,
       [ 0.28521746,  2.1939888 , -0.4735353 , ..., -1.1394436 ,
         0.90795386,  0.5978855 ],
       [-1.3460841 ,  0.2559928 ,  0.7244927 , ..., -0.7877916 ,
         1.210588  , -1.2503388 ],
       [ 1.7909597 , -1.0519729 , -1.066795  , ..., -0.6309962 ,
         0.8794942 ,  1.1982694 ]], dtype=float32), 'encoder.6.bias': array([ 0.22715078,  1.1157409 ,  0.85379344,  0.85175276, -0.16131891,
       -1.1310307 ,  0.87444663, -0.31576636,  0.28604287, -1.1355543 ],
      dtype=float32), 'decoder.0.weight': array([[ 19.591536 ,   8.40474  ,  17.648874 , ...,  13.7121105,
        -23.337114 ,   6.2264423],
       [  3.1906037,  24.533865 ,  18.986052 , ...,   1.1168225,
         -9.415587 , -13.02075  ],
       [ -9.1187935,  -0.5979632,  15.342173 , ..., -16.770632 ,
         -1.4437909,   8.840019 ],
       ...,
       [ 17.023405 ,  14.281374 , -10.874218 , ...,  -1.7185606,
        -14.30505  ,  10.812468 ],
       [-14.792974 ,  -8.0392   ,   3.6141465, ...,  16.70721  ,
          3.2055078,  13.491966 ],
       [ -6.296117 ,  15.357025 ,  -9.438992 , ...,  -3.7037613,
          8.512284 , -15.217592 ]], dtype=float32), 'decoder.0.bias': array([  7.080356 ,  18.812428 , -20.412088 , ..., -11.181616 ,
        10.0465355,  10.514361 ], dtype=float32), 'decoder.2.weight': array([[-1.7303705 , -0.8341915 , -1.6617377 , ...,  1.3923397 ,
         1.1036896 ,  1.3612106 ],
       [-2.1337523 , -1.5195295 ,  1.2626292 , ...,  1.3169036 ,
         0.06750782,  0.982394  ],
       [ 1.1769136 ,  1.314265  , -0.01735654, ..., -1.3673084 ,
        -0.0531645 ,  0.90344226],
       ...,
       [-1.2581241 ,  1.2760947 ,  0.81994486, ..., -0.17916149,
         1.2059741 , -1.1253945 ],
       [-1.245271  ,  1.4782698 ,  0.07399112, ...,  0.9645439 ,
        -0.14399907, -0.9628314 ],
       [ 1.238126  , -1.211366  , -0.236141  , ..., -0.35126317,
        -1.9771945 ,  0.7922803 ]], dtype=float32), 'decoder.2.bias': array([ 7.83034265e-01,  1.43419489e-01,  1.48735136e-01, -2.08019066e+00,
        1.51465106e+00,  3.19161832e-01, -1.01974033e-01, -1.44792104e+00,
       -8.36749077e-01, -7.86760032e-01, -4.12482053e-01, -4.15894270e-01,
       -1.31473124e-01,  6.48634672e-01,  7.10351616e-02, -2.18082249e-01,
        6.40625298e-01, -5.98315656e-01, -8.19146395e-01, -1.76131117e+00,
       -1.66345191e+00, -1.21179140e+00, -5.92196465e-01, -3.88633788e-01,
       -5.12434840e-01,  6.59080386e-01,  1.49760807e+00, -2.09451628e+00,
       -1.59473586e+00, -2.34561348e+00,  3.70896310e-01, -1.74679947e+00,
       -9.07526433e-01, -1.64941168e+00, -1.98449671e+00, -1.76431465e+00,
        1.68940139e+00, -2.14259744e+00, -2.02878928e+00, -1.61072309e-03,
        2.05095634e-02,  1.05340374e+00,  4.96644884e-01, -1.42783034e+00,
       -2.24100009e-01, -1.91500306e+00, -1.33082762e-01,  3.53074282e-01,
        1.96386904e-01, -1.84290409e-01,  8.00022483e-01, -1.89561403e+00,
        1.22070229e+00,  1.71104348e+00,  1.88495144e-01,  7.14863241e-01,
       -1.11636376e+00, -8.78760815e-01, -1.11930624e-01, -6.72346652e-01,
       -1.91931462e+00,  6.21198535e-01, -3.17416906e-01,  9.51404035e-01,
        7.87401944e-02,  2.72622317e-01, -1.72115970e+00, -8.04427639e-02,
        1.07093358e+00,  1.16471398e+00, -1.82434177e+00, -1.63347572e-01,
       -7.05209732e-01, -4.89391685e-01,  5.40508986e-01, -1.23666298e+00,
        5.81536651e-01,  1.71320689e+00,  1.42368293e+00, -1.35964286e+00,
       -3.51036519e-01,  9.40839291e-01,  1.54563224e+00, -7.02009439e-01,
        1.65070486e+00,  1.50017643e+00, -8.54866922e-01, -7.70635605e-01,
        8.57848167e-01, -5.08893967e-01,  4.25492078e-01, -1.58994877e+00,
       -8.85045767e-01,  1.35224640e+00,  1.06191981e+00,  1.15338254e+00,
        1.09370875e+00,  1.20033312e+00, -1.18748331e+00,  1.35154381e-01,
       -3.00383121e-01,  1.32497799e+00,  6.55306756e-01, -7.56212473e-01,
       -3.55590910e-01, -1.18966065e-01,  6.60091996e-01,  1.10501337e+00,
        1.42105711e+00,  1.19129431e+00,  1.24000263e+00, -1.27132225e+00,
        1.04738450e+00,  3.66753340e-01, -1.25407565e+00, -2.94482738e-01,
       -9.17712450e-01,  1.28709710e+00,  9.11800802e-01, -1.22368670e+00,
       -1.42779183e+00, -1.44173849e+00, -1.43307865e+00,  1.01842308e+00,
       -1.86470425e+00, -5.18841505e-01,  1.25280845e+00,  9.48544890e-02,
       -5.73025584e-01,  4.41785395e-01, -3.88851851e-01, -6.68294370e-01,
       -1.80163383e-01, -1.79113054e+00,  7.25646853e-01, -1.39554465e+00,
        1.21401712e-01, -7.17044532e-01, -8.25878680e-01,  5.76314151e-01,
        3.32315147e-01, -1.40888357e+00,  6.38017297e-01,  1.58958817e+00,
        1.58519661e+00, -1.99823737e-01, -1.52737415e+00, -1.49249518e+00,
       -4.77504134e-01, -1.28551245e+00, -7.21907662e-03,  9.34690759e-02,
        1.32753050e+00,  1.58834648e+00, -5.73661327e-01,  5.12768567e-01,
        3.11172277e-01, -7.37657368e-01,  1.38721740e+00,  1.43622741e-01,
       -1.20674288e+00, -6.30780637e-01, -1.01567574e-01, -8.92896295e-01,
        1.15915871e+00,  4.85862106e-01,  7.66398549e-01,  1.45678794e+00,
       -3.03301543e-01, -1.42734110e+00, -2.12015837e-01, -1.06412932e-01,
        1.26669478e+00, -4.89654511e-01,  5.12486577e-01, -1.54453948e-01,
        7.96981454e-01, -4.66503948e-01,  9.09606814e-01,  6.75034165e-01,
        1.08625841e+00,  1.14408350e+00,  9.97694433e-02,  1.14448190e+00,
       -8.87470126e-01,  4.59716529e-01,  1.05141521e+00, -4.36550587e-01,
        5.49600780e-01,  1.11049485e+00, -1.86686850e+00, -5.01548529e-01,
        9.61747766e-01,  1.32235003e+00,  8.99806738e-01,  6.32677853e-01,
        9.99792337e-01,  1.30437636e+00, -1.95564842e+00,  8.38677287e-01,
        4.57033724e-01, -1.46615326e+00,  6.44328237e-01,  1.65313721e+00,
        4.39652801e-01,  1.28029037e+00,  7.91368842e-01, -4.26440477e-01,
        1.50134638e-01,  4.57307875e-01, -2.18923640e+00, -8.55135858e-01,
       -1.46968293e+00, -1.66349173e+00,  1.18014884e+00,  3.76333117e-01,
       -1.44607162e+00, -1.39063036e+00, -1.21524549e+00,  1.54694831e+00,
       -1.61943901e+00, -1.16920698e+00,  9.15398359e-01, -1.97625196e+00,
        1.77445874e-01,  1.46131128e-01, -3.14161718e-01, -3.85122627e-01,
        4.76161465e-02, -3.28955561e-01, -6.54394984e-01,  1.10494232e+00,
        2.06525072e-01,  9.99266058e-02, -2.28929663e+00, -1.91043234e+00,
        6.09471440e-01,  7.24940971e-02,  1.51224315e+00, -1.28638196e+00,
       -9.46037471e-01, -1.84862769e+00,  7.45104551e-02, -1.56669021e+00,
        1.24075937e+00, -1.12827802e+00,  1.39629960e+00,  5.01617312e-01,
        1.22580731e+00, -7.13458478e-01, -1.41165507e+00,  1.94362521e-01,
        1.74591765e-01,  8.98782611e-01,  5.58063030e-01, -7.61113048e-01,
        1.60906136e+00,  9.38439429e-01, -8.03715169e-01, -2.84950256e-01,
        3.54277730e-01, -1.61457980e+00,  3.22073489e-01,  6.14862025e-01,
       -1.54665530e-01, -9.38138843e-01, -6.29490435e-01, -1.91474867e+00,
        1.20655107e+00,  5.45682549e-01,  6.03493929e-01, -1.04791963e+00,
        1.74480438e+00, -2.09623623e+00, -9.86064374e-01, -6.82114065e-01,
        6.09889865e-01, -5.79063110e-02, -6.18215978e-01,  1.44382608e+00,
        4.68713045e-01, -1.98429465e+00, -1.69592023e+00,  8.63149166e-01,
        1.82960793e-01, -1.64468914e-01, -7.35893250e-01, -1.69849563e+00,
        1.81650651e+00, -1.06652284e+00,  1.33929813e+00,  1.25501916e-01,
       -8.52956831e-01,  2.87318736e-01,  1.45989209e-01, -1.33338118e+00,
       -2.67377615e-01,  1.49973452e+00,  1.14169858e-01, -1.34571290e+00,
       -1.30242014e+00, -1.34449816e+00, -2.20482111e+00,  1.25059366e+00,
        8.53096843e-01, -1.61503863e+00, -4.35808390e-01, -6.16637290e-01,
       -1.88281786e+00,  9.67758417e-01, -3.17255035e-02, -2.02993434e-02,
       -8.54243219e-01, -1.87318921e+00, -7.03446448e-01,  7.78484941e-01,
        1.23069239e+00,  5.70057392e-01, -1.96444309e+00, -1.83377361e+00,
        2.06673950e-01, -1.82317400e+00, -8.37570056e-02,  7.83666015e-01,
       -9.67231631e-01, -2.19087273e-01, -2.27329239e-01, -7.96064198e-01,
        7.52852261e-01,  6.54385865e-01, -2.19057751e+00, -2.77971178e-01,
        1.18239850e-01,  5.53127468e-01,  1.87244809e+00,  1.75925553e-01,
       -1.95449901e+00, -6.99326038e-01,  3.77855659e-01, -4.39862520e-01,
        1.71417189e+00,  1.33510053e+00, -8.33995819e-01,  1.50261414e+00,
       -1.85180283e+00, -2.13116169e+00, -1.51261181e-01, -9.45832729e-02,
        1.87121987e+00,  1.02826416e+00,  9.83216465e-02, -1.57861376e+00,
       -7.17197835e-01,  1.37836468e+00,  2.12354809e-02,  1.53883839e+00,
       -1.14185262e+00,  4.30891037e-01,  5.35672665e-01, -7.79115736e-01,
        8.31539094e-01,  1.04484737e+00, -9.76067245e-01, -2.97245711e-01,
       -2.56348372e-01,  1.62296319e+00,  3.15133780e-01, -1.33114707e+00,
        1.42638099e+00, -1.62575233e+00, -1.73052764e+00,  7.98530042e-01,
        1.77114928e+00, -1.88098013e-01,  7.96332717e-01,  1.46078873e+00,
        4.65210319e-01,  4.40054238e-02,  8.58600736e-01,  1.20373702e+00,
       -1.23739946e+00, -6.35214150e-01,  1.31691170e+00,  1.09213817e+00,
       -9.47901130e-01, -1.66433835e+00, -8.29867840e-01, -9.97257113e-01,
       -1.08293033e+00,  7.97698796e-01,  1.45042026e+00, -8.09805632e-01,
       -1.62799507e-01, -1.98396957e+00, -1.47892046e+00, -1.66937268e+00,
       -2.06625891e+00, -1.56705570e+00, -9.82432961e-01, -1.62270749e+00,
        1.34353364e+00, -1.64038301e+00,  1.45785689e+00,  1.41772127e+00,
       -7.33724713e-01, -5.84444106e-01, -6.99215889e-01,  1.09341526e+00,
       -2.77973473e-01, -1.61725891e+00,  1.30281544e+00,  1.14024721e-01,
       -2.46356773e+00, -8.44686553e-02, -3.40259731e-01, -8.07717979e-01,
        1.08634651e+00,  1.69511855e+00,  3.91567737e-01,  9.52078342e-01,
       -4.58269686e-01, -6.90150082e-01, -1.21729255e+00,  1.91266894e-01,
        1.00700283e+00,  1.09623981e+00,  3.55379999e-01,  1.67595899e+00,
        9.69386339e-01, -3.29485625e-01, -1.45865992e-01,  8.40929270e-01,
       -2.17725587e+00,  2.15426996e-01,  3.92468065e-01,  7.66681969e-01,
        1.45989776e-01,  9.81657445e-01, -1.35494208e+00, -1.21581629e-01,
        4.34717238e-01, -1.93028346e-01, -2.21280277e-01,  1.38940418e+00,
        3.68281454e-01, -1.29659164e+00,  1.13685226e+00, -3.50550026e-01,
       -5.32402456e-01, -1.22170532e+00,  1.54413235e+00,  1.51269245e+00,
       -9.73113239e-01,  2.14520663e-01,  1.38390124e+00, -1.74730146e+00,
        1.03458667e+00, -1.89958438e-02,  8.39871764e-02,  1.52258086e+00,
       -2.24642217e-01, -1.63115454e+00, -1.64725089e+00,  3.35545689e-02,
       -4.05078799e-01, -1.48972571e+00, -1.68011808e+00,  1.02218354e+00,
        7.45216072e-01,  2.00596437e-01, -8.28316286e-02,  9.03046131e-01,
        1.10895848e+00,  1.07264745e+00,  2.43930236e-01, -2.06342840e+00,
       -1.44341514e-01,  1.54110819e-01,  1.82712734e+00, -5.46649992e-01,
        2.70809233e-01, -1.28147793e+00,  3.47733051e-01,  8.11554864e-02,
        1.13932538e+00,  1.39465451e+00, -1.91657531e+00, -1.21430206e+00,
       -3.94378245e-01, -2.72876590e-01, -1.96534419e+00, -1.15922594e+00,
        9.09120381e-01, -1.48445398e-01, -5.51908910e-01,  1.31626582e+00,
       -1.49631405e+00, -7.57822752e-01,  1.37361288e+00, -5.32814562e-01],
      dtype=float32), 'decoder.4.weight': array([[ 3.2447143 ,  1.6078652 , -2.484607  , ...,  0.55610466,
         2.1150875 ,  2.2954454 ],
       [-0.93520546,  3.7220633 , -1.0796603 , ..., -0.8876321 ,
         2.5807135 , -0.5976173 ],
       [-0.36696944, -2.931619  ,  0.66872245, ...,  2.9412005 ,
        -1.8887225 ,  0.47377914],
       ...,
       [ 2.2281613 , -3.2955573 , -2.2401047 , ...,  0.49329177,
         2.8642275 , -2.0800471 ],
       [ 2.2410553 , -3.9474595 ,  2.1551032 , ..., -2.2932885 ,
         0.6327246 ,  1.7393558 ],
       [-2.8723385 , -1.0699134 , -1.3086233 , ...,  0.1393511 ,
        -1.8412789 ,  1.3367993 ]], dtype=float32), 'decoder.4.bias': array([-2.3248293 ,  2.323148  ,  1.8511753 , -3.5519953 ,  2.1850915 ,
       -0.8846632 , -0.7900348 ,  0.27094418, -0.4563627 , -2.1742616 ,
       -3.8200507 , -1.2032306 , -2.5029597 ,  2.7882056 , -2.5618694 ,
       -4.0244937 ,  0.3515984 , -3.585159  ,  1.4273518 , -2.7881272 ,
        2.4982965 ,  1.0661844 ,  1.5377531 , -4.584629  , -2.1909661 ,
       -2.1284914 ,  0.9381666 ,  2.27758   , -4.1749744 ,  3.0003784 ,
       -3.6459785 ,  1.8801221 ,  0.7307568 ,  1.950154  ,  0.5498708 ,
        0.2808806 ,  0.948755  , -0.6520458 ,  1.4076494 , -0.10978501,
       -2.108422  ,  1.0437628 , -2.278237  , -0.9814738 , -2.5458765 ,
       -2.8374314 ,  1.0016134 , -0.6587016 ,  0.66515034, -0.26863724,
       -1.8681893 , -1.4658608 ,  0.70981896,  3.0984154 , -4.435341  ,
        0.70162576, -2.4192936 , -1.65565   , -3.9814641 , -2.5107925 ,
       -2.4208338 ,  1.722719  , -0.30614534,  0.7345909 , -2.5145266 ,
       -2.099774  , -1.7069273 ,  0.44569474,  2.428364  ,  1.1930239 ,
       -1.7643726 ,  2.975318  , -2.6214068 , -0.15563436, -4.469234  ,
        1.4168283 , -0.14748773, -1.0436547 , -2.5796556 , -1.6408069 ,
        0.789233  ,  2.1802268 , -2.7833586 , -0.70390236,  0.3216247 ,
       -3.556991  , -0.5090679 ,  2.2132297 ,  3.3090997 , -3.3301504 ,
        1.264606  ,  1.2239562 ,  1.4321105 , -0.70827186, -2.5808792 ,
        1.6083634 ,  1.4924616 , -1.6470025 , -2.9080038 ,  1.1824199 ,
       -2.5301762 ,  1.9994994 , -1.5808034 , -3.696189  , -3.3810833 ,
        0.6268921 , -0.28962597, -2.8784604 , -1.5101172 , -3.6069047 ,
       -2.267611  , -2.728535  , -1.6869712 ,  0.9091047 , -2.553768  ,
        3.575129  ,  2.0289805 ,  1.4955417 ,  2.3543606 , -2.8883011 ,
        1.0714571 , -0.25813416, -4.1607046 ,  3.8812156 ,  0.13346218,
       -2.855343  , -2.7054682 ,  1.5648898 , -3.4142067 ,  3.6861918 ,
       -0.24538182, -0.81435716, -2.6653004 ,  0.22051483, -3.8089304 ,
        0.8466719 ,  2.3149338 , -3.511674  ,  2.4806452 , -3.2232623 ,
        0.50804716, -4.006028  , -0.44586858, -2.3170755 ,  1.2871891 ,
        0.8696169 , -1.4586799 , -0.49440917,  1.8658166 , -0.10276525,
        1.4911077 ,  0.16980907, -3.353914  , -0.56400913, -3.3164382 ,
        3.2075841 , -0.2955502 ,  2.6446874 ,  2.324916  , -2.203353  ,
       -1.9625938 , -0.42855307,  0.09117617, -3.3036127 , -3.8650227 ,
       -3.0880337 , -1.9063828 , -2.684844  ,  0.6098383 ,  1.7922137 ,
        2.1979039 , -1.8530375 ,  3.1330066 ,  1.412027  ,  1.2927824 ,
        0.7065602 , -3.7043371 ,  0.67566   , -0.10689764, -0.35571226,
       -3.5426397 , -3.660293  , -2.9882066 , -1.7735971 ,  1.9207671 ,
       -0.18244253,  1.2814014 , -0.84749395, -0.6864397 , -3.3760588 ,
        1.8840014 , -0.35685933, -4.2224236 ,  1.1604134 ,  2.33474   ,
        1.7484343 ,  0.0436579 , -4.001796  , -2.2383833 ,  1.1178584 ,
        1.89186   , -1.4706762 , -1.276394  ,  1.7835431 ,  3.4325566 ,
        2.8158793 ,  0.5072359 ,  1.3973945 , -1.4804351 ,  0.63809264,
        0.9909748 , -0.02062372,  2.7286317 ,  0.1778794 , -2.523738  ,
        0.58648723,  3.7415962 ,  1.3350626 , -3.6316323 ,  2.3957782 ,
        2.481002  ,  1.7438868 , -0.44233313,  1.6044108 , -1.4608092 ,
        0.52533215, -3.3032165 ,  1.8241991 , -2.0270429 , -0.66390246,
       -0.6540599 ,  2.0164285 , -2.1335857 ,  1.6955565 , -4.059642  ,
       -1.5779216 , -0.87899196,  1.6645312 ,  0.8977583 , -1.9988163 ,
       -1.6966803 ,  0.19784388, -0.01606158,  0.240043  ,  2.069771  ,
       -2.9461699 ,  1.2932159 ,  1.933008  , -4.388036  , -1.1630899 ,
        0.36962178,  1.7872695 , -2.7943568 , -3.301341  ,  2.2358215 ,
       -1.6029011 ,  0.9507143 , -0.7802336 ,  1.6238946 , -2.3057423 ,
       -3.1637511 , -3.3692546 , -1.400622  ,  1.7916993 , -4.2242727 ,
       -1.1511625 , -1.6275744 , -2.6612172 , -1.5759794 , -0.9295606 ,
       -1.5376034 , -1.4317943 , -4.403286  ,  1.3066312 ,  2.022858  ,
       -1.3771036 , -1.7170371 , -1.760364  ,  3.4109888 ,  0.33646107,
       -2.0732875 , -0.85556626,  3.2575688 , -1.7267474 ,  2.1843302 ,
       -3.3956585 ,  0.56292   ,  1.9056977 ,  0.19972125,  2.237302  ,
       -0.8854432 ,  0.8865538 , -1.6833029 ,  2.0789528 , -3.1921155 ,
        3.3788698 ,  0.47743803, -3.7835023 ,  0.7278359 , -1.2046238 ,
       -2.1682072 , -3.1363802 ,  1.5556712 , -1.2964369 , -0.22394313,
       -3.973133  , -3.730173  , -1.7559193 ,  0.6157613 ,  1.4079967 ,
       -0.8767905 ,  3.473765  ,  1.3750317 , -0.8206118 ,  1.8730391 ,
        0.19463679,  2.938734  , -2.5017476 , -4.2488627 ,  0.59538656,
        1.2777895 , -3.0482864 , -0.11690372, -3.2801213 , -0.3905904 ,
       -4.3125496 , -1.5937381 ,  0.31324142, -2.4673834 , -0.5700483 ,
       -0.17283921,  0.80000263,  1.2883472 , -0.25389332,  1.998561  ,
       -2.1768665 , -2.6085336 , -3.1603026 , -3.0614662 , -2.7993405 ,
       -1.7082812 , -0.60208356,  3.7146456 ,  1.0828788 ,  1.5638288 ,
        0.11301703,  0.69631827, -2.8679712 ,  1.0413791 , -0.47807774,
       -2.9486232 , -0.70172197, -1.8136647 ,  1.8502394 , -2.1586843 ,
       -3.4207656 , -2.7327046 ,  0.7246655 ,  0.7543645 , -3.330598  ,
       -0.7959797 , -0.36298883, -2.8837652 , -4.433712  ,  0.9749988 ,
        3.3563223 ,  2.5776918 ,  0.61914563, -3.085372  ,  1.5503291 ,
       -1.1352767 , -0.11889951,  2.0255616 ,  0.36695188, -1.3612151 ,
       -0.84344065,  2.4641812 ,  0.9222995 , -0.22788092,  3.3113909 ,
       -5.322914  ,  1.1262426 , -2.1562746 , -0.34352797,  0.70870745,
        3.3360162 , -1.2133472 , -1.026037  , -1.5544713 ,  3.0256944 ,
       -2.8251987 ,  2.492207  ,  1.4023608 , -2.5922768 , -1.4060823 ,
       -0.35834894,  2.877307  , -3.2234845 , -0.67065704, -1.4133317 ,
        2.3242216 ,  0.08090114, -2.999724  , -3.4782448 ,  1.8108764 ,
        0.62855995, -2.726503  , -2.7004225 ,  0.13201451,  2.5720932 ,
        0.9989179 , -3.7758694 ,  0.4752847 , -4.478938  ,  0.60752773,
        1.5832727 , -0.6518294 , -2.7873883 ,  2.4698591 , -3.7455606 ,
       -1.288763  ,  0.58596516,  1.732731  , -2.3458345 , -1.4730549 ,
        0.65193915, -1.3485156 , -4.526639  , -4.303627  , -0.2833058 ,
        2.803979  ,  1.0388495 , -1.9170818 , -3.7321346 , -1.6407802 ,
        2.9527833 , -0.5773475 , -4.1429577 ,  0.32924107, -3.3889961 ,
       -1.1733608 ,  1.442098  ,  1.9112614 ,  0.74412173,  2.4459007 ,
        2.0053782 ,  1.6477754 , -3.85345   ,  0.5822165 , -2.814194  ,
        0.73385537, -3.700634  , -1.345837  , -0.8383547 ,  0.95371336,
        0.31094489,  2.6621413 , -2.1865659 ,  2.0172534 ,  2.7760139 ,
       -2.1483433 , -2.091803  , -3.4062638 ,  1.7053163 ,  0.35297972,
        1.6257007 ,  3.5221379 , -2.7591605 ,  2.2151456 , -3.68657   ,
        2.0993676 , -1.0804588 , -0.56760883,  1.785383  , -2.656131  ,
        0.33345178, -2.5745177 ,  1.4553909 , -1.5390048 ,  0.74278563,
       -3.4629478 , -0.06426863,  0.41937894, -3.3451042 , -3.189357  ,
       -1.6898003 , -2.7537303 ,  3.3186126 , -0.6597357 , -3.3778794 ,
       -4.185856  , -3.6676977 , -2.7528517 , -1.7009797 , -3.9438856 ,
       -2.351696  ,  0.698442  , -4.0680175 ,  2.915677  ,  0.417481  ],
      dtype=float32), 'decoder.6.weight': array([[-1.75847   ,  5.793852  , -0.10574125, ...,  4.5461917 ,
        -3.5570967 ,  5.0022616 ],
       [-0.64474666, -1.2614989 ,  1.0975486 , ..., -2.6797237 ,
         0.8393958 ,  1.4868405 ],
       [-2.2432926 ,  2.3649282 , -3.523807  , ...,  2.958137  ,
        -0.07404768, -0.11759841],
       ...,
       [-1.4981614 ,  1.3765278 ,  2.5160542 , ..., -3.8950787 ,
        -0.02373349, -2.510996  ],
       [-3.4987893 , -0.64452815, -3.0021675 , ..., -0.3548551 ,
         2.4285066 , -0.56874907],
       [ 2.6170797 ,  2.9693582 , -0.07023539, ..., -1.7333599 ,
         0.99526054, -1.6001172 ]], dtype=float32), 'decoder.6.bias': array([ 0.7722822 , -0.16839026, -3.97892   , ..., -3.2926433 ,
        0.20320629, -0.90416366], dtype=float32)}
[Time: 12.01.25 12:15:50] [Level: info] [State: aggregate] {'encoder.0.weight': array([[-0.85934657,  0.7754151 ,  0.4525385 , ..., -0.44805762,
         0.41684094, -0.6411341 ],
       [-0.14101636, -0.8942782 , -0.5381943 , ...,  0.18875241,
        -1.0954604 , -0.23105673],
       [ 1.4251486 , -0.8964886 ,  0.2699536 , ..., -0.73617566,
        -0.4160012 , -0.32050002],
       ...,
       [-0.35931557,  0.37669015,  1.1313676 , ...,  0.9668273 ,
        -0.51790094, -0.12713155],
       [ 0.3044868 ,  0.20579407,  0.18234165, ...,  0.23213573,
        -1.0508819 ,  0.04362326],
       [-1.0180241 , -0.55756986, -0.6628443 , ..., -0.31697118,
         0.2674384 ,  0.11523753]], dtype=float32), 'encoder.0.bias': array([-0.32119063, -0.310679  ,  0.25817537, -0.44527158, -1.2020056 ,
        0.52002573, -0.20039025, -0.7682525 , -0.804332  ,  0.4811417 ,
       -0.12492869, -1.0280846 ,  0.21298072, -0.7519753 , -0.28443617,
        0.05947077, -0.58049875, -0.19601758, -0.9675144 , -0.97697914,
       -1.2584616 ,  0.42776966, -0.7775753 ,  0.30805287,  0.15850513,
        0.63752687,  0.499388  ,  0.8665837 ,  0.30881086, -0.5642866 ,
       -0.7509089 ,  0.49740747, -0.32640865, -0.89439136,  0.00164149,
        0.88201433, -0.09416788, -0.01616863, -0.06746604, -0.09193181,
        0.52643394, -0.60478014, -0.10285383,  0.80871433, -0.46887016,
       -1.1941758 , -0.34859985, -0.57369554,  0.731493  , -0.7813343 ,
       -0.6816191 , -0.23372379,  0.06627171, -0.8388065 ,  0.17415513,
       -0.11524079, -0.02416898, -0.38677362, -0.79679185, -1.0814542 ,
        0.12471058,  0.33530036, -0.9669127 ,  0.65119725, -0.09780974,
        0.84415287, -0.799849  , -1.166789  , -1.3440363 ,  0.25327998,
        0.8695616 , -0.8198729 , -0.37082735, -0.8902415 , -0.77496994,
       -0.04231428, -0.9496439 ,  0.6434354 , -1.1101526 ,  0.14813726,
        0.8434791 ,  0.70947665, -0.78790927,  0.60278577, -0.6868369 ,
       -0.22070725, -0.51994276,  0.3182431 ,  0.24793361, -0.6850632 ,
       -0.5162285 ,  0.30776614,  0.6980648 , -0.84391403, -0.6232838 ,
        0.13220434, -0.39405376, -0.958729  ,  0.27364406, -0.7517975 ,
        0.4989209 , -1.0197649 , -0.8458035 , -0.04150753, -0.66416216,
       -0.08686105,  0.14186937,  0.5463082 ,  0.37360725,  0.8453139 ,
       -0.52796113, -0.15294224, -0.28324038,  0.00150508, -0.47451127,
        0.7476437 , -0.49916872, -0.34102887, -0.6130746 ,  0.7807478 ,
        0.1694846 , -1.0769048 , -0.90308386, -0.04360753, -0.15942828,
       -0.4877122 , -0.44391093, -0.20161217, -0.6700204 ,  0.7039271 ,
        0.7911625 , -1.0022032 ,  0.00816697,  0.8189212 ,  0.60125977,
        0.02273327, -0.17462589, -0.12162906, -0.02275814, -0.5430207 ,
        0.67790806, -1.14193   , -0.32424456, -0.47360373, -0.03925852,
        0.7861673 , -0.0625219 , -0.41332677, -0.19648503, -0.6736219 ,
       -0.429421  ,  0.6671065 , -0.51247025, -0.03147617, -0.46872202,
       -0.3612613 ,  0.76900953,  0.57222193, -0.46440116, -1.2308527 ,
       -0.48082536, -0.01235416, -0.75574243,  0.6279771 , -0.75524604,
       -1.1303371 ,  0.7067919 ,  0.64853704,  0.69375294, -0.400797  ,
       -1.1640115 , -0.7293565 ,  0.02401905, -0.70730233,  0.74860096,
        0.48995146,  0.53500366, -1.0225184 , -1.1512543 ,  0.9312765 ,
       -0.7359763 , -0.5629229 , -0.982294  ,  0.38962093,  0.48125377,
       -1.0124724 ,  0.57992226, -0.7139123 , -0.95834017,  0.61322176,
       -0.84478277, -0.35729936, -0.757007  , -1.1509299 ,  0.93890536,
        0.8160001 , -0.17527881, -0.10141345, -0.31048986, -0.5726472 ,
       -1.0608077 ,  0.13764243, -0.84958357,  0.60222596,  0.06378694,
        0.6524978 , -0.95417404,  0.77761424, -0.16009955,  0.17581582,
       -0.5233078 , -0.88867927, -0.95133406,  0.42445388, -0.7049593 ,
        0.18148454,  0.43188775, -0.01556118, -0.76575375,  0.16370422,
       -0.7063812 , -0.15686785,  0.6371411 ,  0.07577798, -0.760994  ,
       -1.4864596 , -1.2473983 ,  0.7640551 ,  0.00920437, -0.90915364,
       -0.09769072,  0.4696743 , -0.47175512,  0.10307471,  0.17743447,
       -0.01649526, -1.1745919 , -0.39897943,  0.03623928, -0.02073221,
        1.1235542 ,  0.5492887 , -0.5446503 , -0.12941776, -0.07584798,
       -0.06710945,  0.22987033, -0.4778617 , -0.6974504 , -1.0197991 ,
        0.4480379 , -1.1001301 , -0.5690306 , -0.24904299, -0.07395817,
        0.33411592, -0.44502652,  0.6611127 , -0.84653693,  0.44315663,
        0.7533524 , -0.54970574,  0.20148522, -0.9303911 , -1.0234345 ,
        0.5817599 ,  0.05239589, -0.73877543,  0.31168956, -0.18787438,
        0.61049336, -0.7487267 ,  0.31093484, -1.1905888 , -0.9428754 ,
        0.18040328,  0.01265757,  0.06655377, -0.65481603,  0.31536737,
       -1.1256452 ,  0.24686395, -0.8062513 , -0.8712235 ,  0.3518505 ,
       -0.47595158,  0.16727103, -0.7638824 , -0.37122202, -0.78248763,
       -0.07086625,  0.41949132, -0.90156114, -0.40964666,  0.6804091 ,
       -1.1892639 , -1.2509238 , -0.6749973 , -1.1075584 ,  0.8021844 ,
       -0.5967748 ,  0.5295642 , -0.0298212 , -0.4733513 , -1.0582907 ,
        0.02539664, -1.2032895 , -0.6309709 , -0.88156915,  0.17566554,
        0.7588203 ,  0.32642576, -0.01925161, -0.967358  ,  0.6947921 ,
        0.44326422,  0.18117674, -0.6506672 , -1.0241498 , -0.9031837 ,
       -0.8659218 ,  0.01461652, -0.7065774 , -1.064365  , -0.1201041 ,
       -1.1918615 , -0.58843213, -1.3858161 ,  0.26752752, -0.09051775,
       -0.79028296, -1.2171674 , -1.0598462 , -1.068684  , -0.18460783,
       -0.67542946, -0.3828007 , -0.64298075,  0.4859876 ,  0.41246516,
       -1.2065504 , -1.2463821 , -0.70633495, -0.6568239 , -0.14610149,
        0.3737261 , -0.39041162, -0.5456379 ,  0.69090307, -0.71347266,
       -1.073947  , -0.09197224, -0.9291466 ,  0.7245699 ,  0.54068995,
       -0.8225259 , -0.15514646,  0.43092352, -0.7169041 ,  0.3857786 ,
        0.370836  , -0.82503587, -0.3848234 ,  0.0376505 , -0.85691476,
        0.3947979 , -0.74110556, -0.34533826, -0.7406037 , -0.11337212,
       -0.54120994, -0.59262687, -0.4559    ,  0.59467226, -0.56750417,
        0.59071237, -0.65258944,  0.30253154, -1.1221561 ,  0.10405137,
       -0.17015797,  0.40434355, -0.09779754,  0.60356945, -0.22162777,
        0.51837045, -0.8941668 ,  0.51887214,  0.18727985, -1.1415883 ,
       -0.8943428 , -0.86744237,  0.31917164, -1.0237968 , -1.1151726 ,
       -0.32192442,  0.7005786 , -0.00474301,  0.13132183, -1.1295191 ,
       -0.09301337,  0.2024806 ,  0.11924392,  0.27130774, -0.55420494,
       -1.1795421 , -0.6573254 ,  0.3678261 ,  0.21705033,  0.11710015,
        0.7241271 , -0.7450572 , -0.99229586, -1.1188438 , -0.00351441,
       -0.16865745, -1.1723809 , -0.0986889 , -0.5987865 , -0.68795025,
        0.28613576, -0.3429306 ,  0.74761224, -0.48847532, -1.0192643 ,
       -1.0951489 , -0.7068499 , -0.6902616 , -1.0096756 ,  0.48674804,
       -1.2402354 , -0.35005462, -1.202772  , -0.90836406, -0.92037857,
       -1.0486245 , -0.53184795, -1.0370286 , -0.1052894 , -0.00841705,
        0.5410172 , -0.14272694,  0.02585594, -0.73639107,  0.25356528,
       -0.9731935 ,  0.5801857 , -0.32937872, -1.1642646 , -1.12249   ,
        0.509953  , -1.0978994 ,  0.04559432, -0.11035905, -0.18845719,
        0.0216019 , -0.264382  , -0.83766437, -0.01389119,  0.49708918,
        0.0978635 ,  0.7015261 ,  0.52311826, -0.94751483, -0.9102213 ,
       -1.1862369 ,  0.49331716, -0.4110593 ,  0.08848669, -0.8795003 ,
       -1.1187238 ,  0.34286043,  0.61829036,  0.51134956,  0.7522889 ,
        0.91111076,  0.04204937, -1.1207671 , -0.5878475 , -0.01195525,
        0.37722945, -0.6586991 ,  0.92335975, -0.087193  ,  0.389298  ,
        0.21320514, -0.7329535 ,  0.5571862 ,  0.6673823 , -1.070744  ,
       -0.9329071 ,  0.51282346,  0.6082505 , -0.20258369, -1.102052  ,
        0.27955285, -1.2297896 , -0.5676409 , -0.9281833 , -0.58869827],
      dtype=float32), 'encoder.2.weight': array([[ 2.1939824 ,  1.010567  , -3.8631008 , ...,  3.13555   ,
        -0.22414483, -0.07508571],
       [ 2.6142273 ,  1.9945928 , -2.9097526 , ..., -3.7985907 ,
        -2.5094488 , -1.0953461 ],
       [-3.4576533 , -0.3804728 , -0.86173344, ...,  0.41272193,
         2.9389532 ,  3.2684333 ],
       ...,
       [-3.1961026 , -0.54378104, -2.7715533 , ...,  2.4097722 ,
         0.16271771,  2.0294147 ],
       [-1.457349  ,  0.38739988,  2.0657814 , ..., -2.0057554 ,
         0.93786126, -1.4027492 ],
       [ 1.4133773 , -3.6058605 , -0.20366426, ..., -2.8795605 ,
         1.4701972 ,  1.2286671 ]], dtype=float32), 'encoder.2.bias': array([-1.20159757e+00, -1.15530014e+00,  5.65130375e-02, -2.22549510e+00,
       -2.08228779e+00, -2.55845428e+00, -1.94157809e-02, -2.77496290e+00,
       -2.80395031e+00,  3.66660738e+00, -1.84858632e+00, -2.18848968e+00,
        7.02961504e-01,  2.09497428e+00, -6.58434153e-01, -1.95465004e+00,
        2.68537569e+00, -7.09166169e-01,  1.77411067e+00, -2.26112261e-01,
       -4.27878588e-01, -2.03510833e+00,  1.38148263e-01, -2.44881678e+00,
       -8.30460966e-01,  7.37223327e-01,  2.29346943e+00,  1.51961362e+00,
        1.77411389e+00,  1.67907166e+00, -1.18040609e+00,  3.24091268e+00,
        1.32746303e+00, -1.17663777e+00,  6.60754323e-01, -2.93930435e+00,
        6.57478213e-01, -2.07347080e-01, -7.25444019e-01,  1.82534754e+00,
       -3.07862312e-01,  3.19822121e+00,  1.56396210e+00,  2.11451626e+00,
       -3.22916842e+00,  1.11549628e+00, -2.90952587e+00, -9.68046069e-01,
       -2.87307100e-03,  7.66852140e-01,  2.94308245e-01,  2.46581864e+00,
        2.53345400e-01,  1.36451423e+00, -3.08235979e+00,  3.14118195e+00,
        2.32233000e+00,  2.48413467e+00, -6.98928297e-01, -4.79605108e-01,
        3.15611029e+00,  1.07282293e+00, -2.35715318e+00, -9.69066203e-01,
        1.17626071e+00, -2.09252930e+00,  1.41024832e-02,  6.74166501e-01,
       -2.04935622e+00, -2.03695273e+00,  3.41756135e-01,  2.62991881e+00,
       -9.84702229e-01,  1.85633945e+00, -2.41361618e+00, -2.67145991e+00,
       -7.63967395e-01,  6.08656287e-01,  1.38995373e+00, -3.41389823e+00,
        2.44204834e-01, -9.51751053e-01,  9.63632241e-02, -1.12369084e+00,
       -1.13553512e+00,  2.53255129e+00, -1.45452547e+00, -1.99352133e+00,
       -2.73648763e+00,  2.29844451e+00,  1.69380271e+00,  1.13921396e-01,
       -2.78695989e+00, -7.11033702e-01,  2.10499334e+00, -1.26834726e+00,
       -3.23240757e-02,  2.72382051e-01,  2.83448744e+00, -1.62557971e+00,
        1.46268225e+00,  2.65927863e+00, -3.06519914e+00, -1.40513825e+00,
       -3.79805017e+00, -6.51838124e-01,  1.71043813e+00,  3.09754062e+00,
        1.24597096e+00, -1.60967851e+00,  2.83279955e-01, -3.71102333e+00,
       -2.85631132e+00, -3.31405735e+00,  1.95866537e+00,  2.75505853e+00,
       -2.88659716e+00,  8.18849802e-01,  1.95849854e-02, -9.67940331e-01,
        4.00435328e-01, -2.89221525e+00,  2.46477532e+00,  2.08404922e+00,
       -3.74796629e+00, -4.10333824e+00, -2.79469109e+00, -2.54176617e+00,
       -5.48461676e-01,  5.55171251e-01,  7.07740426e-01, -3.90500617e+00,
        2.39826155e+00,  1.85373855e+00,  1.02027583e+00, -1.09497152e-01,
        4.82687891e-01, -2.15128922e+00, -2.04907680e+00,  7.92264640e-01,
        6.17251873e-01,  1.55484009e+00,  1.30333495e+00,  7.96260536e-01,
       -1.53046989e+00,  5.18944383e-01,  5.56385756e-01, -4.66866821e-01,
        2.41205955e+00,  1.23205709e+00,  1.61255753e+00,  2.07548547e+00,
       -9.18615222e-01, -3.61483526e+00, -3.67108393e+00, -4.23637331e-01,
        1.23487020e+00, -2.35095716e+00,  3.14779019e+00, -9.06474233e-01,
        6.11338876e-02, -1.65209365e+00,  2.34752297e+00,  1.98702669e+00,
        1.10677049e-01,  2.94626504e-01, -2.50883889e+00, -1.46962523e+00,
       -3.40818477e+00,  2.22926572e-01,  2.73136473e+00, -4.33816612e-02,
       -2.04400587e+00, -1.48900270e+00, -2.87958354e-01,  9.39419687e-01,
       -1.65808094e+00, -1.29558337e+00, -3.27538460e-01, -6.01186693e-01,
        2.10145116e+00,  1.27454472e+00, -1.36623490e+00,  2.03174257e+00,
       -1.16646186e-01, -8.60818923e-01, -1.86459994e+00,  2.31203938e+00,
        1.08482257e-01, -1.38054478e+00,  1.50101697e+00, -1.98837781e+00,
        1.77001715e+00, -3.55331469e+00, -2.08657646e+00,  2.21046090e+00,
       -7.87268460e-01,  2.03426957e-01, -7.20555604e-01, -3.77988100e+00,
        1.26706648e+00, -2.96181798e+00, -2.70969915e+00,  3.31276059e+00,
        1.87025428e+00, -4.26995707e+00, -9.00332570e-01, -5.00588298e-01,
       -1.75654113e+00,  6.63006902e-01,  1.29540098e+00,  2.64937937e-01,
        3.45996213e+00, -2.53655463e-02, -2.18104318e-01, -3.26553416e+00,
       -3.35837007e+00, -1.93363070e+00,  2.01409578e+00, -6.41720891e-02,
       -9.43110347e-01, -1.42206475e-01, -2.59752893e+00, -4.16918182e+00,
       -1.87114525e+00, -4.36948919e+00,  1.75182772e+00,  2.53364348e+00,
        2.67534137e+00, -1.02129376e+00, -7.99879789e-01,  1.11396289e+00,
       -1.67820323e+00, -3.90723252e+00, -7.26160407e-02,  1.86921751e+00,
        2.50555605e-01,  3.08585495e-01, -7.47758567e-01,  2.78736424e+00,
       -3.82988214e+00, -1.21947598e+00, -3.21952510e+00, -3.54883265e+00,
        8.58596325e-01,  2.50402331e+00,  8.64888191e-01,  3.12257558e-01,
       -3.63118023e-01, -3.90357584e-01,  2.67739940e+00, -1.54373097e+00,
       -2.01967502e+00, -4.86322552e-01, -3.46499681e+00,  1.75504756e+00,
        4.98760194e-02,  1.21149428e-01,  1.29894865e+00, -2.10360622e+00,
        2.76838779e+00, -1.83638692e+00,  1.22554016e+00,  1.37851751e+00,
        3.02276969e+00, -4.49436903e-01,  1.87813699e+00, -1.26159859e+00,
       -1.92965639e+00, -6.99422598e-01,  2.70525551e+00,  2.15505767e+00,
        3.17407131e-01, -2.74489737e+00, -5.22741199e-01,  1.79593205e+00,
       -3.96324205e+00, -1.75841498e+00,  1.68506491e+00,  9.21044469e-01,
        3.08785868e+00,  1.40937245e+00, -2.27301478e+00, -2.41469717e+00,
       -2.49404907e-01,  6.64216518e-01,  1.87837017e+00, -1.01317370e+00,
       -1.11740208e+00,  3.79018821e-02, -3.49287605e+00, -5.80573797e-01,
        2.82039261e+00, -9.36119974e-01, -1.37310064e+00,  1.75319397e+00,
        3.34986615e+00, -8.39829683e-01,  2.59616256e+00, -1.46180415e+00,
        8.06367576e-01,  1.66672051e+00,  1.35679483e+00, -2.06988547e-02,
        1.61700833e+00, -2.53723884e+00, -1.09010589e+00,  3.90618742e-01,
       -7.18472779e-01,  7.60976434e-01, -6.16183698e-01, -1.91116214e+00,
       -1.87029076e+00, -3.70240426e+00,  1.66735578e+00, -2.73283219e+00,
        3.32860136e+00, -1.24018598e+00,  2.74896049e+00, -1.77505124e+00,
       -1.55268443e+00,  3.13158607e+00,  1.41002309e+00,  2.38633856e-01,
       -5.04122734e-01, -3.91900134e+00,  1.78341997e+00, -3.26807880e+00,
       -2.46773100e+00,  3.29300046e-01,  3.35577905e-01,  4.28940868e+00,
       -7.33310461e-01, -2.22928929e+00, -6.72632396e-01, -8.88102174e-01,
        3.38098526e+00, -1.46541446e-01,  3.23183775e-01,  1.04246366e+00,
        1.98516178e+00, -1.19699943e+00, -2.21180892e+00, -2.23456955e+00,
       -2.59160376e+00,  1.67718196e+00, -3.22697139e+00,  4.39502746e-01,
        1.88402569e+00, -3.09671807e+00,  7.11493492e-01, -2.35348749e+00,
        2.57100511e+00,  3.09398723e+00, -6.81817710e-01, -2.17559981e+00,
        3.62295389e+00, -4.15732908e+00, -2.98538566e+00,  1.56093609e+00,
        5.31442285e-01, -1.04305053e+00, -1.37395874e-01, -1.29887724e+00,
       -9.44813192e-01, -2.11444163e+00, -1.73826838e+00,  3.37632513e+00,
       -9.66363430e-01, -7.83801317e-01, -2.17269921e+00,  2.86900282e+00,
        1.20875752e+00, -9.11802426e-02,  2.90024638e+00, -1.82077146e+00,
       -3.50110030e+00,  3.20550084e+00,  2.61878181e+00,  2.10083818e+00,
       -2.77871656e+00, -1.97335923e+00,  3.61959147e+00,  1.23238730e+00,
        7.97632635e-01,  1.85774434e+00,  2.15837431e+00,  1.45203257e+00,
        3.06321526e+00, -2.53607535e+00,  1.16916287e+00,  2.36800551e+00,
       -9.28663611e-01,  1.78036308e+00, -1.90931630e+00, -1.12736368e+00,
       -2.80752587e+00,  1.86319172e+00,  1.11713767e+00, -4.20962900e-01,
        2.95219851e+00,  2.92582202e+00, -1.27355814e-01,  1.04011104e-01,
        2.61794615e+00, -2.66833878e+00,  2.50283074e+00, -2.99292374e+00,
       -4.19124961e-02, -4.10761023e+00,  2.90315866e+00,  2.41781664e+00,
        1.67581010e+00,  5.51254332e-01,  1.98233259e+00, -1.22672927e+00,
        2.00096533e-01, -2.86796236e+00, -1.29510081e+00, -2.12577343e+00,
       -9.55989838e-01,  1.18266714e+00,  2.39522648e+00,  3.23320121e-01,
        2.98457766e+00, -1.15544057e+00,  1.77811015e+00,  1.64053500e+00,
        3.00080729e+00,  1.78304702e-01,  3.02251387e+00,  1.10879838e+00,
       -2.94125986e+00, -2.54283261e+00, -3.87019277e+00,  2.63577557e+00,
       -1.47052598e+00, -3.52981210e+00, -3.21789771e-01,  5.84438324e-01,
       -3.80876374e+00, -1.38774419e+00, -5.64677656e-01, -3.81109405e+00,
        5.29085565e-03,  6.12971187e-01, -1.39348209e+00, -1.02618456e+00,
       -2.53916955e+00, -3.61399317e+00, -2.77011085e+00, -9.17125404e-01,
       -3.48587847e+00, -1.40138650e+00, -2.50084829e+00, -7.87966490e-01,
       -3.00756764e+00, -3.67746949e+00,  2.26060128e+00, -3.43669701e+00,
        7.76867926e-01, -1.17137206e+00,  2.46699190e+00,  1.46748769e+00,
        2.22140145e+00, -6.93036616e-01, -7.42656529e-01, -3.36375570e+00,
       -3.06980085e+00,  3.20719576e+00,  1.49431252e+00, -1.83988595e+00,
        1.71558571e+00, -3.38177234e-01,  2.77828121e+00,  1.35137275e-01,
        1.25877142e+00,  1.79106510e+00, -7.36319602e-01, -1.13660896e+00,
        1.20647109e+00, -2.11362576e+00, -2.70814633e+00,  2.65397906e+00,
       -1.60207748e+00,  1.19951643e-01, -2.37191105e+00, -3.14960957e+00,
       -1.31288123e+00,  2.00616145e+00, -3.16087985e+00,  2.24519992e+00,
        1.25825405e+00,  2.15981293e+00,  4.52072442e-01,  1.18690050e+00,
       -4.89346981e-01, -2.25496459e+00, -1.16098130e+00, -1.24505329e+00],
      dtype=float32), 'encoder.4.weight': array([[-3.9906821e+00, -3.5993953e+00, -2.8265986e+00, ...,
        -2.0043120e+00,  1.1125909e+00,  4.1507474e-01],
       [ 2.7107484e+00, -7.0485038e-01, -7.9929155e-01, ...,
         1.6682673e-01, -7.9776073e-01, -1.8562696e+00],
       [-3.7379664e-01,  1.5236287e+00,  2.9599020e+00, ...,
         1.5015130e+00, -1.8002044e+00, -2.3881991e+00],
       ...,
       [ 3.1946467e-03, -6.6427261e-01,  4.7944131e-01, ...,
        -2.3812721e+00,  5.4355091e-01,  3.1639462e+00],
       [ 2.4428411e+00, -2.3753562e+00, -3.1040826e+00, ...,
         1.2136066e+00,  1.4508159e+00, -2.2276577e-01],
       [-3.9470387e+00, -2.6299486e+00, -4.2038476e-01, ...,
        -2.9402685e+00, -1.9407660e+00,  1.0739753e+00]], dtype=float32), 'encoder.4.bias': array([-0.59263  ,  2.2580056, -2.2602205, ...,  0.5374315, -3.8568358,
        2.0988038], dtype=float32), 'encoder.6.weight': array([[-0.44565305, -1.6429981 , -0.8627497 , ...,  0.25852814,
        -1.3110609 ,  1.0269774 ],
       [-0.2334421 , -1.2905426 , -1.6175741 , ..., -0.2025032 ,
         1.6226897 , -0.95609653],
       [-0.61816293,  0.90471977, -0.6722028 , ...,  0.42749083,
        -1.7469013 , -0.25596893],
       ...,
       [ 0.2852172 ,  2.1939888 , -0.4735353 , ..., -1.1394438 ,
         0.9079538 ,  0.5978855 ],
       [-1.3460834 ,  0.2559928 ,  0.7244927 , ..., -0.7877915 ,
         1.2105881 , -1.2503388 ],
       [ 1.7909584 , -1.0519729 , -1.066795  , ..., -0.63099635,
         0.87949413,  1.1982694 ]], dtype=float32), 'encoder.6.bias': array([ 0.2271513 ,  1.1157413 ,  0.85379434,  0.85175425, -0.16131833,
       -1.1310306 ,  0.874446  , -0.3157665 ,  0.28604257, -1.1355543 ],
      dtype=float32), 'decoder.0.weight': array([[ 19.591536 ,   8.40474  ,  17.648874 , ...,  13.7121105,
        -23.337114 ,   6.2264423],
       [  3.1906037,  24.533865 ,  18.986052 , ...,   1.1168225,
         -9.415587 , -13.02075  ],
       [ -9.1187935,  -0.5979632,  15.342173 , ..., -16.770632 ,
         -1.4437909,   8.840019 ],
       ...,
       [ 17.023405 ,  14.281374 , -10.874218 , ...,  -1.7185606,
        -14.30505  ,  10.812468 ],
       [-14.792974 ,  -8.0392   ,   3.6141465, ...,  16.70721  ,
          3.2055078,  13.491966 ],
       [ -6.296117 ,  15.357025 ,  -9.438992 , ...,  -3.7037613,
          8.512284 , -15.217592 ]], dtype=float32), 'decoder.0.bias': array([  7.080356 ,  18.812428 , -20.412088 , ..., -11.181616 ,
        10.0465355,  10.514361 ], dtype=float32), 'decoder.2.weight': array([[-1.7303705 , -0.8341915 , -1.6617377 , ...,  1.3923397 ,
         1.1036896 ,  1.3612106 ],
       [-2.1337523 , -1.5195295 ,  1.2626292 , ...,  1.3169036 ,
         0.06820548,  0.9831046 ],
       [ 1.1769136 ,  1.314265  , -0.01735654, ..., -1.3673084 ,
        -0.05316445,  0.90344226],
       ...,
       [-1.2584505 ,  1.2753851 ,  0.81994486, ..., -0.17916149,
         1.2052733 , -1.1261032 ],
       [-1.2445552 ,  1.4789867 ,  0.07399112, ...,  0.96488965,
        -0.1432829 , -0.96211445],
       [ 1.238126  , -1.211366  , -0.236141  , ..., -0.35126317,
        -1.9771947 ,  0.79228026]], dtype=float32), 'decoder.2.bias': array([ 7.83034265e-01,  1.43419489e-01,  1.48735151e-01, -2.08019066e+00,
        1.51465118e+00,  3.19161832e-01, -1.01974055e-01, -1.44792104e+00,
       -8.36749315e-01, -7.86760032e-01, -4.12482083e-01, -4.16249543e-01,
       -1.31473035e-01,  6.48634851e-01,  7.10351616e-02, -2.18086675e-01,
        6.40625298e-01, -5.99032700e-01, -8.19146395e-01, -1.76131117e+00,
       -1.66345191e+00, -1.21214223e+00, -5.92196465e-01, -3.88633788e-01,
       -5.12434840e-01,  6.59080386e-01,  1.49760807e+00, -2.09451628e+00,
       -1.59473574e+00, -2.34561348e+00,  3.70896310e-01, -1.74679947e+00,
       -9.08243537e-01, -1.64941168e+00, -1.98516870e+00, -1.76431346e+00,
        1.68940139e+00, -2.14259744e+00, -2.02807736e+00, -1.61069073e-03,
        2.05095634e-02,  1.05340374e+00,  4.96644884e-01, -1.42747259e+00,
       -2.24100143e-01, -1.91500318e+00, -1.33082777e-01,  3.53074282e-01,
        1.96742401e-01, -1.84290409e-01,  8.00022483e-01, -1.89561403e+00,
        1.22070229e+00,  1.71104348e+00,  1.88495144e-01,  7.14863241e-01,
       -1.11636376e+00, -8.78760815e-01, -1.11930624e-01, -6.71988070e-01,
       -1.91931462e+00,  6.20881200e-01, -3.17416996e-01,  9.51404035e-01,
        7.87402019e-02,  2.72622406e-01, -1.72115993e+00, -8.04427639e-02,
        1.07093358e+00,  1.16471398e+00, -1.82434177e+00, -1.63347587e-01,
       -7.05209732e-01, -4.89726245e-01,  5.40508986e-01, -1.23666298e+00,
        5.81536412e-01,  1.71320689e+00,  1.42368293e+00, -1.35964286e+00,
       -3.51036519e-01,  9.40839291e-01,  1.54563224e+00, -7.02009439e-01,
        1.65070498e+00,  1.50017643e+00, -8.54866922e-01, -7.70277858e-01,
        8.58206630e-01, -5.08893967e-01,  4.25847709e-01, -1.58993781e+00,
       -8.85045767e-01,  1.35224640e+00,  1.06193590e+00,  1.15338242e+00,
        1.09370840e+00,  1.20033312e+00, -1.18748319e+00,  1.35154203e-01,
       -3.00383121e-01,  1.32497799e+00,  6.55306756e-01, -7.56212473e-01,
       -3.55590820e-01, -1.18966073e-01,  6.60447001e-01,  1.10501337e+00,
        1.42105722e+00,  1.19129419e+00,  1.24000263e+00, -1.27132225e+00,
        1.04738450e+00,  3.66753340e-01, -1.25341618e+00, -2.94482738e-01,
       -9.17712450e-01,  1.28709710e+00,  9.11800802e-01, -1.22368670e+00,
       -1.42779553e+00, -1.44209671e+00, -1.43236160e+00,  1.01842308e+00,
       -1.86470425e+00, -5.18841505e-01,  1.25280845e+00,  9.48544890e-02,
       -5.73025584e-01,  4.41785395e-01, -3.88851851e-01, -6.68294311e-01,
       -1.80521891e-01, -1.79113054e+00,  7.25646853e-01, -1.39590323e+00,
        1.21401712e-01, -7.17045188e-01, -8.25878620e-01,  5.76314211e-01,
        3.31598073e-01, -1.40888357e+00,  6.38017297e-01,  1.58958757e+00,
        1.58519661e+00, -1.99823752e-01, -1.52701557e+00, -1.49249518e+00,
       -4.77504164e-01, -1.28551245e+00, -7.21907662e-03,  9.34696794e-02,
        1.32753062e+00,  1.58834648e+00, -5.73661327e-01,  5.12768567e-01,
        3.11172277e-01, -7.37657368e-01,  1.38721752e+00,  1.43623009e-01,
       -1.20674288e+00, -6.30780637e-01, -1.01567559e-01, -8.93254757e-01,
        1.15915871e+00,  4.85862076e-01,  7.66398609e-01,  1.45678794e+00,
       -3.04018676e-01, -1.42734110e+00, -2.12015823e-01, -1.06412917e-01,
        1.26597774e+00, -4.90538567e-01,  5.12486577e-01, -1.54454842e-01,
        7.97334909e-01, -4.66503948e-01,  9.09606814e-01,  6.75034165e-01,
        1.08625841e+00,  1.14408350e+00,  9.97694507e-02,  1.14448190e+00,
       -8.87470126e-01,  4.59716409e-01,  1.05069804e+00, -4.36549604e-01,
        5.49600840e-01,  1.11013651e+00, -1.86686850e+00, -5.01548529e-01,
        9.61747766e-01,  1.32235003e+00,  8.99806738e-01,  6.31960750e-01,
        9.99792337e-01,  1.30437660e+00, -1.95564842e+00,  8.38677287e-01,
        4.57033724e-01, -1.46619332e+00,  6.44328237e-01,  1.65313721e+00,
        4.39652801e-01,  1.28029037e+00,  7.91368842e-01, -4.26440477e-01,
        1.50134608e-01,  4.57307875e-01, -2.18923640e+00, -8.55135858e-01,
       -1.46968293e+00, -1.66349173e+00,  1.18014884e+00,  3.76333028e-01,
       -1.44607162e+00, -1.39063048e+00, -1.21524549e+00,  1.54694831e+00,
       -1.61943901e+00, -1.16920984e+00,  9.15398359e-01, -1.97625196e+00,
        1.77445874e-01,  1.46131113e-01, -3.14161718e-01, -3.85122627e-01,
        4.76161279e-02, -3.28955561e-01, -6.54747128e-01,  1.10422516e+00,
        2.06525013e-01,  9.99266058e-02, -2.28929663e+00, -1.91043234e+00,
        6.09471440e-01,  7.24940971e-02,  1.51224315e+00, -1.28638196e+00,
       -9.46037471e-01, -1.84862769e+00,  7.45104551e-02, -1.56740725e+00,
        1.24075937e+00, -1.12827802e+00,  1.39629960e+00,  5.02015591e-01,
        1.22509050e+00, -7.13458478e-01, -1.41165471e+00,  1.94362521e-01,
        1.74591780e-01,  8.98782670e-01,  5.58063030e-01, -7.61113048e-01,
        1.60906136e+00,  9.39156532e-01, -8.03715169e-01, -2.85306901e-01,
        3.54277730e-01, -1.61457980e+00,  3.22073489e-01,  6.14861965e-01,
       -1.55382141e-01, -9.38138843e-01, -6.29490435e-01, -1.91474867e+00,
        1.20655107e+00,  5.45682549e-01,  6.03493929e-01, -1.04791963e+00,
        1.74480438e+00, -2.09623623e+00, -9.86062944e-01, -6.82114065e-01,
        6.09889865e-01, -5.79063110e-02, -6.17859960e-01,  1.44382596e+00,
        4.68713045e-01, -1.98429406e+00, -1.69592023e+00,  8.63149166e-01,
        1.82960391e-01, -1.64468899e-01, -7.35893250e-01, -1.69849563e+00,
        1.81650651e+00, -1.06652272e+00,  1.33929813e+00,  1.25501916e-01,
       -8.53315413e-01,  2.87318558e-01,  1.45989209e-01, -1.33373427e+00,
       -2.67377615e-01,  1.49973452e+00,  1.14525422e-01, -1.34571290e+00,
       -1.30206203e+00, -1.34449816e+00, -2.20482111e+00,  1.25059366e+00,
        8.53807867e-01, -1.61575580e+00, -4.35808271e-01, -6.16637290e-01,
       -1.88281786e+00,  9.67758417e-01, -3.17255072e-02, -2.02993136e-02,
       -8.54243219e-01, -1.87390590e+00, -7.03446448e-01,  7.78484941e-01,
        1.22997522e+00,  5.70057392e-01, -1.96444309e+00, -1.83377361e+00,
        2.06677526e-01, -1.82317400e+00, -8.37570056e-02,  7.83666015e-01,
       -9.67231631e-01, -2.19087303e-01, -2.27329239e-01, -7.96063900e-01,
        7.52852261e-01,  6.54385865e-01, -2.19057751e+00, -2.77970910e-01,
        1.18243404e-01,  5.53127468e-01,  1.87318885e+00,  1.75926611e-01,
       -1.95414233e+00, -6.99326038e-01,  3.77855659e-01, -4.39862520e-01,
        1.71417189e+00,  1.33510053e+00, -8.33995819e-01,  1.50261414e+00,
       -1.85144973e+00, -2.13116169e+00, -1.51260912e-01, -9.45832878e-02,
        1.87193680e+00,  1.02826416e+00,  9.83216465e-02, -1.57861376e+00,
       -7.17197835e-01,  1.37836540e+00,  2.12354846e-02,  1.53883827e+00,
       -1.14185262e+00,  4.30891037e-01,  5.36070943e-01, -7.79115796e-01,
        8.31539094e-01,  1.04484737e+00, -9.76067245e-01, -2.97241986e-01,
       -2.56348372e-01,  1.62332070e+00,  3.14814836e-01, -1.33114779e+00,
        1.42566395e+00, -1.62646937e+00, -1.73052764e+00,  7.98530042e-01,
        1.77197266e+00, -1.88098013e-01,  7.96332717e-01,  1.46114719e+00,
        4.65210348e-01,  4.40054238e-02,  8.58600736e-01,  1.20373714e+00,
       -1.23739946e+00, -6.35214150e-01,  1.31691170e+00,  1.09213853e+00,
       -9.47901130e-01, -1.66433835e+00, -8.30225646e-01, -9.97257054e-01,
       -1.08293033e+00,  7.97699690e-01,  1.45042026e+00, -8.09805632e-01,
       -1.62799507e-01, -1.98396957e+00, -1.47892046e+00, -1.66937292e+00,
       -2.06625891e+00, -1.56705570e+00, -9.82432961e-01, -1.62270749e+00,
        1.34353364e+00, -1.64038301e+00,  1.45820904e+00,  1.41772127e+00,
       -7.33724654e-01, -5.84444106e-01, -6.98857367e-01,  1.09341526e+00,
       -2.77973473e-01, -1.61725903e+00,  1.30281544e+00,  1.14024721e-01,
       -2.46356773e+00, -8.44686627e-02, -3.40259731e-01, -8.07717979e-01,
        1.08634639e+00,  1.69511855e+00,  3.91926110e-01,  9.52078342e-01,
       -4.58269686e-01, -6.90150082e-01, -1.21729255e+00,  1.91266894e-01,
        1.00700283e+00,  1.09623981e+00,  3.55380028e-01,  1.67595899e+00,
        9.69386399e-01, -3.29485625e-01, -1.45865977e-01,  8.40929270e-01,
       -2.17725587e+00,  2.15426981e-01,  3.92468035e-01,  7.66682029e-01,
        1.45989746e-01,  9.81657922e-01, -1.35494208e+00, -1.21581629e-01,
        4.34717298e-01, -1.93028331e-01, -2.21280277e-01,  1.38940418e+00,
        3.68281454e-01, -1.29659164e+00,  1.13685226e+00, -3.50550056e-01,
       -5.32402456e-01, -1.22170341e+00,  1.54413235e+00,  1.51197577e+00,
       -9.72396255e-01,  2.14520618e-01,  1.38390148e+00, -1.74730146e+00,
        1.03458667e+00, -1.89958457e-02,  8.39872062e-02,  1.52186370e+00,
       -2.24642232e-01, -1.63115454e+00, -1.64725089e+00,  3.35545763e-02,
       -4.05963391e-01, -1.48972571e+00, -1.68011808e+00,  1.02218354e+00,
        7.45216072e-01,  2.00596511e-01, -8.28316361e-02,  9.03046131e-01,
        1.10895848e+00,  1.07264745e+00,  2.43930236e-01, -2.06342840e+00,
       -1.44341499e-01,  1.54110819e-01,  1.82712734e+00, -5.46649992e-01,
        2.70809233e-01, -1.28183651e+00,  3.47733051e-01,  8.11554864e-02,
        1.13932538e+00,  1.39465451e+00, -1.91657531e+00, -1.21394420e+00,
       -3.94378275e-01, -2.72876590e-01, -1.96534419e+00, -1.15922594e+00,
        9.08409357e-01, -1.48445398e-01, -5.51908851e-01,  1.31626582e+00,
       -1.49631405e+00, -7.58538187e-01,  1.37433004e+00, -5.32814622e-01],
      dtype=float32), 'decoder.4.weight': array([[ 3.2447143 ,  1.6078652 , -2.484607  , ...,  0.55610466,
         2.1150875 ,  2.2954454 ],
       [-0.93520546,  3.7220633 , -1.0796603 , ..., -0.88766515,
         2.5807137 , -0.5976173 ],
       [-0.36696944, -2.931619  ,  0.66872245, ...,  2.9412005 ,
        -1.8887225 ,  0.47377914],
       ...,
       [ 2.2281613 , -3.2955573 , -2.2401047 , ...,  0.49329177,
         2.8642275 , -2.0800471 ],
       [ 2.2410553 , -3.94765   ,  2.1551032 , ..., -2.2932212 ,
         0.6327242 ,  1.7393557 ],
       [-2.8723385 , -1.0699134 , -1.3086233 , ...,  0.1393511 ,
        -1.8412789 ,  1.3367993 ]], dtype=float32), 'decoder.4.bias': array([-2.3248293 ,  2.3267763 ,  1.8080636 , -3.5519953 ,  2.1541848 ,
       -0.8846632 , -0.7900348 ,  0.27194455, -0.4563627 , -2.174261  ,
       -3.8200507 , -1.2032305 , -2.5029597 ,  2.7902727 , -2.561868  ,
       -4.0253787 ,  0.3339506 , -3.585159  ,  1.400652  , -2.7881272 ,
        2.4856138 ,  1.0675454 ,  1.5352259 , -4.584629  , -2.1909661 ,
       -2.1276069 ,  0.92122877,  2.2707264 , -4.1749744 ,  3.0725868 ,
       -3.6459785 ,  1.8828412 ,  0.7168171 ,  1.9308767 ,  0.49780667,
        0.28368098,  1.0283563 , -0.65240437,  1.4034861 , -0.10978501,
       -2.108422  ,  1.0950351 , -2.278237  , -0.9814738 , -2.5458765 ,
       -2.8374314 ,  1.0085722 , -0.6587016 ,  0.63040376, -0.26863706,
       -1.8672845 , -1.4658602 ,  0.6687102 ,  3.089568  , -4.435341  ,
        0.6962625 , -2.4192936 , -1.65565   , -3.9814641 , -2.5107925 ,
       -2.4208338 ,  1.7384775 , -0.30614534,  0.7120401 , -2.5145266 ,
       -2.099774  , -1.7069273 ,  0.44245327,  2.415038  ,  1.1886883 ,
       -1.7643726 ,  2.9334493 , -2.6214068 , -0.15563436, -4.469234  ,
        1.4485954 , -0.14748771, -1.0436547 , -2.5796554 , -1.6408069 ,
        0.700928  ,  2.1898532 , -2.7833586 , -0.7030058 ,  0.34218293,
       -3.5577083 , -0.508711  ,  2.2092931 ,  3.302899  , -3.3301504 ,
        1.2636596 ,  1.2275645 ,  1.4019709 , -0.7091564 , -2.5808792 ,
        1.617542  ,  1.4573289 , -1.6470025 , -2.9080038 ,  1.129696  ,
       -2.530591  ,  1.9682854 , -1.5808034 , -3.696906  , -3.3810833 ,
        0.62904686, -0.28962597, -2.8776703 , -1.5101132 , -3.6069047 ,
       -2.267611  , -2.728535  , -1.6869712 ,  0.87711173, -2.553768  ,
        3.57457   ,  2.0309637 ,  1.5023303 ,  2.3269455 , -2.8883004 ,
        1.0543553 , -0.25812626, -4.1607046 ,  3.944944  ,  0.16304573,
       -2.855343  , -2.7054682 ,  1.5035721 , -3.4142067 ,  3.6920578 ,
       -0.2453818 , -0.81435716, -2.6653004 ,  0.22087568, -3.8089304 ,
        0.8353019 ,  2.3080072 , -3.5124745 ,  2.4645214 , -3.2232623 ,
        0.5869411 , -4.006028  , -0.44586775, -2.3170755 ,  1.2302133 ,
        0.8069781 , -1.4586799 , -0.49405068,  1.8380768 , -0.10276525,
        1.4137114 ,  0.16234893, -3.353914  , -0.56400913, -3.3164382 ,
        3.1958537 , -0.2955502 ,  2.6419723 ,  2.2917418 , -2.203353  ,
       -1.9622362 , -0.42855307,  0.1041068 , -3.3036127 , -3.8650227 ,
       -3.0880337 , -1.9063828 , -2.684844  ,  0.5782508 ,  1.8185798 ,
        2.1204617 , -1.8530375 ,  3.1444755 ,  1.4135727 ,  1.2990764 ,
        0.74240917, -3.7043371 ,  0.68400216, -0.10689764, -0.35571226,
       -3.5426397 , -3.660293  , -2.9882078 , -1.7735956 ,  1.8484324 ,
       -0.18254773,  1.2815886 , -0.8477138 , -0.6864397 , -3.3760588 ,
        1.8816788 , -0.35730162, -4.222425  ,  1.1334099 ,  2.3206604 ,
        1.7177436 ,  0.07384665, -4.001796  , -2.2383833 ,  1.11797   ,
        1.8894906 , -1.4715607 , -1.276394  ,  1.7850732 ,  3.4146652 ,
        2.8265965 ,  0.5097619 ,  1.3933842 , -1.4804351 ,  0.6345569 ,
        0.96513194, -0.02062372,  2.7085204 ,  0.18139312, -2.5241802 ,
        0.5877191 ,  3.7697537 ,  1.294798  , -3.6316323 ,  2.3950758 ,
        2.5066252 ,  1.7033494 , -0.44233313,  1.602411  , -1.4608092 ,
        0.64019   , -3.3032165 ,  1.8780873 , -2.0272403 , -0.66390246,
       -0.6540599 ,  2.0638514 , -2.1335857 ,  1.684603  , -4.059642  ,
       -1.5779943 , -0.87935054,  1.7078327 ,  0.82963014, -1.9988163 ,
       -1.6966803 ,  0.19895597, -0.01606158,  0.24096373,  2.0575643 ,
       -2.9461699 ,  1.27062   ,  1.8931153 , -4.388036  , -1.1638747 ,
        0.35493687,  1.739044  , -2.7943568 , -3.301341  ,  2.2771134 ,
       -1.6028538 ,  0.8599767 , -0.7802336 ,  1.5457512 , -2.3048797 ,
       -3.1637473 , -3.3692546 , -1.400622  ,  1.7593322 , -4.2242727 ,
       -1.1512465 , -1.6275744 , -2.6612172 , -1.5759795 , -0.9295606 ,
       -1.5376034 , -1.4317943 , -4.4028435 ,  1.2789307 ,  2.020581  ,
       -1.3771036 , -1.7170371 , -1.760364  ,  3.3755832 ,  0.33719423,
       -2.0732875 , -0.85556626,  3.2346275 , -1.7267474 ,  2.1608045 ,
       -3.3956585 ,  0.49504533,  1.9132819 ,  0.189634  ,  2.2315266 ,
       -0.88508517,  0.9823703 , -1.6833029 ,  2.0797212 , -3.1921155 ,
        3.3612735 ,  0.49848607, -3.7835023 ,  0.7139385 , -1.2046238 ,
       -2.1682072 , -3.1363802 ,  1.5522449 , -1.2964369 , -0.22394313,
       -3.973133  , -3.730173  , -1.7559193 ,  0.6095614 ,  1.3796433 ,
       -0.8767905 ,  3.5144923 ,  1.3516116 , -0.8206118 ,  1.8908719 ,
        0.17736992,  2.945544  , -2.5017476 , -4.2488627 ,  0.638429  ,
        1.2442966 , -3.0482864 , -0.11690785, -3.2801213 , -0.39067438,
       -4.3133507 , -1.5937378 ,  0.31703216, -2.4673834 , -0.5700558 ,
       -0.17279804,  0.79095703,  1.2913202 , -0.25389332,  2.0559838 ,
       -2.1768665 , -2.6085336 , -3.1603026 , -3.0614662 , -2.7986233 ,
       -1.7082742 , -0.60208356,  3.6980124 ,  1.0594602 ,  1.570966  ,
        0.11491141,  0.68956083, -2.8679712 ,  0.9652194 , -0.47807935,
       -2.9486232 , -0.7025228 , -1.8136647 ,  1.8547665 , -2.1586843 ,
       -3.4207656 , -2.7327046 ,  0.72532266,  0.726448  , -3.3305967 ,
       -0.7959797 , -0.36298883, -2.8837652 , -4.4333534 ,  1.0073603 ,
        3.453072  ,  2.5858862 ,  0.59503573, -3.085372  ,  1.4774932 ,
       -1.1343921 , -0.11801494,  1.9661435 ,  0.44382757, -1.3612151 ,
       -0.84344065,  2.5195765 ,  0.8485729 , -0.22788092,  3.310749  ,
       -5.322914  ,  1.1438851 , -2.156274  , -0.34264338,  0.7136429 ,
        3.3372858 , -1.2133472 , -1.0256784 , -1.5544713 ,  3.0213017 ,
       -2.8251987 ,  2.4496782 ,  1.3679717 , -2.5922768 , -1.4060823 ,
       -0.35834664,  2.834001  , -3.2230422 , -0.67065704, -1.4133317 ,
        2.324795  ,  0.08362945, -2.999724  , -3.4782448 ,  1.7911329 ,
        0.6384031 , -2.726146  , -2.7004225 ,  0.14883067,  2.5988424 ,
        1.0210516 , -3.7758694 ,  0.4424294 , -4.478938  ,  0.5804379 ,
        1.5867678 , -0.6518303 , -2.7873883 ,  2.4906535 , -3.7455606 ,
       -1.288763  ,  0.58175033,  1.7045335 , -2.3458345 , -1.4730549 ,
        0.633449  , -1.3485153 , -4.526639  , -4.303627  , -0.2833058 ,
        2.8003314 ,  0.9595604 , -1.9170818 , -3.7321346 , -1.6407802 ,
        2.947     , -0.5773475 , -4.1429577 ,  0.33128646, -3.3889961 ,
       -1.1733608 ,  1.4423633 ,  1.9409969 ,  0.7470048 ,  2.4578223 ,
        2.0023465 ,  1.672568  , -3.8534498 ,  0.58545697, -2.814194  ,
        0.7342552 , -3.700634  , -1.345837  , -0.8374702 ,  0.9543839 ,
        0.29700524,  2.6094923 , -2.1865659 ,  2.0235453 ,  2.7742338 ,
       -2.1487017 , -2.092161  , -3.4071484 ,  1.7020884 ,  0.35887575,
        1.6582376 ,  3.5228627 , -2.7591605 ,  2.2153115 , -3.68657   ,
        2.0762832 , -1.0804588 , -0.56760883,  1.7670165 , -2.656131  ,
        0.39369988, -2.5745177 ,  1.4642164 , -1.5390048 ,  0.7418668 ,
       -3.462056  , -0.06426864,  0.42439187, -3.3451042 , -3.1886406 ,
       -1.689798  , -2.7537303 ,  3.3483903 , -0.6597357 , -3.3778794 ,
       -4.185856  , -3.6676977 , -2.753294  , -1.7009796 , -3.9438856 ,
       -2.3520546 ,  0.6790069 , -4.0680175 ,  2.9224436 ,  0.4194711 ],
      dtype=float32), 'decoder.6.weight': array([[-1.75847   ,  5.793854  , -0.10568056, ...,  4.5461917 ,
        -3.5570967 ,  5.0022616 ],
       [-0.64474666, -1.2615108 ,  1.0975643 , ..., -2.6797237 ,
         0.83937865,  1.4868405 ],
       [-2.2432926 ,  2.3649282 , -3.5238059 , ...,  2.958137  ,
        -0.07404768, -0.11759841],
       ...,
       [-1.4981614 ,  1.3765258 ,  2.5160525 , ..., -3.8950787 ,
        -0.02373334, -2.510996  ],
       [-3.4987893 , -0.6445279 , -3.0021672 , ..., -0.3548551 ,
         2.4285066 , -0.56874907],
       [ 2.6170797 ,  2.969358  , -0.07023964, ..., -1.7333599 ,
         0.99526054, -1.6001172 ]], dtype=float32), 'decoder.6.bias': array([ 0.77338105, -0.16987398, -3.9793549 , ..., -3.2926807 ,
        0.20234923, -0.90204644], dtype=float32)}
[Time: 12.01.25 12:15:50] [Level: info] [State: aggregate] {'encoder.0.weight': array([[-0.85862976,  0.7749318 ,  0.45194218, ..., -0.4486786 ,
         0.41734487, -0.6411348 ],
       [-0.14101636, -0.8942748 , -0.53819335, ...,  0.18875273,
        -1.0954609 , -0.23105624],
       [ 1.4251486 , -0.8964886 ,  0.2699535 , ..., -0.7361757 ,
        -0.4160011 , -0.3205001 ],
       ...,
       [-0.35931557,  0.37663218,  1.1306925 , ...,  0.96682954,
        -0.5179001 , -0.12712078],
       [ 0.3044868 ,  0.20579465,  0.18234268, ...,  0.23213585,
        -1.050882  ,  0.04362391],
       [-1.0180241 , -0.55756986, -0.6628443 , ..., -0.31697118,
         0.2674384 ,  0.11523753]], dtype=float32), 'encoder.0.bias': array([-0.32060277, -0.31067973,  0.25817546, -0.4452728 , -1.2020564 ,
        0.52002597, -0.20039089, -0.76825255, -0.8043316 ,  0.48064768,
       -0.12477732, -1.0280849 ,  0.21297985, -0.75197524, -0.28443688,
        0.059471  , -0.58049875, -0.1957049 , -0.96782595, -0.97699785,
       -1.2584615 ,  0.42776915, -0.7775302 ,  0.30828473,  0.15850514,
        0.6375269 ,  0.49938792,  0.86658335,  0.3088105 , -0.5642866 ,
       -0.75090915,  0.49670485, -0.3264081 , -0.89439136,  0.00164149,
        0.8820144 , -0.09416726, -0.01644925, -0.06746604, -0.09193511,
        0.5264337 , -0.60478014, -0.10356863,  0.80873686, -0.4685978 ,
       -1.1941721 , -0.34886137, -0.57369566,  0.73150575, -0.7813343 ,
       -0.6816191 , -0.23372379,  0.06697312, -0.8389896 ,  0.1748066 ,
       -0.11595377, -0.0241692 , -0.38677353, -0.79679173, -1.0814555 ,
        0.12541841,  0.3353075 , -0.9669118 ,  0.65119797, -0.09852034,
        0.84415436, -0.79984874, -1.1671344 , -1.3440424 ,  0.25329885,
        0.8695616 , -0.8198729 , -0.3708295 , -0.8902418 , -0.77496976,
       -0.04231469, -0.9493555 ,  0.6434348 , -1.1101526 ,  0.14813705,
        0.8437948 ,  0.70947665, -0.7872342 ,  0.60278344, -0.68683094,
       -0.22070655, -0.51994276,  0.31824324,  0.24786527, -0.68506366,
       -0.51621354,  0.3077668 ,  0.69807017, -0.84390014, -0.6232836 ,
        0.13220438, -0.39405376, -0.9595636 ,  0.27296996, -0.7517975 ,
        0.49885458, -1.0204226 , -0.8457996 , -0.04184944, -0.66416645,
       -0.08686344,  0.1418698 ,  0.5463082 ,  0.37333307,  0.845318  ,
       -0.5279615 , -0.15294224, -0.2832391 ,  0.00150508, -0.4748597 ,
        0.74764395, -0.4991696 , -0.34131873, -0.6130746 ,  0.7807478 ,
        0.16948502, -1.0769048 , -0.90308505, -0.04360735, -0.15942885,
       -0.48770532, -0.4439075 , -0.2016118 , -0.6700199 ,  0.7039268 ,
        0.7911628 , -1.0028443 ,  0.00816697,  0.818927  ,  0.6012562 ,
        0.02273366, -0.17462587, -0.12162851, -0.02223239, -0.5430211 ,
        0.67759633, -1.1419305 , -0.3235764 , -0.47360387, -0.03925868,
        0.7861695 , -0.06251899, -0.41332763, -0.1964816 , -0.6736219 ,
       -0.42942148,  0.6663949 , -0.51178813, -0.03147617, -0.46942508,
       -0.3612612 ,  0.7690101 ,  0.57151157, -0.46371964, -1.2308524 ,
       -0.4802571 , -0.01235426, -0.75574255,  0.6276369 , -0.7545323 ,
       -1.1303369 ,  0.70681643,  0.64854205,  0.69373333, -0.4007998 ,
       -1.1640232 , -0.730028  ,  0.02401844, -0.7073204 ,  0.7486009 ,
        0.48997426,  0.535004  , -1.0225184 , -1.1512519 ,  0.9312762 ,
       -0.73597586, -0.5629227 , -0.98229456,  0.3893221 ,  0.4812477 ,
       -1.0124738 ,  0.57992226, -0.7139146 , -0.95833975,  0.61289924,
       -0.8447829 , -0.35750788, -0.75700796, -1.1506582 ,  0.93890536,
        0.8166927 , -0.17527585, -0.10141453, -0.31048986, -0.5726478 ,
       -1.060745  ,  0.13764225, -0.8495847 ,  0.6022415 ,  0.06378748,
        0.6524969 , -0.95417404,  0.77761424, -0.16009943,  0.17581582,
       -0.52330834, -0.88867956, -0.9513343 ,  0.4244541 , -0.7049587 ,
        0.18148498,  0.43188775, -0.01556388, -0.7660745 ,  0.16366383,
       -0.7063816 , -0.15731013,  0.63783973,  0.07648963, -0.76126325,
       -1.4864603 , -1.247277  ,  0.7640555 ,  0.00920138, -0.90915287,
       -0.09769072,  0.46901074, -0.47175506,  0.10307493,  0.1774331 ,
       -0.01649548, -1.1746577 , -0.3989712 ,  0.036239  , -0.02073389,
        1.123554  ,  0.5493134 , -0.5448383 , -0.12941845, -0.07584813,
       -0.06780234,  0.22954625, -0.47786197, -0.6974504 , -1.0197992 ,
        0.44733128, -1.1001239 , -0.5690296 , -0.24937046, -0.0739594 ,
        0.33411643, -0.44502604,  0.6611132 , -0.84603006,  0.44315666,
        0.75335217, -0.5497052 ,  0.20148273, -0.9303908 , -1.0234343 ,
        0.58176   ,  0.05252126, -0.7389154 ,  0.3116889 , -0.18821985,
        0.6104827 , -0.7494046 ,  0.31093505, -1.1902536 , -0.94287723,
        0.18005393,  0.01264895,  0.06655316, -0.65481704,  0.31538218,
       -1.1256477 ,  0.2471078 , -0.80696565, -0.871225  ,  0.35184705,
       -0.47595122,  0.1673436 , -0.7638828 , -0.37121952, -0.78248715,
       -0.07118292,  0.41949132, -0.901563  , -0.40964666,  0.6804091 ,
       -1.1892632 , -1.2509235 , -0.67571014, -1.1071167 ,  0.8021835 ,
       -0.597405  ,  0.5295645 , -0.02982111, -0.472973  , -1.0582916 ,
        0.0253965 , -1.2032887 , -0.63097453, -0.88135445,  0.17566554,
        0.75882053,  0.32642442, -0.01925169, -0.967358  ,  0.6947923 ,
        0.44326335,  0.18082309, -0.6506672 , -1.0234481 , -0.90345657,
       -0.8659218 ,  0.01461369, -0.70657766, -1.0643647 , -0.12045375,
       -1.1918606 , -0.58843195, -1.3858163 ,  0.26752302, -0.09052075,
       -0.79028296, -1.2171681 , -1.0598462 , -1.0686837 , -0.18460688,
       -0.67542946, -0.38280135, -0.6429839 ,  0.48609358,  0.41246498,
       -1.2062409 , -1.2463822 , -0.70633465, -0.6567774 , -0.14610146,
        0.37392053, -0.39043486, -0.54563737,  0.6909036 , -0.7132678 ,
       -1.0742985 , -0.0919728 , -0.92914623,  0.72536767,  0.5403918 ,
       -0.8225214 , -0.1551419 ,  0.43099916, -0.7166127 ,  0.38578117,
        0.37083557, -0.8250518 , -0.38496137,  0.03753921, -0.85695213,
        0.3947979 , -0.7411047 , -0.3456252 , -0.7413185 , -0.1126569 ,
       -0.54120946, -0.5926267 , -0.45589983,  0.5946725 , -0.5675059 ,
        0.5907136 , -0.6528213 ,  0.30253154, -1.1221569 ,  0.10404997,
       -0.17080526,  0.40478617, -0.0977972 ,  0.6035689 , -0.22162777,
        0.51906556, -0.89450425,  0.5188684 ,  0.18727985, -1.1422995 ,
       -0.894343  , -0.8674422 ,  0.3191714 , -1.0234413 , -1.1151506 ,
       -0.32192442,  0.7005775 , -0.00474424,  0.13077703, -1.1295195 ,
       -0.09301358,  0.20248035,  0.11924373,  0.27130842, -0.55420464,
       -1.1795435 , -0.6573253 ,  0.3678263 ,  0.2167136 ,  0.11781058,
        0.7243876 , -0.74505746, -0.9915848 , -1.1195468 , -0.00351441,
       -0.16865939, -1.1730957 , -0.0986889 , -0.5987865 , -0.6876159 ,
        0.28613362, -0.34259498,  0.74761224, -0.48846835, -1.0192639 ,
       -1.09515   , -0.70650446, -0.69026166, -1.0096737 ,  0.4874617 ,
       -1.2402351 , -0.35005462, -1.2027707 , -0.908361  , -0.9203793 ,
       -1.0492879 , -0.5318492 , -1.0370287 , -0.10498904, -0.00813076,
        0.5410115 , -0.14342777,  0.02585541, -0.7360779 ,  0.2535636 ,
       -0.97319436,  0.5801859 , -0.3294442 , -1.164609  , -1.1228333 ,
        0.50995266, -1.0978994 ,  0.04558944, -0.11035985, -0.18845804,
        0.0216019 , -0.2643833 , -0.83766437, -0.01387917,  0.49733478,
        0.09786128,  0.70152634,  0.52307826, -0.94751567, -0.9102213 ,
       -1.1862366 ,  0.4933174 , -0.41105878,  0.08848669, -0.8802087 ,
       -1.1187235 ,  0.34214756,  0.6182906 ,  0.51134974,  0.75291693,
        0.9113947 ,  0.04204956, -1.1207668 , -0.5872317 , -0.01195546,
        0.3772842 , -0.65869874,  0.9233595 , -0.08754331,  0.38934264,
        0.21320482, -0.73364294,  0.5570105 ,  0.6677247 , -1.0707436 ,
       -0.9329071 ,  0.51282346,  0.6079734 , -0.20225757, -1.1020509 ,
        0.27984577, -1.2297899 , -0.56764144, -0.92818356, -0.58869827],
      dtype=float32), 'encoder.2.weight': array([[ 2.1941442 ,  1.0105664 , -3.8631008 , ...,  3.1359522 ,
        -0.22414516, -0.07508571],
       [ 2.6137104 ,  1.9939039 , -2.909669  , ..., -3.7992623 ,
        -2.5094519 , -1.0953461 ],
       [-3.457405  , -0.38013804, -0.86138296, ...,  0.41272193,
         2.939304  ,  3.2684333 ],
       ...,
       [-3.1961026 , -0.54378104, -2.7715533 , ...,  2.4097722 ,
         0.16271771,  2.0294147 ],
       [-1.4568886 ,  0.38740027,  2.0657814 , ..., -2.005577  ,
         0.9378607 , -1.4027492 ],
       [ 1.4133773 , -3.6055202 , -0.20366426, ..., -2.8795605 ,
         1.4705535 ,  1.2286671 ]], dtype=float32), 'encoder.2.bias': array([-1.20159757e+00, -1.15521622e+00,  5.68505153e-02, -2.22549510e+00,
       -2.08228779e+00, -2.55845428e+00, -1.94157809e-02, -2.77496314e+00,
       -2.80395031e+00,  3.66660738e+00, -1.84859014e+00, -2.18920350e+00,
        7.02077329e-01,  2.09497428e+00, -6.58434153e-01, -1.95465004e+00,
        2.68537569e+00, -7.09964931e-01,  1.77411067e+00, -2.26112261e-01,
       -4.27878588e-01, -2.03509712e+00,  1.38148263e-01, -2.44881678e+00,
       -8.30460966e-01,  7.37182975e-01,  2.29346967e+00,  1.51961362e+00,
        1.77411413e+00,  1.67907166e+00, -1.18040442e+00,  3.24099660e+00,
        1.32744229e+00, -1.17663777e+00,  6.60754323e-01, -2.93930435e+00,
        6.57478213e-01, -2.07347080e-01, -7.25444019e-01,  1.82534766e+00,
       -3.07862222e-01,  3.19822145e+00,  1.56396222e+00,  2.11451626e+00,
       -3.22916842e+00,  1.11549628e+00, -2.90987492e+00, -9.68046069e-01,
       -2.87307100e-03,  7.66852021e-01,  2.93554962e-01,  2.46581864e+00,
        2.53336191e-01,  1.36451387e+00, -3.08235979e+00,  3.14118195e+00,
        2.32238865e+00,  2.48447227e+00, -6.98928297e-01, -4.79598463e-01,
        3.15611005e+00,  1.07282257e+00, -2.35715318e+00, -9.69047725e-01,
        1.17626071e+00, -2.09253025e+00,  1.41024832e-02,  6.74166501e-01,
       -2.04935622e+00, -2.03606820e+00,  3.41756135e-01,  2.62991881e+00,
       -9.84702229e-01,  1.85633945e+00, -2.41361618e+00, -2.67157197e+00,
       -7.63967395e-01,  6.09002292e-01,  1.39071000e+00, -3.41389823e+00,
        2.44204879e-01, -9.51751113e-01,  9.63633731e-02, -1.12372732e+00,
       -1.13553512e+00,  2.53255129e+00, -1.45452547e+00, -1.99352133e+00,
       -2.73648763e+00,  2.29842973e+00,  1.69380271e+00,  1.13921434e-01,
       -2.78695989e+00, -7.11032629e-01,  2.10508871e+00, -1.26834726e+00,
       -3.23240608e-02,  2.72381842e-01,  2.83448744e+00, -1.62558007e+00,
        1.46268225e+00,  2.65927887e+00, -3.06520033e+00, -1.40513813e+00,
       -3.79805040e+00, -6.51838124e-01,  1.71043813e+00,  3.09763026e+00,
        1.24597096e+00, -1.60967851e+00,  2.83279955e-01, -3.71102357e+00,
       -2.85631132e+00, -3.31405783e+00,  1.95866585e+00,  2.75505853e+00,
       -2.88664389e+00,  8.18849802e-01,  1.95850302e-02, -9.67940509e-01,
        4.00435388e-01, -2.89221501e+00,  2.46477509e+00,  2.08404875e+00,
       -3.74796629e+00, -4.10333824e+00, -2.79469109e+00, -2.54175687e+00,
       -5.48104703e-01,  5.55172086e-01,  7.07740247e-01, -3.90500617e+00,
        2.39826155e+00,  1.85373867e+00,  1.02027583e+00, -1.09054863e-01,
        4.82731014e-01, -2.15128922e+00, -2.04907656e+00,  7.92264819e-01,
        6.17205739e-01,  1.55484009e+00,  1.30333495e+00,  7.96260118e-01,
       -1.53046989e+00,  5.18944383e-01,  5.56385756e-01, -4.66866821e-01,
        2.41196322e+00,  1.23205709e+00,  1.61255753e+00,  2.07548547e+00,
       -9.18620527e-01, -3.61483550e+00, -3.67108393e+00, -4.23452646e-01,
        1.23487020e+00, -2.35095739e+00,  3.14862204e+00, -9.06477034e-01,
        6.11338988e-02, -1.65209365e+00,  2.34752297e+00,  1.98702669e+00,
        1.10677049e-01,  2.94724613e-01, -2.50884128e+00, -1.46955097e+00,
       -3.40818477e+00,  2.22926572e-01,  2.73167396e+00, -4.33816276e-02,
       -2.04400587e+00, -1.48900270e+00, -2.87958354e-01,  9.39419687e-01,
       -1.65808094e+00, -1.29558337e+00, -3.27494621e-01, -6.01186693e-01,
        2.10145116e+00,  1.27454495e+00, -1.36711955e+00,  2.03174257e+00,
       -1.16646186e-01, -8.60818923e-01, -1.86531579e+00,  2.31203938e+00,
        1.08475372e-01, -1.38085747e+00,  1.50101697e+00, -1.98837781e+00,
        1.76992559e+00, -3.55331469e+00, -2.08657646e+00,  2.21046090e+00,
       -7.87268281e-01,  2.03426972e-01, -7.20555604e-01, -3.77988148e+00,
        1.26706648e+00, -2.96181798e+00, -2.70969915e+00,  3.31276059e+00,
        1.86954725e+00, -4.26991415e+00, -9.00332570e-01, -5.00588119e-01,
       -1.75654113e+00,  6.63006961e-01,  1.29540098e+00,  2.64937937e-01,
        3.45997024e+00, -2.53654160e-02, -2.18104199e-01, -3.26553416e+00,
       -3.35837007e+00, -1.93384874e+00,  2.01409578e+00, -6.41720891e-02,
       -9.43110347e-01, -1.42206475e-01, -2.59752893e+00, -4.16909933e+00,
       -1.87114465e+00, -4.36881304e+00,  1.75183892e+00,  2.53364325e+00,
        2.67534328e+00, -1.02058017e+00, -7.99879372e-01,  1.11406946e+00,
       -1.67820334e+00, -3.90723157e+00, -7.26160407e-02,  1.86921740e+00,
        2.50554025e-01,  3.08585495e-01, -7.47758508e-01,  2.78736424e+00,
       -3.82988214e+00, -1.21861959e+00, -3.21952510e+00, -3.54883146e+00,
        8.58680069e-01,  2.50402999e+00,  8.64890397e-01,  3.12257558e-01,
       -3.63118023e-01, -3.90357584e-01,  2.67739940e+00, -1.54372752e+00,
       -2.01967502e+00, -4.86322522e-01, -3.46531105e+00,  1.75504732e+00,
        4.98763658e-02,  1.21144071e-01,  1.29894865e+00, -2.10360622e+00,
        2.76872683e+00, -1.83638692e+00,  1.22554016e+00,  1.37851751e+00,
        3.02276969e+00, -4.49436903e-01,  1.87813699e+00, -1.26159859e+00,
       -1.92965662e+00, -6.99331999e-01,  2.70525551e+00,  2.15505767e+00,
        3.17407131e-01, -2.74489760e+00, -5.22741377e-01,  1.79593205e+00,
       -3.96324205e+00, -1.75841677e+00,  1.68506491e+00,  9.21044469e-01,
        3.08785868e+00,  1.40937245e+00, -2.27301478e+00, -2.41398668e+00,
       -2.49280676e-01,  6.64216518e-01,  1.87837017e+00, -1.01317370e+00,
       -1.11740208e+00,  3.79018262e-02, -3.49287605e+00, -5.80574095e-01,
        2.82039261e+00, -9.36119974e-01, -1.37310076e+00,  1.75307488e+00,
        3.34986615e+00, -8.39829683e-01,  2.59616256e+00, -1.46180415e+00,
        8.06367576e-01,  1.66671658e+00,  1.35679460e+00, -2.06988491e-02,
        1.61700833e+00, -2.53723884e+00, -1.09010589e+00,  3.91503334e-01,
       -7.18802214e-01,  7.60976434e-01, -6.16183639e-01, -1.91116214e+00,
       -1.87028861e+00, -3.70151973e+00,  1.66735578e+00, -2.73283219e+00,
        3.32860136e+00, -1.24018598e+00,  2.74896049e+00, -1.77503824e+00,
       -1.55268443e+00,  3.13158607e+00,  1.41002309e+00,  2.38633856e-01,
       -5.04122794e-01, -3.91900134e+00,  1.78341997e+00, -3.26807880e+00,
       -2.46773100e+00,  3.29474092e-01,  3.35577905e-01,  4.28940868e+00,
       -7.33394206e-01, -2.22928929e+00, -6.72632396e-01, -8.88102174e-01,
        3.38098526e+00, -1.46541536e-01,  3.23183775e-01,  1.04246366e+00,
        1.98516166e+00, -1.19699943e+00, -2.21180892e+00, -2.23421812e+00,
       -2.59160280e+00,  1.67789507e+00, -3.22688532e+00,  4.39503014e-01,
        1.88402355e+00, -3.09671807e+00,  7.10736632e-01, -2.35348439e+00,
        2.57012081e+00,  3.09398723e+00, -6.81817710e-01, -2.17559981e+00,
        3.62296319e+00, -4.15732908e+00, -2.98533583e+00,  1.56093609e+00,
        5.31442285e-01, -1.04310119e+00, -1.37358993e-01, -1.29887724e+00,
       -9.45761263e-01, -2.11444163e+00, -1.73826849e+00,  3.37632513e+00,
       -9.66363430e-01, -7.82916784e-01, -2.17269921e+00,  2.86900282e+00,
        1.20875752e+00, -9.11804512e-02,  2.90019321e+00, -1.82077146e+00,
       -3.50154257e+00,  3.20550084e+00,  2.61878181e+00,  2.10083818e+00,
       -2.77871633e+00, -1.97335923e+00,  3.61959147e+00,  1.23238730e+00,
        7.98432291e-01,  1.85774982e+00,  2.15837431e+00,  1.45202732e+00,
        3.06321549e+00, -2.53607535e+00,  1.16904533e+00,  2.36800551e+00,
       -9.28663671e-01,  1.78066790e+00, -1.90925944e+00, -1.12702990e+00,
       -2.80754924e+00,  1.86319149e+00,  1.11713767e+00, -4.20962900e-01,
        2.95219851e+00,  2.92582202e+00, -1.27355814e-01,  1.04011416e-01,
        2.61794615e+00, -2.66833878e+00,  2.50283074e+00, -2.99292374e+00,
       -4.19124961e-02, -4.10761023e+00,  2.90319824e+00,  2.41781783e+00,
        1.67548227e+00,  5.51254392e-01,  1.98233259e+00, -1.22672915e+00,
        1.99654251e-01, -2.86796236e+00, -1.29510081e+00, -2.12577343e+00,
       -9.55989778e-01,  1.18266714e+00,  2.39522648e+00,  3.23375493e-01,
        2.98457766e+00, -1.15544033e+00,  1.77811015e+00,  1.64059782e+00,
        2.99992275e+00,  1.78304702e-01,  3.02251387e+00,  1.10879838e+00,
       -2.94119358e+00, -2.54181170e+00, -3.87019277e+00,  2.63577533e+00,
       -1.47052598e+00, -3.52980971e+00, -3.22630316e-01,  5.84438324e-01,
       -3.80876374e+00, -1.38773870e+00, -5.65551400e-01, -3.81109405e+00,
        5.29085519e-03,  6.12971187e-01, -1.39348209e+00, -1.02618456e+00,
       -2.53916955e+00, -3.61399317e+00, -2.77011085e+00, -9.17125344e-01,
       -3.48587847e+00, -1.40138650e+00, -2.50084829e+00, -7.87966490e-01,
       -3.00756741e+00, -3.67746949e+00,  2.25980043e+00, -3.43740654e+00,
        7.76873112e-01, -1.17137206e+00,  2.46699190e+00,  1.46748769e+00,
        2.22140145e+00, -6.93036616e-01, -7.42657065e-01, -3.36375570e+00,
       -3.06980085e+00,  3.20753694e+00,  1.49431252e+00, -1.83988333e+00,
        1.71483076e+00, -3.38177234e-01,  2.77828121e+00,  1.35137647e-01,
        1.25921369e+00,  1.79106581e+00, -7.36319423e-01, -1.13660896e+00,
        1.20647109e+00, -2.11362553e+00, -2.70814610e+00,  2.65397906e+00,
       -1.60284746e+00,  1.20017745e-01, -2.37191081e+00, -3.14960957e+00,
       -1.31288123e+00,  2.00616145e+00, -3.16176438e+00,  2.24555445e+00,
        1.25825405e+00,  2.15981340e+00,  4.52260762e-01,  1.18690050e+00,
       -4.89346981e-01, -2.25496459e+00, -1.16098130e+00, -1.24505329e+00],
      dtype=float32), 'encoder.4.weight': array([[-3.9906847e+00, -3.5993993e+00, -2.8265986e+00, ...,
        -2.0043120e+00,  1.1125898e+00,  4.1531837e-01],
       [ 2.7107487e+00, -7.0485026e-01, -7.9962218e-01, ...,
         1.6682673e-01, -7.9776073e-01, -1.8566151e+00],
       [-3.7379837e-01,  1.5236288e+00,  2.9595737e+00, ...,
         1.5015130e+00, -1.8002044e+00, -2.3885415e+00],
       ...,
       [ 3.1961624e-03, -6.6427159e-01,  4.7941953e-01, ...,
        -2.3812721e+00,  5.4355121e-01,  3.1636701e+00],
       [ 2.4428415e+00, -2.3753564e+00, -3.1038003e+00, ...,
         1.2136066e+00,  1.4508159e+00, -2.2246122e-01],
       [-3.9470475e+00, -2.6299534e+00, -4.2052510e-01, ...,
        -2.9402685e+00, -1.9407660e+00,  1.0736690e+00]], dtype=float32), 'encoder.4.bias': array([-0.5926314,  2.2580056, -2.2602205, ...,  0.5374318, -3.8568358,
        2.0988038], dtype=float32), 'encoder.6.weight': array([[-0.4456532 , -1.6429981 , -0.8627497 , ...,  0.25852814,
        -1.3110609 ,  1.0269774 ],
       [-0.23344217, -1.2905426 , -1.6175741 , ..., -0.2025032 ,
         1.6226897 , -0.95609653],
       [-0.61816204,  0.90471977, -0.6722028 , ...,  0.42749086,
        -1.7469013 , -0.25596893],
       ...,
       [ 0.28521731,  2.1939888 , -0.4735353 , ..., -1.1394438 ,
         0.9079538 ,  0.5978855 ],
       [-1.3460832 ,  0.2559928 ,  0.7244927 , ..., -0.7877915 ,
         1.2105881 , -1.2503388 ],
       [ 1.7909584 , -1.0519729 , -1.066795  , ..., -0.63099635,
         0.8794941 ,  1.1982694 ]], dtype=float32), 'encoder.6.bias': array([ 0.22715172,  1.1157413 ,  0.85379523,  0.85175467, -0.16131814,
       -1.1310306 ,  0.87444556, -0.3157666 ,  0.28604245, -1.1355543 ],
      dtype=float32), 'decoder.0.weight': array([[ 19.591536 ,   8.40474  ,  17.648874 , ...,  13.7121105,
        -23.337114 ,   6.2264423],
       [  3.1906037,  24.533865 ,  18.986052 , ...,   1.1168225,
         -9.415587 , -13.02075  ],
       [ -9.1187935,  -0.5979632,  15.342173 , ..., -16.770632 ,
         -1.4437909,   8.840019 ],
       ...,
       [ 17.023405 ,  14.281374 , -10.874218 , ...,  -1.7185606,
        -14.30505  ,  10.812468 ],
       [-14.792974 ,  -8.0392   ,   3.6141465, ...,  16.70721  ,
          3.2055078,  13.491966 ],
       [ -6.296117 ,  15.357025 ,  -9.438992 , ...,  -3.7037613,
          8.512284 , -15.217592 ]], dtype=float32), 'decoder.0.bias': array([  7.080356 ,  18.812428 , -20.412088 , ..., -11.181616 ,
        10.0465355,  10.514361 ], dtype=float32), 'decoder.2.weight': array([[-1.7303705 , -0.8341915 , -1.6617377 , ...,  1.3923397 ,
         1.1036896 ,  1.3612106 ],
       [-2.1337523 , -1.5195295 ,  1.2626292 , ...,  1.3169036 ,
         0.06820635,  0.983105  ],
       [ 1.1769136 ,  1.314265  , -0.01700171, ..., -1.3673084 ,
        -0.0531645 ,  0.90344226],
       ...,
       [-1.2584505 ,  1.2753826 ,  0.81994486, ..., -0.17916149,
         1.2052846 , -1.1261063 ],
       [-1.2445558 ,  1.4789867 ,  0.07434491, ...,  0.9648984 ,
        -0.14328301, -0.96211445],
       [ 1.238126  , -1.211366  , -0.23648669, ..., -0.35126317,
        -1.9771956 ,  0.79228014]], dtype=float32), 'decoder.2.bias': array([ 7.83034265e-01,  1.43419489e-01,  1.48735166e-01, -2.08019066e+00,
        1.51465118e+00,  3.19161832e-01, -1.01974063e-01, -1.44792104e+00,
       -8.37466240e-01, -7.86760032e-01, -4.12482083e-01, -4.16251302e-01,
       -1.31472975e-01,  6.48634851e-01,  7.10351616e-02, -2.18086734e-01,
        6.40625298e-01, -5.99032700e-01, -8.19146395e-01, -1.76131117e+00,
       -1.66345191e+00, -1.21179140e+00, -5.92196465e-01, -3.88633788e-01,
       -5.12434840e-01,  6.59797490e-01,  1.49760818e+00, -2.09451628e+00,
       -1.59473574e+00, -2.34561348e+00,  3.70896310e-01, -1.74679947e+00,
       -9.08243537e-01, -1.64941168e+00, -1.98485386e+00, -1.76431429e+00,
        1.68940139e+00, -2.14259744e+00, -2.02807736e+00, -1.61068281e-03,
        2.08677053e-02,  1.05340374e+00,  4.96644884e-01, -1.42747259e+00,
       -2.24100143e-01, -1.91500318e+00, -1.33082777e-01,  3.53074282e-01,
        1.96028575e-01, -1.84290409e-01,  8.00022483e-01, -1.89561403e+00,
        1.22070229e+00,  1.71104360e+00,  1.88495144e-01,  7.14863241e-01,
       -1.11636376e+00, -8.78760815e-01, -1.11930624e-01, -6.71988070e-01,
       -1.91931462e+00,  6.20881200e-01, -3.17416996e-01,  9.51404035e-01,
        7.87402019e-02,  2.72622436e-01, -1.72151828e+00, -8.04427639e-02,
        1.07093358e+00,  1.16471398e+00, -1.82434177e+00, -1.63347602e-01,
       -7.05209732e-01, -4.89749968e-01,  5.40508986e-01, -1.23666286e+00,
        5.81536412e-01,  1.71320689e+00,  1.42368293e+00, -1.35964286e+00,
       -3.51036519e-01,  9.40839291e-01,  1.54563224e+00, -7.02009439e-01,
        1.65070486e+00,  1.50017643e+00, -8.54866922e-01, -7.70277858e-01,
        8.58206749e-01, -5.08893907e-01,  4.25847709e-01, -1.58993661e+00,
       -8.85045767e-01,  1.35224640e+00,  1.06227803e+00,  1.15338254e+00,
        1.09370828e+00,  1.20033312e+00, -1.18712473e+00,  1.35154188e-01,
       -3.00383121e-01,  1.32497799e+00,  6.55306935e-01, -7.56212473e-01,
       -3.55232358e-01, -1.18966073e-01,  6.60447001e-01,  1.10501337e+00,
        1.42105722e+00,  1.19129419e+00,  1.24000263e+00, -1.27132225e+00,
        1.04738450e+00,  3.66753340e-01, -1.25329459e+00, -2.94482738e-01,
       -9.18069065e-01,  1.28709710e+00,  9.11800802e-01, -1.22368670e+00,
       -1.42779553e+00, -1.44209671e+00, -1.43236160e+00,  1.01842308e+00,
       -1.86470425e+00, -5.18841505e-01,  1.25280845e+00,  9.48544890e-02,
       -5.73025584e-01,  4.41785395e-01, -3.88851851e-01, -6.68294251e-01,
       -1.80521965e-01, -1.79113054e+00,  7.25646853e-01, -1.39590323e+00,
        1.21398412e-01, -7.17045188e-01, -8.25878680e-01,  5.76314211e-01,
        3.31598043e-01, -1.40888357e+00,  6.38017297e-01,  1.58958709e+00,
        1.58519661e+00, -1.99823767e-01, -1.52701557e+00, -1.49177802e+00,
       -4.77504164e-01, -1.28551245e+00, -7.57762836e-03,  9.38276276e-02,
        1.32753074e+00,  1.58834660e+00, -5.73661327e-01,  5.12051582e-01,
        3.11172277e-01, -7.37657368e-01,  1.38721764e+00,  1.43623039e-01,
       -1.20746005e+00, -6.30780637e-01, -1.01567544e-01, -8.93254697e-01,
        1.15915871e+00,  4.85862017e-01,  7.66398609e-01,  1.45678794e+00,
       -3.04018676e-01, -1.42734110e+00, -2.12015823e-01, -1.06412902e-01,
        1.26597774e+00, -4.90535855e-01,  5.13203681e-01, -1.54812306e-01,
        7.97334909e-01, -4.66503948e-01,  9.09606814e-01,  6.75034165e-01,
        1.08625841e+00,  1.14408350e+00,  9.97694582e-02,  1.14448190e+00,
       -8.87470126e-01,  4.59716320e-01,  1.05069804e+00, -4.36192989e-01,
        5.49600840e-01,  1.11013651e+00, -1.86686850e+00, -5.01548529e-01,
        9.61746395e-01,  1.32235003e+00,  8.99806738e-01,  6.31960750e-01,
        9.99792337e-01,  1.30365956e+00, -1.95564842e+00,  8.38677168e-01,
        4.57033724e-01, -1.46691048e+00,  6.43970013e-01,  1.65313721e+00,
        4.39652801e-01,  1.28029037e+00,  7.91368842e-01, -4.26440477e-01,
        1.50134280e-01,  4.57307875e-01, -2.18923640e+00, -8.55135858e-01,
       -1.46968293e+00, -1.66349173e+00,  1.18014884e+00,  3.76332968e-01,
       -1.44607162e+00, -1.39063048e+00, -1.21524549e+00,  1.54694831e+00,
       -1.61943901e+00, -1.16921008e+00,  9.15398359e-01, -1.97625196e+00,
        1.77804425e-01,  1.46131128e-01, -3.14161718e-01, -3.85069728e-01,
        4.76161279e-02, -3.28955561e-01, -6.54747128e-01,  1.10422516e+00,
        2.06525013e-01,  9.99266058e-02, -2.28929663e+00, -1.91043234e+00,
        6.09471440e-01,  7.24940971e-02,  1.51224315e+00, -1.28638184e+00,
       -9.46037471e-01, -1.84862769e+00,  7.45104551e-02, -1.56740725e+00,
        1.24075937e+00, -1.12827802e+00,  1.39629960e+00,  5.02373993e-01,
        1.22509027e+00, -7.13458478e-01, -1.41165471e+00,  1.94362521e-01,
        1.74233198e-01,  8.98782670e-01,  5.58063030e-01, -7.61113048e-01,
        1.60906136e+00,  9.39156532e-01, -8.03715169e-01, -2.85308391e-01,
        3.54277730e-01, -1.61457980e+00,  3.22073489e-01,  6.14861965e-01,
       -1.55382156e-01, -9.38138843e-01, -6.29490435e-01, -1.91474867e+00,
        1.20655107e+00,  5.45682549e-01,  6.03095651e-01, -1.04791963e+00,
        1.74480438e+00, -2.09695339e+00, -9.86062884e-01, -6.82114065e-01,
        6.09889865e-01, -5.79063110e-02, -6.17859960e-01,  1.44382596e+00,
        4.68713045e-01, -1.98393607e+00, -1.69592023e+00,  8.63148928e-01,
        1.82959795e-01, -1.64468884e-01, -7.35893250e-01, -1.69849563e+00,
        1.81650651e+00, -1.06652284e+00,  1.33929813e+00,  1.25501916e-01,
       -8.53315413e-01,  2.87318736e-01,  1.45989209e-01, -1.33373964e+00,
       -2.67377615e-01,  1.49973452e+00,  1.14525422e-01, -1.34571278e+00,
       -1.30206156e+00, -1.34409988e+00, -2.20482111e+00,  1.25059366e+00,
        8.53098512e-01, -1.61575580e+00, -4.36165690e-01, -6.16637290e-01,
       -1.88281786e+00,  9.67758417e-01, -3.17255147e-02, -2.02992633e-02,
       -8.54243219e-01, -1.87390590e+00, -7.03446448e-01,  7.78484941e-01,
        1.22997522e+00,  5.70057392e-01, -1.96444309e+00, -1.83377361e+00,
        2.07032531e-01, -1.82317400e+00, -8.37569982e-02,  7.82948852e-01,
       -9.67231631e-01, -2.19087303e-01, -2.27329239e-01, -7.95705736e-01,
        7.52852261e-01,  6.54385865e-01, -2.19057751e+00, -2.77970880e-01,
        1.18243441e-01,  5.53127468e-01,  1.87324905e+00,  1.76283777e-01,
       -1.95414233e+00, -6.99326038e-01,  3.77855659e-01, -4.39862520e-01,
        1.71417189e+00,  1.33510053e+00, -8.33995819e-01,  1.50261414e+00,
       -1.85144424e+00, -2.13116169e+00, -1.50903538e-01, -9.45832953e-02,
        1.87193680e+00,  1.02826416e+00,  9.83216465e-02, -1.57861376e+00,
       -7.17197835e-01,  1.37836540e+00,  2.12354884e-02,  1.53883827e+00,
       -1.14185262e+00,  4.31246996e-01,  5.36070943e-01, -7.79115856e-01,
        8.31539094e-01,  1.04484737e+00, -9.75708663e-01, -2.97241092e-01,
       -2.57065535e-01,  1.62332177e+00,  3.14814836e-01, -1.33186412e+00,
        1.42566419e+00, -1.62646937e+00, -1.73052764e+00,  7.98530042e-01,
        1.77198040e+00, -1.88098013e-01,  7.96332717e-01,  1.46114719e+00,
        4.65927511e-01,  4.40054126e-02,  8.58600736e-01,  1.20373726e+00,
       -1.23739946e+00, -6.35214150e-01,  1.31691170e+00,  1.09213853e+00,
       -9.47901130e-01, -1.66433835e+00, -8.30226421e-01, -9.97257054e-01,
       -1.08293033e+00,  7.97699869e-01,  1.45042026e+00, -8.09805632e-01,
       -1.62799507e-01, -1.98396957e+00, -1.47892046e+00, -1.66937292e+00,
       -2.06625843e+00, -1.56705570e+00, -9.82432961e-01, -1.62270749e+00,
        1.34353364e+00, -1.64038301e+00,  1.45820904e+00,  1.41772127e+00,
       -7.33724654e-01, -5.84444106e-01, -6.98857307e-01,  1.09341526e+00,
       -2.77973473e-01, -1.61725903e+00,  1.30281544e+00,  1.14024721e-01,
       -2.46356773e+00, -8.44686627e-02, -3.40259731e-01, -8.07717979e-01,
        1.08634639e+00,  1.69511855e+00,  3.91926110e-01,  9.52078342e-01,
       -4.58269686e-01, -6.90150082e-01, -1.21729255e+00,  1.91266894e-01,
        1.00700295e+00,  1.09588277e+00,  3.55380028e-01,  1.67595899e+00,
        9.69386399e-01, -3.29485655e-01, -1.45865962e-01,  8.40929270e-01,
       -2.17725587e+00,  2.15426981e-01,  3.92468005e-01,  7.66682029e-01,
        1.45989731e-01,  9.81657922e-01, -1.35494208e+00, -1.21581629e-01,
        4.34717327e-01, -1.93028331e-01, -2.21280277e-01,  1.38940418e+00,
        3.68281454e-01, -1.29659164e+00,  1.13685226e+00, -3.50550056e-01,
       -5.32402456e-01, -1.22170329e+00,  1.54413235e+00,  1.51197577e+00,
       -9.72396135e-01,  2.14520603e-01,  1.38390148e+00, -1.74730146e+00,
        1.03458679e+00, -1.89958457e-02,  8.39872137e-02,  1.52186370e+00,
       -2.24642232e-01, -1.63115454e+00, -1.64725089e+00,  3.35545875e-02,
       -4.05963391e-01, -1.48972571e+00, -1.68011808e+00,  1.02218354e+00,
        7.45216131e-01,  2.01313615e-01, -8.28316361e-02,  9.03046131e-01,
        1.10895848e+00,  1.07264745e+00,  2.43930250e-01, -2.06342840e+00,
       -1.44341499e-01,  1.54110819e-01,  1.82712734e+00, -5.46649933e-01,
        2.70809233e-01, -1.28183651e+00,  3.47733051e-01,  8.11554864e-02,
        1.13932538e+00,  1.39465451e+00, -1.91657531e+00, -1.21394420e+00,
       -3.94378275e-01, -2.72876590e-01, -1.96534419e+00, -1.15922594e+00,
        9.08409536e-01, -1.48445383e-01, -5.51908851e-01,  1.31626582e+00,
       -1.49631405e+00, -7.58538544e-01,  1.37433004e+00, -5.32814622e-01],
      dtype=float32), 'decoder.4.weight': array([[ 3.2447143 ,  1.6078652 , -2.484607  , ...,  0.55610466,
         2.1150875 ,  2.2954454 ],
       [-0.93520546,  3.7220633 , -1.0796603 , ..., -0.88772666,
         2.5807135 , -0.5976173 ],
       [-0.36696944, -2.931619  ,  0.66872245, ...,  2.9412005 ,
        -1.8887225 ,  0.47377914],
       ...,
       [ 2.2281613 , -3.2955573 , -2.2401047 , ...,  0.49329177,
         2.8642275 , -2.0800471 ],
       [ 2.2410553 , -3.9476528 ,  2.1551032 , ..., -2.2932029 ,
         0.6327244 ,  1.7393557 ],
       [-2.8723385 , -1.0699134 , -1.3086233 , ...,  0.1393511 ,
        -1.8412789 ,  1.3367993 ]], dtype=float32), 'decoder.4.bias': array([-2.3248293 ,  2.3313148 ,  1.8303478 , -3.5519953 ,  2.1788602 ,
       -0.8846632 , -0.7900348 ,  0.27173638, -0.4563627 , -2.1742609 ,
       -3.8200507 , -1.2032305 , -2.5029597 ,  2.7971423 , -2.5618668 ,
       -4.024936  ,  0.34636   , -3.585159  ,  1.4380937 , -2.7881272 ,
        2.5426989 ,  1.068289  ,  1.5411794 , -4.584629  , -2.1909661 ,
       -2.1280491 ,  0.88650864,  2.2458353 , -4.1749744 ,  3.0225053 ,
       -3.6459785 ,  1.9230268 ,  0.6536622 ,  1.9910035 ,  0.39134574,
        0.28879374,  0.9827346 , -0.65240437,  1.4117849 , -0.10978501,
       -2.108422  ,  1.0795822 , -2.278237  , -0.9814738 , -2.5458765 ,
       -2.8374314 ,  1.0043532 , -0.6587016 ,  0.6329394 , -0.26863688,
       -1.867282  , -1.4658599 ,  0.6685613 ,  3.0826404 , -4.435341  ,
        0.7270362 , -2.4192936 , -1.65565   , -3.9814641 , -2.5107925 ,
       -2.4208338 ,  1.7230834 , -0.30578673,  0.74060315, -2.5145266 ,
       -2.099774  , -1.7069273 ,  0.43917188,  2.4134746 ,  1.1854366 ,
       -1.7643726 ,  2.918924  , -2.6214068 , -0.15563436, -4.469234  ,
        1.4591235 , -0.14748773, -1.0436547 , -2.5796554 , -1.6408069 ,
        0.82090205,  2.1945384 , -2.7833586 , -0.70297486,  0.3535784 ,
       -3.5577083 , -0.5094265 ,  2.2156022 ,  3.315383  , -3.3301504 ,
        1.2638828 ,  1.2395693 ,  1.4738035 , -0.7091564 , -2.5808792 ,
        1.6369066 ,  1.4652067 , -1.6470025 , -2.9080038 ,  1.1909032 ,
       -2.53105   ,  1.982962  , -1.5808034 , -3.696906  , -3.3807254 ,
        0.62640953, -0.28962597, -2.8777905 , -1.5101118 , -3.6069047 ,
       -2.267611  , -2.728535  , -1.6869712 ,  0.7769386 , -2.553768  ,
        3.583321  ,  2.0500686 ,  1.5174721 ,  2.3809974 , -2.8883002 ,
        1.0037719 , -0.25812522, -4.1607046 ,  3.970453  ,  0.17776601,
       -2.855343  , -2.7054682 ,  1.5823529 , -3.4142067 ,  3.697464  ,
       -0.24538179, -0.81435716, -2.6653001 ,  0.22101639, -3.8089304 ,
        0.84797066,  2.308338  , -3.511674  ,  2.4980543 , -3.2232623 ,
        0.58326197, -4.006028  , -0.44586727, -2.3178763 ,  1.2382507 ,
        0.875392  , -1.4586799 , -0.49405068,  1.8303992 , -0.10276525,
        1.4232187 ,  0.1654713 , -3.353914  , -0.56400913, -3.3164382 ,
        3.2269068 , -0.2955502 ,  2.6481144 ,  2.2777138 , -2.203353  ,
       -1.9622355 , -0.42855307,  0.09874676, -3.3036127 , -3.8650227 ,
       -3.0880337 , -1.9063828 , -2.6848435 ,  0.53908366,  1.8517098 ,
        2.1334882 , -1.8530375 ,  3.1644366 ,  1.4106095 ,  1.3142335 ,
        0.7340656 , -3.7043371 ,  0.64482033, -0.10689764, -0.35571226,
       -3.5426397 , -3.660293  , -2.9882078 , -1.7735956 ,  1.8221205 ,
       -0.18254773,  1.2836748 , -0.84783626, -0.6864397 , -3.3760588 ,
        1.8800701 , -0.35685933, -4.22243   ,  1.0682915 ,  2.316238  ,
        1.7273806 ,  0.03675772, -4.001796  , -2.2383833 ,  1.1209852 ,
        1.8874135 , -1.4715607 , -1.2763939 ,  1.7858518 ,  3.446938  ,
        2.832028  ,  0.5109444 ,  1.4021791 , -1.4804351 ,  0.68358874,
        0.98631495, -0.02062372,  2.7359986 ,  0.18653677, -2.5241802 ,
        0.5870052 ,  3.7875252 ,  1.3385594 , -3.631991  ,  2.3934498 ,
        2.470169  ,  1.638201  , -0.44233313,  1.6104472 , -1.4608092 ,
        0.6509719 , -3.3032165 ,  1.880833  , -2.0272453 , -0.66390246,
       -0.6540599 ,  2.0843294 , -2.1335857 ,  1.6887805 , -4.059642  ,
       -1.5787423 , -0.87935054,  1.7201124 ,  0.8736821 , -1.9988163 ,
       -1.6975648 ,  0.20082152, -0.01606158,  0.2419758 ,  2.0575569 ,
       -2.9461699 ,  1.2331033 ,  1.8900433 , -4.388036  , -1.1639225 ,
        0.3047804 ,  1.733409  , -2.7943568 , -3.301341  ,  2.2127    ,
       -1.6029011 ,  0.8626014 , -0.7802336 ,  1.6180017 , -2.3048515 ,
       -3.1637454 , -3.3693385 , -1.400622  ,  1.7479168 , -4.2242727 ,
       -1.1512462 , -1.6280167 , -2.6612172 , -1.5759794 , -0.9295606 ,
       -1.5376034 , -1.4317943 , -4.4028435 ,  1.2715999 ,  2.017625  ,
       -1.3771036 , -1.7170371 , -1.7600055 ,  3.3817897 ,  0.337667  ,
       -2.0732875 , -0.85556626,  3.2540352 , -1.7267474 ,  2.1334286 ,
       -3.3956585 ,  0.5518559 ,  1.8984821 ,  0.18653569,  2.2418835 ,
       -0.88508517,  0.96077394, -1.6833029 ,  2.0855165 , -3.1921155 ,
        3.3843331 ,  0.49732575, -3.7835023 ,  0.6189933 , -1.2049824 ,
       -2.1682072 , -3.1363802 ,  1.5496421 , -1.2964369 , -0.22394313,
       -3.9735754 , -3.730173  , -1.7559193 ,  0.5827185 ,  1.3674183 ,
       -0.8767905 ,  3.533787  ,  1.3641508 , -0.8206118 ,  1.8631237 ,
        0.17366108,  2.942975  , -2.5017476 , -4.2488627 ,  0.6147349 ,
        1.2794416 , -3.0482864 , -0.11691956, -3.2801213 , -0.3906742 ,
       -4.3133507 , -1.5937376 ,  0.32574424, -2.4673834 , -0.5700408 ,
       -0.17279804,  0.80240756,  1.2932885 , -0.25389332,  2.132157  ,
       -2.176508  , -2.6085336 , -3.1603026 , -3.0614662 , -2.7986233 ,
       -1.7082714 , -0.60208356,  3.6924365 ,  1.0744624 ,  1.5980109 ,
        0.11448805,  0.6861145 , -2.8679712 ,  1.0552225 , -0.4780755 ,
       -2.9486232 , -0.7025228 , -1.8136647 ,  1.8567727 , -2.1586843 ,
       -3.4207656 , -2.732346  ,  0.7250793 ,  0.66711044, -3.330596  ,
       -0.7959797 , -0.36298883, -2.8837652 , -4.4340706 ,  0.9958278 ,
        3.4088585 ,  2.5702763 ,  0.626018  , -3.085372  ,  1.5887977 ,
       -1.1348344 , -0.11801493,  2.0358088 ,  0.4474978 , -1.3612151 ,
       -0.84344065,  2.5958486 ,  0.96150154, -0.22788092,  3.3144011 ,
       -5.322914  ,  1.1496272 , -2.1562738 , -0.34308568,  0.71534216,
        3.3395422 , -1.2133472 , -1.0256784 , -1.5544713 ,  3.0416608 ,
       -2.8251987 ,  2.4647133 ,  1.3713144 , -2.5918345 , -1.4060822 ,
       -0.35834512,  2.8885617 , -3.2230422 , -0.6713736 , -1.4133317 ,
        2.4151723 ,  0.08681602, -2.999724  , -3.4782448 ,  1.8205414 ,
        0.6716195 , -2.726861  , -2.7004225 ,  0.15972546,  2.610657  ,
        1.0297879 , -3.776228  ,  0.37060094, -4.478938  ,  0.49132657,
        1.5913593 , -0.6518303 , -2.7873883 ,  2.5021043 , -3.7455606 ,
       -1.288763  ,  0.5823611 ,  1.7344961 , -2.3458345 , -1.4730548 ,
        0.64126235, -1.348515  , -4.5261965 , -4.303627  , -0.28330556,
        2.8154616 ,  0.9412319 , -1.9170818 , -3.7321346 , -1.6407802 ,
        2.970361  , -0.5773475 , -4.1429577 ,  0.33012247, -3.3889961 ,
       -1.1733608 ,  1.444175  ,  1.8598956 ,  0.7503667 ,  2.4748228 ,
        2.0003102 ,  1.663051  , -3.8534496 ,  0.58634454, -2.814194  ,
        0.76289076, -3.700634  , -1.345837  , -0.8374702 ,  0.95574236,
        0.3026276 ,  2.5926445 , -2.1865659 ,  2.0318913 ,  2.7757099 ,
       -2.148702  , -2.092161  , -3.4071484 ,  1.7049114 ,  0.36256605,
        1.5821439 ,  3.5243876 , -2.7591605 ,  2.2236784 , -3.68657   ,
        2.0747685 , -1.0804588 , -0.56760883,  1.774282  , -2.656131  ,
        0.4029709 , -2.5745177 ,  1.4680489 , -1.5390048 ,  0.74422395,
       -3.462005  , -0.0642683 ,  0.42605153, -3.3451042 , -3.1889992 ,
       -1.6897964 , -2.7537303 ,  3.3658104 , -0.6597357 , -3.3778794 ,
       -4.185856  , -3.6676977 , -2.753294  , -1.7009796 , -3.9438856 ,
       -2.3520546 ,  0.59645426, -4.0680175 ,  2.926734  ,  0.42087457],
      dtype=float32), 'decoder.6.weight': array([[-1.75847   ,  5.7938557 , -0.1055408 , ...,  4.5461917 ,
        -3.5570967 ,  5.0022616 ],
       [-0.64474666, -1.2615132 ,  1.0975577 , ..., -2.6797237 ,
         0.83937347,  1.4868405 ],
       [-2.2432926 ,  2.3649282 , -3.5238063 , ...,  2.958137  ,
        -0.07404768, -0.11759841],
       ...,
       [-1.4981614 ,  1.3765252 ,  2.516057  , ..., -3.8950787 ,
        -0.02373334, -2.510996  ],
       [-3.4987893 , -0.64452785, -3.0021672 , ..., -0.3548551 ,
         2.4285066 , -0.56874907],
       [ 2.6170797 ,  2.969358  , -0.07025207, ..., -1.7333599 ,
         0.99526054, -1.6001172 ]], dtype=float32), 'decoder.6.bias': array([ 0.7742354 , -0.17081372, -3.9795756 , ..., -3.2925138 ,
        0.20121981, -0.90119225], dtype=float32)}
[Time: 12.01.25 12:15:50] [Level: info] [State: aggregate] {'encoder.0.weight': array([[-2.5773227 ,  2.3257723 ,  1.356817  , ..., -1.3447888 ,
         1.2517295 , -1.9227872 ],
       [-0.42304903, -2.6828337 , -1.6145846 , ...,  0.5662554 ,
        -3.2863803 , -0.69319165],
       [ 4.2754455 , -2.6894655 ,  0.80986106, ..., -2.2085268 ,
        -1.2480038 , -0.9614996 ],
       ...,
       [-1.0779471 ,  1.1299653 ,  3.3932612 , ...,  2.9004934 ,
        -1.5537125 , -0.38137245],
       [ 0.91346043,  0.61737704,  0.54702353, ...,  0.6964067 ,
        -3.1526427 ,  0.13086846],
       [-3.0540724 , -1.6727096 , -1.9885329 , ..., -0.95091355,
         0.80231524,  0.3457126 ]], dtype=float32), 'encoder.0.bias': array([-0.9629793 , -0.93203324,  0.7745259 , -1.3351117 , -3.6063342 ,
        1.560075  , -0.6004655 , -2.304758  , -2.412998  ,  1.4429353 ,
       -0.37448955, -3.083562  ,  0.6396311 , -2.2559266 , -0.85330826,
        0.17841023, -1.7414963 , -0.58747065, -2.9028175 , -2.9313269 ,
       -3.775383  ,  1.2833176 , -2.3318808 ,  0.9243852 ,  0.47551435,
        1.9125803 ,  1.4981644 ,  2.5997524 ,  0.92643404, -1.6928598 ,
       -2.2527277 ,  1.4915317 , -0.97923285, -2.6828423 ,  0.00461508,
        2.6460428 , -0.28321353, -0.048756  , -0.20267501, -0.2758094 ,
        1.5793033 , -1.8143404 , -0.3092774 ,  2.4261606 , -1.4064142 ,
       -3.5832338 , -1.0460713 , -1.7210863 ,  2.1944995 , -2.3437102 ,
       -2.0448558 , -0.7014519 ,  0.1995107 , -2.5164354 ,  0.523077  ,
       -0.34643543, -0.0725059 , -1.160321  , -2.3903763 , -3.244362  ,
        0.37554586,  1.0059084 , -2.9007385 ,  1.9527986 , -0.29482347,
        2.5324621 , -2.3995492 , -3.5007038 , -4.031406  ,  0.7598604 ,
        2.6082866 , -2.4596195 , -1.1124803 , -2.670723  , -2.3249104 ,
       -0.12693706, -2.8487012 ,  1.9303126 , -3.3304577 ,  0.44441348,
        2.5307696 ,  2.1280317 , -2.3624632 ,  1.8090031 , -2.061213  ,
       -0.6621262 , -1.5595052 ,  0.95472884,  0.7437422 , -2.0551913 ,
       -1.5486711 ,  0.9232991 ,  2.094201  , -2.5317276 , -1.869853  ,
        0.396614  , -1.1817207 , -2.8778563 ,  0.82029307, -2.2558348 ,
        1.4966365 , -3.0599232 , -2.5374064 , -0.1248671 , -1.9917793 ,
       -0.25987285,  0.42560732,  1.6389246 ,  1.1200037 ,  2.535946  ,
       -1.583853  , -0.45882514, -0.85019135,  0.00483935, -1.423875  ,
        2.2429302 , -1.4968278 , -1.0240115 , -1.8389494 ,  2.3422432 ,
        0.5084233 , -3.2303662 , -2.7086058 , -0.1308234 , -0.47827625,
       -1.4631258 , -1.3317273 , -0.60483897, -2.0100636 ,  2.1117842 ,
        2.3734846 , -3.0071836 ,  0.02465806,  2.4567702 ,  1.8044648 ,
        0.06819489, -0.5238776 , -0.36488605, -0.06777926, -1.629057  ,
        2.033455  , -3.4257913 , -0.971402  , -1.4208101 , -0.11777489,
        2.3578148 , -0.18826866, -1.2399817 , -0.59013295, -2.0211935 ,
       -1.2882609 ,  2.0006063 , -1.5367277 , -0.09439228, -1.4068587 ,
       -1.0837843 ,  2.307033  ,  1.7159219 , -1.3925223 , -3.6932623 ,
       -1.4412527 , -0.03706303, -2.2672267 ,  1.8829093 , -2.2650223 ,
       -3.3910131 ,  2.1210995 ,  1.94491   ,  2.081932  , -1.2030914 ,
       -3.4920428 , -2.1893876 ,  0.07206002, -2.121235  ,  2.245804  ,
        1.4702044 ,  1.6050059 , -3.0675576 , -3.4537706 ,  2.7938309 ,
       -2.207932  , -1.6887697 , -2.9461923 ,  1.1679134 ,  1.4437603 ,
       -3.0367067 ,  1.7396567 , -2.141034  , -2.8750246 ,  1.8393731 ,
       -2.5343478 , -1.0721064 , -2.271018  , -3.4525876 ,  2.8167162 ,
        2.4486923 , -0.52583236, -0.30354837, -0.93186784, -1.7172294 ,
       -3.181865  ,  0.41292948, -2.5480428 ,  1.8060083 ,  0.19136044,
        1.9580712 , -2.8621805 ,  2.3331895 , -0.48029947,  0.52744746,
       -1.5699112 , -2.6660335 , -2.8540013 ,  1.2733613 , -2.11489   ,
        0.5444547 ,  1.2956632 , -0.04668605, -2.2975526 ,  0.49107388,
       -2.119145  , -0.4710458 ,  1.9128253 ,  0.22805382, -2.2831674 ,
       -4.459372  , -3.7422945 ,  2.292165  ,  0.02762959, -2.727465  ,
       -0.29263282,  1.4083683 , -1.4152668 ,  0.30921987,  0.53229463,
       -0.04948398, -3.5239935 , -1.1976118 ,  0.10871933, -0.06219843,
        3.3706625 ,  1.6478914 , -1.6339744 , -0.3882529 , -0.22754365,
       -0.20201384,  0.68931603, -1.4335846 , -2.0923512 , -3.0593963 ,
        1.3434047 , -3.3003838 , -1.7070851 , -0.74742794, -0.22186053,
        1.0023476 , -1.3350836 ,  1.9833372 , -2.5392208 ,  1.3294692 ,
        2.2600582 , -1.6491189 ,  0.60447675, -2.7911737 , -3.070303  ,
        1.7452824 ,  0.15710394, -2.2162588 ,  0.93575513, -0.5646657 ,
        1.8321053 , -2.2468572 ,  0.9328033 , -3.5714426 , -2.827925  ,
        0.54086024,  0.03795829,  0.19968723, -1.9644461 ,  0.9461205 ,
       -3.3762326 ,  0.74076474, -2.4201736 , -2.6136713 ,  1.0562526 ,
       -1.4278597 ,  0.50229174, -2.2916474 , -1.1136612 , -2.347465  ,
       -0.21288106,  1.258474  , -2.7046878 , -1.228604  ,  2.0415783 ,
       -3.5677996 , -3.7527723 , -2.0257087 , -3.322122  ,  2.4065557 ,
       -1.7909219 ,  1.5886875 , -0.08946433, -1.4190361 , -3.1748714 ,
        0.07619052, -3.6105814 , -1.8922056 , -2.643939  ,  0.5269966 ,
        2.2764525 ,  0.97997695, -0.05775414, -2.902371  ,  2.0843754 ,
        1.3297908 ,  0.5431781 , -1.952445  , -3.0717502 , -2.7097583 ,
       -2.5981138 ,  0.04384647, -2.1193514 , -3.1930966 , -0.36067784,
       -3.575593  , -1.7652972 , -4.157448  ,  0.80258536, -0.27155805,
       -2.370849  , -3.6514618 , -3.1791997 , -3.2060533 , -0.55382323,
       -2.0259771 , -1.1477246 , -1.9296495 ,  1.4578285 ,  1.2373947 ,
       -3.6187496 , -3.7391448 , -2.119006  , -1.9704285 , -0.43830442,
        1.1212115 , -1.1712778 , -1.6369143 ,  2.0727038 , -2.1396701 ,
       -3.222188  , -0.27590445, -2.7874444 ,  2.174508  ,  1.6218235 ,
       -2.4682693 , -0.46543485,  1.2922295 , -2.1504169 ,  1.1573354 ,
        1.113208  , -2.4744313 , -1.1544018 ,  0.11303639, -2.5714557 ,
        1.1843936 , -2.22332   , -1.036297  , -2.222526  , -0.3394012 ,
       -1.622932  , -1.7778815 , -1.3677006 ,  1.7840161 , -1.7025137 ,
        1.7714247 , -1.9585373 ,  0.9079429 , -3.3664663 ,  0.31286544,
       -0.5118006 ,  1.2141887 , -0.2933948 ,  1.8114225 , -0.6652211 ,
        1.555794  , -2.6829007 ,  1.5566096 ,  0.5618396 , -3.425477  ,
       -2.6830258 , -2.6023273 ,  0.9582733 , -3.0710359 , -3.3451433 ,
       -0.9663466 ,  2.101725  , -0.0142227 ,  0.3927854 , -3.3878522 ,
       -0.27903107,  0.6074445 ,  0.35773224,  0.8139222 , -1.662616  ,
       -3.5386283 , -1.971978  ,  1.1034775 ,  0.6508341 ,  0.35201272,
        2.1725545 , -2.2351708 , -2.976175  , -3.3572373 , -0.01094148,
       -0.50526106, -3.517859  , -0.2965119 , -1.7960085 , -2.0634923 ,
        0.85902953, -1.0284691 ,  2.2430823 , -1.46611   , -3.0577936 ,
       -3.2854497 , -2.1202128 , -2.0707843 , -3.029737  ,  1.4609607 ,
       -3.7207081 , -1.0503743 , -3.608314  , -2.7250912 , -2.760429  ,
       -3.146502  , -1.5955396 , -3.111084  , -0.31560957, -0.0243382 ,
        1.6230564 , -0.4288739 ,  0.07757063, -2.208903  ,  0.76070714,
       -2.9195552 ,  1.7405543 , -0.9882735 , -3.4931283 , -3.3678012 ,
        1.529863  , -3.2936985 ,  0.13677782, -0.33107576, -0.5657443 ,
        0.0648057 , -0.79314506, -2.512647  , -0.04234672,  1.492099  ,
        0.29429972,  2.1045773 ,  1.5692747 , -2.841838  , -2.7306638 ,
       -3.558712  ,  1.4799507 , -1.2331803 ,  0.26541924, -2.639211  ,
       -3.3561735 ,  1.0278683 ,  1.8548706 ,  1.5340478 ,  2.2574797 ,
        2.733502  ,  0.12614846, -3.3623018 , -1.762929  , -0.03586417,
        1.1311429 , -1.976099  ,  2.77008   , -0.26192224,  1.1683362 ,
        0.63961834, -2.1995378 ,  1.6715441 ,  2.0024776 , -3.212233  ,
       -2.7983713 ,  1.5384716 ,  1.8245511 , -0.6074411 , -3.3068686 ,
        0.8389148 , -3.6893702 , -1.7029889 , -2.784549  , -1.7660948 ],
      dtype=float32), 'encoder.2.weight': array([[  6.5825615 ,   3.0323281 , -11.589302  , ...,   9.407365  ,
         -0.67241824,  -0.22525713],
       [  7.842194  ,   5.983116  ,  -8.72829   , ..., -11.396425  ,
         -7.527637  ,  -3.2860384 ],
       [-10.37281   ,  -1.141102  ,  -2.5848544 , ...,   1.2378424 ,
          8.817208  ,   9.8053    ],
       ...,
       [ -9.587973  ,  -1.6316466 ,  -8.31466   , ...,   7.2296133 ,
          0.48843616,   6.088244  ],
       [ -4.371669  ,   1.1621997 ,   6.197344  , ...,  -6.0171127 ,
          2.8135834 ,  -4.2082477 ],
       [  4.239795  , -10.817252  ,  -0.6109928 , ...,  -8.638977  ,
          4.4109526 ,   3.6860013 ]], dtype=float32), 'encoder.2.bias': array([-3.60479259e+00, -3.46493196e+00,  1.69860780e-01, -6.67648506e+00,
       -6.24686432e+00, -7.67536259e+00, -5.82473427e-02, -8.32488823e+00,
       -8.41185093e+00,  1.09998226e+01, -5.54576206e+00, -6.56609535e+00,
        2.10799313e+00,  6.28492260e+00, -1.97530246e+00, -5.86394978e+00,
        8.05612659e+00, -2.12829733e+00,  5.32233191e+00, -6.78336799e-01,
       -1.28363574e+00, -6.10545015e+00,  4.14444804e-01, -7.34645033e+00,
       -2.49138284e+00,  2.21087360e+00,  6.88040924e+00,  4.55884075e+00,
        5.32234144e+00,  5.03721523e+00, -3.54117036e+00,  9.72282219e+00,
        3.98317766e+00, -3.52991343e+00,  1.98226297e+00, -8.81791306e+00,
        1.97243464e+00, -6.22041225e-01, -2.17600465e+00,  5.47604275e+00,
       -9.23587382e-01,  9.59466362e+00,  4.69188690e+00,  6.34354877e+00,
       -9.68750572e+00,  3.34648943e+00, -8.72967339e+00, -2.90413809e+00,
       -8.61921348e-03,  2.30055666e+00,  8.82130682e-01,  7.39825249e+00,
        7.60031939e-01,  4.09354687e+00, -9.24707985e+00,  9.42354584e+00,
        6.96706200e+00,  7.45272732e+00, -2.09678507e+00, -1.43875623e+00,
        9.46833038e+00,  3.21846867e+00, -7.07145977e+00, -2.90706801e+00,
        3.52878213e+00, -6.27838898e+00,  4.23074514e-02,  2.02249956e+00,
       -6.14806843e+00, -6.10997391e+00,  1.02526844e+00,  7.88984108e+00,
       -2.95410681e+00,  5.56990290e+00, -7.24084854e+00, -8.01449203e+00,
       -2.29190207e+00,  1.82701731e+00,  4.17137194e+00, -1.02416945e+01,
        7.32614398e-01, -2.85525322e+00,  2.89086699e-01, -3.37111092e+00,
       -3.40660524e+00,  7.59765387e+00, -4.36357641e+00, -5.98056412e+00,
       -8.20946312e+00,  6.89525127e+00,  5.08140802e+00,  3.41764063e-01,
       -8.36087990e+00, -2.13310099e+00,  6.31516171e+00, -3.80469275e+00,
       -9.69722420e-02,  8.17145765e-01,  8.50346184e+00, -4.87682629e+00,
        4.38804674e+00,  7.97783566e+00, -9.19488335e+00, -4.21541595e+00,
       -1.13934383e+01, -1.95551443e+00,  5.13131428e+00,  9.29200077e+00,
        3.73791289e+00, -4.82903576e+00,  8.49839866e-01, -1.11330700e+01,
       -8.56893349e+00, -9.94217110e+00,  5.87599564e+00,  8.26517582e+00,
       -8.65983391e+00,  2.45654941e+00,  5.87549508e-02, -2.90382099e+00,
        1.20218945e+00, -8.67664528e+00,  7.39432621e+00,  6.25214624e+00,
       -1.12438984e+01, -1.23100147e+01, -8.38407326e+00, -7.62532425e+00,
       -1.64502835e+00,  1.66551220e+00,  2.12322140e+00, -1.17150192e+01,
        7.19478464e+00,  5.56121540e+00,  3.06082749e+00, -3.27954829e-01,
        1.44894636e+00, -6.45413971e+00, -6.14723063e+00,  2.37679338e+00,
        1.85170949e+00,  4.66452026e+00,  3.91000485e+00,  2.38967371e+00,
       -4.59140968e+00,  1.55683315e+00,  1.66915727e+00, -1.40060043e+00,
        7.23606396e+00,  3.69617128e+00,  4.83767271e+00,  6.22645664e+00,
       -2.75585008e+00, -1.08445053e+01, -1.10132523e+01, -1.27054262e+00,
        3.70461059e+00, -7.05287027e+00,  9.44420242e+00, -2.71942449e+00,
        1.83401614e-01, -4.95628071e+00,  7.04256916e+00,  5.96108007e+00,
        3.32031131e-01,  8.84891987e-01, -7.52651787e+00, -4.40877724e+00,
       -1.02245541e+01,  6.68779731e-01,  8.19387722e+00, -1.30144998e-01,
       -6.13201761e+00, -4.46700811e+00, -8.63875031e-01,  2.81825900e+00,
       -4.97424269e+00, -3.88675022e+00, -9.81731176e-01, -1.80356002e+00,
        6.30435371e+00,  3.82363296e+00, -4.09958935e+00,  6.09522772e+00,
       -3.49582165e-01, -2.58245683e+00, -5.59522057e+00,  6.93611813e+00,
        3.26273322e-01, -4.14260674e+00,  4.50305080e+00, -5.96513367e+00,
        5.30996227e+00, -1.06599445e+01, -6.25972939e+00,  6.63132668e+00,
       -2.36180711e+00,  6.10280871e-01, -2.16166687e+00, -1.13396435e+01,
        3.80119991e+00, -8.88545418e+00, -8.12909698e+00,  9.93828201e+00,
        5.61005926e+00, -1.28097305e+01, -2.70099783e+00, -1.50176525e+00,
       -5.26962328e+00,  1.98902059e+00,  3.88620281e+00,  7.95148909e-01,
        1.03806019e+01, -7.61002898e-02, -6.54313147e-01, -9.79660225e+00,
       -1.00751104e+01, -5.80138922e+00,  6.04228735e+00, -1.92516267e-01,
       -2.82933092e+00, -4.26619411e-01, -7.79258680e+00, -1.25075092e+01,
       -5.61343479e+00, -1.31078300e+01,  5.25466537e+00,  7.60092974e+00,
        8.02602482e+00, -3.06316900e+00, -2.39963961e+00,  3.34193778e+00,
       -5.03460979e+00, -1.17216969e+01, -2.17848122e-01,  5.60765266e+00,
        7.51673162e-01,  9.25756454e-01, -2.24327564e+00,  8.36209202e+00,
       -1.14896469e+01, -3.65757060e+00, -9.65813351e+00, -1.06464977e+01,
        2.57595754e+00,  7.51206875e+00,  2.59471416e+00,  9.36772704e-01,
       -1.08970523e+00, -1.17107272e+00,  8.03219795e+00, -4.63120842e+00,
       -6.05902481e+00, -1.45896804e+00, -1.03952656e+01,  5.26514244e+00,
        1.49628222e-01,  3.63404810e-01,  3.89684582e+00, -6.31081867e+00,
        8.30548477e+00, -5.50916100e+00,  3.67662048e+00,  4.13555241e+00,
        9.06830883e+00, -1.34831071e+00,  5.63441086e+00, -3.78479576e+00,
       -5.78896952e+00, -2.09807992e+00,  8.11576653e+00,  6.46517277e+00,
        9.52221394e-01, -8.23397923e+00, -1.56822300e+00,  5.38691139e+00,
       -1.18897266e+01, -5.27524662e+00,  5.05519485e+00,  2.76313353e+00,
        9.26357651e+00,  4.22811747e+00, -6.81904411e+00, -7.24337816e+00,
       -7.48056889e-01,  1.99264956e+00,  5.63511038e+00, -3.03952122e+00,
       -3.35220623e+00,  1.13705844e-01, -1.04786282e+01, -1.74100780e+00,
        8.46117783e+00, -2.80835986e+00, -4.11930180e+00,  5.25947475e+00,
        1.00495987e+01, -2.51948905e+00,  7.78848743e+00, -4.38541269e+00,
        2.41943264e+00,  5.00099421e+00,  4.07038403e+00, -6.20965622e-02,
        4.85102510e+00, -7.61171627e+00, -3.27031755e+00,  1.17274082e+00,
       -2.15642357e+00,  2.28292942e+00, -1.84855115e+00, -5.73348618e+00,
       -5.61087227e+00, -1.11063280e+01,  5.00206757e+00, -8.19849682e+00,
        9.98580360e+00, -3.72055793e+00,  8.24688148e+00, -5.32513189e+00,
       -4.65805340e+00,  9.39475822e+00,  4.23006916e+00,  7.15897918e-01,
       -1.51236844e+00, -1.17569475e+01,  5.35025978e+00, -9.80423641e+00,
       -7.40319300e+00,  9.88248229e-01,  1.00664949e+00,  1.28682261e+01,
       -2.20001507e+00, -6.68786812e+00, -2.01789713e+00, -2.66430664e+00,
        1.01429558e+01, -4.39624965e-01,  9.69551325e-01,  3.12739086e+00,
        5.95548582e+00, -3.59099865e+00, -6.63542652e+00, -6.70344782e+00,
       -7.77481031e+00,  5.03226709e+00, -9.68066216e+00,  1.31850553e+00,
        5.65204668e+00, -9.29015446e+00,  2.13296795e+00, -7.05975246e+00,
        7.71213055e+00,  9.28196144e+00, -2.04633760e+00, -6.52679920e+00,
        1.08688698e+01, -1.24719868e+01, -8.95605659e+00,  4.68280840e+00,
        1.59400332e+00, -3.12920237e+00, -4.12316889e-01, -3.89751625e+00,
       -2.83538795e+00, -6.34332466e+00, -5.21480513e+00,  1.01289749e+01,
       -2.89909029e+00, -2.35051942e+00, -6.51809788e+00,  8.60700798e+00,
        3.62627268e+00, -2.73540556e-01,  8.70068550e+00, -5.46231461e+00,
       -1.05046272e+01,  9.61650276e+00,  7.85634708e+00,  6.30251455e+00,
       -8.33614922e+00, -5.92007780e+00,  1.08587742e+01,  3.69716191e+00,
        2.39370012e+00,  5.57278442e+00,  6.47512293e+00,  4.35609388e+00,
        9.19035816e+00, -7.60822582e+00,  3.50727844e+00,  7.10401630e+00,
       -2.78599072e+00,  5.34204054e+00, -5.72777367e+00, -3.38177347e+00,
       -8.42191410e+00,  5.58965921e+00,  3.35141301e+00, -1.26288867e+00,
        8.85659599e+00,  8.77746582e+00, -3.82067442e-01,  3.12033355e-01,
        7.85304213e+00, -8.00501633e+00,  7.50849247e+00, -8.97877026e+00,
       -1.25737488e-01, -1.23228302e+01,  8.70951557e+00,  7.25273991e+00,
        5.02711916e+00,  1.65376318e+00,  5.94699764e+00, -3.68018842e+00,
        5.99847317e-01, -8.60423470e+00, -3.88530254e+00, -6.37732029e+00,
       -2.86796927e+00,  3.54800129e+00,  7.18567944e+00,  9.70071077e-01,
        8.95293617e+00, -3.46632218e+00,  5.33433056e+00,  4.92178440e+00,
        9.00153732e+00,  5.34914136e-01,  9.06754112e+00,  3.32639503e+00,
       -8.82369232e+00, -7.62736988e+00, -1.16105785e+01,  7.90732670e+00,
       -4.41157818e+00, -1.05901461e+01, -9.66965437e-01,  1.75364625e+00,
       -1.14262915e+01, -4.16406059e+00, -1.69517386e+00, -1.14332819e+01,
        1.58725660e-02,  1.83882940e+00, -4.18044662e+00, -3.07855368e+00,
       -7.61750889e+00, -1.08419800e+01, -8.31121922e+00, -2.75137615e+00,
       -1.04576359e+01, -4.20415974e+00, -7.50254488e+00, -2.36389947e+00,
       -9.02270126e+00, -1.10324078e+01,  6.78020334e+00, -1.03114910e+01,
        2.33065915e+00, -3.51411629e+00,  7.40186024e+00,  4.40246296e+00,
        6.66420460e+00, -2.07910991e+00, -2.22726488e+00, -1.00912666e+01,
       -9.20940208e+00,  9.62191391e+00,  4.48293781e+00, -5.52053738e+00,
        5.14599514e+00, -1.01453173e+00,  8.33484364e+00,  4.05410260e-01,
        3.77675653e+00,  5.37319565e+00, -2.20895910e+00, -3.40982676e+00,
        3.61941290e+00, -6.34163284e+00, -8.12444019e+00,  7.96193695e+00,
       -4.80780220e+00,  3.59940886e-01, -7.11573505e+00, -9.44882870e+00,
       -3.93864369e+00,  6.01848412e+00, -9.48440838e+00,  6.73595381e+00,
        3.77476215e+00,  6.47943354e+00,  1.35653698e+00,  3.56070137e+00,
       -1.46804094e+00, -6.76489353e+00, -3.48294401e+00, -3.73515987e+00],
      dtype=float32), 'encoder.4.weight': array([[-1.1971915e+01, -1.0797602e+01, -8.4800282e+00, ...,
        -6.0128884e+00,  3.3378701e+00,  1.2460182e+00],
       [ 8.1322441e+00, -2.1145523e+00, -2.3981855e+00, ...,
         5.0008190e-01, -2.3932822e+00, -5.5691457e+00],
       [-1.1213931e+00,  4.5708847e+00,  8.8793917e+00, ...,
         4.5041409e+00, -5.4006133e+00, -7.1649313e+00],
       ...,
       [ 9.5772557e-03, -1.9928637e+00,  1.4379599e+00, ...,
        -7.1434860e+00,  1.6306505e+00,  9.4916115e+00],
       [ 7.3285241e+00, -7.1260681e+00, -9.3120289e+00, ...,
         3.6404870e+00,  4.3524480e+00, -6.6804254e-01],
       [-1.1840422e+01, -7.8891406e+00, -1.2611183e+00, ...,
        -8.8212032e+00, -5.8222980e+00,  3.2216640e+00]], dtype=float32), 'encoder.4.bias': array([ -1.7773423,   6.774017 ,  -6.7806616, ...,   1.6122935,
       -11.570507 ,   6.2964115], dtype=float32), 'encoder.6.weight': array([[-1.336958  , -4.928994  , -2.5882492 , ...,  0.7755847 ,
        -3.9331822 ,  3.0809321 ],
       [-0.70032597, -3.8716278 , -4.852722  , ..., -0.6075095 ,
         4.868069  , -2.8682895 ],
       [-1.8544862 ,  2.7141593 , -2.0166085 , ...,  1.2824727 ,
        -5.2407036 , -0.7679068 ],
       ...,
       [ 0.855652  ,  6.5819664 , -1.4206059 , ..., -3.4183311 ,
         2.7238615 ,  1.7936565 ],
       [-4.038251  ,  0.7679784 ,  2.1734781 , ..., -2.3633747 ,
         3.631764  , -3.7510164 ],
       [ 5.3728766 , -3.1559186 , -3.200385  , ..., -1.8929889 ,
         2.6384826 ,  3.594808  ]], dtype=float32), 'encoder.6.bias': array([ 0.6814538 ,  3.3472233 ,  2.561383  ,  2.5552616 , -0.48395538,
       -3.3930917 ,  2.6233382 , -0.9472995 ,  0.8581279 , -3.406663  ],
      dtype=float32), 'decoder.0.weight': array([[ 58.774605 ,  25.214222 ,  52.946625 , ...,  41.13633  ,
        -70.011345 ,  18.679327 ],
       [  9.571812 ,  73.60159  ,  56.958153 , ...,   3.3504674,
        -28.246761 , -39.06225  ],
       [-27.35638  ,  -1.7938896,  46.02652  , ..., -50.311897 ,
         -4.3313727,  26.520058 ],
       ...,
       [ 51.070213 ,  42.844124 , -32.622654 , ...,  -5.1556816,
        -42.91515  ,  32.4374   ],
       [-44.37892  , -24.1176   ,  10.84244  , ...,  50.12163  ,
          9.616524 ,  40.4759   ],
       [-18.888351 ,  46.071075 , -28.316975 , ..., -11.111284 ,
         25.536854 , -45.65278  ]], dtype=float32), 'decoder.0.bias': array([ 21.241068,  56.437283, -61.236267, ..., -33.544846,  30.139606,
        31.543083], dtype=float32), 'decoder.2.weight': array([[-5.1911116 , -2.5025744 , -4.9852133 , ...,  4.177019  ,
         3.3110685 ,  4.0836315 ],
       [-6.401257  , -4.5585885 ,  3.7878876 , ...,  3.9507108 ,
         0.20391966,  2.9486036 ],
       [ 3.5307407 ,  3.942795  , -0.0517148 , ..., -4.101925  ,
        -0.15949345,  2.7103267 ],
       ...,
       [-3.7750251 ,  3.8268623 ,  2.4598346 , ..., -0.53748447,
         3.6165318 , -3.377604  ],
       [-3.7343822 ,  4.436243  ,  0.22232714, ...,  2.894332  ,
        -0.430565  , -2.8870602 ],
       [ 3.714378  , -3.634098  , -0.70876867, ..., -1.0537895 ,
        -5.931585  ,  2.3768408 ]], dtype=float32), 'decoder.2.bias': array([ 2.3491027e+00,  4.3025845e-01,  4.4620544e-01, -6.2405720e+00,
        4.5439534e+00,  9.5748550e-01, -3.0592215e-01, -4.3437634e+00,
       -2.5109646e+00, -2.3602800e+00, -1.2374463e+00, -1.2483951e+00,
       -3.9441913e-01,  1.9459045e+00,  2.1310548e-01, -6.5425563e-01,
        1.9218760e+00, -1.7963810e+00, -2.4574392e+00, -5.2839336e+00,
       -4.9903555e+00, -3.6357250e+00, -1.7765894e+00, -1.1659014e+00,
       -1.5373045e+00,  1.9779582e+00,  4.4928246e+00, -6.2835488e+00,
       -4.7842073e+00, -7.0368404e+00,  1.1126889e+00, -5.2403984e+00,
       -2.7240133e+00, -4.9482350e+00, -5.9545193e+00, -5.2929425e+00,
        5.0682039e+00, -6.4277925e+00, -6.0849438e+00, -4.8320964e-03,
        6.1886832e-02,  3.1602111e+00,  1.4899347e+00, -4.2827754e+00,
       -6.7230034e-01, -5.7450094e+00, -3.9924833e-01,  1.0592228e+00,
        5.8915788e-01, -5.5287123e-01,  2.4000673e+00, -5.6868420e+00,
        3.6621070e+00,  5.1331306e+00,  5.6548542e-01,  2.1445897e+00,
       -3.3490913e+00, -2.6362824e+00, -3.3579189e-01, -2.0163229e+00,
       -5.7579441e+00,  1.8629609e+00, -9.5225096e-01,  2.8542120e+00,
        2.3622060e-01,  8.1786716e-01, -5.1638379e+00, -2.4132830e-01,
        3.2128007e+00,  3.4941421e+00, -5.4730253e+00, -4.9004275e-01,
       -2.1156292e+00, -1.4688679e+00,  1.6215270e+00, -3.7099888e+00,
        1.7446095e+00,  5.1396208e+00,  4.2710485e+00, -4.0789285e+00,
       -1.0531095e+00,  2.8225179e+00,  4.6368966e+00, -2.1060283e+00,
        4.9521146e+00,  4.5005293e+00, -2.5646007e+00, -2.3111913e+00,
        2.5742617e+00, -1.5266819e+00,  1.2771876e+00, -4.7698231e+00,
       -2.6551373e+00,  4.0567393e+00,  3.1861336e+00,  3.4601476e+00,
        3.2811253e+00,  3.6009994e+00, -3.5620914e+00,  4.0546277e-01,
       -9.0114939e-01,  3.9749341e+00,  1.9659204e+00, -2.2686374e+00,
       -1.0664141e+00, -3.5689822e-01,  1.9809860e+00,  3.3150401e+00,
        4.2631717e+00,  3.5738826e+00,  3.7200079e+00, -3.8139668e+00,
        3.1421535e+00,  1.1002600e+00, -3.7607865e+00, -8.8344824e-01,
       -2.7534940e+00,  3.8612914e+00,  2.7354023e+00, -3.6710601e+00,
       -4.2833829e+00, -4.3259320e+00, -4.2978020e+00,  3.0552692e+00,
       -5.5941129e+00, -1.5565245e+00,  3.7584252e+00,  2.8456348e-01,
       -1.7190768e+00,  1.3253562e+00, -1.1665555e+00, -2.0048828e+00,
       -5.4120725e-01, -5.3733916e+00,  2.1769404e+00, -4.1873512e+00,
        3.6420184e-01, -2.1511350e+00, -2.4776359e+00,  1.7289426e+00,
        9.9551129e-01, -4.2266507e+00,  1.9140519e+00,  4.7687631e+00,
        4.7555900e+00, -5.9947121e-01, -4.5814052e+00, -4.4767685e+00,
       -1.4325124e+00, -3.8565373e+00, -2.2015782e-02,  2.8076640e-01,
        3.9825921e+00,  4.7650394e+00, -1.7209840e+00,  1.5375887e+00,
        9.3351686e-01, -2.2129722e+00,  4.1616526e+00,  4.3086880e-01,
       -3.6209459e+00, -1.8923419e+00, -3.0470267e-01, -2.6794057e+00,
        3.4774761e+00,  1.4575862e+00,  2.2991958e+00,  4.3703637e+00,
       -9.1133887e-01, -4.2820234e+00, -6.3604748e-01, -3.1923875e-01,
        3.7986503e+00, -1.4707289e+00,  1.5381768e+00, -4.6372110e-01,
        2.3916512e+00, -1.3995118e+00,  2.7288203e+00,  2.0251026e+00,
        3.2587752e+00,  3.4322505e+00,  2.9930836e-01,  3.4334457e+00,
       -2.6624103e+00,  1.3791492e+00,  3.1528113e+00, -1.3092932e+00,
        1.6488025e+00,  3.3307679e+00, -5.6006055e+00, -1.5046456e+00,
        2.8852420e+00,  3.9670501e+00,  2.6994202e+00,  1.8965994e+00,
        2.9993770e+00,  3.9124126e+00, -5.8669453e+00,  2.5160317e+00,
        1.3711011e+00, -4.3992572e+00,  1.9326265e+00,  4.9594116e+00,
        1.3189584e+00,  3.8408711e+00,  2.3741064e+00, -1.2793214e+00,
        4.5040351e-01,  1.3719237e+00, -6.5677090e+00, -2.5654075e+00,
       -4.4090490e+00, -4.9904752e+00,  3.5404465e+00,  1.1289991e+00,
       -4.3382149e+00, -4.1718912e+00, -3.6457365e+00,  4.6408448e+00,
       -4.8583169e+00, -3.5076270e+00,  2.7461951e+00, -5.9287558e+00,
        5.3269619e-01,  4.3839338e-01, -9.4248515e-01, -1.1553149e+00,
        1.4284840e-01, -9.8686671e-01, -1.9638892e+00,  3.3133926e+00,
        6.1957508e-01,  2.9977983e-01, -6.8678899e+00, -5.7312970e+00,
        1.8284143e+00,  2.1748230e-01,  4.5367293e+00, -3.8591456e+00,
       -2.8381124e+00, -5.5458832e+00,  2.2353137e-01, -4.7015047e+00,
        3.7222781e+00, -3.3848341e+00,  4.1888990e+00,  1.5060070e+00,
        3.6759880e+00, -2.1403754e+00, -4.2349644e+00,  5.8308756e-01,
        5.2341676e-01,  2.6963480e+00,  1.6741891e+00, -2.2833390e+00,
        4.8271842e+00,  2.8167524e+00, -2.4111454e+00, -8.5556555e-01,
        1.0628332e+00, -4.8437395e+00,  9.6622050e-01,  1.8445859e+00,
       -4.6542984e-01, -2.8144164e+00, -1.8884714e+00, -5.7442460e+00,
        3.6196532e+00,  1.6370476e+00,  1.8100835e+00, -3.1437588e+00,
        5.2344131e+00, -6.2894258e+00, -2.9581902e+00, -2.0463421e+00,
        1.8296696e+00, -1.7371893e-01, -1.8539358e+00,  4.3314781e+00,
        1.4061391e+00, -5.9525251e+00, -5.0877609e+00,  2.5894473e+00,
        5.4888099e-01, -4.9340671e-01, -2.2076797e+00, -5.0954866e+00,
        5.4495196e+00, -3.1995685e+00,  4.0178943e+00,  3.7650573e-01,
       -2.5595877e+00,  8.6195600e-01,  4.3796763e-01, -4.0008550e+00,
       -8.0213284e-01,  4.4992037e+00,  3.4322071e-01, -4.0371385e+00,
       -3.9065437e+00, -4.0330963e+00, -6.6144633e+00,  3.7517810e+00,
        2.5600033e+00, -4.8465500e+00, -1.3077824e+00, -1.8499119e+00,
       -5.6484537e+00,  2.9032753e+00, -9.5176518e-02, -6.0897920e-02,
       -2.5627296e+00, -5.6210012e+00, -2.1103394e+00,  2.3354549e+00,
        3.6906428e+00,  1.7101722e+00, -5.8933291e+00, -5.5013208e+00,
        6.2038398e-01, -5.4695220e+00, -2.5127101e-01,  2.3502808e+00,
       -2.9016948e+00, -6.5726185e-01, -6.8198770e-01, -2.3878338e+00,
        2.2585568e+00,  1.9631577e+00, -6.5717325e+00, -8.3391297e-01,
        3.5472667e-01,  1.6593823e+00,  5.6188860e+00,  5.2813596e-01,
       -5.8627834e+00, -2.0979781e+00,  1.1335670e+00, -1.3195876e+00,
        5.1425157e+00,  4.0053015e+00, -2.5019875e+00,  4.5078425e+00,
       -5.5546970e+00, -6.3934851e+00, -4.5342565e-01, -2.8374985e-01,
        5.6150932e+00,  3.0847926e+00,  2.9496494e-01, -4.7358413e+00,
       -2.1515934e+00,  4.1350956e+00,  6.3706458e-02,  4.6165152e+00,
       -3.4255579e+00,  1.2930291e+00,  1.6078146e+00, -2.3373475e+00,
        2.4946172e+00,  3.1345420e+00, -2.9278431e+00, -8.9172876e-01,
       -7.6976228e-01,  4.8696060e+00,  9.4476342e-01, -3.9941590e+00,
        4.2777090e+00, -4.8786907e+00, -5.1915827e+00,  2.3955901e+00,
        5.3151021e+00, -5.6429404e-01,  2.3889980e+00,  4.3830833e+00,
        1.3963481e+00,  1.3201626e-01,  2.5758023e+00,  3.6112113e+00,
       -3.7121983e+00, -1.9056425e+00,  3.9507351e+00,  3.2764151e+00,
       -2.8437033e+00, -4.9930153e+00, -2.4903200e+00, -2.9917712e+00,
       -3.2487910e+00,  2.3930984e+00,  4.3512607e+00, -2.4294169e+00,
       -4.8839852e-01, -5.9519086e+00, -4.4367614e+00, -5.0081186e+00,
       -6.1987762e+00, -4.7011671e+00, -2.9472990e+00, -4.8681226e+00,
        4.0306010e+00, -4.9211493e+00,  4.3742752e+00,  4.2531638e+00,
       -2.2011740e+00, -1.7533324e+00, -2.0969305e+00,  3.2802458e+00,
       -8.3392042e-01, -4.8517771e+00,  3.9084463e+00,  3.4207416e-01,
       -7.3907032e+00, -2.5340599e-01, -1.0207791e+00, -2.4231539e+00,
        3.2590392e+00,  5.0853558e+00,  1.1754200e+00,  2.8562350e+00,
       -1.3748090e+00, -2.0704503e+00, -3.6518776e+00,  5.7380068e-01,
        3.0210085e+00,  3.2883625e+00,  1.0661401e+00,  5.0278769e+00,
        2.9081590e+00, -9.8845690e-01, -4.3759793e-01,  2.5227878e+00,
       -6.5317678e+00,  6.4628094e-01,  1.1774040e+00,  2.3000460e+00,
        4.3796927e-01,  2.9449732e+00, -4.0648260e+00, -3.6474490e-01,
        1.3041519e+00, -5.7908499e-01, -6.6384083e-01,  4.1682124e+00,
        1.1048443e+00, -3.8897748e+00,  3.4105568e+00, -1.0516502e+00,
       -1.5972073e+00, -3.6651120e+00,  4.6323972e+00,  4.5366440e+00,
       -2.9179056e+00,  6.4356184e-01,  4.1517043e+00, -5.2419043e+00,
        3.1037602e+00, -5.6987531e-02,  2.5196159e-01,  4.5663080e+00,
       -6.7392665e-01, -4.8934636e+00, -4.9417524e+00,  1.0066374e-01,
       -1.2170056e+00, -4.4691772e+00, -5.0403543e+00,  3.0665507e+00,
        2.2356482e+00,  6.0250658e-01, -2.4849491e-01,  2.7091384e+00,
        3.3268754e+00,  3.2179422e+00,  7.3179072e-01, -6.1902852e+00,
       -4.3302450e-01,  4.6233246e-01,  5.4813819e+00, -1.6399499e+00,
        8.1242770e-01, -3.8451509e+00,  1.0431992e+00,  2.4346647e-01,
        3.4179761e+00,  4.1839638e+00, -5.7497258e+00, -3.6421905e+00,
       -1.1831348e+00, -8.1862974e-01, -5.8960323e+00, -3.4776778e+00,
        2.7259393e+00, -4.4533616e-01, -1.6557266e+00,  3.9487975e+00,
       -4.4889421e+00, -2.2748995e+00,  4.1222730e+00, -1.5984439e+00],
      dtype=float32), 'decoder.4.weight': array([[  9.734142 ,   4.8235955,  -7.453821 , ...,   1.668314 ,
          6.3452625,   6.8863363],
       [ -2.8056164,  11.16619  ,  -3.2389808, ...,  -2.663024 ,
          7.742141 ,  -1.7928519],
       [ -1.1009083,  -8.794857 ,   2.0061674, ...,   8.823602 ,
         -5.6661677,   1.4213374],
       ...,
       [  6.684484 ,  -9.886672 ,  -6.720314 , ...,   1.4798753,
          8.592683 ,  -6.2401414],
       [  6.7231655, -11.842762 ,   6.4653096, ...,  -6.8797126,
          1.8981732,   5.218067 ],
       [ -8.617016 ,  -3.2097402,  -3.92587  , ...,   0.4180533,
         -5.5238366,   4.010398 ]], dtype=float32), 'decoder.4.bias': array([ -6.9744883 ,   6.9812393 ,   5.489587  , -10.655986  ,
         6.5181365 ,  -2.6539898 ,  -2.3701043 ,   0.81462514,
        -1.369088  ,  -6.5227833 , -11.460152  ,  -3.6096916 ,
        -7.508879  ,   8.375621  ,  -7.685604  , -12.074808  ,
         1.031909  , -10.755477  ,   4.2660975 ,  -8.364382  ,
         7.5266094 ,   3.202019  ,   4.6141586 , -13.753887  ,
        -6.5728984 ,  -6.3841476 ,   2.745904  ,   6.794142  ,
       -12.524923  ,   9.09547   , -10.937935  ,   5.6859903 ,
         2.101236  ,   5.872034  ,   1.4390233 ,   0.85335535,
         2.959846  ,  -1.9568546 ,   4.2229204 ,  -0.329355  ,
        -6.325266  ,   3.21838   ,  -6.834711  ,  -2.9444213 ,
        -7.6376295 ,  -8.512295  ,   3.0145388 ,  -1.9761047 ,
         1.9284935 ,  -0.8059112 ,  -5.602756  ,  -4.397581  ,
         2.0470903 ,   9.270624  , -13.306023  ,   2.1249244 ,
        -7.257881  ,  -4.96695   , -11.944392  ,  -7.5323772 ,
        -7.2625017 ,   5.18428   ,  -0.9180774 ,   2.1872342 ,
        -7.54358   ,  -6.2993217 ,  -5.120782  ,   1.3273199 ,
         7.2568765 ,   3.5671487 ,  -5.2931175 ,   8.827691  ,
        -7.8642206 ,  -0.4669031 , -13.4077015 ,   4.3245473 ,
        -0.4424632 ,  -3.130964  ,  -7.738967  ,  -4.9224205 ,
         2.311063  ,   6.564618  ,  -8.350076  ,  -2.109883  ,
         1.017386  , -10.672407  ,  -1.5272053 ,   6.6381245 ,
         9.9273815 ,  -9.990451  ,   3.792148  ,   3.69109   ,
         4.307885  ,  -2.1265845 ,  -7.7426376 ,   4.862812  ,
         4.414997  ,  -4.9410076 ,  -8.724011  ,   3.503019  ,
        -7.591817  ,   5.950747  ,  -4.74241   , -11.090001  ,
       -10.142892  ,   1.8823485 ,  -0.8688779 ,  -8.633921  ,
        -4.530342  , -10.820714  ,  -6.802833  ,  -8.185605  ,
        -5.0609136 ,   2.5631552 ,  -7.6613035 ,  10.733021  ,
         6.110013  ,   4.515344  ,   7.0623035 ,  -8.664902  ,
         3.1295843 ,  -0.7743856 , -12.482114  ,  11.796613  ,
         0.47427392,  -8.56603   ,  -8.116405  ,   4.650815  ,
       -10.24262   ,  11.075714  ,  -0.7361454 ,  -2.4430714 ,
        -7.995901  ,   0.6624069 , -11.426791  ,   2.5299444 ,
         6.931279  , -10.535822  ,   7.443221  ,  -9.669786  ,
         1.6782503 , -12.018085  ,  -1.3376036 ,  -6.9520273 ,
         3.7556531 ,   2.551987  ,  -4.3760395 ,  -1.4825106 ,
         5.5342927 ,  -0.30829576,   4.3280377 ,   0.49762928,
       -10.061742  ,  -1.6920273 ,  -9.949314  ,   9.630344  ,
        -0.88665056,   7.9347744 ,   6.8943715 ,  -6.610059  ,
        -5.8870654 ,  -1.2856592 ,   0.2940297 ,  -9.910838  ,
       -11.595068  ,  -9.264101  ,  -5.7191486 ,  -8.054531  ,
         1.7271729 ,   5.4625034 ,   6.4518538 ,  -5.5591125 ,
         9.441918  ,   4.236209  ,   3.9060924 ,   2.183035  ,
       -11.113011  ,   2.0044825 ,  -0.3206929 ,  -1.0671368 ,
       -10.627919  , -10.980879  ,  -8.9646225 ,  -5.3207884 ,
         5.59132   ,  -0.547538  ,   3.846665  ,  -2.543044  ,
        -2.059319  , -10.128177  ,   5.6457505 ,  -1.0710202 ,
       -12.667279  ,   3.362115  ,   6.971638  ,   5.1935587 ,
         0.15426226, -12.005387  ,  -6.71515   ,   3.3568134 ,
         5.668764  ,  -4.4137974 ,  -3.829182  ,   5.3544683 ,
        10.29416   ,   8.474504  ,   1.5279422 ,   4.192958  ,
        -4.441305  ,   1.9562383 ,   2.9424217 ,  -0.06187117,
         8.173151  ,   0.54580927,  -7.5720987 ,   1.7612114 ,
        11.298875  ,   3.96842   , -10.895256  ,   7.1843038 ,
         7.457796  ,   5.085437  ,  -1.3269994 ,   4.8172693 ,
        -4.3824277 ,   1.816494  ,  -9.909649  ,   5.5831194 ,
        -6.0815287 ,  -1.9917073 ,  -1.9621797 ,   6.164609  ,
        -6.400757  ,   5.06894   , -12.1789255 ,  -4.7346582 ,
        -2.637693  ,   5.0924764 ,   2.6010704 ,  -5.9964485 ,
        -5.090925  ,   0.5976214 ,  -0.04818473,   0.7229825 ,
         6.1848927 ,  -8.83851   ,   3.7969391 ,   5.7161665 ,
       -13.164107  ,  -3.4908872 ,   1.0293391 ,   5.259722  ,
        -8.38307   ,  -9.904023  ,   6.7256346 ,  -4.8086557 ,
         2.6732924 ,  -2.3407009 ,   4.7876472 ,  -6.9154735 ,
        -9.491243  , -10.107847  ,  -4.201866  ,   5.2989483 ,
       -12.672818  ,  -3.4536552 ,  -4.8831654 ,  -7.9836516 ,
        -4.727938  ,  -2.7886817 ,  -4.61281   ,  -4.295383  ,
       -13.208973  ,   3.8571615 ,   6.061064  ,  -4.1313105 ,
        -5.151111  ,  -5.2807336 ,  10.168362  ,   1.0113223 ,
        -6.2198625 ,  -2.5666988 ,   9.746231  ,  -5.180242  ,
         6.4785633 , -10.1869755 ,   1.6098212 ,   5.7174616 ,
         0.5758909 ,   6.7107124 ,  -2.6556134 ,   2.829698  ,
        -5.0499086 ,   6.2441907 ,  -9.576346  ,  10.124476  ,
         1.4732499 , -11.350507  ,   2.0607677 ,  -3.6142302 ,
        -6.5046215 ,  -9.409141  ,   4.6575584 ,  -3.8893108 ,
        -0.6718294 , -11.919842  , -11.190519  ,  -5.267758  ,
         1.8080412 ,   4.1550584 ,  -2.6303716 ,  10.522044  ,
         4.090794  ,  -2.4618354 ,   5.6270347 ,   0.54566777,
         8.827253  ,  -7.505243  , -12.746588  ,   1.8485504 ,
         3.8015277 ,  -9.144859  ,  -0.35073113,  -9.840364  ,
        -1.171939  , -12.939251  ,  -4.7812138 ,   0.95601785,
        -7.40215   ,  -1.7101449 ,  -0.5184353 ,   2.3933673 ,
         3.872956  ,  -0.76167995,   6.186702  ,  -6.530241  ,
        -7.8256006 ,  -9.480907  ,  -9.184399  ,  -8.396587  ,
        -5.124827  ,  -1.8062507 ,  11.105094  ,   3.2168014 ,
         4.7328057 ,   0.34241647,   2.0719936 ,  -8.603913  ,
         3.061821  ,  -1.4342326 ,  -8.845869  ,  -2.1067677 ,
        -5.4409943 ,   5.5617785 ,  -6.4760528 , -10.262297  ,
        -8.197756  ,   2.1750674 ,   2.147923  ,  -9.991791  ,
        -2.387939  ,  -1.0889665 ,  -8.651296  , -13.301136  ,
         2.978187  ,  10.218253  ,   7.7338543 ,   1.8401995 ,
        -9.256116  ,   4.61662   ,  -3.4045033 ,  -0.3549294 ,
         6.0275135 ,   1.2582773 ,  -4.0836453 ,  -2.530322  ,
         7.5796065 ,   2.732374  ,  -0.68364275,   9.936541  ,
       -15.968742  ,   3.419755  ,  -6.4688225 ,  -1.029257  ,
         2.1376925 ,  10.012844  ,  -3.6400416 ,  -3.0773938 ,
        -4.663414  ,   9.088657  ,  -8.475595  ,   7.406598  ,
         4.141647  ,  -7.776388  ,  -4.2182465 ,  -1.0750407 ,
         8.59987   ,  -9.669569  ,  -2.0126877 ,  -4.239995  ,
         7.064189  ,   0.25134662,  -8.999172  , -10.434734  ,
         5.4225507 ,   1.9385824 ,  -8.17951   ,  -8.101268  ,
         0.44057062,   7.7815924 ,   3.0497575 , -11.327967  ,
         1.288315  , -13.436814  ,   1.6792922 ,   4.7613997 ,
        -1.95549   ,  -8.362165  ,   7.462617  , -11.236682  ,
        -3.8662891 ,   1.7500767 ,   5.1717606 ,  -7.0375032 ,
        -4.4191647 ,   1.9266505 ,  -4.045546  , -13.579474  ,
       -12.910881  ,  -0.8499172 ,   8.419771  ,   2.9396417 ,
        -5.7512455 , -11.1964035 ,  -4.9223404 ,   8.870144  ,
        -1.7320426 , -12.428873  ,   0.99065   , -10.166988  ,
        -3.5200825 ,   4.328636  ,   5.712154  ,   2.2414932 ,
         7.3785458 ,   6.0080347 ,   4.9833946 , -11.560349  ,
         1.7540181 ,  -8.442582  ,   2.2310014 , -11.101902  ,
        -4.037511  ,  -2.5132952 ,   2.8638396 ,   0.91057765,
         7.864278  ,  -6.5596976 ,   6.07269   ,   8.325957  ,
        -6.4457464 ,  -6.276125  , -10.22056   ,   5.112316  ,
         1.0744215 ,   4.866082  ,  10.569388  ,  -8.277481  ,
         6.6541357 , -11.05971   ,   6.250419  ,  -3.2413764 ,
        -1.7028265 ,   5.3266816 ,  -7.9683933 ,   1.1301225 ,
        -7.723553  ,   4.387656  ,  -4.6170144 ,   2.2288766 ,
       -10.387009  ,  -0.19280556,   1.2698224 , -10.035313  ,
        -9.566997  ,  -5.0693946 ,  -8.26119   ,  10.032813  ,
        -1.979207  , -10.133638  , -12.557568  , -11.003093  ,
        -8.259439  ,  -5.102939  , -11.831656  ,  -7.055805  ,
         1.9739031 , -12.204052  ,   8.764854  ,   1.2578267 ],
      dtype=float32), 'decoder.6.weight': array([[ -5.27541   ,  17.381561  ,  -0.31696263, ...,  13.638575  ,
        -10.67129   ,  15.006784  ],
       [ -1.93424   ,  -3.784523  ,   3.2926707 , ...,  -8.039171  ,
          2.518148  ,   4.4605217 ],
       [ -6.7298775 ,   7.0947847 , -10.57142   , ...,   8.874411  ,
         -0.22214302,  -0.3527952 ],
       ...,
       [ -4.4944844 ,   4.1295786 ,   7.5481634 , ..., -11.685236  ,
         -0.07120017,  -7.5329885 ],
       [-10.496368  ,  -1.933584  ,  -9.006502  , ...,  -1.0645653 ,
          7.2855196 ,  -1.7062472 ],
       [  7.851239  ,   8.908073  ,  -0.2107271 , ...,  -5.20008   ,
          2.9857817 ,  -4.8003516 ]], dtype=float32), 'decoder.6.bias': array([  2.3198986 ,  -0.50907797, -11.937851  , ...,  -9.877838  ,
         0.60677534,  -2.7074022 ], dtype=float32)}
[Time: 12.01.25 12:15:50] [Level: info] [State: aggregate] Updating global model...
[Time: 12.01.25 12:15:50] [Level: info] [State: aggregate] Autoencoder(
  (encoder): Sequential(
    (0): Linear(in_features=6001, out_features=500, bias=True)
    (1): ReLU()
    (2): Linear(in_features=500, out_features=500, bias=True)
    (3): ReLU()
    (4): Linear(in_features=500, out_features=2000, bias=True)
    (5): ReLU()
    (6): Linear(in_features=2000, out_features=10, bias=True)
  )
  (decoder): Sequential(
    (0): Linear(in_features=10, out_features=2000, bias=True)
    (1): ReLU()
    (2): Linear(in_features=2000, out_features=500, bias=True)
    (3): ReLU()
    (4): Linear(in_features=500, out_features=500, bias=True)
    (5): ReLU()
    (6): Linear(in_features=500, out_features=6001, bias=True)
  )
)
[Time: 12.01.25 12:15:50] [Level: info] [State: aggregate] Broadcasting model...
[Time: 12.01.25 12:15:50] [Level: info] transition: compute
127.0.0.1 - - [12/Jan/2025 12:15:51] "GET /api/status HTTP/1.0" 200 158
[CTRL] GET /data
[Time: 12.01.25 12:15:51] [Level: info] state: compute
[Time: 12.01.25 12:15:51] [Level: info] [State: compute] ITERATION 6
[Time: 12.01.25 12:15:51] [Level: info] [State: compute] receiving weights...
[Time: 12.01.25 12:15:51] [Level: info] transition: write
[Time: 12.01.25 12:15:52] [Level: info] state: write
[Time: 12.01.25 12:15:52] [Level: info] [State: write] Cluster data...
127.0.0.1 - - [12/Jan/2025 12:15:53] "GET /api/data HTTP/1.0" 200 34213092
[Time: 12.01.25 12:15:53] [Level: info] [State: write] Data before conversion: OrderedDict([('encoder.0.weight', tensor([[-0.8593,  0.7754,  0.4523,  ..., -0.4481,  0.4175, -0.6405],
        [-0.1410, -0.8943, -0.5382,  ...,  0.1888, -1.0955, -0.2311],
        [ 1.4251, -0.8965,  0.2700,  ..., -0.7362, -0.4160, -0.3205],
        ...,
        [-0.3593,  0.3766,  1.1312,  ...,  0.9668, -0.5179, -0.1271],
        [ 0.3045,  0.2058,  0.1823,  ...,  0.2321, -1.0509,  0.0436],
        [-1.0180, -0.5576, -0.6628,  ..., -0.3170,  0.2674,  0.1152]])), ('encoder.0.bias', tensor([-3.2119e-01, -3.1067e-01,  2.5818e-01, -4.4457e-01, -1.2023e+00,
         5.2002e-01, -1.9968e-01, -7.6825e-01, -8.0433e-01,  4.8115e-01,
        -1.2478e-01, -1.0274e+00,  2.1367e-01, -7.5198e-01, -2.8444e-01,
         5.9468e-02, -5.8050e-01, -1.9575e-01, -9.6748e-01, -9.7735e-01,
        -1.2585e+00,  4.2778e-01, -7.7678e-01,  3.0805e-01,  1.5850e-01,
         6.3753e-01,  4.9939e-01,  8.6659e-01,  3.0881e-01, -5.6429e-01,
        -7.5091e-01,  4.9742e-01, -3.2642e-01, -8.9406e-01,  1.3321e-03,
         8.8201e-01, -9.4878e-02, -1.6138e-02, -6.7743e-02, -9.1942e-02,
         5.2644e-01, -6.0478e-01, -1.0285e-01,  8.0871e-01, -4.6895e-01,
        -1.1949e+00, -3.4861e-01, -5.7370e-01,  7.3150e-01, -7.8104e-01,
        -6.8162e-01, -2.3400e-01,  6.6266e-02, -8.3864e-01,  1.7412e-01,
        -1.1524e-01, -2.4168e-02, -3.8677e-01, -7.9679e-01, -1.0815e+00,
         1.2542e-01,  3.3530e-01, -9.6691e-01,  6.5040e-01, -9.8493e-02,
         8.4415e-01, -7.9985e-01, -1.1668e+00, -1.3433e+00,  2.5328e-01,
         8.6916e-01, -8.1987e-01, -3.7082e-01, -8.9024e-01, -7.7497e-01,
        -4.2308e-02, -9.4970e-01,  6.4344e-01, -1.1102e+00,  1.4814e-01,
         8.4350e-01,  7.0908e-01, -7.8732e-01,  6.0343e-01, -6.8755e-01,
        -2.2071e-01, -5.1962e-01,  3.1824e-01,  2.4794e-01, -6.8506e-01,
        -5.1623e-01,  3.0777e-01,  6.9807e-01, -8.4391e-01, -6.2329e-01,
         1.3221e-01, -3.9361e-01, -9.5956e-01,  2.7368e-01, -7.5224e-01,
         4.9886e-01, -1.0197e+00, -8.4580e-01, -4.1510e-02, -6.6345e-01,
        -8.6148e-02,  1.4187e-01,  5.4631e-01,  3.7306e-01,  8.4531e-01,
        -5.2793e-01, -1.5294e-01, -2.8371e-01,  1.8292e-03, -4.7450e-01,
         7.4764e-01, -4.9849e-01, -3.4166e-01, -6.1280e-01,  7.8075e-01,
         1.6945e-01, -1.0766e+00, -9.0244e-01, -4.3609e-02, -1.5942e-01,
        -4.8771e-01, -4.4391e-01, -2.0161e-01, -6.7002e-01,  7.0393e-01,
         7.9116e-01, -1.0021e+00,  8.3241e-03,  8.1892e-01,  6.0195e-01,
         2.2728e-02, -1.7463e-01, -1.2163e-01, -2.2789e-02, -5.4302e-01,
         6.7795e-01, -1.1419e+00, -3.2358e-01, -4.7360e-01, -3.9258e-02,
         7.8548e-01, -6.3228e-02, -4.1333e-01, -1.9717e-01, -6.7395e-01,
        -4.2942e-01,  6.6710e-01, -5.1247e-01, -3.1440e-02, -4.6871e-01,
        -3.6126e-01,  7.6901e-01,  5.7219e-01, -4.6440e-01, -1.2316e+00,
        -4.8017e-01, -1.2355e-02, -7.5574e-01,  6.2730e-01, -7.5524e-01,
        -1.1303e+00,  7.0749e-01,  6.4783e-01,  6.9445e-01, -4.0149e-01,
        -1.1640e+00, -7.3000e-01,  2.4023e-02, -7.0661e-01,  7.4860e-01,
         4.9028e-01,  5.3500e-01, -1.0225e+00, -1.1513e+00,  9.3128e-01,
        -7.3598e-01, -5.6292e-01, -9.8160e-01,  3.8897e-01,  4.8126e-01,
        -1.0118e+00,  5.7981e-01, -7.1321e-01, -9.5834e-01,  6.1325e-01,
        -8.4478e-01, -3.5730e-01, -7.5700e-01, -1.1510e+00,  9.3891e-01,
         8.1600e-01, -1.7528e-01, -1.0072e-01, -3.1089e-01, -5.7193e-01,
        -1.0603e+00,  1.3764e-01, -8.4887e-01,  6.0154e-01,  6.3786e-02,
         6.5308e-01, -9.5383e-01,  7.7796e-01, -1.6010e-01,  1.7582e-01,
        -5.2330e-01, -8.8867e-01, -9.5133e-01,  4.2445e-01, -7.0497e-01,
         1.8149e-01,  4.3189e-01, -1.5561e-02, -7.6572e-01,  1.6371e-01,
        -7.0638e-01, -1.5687e-01,  6.3784e-01,  7.5786e-02, -7.6091e-01,
        -1.4865e+00, -1.2476e+00,  7.6405e-01,  9.2238e-03, -9.0916e-01,
        -9.7251e-02,  4.6968e-01, -4.7176e-01,  1.0307e-01,  1.7743e-01,
        -1.6493e-02, -1.1747e+00, -3.9966e-01,  3.6241e-02, -2.0732e-02,
         1.1236e+00,  5.4929e-01, -5.4449e-01, -1.2942e-01, -7.5848e-02,
        -6.7102e-02,  2.2990e-01, -4.7786e-01, -6.9745e-01, -1.0198e+00,
         4.4804e-01, -1.1001e+00, -5.6902e-01, -2.4901e-01, -7.3943e-02,
         3.3412e-01, -4.4503e-01,  6.6111e-01, -8.4665e-01,  4.4316e-01,
         7.5335e-01, -5.4971e-01,  2.0151e-01, -9.3039e-01, -1.0234e+00,
         5.8176e-01,  5.2187e-02, -7.3857e-01,  3.1238e-01, -1.8857e-01,
         6.1113e-01, -7.4873e-01,  3.1093e-01, -1.1906e+00, -9.4217e-01,
         1.8040e-01,  1.2652e-02,  6.6580e-02, -6.5481e-01,  3.1537e-01,
        -1.1249e+00,  2.4679e-01, -8.0696e-01, -8.7122e-01,  3.5256e-01,
        -4.7596e-01,  1.6768e-01, -7.6388e-01, -3.7122e-01, -7.8249e-01,
        -7.0832e-02,  4.1949e-01, -9.0156e-01, -4.0931e-01,  6.8076e-01,
        -1.1893e+00, -1.2509e+00, -6.7500e-01, -1.1074e+00,  8.0219e-01,
        -5.9674e-01,  5.2956e-01, -2.9822e-02, -4.7271e-01, -1.0583e+00,
         2.5397e-02, -1.2040e+00, -6.3026e-01, -8.8102e-01,  1.7567e-01,
         7.5881e-01,  3.2713e-01, -1.9251e-02, -9.6766e-01,  6.9479e-01,
         4.4326e-01,  1.8118e-01, -6.5111e-01, -1.0242e+00, -9.0312e-01,
        -8.6627e-01,  1.4616e-02, -7.0620e-01, -1.0644e+00, -1.2012e-01,
        -1.1919e+00, -5.8843e-01, -1.3858e+00,  2.6753e-01, -9.0520e-02,
        -7.9028e-01, -1.2171e+00, -1.0595e+00, -1.0687e+00, -1.8461e-01,
        -6.7512e-01, -3.8212e-01, -6.4368e-01,  4.8575e-01,  4.1246e-01,
        -1.2060e+00, -1.2464e+00, -7.0634e-01, -6.5683e-01, -1.4610e-01,
         3.7356e-01, -3.9043e-01, -5.4564e-01,  6.9090e-01, -7.1293e-01,
        -1.0739e+00, -9.1959e-02, -9.2915e-01,  7.2457e-01,  5.4074e-01,
        -8.2322e-01, -1.5515e-01,  4.3031e-01, -7.1690e-01,  3.8578e-01,
         3.7154e-01, -8.2434e-01, -3.8462e-01,  3.7847e-02, -8.5759e-01,
         3.9480e-01, -7.4111e-01, -3.4533e-01, -7.4060e-01, -1.1337e-01,
        -5.4051e-01, -5.9263e-01, -4.5590e-01,  5.9467e-01, -5.6750e-01,
         5.9000e-01, -6.5313e-01,  3.0288e-01, -1.1222e+00,  1.0476e-01,
        -1.7084e-01,  4.0506e-01, -9.7800e-02,  6.0428e-01, -2.2197e-01,
         5.1836e-01, -8.9423e-01,  5.1887e-01,  1.8728e-01, -1.1416e+00,
        -8.9434e-01, -8.6744e-01,  3.1993e-01, -1.0238e+00, -1.1148e+00,
        -3.2250e-01,  7.0057e-01, -4.7354e-03,  1.3069e-01, -1.1288e+00,
        -9.3004e-02,  2.0248e-01,  1.1924e-01,  2.7131e-01, -5.5421e-01,
        -1.1795e+00, -6.5733e-01,  3.6783e-01,  2.1707e-01,  1.1710e-01,
         7.2404e-01, -7.4506e-01, -9.9229e-01, -1.1188e+00, -3.9127e-03,
        -1.6794e-01, -1.1724e+00, -9.9134e-02, -5.9844e-01, -6.8793e-01,
         2.8676e-01, -3.4294e-01,  7.4786e-01, -4.8917e-01, -1.0193e+00,
        -1.0952e+00, -7.0686e-01, -6.9026e-01, -1.0104e+00,  4.8675e-01,
        -1.2402e+00, -3.5026e-01, -1.2028e+00, -9.0837e-01, -9.1967e-01,
        -1.0486e+00, -5.3184e-01, -1.0370e+00, -1.0533e-01, -7.7904e-03,
         5.4103e-01, -1.4272e-01,  2.5859e-02, -7.3643e-01,  2.5358e-01,
        -9.7317e-01,  5.8018e-01, -3.2945e-01, -1.1643e+00, -1.1225e+00,
         5.0996e-01, -1.0979e+00,  4.5594e-02, -1.1036e-01, -1.8883e-01,
         2.1602e-02, -2.6438e-01, -8.3732e-01, -1.4576e-02,  4.9768e-01,
         9.8575e-02,  7.0152e-01,  5.2308e-01, -9.4681e-01, -9.1022e-01,
        -1.1862e+00,  4.9332e-01, -4.1106e-01,  8.8446e-02, -8.7950e-01,
        -1.1187e+00,  3.4286e-01,  6.1829e-01,  5.1135e-01,  7.5227e-01,
         9.1100e-01,  4.2050e-02, -1.1208e+00, -5.8785e-01, -1.1953e-02,
         3.7663e-01, -6.5870e-01,  9.2336e-01, -8.7186e-02,  3.8970e-01,
         2.1321e-01, -7.3294e-01,  5.5735e-01,  6.6737e-01, -1.0707e+00,
        -9.3256e-01,  5.1282e-01,  6.0833e-01, -2.0260e-01, -1.1028e+00,
         2.7952e-01, -1.2298e+00, -5.6771e-01, -9.2818e-01, -5.8870e-01])), ('encoder.2.weight', tensor([[ 2.1944,  1.0112, -3.8631,  ...,  3.1359, -0.2241, -0.0751],
        [ 2.6143,  1.9946, -2.9089,  ..., -3.7986, -2.5087, -1.0953],
        [-3.4578, -0.3805, -0.8617,  ...,  0.4124,  2.9390,  3.2684],
        ...,
        [-3.1958, -0.5441, -2.7716,  ...,  2.4101,  0.1630,  2.0294],
        [-1.4574,  0.3874,  2.0658,  ..., -2.0058,  0.9379, -1.4027],
        [ 1.4130, -3.6059, -0.2037,  ..., -2.8799,  1.4702,  1.2287]])), ('encoder.2.bias', tensor([-1.2016e+00, -1.1544e+00,  5.6497e-02, -2.2255e+00, -2.0823e+00,
        -2.5585e+00, -1.9416e-02, -2.7750e+00, -2.8040e+00,  3.6666e+00,
        -1.8486e+00, -2.1884e+00,  7.0295e-01,  2.0950e+00, -6.5843e-01,
        -1.9546e+00,  2.6854e+00, -7.0917e-01,  1.7741e+00, -2.2611e-01,
        -4.2788e-01, -2.0352e+00,  1.3815e-01, -2.4488e+00, -8.3046e-01,
         7.3647e-01,  2.2935e+00,  1.5196e+00,  1.7741e+00,  1.6791e+00,
        -1.1804e+00,  3.2409e+00,  1.3283e+00, -1.1766e+00,  6.6075e-01,
        -2.9393e+00,  6.5748e-01, -2.0735e-01, -7.2512e-01,  1.8253e+00,
        -3.0786e-01,  3.1982e+00,  1.5640e+00,  2.1145e+00, -3.2292e+00,
         1.1155e+00, -2.9103e+00, -9.6805e-01, -2.8731e-03,  7.6685e-01,
         2.9427e-01,  2.4666e+00,  2.5335e-01,  1.3645e+00, -3.0824e+00,
         3.1412e+00,  2.3223e+00,  2.4841e+00, -6.9893e-01, -4.7955e-01,
         3.1561e+00,  1.0728e+00, -2.3572e+00, -9.6895e-01,  1.1763e+00,
        -2.0933e+00,  1.4102e-02,  6.7417e-01, -2.0494e+00, -2.0370e+00,
         3.4176e-01,  2.6300e+00, -9.8470e-01,  1.8572e+00, -2.4136e+00,
        -2.6715e+00, -7.6397e-01,  6.0936e-01,  1.3907e+00, -3.4139e+00,
         2.4420e-01, -9.5175e-01,  9.6360e-02, -1.1237e+00, -1.1355e+00,
         2.5326e+00, -1.4545e+00, -1.9935e+00, -2.7365e+00,  2.2984e+00,
         1.6938e+00,  1.1392e-01, -2.7870e+00, -7.1103e-01,  2.1051e+00,
        -1.2680e+00, -3.2324e-02,  2.7238e-01,  2.8345e+00, -1.6257e+00,
         1.4627e+00,  2.6593e+00, -3.0645e+00, -1.4051e+00, -3.7973e+00,
        -6.5184e-01,  1.7104e+00,  3.0968e+00,  1.2460e+00, -1.6097e+00,
         2.8328e-01, -3.7110e+00, -2.8563e+00, -3.3141e+00,  1.9587e+00,
         2.7551e+00, -2.8866e+00,  8.1885e-01,  1.9585e-02, -9.6794e-01,
         4.0132e-01, -2.8922e+00,  2.4648e+00,  2.0840e+00, -3.7480e+00,
        -4.1033e+00, -2.7947e+00, -2.5418e+00, -5.4846e-01,  5.5517e-01,
         7.0774e-01, -3.9050e+00,  2.3983e+00,  1.8537e+00,  1.0203e+00,
        -1.0940e-01,  4.8353e-01, -2.1516e+00, -2.0491e+00,  7.9226e-01,
         6.1725e-01,  1.5548e+00,  1.3033e+00,  7.9715e-01, -1.5305e+00,
         5.1894e-01,  5.5639e-01, -4.6687e-01,  2.4120e+00,  1.2321e+00,
         1.6126e+00,  2.0755e+00, -9.1861e-01, -3.6148e+00, -3.6711e+00,
        -4.2345e-01,  1.2349e+00, -2.3510e+00,  3.1478e+00, -9.0647e-01,
         6.1134e-02, -1.6521e+00,  2.3475e+00,  1.9870e+00,  1.1068e-01,
         2.9554e-01, -2.5088e+00, -1.4696e+00, -3.4082e+00,  2.2293e-01,
         2.7308e+00, -4.3382e-02, -2.0440e+00, -1.4890e+00, -2.8796e-01,
         9.3942e-01, -1.6581e+00, -1.2956e+00, -3.2670e-01, -6.0119e-01,
         2.1015e+00,  1.2745e+00, -1.3662e+00,  2.0317e+00, -1.1629e-01,
        -8.6082e-01, -1.8653e+00,  2.3120e+00,  1.0932e-01, -1.3812e+00,
         1.5010e+00, -1.9884e+00,  1.7700e+00, -3.5533e+00, -2.0866e+00,
         2.2104e+00, -7.8727e-01,  2.0343e-01, -7.2056e-01, -3.7799e+00,
         1.2671e+00, -2.9618e+00, -2.7097e+00,  3.3128e+00,  1.8703e+00,
        -4.2699e+00, -9.0033e-01, -5.0059e-01, -1.7565e+00,  6.6301e-01,
         1.2954e+00,  2.6527e-01,  3.4607e+00, -2.5369e-02, -2.1810e-01,
        -3.2655e+00, -3.3584e+00, -1.9339e+00,  2.0141e+00, -6.4172e-02,
        -9.4311e-01, -1.4221e-01, -2.5975e+00, -4.1692e+00, -1.8711e+00,
        -4.3695e+00,  1.7510e+00,  2.5336e+00,  2.6753e+00, -1.0213e+00,
        -7.9988e-01,  1.1139e+00, -1.6782e+00, -3.9072e+00, -7.2616e-02,
         1.8692e+00,  2.5056e-01,  3.0859e-01, -7.4776e-01,  2.7874e+00,
        -3.8299e+00, -1.2195e+00, -3.2191e+00, -3.5488e+00,  8.5868e-01,
         2.5040e+00,  8.6494e-01,  3.1226e-01, -3.6347e-01, -3.9036e-01,
         2.6774e+00, -1.5437e+00, -2.0197e+00, -4.8632e-01, -3.4650e+00,
         1.7550e+00,  4.9876e-02,  1.2111e-01,  1.2989e+00, -2.1036e+00,
         2.7684e+00, -1.8364e+00,  1.2255e+00,  1.3785e+00,  3.0228e+00,
        -4.4944e-01,  1.8781e+00, -1.2616e+00, -1.9297e+00, -6.9933e-01,
         2.7053e+00,  2.1551e+00,  3.1741e-01, -2.7442e+00, -5.2274e-01,
         1.7950e+00, -3.9632e+00, -1.7584e+00,  1.6851e+00,  9.2104e-01,
         3.0879e+00,  1.4094e+00, -2.2730e+00, -2.4147e+00, -2.4937e-01,
         6.6422e-01,  1.8784e+00, -1.0132e+00, -1.1174e+00,  3.7902e-02,
        -3.4929e+00, -5.7986e-01,  2.8204e+00, -9.3612e-01, -1.3731e+00,
         1.7532e+00,  3.3499e+00, -8.3983e-01,  2.5962e+00, -1.4618e+00,
         8.0670e-01,  1.6676e+00,  1.3568e+00, -2.0699e-02,  1.6170e+00,
        -2.5372e+00, -1.0901e+00,  3.9062e-01, -7.1915e-01,  7.6098e-01,
        -6.1618e-01, -1.9112e+00, -1.8703e+00, -3.7024e+00,  1.6674e+00,
        -2.7328e+00,  3.3286e+00, -1.2402e+00,  2.7490e+00, -1.7750e+00,
        -1.5527e+00,  3.1316e+00,  1.4100e+00,  2.3863e-01, -5.0412e-01,
        -3.9189e+00,  1.7834e+00, -3.2681e+00, -2.4677e+00,  3.2947e-01,
         3.3549e-01,  4.2894e+00, -7.3331e-01, -2.2293e+00, -6.7263e-01,
        -8.8810e-01,  3.3810e+00, -1.4654e-01,  3.2318e-01,  1.0425e+00,
         1.9852e+00, -1.1970e+00, -2.2118e+00, -2.2347e+00, -2.5916e+00,
         1.6772e+00, -3.2268e+00,  4.3950e-01,  1.8840e+00, -3.0967e+00,
         7.1074e-01, -2.3528e+00,  2.5710e+00,  3.0940e+00, -6.8270e-01,
        -2.1756e+00,  3.6230e+00, -4.1573e+00, -2.9853e+00,  1.5609e+00,
         5.3112e-01, -1.0431e+00, -1.3756e-01, -1.2998e+00, -9.4481e-01,
        -2.1144e+00, -1.7383e+00,  3.3763e+00, -9.6636e-01, -7.8380e-01,
        -2.1727e+00,  2.8690e+00,  1.2088e+00, -9.1180e-02,  2.9002e+00,
        -1.8208e+00, -3.5020e+00,  3.2055e+00,  2.6188e+00,  2.1008e+00,
        -2.7787e+00, -1.9734e+00,  3.6196e+00,  1.2324e+00,  7.9764e-01,
         1.8573e+00,  2.1584e+00,  1.4520e+00,  3.0639e+00, -2.5361e+00,
         1.1691e+00,  2.3680e+00, -9.2866e-01,  1.7810e+00, -1.9092e+00,
        -1.1274e+00, -2.8068e+00,  1.8633e+00,  1.1171e+00, -4.2096e-01,
         2.9522e+00,  2.9258e+00, -1.2736e-01,  1.0401e-01,  2.6171e+00,
        -2.6683e+00,  2.5028e+00, -2.9929e+00, -4.1912e-02, -4.1076e+00,
         2.9032e+00,  2.4171e+00,  1.6758e+00,  5.5125e-01,  1.9823e+00,
        -1.2267e+00,  2.0010e-01, -2.8683e+00, -1.2951e+00, -2.1258e+00,
        -9.5599e-01,  1.1827e+00,  2.3952e+00,  3.2338e-01,  2.9838e+00,
        -1.1554e+00,  1.7781e+00,  1.6407e+00,  3.0008e+00,  1.7830e-01,
         3.0225e+00,  1.1088e+00, -2.9412e+00, -2.5427e+00, -3.8702e+00,
         2.6358e+00, -1.4705e+00, -3.5305e+00, -3.2255e-01,  5.8477e-01,
        -3.8088e+00, -1.3886e+00, -5.6494e-01, -3.8111e+00,  5.2909e-03,
         6.1289e-01, -1.3935e+00, -1.0262e+00, -2.5392e+00, -3.6140e+00,
        -2.7710e+00, -9.1713e-01, -3.4859e+00, -1.4014e+00, -2.5008e+00,
        -7.8797e-01, -3.0076e+00, -3.6775e+00,  2.2598e+00, -3.4374e+00,
         7.7692e-01, -1.1714e+00,  2.4679e+00,  1.4675e+00,  2.2214e+00,
        -6.9304e-01, -7.4195e-01, -3.3638e+00, -3.0698e+00,  3.2072e+00,
         1.4943e+00, -1.8408e+00,  1.7156e+00, -3.3818e-01,  2.7783e+00,
         1.3514e-01,  1.2588e+00,  1.7911e+00, -7.3632e-01, -1.1366e+00,
         1.2065e+00, -2.1144e+00, -2.7081e+00,  2.6540e+00, -1.6029e+00,
         1.1997e-01, -2.3719e+00, -3.1496e+00, -1.3129e+00,  2.0062e+00,
        -3.1618e+00,  2.2452e+00,  1.2583e+00,  2.1598e+00,  4.5220e-01,
         1.1869e+00, -4.8935e-01, -2.2550e+00, -1.1610e+00, -1.2451e+00])), ('encoder.4.weight', tensor([[-3.9905e+00, -3.5988e+00, -2.8268e+00,  ..., -2.0043e+00,
          1.1127e+00,  4.1563e-01],
        [ 2.7107e+00, -7.0485e-01, -7.9927e-01,  ...,  1.6643e-01,
         -7.9776e-01, -1.8563e+00],
        [-3.7380e-01,  1.5236e+00,  2.9599e+00,  ...,  1.5011e+00,
         -1.8002e+00, -2.3882e+00],
        ...,
        [ 3.1864e-03, -6.6432e-01,  4.7910e-01,  ..., -2.3809e+00,
          5.4355e-01,  3.1640e+00],
        [ 2.4428e+00, -2.3754e+00, -3.1041e+00,  ...,  1.2133e+00,
          1.4508e+00, -2.2282e-01],
        [-3.9463e+00, -2.6292e+00, -4.2021e-01,  ..., -2.9407e+00,
         -1.9408e+00,  1.0740e+00]])), ('encoder.4.bias', tensor([-0.5921,  2.2580, -2.2602,  ...,  0.5374, -3.8568,  2.0988])), ('encoder.6.weight', tensor([[-0.4457, -1.6430, -0.8627,  ...,  0.2585, -1.3111,  1.0270],
        [-0.2334, -1.2905, -1.6176,  ..., -0.2025,  1.6227, -0.9561],
        [-0.6182,  0.9047, -0.6722,  ...,  0.4275, -1.7469, -0.2560],
        ...,
        [ 0.2852,  2.1940, -0.4735,  ..., -1.1394,  0.9080,  0.5979],
        [-1.3461,  0.2560,  0.7245,  ..., -0.7878,  1.2106, -1.2503],
        [ 1.7910, -1.0520, -1.0668,  ..., -0.6310,  0.8795,  1.1983]])), ('encoder.6.bias', tensor([ 0.2272,  1.1157,  0.8538,  0.8518, -0.1613, -1.1310,  0.8744, -0.3158,
         0.2860, -1.1356])), ('decoder.0.weight', tensor([[ 19.5915,   8.4047,  17.6489,  ...,  13.7121, -23.3371,   6.2264],
        [  3.1906,  24.5339,  18.9861,  ...,   1.1168,  -9.4156, -13.0208],
        [ -9.1188,  -0.5980,  15.3422,  ..., -16.7706,  -1.4438,   8.8400],
        ...,
        [ 17.0234,  14.2814, -10.8742,  ...,  -1.7186, -14.3050,  10.8125],
        [-14.7930,  -8.0392,   3.6141,  ...,  16.7072,   3.2055,  13.4920],
        [ -6.2961,  15.3570,  -9.4390,  ...,  -3.7038,   8.5123, -15.2176]])), ('decoder.0.bias', tensor([  7.0804,  18.8124, -20.4121,  ..., -11.1816,  10.0465,  10.5144])), ('decoder.2.weight', tensor([[-1.7304, -0.8342, -1.6617,  ...,  1.3923,  1.1037,  1.3612],
        [-2.1338, -1.5195,  1.2626,  ...,  1.3169,  0.0675,  0.9824],
        [ 1.1769,  1.3143, -0.0174,  ..., -1.3673, -0.0532,  0.9034],
        ...,
        [-1.2581,  1.2761,  0.8199,  ..., -0.1792,  1.2060, -1.1254],
        [-1.2453,  1.4783,  0.0740,  ...,  0.9645, -0.1440, -0.9628],
        [ 1.2381, -1.2114, -0.2361,  ..., -0.3513, -1.9772,  0.7923]])), ('decoder.2.bias', tensor([ 7.8303e-01,  1.4342e-01,  1.4874e-01, -2.0802e+00,  1.5147e+00,
         3.1916e-01, -1.0197e-01, -1.4479e+00, -8.3675e-01, -7.8676e-01,
        -4.1248e-01, -4.1589e-01, -1.3147e-01,  6.4863e-01,  7.1035e-02,
        -2.1808e-01,  6.4063e-01, -5.9832e-01, -8.1915e-01, -1.7613e+00,
        -1.6635e+00, -1.2118e+00, -5.9220e-01, -3.8863e-01, -5.1243e-01,
         6.5908e-01,  1.4976e+00, -2.0945e+00, -1.5947e+00, -2.3456e+00,
         3.7090e-01, -1.7468e+00, -9.0753e-01, -1.6494e+00, -1.9845e+00,
        -1.7643e+00,  1.6894e+00, -2.1426e+00, -2.0288e+00, -1.6107e-03,
         2.0510e-02,  1.0534e+00,  4.9664e-01, -1.4278e+00, -2.2410e-01,
        -1.9150e+00, -1.3308e-01,  3.5307e-01,  1.9639e-01, -1.8429e-01,
         8.0002e-01, -1.8956e+00,  1.2207e+00,  1.7110e+00,  1.8850e-01,
         7.1486e-01, -1.1164e+00, -8.7876e-01, -1.1193e-01, -6.7235e-01,
        -1.9193e+00,  6.2120e-01, -3.1742e-01,  9.5140e-01,  7.8740e-02,
         2.7262e-01, -1.7212e+00, -8.0443e-02,  1.0709e+00,  1.1647e+00,
        -1.8243e+00, -1.6335e-01, -7.0521e-01, -4.8939e-01,  5.4051e-01,
        -1.2367e+00,  5.8154e-01,  1.7132e+00,  1.4237e+00, -1.3596e+00,
        -3.5104e-01,  9.4084e-01,  1.5456e+00, -7.0201e-01,  1.6507e+00,
         1.5002e+00, -8.5487e-01, -7.7064e-01,  8.5785e-01, -5.0889e-01,
         4.2549e-01, -1.5899e+00, -8.8505e-01,  1.3522e+00,  1.0619e+00,
         1.1534e+00,  1.0937e+00,  1.2003e+00, -1.1875e+00,  1.3515e-01,
        -3.0038e-01,  1.3250e+00,  6.5531e-01, -7.5621e-01, -3.5559e-01,
        -1.1897e-01,  6.6009e-01,  1.1050e+00,  1.4211e+00,  1.1913e+00,
         1.2400e+00, -1.2713e+00,  1.0474e+00,  3.6675e-01, -1.2541e+00,
        -2.9448e-01, -9.1771e-01,  1.2871e+00,  9.1180e-01, -1.2237e+00,
        -1.4278e+00, -1.4417e+00, -1.4331e+00,  1.0184e+00, -1.8647e+00,
        -5.1884e-01,  1.2528e+00,  9.4854e-02, -5.7303e-01,  4.4179e-01,
        -3.8885e-01, -6.6829e-01, -1.8016e-01, -1.7911e+00,  7.2565e-01,
        -1.3955e+00,  1.2140e-01, -7.1704e-01, -8.2588e-01,  5.7631e-01,
         3.3232e-01, -1.4089e+00,  6.3802e-01,  1.5896e+00,  1.5852e+00,
        -1.9982e-01, -1.5274e+00, -1.4925e+00, -4.7750e-01, -1.2855e+00,
        -7.2191e-03,  9.3469e-02,  1.3275e+00,  1.5883e+00, -5.7366e-01,
         5.1277e-01,  3.1117e-01, -7.3766e-01,  1.3872e+00,  1.4362e-01,
        -1.2067e+00, -6.3078e-01, -1.0157e-01, -8.9290e-01,  1.1592e+00,
         4.8586e-01,  7.6640e-01,  1.4568e+00, -3.0330e-01, -1.4273e+00,
        -2.1202e-01, -1.0641e-01,  1.2667e+00, -4.8965e-01,  5.1249e-01,
        -1.5445e-01,  7.9698e-01, -4.6650e-01,  9.0961e-01,  6.7503e-01,
         1.0863e+00,  1.1441e+00,  9.9769e-02,  1.1445e+00, -8.8747e-01,
         4.5972e-01,  1.0514e+00, -4.3655e-01,  5.4960e-01,  1.1105e+00,
        -1.8669e+00, -5.0155e-01,  9.6175e-01,  1.3224e+00,  8.9981e-01,
         6.3268e-01,  9.9979e-01,  1.3044e+00, -1.9556e+00,  8.3868e-01,
         4.5703e-01, -1.4662e+00,  6.4433e-01,  1.6531e+00,  4.3965e-01,
         1.2803e+00,  7.9137e-01, -4.2644e-01,  1.5013e-01,  4.5731e-01,
        -2.1892e+00, -8.5514e-01, -1.4697e+00, -1.6635e+00,  1.1801e+00,
         3.7633e-01, -1.4461e+00, -1.3906e+00, -1.2152e+00,  1.5469e+00,
        -1.6194e+00, -1.1692e+00,  9.1540e-01, -1.9763e+00,  1.7745e-01,
         1.4613e-01, -3.1416e-01, -3.8512e-01,  4.7616e-02, -3.2896e-01,
        -6.5439e-01,  1.1049e+00,  2.0653e-01,  9.9927e-02, -2.2893e+00,
        -1.9104e+00,  6.0947e-01,  7.2494e-02,  1.5122e+00, -1.2864e+00,
        -9.4604e-01, -1.8486e+00,  7.4510e-02, -1.5667e+00,  1.2408e+00,
        -1.1283e+00,  1.3963e+00,  5.0162e-01,  1.2258e+00, -7.1346e-01,
        -1.4117e+00,  1.9436e-01,  1.7459e-01,  8.9878e-01,  5.5806e-01,
        -7.6111e-01,  1.6091e+00,  9.3844e-01, -8.0372e-01, -2.8495e-01,
         3.5428e-01, -1.6146e+00,  3.2207e-01,  6.1486e-01, -1.5467e-01,
        -9.3814e-01, -6.2949e-01, -1.9147e+00,  1.2066e+00,  5.4568e-01,
         6.0349e-01, -1.0479e+00,  1.7448e+00, -2.0962e+00, -9.8606e-01,
        -6.8211e-01,  6.0989e-01, -5.7906e-02, -6.1822e-01,  1.4438e+00,
         4.6871e-01, -1.9843e+00, -1.6959e+00,  8.6315e-01,  1.8296e-01,
        -1.6447e-01, -7.3589e-01, -1.6985e+00,  1.8165e+00, -1.0665e+00,
         1.3393e+00,  1.2550e-01, -8.5296e-01,  2.8732e-01,  1.4599e-01,
        -1.3334e+00, -2.6738e-01,  1.4997e+00,  1.1417e-01, -1.3457e+00,
        -1.3024e+00, -1.3445e+00, -2.2048e+00,  1.2506e+00,  8.5310e-01,
        -1.6150e+00, -4.3581e-01, -6.1664e-01, -1.8828e+00,  9.6776e-01,
        -3.1726e-02, -2.0299e-02, -8.5424e-01, -1.8732e+00, -7.0345e-01,
         7.7848e-01,  1.2307e+00,  5.7006e-01, -1.9644e+00, -1.8338e+00,
         2.0667e-01, -1.8232e+00, -8.3757e-02,  7.8367e-01, -9.6723e-01,
        -2.1909e-01, -2.2733e-01, -7.9606e-01,  7.5285e-01,  6.5439e-01,
        -2.1906e+00, -2.7797e-01,  1.1824e-01,  5.5313e-01,  1.8724e+00,
         1.7593e-01, -1.9545e+00, -6.9933e-01,  3.7786e-01, -4.3986e-01,
         1.7142e+00,  1.3351e+00, -8.3400e-01,  1.5026e+00, -1.8518e+00,
        -2.1312e+00, -1.5126e-01, -9.4583e-02,  1.8712e+00,  1.0283e+00,
         9.8322e-02, -1.5786e+00, -7.1720e-01,  1.3784e+00,  2.1235e-02,
         1.5388e+00, -1.1419e+00,  4.3089e-01,  5.3567e-01, -7.7912e-01,
         8.3154e-01,  1.0448e+00, -9.7607e-01, -2.9725e-01, -2.5635e-01,
         1.6230e+00,  3.1513e-01, -1.3311e+00,  1.4264e+00, -1.6258e+00,
        -1.7305e+00,  7.9853e-01,  1.7711e+00, -1.8810e-01,  7.9633e-01,
         1.4608e+00,  4.6521e-01,  4.4005e-02,  8.5860e-01,  1.2037e+00,
        -1.2374e+00, -6.3521e-01,  1.3169e+00,  1.0921e+00, -9.4790e-01,
        -1.6643e+00, -8.2987e-01, -9.9726e-01, -1.0829e+00,  7.9770e-01,
         1.4504e+00, -8.0981e-01, -1.6280e-01, -1.9840e+00, -1.4789e+00,
        -1.6694e+00, -2.0663e+00, -1.5671e+00, -9.8243e-01, -1.6227e+00,
         1.3435e+00, -1.6404e+00,  1.4579e+00,  1.4177e+00, -7.3372e-01,
        -5.8444e-01, -6.9922e-01,  1.0934e+00, -2.7797e-01, -1.6173e+00,
         1.3028e+00,  1.1402e-01, -2.4636e+00, -8.4469e-02, -3.4026e-01,
        -8.0772e-01,  1.0863e+00,  1.6951e+00,  3.9157e-01,  9.5208e-01,
        -4.5827e-01, -6.9015e-01, -1.2173e+00,  1.9127e-01,  1.0070e+00,
         1.0962e+00,  3.5538e-01,  1.6760e+00,  9.6939e-01, -3.2949e-01,
        -1.4587e-01,  8.4093e-01, -2.1773e+00,  2.1543e-01,  3.9247e-01,
         7.6668e-01,  1.4599e-01,  9.8166e-01, -1.3549e+00, -1.2158e-01,
         4.3472e-01, -1.9303e-01, -2.2128e-01,  1.3894e+00,  3.6828e-01,
        -1.2966e+00,  1.1369e+00, -3.5055e-01, -5.3240e-01, -1.2217e+00,
         1.5441e+00,  1.5127e+00, -9.7311e-01,  2.1452e-01,  1.3839e+00,
        -1.7473e+00,  1.0346e+00, -1.8996e-02,  8.3987e-02,  1.5226e+00,
        -2.2464e-01, -1.6312e+00, -1.6473e+00,  3.3555e-02, -4.0508e-01,
        -1.4897e+00, -1.6801e+00,  1.0222e+00,  7.4522e-01,  2.0060e-01,
        -8.2832e-02,  9.0305e-01,  1.1090e+00,  1.0726e+00,  2.4393e-01,
        -2.0634e+00, -1.4434e-01,  1.5411e-01,  1.8271e+00, -5.4665e-01,
         2.7081e-01, -1.2815e+00,  3.4773e-01,  8.1155e-02,  1.1393e+00,
         1.3947e+00, -1.9166e+00, -1.2143e+00, -3.9438e-01, -2.7288e-01,
        -1.9653e+00, -1.1592e+00,  9.0912e-01, -1.4845e-01, -5.5191e-01,
         1.3163e+00, -1.4963e+00, -7.5782e-01,  1.3736e+00, -5.3281e-01])), ('decoder.4.weight', tensor([[ 3.2447,  1.6079, -2.4846,  ...,  0.5561,  2.1151,  2.2954],
        [-0.9352,  3.7221, -1.0797,  ..., -0.8876,  2.5807, -0.5976],
        [-0.3670, -2.9316,  0.6687,  ...,  2.9412, -1.8887,  0.4738],
        ...,
        [ 2.2282, -3.2956, -2.2401,  ...,  0.4933,  2.8642, -2.0800],
        [ 2.2411, -3.9475,  2.1551,  ..., -2.2933,  0.6327,  1.7394],
        [-2.8723, -1.0699, -1.3086,  ...,  0.1394, -1.8413,  1.3368]])), ('decoder.4.bias', tensor([-2.3248,  2.3231,  1.8512, -3.5520,  2.1851, -0.8847, -0.7900,  0.2709,
        -0.4564, -2.1743, -3.8201, -1.2032, -2.5030,  2.7882, -2.5619, -4.0245,
         0.3516, -3.5852,  1.4274, -2.7881,  2.4983,  1.0662,  1.5378, -4.5846,
        -2.1910, -2.1285,  0.9382,  2.2776, -4.1750,  3.0004, -3.6460,  1.8801,
         0.7308,  1.9502,  0.5499,  0.2809,  0.9488, -0.6520,  1.4076, -0.1098,
        -2.1084,  1.0438, -2.2782, -0.9815, -2.5459, -2.8374,  1.0016, -0.6587,
         0.6652, -0.2686, -1.8682, -1.4659,  0.7098,  3.0984, -4.4353,  0.7016,
        -2.4193, -1.6557, -3.9815, -2.5108, -2.4208,  1.7227, -0.3061,  0.7346,
        -2.5145, -2.0998, -1.7069,  0.4457,  2.4284,  1.1930, -1.7644,  2.9753,
        -2.6214, -0.1556, -4.4692,  1.4168, -0.1475, -1.0437, -2.5797, -1.6408,
         0.7892,  2.1802, -2.7834, -0.7039,  0.3216, -3.5570, -0.5091,  2.2132,
         3.3091, -3.3302,  1.2646,  1.2240,  1.4321, -0.7083, -2.5809,  1.6084,
         1.4925, -1.6470, -2.9080,  1.1824, -2.5302,  1.9995, -1.5808, -3.6962,
        -3.3811,  0.6269, -0.2896, -2.8785, -1.5101, -3.6069, -2.2676, -2.7285,
        -1.6870,  0.9091, -2.5538,  3.5751,  2.0290,  1.4955,  2.3544, -2.8883,
         1.0715, -0.2581, -4.1607,  3.8812,  0.1335, -2.8553, -2.7055,  1.5649,
        -3.4142,  3.6862, -0.2454, -0.8144, -2.6653,  0.2205, -3.8089,  0.8467,
         2.3149, -3.5117,  2.4806, -3.2233,  0.5080, -4.0060, -0.4459, -2.3171,
         1.2872,  0.8696, -1.4587, -0.4944,  1.8658, -0.1028,  1.4911,  0.1698,
        -3.3539, -0.5640, -3.3164,  3.2076, -0.2956,  2.6447,  2.3249, -2.2034,
        -1.9626, -0.4286,  0.0912, -3.3036, -3.8650, -3.0880, -1.9064, -2.6848,
         0.6098,  1.7922,  2.1979, -1.8530,  3.1330,  1.4120,  1.2928,  0.7066,
        -3.7043,  0.6757, -0.1069, -0.3557, -3.5426, -3.6603, -2.9882, -1.7736,
         1.9208, -0.1824,  1.2814, -0.8475, -0.6864, -3.3761,  1.8840, -0.3569,
        -4.2224,  1.1604,  2.3347,  1.7484,  0.0437, -4.0018, -2.2384,  1.1179,
         1.8919, -1.4707, -1.2764,  1.7835,  3.4326,  2.8159,  0.5072,  1.3974,
        -1.4804,  0.6381,  0.9910, -0.0206,  2.7286,  0.1779, -2.5237,  0.5865,
         3.7416,  1.3351, -3.6316,  2.3958,  2.4810,  1.7439, -0.4423,  1.6044,
        -1.4608,  0.5253, -3.3032,  1.8242, -2.0270, -0.6639, -0.6541,  2.0164,
        -2.1336,  1.6956, -4.0596, -1.5779, -0.8790,  1.6645,  0.8978, -1.9988,
        -1.6967,  0.1978, -0.0161,  0.2400,  2.0698, -2.9462,  1.2932,  1.9330,
        -4.3880, -1.1631,  0.3696,  1.7873, -2.7944, -3.3013,  2.2358, -1.6029,
         0.9507, -0.7802,  1.6239, -2.3057, -3.1638, -3.3693, -1.4006,  1.7917,
        -4.2243, -1.1512, -1.6276, -2.6612, -1.5760, -0.9296, -1.5376, -1.4318,
        -4.4033,  1.3066,  2.0229, -1.3771, -1.7170, -1.7604,  3.4110,  0.3365,
        -2.0733, -0.8556,  3.2576, -1.7267,  2.1843, -3.3957,  0.5629,  1.9057,
         0.1997,  2.2373, -0.8854,  0.8866, -1.6833,  2.0790, -3.1921,  3.3789,
         0.4774, -3.7835,  0.7278, -1.2046, -2.1682, -3.1364,  1.5557, -1.2964,
        -0.2239, -3.9731, -3.7302, -1.7559,  0.6158,  1.4080, -0.8768,  3.4738,
         1.3750, -0.8206,  1.8730,  0.1946,  2.9387, -2.5017, -4.2489,  0.5954,
         1.2778, -3.0483, -0.1169, -3.2801, -0.3906, -4.3125, -1.5937,  0.3132,
        -2.4674, -0.5700, -0.1728,  0.8000,  1.2883, -0.2539,  1.9986, -2.1769,
        -2.6085, -3.1603, -3.0615, -2.7993, -1.7083, -0.6021,  3.7146,  1.0829,
         1.5638,  0.1130,  0.6963, -2.8680,  1.0414, -0.4781, -2.9486, -0.7017,
        -1.8137,  1.8502, -2.1587, -3.4208, -2.7327,  0.7247,  0.7544, -3.3306,
        -0.7960, -0.3630, -2.8838, -4.4337,  0.9750,  3.3563,  2.5777,  0.6191,
        -3.0854,  1.5503, -1.1353, -0.1189,  2.0256,  0.3670, -1.3612, -0.8434,
         2.4642,  0.9223, -0.2279,  3.3114, -5.3229,  1.1262, -2.1563, -0.3435,
         0.7087,  3.3360, -1.2133, -1.0260, -1.5545,  3.0257, -2.8252,  2.4922,
         1.4024, -2.5923, -1.4061, -0.3583,  2.8773, -3.2235, -0.6707, -1.4133,
         2.3242,  0.0809, -2.9997, -3.4782,  1.8109,  0.6286, -2.7265, -2.7004,
         0.1320,  2.5721,  0.9989, -3.7759,  0.4753, -4.4789,  0.6075,  1.5833,
        -0.6518, -2.7874,  2.4699, -3.7456, -1.2888,  0.5860,  1.7327, -2.3458,
        -1.4731,  0.6519, -1.3485, -4.5266, -4.3036, -0.2833,  2.8040,  1.0388,
        -1.9171, -3.7321, -1.6408,  2.9528, -0.5773, -4.1430,  0.3292, -3.3890,
        -1.1734,  1.4421,  1.9113,  0.7441,  2.4459,  2.0054,  1.6478, -3.8535,
         0.5822, -2.8142,  0.7339, -3.7006, -1.3458, -0.8384,  0.9537,  0.3109,
         2.6621, -2.1866,  2.0173,  2.7760, -2.1483, -2.0918, -3.4063,  1.7053,
         0.3530,  1.6257,  3.5221, -2.7592,  2.2151, -3.6866,  2.0994, -1.0805,
        -0.5676,  1.7854, -2.6561,  0.3335, -2.5745,  1.4554, -1.5390,  0.7428,
        -3.4629, -0.0643,  0.4194, -3.3451, -3.1894, -1.6898, -2.7537,  3.3186,
        -0.6597, -3.3779, -4.1859, -3.6677, -2.7529, -1.7010, -3.9439, -2.3517,
         0.6984, -4.0680,  2.9157,  0.4175])), ('decoder.6.weight', tensor([[-1.7585,  5.7939, -0.1057,  ...,  4.5462, -3.5571,  5.0023],
        [-0.6447, -1.2615,  1.0975,  ..., -2.6797,  0.8394,  1.4868],
        [-2.2433,  2.3649, -3.5238,  ...,  2.9581, -0.0740, -0.1176],
        ...,
        [-1.4982,  1.3765,  2.5161,  ..., -3.8951, -0.0237, -2.5110],
        [-3.4988, -0.6445, -3.0022,  ..., -0.3549,  2.4285, -0.5687],
        [ 2.6171,  2.9694, -0.0702,  ..., -1.7334,  0.9953, -1.6001]])), ('decoder.6.bias', tensor([ 0.7723, -0.1684, -3.9789,  ..., -3.2926,  0.2032, -0.9042]))])
[Time: 12.01.25 12:15:53] [Level: info] [State: write] Inconsistent lengths in state_dict: [500, 500, 500, 500, 2000, 2000, 10, 10, 2000, 2000, 500, 500, 500, 500, 6001, 6001]
[Time: 12.01.25 12:15:53] [Level: info] Traceback (most recent call last):
  File "/usr/local/lib/python3.8/site-packages/FeatureCloud/app/engine/app.py", line 252, in guarded_run
    self.run()
  File "/usr/local/lib/python3.8/site-packages/FeatureCloud/app/engine/app.py", line 271, in run
    transition = self.current_state.run()
  File "/app/states.py", line 262, in run
    data[key] = data[key] + [None] * (max_length - len(data[key]))
TypeError: unsupported operand type(s) for +: 'Tensor' and 'list'

