2025-01-29 14:54:46,710 CRIT Supervisor is running as root.  Privileges were not dropped because no user is specified in the config file.  If you intend to run as root, you can set user=root in the config file to avoid this message.
2025-01-29 14:54:46,716 INFO supervisord started with pid 7
2025-01-29 14:54:47,720 INFO spawned: 'nginx' with pid 10
2025-01-29 14:54:47,723 INFO spawned: 'app' with pid 11
2025-01-29 14:54:48,875 INFO success: nginx entered RUNNING state, process has stayed up for > than 1 seconds (startsecs)
2025-01-29 14:54:48,875 INFO success: app entered RUNNING state, process has stayed up for > than 1 seconds (startsecs)
Bottle v0.13.2 server starting up (using WSGIRefServer())...
Listening on http://localhost:5000/
Hit Ctrl-C to quit.

[CTRL] POST /setup
[Time: 29.01.25 14:55:00] [Level: info] id: 3e783ed15db36725
[Time: 29.01.25 14:55:00] [Level: info] coordinator: True
[Time: 29.01.25 14:55:00] [Level: info] clients: ['3e783ed15db36725', 'cb0eff23a39cbe7d', 'c93e49e7bf8a8b05']
[Time: 29.01.25 14:55:00] [Level: info] state: initial
[Time: 29.01.25 14:55:00] [Level: info] [State: initial] Reading configuration file...
[Time: 29.01.25 14:55:00] [Level: info] [State: initial] Initializing: Setting iteration to 0, setting max_iterations...
[Time: 29.01.25 14:55:00] [Level: info] [State: initial] Done reading configuration file.
[Time: 29.01.25 14:55:00] [Level: info] [State: initial] Max Iterations: 5
[Time: 29.01.25 14:55:00] [Level: info] [State: initial] Reading training data...
127.0.0.1 - - [29/Jan/2025 14:55:00] "POST /api/setup HTTP/1.0" 200 0
127.0.0.1 - - [29/Jan/2025 14:55:00] "GET /api/status HTTP/1.0" 200 155
[Time: 29.01.25 14:55:00] [Level: info] [State: initial] Initializing pre-trained model...
[Time: 29.01.25 14:55:00] [Level: info] [State: initial] INITIAL input_dim: $10564
[Time: 29.01.25 14:55:00] [Level: info] [State: initial] Initializing cluster centers...
127.0.0.1 - - [29/Jan/2025 14:55:02] "GET /api/status HTTP/1.0" 200 155
[Time: 29.01.25 14:55:03] [Level: info] [State: initial] Broadcasting initial weights to the clients...
[Time: 29.01.25 14:55:03] [Level: info] transition: compute
127.0.0.1 - - [29/Jan/2025 14:55:04] "GET /api/status HTTP/1.0" 200 156
[CTRL] GET /data
[Time: 29.01.25 14:55:04] [Level: info] state: compute
[Time: 29.01.25 14:55:04] [Level: info] [State: compute] ITERATION 1
[Time: 29.01.25 14:55:04] [Level: info] [State: compute] receiving weights...
[Time: 29.01.25 14:55:04] [Level: info] [State: compute] Loading global weights for model...
[Time: 29.01.25 14:55:04] [Level: info] [State: compute] Updated model with received weights.
[Time: 29.01.25 14:55:04] [Level: info] [State: compute] Loading data...
[Time: 29.01.25 14:55:04] [Level: info] [State: compute] Preparing model training...
[Time: 29.01.25 14:55:04] [Level: info] [State: compute] Training model...
127.0.0.1 - - [29/Jan/2025 14:55:04] "GET /api/data HTTP/1.0" 200 58363374
[Time: 29.01.25 14:55:07] [Level: info] [State: compute] Epoch 10, Loss: 484.5764465332031
[Time: 29.01.25 14:55:15] [Level: info] [State: compute] Epoch 20, Loss: 34.281700134277344
127.0.0.1 - - [29/Jan/2025 14:55:17] "GET /api/status HTTP/1.0" 200 155
127.0.0.1 - - [29/Jan/2025 14:55:19] "GET /api/status HTTP/1.0" 200 155
127.0.0.1 - - [29/Jan/2025 14:55:21] "GET /api/status HTTP/1.0" 200 155
127.0.0.1 - - [29/Jan/2025 14:55:23] "GET /api/status HTTP/1.0" 200 155
127.0.0.1 - - [29/Jan/2025 14:55:25] "GET /api/status HTTP/1.0" 200 155
127.0.0.1 - - [29/Jan/2025 14:55:27] "GET /api/status HTTP/1.0" 200 155
127.0.0.1 - - [29/Jan/2025 14:55:29] "GET /api/status HTTP/1.0" 200 155
127.0.0.1 - - [29/Jan/2025 14:55:31] "GET /api/status HTTP/1.0" 200 155
127.0.0.1 - - [29/Jan/2025 14:55:33] "GET /api/status HTTP/1.0" 200 155
[Time: 29.01.25 14:55:35] [Level: info] [State: compute] Epoch 30, Loss: 7.1560797691345215
127.0.0.1 - - [29/Jan/2025 14:55:35] "GET /api/status HTTP/1.0" 200 155
127.0.0.1 - - [29/Jan/2025 14:55:37] "GET /api/status HTTP/1.0" 200 155
127.0.0.1 - - [29/Jan/2025 14:55:39] "GET /api/status HTTP/1.0" 200 155
127.0.0.1 - - [29/Jan/2025 14:55:41] "GET /api/status HTTP/1.0" 200 155
127.0.0.1 - - [29/Jan/2025 14:55:43] "GET /api/status HTTP/1.0" 200 155
127.0.0.1 - - [29/Jan/2025 14:55:45] "GET /api/status HTTP/1.0" 200 155
127.0.0.1 - - [29/Jan/2025 14:55:47] "GET /api/status HTTP/1.0" 200 155
127.0.0.1 - - [29/Jan/2025 14:55:49] "GET /api/status HTTP/1.0" 200 155
127.0.0.1 - - [29/Jan/2025 14:55:51] "GET /api/status HTTP/1.0" 200 155
[Time: 29.01.25 14:55:52] [Level: info] [State: compute] Epoch 40, Loss: 3.4135444164276123
127.0.0.1 - - [29/Jan/2025 14:55:53] "GET /api/status HTTP/1.0" 200 155
127.0.0.1 - - [29/Jan/2025 14:55:55] "GET /api/status HTTP/1.0" 200 155
127.0.0.1 - - [29/Jan/2025 14:55:57] "GET /api/status HTTP/1.0" 200 155
127.0.0.1 - - [29/Jan/2025 14:55:59] "GET /api/status HTTP/1.0" 200 155
127.0.0.1 - - [29/Jan/2025 14:56:01] "GET /api/status HTTP/1.0" 200 155
127.0.0.1 - - [29/Jan/2025 14:56:03] "GET /api/status HTTP/1.0" 200 155
127.0.0.1 - - [29/Jan/2025 14:56:05] "GET /api/status HTTP/1.0" 200 155
127.0.0.1 - - [29/Jan/2025 14:56:07] "GET /api/status HTTP/1.0" 200 155
[Time: 29.01.25 14:56:09] [Level: info] [State: compute] Epoch 50, Loss: 0.9977123737335205
127.0.0.1 - - [29/Jan/2025 14:56:09] "GET /api/status HTTP/1.0" 200 155
127.0.0.1 - - [29/Jan/2025 14:56:11] "GET /api/status HTTP/1.0" 200 155
127.0.0.1 - - [29/Jan/2025 14:56:13] "GET /api/status HTTP/1.0" 200 155
127.0.0.1 - - [29/Jan/2025 14:56:15] "GET /api/status HTTP/1.0" 200 155
127.0.0.1 - - [29/Jan/2025 14:56:17] "GET /api/status HTTP/1.0" 200 155
127.0.0.1 - - [29/Jan/2025 14:56:19] "GET /api/status HTTP/1.0" 200 155
127.0.0.1 - - [29/Jan/2025 14:56:21] "GET /api/status HTTP/1.0" 200 155
127.0.0.1 - - [29/Jan/2025 14:56:23] "GET /api/status HTTP/1.0" 200 155
[Time: 29.01.25 14:56:25] [Level: info] [State: compute] Epoch 60, Loss: 0.8643497824668884
127.0.0.1 - - [29/Jan/2025 14:56:25] "GET /api/status HTTP/1.0" 200 155
127.0.0.1 - - [29/Jan/2025 14:56:27] "GET /api/status HTTP/1.0" 200 155
127.0.0.1 - - [29/Jan/2025 14:56:29] "GET /api/status HTTP/1.0" 200 155
127.0.0.1 - - [29/Jan/2025 14:56:31] "GET /api/status HTTP/1.0" 200 155
127.0.0.1 - - [29/Jan/2025 14:56:33] "GET /api/status HTTP/1.0" 200 155
127.0.0.1 - - [29/Jan/2025 14:56:35] "GET /api/status HTTP/1.0" 200 155
127.0.0.1 - - [29/Jan/2025 14:56:37] "GET /api/status HTTP/1.0" 200 155
127.0.0.1 - - [29/Jan/2025 14:56:39] "GET /api/status HTTP/1.0" 200 155
127.0.0.1 - - [29/Jan/2025 14:56:41] "GET /api/status HTTP/1.0" 200 155
127.0.0.1 - - [29/Jan/2025 14:56:44] "GET /api/status HTTP/1.0" 200 155
[Time: 29.01.25 14:56:45] [Level: info] [State: compute] Epoch 70, Loss: 0.7668322920799255
127.0.0.1 - - [29/Jan/2025 14:56:46] "GET /api/status HTTP/1.0" 200 155
127.0.0.1 - - [29/Jan/2025 14:56:48] "GET /api/status HTTP/1.0" 200 155
127.0.0.1 - - [29/Jan/2025 14:56:50] "GET /api/status HTTP/1.0" 200 155
127.0.0.1 - - [29/Jan/2025 14:56:52] "GET /api/status HTTP/1.0" 200 155
127.0.0.1 - - [29/Jan/2025 14:56:54] "GET /api/status HTTP/1.0" 200 155
127.0.0.1 - - [29/Jan/2025 14:56:56] "GET /api/status HTTP/1.0" 200 155
127.0.0.1 - - [29/Jan/2025 14:56:58] "GET /api/status HTTP/1.0" 200 155
127.0.0.1 - - [29/Jan/2025 14:57:00] "GET /api/status HTTP/1.0" 200 155
127.0.0.1 - - [29/Jan/2025 14:57:02] "GET /api/status HTTP/1.0" 200 155
127.0.0.1 - - [29/Jan/2025 14:57:04] "GET /api/status HTTP/1.0" 200 155
127.0.0.1 - - [29/Jan/2025 14:57:06] "GET /api/status HTTP/1.0" 200 155
[Time: 29.01.25 14:57:07] [Level: info] [State: compute] Epoch 80, Loss: 0.7129145860671997
127.0.0.1 - - [29/Jan/2025 14:57:08] "GET /api/status HTTP/1.0" 200 155
127.0.0.1 - - [29/Jan/2025 14:57:10] "GET /api/status HTTP/1.0" 200 155
127.0.0.1 - - [29/Jan/2025 14:57:12] "GET /api/status HTTP/1.0" 200 155
127.0.0.1 - - [29/Jan/2025 14:57:14] "GET /api/status HTTP/1.0" 200 155
127.0.0.1 - - [29/Jan/2025 14:57:16] "GET /api/status HTTP/1.0" 200 155
127.0.0.1 - - [29/Jan/2025 14:57:18] "GET /api/status HTTP/1.0" 200 155
127.0.0.1 - - [29/Jan/2025 14:57:20] "GET /api/status HTTP/1.0" 200 155
127.0.0.1 - - [29/Jan/2025 14:57:22] "GET /api/status HTTP/1.0" 200 155
127.0.0.1 - - [29/Jan/2025 14:57:24] "GET /api/status HTTP/1.0" 200 155
127.0.0.1 - - [29/Jan/2025 14:57:26] "GET /api/status HTTP/1.0" 200 155
[Time: 29.01.25 14:57:28] [Level: info] [State: compute] Epoch 90, Loss: 0.6597952842712402
127.0.0.1 - - [29/Jan/2025 14:57:28] "GET /api/status HTTP/1.0" 200 155
127.0.0.1 - - [29/Jan/2025 14:57:30] "GET /api/status HTTP/1.0" 200 155
127.0.0.1 - - [29/Jan/2025 14:57:32] "GET /api/status HTTP/1.0" 200 155
127.0.0.1 - - [29/Jan/2025 14:57:34] "GET /api/status HTTP/1.0" 200 155
127.0.0.1 - - [29/Jan/2025 14:57:36] "GET /api/status HTTP/1.0" 200 155
127.0.0.1 - - [29/Jan/2025 14:57:38] "GET /api/status HTTP/1.0" 200 155
127.0.0.1 - - [29/Jan/2025 14:57:40] "GET /api/status HTTP/1.0" 200 155
127.0.0.1 - - [29/Jan/2025 14:57:42] "GET /api/status HTTP/1.0" 200 155
127.0.0.1 - - [29/Jan/2025 14:57:44] "GET /api/status HTTP/1.0" 200 155
127.0.0.1 - - [29/Jan/2025 14:57:46] "GET /api/status HTTP/1.0" 200 155
127.0.0.1 - - [29/Jan/2025 14:57:48] "GET /api/status HTTP/1.0" 200 155
127.0.0.1 - - [29/Jan/2025 14:57:50] "GET /api/status HTTP/1.0" 200 155
[Time: 29.01.25 14:57:51] [Level: info] [State: compute] Epoch 100, Loss: 0.607585072517395
/usr/local/lib/python3.8/site-packages/sklearn/cluster/_kmeans.py:1416: FutureWarning: The default value of `n_init` will change from 10 to 'auto' in 1.4. Set the value of `n_init` explicitly to suppress the warning
  super()._check_params_vs_input(X, default_n_init=10)
[Time: 29.01.25 14:57:52] [Level: info] [State: compute] Saving model and decoder...
[Time: 29.01.25 14:57:52] [Level: info] [State: compute] Sent updated weights to coordinator.
[Time: 29.01.25 14:57:52] [Level: info] transition: aggregate
127.0.0.1 - - [29/Jan/2025 14:57:52] "GET /api/status HTTP/1.0" 200 157
[Time: 29.01.25 14:57:53] [Level: info] state: aggregate
[Time: 29.01.25 14:57:53] [Level: info] [State: aggregate] Waitig for local models...
127.0.0.1 - - [29/Jan/2025 14:57:54] "GET /api/status HTTP/1.0" 200 157
127.0.0.1 - - [29/Jan/2025 14:57:56] "GET /api/status HTTP/1.0" 200 157
127.0.0.1 - - [29/Jan/2025 14:57:58] "GET /api/status HTTP/1.0" 200 157
127.0.0.1 - - [29/Jan/2025 14:58:00] "GET /api/status HTTP/1.0" 200 157
127.0.0.1 - - [29/Jan/2025 14:58:02] "GET /api/status HTTP/1.0" 200 157
127.0.0.1 - - [29/Jan/2025 14:58:04] "GET /api/status HTTP/1.0" 200 157
127.0.0.1 - - [29/Jan/2025 14:58:06] "GET /api/status HTTP/1.0" 200 157
127.0.0.1 - - [29/Jan/2025 14:58:08] "GET /api/status HTTP/1.0" 200 157
127.0.0.1 - - [29/Jan/2025 14:58:10] "GET /api/status HTTP/1.0" 200 157
[CTRL] POST /data
127.0.0.1 - - [29/Jan/2025 14:58:13] "POST /api/data?client=cb0eff23a39cbe7d&memo=GATHERROUND1 HTTP/1.0" 200 0
127.0.0.1 - - [29/Jan/2025 14:58:13] "GET /api/status HTTP/1.0" 200 157
127.0.0.1 - - [29/Jan/2025 14:58:15] "GET /api/status HTTP/1.0" 200 157
[CTRL] POST /data
127.0.0.1 - - [29/Jan/2025 14:58:17] "POST /api/data?client=c93e49e7bf8a8b05&memo=GATHERROUND1 HTTP/1.0" 200 0
127.0.0.1 - - [29/Jan/2025 14:58:17] "GET /api/status HTTP/1.0" 200 157
[Time: 29.01.25 14:58:18] [Level: info] [State: aggregate] {'encoder.fc.0.weight': array([[ 0.00027086, -0.0121878 , -0.0016065 , ..., -0.00591015,
        -0.00459318,  0.01326922],
       [-0.00015531,  0.0034733 ,  0.00229002, ..., -0.00599525,
         0.00392753, -0.00965071],
       [-0.0042276 , -0.00504847,  0.00287675, ...,  0.00187749,
         0.00339297,  0.00306708],
       ...,
       [-0.00070096, -0.00854411,  0.00096915, ..., -0.01104633,
        -0.01051252, -0.00264675],
       [ 0.00214501, -0.00413659,  0.00843177, ...,  0.00837021,
        -0.00993687, -0.0040224 ],
       [-0.00442393, -0.00750862,  0.00758421, ..., -0.00152979,
        -0.00530672, -0.00421769]], dtype=float32), 'encoder.fc.0.bias': array([-4.52991016e-03, -1.45815201e-02,  7.37368781e-03, -7.17559969e-03,
       -7.55811809e-03, -1.40232835e-02, -3.44638852e-03, -1.35394288e-02,
       -1.89822691e-03, -1.10233342e-02, -1.43923350e-02,  1.83627196e-03,
        2.97157280e-03, -4.84291976e-03, -1.33902011e-02, -3.40181263e-03,
       -9.44216736e-03, -1.24440249e-02, -3.00537678e-03, -1.13816755e-02,
        4.52232268e-03,  1.70212006e-03, -6.73787994e-03,  4.35263570e-03,
       -1.17020775e-02, -5.31750824e-03,  1.17200136e-03, -7.67640118e-03,
       -4.72170068e-03, -3.22115666e-04, -1.26795494e-03, -5.10106282e-03,
       -3.52869072e-04, -1.08011086e-02, -1.51131698e-03,  2.73104734e-03,
       -7.78676150e-03, -1.05635477e-02, -5.44028124e-03,  8.22175667e-03,
       -9.91981011e-03, -6.47488283e-03,  4.56842734e-03, -4.55416087e-03,
       -3.29777226e-03,  1.20467870e-02, -1.28883943e-02, -7.52700027e-03,
       -1.37528703e-02,  3.49163963e-03, -3.68249603e-03, -1.05970809e-02,
        1.08717929e-03,  6.95846649e-03, -1.30865974e-02,  3.48558743e-03,
        7.83308316e-03, -1.28914285e-02, -2.24180217e-03, -2.30615912e-03,
       -1.21662477e-02,  8.41806876e-04,  2.97693390e-04, -5.53099066e-03,
       -2.13348446e-03, -1.31678060e-02, -7.85494223e-03, -1.18816840e-02,
        1.50581461e-03, -7.13786762e-03, -5.23673045e-03, -8.67249165e-03,
       -1.20746205e-02,  2.50076316e-03, -7.69390911e-03, -1.62448082e-03,
       -8.59995373e-03, -8.24931730e-03, -4.49863309e-03, -1.32278064e-02,
       -7.82540720e-03, -1.20204892e-02,  6.88785966e-03, -5.87939145e-03,
        8.38489621e-04,  4.85661859e-03, -9.31202434e-03, -7.73483235e-03,
       -1.06717004e-02, -4.37787408e-03,  3.90058674e-04,  8.63418262e-03,
        9.68704117e-04, -1.26891481e-02, -1.30724553e-02,  3.24001815e-03,
       -1.16847875e-03, -3.14085232e-03,  9.28009045e-04,  1.20624034e-02,
       -3.83222150e-03,  4.43123979e-03, -5.50889596e-03, -4.38954774e-03,
        1.51547568e-03, -1.14587350e-02, -2.73048924e-03, -1.17010260e-02,
       -4.28956747e-03,  1.45064003e-03,  2.10434524e-03,  1.32705737e-03,
        6.51808828e-03,  9.70310625e-03, -6.84679672e-03, -2.09863181e-03,
        4.31603659e-03, -7.39340158e-03,  2.51242216e-03, -3.13328882e-03,
       -1.88997958e-03,  4.97441366e-03, -6.94709644e-03, -1.05417324e-02,
       -1.00439340e-02,  3.16979038e-03,  4.15532477e-03, -6.41268911e-03,
       -4.28274926e-03, -6.65147649e-03, -1.02150463e-03, -7.46505195e-03,
       -1.20701855e-02,  2.28701113e-03, -5.79094794e-03, -3.41145881e-03,
       -1.24481563e-02, -3.82617884e-03, -2.50692503e-03, -9.39124543e-03,
       -1.82327745e-03, -5.55857085e-03, -1.64861642e-02, -7.95185938e-03,
       -9.81035549e-03, -1.56887155e-03, -1.27099291e-03, -3.82777047e-03,
       -1.18354885e-02, -8.62696301e-03, -1.09979755e-03,  1.44255604e-03,
        2.72901799e-03,  1.36563624e-03,  3.54297343e-04, -1.88023858e-02,
       -7.87125621e-03, -2.76281172e-03,  1.63010263e-03, -1.43055534e-02,
        2.66710995e-03, -5.85376844e-03, -7.89525919e-03, -9.82578937e-03,
       -9.24038794e-03, -1.37018152e-02,  1.13651168e-03, -9.39039793e-03,
       -1.39622865e-02,  7.27340486e-03, -1.32110128e-02, -1.56622063e-02,
       -9.28401889e-04,  4.25963989e-03, -9.60160419e-03, -5.24015399e-03,
       -1.12942467e-02, -5.95269911e-03,  2.72550830e-03, -3.22139147e-03,
       -7.19204359e-03, -1.17915059e-02, -7.68805505e-04, -2.72195623e-03,
       -4.82245628e-03, -6.88564905e-04, -1.07529107e-02, -2.60885136e-04,
        1.55765819e-03, -1.18579408e-02, -8.22138134e-03,  1.82667529e-04,
       -1.32895699e-02, -5.08010900e-03, -3.30634811e-03, -1.75419656e-04,
       -8.62302957e-04, -1.05632171e-02, -2.46330886e-03,  8.86275526e-03,
        4.61506005e-03, -8.35926645e-03,  4.86008730e-03, -3.02625657e-03,
       -6.73078094e-03, -1.24900194e-03, -1.06846811e-02,  2.13198597e-03,
       -1.23399701e-02, -1.41682988e-02, -1.47530325e-02, -1.13126878e-02,
       -1.02590937e-02, -7.19500007e-03, -1.28254322e-02, -1.15669109e-02,
       -1.00017646e-02, -7.00835465e-03, -1.41500635e-02, -4.71957028e-03,
       -3.44668835e-04, -7.52385240e-03, -2.45190458e-03,  2.31885095e-03,
       -3.87272594e-04,  3.24038439e-03, -4.60416515e-04, -5.41119277e-03,
       -8.11964681e-04, -6.60334062e-03, -1.54795381e-03, -5.41860051e-03,
       -7.76500441e-04, -1.41928317e-02, -1.04770064e-02, -9.07901861e-03,
       -6.19441096e-04, -4.40868549e-03, -7.97247700e-03, -5.92623185e-03,
       -2.13882700e-03, -1.75985473e-03, -1.12999175e-02, -6.10799703e-04,
       -3.00839823e-03, -2.79377284e-03, -1.48960308e-03, -9.93496925e-03,
       -1.77605695e-03,  4.68123617e-04,  1.14466442e-04, -8.94304924e-03,
       -9.22464859e-03,  2.64851307e-03, -8.81444197e-03, -1.48230663e-03,
        3.15210153e-03, -1.38772670e-02, -4.20719292e-03, -3.48763238e-03,
       -6.58166874e-03, -5.16060228e-03, -1.24795688e-02, -1.15045719e-02,
        3.07739479e-03,  3.34833725e-03, -1.35185290e-02, -4.64591710e-03,
       -8.01036879e-03, -2.09812494e-03, -1.19806463e-02, -3.19813582e-04,
       -1.02203070e-04, -8.43610615e-03, -1.06801372e-02, -5.73157938e-03,
       -1.49714830e-03, -1.81837305e-02, -9.87866893e-03,  1.13969014e-04,
       -1.01441378e-02, -1.56568475e-02,  1.27418237e-02,  7.72926549e-04,
        1.46102847e-03, -7.36499496e-04,  3.93521879e-03, -9.33885574e-03,
        1.24379257e-02,  1.13356235e-02,  2.33224314e-03, -1.16118118e-02,
       -1.31730912e-02, -6.62229664e-04, -6.01376640e-03,  1.96640776e-03,
       -1.16848713e-02,  2.77526653e-03, -4.00706020e-04, -1.19426288e-02,
       -9.33706469e-04, -9.83879087e-04, -1.42918350e-02, -1.55480988e-02,
       -4.55551734e-03, -4.46583843e-03, -1.04301879e-02, -1.37339365e-02,
        4.45628166e-03, -2.25070235e-03, -2.39443383e-03, -1.42424870e-02,
       -3.64014320e-03, -1.05508557e-02, -8.62049963e-03, -9.51959938e-03,
       -3.91754787e-03, -3.93672520e-03, -9.95248649e-03, -1.21173086e-02,
       -4.18850360e-03,  1.05594564e-03, -9.21826344e-03,  1.32223940e-03,
        2.92017066e-04, -1.83538522e-03, -1.28815873e-02, -1.27201285e-02,
       -2.44559185e-03,  2.16517155e-03, -1.33139156e-02, -6.72168331e-03,
        2.66805943e-03, -4.00306098e-03, -1.66177414e-02, -1.30370082e-02,
       -5.04397834e-03, -7.57747889e-03,  1.97527814e-03, -1.64847728e-03,
        4.30591917e-03, -7.53339287e-03, -8.20074975e-03, -7.54696736e-03,
       -2.03876514e-02, -1.74793154e-02, -4.24405886e-03, -2.47419951e-03,
       -7.73736555e-03, -1.42432693e-02, -9.57290083e-03,  3.14562418e-03,
       -8.32883548e-03, -1.35448044e-02, -2.58263154e-03, -4.61607240e-03,
       -8.32118746e-03,  3.06131295e-03, -5.66224195e-03, -3.58858285e-03,
       -3.73708387e-03,  6.08649943e-03, -5.24321105e-03, -4.31336369e-03,
       -6.73826877e-03, -5.66560449e-03, -1.24601284e-02, -4.16205032e-03,
       -4.36456734e-03, -4.53161309e-03, -1.15929963e-02,  9.04038898e-04,
       -7.58345425e-03,  2.95865210e-03, -1.06241778e-02,  1.87710032e-03,
       -1.32525116e-02, -5.40535478e-03,  1.60185492e-03, -1.20757855e-02,
        1.61070761e-03, -3.88631690e-03, -3.95041716e-04,  1.86086446e-03,
       -9.57353506e-03, -7.51130690e-04, -1.43871934e-03,  5.88373654e-03,
        8.44346080e-03, -1.10061504e-02,  1.06882174e-02, -5.95831824e-03,
       -9.47692245e-03, -9.06788372e-03, -1.62380394e-02,  1.87222252e-03,
       -4.34140163e-03, -1.42638022e-02,  2.08952976e-03, -7.96394888e-03,
       -7.04816263e-03, -1.19815096e-02, -1.60992853e-02, -6.12756005e-03,
       -5.65236388e-03, -1.92647101e-03, -1.43122673e-03,  3.14500788e-03,
        1.33680773e-03, -9.07846447e-03,  2.86997150e-04,  1.40254817e-03,
       -2.56542960e-04, -6.02632714e-03, -6.09333022e-03, -4.63166274e-03,
       -2.34832172e-03, -3.63972760e-03, -5.54030156e-03,  6.98134955e-03,
       -1.61847603e-02, -1.18697891e-02, -3.56747536e-03, -2.12331000e-03,
        2.95107788e-03, -8.45025014e-03, -5.64915920e-03, -1.02381352e-02,
       -1.44560926e-03, -1.63429715e-02,  2.97162682e-03, -2.26945686e-03,
        5.32119675e-03,  2.92510283e-03,  4.10638424e-03,  2.83692754e-03,
       -5.43266628e-03,  3.07499780e-03, -2.97624338e-03,  1.99258747e-03,
       -1.12586329e-02,  4.96211032e-06,  1.02780433e-03, -1.83941368e-02,
       -7.55512947e-03, -6.67268736e-03, -1.37699889e-02, -8.36722646e-03,
       -1.61941089e-02, -4.75369580e-03, -1.22153852e-02, -1.33182053e-02,
       -9.81405750e-03, -6.97947480e-03, -4.90012695e-04, -1.27339037e-02,
        8.61510448e-03, -1.99432522e-02,  1.39830483e-03,  6.67734887e-04,
       -1.39929745e-02, -2.68550153e-04, -1.56782102e-02, -3.22529837e-03,
        1.57975883e-04,  1.62535836e-03, -1.30752688e-02, -1.29982345e-02,
       -3.27391340e-03, -2.91096210e-03,  6.84660207e-03, -1.15255862e-02,
       -1.54524781e-02, -1.23698479e-02, -1.14871108e-03,  7.39920069e-04,
       -3.49255418e-03, -2.39925715e-03, -8.71550851e-03,  1.37183742e-04,
        2.18023546e-03, -4.72951727e-03,  1.05248448e-02, -1.54222781e-02,
       -2.82110390e-03, -9.36113577e-03, -7.29591539e-03, -4.05065436e-03,
        3.29931756e-03, -1.44628230e-02, -1.21531552e-02, -1.76205821e-02,
        3.20855551e-03, -1.21813519e-02, -1.37477312e-02, -2.17754790e-03,
       -9.37942695e-03, -6.34452095e-04,  4.22407145e-04, -5.97129483e-03],
      dtype=float32), 'encoder.fc.2.weight': array([[-0.04777895,  0.0148405 ,  0.03284078, ..., -0.00294563,
        -0.03693372, -0.00337647],
       [ 0.0027497 , -0.00802959, -0.03999487, ..., -0.00280465,
        -0.0430005 , -0.04540966],
       [-0.03009034,  0.03688994, -0.04854796, ...,  0.03802419,
        -0.04066044,  0.02461224],
       ...,
       [ 0.01047874, -0.04838512, -0.03857433, ...,  0.02035189,
        -0.01116152, -0.03500065],
       [ 0.00437543, -0.04962603,  0.00765584, ..., -0.02363521,
        -0.03617968, -0.02222912],
       [-0.03739912,  0.00278057, -0.03969245, ..., -0.00713319,
        -0.00845269, -0.00301354]], dtype=float32), 'encoder.fc.2.bias': array([ 0.03846823, -0.02855641,  0.03469119, ..., -0.01152175,
       -0.03267775, -0.01880205], dtype=float32), 'encoder.fc.4.weight': array([[-2.4465563e-02, -2.6992304e-04, -1.8344532e-03, ...,
         8.8558123e-03, -1.2298658e-03, -2.1728463e-02],
       [ 1.4879737e-02,  1.0607255e-02,  9.0517048e-03, ...,
        -2.3938391e-02, -1.7064092e-03, -1.7813997e-03],
       [-1.9083409e-02,  7.8112404e-03,  1.3680156e-02, ...,
        -2.0007025e-03, -7.9534035e-03,  1.6222013e-03],
       ...,
       [-1.5390568e-02, -5.1442594e-03,  1.2424242e-04, ...,
        -1.5763523e-02,  1.4462024e-02,  2.7645946e-02],
       [-1.4739518e-02,  2.4879305e-03,  2.1676144e-02, ...,
        -8.0635808e-03, -2.3454849e-02, -2.2796111e-03],
       [-1.9501254e-05,  8.4921531e-03, -3.1111088e-02, ...,
        -1.6149949e-02, -1.1686125e-02,  2.1671506e-02]], dtype=float32), 'encoder.fc.4.bias': array([-0.02598525, -0.0061783 , -0.00309133, -0.01536547,  0.00106017,
        0.00332249,  0.00875384, -0.02331381, -0.02620977, -0.02410539,
       -0.01759022,  0.01297063, -0.00497632, -0.0163827 , -0.01004107,
       -0.01604446, -0.01666434, -0.01186572, -0.02395989, -0.01685936,
       -0.00453099,  0.00023852, -0.02137232, -0.02330193, -0.01680084,
       -0.01872788,  0.0013555 ,  0.01684147, -0.00958072, -0.01136502,
       -0.00621416,  0.02220081, -0.01526597, -0.00427506, -0.00367689,
       -0.00829486,  0.01216102,  0.00993093, -0.00691028, -0.02604246,
       -0.01777415, -0.01684404,  0.01433155, -0.02576146, -0.00351901,
       -0.00600686, -0.01313853,  0.00727589, -0.01135188,  0.01837534,
        0.00539328,  0.00249908, -0.01570285,  0.01622417, -0.01759268,
       -0.01074988,  0.00790589, -0.00189758, -0.00723876, -0.00615598,
        0.00308979, -0.02019401,  0.00733153, -0.00734049,  0.00740965,
        0.00261349, -0.00323688,  0.00194894, -0.0213376 , -0.00428638,
       -0.01635682, -0.01527138,  0.00536042, -0.00809292,  0.01143671,
       -0.00236179,  0.0113567 , -0.01139598, -0.01103102, -0.02255136,
       -0.01453873,  0.01510497,  0.01603107, -0.00236924, -0.01651346,
        0.00131627,  0.00215898, -0.00856493,  0.01518427, -0.01117738,
        0.01690789, -0.02296287, -0.00214169,  0.01631147, -0.01494324,
       -0.02374692, -0.01427846,  0.00613753,  0.01220614, -0.02065211,
       -0.00793639, -0.00432718, -0.02543854,  0.00827508,  0.01488305,
        0.00246116, -0.02235112, -0.00803204, -0.01378247, -0.02065372,
       -0.01157073,  0.01177384,  0.01045381,  0.016275  ,  0.0028274 ,
       -0.01701029,  0.00289402, -0.00012305, -0.01234451, -0.01165024,
        0.00154557,  0.00652302, -0.00125771,  0.00675863,  0.0081361 ,
       -0.00810911, -0.00551542,  0.0229244 , -0.02592366,  0.00934042,
       -0.02393189,  0.01917723, -0.00659184, -0.02768495, -0.00026738,
        0.00565978,  0.01168846,  0.00990876, -0.01352209, -0.01550481,
       -0.02135637,  0.00763147,  0.01299436,  0.01769952, -0.00585984,
       -0.00587768, -0.00255298,  0.01448008, -0.0142533 , -0.02123778,
       -0.0091379 , -0.01625917, -0.00574546,  0.00765495,  0.00768605,
        0.01399839, -0.01201419, -0.01243156, -0.01403549, -0.01864304,
        0.01675462,  0.0133738 ,  0.00186634, -0.00163915,  0.01164409,
        0.00905528, -0.00354355,  0.02646417, -0.02357171,  0.00039628,
       -0.02010107,  0.00567973, -0.01372974, -0.02839311,  0.00776693,
       -0.00564988, -0.01745564, -0.0274036 , -0.01716074,  0.0148612 ,
       -0.01835172, -0.02138812,  0.00702491,  0.01659274, -0.00205646,
        0.00260219,  0.01580293,  0.00545189, -0.01329637,  0.02025975,
        0.00499816,  0.00298475, -0.00182238, -0.00707189,  0.00280408,
       -0.00523524, -0.0048245 ,  0.00123355, -0.01964914, -0.01052821,
       -0.02585498, -0.01325039, -0.01434304, -0.01170931, -0.01544075,
        0.01486585,  0.00491423, -0.01994968,  0.00096117, -0.02570326,
       -0.0085833 , -0.01566667, -0.02714316, -0.02037056, -0.00043758,
       -0.00839436,  0.00036677, -0.0090106 , -0.00505836, -0.00055736,
        0.00945643,  0.01771166, -0.02681847,  0.00203326,  0.01065899,
       -0.0235873 , -0.02481713,  0.00836207, -0.01134837,  0.01146177,
        0.00671391, -0.00855336,  0.01462825,  0.00071059, -0.00445336,
        0.00688669,  0.01548119, -0.02129256, -0.01148957, -0.02065605,
       -0.01768178, -0.00048208,  0.00537757,  0.00401771, -0.02383839,
        0.01046192, -0.02683063,  0.0163314 , -0.00326537, -0.01851671,
       -0.01675569,  0.01308239, -0.0112441 ,  0.01410635, -0.01667834,
        0.00589267, -0.00931223, -0.01841075, -0.00205708,  0.00214767,
        0.01861418,  0.00014813,  0.0056979 , -0.01772768,  0.00520148,
        0.01292421, -0.00971807, -0.0100059 , -0.00943242, -0.01520382,
        0.0076554 ,  0.01333597, -0.00728988, -0.00498398,  0.00113505,
       -0.02703789, -0.01471123, -0.02642136, -0.02149667,  0.01959942,
        0.00914684, -0.01504971,  0.00398898,  0.01194599,  0.00617079,
        0.01134658,  0.01441382,  0.0040462 , -0.01859212,  0.00278685,
       -0.01013274,  0.00558082, -0.00497983, -0.025226  , -0.00033791,
       -0.01614236, -0.00371109, -0.00655402, -0.02552791, -0.02145541,
       -0.02572461,  0.0236938 , -0.0196576 ,  0.01596475,  0.01670476,
        0.01427437, -0.0148049 , -0.00937635,  0.00342328, -0.00531067,
        0.0066332 ,  0.0118391 , -0.00627997,  0.00739829, -0.01720366,
       -0.01945552,  0.01356251,  0.00317042, -0.01826694,  0.00200494,
       -0.00488178, -0.0134085 , -0.02607519, -0.01406022, -0.01345928,
        0.01712578,  0.01158096, -0.00620683,  0.01201409, -0.00642939,
       -0.0126941 , -0.00900359,  0.01698103,  0.00235927, -0.00326391,
       -0.01298744,  0.00600549, -0.01678203, -0.0114798 ,  0.00217351,
        0.0052579 ,  0.00755327, -0.02273597,  0.00848969,  0.00550275,
        0.02461308,  0.00234197,  0.00101826,  0.00317929,  0.00372918,
        0.01241373, -0.0044296 , -0.00188776, -0.00267182, -0.02547269,
       -0.02035881,  0.00744019, -0.01428856, -0.0256849 , -0.00771471,
       -0.01265664, -0.01049029,  0.001742  ,  0.00825588, -0.02471561,
        0.01342088, -0.02085824, -0.01876774,  0.00832973, -0.00021914,
       -0.00730881,  0.02034344, -0.00240168,  0.00200037,  0.01263536,
       -0.00468468, -0.01869373, -0.00619117,  0.00963599, -0.00253414,
        0.01829899,  0.00980377,  0.01765329, -0.00355197,  0.00330979,
       -0.02559533, -0.02567122, -0.01762327, -0.01403754, -0.00674377,
       -0.00801504, -0.01005775, -0.01075004, -0.00493672,  0.02375494,
       -0.01285586,  0.00547483,  0.01864339,  0.00824395, -0.00206121,
       -0.00165361,  0.01082048, -0.01392606,  0.01236221, -0.00204817,
        0.00168008,  0.00927009, -0.01577383, -0.02265601,  0.00959738,
       -0.0258742 ,  0.0175221 ,  0.00239314,  0.00064373, -0.01766823,
        0.00841772,  0.01587266, -0.00050034, -0.00986394,  0.00282159,
        0.01523669,  0.00490327,  0.0227273 ,  0.00834587, -0.01494785,
       -0.00389724,  0.00419232, -0.00511706, -0.01206472, -0.00636611,
       -0.00605126,  0.01317659, -0.01728077,  0.01119123, -0.00025632,
       -0.00874045,  0.00644556,  0.01191268, -0.02300455,  0.00174361,
        0.01045702,  0.0145464 , -0.01690714,  0.00594283, -0.00640555,
       -0.00278712, -0.01642855,  0.01802445, -0.00510285, -0.01293512,
        0.00986492,  0.01341913, -0.00527126, -0.01284613,  0.00872005,
        0.013355  ,  0.00713089,  0.02189619, -0.00203622,  0.01236815,
        0.00147451, -0.0124441 , -0.01689229,  0.01514351,  0.00209152,
       -0.00218238, -0.02353264,  0.00725966,  0.01118598,  0.01204287,
       -0.01616497,  0.00953127,  0.01155172,  0.01727784,  0.01650157,
       -0.00890347,  0.00186441,  0.01194557, -0.01954336, -0.00703791,
       -0.0216248 , -0.0188022 ,  0.01131552, -0.01818658,  0.00649056,
        0.0011774 ,  0.01305988, -0.00406791, -0.00077206, -0.0016495 ,
        0.01049819,  0.00488548, -0.00423609,  0.01313769,  0.00141848,
       -0.00283528,  0.00070365,  0.00669453,  0.01354499,  0.02392294],
      dtype=float32), 'encoder.fc.6.weight': array([[-0.00633616,  0.02261155,  0.03741218, ...,  0.01146454,
         0.03404357, -0.02681938],
       [ 0.03093742, -0.03870464,  0.00636801, ...,  0.04073572,
        -0.03351928,  0.02814504],
       [-0.03424235,  0.03358575,  0.03820177, ...,  0.00893738,
        -0.01281014,  0.03655516],
       ...,
       [-0.00061511,  0.02904027,  0.00441077, ..., -0.01515088,
        -0.00871217,  0.03815086],
       [-0.02488589,  0.03193091, -0.02131416, ..., -0.05109134,
         0.03983523,  0.01610396],
       [-0.04891032,  0.02995922, -0.00288648, ..., -0.00604913,
         0.01011047, -0.00982128]], dtype=float32), 'encoder.fc.6.bias': array([-0.00147131,  0.02609294, -0.01469891,  0.04799453,  0.04019241,
       -0.02527247, -0.01851104, -0.03061994,  0.03855521,  0.00911289],
      dtype=float32), 'decoder.fc.0.weight': array([[ 0.03345452,  0.17678818,  0.05733285, ...,  0.06962529,
         0.19006638, -0.1883119 ],
       [-0.21412873, -0.00225773, -0.21123147, ..., -0.05774351,
         0.09541571, -0.10869496],
       [ 0.23696344,  0.1424038 ,  0.2047312 , ...,  0.3029362 ,
        -0.19779925,  0.11473852],
       ...,
       [-0.21012421,  0.16986011, -0.29768947, ...,  0.14024086,
        -0.20456856,  0.32347003],
       [-0.24754024, -0.2776701 , -0.11489156, ...,  0.13011695,
         0.13927566, -0.25846052],
       [ 0.06067033,  0.28694335,  0.0745373 , ...,  0.18865816,
        -0.16674843,  0.13233477]], dtype=float32), 'decoder.fc.0.bias': array([-2.53741115e-01,  1.74110040e-01,  3.09215896e-02, -2.50716060e-01,
       -2.82399058e-01, -1.91750407e-01, -2.93461252e-02, -1.64787546e-01,
        9.26610753e-02, -1.89684525e-01,  1.12046733e-01,  5.06395362e-02,
        3.04793388e-01, -2.66801476e-01,  7.82103837e-02, -2.79325128e-01,
        4.59200256e-02,  1.77585453e-01, -2.99741160e-02, -3.20896804e-01,
       -1.51006132e-01,  2.62721390e-01, -6.55375645e-02, -1.59172058e-01,
       -2.27670804e-01, -2.65319347e-01, -7.72280544e-02, -8.95306543e-02,
        3.17211300e-01, -1.97452083e-02,  2.12073594e-01,  9.83908102e-02,
        8.28948319e-02, -5.48765808e-02, -4.56076004e-02, -1.50937989e-01,
        1.74403023e-02, -2.19109982e-01, -1.09085456e-01, -5.32929376e-02,
        1.87007725e-01, -1.97013333e-01,  1.88044190e-01,  3.03053737e-01,
       -2.57009834e-01, -2.29187086e-01,  1.08052798e-01, -1.69957176e-01,
        1.95786282e-01, -1.39506543e-02,  2.81619966e-01, -1.88100696e-01,
       -2.10613996e-01,  2.18998790e-02,  2.66540468e-01,  2.18726769e-01,
        2.68913209e-01, -1.28837958e-01,  3.26212980e-02,  2.69411564e-01,
        3.51952948e-02,  1.97782159e-01,  1.85497761e-01,  1.73826590e-02,
        3.07700664e-01, -2.26391777e-01, -3.69612593e-03, -5.74631020e-02,
        1.56155929e-01,  5.01615927e-02,  2.75852177e-02, -1.33087099e-01,
       -8.82601887e-02, -6.47291020e-02,  8.17252249e-02, -7.77804106e-02,
       -1.35456100e-01,  2.87276894e-01, -1.89708456e-01, -2.60427259e-02,
       -1.25414923e-01, -2.92011350e-01,  2.28894964e-01,  2.25558579e-02,
        2.44871736e-01,  5.32029420e-02,  1.85123309e-01, -2.63831079e-01,
       -2.41880398e-02,  2.24597663e-01,  1.05824180e-01,  2.84064800e-01,
       -3.07662815e-01,  2.73836013e-02, -2.83119082e-01, -1.67660981e-01,
       -1.12457938e-01,  1.15207143e-01,  1.41117126e-02,  1.79624557e-01,
        3.13618124e-01, -8.54936615e-02, -1.84357062e-01, -9.47848707e-02,
        1.51862307e-02,  2.35347882e-01,  1.77880734e-01,  2.54106224e-01,
        1.00613050e-01,  2.32404813e-01,  2.83455141e-02,  6.87853694e-02,
        3.07121038e-01, -6.36542290e-02, -1.70525536e-01, -2.03094974e-01,
       -1.42784759e-01,  1.51180983e-01,  3.75408866e-02, -3.30676436e-01,
        5.56187853e-02, -2.01429620e-01, -2.63070673e-01, -1.06617041e-01,
       -9.27887782e-02, -9.71141923e-03,  2.03427508e-01, -4.22137752e-02,
       -1.97196454e-01,  1.23452246e-01, -1.21059664e-01, -3.92907895e-02,
        3.09907466e-01,  5.29194959e-02,  2.53545851e-01, -2.99598612e-02,
       -1.62254542e-01, -2.96395868e-01,  6.17839731e-02, -3.01175058e-01,
       -2.10824166e-03, -2.62003511e-01,  2.12095886e-01, -1.19092487e-01,
        1.84103400e-01, -1.37652308e-01,  2.46622171e-02,  9.00249183e-03,
       -2.37335637e-01,  2.22643793e-01,  1.98568210e-01,  1.44218117e-01,
       -1.52049884e-01,  6.44949004e-02,  9.21174884e-02, -2.12351978e-01,
        3.34765017e-02,  2.47858405e-01,  1.49283245e-01, -2.91125894e-01,
       -2.57804185e-01, -2.20666364e-01,  1.24742158e-01, -7.41386786e-02,
       -2.71815568e-01,  2.00882167e-01,  2.25393087e-01, -1.03445537e-01,
        2.93963373e-01,  2.47402146e-01,  2.66922981e-01, -2.07037330e-01,
        6.17779344e-02,  1.19039714e-01, -2.53367782e-01,  4.85402271e-02,
        2.54883498e-01, -2.59819955e-01, -1.71288371e-01,  3.15467387e-01,
       -1.84925333e-01, -2.24108368e-01, -2.09121078e-01, -3.05823535e-01,
       -1.37897432e-01,  1.01779193e-01,  2.31359988e-01,  1.48831785e-01,
       -9.62064713e-02, -1.92098856e-01, -6.50384352e-02,  2.61266287e-02,
       -1.66037813e-01, -2.75715590e-01,  6.55897111e-02,  2.34551579e-01,
        2.69018561e-01,  2.14848191e-01, -6.88371575e-03, -2.86890864e-01,
       -3.11660439e-01,  1.76610798e-01, -3.01774472e-01,  2.00971037e-01,
        2.16199476e-02,  1.32444918e-01, -5.29687405e-02, -1.41417667e-01,
       -1.53903186e-01,  9.42943469e-02,  2.89239168e-01,  3.10731173e-01,
       -1.75675631e-01, -2.77154505e-01, -2.69578062e-02,  1.69608682e-01,
        1.10149592e-01,  1.62893564e-01, -1.83261871e-01, -1.39650062e-01,
        9.80966911e-02,  1.77620411e-01,  2.89234251e-01, -1.16952851e-01,
       -6.72487766e-02, -8.00428260e-03,  5.64721879e-03,  8.93780887e-02,
        1.75114498e-01, -2.93966681e-01, -5.01570757e-03, -4.55182530e-02,
       -8.57120156e-02,  5.15021384e-02,  2.92261094e-01, -2.58478135e-01,
        2.63214171e-01, -5.95047735e-02,  1.01446405e-01,  8.05708542e-02,
       -2.81242222e-01, -6.12759665e-02,  6.80922642e-02, -4.15170528e-02,
       -7.74768591e-02,  1.78167418e-01,  9.55358371e-02,  4.39791493e-02,
        1.24908425e-01, -3.04301567e-02,  4.87788990e-02, -3.01518410e-01,
       -2.23852441e-01,  1.35962903e-01, -2.97857188e-02,  5.11925668e-02,
       -1.63297310e-01,  2.35393092e-01, -2.77170181e-01, -1.97957549e-02,
       -1.65555198e-02,  1.95550576e-01, -1.54832467e-01,  2.76806295e-01,
       -1.22392431e-01, -2.00972170e-01, -1.82691336e-01,  2.59217829e-01,
        1.16663806e-01, -2.79372603e-01, -1.38098374e-01,  1.05637662e-01,
        1.72904998e-01, -1.75042197e-01, -3.08836609e-01,  1.35504097e-01,
        6.18781485e-02,  1.64879113e-01, -8.49248096e-02,  1.12774596e-01,
       -1.58381149e-01,  5.64728193e-02, -2.82649249e-01, -2.64859855e-01,
        2.45345384e-01,  2.59801243e-02, -1.87733009e-01,  1.04396157e-01,
        3.61560397e-02,  1.13104269e-01, -2.82058418e-01, -3.12888294e-01,
       -1.46162689e-01, -2.45343074e-01,  6.08420745e-02, -3.82556729e-02,
        2.08510011e-01, -6.82052672e-02, -6.77348077e-02,  8.12430587e-03,
       -2.57229298e-01,  1.83227360e-01,  6.46823347e-02, -1.10898516e-04,
        2.05739751e-01, -6.39302954e-02, -1.27672881e-01,  2.85305142e-01,
        5.57649508e-02, -2.27444738e-01,  5.54848351e-02, -1.80176228e-01,
       -1.52096838e-01,  1.58923119e-01, -2.64482051e-01, -1.49754221e-02,
        8.81422386e-02, -2.35458672e-01, -2.39264034e-02,  1.50603816e-01,
       -2.19184697e-01,  1.36563435e-01, -2.32803389e-01,  2.53840834e-01,
       -1.45657985e-02,  4.85465899e-02,  3.01108927e-01, -1.26940012e-01,
       -2.16828376e-01,  1.50578156e-01, -1.57529950e-01,  1.15565889e-01,
        1.58046544e-01, -1.73654288e-01, -8.70784149e-02, -9.93874669e-02,
        2.02780679e-01, -2.21901640e-01, -2.87903160e-01,  2.38412365e-01,
       -7.18054995e-02, -2.49997094e-01,  2.90789813e-01, -1.73128638e-02,
        9.03282538e-02,  7.59715214e-02,  5.04875965e-02, -1.60569608e-01,
       -5.23741990e-02, -2.54826546e-01, -1.37208462e-01, -2.80475169e-01,
       -1.31935894e-01,  2.66373735e-02,  1.54727325e-01, -2.30187073e-01,
       -1.33306487e-03,  1.77554667e-01,  2.77238749e-02, -3.23774666e-01,
       -1.43041253e-01,  1.95793718e-01, -5.79470098e-02, -2.65211970e-01,
       -1.37194768e-01, -1.35838268e-02,  1.87960491e-01,  1.30216062e-01,
        1.12609528e-01, -2.66219407e-01, -3.19452107e-01,  2.55237430e-01,
        3.04221641e-02, -4.09758575e-02,  9.25956815e-02,  1.76194355e-01,
        1.52695745e-01, -8.80126432e-02, -8.09882674e-03, -2.31573001e-01,
       -2.36566849e-02,  3.03622067e-01, -2.32472613e-01,  1.52186558e-01,
       -3.10081035e-01,  2.38568366e-01, -2.98553884e-01, -8.19336176e-02,
       -2.37415865e-01,  2.68273741e-01, -1.24502145e-01, -1.63075522e-01,
        3.42862383e-02, -5.59747703e-02, -2.23016873e-01,  2.15051770e-01,
       -9.98571366e-02, -2.89888442e-01,  1.30341798e-01, -5.29151037e-02,
       -4.69752476e-02,  4.11321372e-02,  1.97068661e-01, -2.14871630e-01,
       -2.79166728e-01,  2.89622754e-01,  2.67157541e-03, -5.51709300e-03,
        1.44492030e-01, -2.38294765e-01,  6.53320402e-02,  2.63542116e-01,
        1.02191590e-01, -1.29457384e-01, -2.93514282e-02,  2.39558518e-01,
        2.16865689e-01,  2.32275203e-01,  1.60431311e-01,  5.69765307e-02,
       -9.95414779e-02,  2.34928564e-03,  7.31197223e-02,  4.13657315e-02,
       -1.05460346e-01,  5.18015064e-02, -1.67839006e-02,  3.82672809e-02,
        5.69876917e-02,  2.46588558e-01, -2.59487063e-01,  3.18699554e-02,
        1.06862865e-01, -2.29356036e-01,  7.57257938e-02, -1.45877957e-01,
       -7.21330196e-02, -2.66303807e-01,  1.75089672e-01, -3.59131880e-02,
       -2.35481694e-01,  1.05983958e-01,  2.22789845e-03,  2.64584422e-01,
        1.61182016e-01,  5.54060452e-02,  4.00399752e-02,  2.46651858e-01,
       -2.13720068e-01, -2.21261948e-01,  4.31202874e-02,  3.14488858e-01,
        1.08279087e-01,  2.17743561e-01, -9.91865098e-02, -1.54392168e-01,
       -2.29116082e-01, -2.33396649e-01,  2.52600033e-02,  2.58928984e-01,
        1.40975475e-01,  1.58916950e-01,  9.65716839e-02,  1.05679482e-02,
        2.52090573e-01,  1.48751900e-01, -6.18884433e-03,  9.70496703e-03,
        1.42705172e-01, -2.37315744e-01, -1.61085933e-01,  2.46881098e-01,
        2.41590858e-01, -1.88737482e-01,  2.46353135e-01,  9.80854128e-03,
        2.30026081e-01, -2.60188073e-01,  1.63643524e-01, -1.79632679e-01,
       -2.92506069e-01, -9.75072943e-03,  6.73704147e-02,  2.22582564e-01,
       -1.85421526e-01, -1.59016117e-01,  2.72278428e-01, -1.29340008e-01,
        2.68018357e-02,  1.00174338e-01,  2.99996585e-01,  5.23872972e-02,
        1.91149600e-02, -1.88263267e-01, -2.89085180e-01,  1.40958041e-01,
        2.67575622e-01,  1.32664874e-01, -1.38757572e-01,  6.89532980e-02],
      dtype=float32), 'decoder.fc.2.weight': array([[-0.03807278, -0.03205412,  0.01934497, ..., -0.03534205,
         0.01937241,  0.01057803],
       [ 0.03316456,  0.02787291,  0.03890081, ...,  0.01452901,
         0.03550907, -0.02709704],
       [ 0.0157022 ,  0.02792878, -0.00160012, ..., -0.02439658,
        -0.04772894, -0.02742793],
       ...,
       [-0.00775061, -0.00294289, -0.04014397, ..., -0.03197984,
         0.00086375, -0.00692505],
       [ 0.0203078 ,  0.02889794, -0.00952409, ..., -0.00323012,
         0.00650243,  0.02575916],
       [-0.00221407,  0.00806487, -0.0157682 , ..., -0.01597198,
        -0.0118837 ,  0.07640038]], dtype=float32), 'decoder.fc.2.bias': array([-0.00551902, -0.02049598, -0.03390494, ..., -0.04626404,
       -0.02794626,  0.0247168 ], dtype=float32), 'decoder.fc.4.weight': array([[ 0.0236574 , -0.02083306, -0.00291   , ...,  0.00373567,
         0.01314575,  0.01414811],
       [ 0.00810554,  0.00218971,  0.0108541 , ..., -0.00481321,
        -0.01716018, -0.00082902],
       [ 0.00866799,  0.01829275, -0.0105525 , ..., -0.00010529,
         0.04356141, -0.01656962],
       ...,
       [ 0.00794279, -0.01305716,  0.01236484, ...,  0.02071005,
         0.0349061 , -0.00798489],
       [ 0.0096925 ,  0.01887845, -0.00933842, ..., -0.01482066,
         0.01380752,  0.00900102],
       [-0.02146887,  0.00354908, -0.00495337, ..., -0.01004824,
         0.03604604, -0.01303039]], dtype=float32), 'decoder.fc.4.bias': array([-2.13135546e-03,  5.43278083e-03,  8.78648832e-03, -1.67546107e-03,
        1.59266160e-03,  1.13747856e-02,  8.09032097e-03,  3.00223082e-02,
       -2.46374533e-02, -9.33870487e-03,  1.27315242e-02,  2.92410105e-02,
       -1.30330585e-02, -2.29277182e-02, -6.31695054e-03,  7.14459969e-03,
        4.10540961e-02,  2.11909064e-03,  1.15260750e-03,  2.71261763e-03,
       -1.82528999e-02, -2.76815775e-03, -1.25244446e-02, -1.59479138e-02,
        5.17069688e-03,  1.34939831e-02, -8.85781553e-03, -2.51721591e-02,
       -2.57180948e-02, -6.95568684e-04, -2.24035382e-02,  8.41588248e-03,
       -4.05392516e-03, -1.66364759e-02,  2.56343763e-02,  1.65932365e-02,
       -2.62890700e-02, -2.74052117e-02, -5.84425265e-03,  3.65411071e-03,
        1.96327511e-02, -1.79064535e-02, -2.61083432e-03,  1.59455650e-02,
        1.13625107e-02, -8.37502908e-03,  1.86540734e-03, -9.84681770e-03,
       -1.24109478e-03, -2.77174748e-02,  1.25432648e-02,  6.47232588e-03,
        1.14911925e-02,  2.56282706e-02, -1.38837080e-02, -1.43401194e-02,
       -6.22534333e-03,  2.13923194e-02, -1.58433542e-02,  9.32030380e-03,
       -2.78789969e-03, -7.08878215e-04, -9.01461951e-03, -2.00059880e-02,
        1.83603968e-02, -2.94759287e-03, -1.39893927e-02,  1.84208155e-02,
       -9.66823660e-03, -2.14125160e-02, -2.11239886e-02,  5.50193945e-03,
        1.30919358e-02,  1.41588692e-02,  1.52818104e-02,  7.14926235e-03,
        6.08192477e-03, -1.76877510e-02, -9.36212204e-03, -2.32103304e-03,
        6.98227808e-03,  4.18660557e-03,  3.91942635e-03, -1.94238732e-03,
       -5.75919077e-03, -5.70787210e-03, -1.60543201e-03,  5.97882969e-03,
       -4.01421683e-03,  9.41467658e-03,  1.85815636e-02,  1.24135837e-02,
        8.03403184e-03, -1.23172160e-02, -1.89487077e-02,  2.96368487e-02,
        6.58295397e-03, -1.17765823e-02, -2.55383234e-02,  1.29865175e-02,
        7.04018446e-03, -1.89910550e-02, -1.15174018e-02, -5.14334813e-03,
        1.04267141e-02, -2.27479637e-02,  8.93516000e-03, -1.04945898e-02,
       -1.11983968e-02, -1.13695823e-02, -5.43134985e-03, -2.12639850e-02,
        1.60660651e-02,  1.46382023e-02, -7.08614849e-03,  6.95057726e-03,
       -2.81153875e-03,  1.62326097e-02,  1.83474533e-02,  5.22982888e-03,
       -1.00814300e-02,  8.75848811e-03, -1.52114872e-02, -8.31107423e-03,
       -7.03297602e-03, -2.62756436e-03, -8.45644251e-03, -1.01355631e-02,
        1.06243603e-03, -5.85469464e-03,  3.66973993e-03,  1.82844289e-02,
       -9.56991501e-03, -4.35253279e-03, -8.53584614e-03,  2.68433272e-04,
       -2.19462235e-02,  2.58745123e-02,  1.19215148e-02, -1.09435441e-02,
       -7.15001626e-03, -5.50466217e-03, -1.29543245e-02,  2.05417536e-02,
       -2.72344071e-02, -1.79390181e-02, -8.19350407e-03,  1.00433426e-02,
       -1.39130745e-03, -1.41307414e-02, -2.41120905e-02, -1.82673614e-03,
       -2.58777197e-02, -5.67475939e-03,  2.15443205e-02,  1.98161211e-02,
        1.07958633e-03,  1.99981313e-03, -3.98003869e-03,  4.19522356e-03,
       -5.63596189e-03,  7.81090558e-03,  2.55036484e-02, -2.18999647e-02,
       -5.12107834e-03, -3.96521855e-03,  6.84555480e-03, -1.74056329e-02,
        3.03426385e-02,  1.47466222e-02, -2.42219139e-02,  3.33547895e-03,
        1.23277828e-02, -1.79768596e-02,  1.77303087e-02, -2.01011896e-02,
        1.74827352e-02,  6.06766390e-03,  8.01056810e-03,  4.20791004e-03,
        5.45233488e-03, -3.28604062e-03, -1.50960898e-02,  3.50887980e-03,
       -2.36317720e-02, -2.39252020e-03,  2.96172258e-02, -1.54639818e-02,
        1.04027912e-02,  1.02631040e-02, -1.69938765e-02, -2.32632216e-02,
       -8.90284684e-03, -1.19930301e-02, -4.73765191e-03, -2.81833531e-03,
       -5.60195942e-04,  1.49151087e-02,  1.09265929e-04,  2.27243006e-02,
        2.33395528e-02,  2.18412746e-02, -2.15943597e-04,  5.97141869e-03,
        1.01593789e-02, -9.79486853e-03, -7.32061919e-03,  3.16139124e-02,
        1.73611809e-02,  1.46797774e-02, -1.00189471e-03,  3.30396146e-02,
       -2.10149530e-02,  4.07328550e-03,  3.76945618e-03,  2.03154795e-02,
       -7.00415636e-04, -7.50069972e-03, -2.18317453e-02,  1.29277585e-02,
       -1.54181644e-02, -9.75358766e-03,  1.33522497e-02, -1.80920642e-02,
        4.16853325e-03,  1.08483806e-02,  1.76533137e-03, -7.56196096e-04,
        4.45938529e-03,  1.32970810e-02,  1.18390229e-02, -1.47988740e-02,
       -1.44598559e-02, -2.63015106e-02,  6.13596407e-04, -1.82681661e-02,
        2.52332003e-03,  1.86629053e-02, -2.04470474e-02, -4.21297224e-03,
        3.92518053e-03,  2.00957227e-02,  9.99252498e-03,  2.00342443e-02,
       -1.92931760e-02,  2.52660513e-02,  9.10075102e-03,  1.05374372e-02,
        2.12773494e-02, -6.52831327e-03, -6.27325848e-03,  8.22577719e-03,
       -3.61645641e-03,  5.46556571e-03, -4.46837069e-03, -2.13312842e-02,
        4.82847029e-03, -7.91315269e-03, -3.75911337e-03,  3.20444107e-02,
       -1.43353939e-02,  1.57518480e-02,  2.91228760e-02,  1.02558164e-02,
       -1.68539584e-04,  1.19166402e-02, -8.60210694e-03,  1.71072688e-03,
        8.88369698e-03, -1.96109377e-02,  1.44229773e-02,  4.10055555e-03,
        8.57002800e-04,  1.28687182e-02, -1.56328250e-02, -8.71848874e-03,
        1.52330324e-02, -6.80605136e-03, -1.92539245e-02, -1.79228615e-02,
       -2.31439266e-02, -3.09520843e-03, -1.96626242e-02,  9.56522184e-04,
        3.18767573e-03,  8.50600936e-03, -1.53549500e-02,  1.09922690e-02,
       -1.70171559e-02, -2.29265299e-02,  4.13082447e-03, -1.74162968e-03,
        1.98190170e-03, -1.05246287e-02,  2.00224351e-02,  5.61215077e-03,
       -1.10476906e-03, -2.17439793e-02,  1.52346985e-02, -9.02029034e-03,
        1.31348465e-02,  2.26388010e-03, -2.49443222e-02, -2.66852956e-02,
       -1.27520859e-02, -1.92404408e-02, -9.77830775e-03, -2.31287163e-02,
        2.08056662e-02,  2.51756068e-02, -1.93920918e-02,  6.10475603e-04,
        9.84219805e-05, -7.24515179e-03, -2.74889749e-02, -9.59616061e-03,
        1.10442769e-02,  1.30618690e-02,  3.92635027e-03, -2.33638529e-02,
        7.38275296e-04,  3.25854379e-03, -9.13008954e-03,  4.48644301e-03,
       -2.17344742e-02,  2.47993562e-02,  1.47485593e-02, -5.01598045e-03,
       -1.90136787e-02, -6.08384330e-03, -7.22818170e-03, -1.85240852e-03,
       -1.69006735e-02, -2.54272725e-02,  4.40763589e-03, -2.59377575e-05,
       -2.33805180e-02, -6.64710626e-03,  6.29051239e-04,  2.80093611e-03,
        7.38576427e-03, -9.02553089e-03,  1.95571389e-02, -2.30840761e-02,
        2.81495545e-02,  5.28593920e-03, -1.97624788e-02,  6.92900410e-03,
        2.03891713e-02, -2.10802760e-02, -2.59787310e-02,  1.32529140e-02,
        1.19327372e-02, -1.97830573e-02,  2.92805433e-02,  2.31816098e-02,
       -2.73584668e-02,  2.61414405e-02, -2.51449700e-02, -1.84046850e-02,
       -1.28074903e-02,  2.85860505e-02,  3.40459831e-02, -2.19044033e-02,
        1.12830345e-02, -7.92395696e-03,  5.07016061e-03,  1.48439556e-02,
       -1.88315995e-02,  2.28652842e-02, -2.35456377e-02,  2.07768939e-02,
        2.63988134e-02, -1.59696396e-02,  8.20043031e-03,  1.15458062e-02,
        6.64020842e-03, -9.85656865e-03,  2.76140845e-03,  1.14754392e-02,
       -7.19959801e-03, -2.01502405e-02, -7.60324253e-03,  2.54691066e-03,
        5.39943576e-03,  1.42361624e-02, -1.29942438e-02, -1.37959300e-02,
        3.30407987e-03,  4.35875729e-03,  1.91552695e-02,  1.23041281e-02,
       -4.27968474e-03, -6.76929671e-03, -4.39238409e-03,  8.28311022e-04,
       -1.64247546e-02, -8.96336325e-03,  2.15357658e-03,  7.75110209e-03,
       -2.41532549e-02,  1.26529625e-02, -3.82836233e-03,  1.62480213e-02,
       -2.10244544e-02,  8.48499499e-03,  7.86946900e-03,  1.75839216e-02,
        5.81991440e-03,  1.80390589e-02, -1.15877381e-02,  1.49342678e-02,
       -1.72273181e-02, -1.39308888e-02,  1.69544164e-02,  7.12909410e-03,
        2.37455852e-02, -1.96433272e-02, -2.19553197e-03,  3.94984661e-03,
       -1.75960995e-02, -2.78513171e-02,  7.34788831e-03,  2.14418173e-02,
       -1.41370948e-02, -1.97555423e-02, -8.09312705e-03, -2.03735894e-03,
       -1.84585936e-02,  6.93444512e-04, -2.04932634e-02,  6.00064639e-03,
       -1.24770291e-02,  3.41585092e-02,  1.35875978e-02,  2.24798471e-02,
        1.26104150e-02, -2.76518259e-02, -1.20527847e-02,  1.01783164e-02,
       -1.28030879e-04, -2.11950624e-03, -1.88134611e-02,  3.67931160e-03,
        4.18583816e-03,  4.59685875e-03,  2.07309369e-02, -3.19997943e-03,
       -1.15233725e-02,  9.23176340e-05, -1.77138373e-02, -1.03345616e-02,
       -1.41951628e-02,  2.90681305e-03,  5.46788424e-03,  1.06069930e-02,
       -4.40193061e-03,  1.77165829e-02,  1.59942713e-02,  8.84105824e-03,
        2.52293572e-02,  1.17597803e-02,  2.88965497e-02,  5.50015364e-03,
        1.37155978e-02, -5.05212089e-03, -2.57412251e-02, -2.14373861e-02,
        2.02491619e-02,  1.94584541e-02,  1.25241075e-02,  1.07084261e-02,
        8.27600900e-03, -1.55217340e-02, -5.23137487e-03, -1.17039224e-02,
       -9.59135406e-03,  1.14181098e-02, -2.38082539e-02,  6.44593406e-03,
       -1.27697112e-02, -1.84289217e-02, -2.87868585e-02, -5.29878074e-03,
       -2.26303062e-04,  3.05351987e-02,  2.12812871e-02,  1.32297473e-02,
       -1.31736780e-02, -1.73595846e-02,  4.25448554e-04,  1.54251698e-02,
       -1.43167777e-02,  1.50675299e-02,  1.63024198e-02, -1.55196283e-02,
        1.53267784e-02, -2.80227233e-02, -2.06555706e-02,  5.11337863e-03],
      dtype=float32), 'decoder.fc.6.weight': array([[-0.0274447 ,  0.025813  , -0.02146844, ...,  0.09583879,
        -0.027807  , -0.0114128 ],
       [ 0.02843137, -0.03049661, -0.0346005 , ...,  0.04593933,
         0.01142574, -0.02130858],
       [-0.00412213, -0.02866565,  0.02057102, ..., -0.0389714 ,
         0.03381627,  0.01842147],
       ...,
       [ 0.02000144, -0.0386629 , -0.03365821, ..., -0.00614588,
         0.01352754,  0.01813549],
       [-0.00738219, -0.04791371, -0.02750847, ...,  0.01072678,
        -0.02659322,  0.0039128 ],
       [-0.03870734,  0.00606992,  0.0201776 , ..., -0.02632875,
         0.0066159 ,  0.04720656]], dtype=float32), 'decoder.fc.6.bias': array([ 0.01478142, -0.03544272,  0.01357552, ...,  0.01943242,
       -0.04876659,  0.05163147], dtype=float32)}
[Time: 29.01.25 14:58:18] [Level: info] [State: aggregate] {'encoder.fc.0.weight': array([[ 0.00187621, -0.01311996, -0.0103307 , ..., -0.00185881,
        -0.00658377,  0.00560086],
       [-0.00717916,  0.00371514,  0.00324291, ...,  0.00284063,
         0.00332984, -0.00662963],
       [-0.00271275,  0.0044164 ,  0.00276162, ...,  0.00476958,
        -0.00837596,  0.00313449],
       ...,
       [-0.00956897, -0.00858789,  0.00056182, ..., -0.01059708,
        -0.01010692, -0.0002388 ],
       [ 0.01140277, -0.0043953 ,  0.0139567 , ...,  0.00432583,
        -0.01084456,  0.00614132],
       [ 0.00078351, -0.00672756,  0.00572991, ..., -0.00056963,
        -0.00796135, -0.00359877]], dtype=float32), 'encoder.fc.0.bias': array([-2.13976204e-03, -1.31259933e-02,  7.94618297e-03,  2.80633266e-03,
       -1.02428056e-03, -1.39909796e-02, -3.02227191e-03, -1.03428178e-02,
       -1.58763072e-03, -1.32913999e-02, -1.32034849e-02,  7.87215540e-05,
        3.01190978e-03, -3.05671245e-03, -1.24269603e-02, -5.71795832e-03,
       -1.15731424e-02, -1.03674708e-02, -6.05262490e-03, -1.27525646e-02,
        4.72222408e-03,  2.37031607e-03, -6.99231308e-03, -2.39885412e-03,
       -1.16300266e-02, -5.79239754e-03,  1.32271077e-03, -5.55245951e-03,
       -9.58982017e-03, -8.67488910e-04, -1.83246599e-03, -2.04025605e-03,
       -8.03107955e-03, -1.22094583e-02, -1.79845095e-03,  4.94282600e-03,
       -7.04688812e-03, -9.74239875e-03, -6.93107443e-03, -1.30065513e-04,
       -1.12585956e-02, -4.32553980e-03,  1.72655296e-03, -7.77930347e-03,
       -3.41020222e-03,  1.08819436e-02, -1.39554171e-02, -4.84731048e-03,
       -1.57006029e-02,  1.44264370e-03, -1.18444422e-02, -1.25691565e-02,
        4.02825465e-03, -3.08152242e-03, -1.34104174e-02,  3.85301397e-03,
        8.78698286e-03, -1.18037155e-02,  4.84691607e-03,  7.44305027e-04,
       -1.14009315e-02, -1.06729893e-02, -1.77168765e-03,  3.66206607e-03,
       -3.64102423e-03, -1.31532755e-02, -5.77729801e-03, -1.38780493e-02,
       -1.17319915e-02, -5.46691380e-03, -6.46756217e-03, -8.48890748e-03,
       -6.14449196e-03,  4.21842968e-04, -5.86701743e-03,  1.44259044e-04,
       -7.44589418e-03, -1.05164237e-02, -6.75232243e-03, -9.66424122e-03,
       -8.09069537e-03, -1.31373340e-02,  7.82371964e-03, -6.32809801e-03,
        1.51564728e-03,  3.28335259e-03, -1.04376981e-02, -7.59198098e-03,
       -9.09348670e-03, -4.15619742e-03, -9.97449024e-05,  5.40781207e-03,
        2.88342894e-03, -9.75374784e-03, -1.46999247e-02,  1.33500639e-02,
       -2.25454476e-03, -2.95519968e-03,  2.91347504e-03,  1.21281454e-02,
       -4.35269065e-03,  4.47420496e-03,  9.42806771e-04, -4.30852547e-03,
        1.63795333e-03, -1.33046173e-02, -2.76644225e-03, -1.70217454e-02,
       -5.72935911e-03, -4.29752935e-03,  2.29668571e-03,  7.21015502e-04,
        2.98848678e-03,  5.34472335e-03, -7.72704463e-03, -4.19715326e-03,
        7.99134746e-03, -1.49073880e-02,  4.56210319e-03, -1.77161128e-03,
        2.20673531e-03,  7.16453511e-03, -6.46531954e-03, -8.93693697e-03,
       -1.02551458e-02,  1.91233382e-02,  3.29521974e-03, -6.39982149e-03,
       -4.10973374e-03, -6.64880965e-03,  2.17679376e-03, -5.83865261e-03,
       -1.10398363e-02, -3.75326665e-04, -5.67811774e-03, -4.80024982e-03,
       -8.03973246e-03,  3.31283989e-03, -5.47568407e-03, -9.36603919e-03,
        4.23331419e-03, -2.28070561e-03, -1.40736885e-02, -8.66793375e-03,
       -9.92220640e-03, -6.47518644e-03, -1.06543675e-03, -5.18211862e-03,
       -2.70357309e-03, -9.01124999e-03, -3.92713165e-03,  1.27902604e-03,
        2.84865592e-03, -7.65922014e-04,  6.10427174e-04, -1.76009648e-02,
       -1.23156188e-02, -4.87356074e-03,  1.01135913e-02, -1.34700900e-02,
        4.40594368e-03, -1.31478999e-03, -7.74490647e-03, -1.04266722e-02,
       -9.22839064e-03, -1.38534661e-02,  1.65050020e-04,  3.52734583e-04,
       -1.53757222e-02,  1.19624687e-02, -1.50654176e-02, -1.34496214e-02,
       -8.11902632e-04,  3.25516984e-03, -9.86257009e-03, -1.25346251e-03,
       -1.09577021e-02, -1.49640432e-02,  2.67149974e-03, -3.55981337e-03,
       -9.51138325e-03, -3.24068504e-04, -1.73104214e-04,  1.09595421e-03,
       -5.43806376e-03, -1.10686955e-03, -1.06738685e-02, -6.81252277e-04,
        2.20110454e-03, -7.59697752e-03, -4.28493181e-03, -1.97446649e-03,
       -1.25818746e-02, -8.62206612e-03, -6.12624735e-03,  4.26382245e-03,
       -4.49610845e-04, -8.13404936e-03, -3.06853745e-03,  8.39257054e-03,
        4.06601606e-03, -2.64374609e-03, -1.21070677e-03, -8.79412889e-03,
       -8.90997518e-03, -1.55723270e-03, -9.11580306e-03,  1.83975522e-03,
       -1.22154625e-02, -1.38910469e-02, -1.62601583e-02, -1.16410181e-02,
       -1.09165534e-02, -9.49461013e-03, -9.93459579e-03,  5.81626431e-04,
       -1.14155589e-02, -9.14936792e-03, -1.52282454e-02, -5.70877735e-03,
        6.65510539e-03, -8.01187102e-03, -1.82281889e-03, -1.41154975e-03,
        4.42873267e-03,  1.14817470e-02, -1.63613621e-03, -8.93061049e-03,
       -1.03864009e-02, -6.54116692e-03, -5.97616564e-03, -6.43486017e-03,
       -5.61463786e-03, -1.50661850e-02, -1.25405323e-02, -8.63364153e-03,
       -2.82171671e-03, -7.24616181e-03, -7.50461407e-03, -1.21056056e-02,
       -9.05716605e-03, -2.17940379e-03, -1.11847883e-02, -9.28651658e-04,
       -2.79925158e-03, -4.88193124e-04, -4.12788708e-03, -1.04156062e-02,
       -3.35028186e-03, -2.40486418e-03,  5.64025191e-04, -1.51695358e-02,
       -9.35212243e-03, -5.77438739e-04, -1.02538774e-02, -1.81307364e-03,
        3.33764497e-03, -7.97022507e-03, -4.11453564e-03, -1.57903286e-03,
       -9.20372084e-03, -1.42434915e-03, -1.72645301e-02, -1.13257980e-02,
        1.42692705e-03,  3.21241701e-03, -1.37555292e-02, -3.95830953e-03,
       -1.00914268e-02, -4.04200936e-03, -1.02245267e-02, -4.34168847e-04,
       -2.29061022e-03, -7.95214623e-03, -1.08521106e-02, -3.31438670e-04,
       -7.74268876e-04, -1.26651693e-02, -8.61368328e-03,  1.19485427e-04,
       -1.05596902e-02, -1.59186814e-02,  1.22600915e-02, -1.29382592e-03,
       -9.08126094e-05, -3.39764194e-03,  4.04117629e-03, -1.03096440e-02,
        2.15519080e-03,  1.70625770e-03,  2.35689664e-03, -1.38759231e-02,
       -1.09001677e-02,  9.24006628e-04, -6.09187922e-03,  2.32577929e-03,
       -1.14211105e-02,  6.07441296e-04, -6.08391128e-04, -1.53387263e-02,
       -1.20550196e-03, -7.76328146e-03, -1.46638136e-02, -1.62687153e-02,
       -7.46770808e-03, -4.34281304e-03, -1.35942474e-02, -1.41298668e-02,
        4.41429298e-03, -2.94031249e-03,  5.92408888e-03, -1.25239287e-02,
       -5.27477590e-03, -1.28433602e-02, -6.76743081e-03, -7.80877378e-03,
       -4.07443941e-03, -4.20673954e-04, -1.02665806e-02, -1.46352863e-02,
       -4.55096178e-03,  3.26079200e-03, -9.82418936e-03,  1.78968883e-04,
       -7.64591387e-03, -3.12712183e-03, -1.42756309e-02, -1.28542641e-02,
       -2.26588827e-03,  8.96063820e-03, -1.25426790e-02, -1.16390456e-02,
       -3.28045781e-03, -3.91527731e-03, -1.82574876e-02, -1.15317311e-02,
       -4.52959724e-03, -7.44479150e-03,  1.03569655e-02, -3.93442763e-03,
        3.06564081e-03, -7.92340562e-03, -1.57315552e-03, -8.39171745e-03,
       -1.62894651e-02, -1.59312766e-02, -2.96183722e-03, -3.23167187e-03,
       -7.99889676e-03, -8.91459826e-03, -1.17940838e-02,  6.28016703e-03,
       -1.08925784e-02, -3.70581378e-03, -2.52073212e-03, -6.83433004e-03,
       -1.02158152e-02,  3.48464539e-03, -3.60439881e-03, -1.64960721e-03,
        6.75428328e-06, -3.13458964e-03, -5.05283196e-03, -4.12755739e-03,
       -1.04859443e-02, -7.68636120e-03, -1.37276305e-02, -7.11606303e-03,
       -5.51421242e-03, -2.40975968e-03, -9.47676133e-03,  1.20697054e-03,
       -6.98959362e-03,  4.21514176e-03, -1.07691949e-02,  2.13501183e-03,
       -1.25720976e-02, -9.24179144e-03,  1.75914355e-03, -1.21484138e-02,
       -2.09812680e-03, -1.58010225e-03,  1.40213151e-03,  1.33232900e-03,
       -1.16048176e-02, -2.90204841e-03, -1.83813891e-03,  1.44405719e-02,
        7.93372560e-03, -1.67170614e-02,  1.01766428e-02, -4.46226308e-03,
       -9.76227783e-03, -1.10151013e-02, -1.42159490e-02,  4.62827599e-03,
       -1.29134220e-03, -1.61055978e-02, -5.52502880e-03, -6.11074269e-03,
       -5.75618446e-03, -1.30176963e-02, -7.13514257e-03, -7.29552098e-03,
       -5.71941817e-03, -1.71916466e-03, -1.12748705e-03,  4.69536707e-03,
        2.09398498e-03, -1.10549014e-02,  4.46122489e-04,  8.56434286e-04,
       -5.54534281e-03, -5.94464736e-03, -7.70050567e-03, -5.64340875e-03,
       -3.48377763e-03, -6.91854628e-03, -5.45479171e-03, -2.00466998e-03,
       -1.34431943e-02, -7.24023674e-03, -3.80226690e-03, -2.11540423e-03,
        2.91488832e-03, -7.99640268e-03, -3.28073301e-03, -1.18028987e-02,
       -1.63830852e-03, -1.54990312e-02,  3.28252581e-03,  2.13108165e-03,
       -1.70577678e-03,  3.00965970e-03, -3.96119989e-03,  4.33273939e-03,
       -4.98606684e-03,  7.97670987e-03, -8.44688714e-03, -3.26221430e-04,
       -1.08478693e-02,  3.73777839e-05,  7.70817336e-04, -1.83004066e-02,
       -1.79584753e-02, -6.28780061e-03, -1.51994517e-02, -8.07169452e-03,
       -1.61814746e-02, -4.94097313e-03, -1.48401111e-02, -1.46795558e-02,
       -1.91575550e-02, -1.60029880e-03,  1.51703061e-05, -1.35482876e-02,
        3.93197127e-03, -8.37921072e-03,  1.71154202e-03, -1.60666765e-03,
       -1.58101320e-02,  7.88818020e-03, -1.00753605e-02,  1.87519612e-03,
       -1.55885835e-04,  6.60164049e-03, -1.34024341e-02, -1.07435454e-02,
       -3.07237823e-03, -9.76151973e-03,  3.55524942e-03, -1.30898897e-02,
       -1.57643873e-02, -1.21462084e-02,  7.23566394e-03, -2.73144315e-03,
       -1.33434066e-03, -2.48029619e-03, -9.64302476e-03,  2.19975389e-03,
        4.03467752e-03, -4.82926471e-03,  4.08010557e-03, -1.52828898e-02,
       -1.42405834e-02, -1.13865742e-02, -6.85784454e-03, -6.74701296e-03,
        3.34280846e-03, -1.27167860e-02, -1.17465481e-02, -1.38422837e-02,
        5.91085700e-04, -1.18809519e-02, -1.13938004e-02, -6.55800942e-03,
       -1.09215211e-02,  2.32336367e-03,  3.39170289e-03, -4.16816631e-03],
      dtype=float32), 'encoder.fc.2.weight': array([[-0.04793265,  0.01466882,  0.03013741, ..., -0.0004853 ,
        -0.03673447, -0.00342854],
       [ 0.00476162, -0.01215586, -0.04013319, ..., -0.00485398,
        -0.03205755, -0.04886118],
       [-0.01776095,  0.04066451, -0.03346187, ...,  0.04831851,
        -0.03093117,  0.02433207],
       ...,
       [ 0.01193332, -0.0483794 , -0.04321717, ...,  0.02058471,
        -0.00877036, -0.03322471],
       [ 0.00432181, -0.04962379,  0.01876954, ..., -0.02362723,
        -0.02506243, -0.02232762],
       [-0.03184056, -0.00318618, -0.03969336, ..., -0.00157462,
        -0.00888678, -0.007589  ]], dtype=float32), 'encoder.fc.2.bias': array([ 0.03825669, -0.02926228,  0.04791006, ..., -0.00805047,
       -0.03306308, -0.02224772], dtype=float32), 'encoder.fc.4.weight': array([[-0.01846073,  0.0057347 , -0.0070213 , ...,  0.00967337,
         0.00477473, -0.02172846],
       [ 0.01655649,  0.02466153,  0.01522205, ..., -0.022224  ,
        -0.00129284, -0.0017814 ],
       [-0.01904313,  0.00699401,  0.02676623, ..., -0.00251134,
        -0.00787399,  0.00718078],
       ...,
       [-0.01684176, -0.00524902, -0.0042906 , ..., -0.00796021,
         0.01249942,  0.01895214],
       [-0.01330292, -0.00207069,  0.02167614, ..., -0.00763313,
        -0.02201858, -0.00227961],
       [ 0.00266798,  0.00652602, -0.03082079, ..., -0.02187137,
        -0.01177465,  0.00802611]], dtype=float32), 'encoder.fc.4.bias': array([-2.51669716e-02, -3.95262195e-03, -2.74664164e-03, -1.53205357e-02,
       -1.09291775e-03,  3.21858702e-03,  1.38825495e-02, -2.32850779e-02,
       -1.54689578e-02, -2.40456648e-02, -1.92950722e-02,  6.77803950e-03,
       -7.07557006e-03, -2.68770345e-02, -9.74332448e-03, -1.24163125e-02,
       -2.64557879e-02, -1.19404225e-02, -2.39604693e-02, -1.93935670e-02,
       -4.53100773e-03, -1.26719626e-03, -2.30702721e-02, -2.31336318e-02,
       -2.66261119e-02, -1.81727372e-02, -9.75312106e-03,  1.48082227e-02,
       -9.56903398e-03, -1.13890106e-02, -1.16156321e-02,  2.17905641e-02,
       -2.82126926e-02, -2.63998844e-03, -3.70719680e-03,  6.11969503e-03,
        1.20966518e-02,  1.00630969e-02, -1.62254665e-02, -2.60424893e-02,
       -1.78778786e-02, -1.68440361e-02,  1.68753751e-02, -2.77170856e-02,
       -5.14071528e-03, -2.39045685e-03, -2.35537323e-03,  6.78198086e-03,
       -7.90313538e-03,  1.81132276e-02,  5.22757648e-03,  5.65243373e-03,
       -1.57767963e-02,  1.42101916e-02, -1.75093897e-02, -1.14080617e-02,
       -2.87887757e-03, -2.35877838e-03, -9.84619372e-03, -6.81441464e-03,
        3.08977836e-03, -2.04038247e-02,  7.34098908e-03, -7.45474221e-03,
        6.75326632e-03,  1.14920335e-02, -5.60106989e-03,  1.12158339e-02,
       -2.00975016e-02, -4.61376924e-03, -1.63567960e-02, -5.90715185e-03,
        5.36041195e-03, -6.64633932e-03,  1.73802208e-02, -2.03271490e-03,
        5.10757556e-03, -9.65922140e-03, -2.33666617e-02, -2.28449497e-02,
       -1.54675338e-02,  2.57127006e-02,  1.45866871e-02, -2.36926810e-03,
       -1.65412538e-02,  5.80590963e-03,  2.61541968e-03,  9.02980755e-05,
        1.42533146e-02, -1.48309311e-02,  9.64356400e-03, -1.88333541e-02,
        1.71802531e-04,  1.77853797e-02, -1.03286728e-02, -2.38212664e-02,
       -7.21645262e-03,  6.96591288e-03,  4.08711936e-03, -2.48898584e-02,
       -5.93643729e-03, -6.41144905e-03, -2.68848389e-02,  5.74656483e-03,
        3.01851537e-02,  2.43103295e-03, -2.43976712e-02, -7.79069681e-03,
       -1.40320994e-02, -2.06536986e-02, -1.14599597e-02,  2.58751353e-03,
        1.04398923e-02,  1.24760848e-02,  8.41671252e-04, -1.66218542e-02,
        2.80275149e-03, -1.16259827e-04, -1.04376748e-02, -1.20123038e-02,
        1.34249261e-04,  6.87192427e-03,  5.94528718e-03,  1.49550838e-02,
        7.18026888e-04, -7.25267455e-03, -5.68101229e-03,  1.37897274e-02,
       -2.72525530e-02,  9.89359803e-04, -2.41670497e-02,  1.82036143e-02,
       -6.61196327e-03, -2.27642413e-02, -5.38565917e-04,  5.07936347e-03,
        1.28988759e-03,  9.99091100e-03, -1.54576870e-02, -2.27421541e-02,
       -2.35848017e-02,  7.83822965e-03,  1.04769627e-02,  1.18453037e-02,
       -8.01825803e-03, -5.87773370e-03, -4.81985044e-04,  1.25605874e-02,
       -1.62717011e-02, -1.41851343e-02, -7.52216019e-03, -1.41894603e-02,
        1.87074451e-03,  7.65492953e-03,  1.91063713e-03,  1.40135922e-02,
       -1.70552749e-02, -1.13287393e-03, -1.60812084e-02, -1.88287236e-02,
        9.41233430e-03,  1.33025926e-02,  5.72434021e-03, -1.19283528e-03,
        9.64412745e-03, -9.48712579e-04, -3.26709147e-03,  2.07956843e-02,
       -2.36296542e-02, -8.19170498e-04, -2.01010853e-02,  5.67973265e-03,
       -1.59306601e-02, -2.83933878e-02,  4.77289502e-03, -1.14235571e-02,
       -1.74557790e-02, -1.91342011e-02, -1.70483012e-02,  1.47244558e-02,
       -1.27794025e-02, -2.18343921e-02,  1.25429686e-02,  1.66725069e-02,
       -2.18768185e-03,  2.55289581e-03,  2.17907615e-02,  5.19114360e-03,
       -1.32444911e-02,  9.25719552e-03,  6.56649657e-03, -2.10305862e-03,
       -7.49271270e-03, -5.01783565e-03, -1.44271611e-03, -4.68184799e-03,
       -2.94548948e-03,  8.23179609e-04, -2.34439597e-02, -2.36593187e-03,
       -2.09689122e-02, -8.51048529e-03, -1.39183784e-02, -1.50643894e-02,
       -1.53779322e-02,  1.46679040e-02,  7.37269968e-03, -1.10959671e-02,
       -1.24166952e-03, -2.55592056e-02, -1.18085044e-02, -1.59671325e-02,
       -2.71430966e-02, -1.66453961e-02,  2.30922853e-03, -6.39446033e-03,
        4.60064271e-03, -1.54410591e-02, -3.30611691e-03, -5.74456993e-04,
        1.13776736e-02,  1.48433670e-02, -2.68793330e-02,  4.97435336e-04,
        1.25372577e-02, -2.41610128e-02, -1.82412155e-02,  8.86780676e-03,
       -8.34715553e-03,  5.56942495e-03,  8.71362817e-03, -3.80248949e-03,
        1.41087221e-02, -2.69574928e-03, -1.18702219e-03,  7.22555257e-03,
        1.08703496e-02, -1.63546428e-02, -3.38901370e-03, -1.90407857e-02,
       -1.77654419e-02, -4.20107710e-04,  5.34293661e-03,  4.02718782e-03,
       -2.39630248e-02,  6.13829307e-03, -2.77053285e-02,  1.21755470e-02,
       -3.26533336e-03, -1.85167231e-02, -1.67556107e-02,  1.30823813e-02,
       -1.15323979e-02,  1.45080304e-02, -2.62673348e-02, -4.88402741e-03,
       -2.89392681e-03, -1.57777052e-02, -7.44791143e-03,  4.27203532e-03,
        1.02063734e-02,  1.21397234e-03,  4.47286526e-03, -7.82156363e-03,
        5.20159537e-03,  1.23699419e-02, -8.69943574e-03, -1.09963529e-02,
       -1.15330117e-02, -2.12630611e-02,  7.69396452e-03,  1.33064929e-02,
       -1.47612216e-02, -4.98398067e-03,  2.96729524e-03, -2.70378999e-02,
       -2.55777780e-03, -2.44381838e-02, -1.72443315e-02,  2.07553040e-02,
        1.07126869e-02, -7.53130391e-03,  4.18821909e-03,  1.19459769e-02,
        1.88367604e-03,  1.33565944e-02,  1.44087877e-02,  7.18092592e-03,
       -2.07622740e-02,  2.31232191e-03, -1.05707254e-02,  3.42098973e-03,
       -5.04939537e-03, -2.52110455e-02, -5.36184350e-04, -2.78153792e-02,
       -1.96988718e-03, -6.54696580e-03, -1.82564221e-02, -2.13094018e-02,
       -2.58870739e-02,  1.34475846e-02, -2.77983714e-02,  2.14699144e-03,
        1.66414697e-02,  3.73729796e-04, -2.55644806e-02, -1.17362309e-02,
        8.12071376e-03, -7.51195522e-03,  4.56665270e-03,  1.38390930e-02,
       -6.13862369e-03,  1.71903335e-02, -1.69283208e-02, -2.24314313e-02,
        1.35625992e-02,  1.15272880e-03, -1.83982588e-02,  3.81039099e-05,
       -5.24510490e-03, -1.27924150e-02, -2.61641908e-02, -1.46137374e-02,
       -1.46543290e-02,  1.71037782e-02,  1.61163192e-02, -8.21907166e-03,
        7.64811179e-04, -7.87600502e-03, -1.34230163e-02, -7.00354856e-03,
        1.31859351e-02,  2.35927175e-03, -3.08780535e-03, -1.31921526e-02,
        1.16970800e-02, -6.74972031e-03, -1.29263327e-02, -2.86926958e-03,
        4.78457054e-03,  1.13623207e-02, -1.49400318e-02,  5.46758948e-03,
        5.42040961e-03,  1.97281688e-02,  3.78858647e-03,  1.01659365e-03,
        3.79269407e-03,  3.83723085e-03, -4.58767579e-04, -4.46328055e-03,
       -1.83916651e-03, -2.74971710e-03, -2.63763890e-02, -1.12609025e-02,
        5.99360187e-03, -4.57762228e-03, -1.96171086e-02,  1.37421011e-03,
       -1.06588500e-02, -1.04336133e-02,  1.90370670e-03,  1.56108523e-02,
       -1.67163201e-02,  1.34208668e-02, -2.09114347e-02, -1.98272280e-02,
        8.91201850e-03, -3.19610524e-04, -9.77296941e-03,  2.17357390e-02,
       -4.28451411e-03,  3.45375133e-03,  1.27001721e-02,  3.34595121e-03,
       -1.72471385e-02, -8.19114130e-03,  9.54274647e-03, -2.60747946e-03,
        1.17972214e-02,  9.81638394e-03,  1.12322206e-02, -1.07167929e-03,
        3.47662368e-03, -2.53834538e-02, -2.54170913e-02, -6.60544774e-03,
       -1.42048178e-02, -1.05643820e-03, -5.61275799e-03, -6.66102068e-03,
       -1.06625967e-02, -4.93666623e-03,  1.11681633e-02, -2.33069193e-02,
        2.53228913e-03,  1.22230714e-02,  8.52288213e-03, -6.14598277e-04,
       -1.22038443e-02,  1.69262979e-02, -1.39260693e-02,  1.23073021e-02,
        3.81546491e-03,  3.70669970e-03,  9.27005988e-03, -1.57702807e-02,
       -2.35629212e-02,  9.60324518e-03, -2.49927863e-02,  1.31643414e-02,
        8.22085328e-03,  6.43694191e-04, -2.18194742e-02,  8.59143864e-03,
        1.26769394e-02, -1.01050045e-02, -9.86394193e-03,  2.17555976e-03,
        1.72366705e-02,  2.84087844e-03,  1.29556814e-02,  8.32781103e-03,
       -1.29478518e-02, -5.32475952e-03,  2.19618832e-03,  1.17706240e-03,
       -1.45576978e-02, -6.30278187e-03, -1.68477297e-02,  4.67328401e-03,
       -1.87031422e-02,  9.66492947e-03, -8.50623182e-04, -8.74044746e-03,
        6.45687059e-03,  6.48304471e-04, -2.44633351e-02,  1.89306535e-04,
        8.42463039e-03,  1.40783982e-02, -1.88406184e-02,  9.58285946e-03,
       -7.62151740e-03, -2.78710318e-03, -1.92903392e-02,  7.51493312e-03,
       -7.16071902e-03, -1.21212015e-02,  1.37837492e-02,  2.18841638e-02,
       -3.82463099e-03, -1.26537923e-02,  9.20459535e-03,  1.33532649e-02,
        8.36740434e-03,  1.54148061e-02,  3.56777717e-04,  1.23445978e-02,
       -4.83424496e-03, -4.62649064e-03, -1.57843214e-02,  1.26992147e-02,
        6.44935528e-04, -2.26101722e-03, -2.52087917e-02,  7.19836820e-03,
        1.21977320e-02,  1.20462822e-02, -1.41723389e-02,  9.53101087e-03,
        1.16283856e-02,  1.27138253e-02,  1.57572925e-02, -3.82978958e-03,
        1.93245197e-03,  1.04342420e-02, -2.10497212e-02, -6.57677185e-03,
       -1.89988390e-02, -1.75602566e-02,  9.30528715e-03, -1.40007185e-02,
        4.83308826e-03, -5.49370609e-03,  1.06708221e-02, -4.06789174e-03,
       -7.72065076e-04, -1.62754604e-03,  1.28418775e-02,  2.88550975e-03,
       -3.33844009e-03,  1.10850045e-02,  1.85687025e-03, -2.26342189e-03,
        7.70918268e-04,  8.38479586e-03,  1.49884447e-02,  2.39801407e-02],
      dtype=float32), 'encoder.fc.6.weight': array([[-0.01752664,  0.01205175,  0.03551524, ...,  0.01346275,
         0.02348123, -0.02477819],
       [ 0.0317502 , -0.02614224,  0.00834679, ...,  0.03892181,
        -0.02095656,  0.02473404],
       [-0.02305527,  0.04414448,  0.04008345, ...,  0.00893447,
        -0.01425599,  0.03633338],
       ...,
       [-0.00143308,  0.02959279,  0.00439567, ..., -0.01807508,
         0.00184595,  0.03740741],
       [-0.03607721,  0.01936679, -0.02131265, ..., -0.04452039,
         0.02727222,  0.01844752],
       [-0.03771875,  0.04252222, -0.00089265, ..., -0.0036288 ,
         0.0226731 , -0.01008912]], dtype=float32), 'encoder.fc.6.bias': array([-0.00097846,  0.02766698, -0.01493124,  0.04565344,  0.03787134,
       -0.02446361, -0.01852468, -0.03084357,  0.03922625,  0.00940656],
      dtype=float32), 'decoder.fc.0.weight': array([[ 0.03754158,  0.2033965 ,  0.04429271, ...,  0.09090032,
         0.20247608, -0.20871939],
       [-0.17110574,  0.03859519, -0.2082959 , ..., -0.04898566,
         0.09812415, -0.13678364],
       [ 0.21970975,  0.1323084 ,  0.2038782 , ...,  0.33330894,
        -0.15657522,  0.08649213],
       ...,
       [-0.256117  ,  0.18157974, -0.28490815, ...,  0.16128077,
        -0.25980172,  0.306912  ],
       [-0.20821616, -0.27819055, -0.09095611, ...,  0.13293257,
         0.11965011, -0.2631391 ],
       [ 0.06637096,  0.29433632,  0.1173435 , ...,  0.2129518 ,
        -0.11284766,  0.0689572 ]], dtype=float32), 'decoder.fc.0.bias': array([-2.23376855e-01,  1.83530048e-01,  2.60610171e-02, -2.52431244e-01,
       -2.93589711e-01, -1.81759581e-01, -3.55088301e-02, -1.86661243e-01,
        1.09249763e-01, -1.79362118e-01,  1.09353274e-01,  4.17319387e-02,
        3.02878797e-01, -2.42555365e-01,  7.98389167e-02, -2.72282451e-01,
        3.72686535e-02,  2.02504814e-01, -3.22766118e-02, -2.79619664e-01,
       -9.77511331e-02,  2.63248116e-01, -7.21069127e-02, -1.71416104e-01,
       -2.55921185e-01, -2.61554122e-01, -8.91386643e-02, -8.52967873e-02,
        3.14162284e-01, -3.16211544e-02,  2.13319972e-01,  9.16705504e-02,
        7.11884350e-02, -2.53664590e-02, -2.02244166e-02, -1.50816545e-01,
        3.51907089e-02, -2.11398050e-01, -1.38930842e-01, -5.33438176e-02,
        1.89277440e-01, -1.89874649e-01,  1.88688859e-01,  3.08453202e-01,
       -2.66330332e-01, -2.09989876e-01,  1.08783171e-01, -1.64906695e-01,
        1.93871707e-01, -1.03185242e-02,  2.83082068e-01, -2.13997334e-01,
       -1.92261457e-01,  6.62449468e-03,  2.69894630e-01,  2.29212582e-01,
        2.80505687e-01, -9.33883116e-02,  3.74482349e-02,  2.78730243e-01,
        3.87114882e-02,  2.04019487e-01,  1.95401698e-01, -4.74641146e-03,
        3.13517958e-01, -2.07085013e-01, -3.99733186e-02, -5.78934774e-02,
        1.50553122e-01,  4.47944440e-02,  8.03726632e-03, -1.00634895e-01,
       -9.64936838e-02, -7.39732236e-02,  8.93680379e-02, -5.61691336e-02,
       -7.01973960e-02,  2.66459882e-01, -1.92268431e-01, -4.12185900e-02,
       -1.39627725e-01, -2.75999039e-01,  2.25167364e-01, -2.68656779e-02,
        2.55420744e-01,  2.34458931e-02,  1.88855946e-01, -2.58742720e-01,
       -1.56300552e-02,  2.45226651e-01,  1.07238904e-01,  2.87220210e-01,
       -3.11420977e-01, -2.61159404e-03, -2.91280419e-01, -1.78037450e-01,
       -1.00144766e-01,  1.18897170e-01, -7.87666813e-03,  1.88829958e-01,
        3.05701762e-01, -1.12812579e-01, -1.46922112e-01, -1.10994324e-01,
        6.82299770e-03,  2.57196993e-01,  1.73329338e-01,  2.64962584e-01,
        1.07094944e-01,  2.39553615e-01,  3.51063125e-02,  6.30118996e-02,
        3.16583037e-01, -8.28178003e-02, -1.53816164e-01, -2.16243804e-01,
       -1.39037311e-01,  1.60504639e-01,  3.20857652e-02, -3.17324162e-01,
        4.76403274e-02, -1.77612409e-01, -2.42750809e-01, -1.60373285e-01,
       -6.53920844e-02,  1.26488078e-02,  2.08898678e-01, -3.01225986e-02,
       -1.72348559e-01,  1.08966723e-01, -7.41461068e-02, -6.33202419e-02,
        3.10955375e-01,  4.65351790e-02,  2.49694109e-01, -2.46321186e-02,
       -1.35652587e-01, -2.85436481e-01,  3.74866426e-02, -3.17538351e-01,
       -4.80172820e-02, -2.68004239e-01,  2.21333951e-01, -1.11269534e-01,
        1.82223186e-01, -9.03956071e-02,  6.00114875e-02, -6.79263240e-03,
       -1.74289107e-01,  2.32078850e-01,  2.11303160e-01,  1.51645765e-01,
       -1.25923336e-01,  5.27821071e-02,  8.20969269e-02, -2.08148420e-01,
        1.90666746e-02,  2.46924087e-01,  1.52544245e-01, -2.64887959e-01,
       -2.39991367e-01, -2.03558341e-01,  1.20301038e-01, -2.71641556e-02,
       -2.73660183e-01,  2.08892941e-01,  2.31807068e-01, -4.25562188e-02,
        3.02719980e-01,  2.57035077e-01,  2.67059177e-01, -1.97545275e-01,
        5.39335050e-02,  1.36822537e-01, -2.55610526e-01,  7.85842538e-02,
        2.64358252e-01, -2.57705271e-01, -1.46996960e-01,  3.09525639e-01,
       -1.76889390e-01, -2.33169079e-01, -2.00651228e-01, -3.06187779e-01,
       -1.36641458e-01,  1.20946325e-01,  2.49410644e-01,  1.56363010e-01,
       -1.30874887e-01, -1.72655433e-01, -6.77081645e-02,  6.47236547e-03,
       -1.24560304e-01, -2.60627180e-01,  2.60099974e-02,  2.58144706e-01,
        2.70005465e-01,  2.30564982e-01, -3.56356539e-02, -2.45637611e-01,
       -2.98198134e-01,  1.95176214e-01, -2.96797514e-01,  1.95947856e-01,
       -1.35109317e-03,  1.31196916e-01, -5.99077158e-02, -1.42968893e-01,
       -1.92442253e-01,  8.17904174e-02,  2.83775836e-01,  3.11285853e-01,
       -1.62934184e-01, -2.71000683e-01, -4.98719290e-02,  1.62460491e-01,
        1.11137196e-01,  1.78305864e-01, -1.71087965e-01, -7.97160864e-02,
        1.10467516e-01,  1.73057929e-01,  2.81802773e-01, -7.36499280e-02,
       -7.70440102e-02, -1.80306695e-02, -2.66502537e-02,  7.01780319e-02,
        1.92083091e-01, -3.05233687e-01,  1.29968775e-02, -1.07429914e-01,
       -1.26546800e-01,  3.01711839e-02,  3.09749842e-01, -2.39283904e-01,
        2.72173047e-01, -2.71591898e-02,  8.86131972e-02,  8.23507607e-02,
       -2.66243458e-01, -5.26770055e-02,  9.51381028e-02,  6.05196983e-04,
       -7.21334293e-02,  1.89733684e-01,  5.98268285e-02,  3.21171656e-02,
        1.08056560e-01, -5.27457707e-02,  6.02674708e-02, -2.91537702e-01,
       -2.02645868e-01,  1.48404330e-01, -1.50557607e-02,  5.61722927e-02,
       -1.22213021e-01,  2.43963838e-01, -2.89915800e-01, -7.48504400e-02,
       -1.92996971e-02,  1.92434505e-01, -1.42277345e-01,  2.93188095e-01,
       -8.39873403e-02, -2.35677063e-01, -1.77668795e-01,  2.59279728e-01,
        1.55074880e-01, -2.70692140e-01, -1.45057261e-01,  1.25405520e-01,
        1.85660437e-01, -1.89960837e-01, -3.34609151e-01,  1.34198919e-01,
        2.87709255e-02,  1.50468081e-01, -6.69948831e-02,  1.10212617e-01,
       -1.56402424e-01,  5.54921553e-02, -2.84618258e-01, -2.74705887e-01,
        2.44470030e-01,  3.06283534e-02, -1.85996145e-01,  7.76186734e-02,
        4.23627459e-02,  1.03619620e-01, -2.45760426e-01, -3.12867731e-01,
       -1.62470102e-01, -2.45515838e-01,  5.50754108e-02, -1.00283669e-02,
        2.26865515e-01, -5.43417968e-02, -1.19919166e-01,  3.72290309e-03,
       -2.83962876e-01,  1.93762317e-01,  7.69355297e-02,  1.12433154e-02,
        2.10846499e-01, -2.59114653e-02, -1.23482108e-01,  3.03579301e-01,
        6.33870661e-02, -2.20358402e-01,  6.02234714e-02, -1.77317977e-01,
       -1.54777735e-01,  1.51093990e-01, -2.42043585e-01, -4.72865775e-02,
        8.22677761e-02, -2.40918323e-01, -2.36310158e-03,  1.59628078e-01,
       -2.05866352e-01,  1.43498227e-01, -2.49652639e-01,  2.55694687e-01,
       -3.30904722e-02,  5.12427390e-02,  2.99666226e-01, -1.59082770e-01,
       -2.11751252e-01,  1.74051255e-01, -1.42673075e-01,  1.23719253e-01,
        1.63325056e-01, -1.53185591e-01, -6.90778717e-02, -1.30395561e-01,
        1.98789060e-01, -1.95977136e-01, -2.77791291e-01,  2.41053626e-01,
       -5.01609854e-02, -2.38868982e-01,  2.92908758e-01, -2.89960336e-02,
        7.43733346e-02,  7.22572803e-02,  5.94498217e-02, -1.04473211e-01,
       -4.70226211e-03, -2.47504950e-01, -1.23460546e-01, -2.88193107e-01,
       -1.08366638e-01,  1.66289080e-02,  1.59883559e-01, -2.42464483e-01,
        4.91919974e-03,  1.80985034e-01,  4.88506630e-05, -3.10560048e-01,
       -1.46112710e-01,  1.86939612e-01, -3.64395864e-02, -2.29085192e-01,
       -1.56559557e-01,  3.12233623e-03,  1.86018839e-01,  1.36116534e-01,
        7.92276338e-02, -2.48292446e-01, -3.09344739e-01,  2.62392670e-01,
        2.95709316e-02, -9.40953009e-03,  1.11328833e-01,  1.60779133e-01,
        1.56109661e-01, -8.29232261e-02,  1.29504204e-02, -2.34132200e-01,
       -2.15225872e-02,  3.04391801e-01, -2.53788650e-01,  1.49966940e-01,
       -2.92222530e-01,  2.31497392e-01, -2.95086473e-01, -5.11765853e-02,
       -2.19686180e-01,  2.77379632e-01, -1.24018542e-01, -1.82445511e-01,
       -7.30415434e-03, -7.50167444e-02, -2.27608830e-01,  2.28860348e-01,
       -1.39712945e-01, -2.74622172e-01,  1.23366974e-01, -5.40381707e-02,
       -4.96796034e-02,  2.53879111e-02,  2.16069102e-01, -2.24353239e-01,
       -2.75876969e-01,  2.86989152e-01,  1.06192138e-02,  1.64428465e-02,
        1.50452793e-01, -2.25649834e-01,  6.10638633e-02,  2.54593045e-01,
        1.13328449e-01, -7.41074383e-02, -3.66262570e-02,  2.49809787e-01,
        2.25270599e-01,  2.34477445e-01,  1.61831751e-01,  3.34488414e-02,
       -9.99833494e-02,  2.51297224e-02,  2.79329978e-02,  2.78248917e-02,
       -1.13820642e-01,  4.64191847e-02, -7.60101294e-03,  2.73203719e-02,
        4.58902232e-02,  2.46312082e-01, -2.51483470e-01,  5.72478361e-02,
        1.10209562e-01, -2.10412800e-01,  9.73790810e-02, -1.31204203e-01,
       -9.99491215e-02, -2.65546590e-01,  1.62518337e-01, -1.03504006e-02,
       -2.45137990e-01,  1.32387802e-01, -3.27320234e-03,  2.61884511e-01,
        1.75954878e-01,  7.88935274e-02,  5.03385365e-02,  2.50966311e-01,
       -2.01698437e-01, -2.23094180e-01,  1.89537532e-03,  3.18782151e-01,
        9.48074535e-02,  2.22417235e-01, -1.63272381e-01, -1.50430888e-01,
       -2.29578465e-01, -2.20115706e-01,  1.84681788e-02,  2.58306623e-01,
        1.35840714e-01,  1.62907809e-01,  1.01779707e-01, -1.44219783e-03,
        2.67647356e-01,  1.48540691e-01,  2.30827252e-03, -1.15952333e-02,
        1.55220807e-01, -2.39596888e-01, -1.46791980e-01,  2.66656011e-01,
        2.31246784e-01, -1.93367049e-01,  2.48139367e-01, -4.94132191e-03,
        2.48999149e-01, -2.24575549e-01,  1.58892244e-01, -1.59910858e-01,
       -3.00539762e-01, -2.27165595e-02,  7.03979656e-02,  2.47230634e-01,
       -1.43779486e-01, -1.42512098e-01,  2.93792337e-01, -1.47529021e-01,
        5.04677556e-02,  9.50777307e-02,  3.03325444e-01,  4.80013825e-02,
        5.31041361e-02, -2.05348536e-01, -2.88028449e-01,  1.44074365e-01,
        2.68819302e-01,  1.44004464e-01, -1.30050391e-01,  7.27387592e-02],
      dtype=float32), 'decoder.fc.2.weight': array([[-0.01176247,  0.00457463,  0.06815754, ..., -0.03431251,
         0.04575117,  0.05910529],
       [ 0.03006831,  0.02735328,  0.03896021, ...,  0.01493225,
         0.03393459, -0.02844667],
       [-0.00045219,  0.01501213, -0.0317592 , ..., -0.00432379,
        -0.03447444, -0.06126146],
       ...,
       [-0.02883649, -0.0057769 , -0.0735078 , ..., -0.00117158,
         0.00766972, -0.0360861 ],
       [ 0.04381955,  0.06036586,  0.0170406 , ..., -0.03739086,
         0.03607619,  0.03785391],
       [-0.01539297,  0.02071784, -0.06902037, ..., -0.00235267,
        -0.00649941,  0.00781619]], dtype=float32), 'decoder.fc.2.bias': array([ 0.00429607, -0.01888626, -0.02265862, ..., -0.03210261,
       -0.03676427,  0.02887067], dtype=float32), 'decoder.fc.4.weight': array([[ 0.01738667, -0.01612472, -0.00839605, ...,  0.00373567,
         0.01359122,  0.00859328],
       [ 0.0113355 , -0.00358528,  0.00561957, ..., -0.01128999,
        -0.01827295,  0.00074432],
       [ 0.01282054,  0.0137247 , -0.01603674, ..., -0.00694191,
         0.0177443 , -0.01713638],
       ...,
       [ 0.00745728, -0.0170927 ,  0.00689481, ...,  0.01479773,
         0.00504267, -0.02181115],
       [ 0.00438731,  0.01887845, -0.00933842, ..., -0.01482066,
         0.00847583,  0.00900102],
       [-0.01544579,  0.0110103 ,  0.00041885, ..., -0.00692114,
         0.00655709, -0.017522  ]], dtype=float32), 'decoder.fc.4.bias': array([-7.44137214e-05,  2.09507644e-02, -3.57287028e-03, -2.48976494e-03,
       -1.79754123e-02,  2.88196816e-03, -3.30191362e-03,  1.36946067e-02,
       -2.46363357e-02,  9.07174870e-03,  1.50097311e-02,  1.24880029e-02,
       -1.26248067e-02, -1.75848566e-02,  1.10033536e-02,  2.16698255e-02,
        3.34926620e-02, -6.86094339e-04,  1.15249131e-03,  2.71073403e-03,
       -2.29397919e-02, -2.76908907e-03, -1.25240535e-02, -1.77615099e-02,
        5.30763250e-03,  8.77069961e-03, -1.54745039e-02, -2.51721069e-02,
       -2.57181562e-02, -2.49276590e-03, -2.33311933e-02,  8.42123665e-03,
        9.60503053e-03, -1.66350175e-02,  2.45879255e-02,  1.58026349e-02,
       -2.66411062e-02, -2.56443024e-02,  1.06088286e-02,  1.89215764e-02,
        8.88537988e-03, -1.78991836e-02,  5.63333090e-03,  1.59466155e-02,
        3.33116166e-02, -1.98856611e-02, -2.41088867e-03, -9.63353552e-03,
        7.70720886e-04, -1.50006702e-02,  3.09896003e-02,  6.47192635e-03,
        1.14894072e-02,  1.30132074e-02, -2.63102315e-02, -1.43391397e-02,
       -2.39826478e-02,  6.71563018e-03, -1.58427283e-02,  2.71880478e-02,
        4.16593719e-03, -7.05684477e-04,  2.79485103e-04, -1.05783744e-02,
        1.27172126e-02, -1.83086246e-02, -8.43469985e-03,  3.36811272e-03,
       -2.93176365e-03, -1.10299489e-03, -1.81359723e-02,  2.22288445e-02,
        2.95738503e-02,  1.29100373e-02,  1.52846696e-02, -5.18251024e-03,
        8.00902490e-03, -1.78986248e-02,  8.85804184e-03, -1.30023877e-03,
       -8.53334367e-03,  5.02348086e-03,  3.91949946e-03, -1.98156503e-03,
       -5.75919077e-03,  1.89115840e-03, -1.82121759e-03,  1.41717903e-02,
        2.45932653e-03,  2.80062482e-02,  1.23244440e-02,  3.18817049e-02,
        1.77207257e-05, -8.10621213e-03, -2.73916055e-04,  1.35133294e-02,
        2.04087067e-02, -1.17768710e-02, -2.64638029e-02,  2.89329570e-02,
        1.87796610e-03, -1.89910550e-02, -1.99629385e-02, -1.76588930e-02,
        1.50756328e-03, -2.55668629e-02,  8.93818121e-03, -1.35599030e-03,
       -5.57743898e-03, -2.03400180e-02, -2.60440614e-02, -2.21792217e-02,
        2.38406882e-02,  4.88461601e-03, -6.94947690e-03,  8.55660252e-03,
       -2.81245564e-03, -4.66636120e-04,  1.83474533e-02,  5.80968801e-03,
        6.61408575e-03,  8.74831434e-03, -2.48943325e-02,  9.33305640e-03,
        1.17391916e-02, -2.50792736e-03,  8.07326287e-03, -2.71218959e-02,
        1.09411739e-02,  1.26538249e-02,  1.75757073e-02,  1.66035760e-02,
       -3.03323660e-03,  1.33937402e-02, -8.53627734e-03,  2.68387317e-04,
       -2.19295193e-02,  1.34082800e-02,  2.72733606e-02, -3.21055087e-03,
       -4.33844468e-03, -4.16915677e-03, -1.29546365e-02,  2.69067902e-02,
       -1.76576097e-02, -1.79393329e-02, -1.68514214e-02,  1.00345891e-02,
       -8.85842461e-03,  2.31001643e-03, -2.27249730e-02,  2.95326672e-03,
       -2.58777142e-02, -1.84386648e-04,  2.12271586e-02,  2.61761830e-03,
        1.07705384e-03,  1.59626326e-03, -9.61070880e-03,  4.19557933e-03,
        7.02693872e-03,  1.71832163e-02,  1.30538382e-02, -1.30211841e-02,
       -8.73611891e-04,  1.44372042e-02, -4.85257711e-03, -2.31218766e-02,
        2.73725726e-02,  3.41363326e-02, -1.88778564e-02, -1.71318874e-02,
       -3.00729810e-03, -1.06437653e-02,  8.45412840e-04, -2.71131303e-02,
        6.83043990e-03,  6.06680103e-03, -1.06622288e-02, -1.33105833e-03,
        2.10393798e-02,  1.41754448e-02, -1.50972549e-02, -1.23953642e-02,
       -3.93726490e-03, -1.60560757e-02,  7.07981735e-03,  1.77016470e-03,
        1.59571450e-02,  4.30771289e-03, -5.95818833e-03, -1.71556957e-02,
       -8.92020855e-03, -1.19932620e-02, -6.97934488e-03, -2.81958585e-03,
        1.54068386e-02, -2.97335885e-03,  1.23295467e-04,  1.23312417e-02,
        8.40332452e-03,  1.64066795e-02,  1.72079485e-02,  5.16745058e-06,
        2.35428195e-02,  2.35554925e-03, -3.42759746e-03,  1.46917235e-02,
        1.16025731e-02,  3.27408090e-02, -8.50807969e-03,  3.15864347e-02,
       -2.07324754e-02,  4.07360774e-03,  2.48509063e-03,  1.84740834e-02,
       -1.86801180e-02, -7.49879191e-03, -1.06822783e-02,  1.29203619e-02,
       -7.90950190e-03, -1.11392001e-02,  1.33507121e-02, -1.07793165e-02,
        4.16695233e-03, -4.73171473e-03,  2.90568527e-02, -5.50308079e-03,
        4.45991475e-03,  3.55643779e-03,  1.95793415e-04,  1.30759471e-03,
       -4.65028500e-03, -1.39414398e-02,  1.74686089e-02, -6.86115026e-03,
       -7.26668118e-03,  2.56016031e-02, -1.25669762e-02, -7.63370609e-03,
        2.40967497e-02,  8.74811318e-03, -1.58338621e-03,  2.86835339e-02,
       -3.92291043e-03,  3.06479316e-02, -1.47562427e-03,  2.07356811e-02,
        1.06783351e-02, -1.67375077e-02,  9.47540067e-03, -1.00532814e-03,
       -8.42943136e-03,  1.27688069e-02, -2.68192124e-02, -1.29785929e-02,
        2.55964473e-02,  8.96378327e-03, -1.47869587e-02,  1.49209108e-02,
       -1.33537576e-02,  2.87665855e-02,  2.84525882e-02,  2.41183676e-02,
       -1.30800158e-02,  3.04700192e-02, -8.89533944e-03,  1.66319665e-02,
        2.23577581e-02, -1.96109004e-02,  1.96796805e-02,  4.09997115e-03,
        8.57881212e-04,  5.22015989e-03,  3.11418786e-03,  2.38901749e-03,
        3.40965986e-02, -2.14465130e-02, -1.92537773e-02, -1.78981181e-02,
       -1.23593584e-02,  1.61077809e-02, -1.96626242e-02,  2.10649781e-02,
        3.15190176e-03, -4.37331852e-04, -1.53599121e-02,  3.04382481e-02,
       -1.74636487e-02, -2.29270682e-02,  3.67248594e-03, -4.97458456e-03,
        1.54730480e-03, -8.83641839e-03,  1.00945011e-02,  5.22556715e-03,
       -1.64661178e-05, -2.29024459e-02,  2.44618878e-02, -3.76877305e-03,
       -4.59720868e-05, -1.09872650e-02, -7.46719399e-03, -2.66870912e-02,
       -1.27521986e-02, -2.63389219e-02, -9.78274830e-03, -1.32979099e-02,
        6.75478159e-03,  3.13143730e-02,  6.04741089e-03,  6.10228104e-04,
        7.82264397e-03, -1.62648074e-02, -2.00157594e-02, -6.78022113e-03,
        3.95484967e-03,  3.11096814e-02,  2.53204554e-02, -2.31691040e-02,
        1.74495559e-02,  1.05958739e-02, -8.91777221e-03, -3.54910945e-03,
       -2.17344742e-02,  1.13627603e-02,  1.69133232e-03,  6.41601346e-03,
       -2.50700605e-03,  7.38753006e-03, -4.79331519e-03,  6.74929051e-03,
        1.56815024e-03, -2.53986660e-02,  1.75532680e-02,  3.54300812e-03,
       -2.02714019e-02, -6.64657308e-03, -8.57252721e-03,  1.29021564e-02,
        6.31845184e-03, -1.83215365e-02,  6.24962198e-03, -2.30841488e-02,
        2.60262378e-02,  9.56304185e-03, -5.35470666e-03, -2.61754263e-03,
        7.32181477e-04, -1.02550872e-02, -2.59780940e-02,  1.39404815e-02,
        2.47245394e-02, -9.23084281e-03,  2.32407209e-02,  2.90737227e-02,
       -2.56484468e-02,  9.20485053e-03, -2.51444168e-02, -3.17328819e-03,
       -2.12905388e-02,  5.97692514e-03,  3.02076787e-02, -2.18836945e-02,
        1.04237432e-02, -7.92195648e-03,  3.71116959e-03,  1.48446299e-02,
       -3.82857327e-03,  9.56209563e-03, -2.35460177e-02,  3.16678896e-03,
        1.17429765e-02, -3.05621768e-03,  4.08998504e-03,  1.48584396e-02,
        6.19492028e-03, -9.85565316e-03,  2.76190089e-03,  1.39349690e-02,
       -2.54859007e-03,  8.51358782e-05, -7.77077721e-03,  1.96744464e-02,
       -3.91160464e-03, -1.70250202e-03, -1.17530795e-02,  5.69263706e-04,
        4.14318359e-03,  4.03900212e-03,  1.99900046e-02,  1.78713687e-02,
       -4.28006472e-03,  6.91284938e-03, -4.37498931e-03,  1.81913674e-02,
       -2.54455321e-02,  8.60111881e-03,  9.81661491e-04, -1.45261269e-02,
       -2.41705440e-02,  1.00566940e-02, -1.06172003e-04,  8.34754575e-03,
       -2.52407100e-02,  1.59932696e-03,  2.48138178e-02,  1.10686163e-03,
       -1.58507209e-02,  2.87560164e-03, -2.20393389e-02,  1.38686765e-02,
       -1.78712923e-02,  3.04911379e-03,  1.67620648e-02,  5.80917113e-03,
        3.16690877e-02, -1.97568256e-02,  8.77869315e-03, -1.30648138e-02,
       -8.14751314e-04, -1.53197180e-02,  6.65158266e-03, -5.53838581e-05,
       -1.41135883e-02, -1.41854957e-02, -6.83741085e-03, -2.48291902e-03,
       -8.94444250e-03, -1.28289722e-02, -1.92939974e-02,  1.50149995e-02,
       -1.24785360e-02,  1.19142001e-02,  2.63511669e-02,  6.17844891e-03,
        2.99489610e-02, -2.76514329e-02, -1.03962151e-02, -1.49806924e-02,
       -1.29293898e-04, -3.47995549e-03, -2.40260903e-02,  1.84492655e-02,
        1.23540135e-02,  4.59506130e-03,  3.00680101e-02, -6.01554988e-03,
       -1.15267495e-02,  1.00978436e-02, -5.77119761e-04, -1.96857601e-02,
       -2.66438182e-02,  2.90664588e-03, -2.22998206e-03,  3.55999032e-03,
        1.23275239e-02, -1.00691617e-02,  1.04768723e-02,  2.60357875e-02,
        1.11533767e-02,  5.94532071e-03,  1.03870751e-02,  5.49965398e-03,
        1.32925436e-02, -5.05193695e-03, -1.65383704e-02, -1.91040598e-02,
        2.77342908e-02,  1.22706005e-02,  1.25250025e-02,  2.85342652e-02,
        8.27750843e-03, -1.55215822e-02,  8.49745423e-03,  5.18865092e-03,
       -9.59105045e-03,  1.67445801e-02, -2.33540572e-02,  1.59856509e-02,
       -7.83325266e-03, -8.40297341e-03, -1.29113300e-02, -7.46046286e-03,
        7.12310604e-04,  3.46864760e-02,  2.56009009e-02,  2.93710306e-02,
       -4.39626304e-03, -2.35291906e-02, -5.36639849e-03,  2.98665110e-02,
       -1.43153090e-02,  3.21343616e-02,  1.51387276e-02, -1.53043251e-02,
        1.53287547e-02, -2.71930564e-02, -2.60235723e-02, -1.54439053e-02],
      dtype=float32), 'decoder.fc.6.weight': array([[-0.01575567,  0.02647496,  0.00515577, ...,  0.04707351,
        -0.02649739,  0.03119245],
       [ 0.02692781, -0.0156181 , -0.03026702, ...,  0.04087503,
         0.01086074, -0.00887975],
       [ 0.0063604 , -0.00689125,  0.04609016, ..., -0.0240838 ,
         0.03137459,  0.04090292],
       ...,
       [ 0.01318598, -0.03165761, -0.03459997, ..., -0.00710745,
         0.0113138 ,  0.0310025 ],
       [ 0.00261969, -0.03992988, -0.00648885, ..., -0.00838251,
        -0.0271074 ,  0.00034465],
       [-0.03903816,  0.00192215,  0.03378969, ..., -0.00488107,
         0.00445418,  0.0335433 ]], dtype=float32), 'decoder.fc.6.bias': array([-0.00647623, -0.01427093,  0.02494555, ..., -0.00780818,
       -0.00143515,  0.00907381], dtype=float32)}
[Time: 29.01.25 14:58:18] [Level: info] [State: aggregate] {'encoder.fc.0.weight': array([[ 1.23558696e-02, -2.57202028e-03, -8.10063269e-04, ...,
        -8.48136656e-03, -1.94120256e-03,  1.24013815e-02],
       [-4.18765878e-04,  1.35421120e-02, -2.61939276e-05, ...,
        -7.05944235e-03,  1.49715776e-02, -9.85389203e-03],
       [-3.93030606e-03, -6.23610243e-03,  2.73010740e-03, ...,
         8.36115051e-03, -3.25470511e-03,  8.95369425e-03],
       ...,
       [-1.36463596e-02, -1.08547714e-02, -9.64630977e-04, ...,
        -1.02112927e-02, -1.50101050e-03,  1.23247756e-02],
       [ 7.56816007e-03, -8.34743306e-03,  8.27262923e-03, ...,
         5.83739951e-03, -5.88672515e-03,  7.79903401e-03],
       [ 5.77623723e-03, -2.19850871e-03,  6.57049147e-03, ...,
        -1.11539289e-02, -5.27244573e-03, -1.25386640e-02]], dtype=float32), 'encoder.fc.0.bias': array([-3.59715219e-03, -1.32251298e-02,  9.46679246e-03, -6.43938454e-03,
       -7.70556787e-03, -1.55768832e-02, -4.53472463e-03, -1.54131614e-02,
        1.14292365e-04, -1.00946268e-02, -1.08198319e-02,  4.93478961e-04,
        3.77742620e-03, -6.48768572e-03, -1.48757072e-02, -8.91003292e-03,
       -9.79791861e-03, -9.09974799e-03, -7.31219817e-03, -1.45387072e-02,
        7.01728091e-03,  1.99303700e-04, -6.38599973e-03, -7.08578853e-04,
       -1.19547509e-02, -5.14762150e-03,  3.23707704e-03, -7.40956934e-03,
       -5.41599607e-03, -2.19386700e-03,  4.25839498e-05, -1.37875427e-03,
       -1.01914499e-02, -1.16110668e-02, -2.87282583e-03,  4.74299351e-03,
       -5.05945180e-03, -9.58262570e-03, -4.28582914e-03,  4.48924024e-03,
       -1.11615192e-02, -3.99969658e-03,  4.43535997e-03, -1.29386121e-02,
       -3.98753630e-03,  1.16780158e-02, -1.49486084e-02, -3.96505417e-03,
       -1.39951706e-02,  1.36314461e-03,  3.21183237e-03, -1.25979753e-02,
        2.08819564e-03, -1.13203563e-03, -1.30657237e-02,  2.68739718e-03,
        6.96863001e-03, -4.35673306e-03, -1.05976011e-03, -4.25400549e-06,
       -9.90419928e-03, -2.84594740e-03,  5.89192752e-03, -8.44025705e-03,
       -2.40450865e-03, -8.86244141e-03, -7.83961825e-03, -1.36326430e-02,
       -1.59183529e-03, -6.02948852e-03, -4.73104883e-03, -1.09217810e-02,
       -7.84751028e-03,  4.83605982e-04, -6.47581276e-03, -1.84424466e-03,
       -7.65273673e-03, -9.99688357e-03, -6.33207196e-03, -1.32289650e-02,
       -9.19052027e-03, -1.26838554e-02,  4.29218449e-03,  1.00601010e-03,
       -6.63290592e-03,  5.21707814e-03, -1.25161875e-02,  4.35433118e-03,
       -1.08872326e-02, -5.87145519e-03, -8.22581715e-05, -8.06371158e-04,
        6.35598134e-03, -1.10201314e-02, -1.27942553e-02,  2.45701568e-03,
       -3.59749026e-03, -6.63140463e-03, -3.24572786e-03,  1.62502248e-02,
       -3.76805617e-03,  4.30616224e-03,  2.96163792e-03, -1.36209363e-02,
       -1.24506478e-04, -1.07107069e-02, -2.74408003e-03, -1.10314908e-02,
       -4.26912215e-03,  2.64523143e-04, -6.50477159e-05,  7.69690610e-03,
        5.69222309e-03,  7.25577259e-03, -8.01047217e-03, -3.40030203e-03,
        2.14074645e-03, -7.70866824e-03,  5.79653727e-03, -9.48808447e-04,
        5.22709975e-04,  2.60677142e-03, -8.80956370e-03, -7.74104707e-03,
       -1.23414109e-02,  8.64593405e-03,  2.70528905e-03, -7.84076005e-03,
       -5.54811861e-03, -1.08011048e-02,  3.44337779e-03, -8.49108770e-03,
       -1.03988070e-02,  3.76952020e-03, -4.57616709e-03, -5.36359474e-03,
       -1.29846446e-02, -3.10407719e-03, -3.98462592e-03, -8.42836499e-03,
        1.70942280e-03, -2.16998672e-03, -1.42656974e-02, -1.20951869e-02,
       -9.34179686e-03,  1.25154431e-04, -3.04758112e-04, -6.42663054e-03,
       -5.89840952e-03, -1.05199413e-02,  4.53292532e-03,  1.57296564e-03,
        2.49847537e-03,  1.64847041e-03,  1.93975706e-04, -1.40721174e-02,
       -9.05736536e-03, -2.53796531e-03,  8.61083250e-03, -8.62825848e-03,
        3.62441130e-03, -4.16052528e-03, -8.74368381e-03, -1.24216303e-02,
       -7.29051512e-03, -1.45350806e-02, -9.26172640e-03,  2.07911453e-05,
       -1.78905260e-02,  3.41746351e-03, -9.69228614e-03, -1.34022338e-02,
       -1.41140935e-03,  1.70567509e-04, -9.97391157e-03, -2.89703021e-03,
       -1.53198931e-02, -6.21428201e-03,  2.30449741e-03,  6.13138720e-04,
       -9.03999247e-03, -9.34808515e-03, -1.75900513e-03,  5.50774671e-03,
       -5.38397627e-03, -1.50970079e-03, -9.86501947e-03,  4.34688962e-04,
        2.28847470e-03, -9.85925272e-03, -4.77731368e-03,  1.11607760e-02,
       -1.50257722e-02, -4.45522787e-03, -6.08354621e-03,  7.10590393e-04,
        1.57732726e-03, -5.76229859e-03, -3.33639164e-03,  1.00387111e-02,
        3.24737816e-03, -7.29419570e-03, -5.94127516e-04, -1.14367660e-02,
       -1.54378163e-02, -3.33047961e-03, -1.00500872e-02,  4.70000901e-04,
       -1.41055230e-02, -1.29389130e-02, -1.41128302e-02, -9.62529331e-03,
       -5.79089718e-03, -2.51764897e-03, -5.67201944e-03,  1.17354165e-03,
       -1.03147477e-02, -9.03675519e-03, -1.52035095e-02, -7.85068329e-03,
       -6.39512204e-03, -8.41283519e-03, -3.76741262e-03,  2.26576836e-03,
        4.91702987e-04,  5.85929351e-03, -2.78002885e-03, -5.19487076e-03,
       -1.52243930e-03, -6.44812686e-03, -1.06991106e-03, -5.27804485e-03,
       -4.20017261e-03, -6.02339581e-03, -9.34484880e-03, -8.83473642e-03,
       -4.15275944e-03, -8.47169291e-03, -7.61855859e-03, -1.41488640e-02,
       -1.54521374e-03, -1.95188855e-03, -6.50597736e-03,  3.63535772e-04,
       -2.85798870e-03, -5.87913557e-04, -3.40491696e-03, -9.68891010e-03,
       -2.16457574e-03, -6.26551220e-04, -3.09911114e-03, -1.07518863e-02,
       -1.10444892e-02,  2.29422119e-03, -1.05644176e-02,  2.24993593e-04,
        1.91269012e-03, -5.81053505e-03, -4.26523760e-03,  1.93718274e-03,
       -6.23478461e-03, -2.07012077e-03, -6.81053894e-03, -7.58362329e-03,
        6.05977513e-03,  4.86007007e-03, -1.54169304e-02, -2.79927696e-03,
       -7.93440733e-03, -3.51788290e-03, -1.20620113e-02,  1.76892581e-03,
        3.20960977e-03, -1.20851835e-02, -1.10088345e-02, -8.28485936e-03,
       -1.23703503e-03, -1.24107720e-02, -7.70988176e-03, -2.21444317e-03,
       -1.14399400e-02, -1.64576061e-02,  2.40723882e-03,  3.90198757e-03,
        7.50462175e-04, -1.59966422e-03,  2.86264555e-03, -1.01677822e-02,
        7.27279345e-03,  5.25755435e-03,  2.50238134e-03, -1.17049972e-02,
       -6.96001388e-03,  3.26245348e-03, -4.00744379e-03,  2.02864199e-03,
       -1.12167746e-02,  4.24501428e-04, -1.00430020e-03, -1.20916767e-02,
       -1.96059188e-03, -9.72966850e-03, -1.55495126e-02, -1.19004678e-02,
       -4.05619619e-03, -6.86491001e-03, -1.05127022e-02, -1.32436072e-02,
        3.46594816e-03, -3.33787990e-03, -2.48833373e-03, -1.23717114e-02,
       -6.49970211e-03, -7.63297128e-03,  6.59337849e-04, -8.31069704e-03,
       -4.00441699e-03, -4.46931168e-04, -5.03828144e-03, -1.37087591e-02,
       -3.95055208e-03,  3.62284901e-03, -9.10241622e-03,  7.62806460e-03,
        1.66799186e-03, -2.28551659e-03, -1.56371836e-02, -1.32811125e-02,
       -3.85179487e-03,  1.09395655e-02, -8.20778776e-03, -3.07821063e-03,
       -5.15739620e-03, -4.67522163e-03, -1.84957907e-02, -1.46818645e-02,
       -1.20782126e-02, -9.57885105e-03,  4.06591035e-03, -3.54499067e-03,
        3.10615171e-03, -8.87847785e-03, -1.49767776e-03, -5.32392040e-03,
       -1.28864860e-02, -1.78901460e-02, -1.67432474e-03, -2.53127189e-03,
       -1.06015345e-02, -1.46120731e-02, -1.06601072e-02,  3.04766814e-03,
       -1.24356905e-02, -7.65626691e-03,  6.17955753e-04, -3.68802412e-03,
       -1.36478087e-02, -8.41843648e-05, -4.73198527e-03, -2.83107162e-03,
       -5.56342397e-03, -1.96562731e-03,  2.43603648e-03, -5.87135227e-03,
       -9.14393831e-03, -6.84540393e-03, -1.46783059e-02, -7.61818327e-03,
        4.77036927e-03, -4.27030353e-03, -9.36008338e-03, -1.14313164e-03,
       -8.77718162e-03,  5.34693012e-03, -1.17812781e-02, -1.76812673e-03,
       -8.56781099e-03, -3.12149199e-03,  3.79033806e-03, -1.42685072e-02,
       -8.61996552e-04,  3.12232482e-03,  2.89668329e-04,  3.48599424e-04,
       -9.56589170e-03, -3.43965832e-03,  3.20616877e-04,  9.00223479e-03,
        6.48466125e-03, -9.02257022e-03,  7.69789377e-03, -5.52082667e-03,
       -1.07708406e-02, -9.70085524e-03, -1.87333748e-02,  4.36098594e-03,
       -1.17665706e-02, -1.60749666e-02, -4.81107878e-03, -4.15214058e-03,
       -1.11226458e-02, -1.27152903e-02, -1.07461512e-02, -2.85383570e-03,
       -8.04452971e-03, -2.30784924e-03,  1.53899848e-04,  2.25997227e-03,
        2.54953327e-03, -6.59832917e-03, -8.17940943e-03,  1.78121345e-03,
        8.47942501e-05,  3.99050117e-03, -6.17025234e-03, -9.32917523e-04,
        4.04717075e-03, -2.78866757e-03, -7.61586893e-03, -2.98587745e-03,
       -1.27981976e-02, -3.35454289e-03, -3.25202732e-03,  1.84004428e-03,
        4.33789473e-03, -1.37519408e-02, -4.94901650e-03, -1.16406493e-02,
        2.03746674e-03, -9.02657583e-03,  1.12726334e-02,  9.42946062e-04,
       -4.45768191e-03,  4.83959418e-04, -2.86743540e-04,  1.85184914e-03,
       -7.68424897e-03,  2.61925277e-03, -9.31023993e-03,  1.53112598e-03,
       -9.54762287e-03,  1.09569426e-03,  9.46836779e-04, -1.46732274e-02,
       -1.23174228e-02, -6.28878456e-03, -1.48201156e-02, -6.81899441e-03,
       -1.12004420e-02, -7.84296636e-03, -1.40971849e-02, -7.99705926e-03,
       -1.01632187e-02, -2.85930303e-03, -1.90682034e-03, -1.24865035e-02,
        2.47661048e-03, -1.34163527e-02,  5.61177172e-03, -6.58303557e-04,
       -1.15108127e-02,  5.73346857e-03, -8.53222702e-03, -6.55933563e-03,
        2.96581979e-03,  7.66158849e-03, -1.40011786e-02, -1.47805624e-02,
       -4.67941957e-03, -7.42960721e-03, -2.88616749e-03, -7.23828049e-03,
       -1.25714429e-02, -1.57834347e-02, -3.75007582e-03,  2.38940353e-04,
        2.28860672e-03, -4.07774281e-03, -8.18904303e-03, -2.24002800e-03,
        5.75625291e-03, -5.33168437e-03,  4.36685421e-03, -1.37580689e-02,
       -6.46336563e-03, -1.10936593e-02, -1.55191608e-02, -4.59770119e-04,
        3.74028506e-03, -1.34980092e-02, -1.29227499e-02, -1.72833316e-02,
        3.63579276e-03, -1.61598418e-02, -1.05434060e-02, -5.05433837e-03,
       -1.16071189e-02,  4.23248345e-03,  5.67939086e-03, -2.29382026e-03],
      dtype=float32), 'encoder.fc.2.weight': array([[-0.03627567,  0.01483249,  0.04460187, ..., -0.00232414,
        -0.02513703,  0.00850309],
       [ 0.00633716, -0.00120523, -0.0419374 , ...,  0.00471551,
        -0.03563726, -0.04616109],
       [-0.03105412,  0.02541268, -0.04977714, ...,  0.03303161,
        -0.02985594,  0.01078612],
       ...,
       [ 0.0107303 , -0.04824708, -0.03247642, ...,  0.02038429,
         0.00290914, -0.04153654],
       [ 0.01674785, -0.03868896,  0.01847174, ..., -0.01488803,
        -0.02354569, -0.01207305],
       [-0.03679744,  0.00138735, -0.03437496, ...,  0.00037518,
        -0.00149503, -0.00211695]], dtype=float32), 'encoder.fc.2.bias': array([ 0.04958605, -0.02745897,  0.03408638, ..., -0.00845529,
       -0.02048298, -0.01591832], dtype=float32), 'encoder.fc.4.weight': array([[-0.02446574,  0.0057347 , -0.00183445, ...,  0.01486021,
        -0.0012297 , -0.02172846],
       [ 0.02225897,  0.01671676,  0.02037067, ..., -0.01268353,
        -0.00372256, -0.0111921 ],
       [-0.02055007,  0.00636314,  0.01912154, ...,  0.002558  ,
        -0.00939946,  0.00718078],
       ...,
       [-0.02637411, -0.01563575,  0.0019696 , ..., -0.01231897,
         0.00867036,  0.02807294],
       [-0.01330291, -0.00407047,  0.01611757, ..., -0.00763313,
        -0.02201844, -0.00227961],
       [ 0.00056843,  0.00606915, -0.01501497, ..., -0.01530256,
        -0.02150515,  0.00737891]], dtype=float32), 'encoder.fc.4.bias': array([-2.59852167e-02, -5.51151054e-04, -4.58183326e-03, -1.53601347e-02,
       -9.74704744e-04,  4.55421628e-03,  1.28136287e-02, -2.25585699e-02,
       -1.46640567e-02, -2.61054095e-02, -1.92942973e-02,  1.11794267e-02,
       -5.02792420e-03, -2.56006513e-02, -9.11194738e-03, -2.17429828e-02,
       -2.82242857e-02, -1.20126689e-02, -2.56516542e-02, -1.89297330e-02,
        1.34032289e-03, -3.99787998e-04, -1.89527534e-02, -2.37559211e-02,
       -1.88019555e-02, -1.97278839e-02, -1.21176499e-03,  1.35587649e-02,
       -6.63084118e-03, -1.14222709e-02, -2.96953414e-03,  1.64284799e-02,
       -2.37416606e-02,  1.38508203e-03, -5.15366904e-03, -5.43757202e-03,
        1.02856671e-02,  1.03339553e-02, -1.62254721e-02, -1.77085418e-02,
       -1.78778823e-02, -1.35052223e-02,  2.10310481e-02, -2.77173482e-02,
       -3.69427027e-03, -6.97113713e-03, -5.79704577e-03, -1.58707274e-03,
       -8.65983870e-03,  1.00019677e-02,  6.43255236e-03,  2.49899714e-03,
       -1.73157398e-02,  1.47634652e-02, -1.68173835e-02, -1.14083104e-02,
        4.52039356e-04,  4.43006540e-03, -9.36072040e-03, -6.03765482e-03,
        3.08979256e-03, -2.04715244e-02,  9.68498923e-03, -7.16930022e-03,
        6.75336691e-03,  6.11171266e-03, -3.32525326e-03,  5.58575895e-03,
       -2.04911474e-02, -4.61376924e-03, -4.28923219e-03, -1.27660334e-02,
        1.19852666e-02, -8.64633452e-03,  1.64112728e-02, -3.41805117e-03,
        2.16977065e-03, -9.73116606e-03, -2.30364576e-02, -2.18961611e-02,
       -1.76970381e-02,  2.19341777e-02,  1.85658298e-02,  1.11610151e-03,
       -1.65518448e-02, -3.97637067e-03,  2.08718260e-03, -8.34403280e-03,
        1.70086864e-02, -1.64140817e-02,  8.39222595e-03, -1.07524758e-02,
       -1.70782988e-03,  1.63114630e-02, -9.71930288e-03, -2.71595921e-02,
       -1.48320245e-02,  2.85279145e-03,  4.08714591e-03, -2.43365802e-02,
       -5.93643077e-03, -1.58419907e-02, -2.54385564e-02,  6.23610616e-03,
        1.75983999e-02,  3.57547658e-03, -1.70611348e-02, -8.99033248e-03,
       -1.37687949e-02, -2.00790241e-02, -9.45991371e-03,  2.58756406e-03,
        1.05937850e-02,  1.10294661e-02, -3.63346911e-03, -1.44357346e-02,
        4.76183463e-03,  1.15389924e-03, -7.53148412e-03, -1.13191390e-02,
        1.54602434e-03,  6.79170294e-03,  8.28964519e-04,  1.01336800e-02,
        3.20379855e-03, -7.99805392e-03, -2.55590887e-03,  1.52363256e-02,
       -2.31464580e-02,  2.13087187e-04, -2.64593940e-02,  1.59924924e-02,
       -6.66353945e-03, -2.61161327e-02, -3.76782118e-04,  7.44826952e-03,
        2.63754628e-03,  1.06625138e-02, -1.02230497e-02, -2.23385002e-02,
       -1.80638377e-02,  5.61138103e-03,  1.30915483e-02,  2.06764881e-02,
       -8.25725216e-03, -4.16871253e-03,  6.36870158e-04,  1.30193559e-02,
       -1.38832340e-02, -2.34899838e-02, -9.69132967e-03, -1.77109372e-02,
       -8.47256090e-03,  7.65494723e-03,  4.34552925e-03,  1.44263078e-02,
       -1.31879980e-02, -1.13240611e-02, -1.60812661e-02, -1.94871258e-02,
        1.69901531e-02,  1.27629638e-02, -1.72669254e-03, -1.63883332e-03,
        1.16440905e-02, -9.48671834e-04, -3.19950143e-03,  2.03570072e-02,
       -2.36296803e-02, -5.55017730e-03, -2.01053116e-02,  5.67980856e-03,
       -1.79837104e-02, -2.83930860e-02,  3.80811421e-03, -1.27427094e-02,
       -1.70091856e-02, -2.06465647e-02, -1.84977595e-02,  1.26049295e-02,
       -1.80160943e-02, -1.36869224e-02,  1.11241397e-02,  1.65927466e-02,
       -3.06011876e-03,  3.31808790e-03,  1.72406528e-02,  5.18023595e-03,
       -1.26466732e-02,  1.67706553e-02,  8.38010106e-03, -2.54914653e-03,
        6.21107547e-03, -5.00616618e-03,  2.41244421e-03, -5.23485523e-03,
        1.56655838e-03,  6.94184331e-04, -2.23785173e-02, -1.97061198e-03,
       -1.59400385e-02, -7.96734076e-03, -1.59771051e-02, -1.46921165e-02,
       -1.68640148e-02,  1.50397914e-02,  6.35626400e-03, -1.99497435e-02,
       -8.96447524e-03, -2.51554102e-02, -9.93471313e-03, -1.79826990e-02,
       -2.31061131e-02, -2.20853146e-02,  1.00903457e-03, -3.96808796e-03,
        2.52755661e-03, -1.63652077e-02, -2.04997021e-03, -6.87597902e-04,
        1.11634778e-02,  1.62865222e-02, -2.83259451e-02,  5.09446196e-04,
        1.04983905e-02, -2.23619547e-02, -1.68601945e-02,  1.20629966e-02,
       -8.88605602e-03,  2.37339851e-03,  6.71364646e-03, -5.06038452e-03,
        1.35094281e-02, -1.01569556e-02, -3.00681032e-03,  6.56911638e-03,
        5.73988771e-03, -1.71633568e-02, -1.00429542e-02, -2.06561033e-02,
       -1.80753488e-02, -1.87115790e-03,  5.33784600e-03,  2.38161464e-03,
       -2.67159827e-02,  7.16783945e-03, -2.43653115e-02,  1.37488572e-02,
        4.80804313e-03, -1.90701429e-02, -1.53090861e-02,  1.98307037e-02,
       -9.50214826e-03,  1.61568560e-02, -2.26152409e-02, -4.88408701e-03,
       -6.15173345e-03, -1.77213866e-02, -7.26222899e-03,  4.19327989e-03,
        1.46276997e-02,  2.51919846e-03, -5.01471339e-03, -1.72812063e-02,
        5.20148687e-03,  1.67997330e-02,  1.33935700e-03, -1.89112965e-02,
       -1.63219292e-02, -1.63991395e-02,  7.93369953e-03,  1.33076292e-02,
       -9.69102047e-03, -4.98677092e-03,  2.96730734e-03, -2.75924969e-02,
       -1.50449630e-02, -2.46110503e-02, -2.10485067e-02,  1.78914946e-02,
        1.88334994e-02, -1.55622531e-02,  4.18747729e-03,  2.42636278e-02,
       -5.01423841e-03,  1.33466115e-02,  1.29213985e-02,  5.65860141e-03,
       -2.02086400e-02, -3.25332949e-04, -8.00553337e-03,  5.42090973e-03,
       -5.04939817e-03, -2.43786070e-02, -5.36177307e-04, -2.25293860e-02,
       -5.40427631e-03, -7.99358077e-03, -2.40812581e-02, -2.17665024e-02,
       -1.40512465e-02,  1.20352218e-02, -2.77985521e-02,  2.67063756e-03,
        1.77792665e-02,  1.08400891e-02, -2.55645346e-02, -1.22263115e-02,
        3.27858655e-03, -5.52577293e-03,  1.04887215e-02,  1.43029373e-02,
       -4.30357829e-03,  9.94398817e-03, -1.27675692e-02, -2.36081090e-02,
        1.35624167e-02,  4.92791599e-03, -1.64363962e-02,  1.59407244e-03,
       -1.48799662e-02, -1.33372964e-02, -2.56878156e-02, -1.48366988e-02,
       -3.07327230e-03,  1.71037670e-02,  1.26008922e-02, -6.48862449e-03,
        9.80178546e-03, -7.87580479e-03, -1.11007011e-02, -8.45020544e-03,
        2.14734338e-02,  2.35925079e-03, -9.07665212e-03, -1.08823422e-02,
        5.48818288e-03, -9.70491674e-03, -1.29259182e-02, -6.81242067e-03,
        5.33649605e-03,  8.10658187e-03, -9.32023395e-03,  9.97583661e-03,
        5.44426171e-03,  1.83272883e-02,  1.78894098e-03,  3.75831081e-03,
        1.47461542e-03,  3.72911873e-03,  1.27072362e-02, -2.92970589e-03,
       -1.88775675e-03, -2.21038237e-03, -2.48900000e-02, -1.34248361e-02,
        7.44021172e-03, -1.42885325e-02, -2.14246716e-02, -7.71470135e-03,
       -1.00025786e-02, -1.03135994e-02, -6.53558923e-03,  1.62655860e-02,
       -2.61143912e-02,  1.30649814e-02, -1.96345802e-02, -2.45997552e-02,
        7.77685177e-03, -2.23685798e-04, -7.73736369e-03,  1.99118666e-02,
       -2.77294661e-03,  2.81670061e-03,  1.24858245e-02,  2.37419200e-03,
       -1.37123596e-02, -3.13332840e-03,  6.99681509e-03,  2.04855902e-03,
        1.17971823e-02,  1.03677511e-02,  8.85312166e-03,  1.48099661e-03,
        2.53445678e-03, -2.52651274e-02, -2.31427439e-02, -1.66084133e-02,
       -1.24745574e-02, -1.06774326e-02, -9.75690968e-03, -2.34911684e-03,
       -1.09634101e-02, -4.15995484e-03,  1.17216054e-02, -2.33069248e-02,
        1.61657482e-02,  1.22230556e-02,  6.51429826e-03, -1.27195194e-03,
       -1.17173474e-02,  9.45196301e-03, -1.49260657e-02,  1.23451166e-02,
        1.90773595e-03,  3.68012278e-03,  9.32195503e-03, -1.57738365e-02,
       -2.35127863e-02,  7.59737706e-03, -2.58741751e-02,  1.32848630e-02,
        2.41999025e-03,  9.04927365e-05, -2.36570276e-02,  6.04530424e-03,
        6.84889592e-03, -1.06583638e-02,  1.83857128e-03,  2.79456121e-03,
        1.57900769e-02,  4.99411160e-03,  1.29556851e-02,  8.39206018e-03,
       -1.23213325e-02, -3.87815642e-03,  4.19617770e-03, -5.22897486e-03,
       -1.27137760e-02, -3.79751809e-03, -1.68480929e-02,  9.01028700e-03,
       -1.72566120e-02,  1.11842994e-02, -1.99233764e-03, -8.55476782e-03,
        8.84361472e-03,  2.64833798e-03, -2.44631842e-02, -8.17685854e-04,
        1.00976359e-02,  1.27535779e-02, -1.76409315e-02,  7.82588776e-03,
       -8.80073011e-03, -1.34050183e-03, -1.87688880e-02,  7.51482928e-03,
       -8.67536291e-03, -1.92893371e-02,  1.32369893e-02,  2.00613979e-02,
       -3.82463587e-03, -2.34616846e-02,  8.65709130e-03,  1.18517131e-02,
        1.10379327e-02,  1.74148697e-02,  1.30070795e-04,  1.23993549e-02,
        5.14597865e-03, -1.01334918e-02, -8.14933330e-03,  1.44495489e-02,
        9.15312412e-05, -3.74162383e-03, -2.28803288e-02,  7.18233036e-03,
        1.32385157e-02,  9.64509044e-03, -1.49085270e-02,  1.09773902e-02,
        1.24691725e-02,  1.35966055e-02,  1.24430833e-02, -1.08445846e-02,
        2.54584826e-03,  1.72295459e-02, -2.16031242e-02, -1.37191704e-02,
       -1.39054507e-02, -9.60176531e-03,  8.01747758e-03, -1.83930751e-02,
        1.08190058e-02, -9.83986817e-03,  1.09676486e-02, -4.06788010e-03,
       -7.72118045e-04, -3.64949275e-03,  1.53861120e-02,  4.88548540e-03,
       -4.63331910e-03,  1.16381990e-02,  7.44044455e-03, -4.05186508e-03,
       -9.66720283e-03,  3.13919992e-03,  1.49884541e-02,  2.39629038e-02],
      dtype=float32), 'encoder.fc.6.weight': array([[-0.01834331,  0.01750507,  0.03595607, ...,  0.0089278 ,
         0.02148126, -0.02150244],
       [ 0.03093261, -0.03330554, -0.00418653, ...,  0.04247458,
        -0.02295656,  0.0257827 ],
       [-0.03424628,  0.03758319,  0.02765911, ...,  0.01451857,
        -0.01225602,  0.03327732],
       ...,
       [-0.00061709,  0.02429269, -0.00814369, ..., -0.01329054,
         0.00184613,  0.0329152 ],
       [-0.02488622,  0.02365597, -0.0107377 , ..., -0.03901781,
         0.04038932,  0.01795437],
       [-0.04888057,  0.03422777, -0.01343605, ...,  0.00041347,
         0.02067313, -0.01438601]], dtype=float32), 'encoder.fc.6.bias': array([ 9.8530465e-05,  2.5237100e-02, -1.6199742e-02,  4.2768981e-02,
        3.8678017e-02, -2.5080228e-02, -2.3224780e-02, -3.1899665e-02,
        4.3385237e-02,  6.3797403e-03], dtype=float32), 'decoder.fc.0.weight': array([[ 0.03765483,  0.17368276,  0.05624453, ...,  0.06861889,
         0.2050169 , -0.18185176],
       [-0.22460836,  0.03675855, -0.23424365, ..., -0.06241512,
         0.09058341, -0.13064256],
       [ 0.20471065,  0.11341898,  0.22716768, ...,  0.3264836 ,
        -0.16720164,  0.04836078],
       ...,
       [-0.24093905,  0.2258612 , -0.28614843, ...,  0.13920037,
        -0.21996625,  0.2940424 ],
       [-0.22809282, -0.305316  , -0.10635276, ...,  0.13866797,
         0.12827387, -0.2483785 ],
       [ 0.04418456,  0.26496324,  0.08583195, ...,  0.21360989,
        -0.088122  ,  0.06434618]], dtype=float32), 'decoder.fc.0.bias': array([-2.37404808e-01,  1.81285247e-01,  6.16986156e-02, -2.23538727e-01,
       -3.07111531e-01, -1.86926916e-01, -1.43198408e-02, -1.72672778e-01,
        1.26838386e-01, -1.68125391e-01,  1.16450235e-01,  2.87876930e-03,
        2.96656281e-01, -2.54929483e-01,  5.91129512e-02, -2.78471023e-01,
        4.48734267e-03,  1.90579653e-01,  3.66629474e-03, -3.35448772e-01,
       -1.42567739e-01,  2.64316469e-01, -3.17199863e-02, -1.35602593e-01,
       -2.55495191e-01, -2.54669219e-01, -7.89842010e-02, -1.20402381e-01,
        3.01963955e-01, -2.20922232e-02,  2.04243481e-01,  9.14998949e-02,
        9.05767977e-02, -6.32046238e-02,  1.25158159e-02, -1.84493393e-01,
        3.63988057e-02, -1.71532348e-01, -1.04213439e-01, -2.98545081e-02,
        1.75086692e-01, -1.61738619e-01,  1.65303752e-01,  3.04458916e-01,
       -2.45931596e-01, -2.23678634e-01,  1.13160215e-01, -1.32852927e-01,
        2.06184298e-01, -4.21500616e-02,  2.88647234e-01, -1.73985630e-01,
       -2.06696033e-01,  2.85827983e-02,  2.74634391e-01,  2.17000559e-01,
        2.67844588e-01, -1.30296990e-01,  4.21041809e-02,  2.65891731e-01,
        3.51324230e-02,  2.01404214e-01,  1.76633403e-01,  3.86738516e-02,
        2.99476147e-01, -1.51446477e-01, -2.81727072e-02, -2.15681363e-02,
        1.67853713e-01,  6.55817389e-02,  3.26179080e-02, -1.22758932e-01,
       -1.04109585e-01, -1.04664356e-01,  9.94200930e-02, -6.87865093e-02,
       -9.96663123e-02,  2.82586694e-01, -1.90730125e-01, -3.90593000e-02,
       -1.17120109e-01, -2.94788301e-01,  2.27158204e-01, -1.54454233e-02,
        2.47172549e-01,  5.59250116e-02,  1.62287369e-01, -2.53617972e-01,
       -5.32512702e-02,  2.49774814e-01,  1.17309943e-01,  2.81667918e-01,
       -2.93199956e-01,  3.08664944e-02, -2.86090493e-01, -1.93835512e-01,
       -6.48337007e-02,  1.18285753e-01, -2.05657817e-03,  1.78384215e-01,
        3.15142483e-01, -8.68931264e-02, -1.64690256e-01, -1.00416742e-01,
        1.56496428e-02,  2.39838302e-01,  1.89925075e-01,  2.59493202e-01,
        1.33909747e-01,  2.47696742e-01,  4.93140742e-02,  8.05176049e-02,
        3.15308332e-01, -8.56906399e-02, -1.79911390e-01, -2.47831494e-01,
       -1.51191711e-01,  1.59964919e-01, -5.72909648e-03, -3.02113146e-01,
        6.65957630e-02, -2.19769388e-01, -2.50437319e-01, -1.25380307e-01,
       -7.79191926e-02, -3.13290618e-02,  1.96351081e-01, -2.85733454e-02,
       -2.19176516e-01,  1.15928352e-01, -1.01809055e-01, -5.59251979e-02,
        3.11199844e-01,  2.03699190e-02,  2.62815326e-01,  1.24968383e-02,
       -1.70618102e-01, -2.67390639e-01,  3.31733748e-02, -3.24345618e-01,
       -3.47170383e-02, -2.83142269e-01,  2.15763062e-01, -1.06423184e-01,
        1.65493876e-01, -1.09523289e-01,  5.48659116e-02,  8.32785759e-03,
       -2.27608427e-01,  2.18811408e-01,  2.22395793e-01,  1.49970159e-01,
       -1.33243054e-01,  4.25863490e-02,  2.85898764e-02, -2.11751863e-01,
        1.26207368e-02,  2.47145414e-01,  1.42525852e-01, -2.78542191e-01,
       -2.81374663e-01, -2.23464966e-01,  1.10216491e-01, -3.22893597e-02,
       -2.82622725e-01,  2.07592517e-01,  2.14591324e-01, -1.22733295e-01,
        2.95638472e-01,  2.51148224e-01,  2.52225041e-01, -1.51388913e-01,
        4.77951020e-02,  1.50153205e-01, -2.20865399e-01,  5.13806306e-02,
        2.55051285e-01, -2.40696296e-01, -1.49481744e-01,  3.05855274e-01,
       -1.65293142e-01, -2.18746588e-01, -2.23254010e-01, -2.97725052e-01,
       -1.69520825e-01,  9.43787172e-02,  2.38436431e-01,  1.38490006e-01,
       -1.27707183e-01, -1.68845028e-01, -4.40776199e-02,  1.82455033e-02,
       -1.63701743e-01, -2.50399232e-01,  3.48127782e-02,  2.50565231e-01,
        2.62671500e-01,  2.48608634e-01, -2.35127769e-02, -2.86064118e-01,
       -3.28523725e-01,  1.78828061e-01, -3.11327517e-01,  1.95256516e-01,
       -1.56174898e-02,  1.16658151e-01, -4.75229286e-02, -1.28476858e-01,
       -1.89258978e-01,  8.05757642e-02,  2.77890354e-01,  3.21438849e-01,
       -1.86478361e-01, -2.89464921e-01, -2.28532236e-02,  1.71464100e-01,
        1.23044223e-01,  1.68982342e-01, -1.62239268e-01, -1.47616088e-01,
        7.72271529e-02,  1.58238083e-01,  2.86004603e-01, -9.59396511e-02,
       -7.67222643e-02, -3.57459374e-02, -2.18681962e-05,  7.81270415e-02,
        1.94343716e-01, -2.79868513e-01, -3.52268340e-03, -1.17870957e-01,
       -8.98777172e-02, -1.85509417e-02,  2.91938603e-01, -2.44377837e-01,
        2.70945132e-01, -7.61218444e-02,  8.06870610e-02,  7.89653212e-02,
       -2.98751682e-01, -7.04640895e-02,  8.63366574e-02,  3.43914167e-03,
       -5.58997057e-02,  1.96958393e-01,  5.80450706e-02,  8.53643939e-02,
        7.98832998e-02, -1.15324324e-02,  8.21268111e-02, -2.88429260e-01,
       -2.00761437e-01,  1.57160953e-01, -3.66097428e-02,  5.47022372e-02,
       -1.46356642e-01,  2.35147059e-01, -2.97724009e-01, -1.05370581e-01,
        4.62165190e-04,  1.86973646e-01, -1.12084366e-01,  2.89415658e-01,
       -8.89510512e-02, -2.11426526e-01, -1.65192440e-01,  2.66547054e-01,
        1.41443700e-01, -2.58605748e-01, -1.40821815e-01,  1.32627636e-01,
        1.94351211e-01, -1.79141074e-01, -3.01708072e-01,  1.32064328e-01,
        6.47111163e-02,  1.67146519e-01, -7.64468163e-02,  1.18808843e-01,
       -1.66830972e-01,  6.14453666e-02, -2.81446546e-01, -2.78855473e-01,
        2.46005580e-01,  6.42137378e-02, -1.64356515e-01,  8.64183381e-02,
        3.31746116e-02,  1.19246259e-01, -2.59048373e-01, -3.09206694e-01,
       -1.64308399e-01, -2.45045602e-01,  5.99881373e-02, -8.05744901e-03,
        1.96577817e-01, -9.43002626e-02, -1.31947890e-01,  7.53343897e-03,
       -2.83484459e-01,  2.11457267e-01,  8.83874297e-02, -3.36290598e-02,
        2.11482212e-01, -4.04192805e-02, -8.01049396e-02,  3.06209207e-01,
        7.50189796e-02, -2.07754120e-01,  4.84117568e-02, -1.74223110e-01,
       -1.16559714e-01,  1.37240678e-01, -2.33758956e-01, -6.09990507e-02,
        9.22335014e-02, -2.51240849e-01, -4.89666983e-02,  1.60720199e-01,
       -2.33236745e-01,  1.39187828e-01, -2.58280784e-01,  2.70337820e-01,
       -3.05956397e-02,  6.08528070e-02,  2.94383198e-01, -1.37117669e-01,
       -2.19421908e-01,  1.90692335e-01, -1.76605776e-01,  9.56943408e-02,
        1.60351709e-01, -1.68324590e-01, -5.79357073e-02, -6.12518750e-02,
        1.89044133e-01, -1.53657749e-01, -2.66510576e-01,  2.35846594e-01,
       -6.40887767e-02, -2.39101052e-01,  2.82759160e-01,  1.12704246e-03,
        5.41452244e-02,  6.58038855e-02,  9.21272412e-02, -1.29422277e-01,
       -5.95769621e-02, -2.49535963e-01, -9.66746658e-02, -2.63863534e-01,
       -5.22684045e-02,  3.67767597e-03,  1.82312325e-01, -2.10528508e-01,
        2.76666563e-02,  1.88509971e-01,  2.69276630e-02, -3.34729493e-01,
       -1.05777748e-01,  1.88757464e-01, -6.23707063e-02, -2.30124801e-01,
       -1.38789922e-01, -4.16902788e-02,  1.88804030e-01,  1.39738455e-01,
        6.13299459e-02, -2.27218226e-01, -3.20598453e-01,  2.61460096e-01,
        7.58529976e-02, -3.84302624e-02,  1.13460548e-01,  1.79842278e-01,
        1.62271068e-01, -8.17906857e-02,  3.08646448e-02, -2.30050772e-01,
       -3.17206271e-02,  2.91233182e-01, -2.38127500e-01,  1.68676883e-01,
       -2.95058012e-01,  2.54338294e-01, -2.82566220e-01, -8.44664574e-02,
       -2.07679093e-01,  2.78543562e-01, -1.51836663e-01, -1.70324609e-01,
       -2.02130750e-02, -4.23410051e-02, -2.19542682e-01,  2.10596755e-01,
       -1.15374230e-01, -2.82667398e-01,  1.15741581e-01, -9.08712670e-02,
       -6.58936128e-02,  3.63902794e-03,  2.29623929e-01, -2.11053431e-01,
       -2.60617018e-01,  2.93660611e-01,  1.28032826e-02,  4.03876696e-03,
        1.49833769e-01, -2.49045849e-01,  9.02642608e-02,  2.65772909e-01,
        9.24732834e-02, -1.20130666e-01, -3.15924850e-03,  2.37592593e-01,
        2.13015631e-01,  2.26305455e-01,  1.72079667e-01,  5.80866821e-02,
       -9.10536125e-02,  1.66558940e-02,  8.96414146e-02,  4.05647345e-02,
       -5.56999408e-02,  5.05065471e-02, -4.65310514e-02,  2.00921949e-02,
        6.27265945e-02,  2.37607345e-01, -2.51016110e-01,  7.26973489e-02,
        8.86305198e-02, -2.20366850e-01,  8.13815594e-02, -1.40031457e-01,
       -9.00442749e-02, -2.81247735e-01,  1.69391349e-01, -5.59198409e-02,
       -2.46626288e-01,  1.17004454e-01, -4.35561351e-02,  2.61903912e-01,
        1.88800186e-01,  8.28020498e-02,  1.22760702e-02,  2.48826176e-01,
       -2.26295725e-01, -2.16945112e-01,  4.71849665e-02,  3.23044777e-01,
        9.27718729e-02,  2.11851031e-01, -1.71354517e-01, -1.74248040e-01,
       -1.82176858e-01, -2.36567542e-01, -9.86419152e-03,  2.45808005e-01,
        1.35076061e-01,  1.60428941e-01,  6.60090670e-02, -2.08000820e-02,
        2.77848274e-01,  1.42028168e-01, -5.54298051e-02,  1.45151168e-02,
        1.62414715e-01, -2.36717567e-01, -1.67053506e-01,  2.75102407e-01,
        2.40202054e-01, -1.83489352e-01,  2.50075519e-01,  1.41658811e-02,
        2.22008944e-01, -2.22933084e-01,  1.44096509e-01, -1.70111686e-01,
       -2.84644753e-01, -2.81916242e-02,  7.55511522e-02,  2.39760116e-01,
       -1.91647217e-01, -1.48712322e-01,  3.01361471e-01, -1.28535986e-01,
        7.48288035e-02,  6.43018410e-02,  2.94776678e-01,  3.43649574e-02,
        4.15533483e-02, -1.74195722e-01, -2.95115381e-01,  1.43927127e-01,
        2.62438655e-01,  1.41827792e-01, -1.36701554e-01,  6.71471953e-02],
      dtype=float32), 'decoder.fc.2.weight': array([[-4.9255207e-02, -3.2385990e-02,  2.0782636e-02, ...,
        -4.0571835e-02,  3.5389923e-02,  8.4402263e-03],
       [ 5.3553689e-02,  1.3481762e-02,  5.6430399e-02, ...,
         1.2837019e-02,  5.9181936e-02, -3.0505138e-02],
       [ 8.2521256e-05,  4.8587441e-02, -2.6177447e-02, ...,
        -1.9722326e-04, -5.1961485e-02, -2.2281956e-02],
       ...,
       [-2.7591361e-02,  2.5036691e-02, -5.6821894e-02, ...,
        -6.2514618e-03, -5.8486499e-03,  1.1788546e-02],
       [ 1.2266088e-02,  2.3067212e-02, -4.5506287e-02, ...,
        -4.1322868e-02,  2.0202663e-02, -1.5046846e-02],
       [-1.5320947e-02,  6.0933702e-02, -7.5541936e-02, ...,
        -8.1116725e-03, -1.2253928e-02,  5.2873533e-02]], dtype=float32), 'decoder.fc.2.bias': array([-0.01033776, -0.02062616, -0.01234369, ..., -0.0304705 ,
       -0.05531657,  0.03310001], dtype=float32), 'decoder.fc.4.weight': array([[ 0.01738667, -0.01612472, -0.00846491, ...,  0.00373567,
         0.00809182,  0.00859409],
       [ 0.00810554,  0.00218971,  0.0108541 , ..., -0.00481321,
        -0.01716018, -0.00077481],
       [ 0.01282054,  0.0137247 , -0.01603674, ..., -0.00694191,
         0.0177443 , -0.01622481],
       ...,
       [ 0.00369098, -0.04193821,  0.02391825, ...,  0.01984842,
         0.00734385,  0.00773724],
       [ 0.0096925 ,  0.01193817,  0.04097302, ...,  0.00263003,
         0.01482566,  0.05949713],
       [-0.01479745, -0.00833207,  0.00330615, ..., -0.00494336,
         0.00135274, -0.00101732]], dtype=float32), 'decoder.fc.4.bias': array([-7.78290632e-05,  5.43582905e-03, -3.57265747e-03, -8.11963528e-03,
       -5.75722288e-03,  2.88211484e-03,  1.20698018e-02,  1.37016289e-02,
       -2.46370845e-02, -8.24114680e-03, -2.34894804e-03,  1.96503773e-02,
       -1.26218610e-02, -2.31399275e-02,  1.30577972e-02,  7.53596844e-03,
        1.62777547e-02, -2.74827750e-03,  7.87891354e-03,  2.26164032e-02,
       -2.29112860e-02,  9.31842532e-03, -3.88979493e-03, -1.77620910e-02,
        2.24908441e-02,  8.77056736e-03, -1.95156503e-02, -2.28027310e-02,
       -2.57173106e-02,  9.42107942e-03, -2.37829275e-02,  8.41521192e-03,
        4.29783436e-03, -1.66400708e-02,  1.07106958e-02,  3.01852021e-02,
       -2.50684749e-02, -2.19459436e-03, -5.84495673e-03,  3.94347077e-03,
        1.92479286e-02, -1.79065093e-02, -1.60862587e-03,  3.49826999e-02,
        1.71300266e-02, -1.49389841e-02,  6.55616028e-03, -9.84809920e-03,
        1.52941002e-02, -1.55051891e-02,  1.03482306e-02,  1.68743860e-02,
        1.14929602e-02,  2.59919055e-02, -3.01653892e-03, -8.54015758e-04,
       -9.48582217e-03,  6.71464670e-03, -4.24100459e-03,  9.31921694e-03,
        1.09302634e-02,  1.37819117e-02, -9.60899144e-03, -1.78366266e-02,
        1.27151748e-02, -4.97948285e-03, -3.59850749e-03, -1.80329313e-03,
       -8.45963974e-03, -2.14119777e-02, -9.81388893e-03,  5.49871381e-03,
        3.54918428e-02,  2.05523185e-02,  1.52802430e-02,  5.01625845e-03,
        2.46676411e-02, -1.79004427e-02, -9.36436467e-03, -1.30192062e-03,
       -1.71933714e-02, -7.26145087e-03,  3.92513536e-03, -8.96873791e-03,
       -5.75919077e-03, -1.63304470e-02, -1.65580458e-03, -3.94039880e-03,
       -4.24173707e-03,  9.41438787e-03,  1.13775777e-02,  1.24132568e-02,
       -9.98748117e-04, -3.39682703e-03, -1.89521201e-02,  3.21819670e-02,
        8.83277413e-03, -1.17774280e-02, -2.55387910e-02,  1.29887834e-02,
        1.55695074e-03, -1.89910550e-02, -1.37607306e-02, -1.76597629e-02,
        2.43503917e-02, -1.91810764e-02,  1.87667776e-02, -4.42856131e-03,
       -1.33016100e-02, -2.03438923e-02, -8.80637951e-03, -1.66266486e-02,
        7.12148426e-03,  4.88427607e-03, -7.41645228e-03, -6.74563274e-03,
        8.32358189e-03,  1.45792626e-02,  1.83474533e-02,  2.31802389e-02,
       -1.00920750e-02,  1.41090583e-02, -1.79414302e-02, -8.31160415e-03,
       -6.06109109e-03,  5.28575480e-03, -8.46529007e-03, -1.60487499e-02,
        2.12482177e-02, -5.45712933e-03,  2.04878505e-02,  4.56745038e-03,
       -1.40543394e-02,  1.05523681e-02, -8.97614099e-03,  2.68580829e-04,
       -2.07055919e-02,  1.34077212e-02,  6.29676785e-03, -1.62529126e-02,
       -9.62498784e-03, -4.16915677e-03, -1.29540944e-02,  6.73025846e-03,
       -1.75593384e-02, -1.79350097e-02,  5.59278578e-03,  2.07651425e-02,
       -8.85645859e-03, -1.41299861e-02, -1.73819829e-02,  2.95354170e-03,
       -2.58728396e-02, -6.18487131e-03,  8.96905921e-03,  2.61940737e-03,
        1.07533624e-03, -1.08835602e-03,  4.32352856e-04,  2.11982094e-02,
        2.15784255e-02,  1.48275839e-02,  1.30543225e-02, -2.37505659e-02,
        1.09732721e-03,  7.03512365e-03, -5.97244455e-03, -2.31106747e-02,
        1.44182965e-02,  2.50303168e-02, -2.05065534e-02, -1.71821620e-02,
        1.75413676e-02, -1.92180816e-02,  2.37967335e-02, -2.68765129e-02,
        2.57354882e-02,  3.07391286e-02, -1.06634907e-02,  1.24975741e-02,
        9.78490207e-05, -3.28559382e-03,  2.09802180e-03, -1.23953642e-02,
       -2.36322507e-02,  2.14939611e-03,  1.62757337e-02, -1.54645322e-02,
        1.08646639e-02,  1.05625354e-02, -1.69923250e-02, -2.30641309e-02,
       -7.27209263e-03, -1.19937938e-02, -6.97594415e-03,  2.19218135e-02,
        8.71216413e-03, -1.94098288e-03,  1.06306114e-04,  1.13019543e-02,
        3.03630717e-02,  2.89209690e-02, -2.17356777e-04, -1.84651166e-02,
        1.01637235e-02,  6.32663444e-03, -4.79049888e-03,  1.46874310e-02,
        1.54405432e-02,  2.66979430e-02, -2.55527021e-03,  1.42788338e-02,
       -1.54056968e-02,  1.53514734e-02,  2.76292325e-03,  1.77888316e-03,
       -8.45160894e-03, -4.91045939e-05, -1.89930126e-02,  1.40991202e-02,
       -1.54068964e-02,  1.00608710e-02,  3.55637111e-02, -1.19313346e-02,
        4.16390412e-03, -3.12929810e-03,  2.15523597e-02,  7.12533575e-03,
        1.57436728e-02,  3.56718129e-03,  9.81675461e-03, -1.47971781e-02,
       -3.10903951e-03, -2.77208909e-02, -5.60823421e-04, -1.83213651e-02,
       -5.92912361e-03,  1.46185001e-02, -2.03417968e-02, -8.76234751e-03,
        3.92546551e-03,  4.22478430e-02, -1.58468960e-03,  1.13013843e-02,
       -1.92934163e-02,  1.35090249e-02, -1.48205913e-03,  4.89550596e-03,
        1.03992280e-02,  6.77560782e-03,  1.23204468e-02, -1.00524630e-03,
        7.94242509e-03,  5.20608202e-03,  1.71381235e-03, -1.37105072e-02,
        4.82873386e-03,  2.98990146e-03, -1.35775935e-03,  2.67091505e-02,
       -1.34578208e-02,  1.57545116e-02,  1.62586961e-02,  2.68299375e-02,
       -1.30813923e-02,  1.19162435e-02, -8.89553316e-03,  9.95253306e-03,
        8.88422783e-03, -2.08099149e-02,  5.27996244e-03,  4.09901980e-03,
        1.95264500e-02,  1.36722308e-02,  4.39238641e-03, -8.44579283e-03,
        1.52331283e-02, -1.26709891e-02, -1.92544367e-02, -1.60777606e-02,
       -2.19982471e-02,  8.81270040e-03, -1.96626242e-02,  9.55056632e-04,
        3.15202144e-03,  1.23444409e-03, -1.53611032e-02,  1.30584538e-02,
       -1.74651723e-02, -2.29265857e-02, -1.12805022e-02,  4.27797809e-03,
        2.22623255e-03,  2.33298214e-03,  3.01433150e-02,  3.63818184e-02,
        2.33388366e-03, -2.22326349e-02,  1.39063355e-02, -4.47629631e-04,
        6.81853807e-03, -1.41167070e-03, -1.19187161e-02, -2.42452566e-02,
        1.34887546e-02, -2.63194460e-02, -6.39675139e-03, -2.31315643e-02,
        2.73413807e-02,  1.50753688e-02, -6.20427867e-03,  6.10089279e-04,
       -5.45461802e-03, -1.62655581e-02, -2.00157594e-02, -2.02790312e-02,
        4.35434980e-03,  1.30637977e-02,  1.40009895e-02, -3.36001324e-03,
        7.34825328e-04,  3.11040170e-02, -8.43351707e-03,  2.25882828e-02,
       -2.17344742e-02, -4.97802626e-03,  2.23338921e-02, -5.01308078e-03,
       -1.90103482e-02,  1.44230365e-03,  2.04435876e-03,  1.28821132e-03,
       -1.19865378e-02, -2.54283268e-02, -1.16619421e-03,  1.71764474e-02,
       -2.30314787e-02,  1.33279217e-02, -8.57651699e-03,  2.80075776e-03,
        2.69659888e-02, -1.76357590e-02,  2.54589226e-02, -2.30838973e-02,
        8.36010557e-03, -3.13007599e-03, -1.52881164e-02, -2.61936057e-03,
        2.30586641e-02, -2.65957341e-02, -6.80464413e-03,  1.32659189e-02,
        1.17171919e-02, -1.97828319e-02,  1.02714142e-02,  8.93867575e-03,
       -2.70664506e-02,  9.20792948e-03, -1.43464198e-02, -1.70493163e-02,
       -2.12905817e-02,  5.97665785e-03,  4.27234285e-02, -9.17970762e-03,
       -4.34097880e-03,  1.64665300e-02,  1.63095035e-02,  3.01174819e-02,
       -1.90441459e-02,  2.93184724e-03, -2.35470068e-02,  3.16381012e-03,
        1.17239263e-02, -2.47493666e-02, -1.08976597e-02, -1.93890091e-03,
        6.63983030e-03, -4.79572685e-03,  1.83527842e-02, -5.74193150e-03,
       -4.55701910e-03, -2.01436598e-02,  1.10306898e-02,  8.06669705e-03,
        4.85678250e-03,  1.71220326e-03, -4.17930353e-03, -1.38666481e-02,
       -3.14302905e-03,  4.10844386e-03,  4.32681432e-03,  1.78713687e-02,
       -4.28002281e-03, -6.77075004e-03,  6.59145648e-03,  8.26971256e-04,
       -1.26127014e-02,  1.18707065e-02,  9.80249257e-04, -1.45245800e-02,
       -2.41657533e-02, -4.87385929e-04, -1.62943248e-02,  8.00466351e-03,
       -2.54507139e-02, -2.91633513e-03,  7.87070114e-03,  1.21637601e-02,
       -4.36150702e-03,  4.20102471e-04, -1.68718304e-02,  2.93363705e-02,
       -1.72161460e-02, -5.40457712e-03,  1.69141628e-02,  6.00276096e-03,
        1.67166460e-02, -1.96882803e-02,  2.29456853e-02,  1.18788413e-03,
       -1.17903640e-02, -1.71416122e-02,  1.99712198e-02,  1.08645083e-02,
        7.83240329e-03, -2.19109971e-02, -5.62007679e-03, -2.46722228e-03,
       -8.19416996e-03, -1.76977459e-03, -2.04968657e-02,  1.81365144e-02,
       -8.45506671e-04,  2.06136759e-02,  2.52138712e-02,  1.98003184e-02,
        2.12167874e-02, -2.26595905e-02, -4.80041001e-03, -4.21191659e-03,
        1.10718496e-02, -1.46974553e-03, -1.88134611e-02,  2.36608889e-02,
        4.18583816e-03,  1.41511969e-02,  1.52149098e-02, -1.22727985e-02,
        2.32356833e-03,  7.11219432e-03, -1.77442245e-02, -2.72938833e-02,
       -2.66444497e-02,  2.69616693e-02, -2.44005350e-03,  3.55876749e-03,
       -4.40192269e-03, -2.08384451e-03, -1.00700092e-03,  8.84222053e-03,
        3.39477360e-02,  6.29042089e-03,  2.76703350e-02,  5.50094759e-03,
        2.09670328e-02,  9.66307800e-03, -2.58593298e-02, -3.25312503e-02,
        1.51994172e-02,  2.01555490e-02,  2.23746486e-02,  2.29506288e-02,
        1.33056175e-02,  2.85282806e-02, -2.29548942e-03, -1.17047373e-02,
        3.15475743e-03,  4.23597964e-03, -2.35880259e-02,  3.60356993e-03,
       -1.84148718e-02, -1.26962522e-02, -2.78033093e-02, -9.29021277e-03,
       -1.46411890e-02,  1.56324450e-02,  7.70889595e-03,  3.40463817e-02,
       -1.43364444e-02, -2.35365760e-02, -4.90732398e-03,  3.72873759e-03,
       -3.05524631e-03,  3.78364623e-02,  2.52603032e-02, -1.55157614e-02,
        1.54630719e-02, -1.54742748e-02, -2.34018266e-02, -3.79074970e-03],
      dtype=float32), 'decoder.fc.6.weight': array([[-0.02559068,  0.01422209, -0.00658316, ...,  0.03766128,
        -0.04206827,  0.00502579],
       [ 0.02655964, -0.04103188, -0.04211946, ...,  0.02813872,
         0.0180881 , -0.03025198],
       [ 0.00605996, -0.01746458,  0.04545011, ..., -0.03620986,
         0.01680814,  0.00588501],
       ...,
       [ 0.02381054, -0.0277854 , -0.02281682, ...,  0.00012665,
         0.03305068,  0.02182524],
       [-0.0082305 , -0.04784343, -0.01814784, ..., -0.00301032,
         0.03148956, -0.01934928],
       [-0.0386712 , -0.00575604,  0.0331874 , ...,  0.00662353,
         0.04834068, -0.00863542]], dtype=float32), 'decoder.fc.6.bias': array([ 0.00974144, -0.06114618,  0.02195548, ...,  0.01928197,
       -0.03460376, -0.00158712], dtype=float32)}
[Time: 29.01.25 14:58:18] [Level: info] [State: aggregate] Updating global model...
[Time: 29.01.25 14:58:18] [Level: info] [State: aggregate] Broadcasting model...
[Time: 29.01.25 14:58:18] [Level: info] transition: compute
[Time: 29.01.25 14:58:19] [Level: info] state: compute
[Time: 29.01.25 14:58:19] [Level: info] [State: compute] ITERATION 2
[Time: 29.01.25 14:58:19] [Level: info] [State: compute] receiving weights...
[Time: 29.01.25 14:58:19] [Level: info] [State: compute] Loading global weights for model...
[Time: 29.01.25 14:58:19] [Level: info] [State: compute] Updated model with received weights.
[Time: 29.01.25 14:58:19] [Level: info] [State: compute] Loading data...
[Time: 29.01.25 14:58:19] [Level: info] [State: compute] Preparing model training...
[Time: 29.01.25 14:58:19] [Level: info] [State: compute] Training model...
127.0.0.1 - - [29/Jan/2025 14:58:19] "GET /api/status HTTP/1.0" 200 158
[CTRL] GET /data
[Time: 29.01.25 14:58:27] [Level: info] [State: compute] Epoch 10, Loss: 2179.31982421875
127.0.0.1 - - [29/Jan/2025 14:58:29] "GET /api/data HTTP/1.0" 200 58363374
[Time: 29.01.25 14:58:29] [Level: info] [State: compute] Epoch 20, Loss: 3.5784459114074707
127.0.0.1 - - [29/Jan/2025 14:58:31] "GET /api/status HTTP/1.0" 200 155
127.0.0.1 - - [29/Jan/2025 14:58:33] "GET /api/status HTTP/1.0" 200 155
127.0.0.1 - - [29/Jan/2025 14:58:35] "GET /api/status HTTP/1.0" 200 155
[Time: 29.01.25 14:58:37] [Level: info] [State: compute] Epoch 30, Loss: 2.492408037185669
127.0.0.1 - - [29/Jan/2025 14:58:37] "GET /api/status HTTP/1.0" 200 155
127.0.0.1 - - [29/Jan/2025 14:58:39] "GET /api/status HTTP/1.0" 200 155
127.0.0.1 - - [29/Jan/2025 14:58:41] "GET /api/status HTTP/1.0" 200 155
127.0.0.1 - - [29/Jan/2025 14:58:43] "GET /api/status HTTP/1.0" 200 155
127.0.0.1 - - [29/Jan/2025 14:58:45] "GET /api/status HTTP/1.0" 200 155
127.0.0.1 - - [29/Jan/2025 14:58:47] "GET /api/status HTTP/1.0" 200 155
127.0.0.1 - - [29/Jan/2025 14:58:49] "GET /api/status HTTP/1.0" 200 155
127.0.0.1 - - [29/Jan/2025 14:58:51] "GET /api/status HTTP/1.0" 200 155
127.0.0.1 - - [29/Jan/2025 14:58:53] "GET /api/status HTTP/1.0" 200 155
127.0.0.1 - - [29/Jan/2025 14:58:55] "GET /api/status HTTP/1.0" 200 155
127.0.0.1 - - [29/Jan/2025 14:58:57] "GET /api/status HTTP/1.0" 200 155
127.0.0.1 - - [29/Jan/2025 14:59:00] "GET /api/status HTTP/1.0" 200 155
127.0.0.1 - - [29/Jan/2025 14:59:02] "GET /api/status HTTP/1.0" 200 155
127.0.0.1 - - [29/Jan/2025 14:59:04] "GET /api/status HTTP/1.0" 200 155
[Time: 29.01.25 14:59:05] [Level: info] [State: compute] Epoch 40, Loss: 2.1981430053710938
127.0.0.1 - - [29/Jan/2025 14:59:06] "GET /api/status HTTP/1.0" 200 155
127.0.0.1 - - [29/Jan/2025 14:59:08] "GET /api/status HTTP/1.0" 200 155
127.0.0.1 - - [29/Jan/2025 14:59:10] "GET /api/status HTTP/1.0" 200 155
127.0.0.1 - - [29/Jan/2025 14:59:12] "GET /api/status HTTP/1.0" 200 155
127.0.0.1 - - [29/Jan/2025 14:59:14] "GET /api/status HTTP/1.0" 200 155
127.0.0.1 - - [29/Jan/2025 14:59:16] "GET /api/status HTTP/1.0" 200 155
127.0.0.1 - - [29/Jan/2025 14:59:18] "GET /api/status HTTP/1.0" 200 155
127.0.0.1 - - [29/Jan/2025 14:59:20] "GET /api/status HTTP/1.0" 200 155
127.0.0.1 - - [29/Jan/2025 14:59:22] "GET /api/status HTTP/1.0" 200 155
127.0.0.1 - - [29/Jan/2025 14:59:24] "GET /api/status HTTP/1.0" 200 155
127.0.0.1 - - [29/Jan/2025 14:59:26] "GET /api/status HTTP/1.0" 200 155
127.0.0.1 - - [29/Jan/2025 14:59:28] "GET /api/status HTTP/1.0" 200 155
127.0.0.1 - - [29/Jan/2025 14:59:30] "GET /api/status HTTP/1.0" 200 155
[Time: 29.01.25 14:59:30] [Level: info] [State: compute] Epoch 50, Loss: 2.1493630409240723
127.0.0.1 - - [29/Jan/2025 14:59:32] "GET /api/status HTTP/1.0" 200 155
127.0.0.1 - - [29/Jan/2025 14:59:34] "GET /api/status HTTP/1.0" 200 155
127.0.0.1 - - [29/Jan/2025 14:59:36] "GET /api/status HTTP/1.0" 200 155
127.0.0.1 - - [29/Jan/2025 14:59:38] "GET /api/status HTTP/1.0" 200 155
127.0.0.1 - - [29/Jan/2025 14:59:40] "GET /api/status HTTP/1.0" 200 155
127.0.0.1 - - [29/Jan/2025 14:59:42] "GET /api/status HTTP/1.0" 200 155
127.0.0.1 - - [29/Jan/2025 14:59:44] "GET /api/status HTTP/1.0" 200 155
127.0.0.1 - - [29/Jan/2025 14:59:46] "GET /api/status HTTP/1.0" 200 155
127.0.0.1 - - [29/Jan/2025 14:59:48] "GET /api/status HTTP/1.0" 200 155
127.0.0.1 - - [29/Jan/2025 14:59:50] "GET /api/status HTTP/1.0" 200 155
[Time: 29.01.25 14:59:51] [Level: info] [State: compute] Epoch 60, Loss: 2.139601707458496
127.0.0.1 - - [29/Jan/2025 14:59:52] "GET /api/status HTTP/1.0" 200 155
127.0.0.1 - - [29/Jan/2025 14:59:54] "GET /api/status HTTP/1.0" 200 155
127.0.0.1 - - [29/Jan/2025 14:59:56] "GET /api/status HTTP/1.0" 200 155
127.0.0.1 - - [29/Jan/2025 14:59:58] "GET /api/status HTTP/1.0" 200 155
127.0.0.1 - - [29/Jan/2025 15:00:00] "GET /api/status HTTP/1.0" 200 155
127.0.0.1 - - [29/Jan/2025 15:00:02] "GET /api/status HTTP/1.0" 200 155
127.0.0.1 - - [29/Jan/2025 15:00:04] "GET /api/status HTTP/1.0" 200 155
127.0.0.1 - - [29/Jan/2025 15:00:06] "GET /api/status HTTP/1.0" 200 155
127.0.0.1 - - [29/Jan/2025 15:00:08] "GET /api/status HTTP/1.0" 200 155
127.0.0.1 - - [29/Jan/2025 15:00:10] "GET /api/status HTTP/1.0" 200 155
[Time: 29.01.25 15:00:11] [Level: info] [State: compute] Epoch 70, Loss: 2.1891562938690186
127.0.0.1 - - [29/Jan/2025 15:00:12] "GET /api/status HTTP/1.0" 200 155
127.0.0.1 - - [29/Jan/2025 15:00:14] "GET /api/status HTTP/1.0" 200 155
127.0.0.1 - - [29/Jan/2025 15:00:16] "GET /api/status HTTP/1.0" 200 155
127.0.0.1 - - [29/Jan/2025 15:00:18] "GET /api/status HTTP/1.0" 200 155
127.0.0.1 - - [29/Jan/2025 15:00:20] "GET /api/status HTTP/1.0" 200 155
127.0.0.1 - - [29/Jan/2025 15:00:22] "GET /api/status HTTP/1.0" 200 155
127.0.0.1 - - [29/Jan/2025 15:00:24] "GET /api/status HTTP/1.0" 200 155
127.0.0.1 - - [29/Jan/2025 15:00:26] "GET /api/status HTTP/1.0" 200 155
127.0.0.1 - - [29/Jan/2025 15:00:28] "GET /api/status HTTP/1.0" 200 155
[Time: 29.01.25 15:00:30] [Level: info] [State: compute] Epoch 80, Loss: 2.1883718967437744
127.0.0.1 - - [29/Jan/2025 15:00:30] "GET /api/status HTTP/1.0" 200 155
127.0.0.1 - - [29/Jan/2025 15:00:32] "GET /api/status HTTP/1.0" 200 155
127.0.0.1 - - [29/Jan/2025 15:00:34] "GET /api/status HTTP/1.0" 200 155
127.0.0.1 - - [29/Jan/2025 15:00:36] "GET /api/status HTTP/1.0" 200 155
127.0.0.1 - - [29/Jan/2025 15:00:38] "GET /api/status HTTP/1.0" 200 155
127.0.0.1 - - [29/Jan/2025 15:00:40] "GET /api/status HTTP/1.0" 200 155
127.0.0.1 - - [29/Jan/2025 15:00:42] "GET /api/status HTTP/1.0" 200 155
127.0.0.1 - - [29/Jan/2025 15:00:44] "GET /api/status HTTP/1.0" 200 155
127.0.0.1 - - [29/Jan/2025 15:00:46] "GET /api/status HTTP/1.0" 200 155
127.0.0.1 - - [29/Jan/2025 15:00:48] "GET /api/status HTTP/1.0" 200 155
[Time: 29.01.25 15:00:50] [Level: info] [State: compute] Epoch 90, Loss: 2.1874210834503174
127.0.0.1 - - [29/Jan/2025 15:00:50] "GET /api/status HTTP/1.0" 200 155
127.0.0.1 - - [29/Jan/2025 15:00:52] "GET /api/status HTTP/1.0" 200 155
127.0.0.1 - - [29/Jan/2025 15:00:54] "GET /api/status HTTP/1.0" 200 155
127.0.0.1 - - [29/Jan/2025 15:00:56] "GET /api/status HTTP/1.0" 200 155
127.0.0.1 - - [29/Jan/2025 15:00:58] "GET /api/status HTTP/1.0" 200 155
127.0.0.1 - - [29/Jan/2025 15:01:00] "GET /api/status HTTP/1.0" 200 155
127.0.0.1 - - [29/Jan/2025 15:01:02] "GET /api/status HTTP/1.0" 200 155
127.0.0.1 - - [29/Jan/2025 15:01:04] "GET /api/status HTTP/1.0" 200 155
[Time: 29.01.25 15:01:05] [Level: info] [State: compute] Epoch 100, Loss: 2.186218738555908
/usr/local/lib/python3.8/site-packages/sklearn/cluster/_kmeans.py:1416: FutureWarning: The default value of `n_init` will change from 10 to 'auto' in 1.4. Set the value of `n_init` explicitly to suppress the warning
  super()._check_params_vs_input(X, default_n_init=10)
/usr/local/lib/python3.8/site-packages/sklearn/base.py:1152: ConvergenceWarning: Number of distinct clusters (1) found smaller than n_clusters (2). Possibly due to duplicate points in X.
  return fit_method(estimator, *args, **kwargs)
[Time: 29.01.25 15:01:06] [Level: info] [State: compute] Saving model and decoder...
[Time: 29.01.25 15:01:06] [Level: info] [State: compute] Sent updated weights to coordinator.
[Time: 29.01.25 15:01:06] [Level: info] transition: aggregate
127.0.0.1 - - [29/Jan/2025 15:01:06] "GET /api/status HTTP/1.0" 200 157
[Time: 29.01.25 15:01:07] [Level: info] state: aggregate
[Time: 29.01.25 15:01:07] [Level: info] [State: aggregate] Waitig for local models...
127.0.0.1 - - [29/Jan/2025 15:01:08] "GET /api/status HTTP/1.0" 200 157
127.0.0.1 - - [29/Jan/2025 15:01:10] "GET /api/status HTTP/1.0" 200 157
127.0.0.1 - - [29/Jan/2025 15:01:12] "GET /api/status HTTP/1.0" 200 157
127.0.0.1 - - [29/Jan/2025 15:01:14] "GET /api/status HTTP/1.0" 200 157
127.0.0.1 - - [29/Jan/2025 15:01:16] "GET /api/status HTTP/1.0" 200 157
127.0.0.1 - - [29/Jan/2025 15:01:18] "GET /api/status HTTP/1.0" 200 157
127.0.0.1 - - [29/Jan/2025 15:01:20] "GET /api/status HTTP/1.0" 200 157
[CTRL] POST /data
127.0.0.1 - - [29/Jan/2025 15:01:21] "POST /api/data?client=cb0eff23a39cbe7d&memo=GATHERROUND2 HTTP/1.0" 200 0
[CTRL] POST /data
127.0.0.1 - - [29/Jan/2025 15:01:22] "POST /api/data?client=c93e49e7bf8a8b05&memo=GATHERROUND2 HTTP/1.0" 200 0
[Time: 29.01.25 15:01:22] [Level: info] [State: aggregate] {'encoder.fc.0.weight': array([[ 0.02142657, -0.0222033 , -0.0045487 , ..., -0.00891676,
        -0.01385528,  0.02535932],
       [ 0.002282  ,  0.02868153,  0.01065929, ..., -0.00305807,
         0.02876833, -0.02839271],
       [-0.02454679, -0.02261879, -0.00681297, ..., -0.00058573,
        -0.02372295,  0.00274421],
       ...,
       [-0.01422008, -0.0234765 ,  0.00677088, ..., -0.02654162,
        -0.03024883,  0.01356699],
       [ 0.01653537, -0.01409295,  0.03399549, ...,  0.01877438,
        -0.0124076 ,  0.01097558],
       [ 0.0015624 , -0.0070254 ,  0.03131792, ..., -0.00421469,
        -0.02063827, -0.0077367 ]], dtype=float32), 'encoder.fc.0.bias': array([-1.81459393e-02, -4.69734855e-02,  4.03431505e-02, -2.51223147e-02,
       -7.12690596e-03, -5.90783879e-02, -2.31160298e-02, -3.17878015e-02,
       -2.08373647e-03, -4.73609604e-02, -4.10223939e-02, -2.87743961e-03,
       -2.91015534e-03, -2.77941581e-02, -4.00134884e-02, -3.38011514e-03,
       -4.24698442e-02, -4.13560234e-02, -1.70535799e-02, -3.63777243e-02,
        2.18432508e-02,  1.48894195e-03, -2.50166524e-02,  1.55045157e-02,
       -4.82262820e-02, -2.36329585e-02, -5.29932696e-03, -3.52262966e-02,
       -3.10378764e-02, -6.80688350e-03, -9.40468814e-03, -9.22321528e-03,
       -1.92680322e-02, -1.94086991e-02, -1.49338162e-02,  9.10824630e-03,
       -1.59268510e-02, -3.83929610e-02, -6.41307980e-03,  2.31853500e-02,
       -4.66077738e-02, -2.14537475e-02, -9.98394564e-04, -1.50720784e-02,
       -1.29224099e-02,  5.28761707e-02, -5.68358339e-02, -2.52628326e-02,
       -4.89777848e-02,  3.96328745e-03, -7.54997134e-03, -4.37757857e-02,
       -7.45081063e-03,  1.65432543e-02, -3.29065770e-02,  2.74865259e-03,
        2.90550776e-02, -1.56487226e-02, -1.01157371e-02, -1.32557435e-03,
       -2.10018530e-02,  1.06925599e-03, -8.80231149e-03, -2.95570283e-03,
       -1.15684243e-02, -4.97682318e-02, -8.23949277e-03, -4.62049358e-02,
       -1.54783726e-02,  1.56181020e-04, -2.73173433e-02, -2.80377604e-02,
       -3.03450786e-02,  1.64830051e-02, -3.12809236e-02, -1.78416818e-02,
       -3.53041478e-02, -4.41937856e-02, -1.56954601e-02, -2.90146284e-02,
       -2.23733839e-02, -2.99669597e-02,  1.39630139e-02, -1.91775020e-02,
        1.20322304e-02,  2.59734131e-02, -4.39974628e-02, -1.91151258e-02,
       -3.62500362e-02, -2.50469893e-02, -7.50022987e-03,  2.78517157e-02,
        3.38523160e-03, -2.43666414e-02, -3.28464620e-02,  2.25251392e-02,
       -1.33313220e-02, -2.50361320e-02,  1.23029426e-02,  5.80213927e-02,
       -2.74272915e-02,  1.65422296e-03, -1.15561727e-02, -9.50039923e-03,
       -3.96373449e-03, -2.80454308e-02, -1.83285270e-02, -3.74416076e-02,
       -2.80745216e-02, -4.33950312e-03,  1.23937204e-02, -4.46462072e-03,
        1.26643404e-02,  1.21392235e-02, -3.13922428e-02, -2.41485648e-02,
        1.22978874e-02, -3.28162760e-02,  2.64878012e-03, -1.16153788e-02,
       -7.64400605e-03,  2.64774133e-02, -3.30172814e-02, -3.58830392e-02,
       -3.16670910e-02,  3.37271579e-02,  2.50940584e-03, -1.99635588e-02,
       -1.85399707e-02, -2.61729956e-02,  1.63511354e-02, -1.78392529e-02,
       -4.52460647e-02, -6.92534633e-03, -1.54762669e-02, -1.79634318e-02,
       -2.73358598e-02,  1.17700621e-02, -2.16062013e-02, -3.92161235e-02,
       -4.01114020e-03, -1.14497393e-02, -4.60081063e-02, -1.99292395e-02,
       -3.57571207e-02, -1.33514367e-02, -1.02878837e-02, -2.20584758e-02,
       -2.97374297e-02, -4.28433642e-02, -5.05642081e-03, -9.52477101e-03,
       -3.49186687e-03,  1.31339557e-03, -8.48947465e-03, -6.29676133e-02,
       -4.04513441e-02, -2.23024115e-02,  3.17913033e-02, -4.63352315e-02,
        2.24516052e-03, -2.60649063e-02, -1.26244826e-02, -4.77927402e-02,
       -4.00963537e-02, -5.41817546e-02, -5.00381785e-03, -1.34795262e-02,
       -3.28959897e-02,  3.73815894e-02, -4.47094887e-02, -5.30665331e-02,
        4.11653984e-03, -2.12460407e-03, -1.60000864e-02, -1.31703552e-03,
       -4.63534407e-02, -3.62970531e-02,  1.17927128e-02, -1.75984520e-02,
       -4.12485301e-02, -8.36715847e-03, -2.28432938e-02, -6.40871841e-03,
       -1.63350217e-02, -1.01498608e-02, -3.44733521e-02, -1.69655622e-03,
        5.39954170e-04, -1.79522745e-02, -4.41342220e-03,  2.73203943e-03,
       -5.65057062e-02, -2.96780020e-02, -1.01301912e-02, -4.47562226e-04,
       -1.35731222e-02, -2.78984439e-02, -2.41367202e-02,  2.01063901e-02,
        1.22208055e-02, -3.12580448e-03, -5.10211615e-03, -2.06596032e-02,
       -2.83736549e-02, -1.99136734e-02, -2.47868150e-02, -9.47414374e-04,
       -5.84781952e-02, -6.09712414e-02, -5.85050248e-02, -3.45065519e-02,
       -2.69102771e-02, -4.28032409e-03, -2.15974711e-02, -1.58964749e-02,
       -2.84207612e-02, -2.26187240e-02, -3.38589996e-02, -2.68716346e-02,
        7.40777515e-03, -4.09228504e-02, -2.22634487e-02,  1.45958795e-03,
        1.20074991e-02,  1.25686610e-02, -4.88513336e-03, -2.99330782e-02,
       -1.19017325e-02, -4.92273970e-03, -2.24507712e-02, -3.00150216e-02,
       -1.54183554e-02, -2.18035299e-02, -3.11097465e-02, -3.80899832e-02,
       -8.66944622e-03, -3.78476977e-02, -1.53024988e-02, -2.06645019e-02,
       -2.58720536e-02, -2.13979613e-02, -4.32397276e-02, -8.90156906e-03,
       -1.54628316e-02,  3.64648900e-03, -1.81935653e-02, -4.36869934e-02,
       -1.70135349e-02, -1.43838096e-02, -3.06465430e-03, -5.11497185e-02,
       -4.93182987e-02,  4.56396397e-03, -4.05922420e-02, -1.72685869e-02,
        3.87952104e-03, -3.02103311e-02, -7.21877022e-03, -3.85811389e-03,
       -1.80856399e-02,  4.87181218e-03, -3.84681746e-02, -3.99589427e-02,
        1.45904664e-02,  2.00702157e-02, -5.85075766e-02,  1.00497226e-03,
       -3.96453142e-02, -3.37280147e-03, -2.62613408e-02, -2.23129499e-03,
       -6.87292591e-03, -3.39516699e-02, -3.05978507e-02, -1.37980944e-02,
       -1.23910895e-02, -5.50535768e-02, -1.18976897e-02, -1.76085066e-02,
       -3.79293263e-02, -5.64147979e-02,  2.54246052e-02, -1.25771877e-03,
        9.26685985e-03, -1.68873593e-02,  1.34259928e-03, -3.87293957e-02,
        1.12125529e-02,  2.11577881e-02, -8.42106456e-05, -4.16141637e-02,
       -4.06951010e-02, -3.18365142e-04, -9.60001815e-03, -5.69781801e-03,
       -4.76632081e-02,  9.20569350e-04,  1.30346324e-02, -4.76806574e-02,
       -1.15161780e-02, -1.23681361e-02, -5.09027392e-02, -5.54335751e-02,
       -2.43630260e-02, -2.00485382e-02, -4.37969826e-02, -5.71319982e-02,
       -2.77469750e-03, -6.74986234e-03,  3.68566695e-03, -5.40141575e-02,
       -1.77968238e-02, -4.35874052e-02, -2.93913372e-02, -4.09759842e-02,
       -2.46578138e-02, -7.60003738e-03, -4.37297039e-02, -5.27313575e-02,
       -2.77974829e-02,  2.23620143e-02, -2.91943587e-02,  7.64863752e-03,
        1.83443655e-04, -2.33696792e-02, -6.07338510e-02, -2.27520894e-02,
       -2.06188802e-02,  3.86384241e-02, -3.41028012e-02, -1.85505394e-02,
       -9.22686607e-03, -2.93282047e-02, -6.02382086e-02, -2.81956811e-02,
       -9.40528512e-03, -1.35168908e-02,  1.89187340e-02, -2.42474675e-02,
        2.03756317e-02, -3.40968668e-02, -1.11080082e-02, -3.31137776e-02,
       -5.80623560e-02, -5.94629422e-02, -1.65620111e-02, -1.27885053e-02,
       -2.99860332e-02, -5.11291958e-02, -3.37209702e-02,  4.48404858e-03,
       -3.05727404e-02, -1.05909230e-02, -8.79592844e-04, -2.20403150e-02,
       -4.55969498e-02, -6.20487798e-03, -4.89951670e-03, -2.63908021e-02,
       -2.59267185e-02,  1.55878896e-02, -1.45470938e-02, -2.92340573e-02,
       -2.42030360e-02, -2.68494021e-02, -5.89679591e-02, -3.23635750e-02,
       -6.13792520e-03, -2.24032775e-02, -4.14093062e-02,  4.90542129e-03,
       -3.57711986e-02,  1.39493020e-02, -4.08471674e-02, -9.39629506e-03,
       -3.95110846e-02, -2.28312630e-02, -4.08016902e-04, -4.85117026e-02,
       -1.28952553e-02,  1.13635072e-02,  5.50115714e-03, -6.01179060e-03,
       -2.88579464e-02, -1.30255939e-02, -1.44459670e-02,  2.68147178e-02,
        3.02855298e-02, -2.23608185e-02,  2.56897211e-02, -1.46750938e-02,
       -3.97178009e-02, -4.35568616e-02, -5.75330220e-02,  2.10492034e-02,
       -7.92392902e-03, -5.32790087e-02,  3.63198458e-03, -2.70320736e-02,
       -8.82670283e-03, -3.43138538e-02, -5.02236709e-02, -2.41549760e-02,
       -3.26284803e-02,  7.19746901e-03, -1.74320675e-02,  1.95133593e-02,
       -1.05111571e-02, -3.11414488e-02, -3.18397814e-03, -1.36462491e-04,
       -4.44991095e-03, -9.34761949e-03, -2.76504755e-02, -2.57616909e-03,
        7.23497150e-03, -8.50009790e-04, -1.14931203e-02, -3.21788364e-03,
       -4.35205474e-02, -3.42453830e-02, -2.54845060e-03, -5.25983935e-03,
        2.44387239e-03, -4.26002108e-02, -2.20273733e-02, -4.48709987e-02,
       -1.60446409e-02, -3.48791778e-02,  2.23850943e-02, -5.58159361e-03,
       -4.02670447e-03, -6.43164245e-03,  4.03878931e-03,  1.72037879e-04,
       -2.07761601e-02,  1.58370808e-02, -2.64571421e-02, -5.78837655e-03,
       -3.25443670e-02,  9.21890372e-04, -2.31296709e-03, -5.63020334e-02,
       -4.37073596e-02, -1.32351778e-02, -5.53006269e-02, -3.63029987e-02,
       -4.81567830e-02, -1.10984035e-02, -5.75423762e-02, -4.86796051e-02,
       -4.61754948e-02, -1.58986002e-02, -1.27312429e-02, -5.26993871e-02,
        1.71059910e-02, -4.74097170e-02,  1.14813428e-02, -1.20522445e-02,
       -5.68864085e-02,  1.68627556e-02, -3.25025804e-02, -1.17433937e-02,
       -8.04700144e-03,  2.64296457e-02, -2.92259250e-02, -4.91201505e-02,
       -1.64298806e-02, -1.36206765e-02, -4.58527793e-04, -3.66407633e-02,
       -5.09946682e-02, -5.16818576e-02,  1.65128178e-04, -8.19250103e-03,
        1.14218723e-02, -2.02511139e-02, -4.17657904e-02, -8.15916248e-03,
        6.28102105e-04, -2.31960453e-02,  6.80326018e-03, -5.81076443e-02,
       -2.22747792e-02, -5.01015522e-02, -2.46904492e-02, -2.55392715e-02,
       -3.86146603e-05, -4.17517126e-02, -2.99510229e-02, -5.62723689e-02,
       -6.29893830e-03, -3.36865373e-02, -4.63311262e-02, -2.36790553e-02,
       -2.80809756e-02,  1.33018859e-03,  1.02718035e-02, -4.94146952e-04],
      dtype=float32), 'encoder.fc.2.weight': array([[-0.1309445 ,  0.03081124,  0.08995782, ..., -0.0152128 ,
        -0.10382681,  0.00918228],
       [ 0.01384816, -0.02139331, -0.12206575, ..., -0.00294346,
        -0.11069575, -0.14043221],
       [-0.08915199,  0.09478486, -0.14288828, ...,  0.1105409 ,
        -0.11171247,  0.04948384],
       ...,
       [ 0.02637755, -0.15414278, -0.12473893, ...,  0.05213172,
        -0.01840219, -0.12459558],
       [ 0.01160835, -0.15232593,  0.0448968 , ..., -0.07215794,
        -0.09885038, -0.07064086],
       [-0.10603739,  0.00098175, -0.11376105, ..., -0.00833295,
        -0.01883481, -0.0127198 ]], dtype=float32), 'encoder.fc.2.bias': array([ 0.11748692, -0.08527797,  0.10735174, ..., -0.02961472,
       -0.10077887, -0.0569684 ], dtype=float32), 'encoder.fc.4.weight': array([[-0.06739229,  0.01119919, -0.0106902 , ...,  0.03338911,
         0.00231488, -0.06518539],
       [ 0.05369493,  0.05198528,  0.04464416, ..., -0.05884619,
        -0.00672209, -0.0147549 ],
       [-0.05867691,  0.02116808,  0.05956762, ..., -0.00195435,
        -0.02522717,  0.01598345],
       ...,
       [-0.05860622, -0.02602872, -0.00219726, ..., -0.03604303,
         0.0356321 ,  0.07467131],
       [-0.04134561, -0.00365323,  0.05946986, ..., -0.02333012,
        -0.06749213, -0.00683883],
       [ 0.00321714,  0.02108763, -0.07694748, ..., -0.05332366,
        -0.03664946,  0.03707683]], dtype=float32), 'encoder.fc.4.bias': array([-7.71376863e-02, -1.06823584e-02, -1.04201185e-02, -4.60464396e-02,
       -1.00775692e-03,  1.10949846e-02,  3.54497433e-02, -6.91577420e-02,
       -6.66334778e-02, -7.42567480e-02, -5.61805293e-02,  3.09282169e-02,
       -1.70801207e-02, -6.98180273e-02, -2.88966596e-02, -5.02037555e-02,
       -7.13443831e-02, -3.58191021e-02, -7.35723004e-02, -5.51829636e-02,
       -7.72195635e-03, -1.42874243e-03, -6.33956343e-02, -7.01918676e-02,
       -6.48283288e-02, -5.66287935e-02, -9.60929692e-03,  4.52084318e-02,
       -2.57809088e-02, -3.41766030e-02, -2.07994990e-02,  6.04199581e-02,
       -7.66108111e-02, -5.53054316e-03, -1.25380661e-02, -7.61308707e-03,
        3.45430411e-02,  3.03276740e-02, -3.93611714e-02, -6.97937384e-02,
       -5.35302088e-02, -4.71935719e-02,  5.22376373e-02, -8.11962038e-02,
       -1.23543032e-02, -1.53685035e-02, -2.94151995e-02,  1.02712233e-02,
       -2.79154219e-02,  4.64904942e-02,  1.70531012e-02,  1.06502278e-02,
       -4.87956814e-02,  4.51975316e-02, -5.19197509e-02, -3.35665792e-02,
        5.47915278e-03,  1.73268316e-04, -2.64459699e-02, -1.90083962e-02,
        9.26904567e-03, -6.10696487e-02,  2.43571978e-02, -2.19648387e-02,
        2.09159236e-02,  2.02169027e-02, -1.21635087e-02,  1.87502541e-02,
       -6.19265772e-02, -1.35142067e-02, -3.70031223e-02, -3.39449756e-02,
        2.27058232e-02, -2.33858749e-02,  4.52276468e-02, -7.81283248e-03,
        1.86244380e-02, -3.07866521e-02, -5.74041978e-02, -6.72926903e-02,
       -4.77037169e-02,  5.24619445e-02,  4.91833240e-02, -3.62268952e-03,
       -4.96068597e-02,  3.14578274e-03,  6.86127460e-03, -1.68190058e-02,
        3.96758430e-02, -4.24224474e-02,  3.49436849e-02, -5.80858029e-02,
       -3.67799681e-03,  5.04080430e-02, -3.49916294e-02, -7.47280642e-02,
       -3.63272056e-02,  1.59561187e-02,  2.03804001e-02, -6.98789805e-02,
       -1.98095702e-02, -2.99752951e-02, -7.77622163e-02,  2.02574432e-02,
        6.26663193e-02,  8.46736692e-03, -6.38102069e-02, -2.48133782e-02,
       -4.15836535e-02, -6.13867156e-02, -3.24909203e-02,  1.69489849e-02,
        3.14871892e-02,  3.97800393e-02,  3.56072633e-05, -4.80681770e-02,
        1.04582859e-02,  9.14274075e-04, -3.03139742e-02, -3.49819325e-02,
        3.22556146e-03,  2.01863348e-02,  5.51620917e-03,  3.18471268e-02,
        1.83815416e-03, -2.33601388e-02, -1.37526505e-02,  5.19505069e-02,
       -7.63229802e-02,  1.05430186e-02, -7.45585933e-02,  5.33733405e-02,
       -1.98676512e-02, -7.65658319e-02, -1.18301541e-03,  1.81871373e-02,
        6.58605015e-03,  3.05618718e-02, -3.92029993e-02, -6.05868138e-02,
       -6.30052909e-02,  2.10807715e-02,  3.65625992e-02,  5.02212942e-02,
       -2.21356507e-02, -1.59244053e-02, -2.39848322e-03,  4.00600359e-02,
       -4.44085300e-02, -5.89132197e-02, -2.63516661e-02, -4.81594577e-02,
       -1.23474868e-02,  2.29645148e-02,  1.39421606e-02,  4.24379855e-02,
       -4.22575064e-02, -2.48887967e-02, -4.61982600e-02, -5.69593087e-02,
        4.31571454e-02,  3.94390561e-02,  5.86395478e-03, -4.47110925e-03,
        3.29320058e-02,  7.15608289e-03, -1.00104641e-02,  7.34154433e-02,
       -7.08313286e-02, -5.97307784e-03, -6.03077710e-02,  1.70389917e-02,
       -5.01263551e-02, -8.51798654e-02,  1.63478591e-02, -2.98161842e-02,
       -5.19208685e-02, -6.71846196e-02, -5.27071171e-02,  4.21902984e-02,
       -4.91475724e-02, -5.69097288e-02,  3.06917392e-02,  4.98576984e-02,
       -7.30457902e-03,  8.47286452e-03,  5.48339598e-02,  1.58229750e-02,
       -3.91878337e-02,  4.62873653e-02,  1.99444816e-02, -1.66814553e-03,
       -3.10407556e-03, -1.70962028e-02,  3.77397262e-03, -1.51522625e-02,
       -6.20375201e-03,  2.75063375e-03, -6.54715896e-02, -1.48912882e-02,
       -6.99811280e-02, -2.97293160e-02, -4.42387983e-02, -4.14658040e-02,
       -4.76829931e-02,  4.45732512e-02,  1.86428558e-02, -5.09956591e-02,
       -1.94661561e-02, -7.64181539e-02, -3.03268824e-02, -4.96167876e-02,
       -7.73926228e-02, -5.91016188e-02,  2.88039655e-03, -1.87572222e-02,
        7.49455020e-03, -4.08168659e-02, -1.04147606e-02, -1.81972526e-03,
        3.19973081e-02,  4.88415658e-02, -8.20240304e-02,  3.03982478e-03,
        3.54126617e-02, -7.01105148e-02, -6.83366209e-02,  2.92925108e-02,
       -2.85820682e-02,  1.94058679e-02,  2.21408792e-02, -1.74164493e-02,
        3.43229137e-02, -1.21434992e-02, -8.64747725e-03,  2.06810199e-02,
        3.20917256e-02, -5.48108593e-02, -2.49218214e-02, -6.03532046e-02,
       -5.35228550e-02, -2.77366722e-03,  1.60580389e-02,  1.04263062e-02,
       -7.45176822e-02,  2.37679407e-02, -7.89016411e-02,  3.61394174e-02,
       -1.72294432e-03, -5.61038479e-02, -4.88206521e-02,  4.59952094e-02,
       -4.25251164e-02,  4.47709113e-02, -6.55610561e-02, -3.87509330e-03,
       -1.83583926e-02, -5.95954768e-02, -1.67673752e-02,  1.06126703e-02,
        3.46767604e-02,  3.88098368e-03,  1.02483609e-03, -4.28307205e-02,
        1.56042799e-02,  4.20935862e-02, -1.70784928e-02, -3.99138443e-02,
       -3.72873507e-02, -5.40012419e-02,  2.32827626e-02,  3.99497896e-02,
       -3.17421518e-02, -1.49550457e-02,  7.06934463e-03, -8.16685408e-02,
       -3.25867496e-02, -7.54708722e-02, -5.97897023e-02,  5.82462139e-02,
        3.86924669e-02, -3.81436907e-02,  1.23643642e-02,  4.81553227e-02,
        3.04025295e-03,  3.80494930e-02,  4.17437106e-02,  8.12078547e-03,
       -5.95633276e-02,  1.45266810e-02, -2.87092738e-02,  1.44224185e-02,
       -1.50789302e-02, -7.48159289e-02, -1.41057209e-03, -6.64869174e-02,
       -1.10855913e-02, -2.10948773e-02, -6.78658485e-02, -6.45315871e-02,
       -6.56632110e-02,  4.91766594e-02, -7.52545297e-02,  2.07834430e-02,
        5.11251986e-02,  2.23423745e-02, -6.59336746e-02, -3.59668806e-02,
        1.48222782e-02, -1.83486976e-02,  2.16882639e-02,  3.99808288e-02,
       -1.67224854e-02,  3.45323384e-02, -4.68998514e-02, -6.54950291e-02,
        4.06872556e-02,  9.25074518e-03, -5.31018861e-02,  3.63681838e-03,
       -2.50063911e-02, -3.95385139e-02, -7.79274777e-02, -4.35109213e-02,
       -3.11871953e-02,  5.13330251e-02,  4.02977727e-02, -2.09148340e-02,
        2.25761812e-02, -2.21815053e-02, -3.72181796e-02, -2.44576558e-02,
        5.16402982e-02,  7.07747322e-03, -2.13626362e-02, -3.70622240e-02,
        2.31904294e-02, -3.32369357e-02, -3.73323523e-02, -7.50812422e-03,
        1.53786447e-02,  2.70217750e-02, -5.65009266e-02,  2.39328630e-02,
        1.63671095e-02,  6.26686066e-02,  7.91921373e-03,  5.79285109e-03,
        8.44626967e-03,  1.12952180e-02,  1.72526632e-02, -1.18229007e-02,
       -5.61499689e-03, -7.63222808e-03, -7.67393485e-02, -4.50450443e-02,
        2.08736993e-02, -3.31550129e-02, -6.67269900e-02, -1.40554849e-02,
       -3.33183706e-02, -3.12378109e-02, -2.88978755e-03,  4.01318967e-02,
       -6.75466135e-02,  3.99064310e-02, -6.14045560e-02, -6.31947145e-02,
        2.50183269e-02, -7.62753130e-04, -2.48194262e-02,  6.19910844e-02,
       -9.45943035e-03,  9.24252963e-04,  3.78210619e-02,  1.03505701e-03,
       -4.96535003e-02, -1.75159536e-02,  2.61752512e-02, -3.09337745e-03,
        4.18933965e-02,  2.99875960e-02,  3.77386920e-02, -3.14296968e-03,
        9.32055525e-03, -7.62441903e-02, -7.42313415e-02, -4.08374630e-02,
       -4.07171808e-02, -1.84777845e-02, -2.33849753e-02, -1.90682262e-02,
       -3.23763415e-02, -1.40336230e-02,  3.89024280e-02, -5.94695807e-02,
        1.38383852e-02,  4.30895165e-02,  2.32800823e-02, -3.94804124e-03,
       -2.55747605e-02,  3.71984467e-02, -4.27784957e-02,  3.70143354e-02,
        3.67474533e-03,  9.06658173e-03,  2.78617963e-02, -4.73182462e-02,
       -6.97319508e-02,  2.67976951e-02, -7.67414421e-02,  4.39710952e-02,
        1.30335940e-02,  1.37763610e-03, -6.31446987e-02,  2.30541583e-02,
        3.53985317e-02, -2.12637074e-02, -1.78896245e-02,  7.79131660e-03,
        4.82631400e-02,  1.27379475e-02,  4.86377738e-02,  2.50654314e-02,
       -4.02173288e-02, -1.31003698e-02,  1.05843656e-02, -9.16914083e-03,
       -3.93364578e-02, -1.64667182e-02, -3.97467390e-02,  2.68602110e-02,
       -5.32408208e-02,  3.20401639e-02, -3.09937145e-03, -2.60360055e-02,
        2.17457339e-02,  1.52112050e-02, -7.19313473e-02,  1.11523480e-03,
        2.89789774e-02,  4.13782932e-02, -5.33889905e-02,  2.33512633e-02,
       -2.28281077e-02, -6.91500958e-03, -5.44880740e-02,  3.30536291e-02,
       -2.09391806e-02, -4.43456545e-02,  3.68853584e-02,  5.53644225e-02,
       -1.29208174e-02, -5.51929437e-02,  2.65814252e-02,  3.85596789e-02,
        2.65358798e-02,  5.47257066e-02, -1.54968747e-03,  3.71118039e-02,
        1.78619265e-03, -2.72043888e-02, -4.08263803e-02,  4.22919691e-02,
        2.82767299e-03, -8.18527397e-03, -7.16220438e-02,  2.16400493e-02,
        3.66218947e-02,  3.37339453e-02, -4.52461317e-02,  3.00393961e-02,
        3.56489830e-02,  4.35881652e-02,  4.47019152e-02, -2.35780701e-02,
        6.34239987e-03,  3.96090001e-02, -6.21965080e-02, -3.44078429e-02,
       -5.45294471e-02, -4.59646806e-02,  2.86383759e-02, -5.05806655e-02,
        2.21425463e-02, -1.41559904e-02,  3.46980840e-02, -1.22039663e-02,
       -2.31653336e-03, -6.92685181e-03,  3.87259647e-02,  1.26561578e-02,
       -1.22081414e-02,  3.58605944e-02,  1.07154734e-02, -9.15088132e-03,
       -1.84391886e-02,  1.82182994e-02,  4.35216203e-02,  5.81641346e-02],
      dtype=float32), 'encoder.fc.6.weight': array([[-0.04220584,  0.05216864,  0.1088832 , ...,  0.03385502,
         0.07900631, -0.07846949],
       [ 0.09361997, -0.09815267,  0.0105286 , ...,  0.12213211,
        -0.07743265,  0.07829247],
       [-0.09154415,  0.11531317,  0.1059446 , ...,  0.03239032,
        -0.03932188,  0.11389408],
       ...,
       [-0.00266499,  0.08292601,  0.00066307, ..., -0.04651636,
        -0.00502037,  0.11673497],
       [-0.08584908,  0.07495392, -0.05336481, ..., -0.13462979,
         0.10749701,  0.04835189],
       [-0.13550988,  0.10670896, -0.01721488, ..., -0.00926466,
         0.05345643, -0.04843611]], dtype=float32), 'encoder.fc.6.bias': array([-0.00445142,  0.07679877, -0.03416533,  0.13274086,  0.11683813,
       -0.0832369 , -0.05792342, -0.09168673,  0.11969036,  0.02132132],
      dtype=float32), 'decoder.fc.0.weight': array([[ 0.09491377,  0.5673267 ,  0.14426847, ...,  0.21437027,
         0.5828876 , -0.57163185],
       [-0.5948122 ,  0.05985232, -0.6426517 , ..., -0.16262706,
         0.29644075, -0.37921178],
       [ 0.6579742 ,  0.40271172,  0.6276752 , ...,  0.94498336,
        -0.53076714,  0.26655594],
       ...,
       [-0.69728893,  0.5673461 , -0.8583091 , ...,  0.45174855,
        -0.6736788 ,  0.91267586],
       [-0.6918649 , -0.8475796 , -0.3223304 , ...,  0.3820676 ,
         0.37832236, -0.7633432 ],
       [ 0.18172172,  0.85090095,  0.26389772, ...,  0.6167065 ,
        -0.3765687 ,  0.2835998 ]], dtype=float32), 'decoder.fc.0.bias': array([-7.08099842e-01,  5.29413819e-01,  1.14809379e-01, -7.09181964e-01,
       -8.93514037e-01, -5.58426380e-01, -9.19101313e-02, -5.26262581e-01,
        3.12878311e-01, -5.46033144e-01,  3.16207230e-01,  7.87111148e-02,
        8.90108943e-01, -7.71534801e-01,  2.00979769e-01, -8.39974582e-01,
        7.44648054e-02,  5.47539353e-01, -7.14548230e-02, -9.41883206e-01,
       -3.82885545e-01,  7.81037867e-01, -1.82393596e-01, -4.57005411e-01,
       -7.30968297e-01, -7.81305790e-01, -2.43748188e-01, -2.87285239e-01,
        9.36112881e-01, -8.31674561e-02,  6.09477580e-01,  2.54385620e-01,
        2.37132773e-01, -1.54491439e-01, -6.64051622e-02, -4.76936340e-01,
        7.12692440e-02, -6.14231408e-01, -3.57055217e-01, -1.35665685e-01,
        5.34411252e-01, -5.55724263e-01,  5.35937548e-01,  9.23664212e-01,
       -7.90123224e-01, -6.44199312e-01,  3.16385061e-01, -4.80130523e-01,
        6.06956005e-01, -7.69063607e-02,  8.49251270e-01, -5.83238959e-01,
       -6.10694587e-01,  4.04726267e-02,  8.01987052e-01,  6.38821840e-01,
        7.93879271e-01, -3.28012526e-01,  1.02169417e-01,  8.04556012e-01,
        9.36975032e-02,  6.17961287e-01,  5.45504212e-01,  4.45758365e-02,
        9.21056569e-01, -5.81956625e-01, -8.23013410e-02, -1.41805962e-01,
        4.82050210e-01,  1.51134953e-01,  6.34616911e-02, -3.66093755e-01,
       -2.99857736e-01, -2.49893516e-01,  2.56095141e-01, -2.21665397e-01,
       -2.93150127e-01,  8.34311008e-01, -5.68356395e-01, -1.17817603e-01,
       -3.96404862e-01, -8.83254409e-01,  6.95446730e-01, -4.25723717e-02,
        7.30992973e-01,  1.21089354e-01,  5.30908346e-01, -7.86519349e-01,
       -9.15826783e-02,  7.03500748e-01,  3.13698888e-01,  8.40268970e-01,
       -9.00046527e-01,  4.18396927e-02, -8.78296018e-01, -5.28881907e-01,
       -2.75198281e-01,  3.34930241e-01, -1.86956557e-03,  5.58641672e-01,
        9.17089403e-01, -3.01589727e-01, -5.07987380e-01, -3.12000751e-01,
        2.31854599e-02,  7.22844303e-01,  5.31334221e-01,  7.58649409e-01,
        3.26576173e-01,  7.08544910e-01,  1.15661114e-01,  1.99452877e-01,
        9.29095328e-01, -2.35781819e-01, -4.89763588e-01, -6.53343618e-01,
       -4.31394547e-01,  4.54721332e-01,  5.58632724e-02, -9.29276943e-01,
        1.76636577e-01, -5.94252229e-01, -7.62795150e-01, -4.03462887e-01,
       -2.27293432e-01, -4.38300073e-02,  6.00348949e-01, -8.98448750e-02,
       -5.93245625e-01,  3.38650048e-01, -3.04761708e-01, -1.63191363e-01,
        9.39311922e-01,  1.00839198e-01,  7.63519168e-01, -5.37657812e-02,
       -4.62865621e-01, -8.63848507e-01,  1.25684127e-01, -9.34127092e-01,
       -9.04960707e-02, -8.16644728e-01,  6.31353378e-01, -3.44799012e-01,
        5.21518826e-01, -3.50968122e-01,  1.17687151e-01, -9.96483397e-03,
       -6.35122001e-01,  6.63019419e-01,  6.23636842e-01,  4.31163758e-01,
       -4.22577679e-01,  1.76711932e-01,  1.81777075e-01, -6.36605859e-01,
        5.32434061e-02,  7.26889849e-01,  4.48233634e-01, -8.42453003e-01,
       -7.67266273e-01, -6.40826464e-01,  3.40626299e-01, -1.46650821e-01,
       -8.40107620e-01,  5.99851847e-01,  6.53393686e-01, -2.65473157e-01,
        8.79006267e-01,  7.54222810e-01,  7.70610631e-01, -5.68637550e-01,
        1.69352800e-01,  3.96446168e-01, -7.39754796e-01,  1.74473003e-01,
        7.52186298e-01, -7.66864240e-01, -4.75208849e-01,  9.20046806e-01,
       -5.41536927e-01, -6.84985220e-01, -6.28003240e-01, -9.21796799e-01,
       -4.40908432e-01,  3.00188422e-01,  7.12453008e-01,  4.35680240e-01,
       -3.72170180e-01, -5.33754289e-01, -1.85395852e-01,  4.50077169e-02,
       -4.64314371e-01, -7.98306286e-01,  1.18613683e-01,  7.24901497e-01,
        7.83621848e-01,  7.02422738e-01, -6.46490604e-02, -8.21772635e-01,
       -9.30112660e-01,  5.38699448e-01, -9.23933804e-01,  5.75744987e-01,
       -6.23655180e-03,  3.67331356e-01, -1.44067451e-01, -4.18116927e-01,
       -5.21636903e-01,  2.47031212e-01,  8.57494295e-01,  9.53806996e-01,
       -5.21765053e-01, -8.41850579e-01, -7.63604045e-02,  5.11460006e-01,
        3.30997527e-01,  4.95177448e-01, -5.30777276e-01, -3.78128618e-01,
        2.75661051e-01,  5.09516716e-01,  8.43207657e-01, -3.00273925e-01,
       -2.32719481e-01, -5.31901419e-02, -4.35610786e-02,  2.43351370e-01,
        5.52112162e-01, -8.65114570e-01,  4.02840739e-03, -2.73213625e-01,
       -3.12037796e-01,  5.23323342e-02,  8.93641472e-01, -7.50286758e-01,
        7.85761535e-01, -1.69064373e-01,  2.65888333e-01,  2.33748510e-01,
       -8.31857204e-01, -1.88425869e-01,  2.47008815e-01, -5.40436991e-02,
       -2.08661705e-01,  5.58483124e-01,  1.97596580e-01,  1.46833047e-01,
        3.09749037e-01, -1.03882812e-01,  1.89813599e-01, -8.95392239e-01,
       -6.39542937e-01,  4.27740514e-01, -9.25982967e-02,  1.56723559e-01,
       -4.34032142e-01,  6.90813005e-01, -8.56617928e-01, -1.81542158e-01,
       -4.19736095e-02,  5.69168627e-01, -4.13599074e-01,  8.53527009e-01,
       -2.90884167e-01, -6.27671778e-01, -5.39470077e-01,  7.79526830e-01,
        3.99243474e-01, -8.11921000e-01, -4.39812601e-01,  3.49762440e-01,
        5.31494260e-01, -5.52370489e-01, -9.50164258e-01,  4.05254066e-01,
        1.39773294e-01,  4.73682940e-01, -2.35717639e-01,  3.37584764e-01,
       -4.97799933e-01,  1.59595326e-01, -8.48757148e-01, -8.31433058e-01,
        7.24680960e-01,  1.00898579e-01, -5.52150726e-01,  2.50307918e-01,
        1.11185484e-01,  3.24618220e-01, -8.02966714e-01, -9.22525823e-01,
       -4.64777678e-01, -7.53129423e-01,  1.60840571e-01, -6.98936284e-02,
        6.09447360e-01, -2.14361057e-01, -3.19725275e-01,  1.18527813e-02,
       -8.24734867e-01,  5.92297792e-01,  2.36471936e-01, -3.41026299e-02,
        6.15338087e-01, -1.39243379e-01, -3.43066484e-01,  8.85074615e-01,
        1.84579268e-01, -6.72850966e-01,  1.52163684e-01, -5.40195644e-01,
       -4.35845554e-01,  4.45897490e-01, -7.41934657e-01, -1.18291222e-01,
        2.70836234e-01, -7.36439288e-01, -6.12035245e-02,  4.50494677e-01,
       -6.72941148e-01,  4.10426348e-01, -7.33072460e-01,  7.69248128e-01,
       -9.06748772e-02,  1.51746616e-01,  8.78530204e-01, -4.31074083e-01,
       -6.57047987e-01,  5.08686900e-01, -4.57689613e-01,  3.30060542e-01,
        4.89627928e-01, -5.09998739e-01, -2.19727352e-01, -2.89409727e-01,
        5.78606427e-01, -5.80003500e-01, -8.45480800e-01,  7.25220263e-01,
       -1.94859833e-01, -7.38550186e-01,  8.57647777e-01, -5.46814129e-02,
        2.28566587e-01,  1.99336886e-01,  2.00969234e-01, -4.02348429e-01,
       -1.28694460e-01, -7.37123311e-01, -3.67708325e-01, -8.34867179e-01,
       -2.87599444e-01,  4.57464643e-02,  4.82259929e-01, -6.94123387e-01,
        1.78336538e-02,  5.34122527e-01,  4.41740155e-02, -9.54947889e-01,
       -4.05358911e-01,  5.52045822e-01, -1.68037206e-01, -7.21552849e-01,
       -4.32838678e-01, -6.23382851e-02,  5.71174979e-01,  4.00112867e-01,
        2.38010809e-01, -7.53099442e-01, -9.65283573e-01,  7.61176825e-01,
        1.21033996e-01, -9.96543169e-02,  3.03952098e-01,  5.21100521e-01,
        4.65408027e-01, -2.63780326e-01,  2.09088698e-02, -7.06696272e-01,
       -8.80365446e-02,  9.03079569e-01, -7.29595780e-01,  4.58049387e-01,
       -9.05734062e-01,  7.31504381e-01, -8.63405347e-01, -2.07307488e-01,
       -6.76912069e-01,  8.18137407e-01, -4.04579759e-01, -5.14386415e-01,
        1.02486294e-02, -1.67072698e-01, -6.78234398e-01,  6.60551190e-01,
       -3.44691545e-01, -8.27240407e-01,  3.53639424e-01, -1.96389467e-01,
       -1.35161206e-01,  6.01867810e-02,  6.32143676e-01, -6.50103688e-01,
       -8.06335926e-01,  8.55318427e-01,  3.67205702e-02,  1.05900457e-04,
        4.51188356e-01, -7.05291986e-01,  2.01856494e-01,  7.74416924e-01,
        3.04112434e-01, -3.07402670e-01, -8.09968412e-02,  7.21204877e-01,
        6.42993331e-01,  7.04514921e-01,  4.73127127e-01,  1.57954395e-01,
       -3.03847462e-01,  5.15220165e-02,  1.71360731e-01,  9.10268426e-02,
       -2.75374621e-01,  1.41759574e-01, -8.20757672e-02,  8.81343037e-02,
        1.55017048e-01,  7.12320983e-01, -7.63588965e-01,  1.51390806e-01,
        3.00730854e-01, -6.43906832e-01,  2.39078522e-01, -4.07999814e-01,
       -2.78882772e-01, -8.03287745e-01,  4.95167464e-01, -1.11394025e-01,
       -6.99883223e-01,  3.34681749e-01, -5.32712564e-02,  7.95894861e-01,
        5.22314906e-01,  2.10382015e-01,  8.92065391e-02,  7.37953663e-01,
       -6.48328304e-01, -6.65951848e-01,  8.71912614e-02,  9.53495026e-01,
        2.80178308e-01,  6.36040449e-01, -4.31905746e-01, -4.83216166e-01,
       -6.35842383e-01, -7.02737212e-01,  2.42017228e-02,  7.45988905e-01,
        4.20834303e-01,  4.64790374e-01,  2.49737903e-01, -1.53700048e-02,
        7.83481717e-01,  4.23625469e-01, -7.24530742e-02, -7.73310428e-04,
        4.49958295e-01, -7.23464310e-01, -4.88065451e-01,  7.81213403e-01,
        7.10079312e-01, -5.78524411e-01,  7.40946949e-01,  6.20071031e-03,
        6.84481025e-01, -6.90700054e-01,  4.50918347e-01, -5.22273123e-01,
       -8.86099696e-01, -5.01050800e-02,  1.96061209e-01,  7.01199889e-01,
       -5.17842054e-01, -4.61975962e-01,  8.50747466e-01, -4.16913390e-01,
        1.38523877e-01,  2.44597077e-01,  8.90244365e-01,  1.38777882e-01,
        1.02420643e-01, -5.71812510e-01, -8.74082148e-01,  4.21111047e-01,
        7.80250669e-01,  4.08215851e-01, -4.21399474e-01,  2.19993547e-01],
      dtype=float32), 'decoder.fc.2.weight': array([[-0.08222746, -0.07110099,  0.10907374, ..., -0.12060832,
         0.11627589,  0.06782853],
       [ 0.10623005,  0.07936786,  0.14148653, ...,  0.05182896,
         0.12530567, -0.09114725],
       [ 0.00161433,  0.08123378, -0.07361581, ..., -0.03926296,
        -0.14451155, -0.12244231],
       ...,
       [-0.07769016,  0.00602614, -0.18076438, ..., -0.04969375,
         0.00268376, -0.04151331],
       [ 0.08764808,  0.1025428 , -0.04432387, ..., -0.09242489,
         0.08653308,  0.03963457],
       [-0.04700767,  0.08036759, -0.1706264 , ..., -0.03668994,
        -0.04115275,  0.12683778]], dtype=float32), 'decoder.fc.2.bias': array([-0.01562859, -0.07153624, -0.08301634, ..., -0.12083486,
       -0.11815803,  0.07489386], dtype=float32), 'decoder.fc.4.weight': array([[ 0.05843113, -0.05308278, -0.01977096, ...,  0.011207  ,
         0.03482908,  0.03133548],
       [ 0.02754658,  0.00079414,  0.02732778, ..., -0.02091641,
        -0.05259331, -0.00085976],
       [ 0.03430849,  0.04574237, -0.05332809, ..., -0.0139888 ,
         0.07013101, -0.05204425],
       ...,
       [ 0.01909098, -0.07208789,  0.03288731, ...,  0.04506559,
         0.03706314, -0.03235067],
       [ 0.01348167,  0.04969507,  0.01100117, ..., -0.03829135,
         0.02578623,  0.06620316],
       [-0.0620028 ,  0.00622688, -0.01151903, ..., -0.0322034 ,
         0.03407798, -0.04183738]], dtype=float32), 'decoder.fc.4.bias': array([-2.28411797e-03,  3.18191051e-02,  1.44275837e-03, -2.03145817e-02,
       -3.22162956e-02,  5.55655733e-03,  2.29160767e-03,  4.71472517e-02,
       -7.39111602e-02, -8.50844849e-03,  2.62903571e-02,  5.11657782e-02,
       -3.83739956e-02, -6.36528209e-02,  7.80824432e-03,  1.59354229e-02,
        6.51667044e-02, -8.40510358e-04, -1.06654581e-04,  6.71152212e-03,
       -6.31800368e-02, -1.07661393e-02, -2.89386027e-02, -5.14730215e-02,
        1.94882900e-02,  1.63570736e-02, -5.86063340e-02, -8.47560838e-02,
       -7.71538466e-02, -4.12650965e-03, -7.89376125e-02,  2.52520218e-02,
        9.84862261e-03, -4.99118306e-02,  4.42628898e-02,  5.05108498e-02,
       -7.79998899e-02, -5.91985919e-02, -1.08066574e-03,  1.13699073e-02,
        3.75671163e-02, -5.37124425e-02,  1.41355256e-03,  6.68746233e-02,
        4.65456545e-02, -4.32001725e-02, -4.31752717e-03, -2.93287616e-02,
        1.27673922e-02, -6.85140267e-02,  5.38808256e-02,  1.58445761e-02,
        3.44732925e-02,  6.35457039e-02, -6.62708655e-02, -2.95335539e-02,
       -4.98300046e-02,  2.45331451e-02, -4.62177321e-02,  4.58272994e-02,
        8.11204873e-03, -7.40232272e-03, -1.83446556e-02, -6.33350685e-02,
        3.35798748e-02, -3.86833362e-02, -4.06754166e-02,  1.10411281e-02,
       -2.10731979e-02, -5.45081124e-02, -6.45869300e-02,  3.32292281e-02,
        6.36103079e-02,  3.36363837e-02,  4.58464548e-02, -3.27611505e-03,
        3.86774912e-02, -5.34871481e-02, -9.86872893e-03, -4.92385123e-03,
       -3.21063139e-02, -1.30247362e-02,  1.17637441e-02, -3.85247730e-02,
       -1.37223555e-02, -3.76315378e-02, -5.08317864e-03,  1.05281835e-02,
       -5.79697499e-03,  4.68350425e-02,  3.09143197e-02,  5.67082763e-02,
       -8.36225413e-03, -3.56116332e-02, -6.26507550e-02,  6.43566325e-02,
        2.85340603e-02, -3.53311785e-02, -7.75412023e-02,  5.49079888e-02,
       -7.05406908e-03, -6.72197416e-02, -5.54991961e-02, -4.29247804e-02,
        1.64887402e-02, -7.88918287e-02,  2.63494533e-02, -2.65698098e-02,
       -4.10800986e-02, -5.17268404e-02, -5.20877428e-02, -7.52053708e-02,
        3.30942795e-02,  2.39233524e-02, -2.14524567e-02, -1.55046233e-03,
       -7.59107852e-03,  2.32018717e-02,  5.50423600e-02,  2.27318257e-02,
       -2.38934755e-02,  3.16155627e-02, -7.24820346e-02, -7.28990650e-03,
       -1.16454968e-02, -1.48923462e-02, -8.84875190e-03, -6.35830835e-02,
        1.86690371e-02,  1.33068452e-03,  3.07130851e-02,  2.20672805e-02,
       -2.60606725e-02,  7.54171796e-03, -2.60485727e-02,  8.05084070e-04,
       -7.88092092e-02,  5.33221327e-02,  2.58026067e-02, -4.18886915e-02,
       -2.13940553e-02, -3.24848182e-02, -3.88633534e-02,  3.96866575e-02,
       -7.27420375e-02, -5.38136587e-02, -4.23309058e-02,  2.63827220e-02,
       -1.94696244e-02, -2.59509906e-02, -7.27542341e-02,  4.03638370e-03,
       -7.76285604e-02, -1.23857353e-02,  5.04981950e-02,  2.45930031e-02,
        3.23166046e-03,  2.50547356e-03, -2.45061126e-02,  2.98781153e-02,
        9.25938785e-03,  2.95168906e-02,  5.19765392e-02, -5.96208163e-02,
       -4.94107883e-03,  7.21644145e-03, -1.67819541e-02, -6.99500069e-02,
        5.39825670e-02,  7.72364736e-02, -7.79110566e-02, -4.48563062e-02,
        7.43824849e-03, -5.65408282e-02,  3.62793617e-02, -7.40914643e-02,
        4.11960930e-02,  4.28733230e-02, -2.77184267e-02, -4.13001660e-04,
        2.09179576e-02, -7.24332733e-03, -2.80956011e-02, -3.71691585e-02,
       -6.36714473e-02, -1.44952657e-02,  4.39647548e-02, -2.91586295e-02,
        3.72227468e-02,  1.02534508e-02, -5.02350479e-02, -6.34877607e-02,
       -2.50954572e-02, -3.59803811e-02, -1.85190625e-02,  1.71513446e-02,
        1.32681457e-02, -1.25510665e-02,  3.38550628e-04,  4.62810397e-02,
        5.18470705e-02,  4.81108129e-02,  1.67743675e-02, -2.59902962e-02,
        4.38656546e-02, -1.14282090e-02, -2.71369014e-02,  6.21625111e-02,
        3.13621797e-02,  6.38304427e-02, -2.41849422e-02,  6.83994889e-02,
       -5.72015941e-02,  1.32077029e-02, -2.40519596e-03,  2.77731996e-02,
       -3.79918888e-02, -2.53392607e-02, -5.15073352e-02,  3.99469435e-02,
       -3.87348607e-02, -2.30736583e-02,  6.88826069e-02, -5.33705018e-02,
        1.24991070e-02, -7.57417874e-03,  4.35116403e-02, -2.40324903e-02,
        1.72645152e-02,  1.00601707e-02,  1.18729873e-02, -2.82887369e-02,
       -3.25102359e-02, -8.57415870e-02, -1.57017279e-02, -6.19176403e-02,
       -1.07362233e-02,  4.07905392e-02, -7.27449805e-02, -2.23736744e-02,
        3.19471285e-02,  5.41242883e-02,  8.72478820e-03,  4.97613661e-02,
       -4.25097719e-02,  5.51577061e-02,  6.02509081e-03,  2.23196372e-02,
        3.10209356e-02, -1.96951870e-02,  1.24436216e-02,  6.62039639e-03,
       -9.34544764e-03,  2.34054066e-02, -5.25381416e-02, -4.67050187e-02,
        1.35187693e-02, -8.09994247e-03, -3.01636457e-02,  5.47436289e-02,
       -4.11472954e-02,  6.02726489e-02,  5.82591332e-02,  6.62418753e-02,
       -2.54007578e-02,  5.43026328e-02, -2.63934471e-02,  1.80051047e-02,
        4.01254147e-02, -6.00320511e-02,  2.27066074e-02,  1.22992303e-02,
        1.34055717e-02,  1.95128862e-02, -2.48805061e-02, -1.47756143e-02,
        6.45625070e-02, -5.11152819e-02, -5.77624366e-02, -5.18990383e-02,
       -5.75018302e-02,  1.15346108e-02, -5.89878708e-02,  2.29762774e-02,
        9.48990695e-03, -2.09637126e-03, -4.60762642e-02,  5.44885248e-02,
       -5.19465543e-02, -6.87804669e-02, -2.27949470e-02, -1.99626070e-02,
        5.75512229e-03, -2.73187347e-02,  4.99796718e-02,  3.07189859e-02,
       -9.07801557e-03, -6.68796003e-02,  4.32684161e-02, -2.56413147e-02,
        9.57300421e-03, -2.03984585e-02, -5.73089980e-02, -7.76179284e-02,
       -2.41009500e-02, -9.26881954e-02, -3.62484604e-02, -5.95584884e-02,
        4.44654152e-02,  5.02698235e-02, -2.98410002e-02,  1.83047564e-03,
        2.46644812e-03, -3.72953191e-02, -6.75684959e-02, -4.65204529e-02,
        1.93533301e-02,  5.72350770e-02,  3.40332426e-02, -6.01836257e-02,
        1.89223774e-02,  3.44232246e-02, -2.64816880e-02,  1.51255401e-02,
       -6.52034208e-02,  1.87834799e-02,  1.72696393e-02, -3.61336418e-03,
       -5.12560159e-02,  2.74570636e-03, -2.60816552e-02,  4.64374945e-03,
       -3.76097113e-02, -7.62545466e-02,  2.69783642e-02,  1.04028573e-02,
       -6.69653043e-02,  3.39559629e-05, -1.65446792e-02,  1.85035411e-02,
        2.23755147e-02, -5.52149191e-02,  4.31987606e-02, -6.92524016e-02,
        4.65533435e-02, -4.14588116e-03, -4.04057577e-02, -1.34450262e-02,
        2.62311567e-02, -6.82217553e-02, -6.90080598e-02,  4.04576436e-02,
        3.80838215e-02, -5.90873882e-02,  5.31176813e-02,  4.46982048e-02,
       -8.00962970e-02,  3.47892120e-02, -7.49264881e-02, -5.72919287e-02,
       -7.24906400e-02,  3.03927194e-02,  7.76311830e-02, -6.67547807e-02,
       -1.51902968e-02,  8.20648624e-04,  2.56290063e-02,  7.00954199e-02,
       -4.17046510e-02,  3.64089534e-02, -7.06389472e-02,  1.41287819e-02,
        4.97862138e-02, -4.37791198e-02, -1.27543090e-02,  1.40469186e-02,
        1.94746498e-02, -2.45082565e-02,  2.38758139e-02,  6.68333797e-03,
       -1.53081799e-02, -4.02090326e-02, -4.34361445e-03,  1.86862983e-02,
       -3.97583470e-03,  6.17490034e-04, -2.89269350e-02, -4.19975258e-02,
       -5.61174937e-03,  1.20602092e-02,  1.80975869e-02,  4.80449982e-02,
       -1.28400885e-02, -6.62751356e-03, -1.24665778e-02,  1.98463704e-02,
       -6.47842661e-02, -5.31002833e-03,  4.11524950e-03, -1.97685119e-02,
       -7.24898353e-02,  2.24787537e-02, -3.05726025e-02,  2.21718401e-02,
       -8.19963068e-02, -3.12515278e-03,  4.05537188e-02,  3.30989845e-02,
       -2.46142782e-02,  3.83604411e-03, -6.10071048e-02,  4.78486679e-02,
       -5.22646122e-02, -2.65770257e-02,  5.06294109e-02,  1.88840982e-02,
        6.55816495e-02, -5.90889528e-02,  1.32778296e-02, -2.38202773e-02,
       -4.44812477e-02, -7.42364451e-02,  2.15436295e-02,  2.19246000e-02,
       -2.96875238e-02, -5.70044965e-02, -2.05521844e-02, -6.98781665e-03,
       -4.58878092e-02, -8.72271415e-03, -6.02844283e-02,  1.20373843e-02,
       -3.60917076e-02,  5.81541508e-02,  5.38237989e-02,  3.87787521e-02,
        5.46570756e-02, -8.82535428e-02, -3.75400707e-02, -1.91021767e-02,
        1.08142411e-02, -1.87620241e-02, -6.16530105e-02,  4.54693325e-02,
        2.21254202e-04,  1.30524551e-02,  4.93399538e-02, -3.64963077e-02,
       -3.10172196e-02,  5.70902927e-03, -4.77343537e-02, -7.04702958e-02,
       -8.15487951e-02,  3.78999263e-02, -1.51871247e-02,  1.70046370e-02,
        3.52338562e-03, -5.98939834e-03,  1.07437652e-02,  4.37187999e-02,
        6.07373975e-02,  2.39955224e-02,  5.24451695e-02,  1.65004469e-02,
        4.79748771e-02, -1.07316347e-02, -6.81392923e-02, -8.58444199e-02,
        5.28636165e-02,  4.15903851e-02,  4.74234894e-02,  5.19026704e-02,
        1.95684675e-02, -2.10088007e-02,  9.69013083e-04, -1.82202887e-02,
       -2.82804929e-02,  2.20434070e-02, -7.07506165e-02,  1.51645280e-02,
       -3.86989675e-02, -5.49639761e-02, -7.97428116e-02, -2.45497655e-02,
       -2.43968870e-02,  7.04149231e-02,  5.44178858e-02,  6.59336671e-02,
       -4.34704833e-02, -7.50710368e-02, -9.84827429e-03,  3.26929986e-02,
       -3.16875987e-02,  7.87992179e-02,  4.64910902e-02, -4.63400111e-02,
        4.61182743e-02, -8.09955001e-02, -8.14026669e-02, -2.42063347e-02],
      dtype=float32), 'decoder.fc.6.weight': array([[-0.06879137,  0.06651025, -0.02715885, ...,  0.17108257,
        -0.10537082,  0.01444034],
       [ 0.08191924, -0.08714649, -0.10746827, ...,  0.10457582,
         0.02754319, -0.0503936 ],
       [ 0.00829791, -0.05302173,  0.11027912, ..., -0.08864747,
         0.09092838,  0.07553103],
       ...,
       [ 0.05699807, -0.09810603, -0.09177602, ..., -0.02342237,
         0.04580195,  0.06042018],
       [-0.01299329, -0.13568725, -0.05092909, ...,  0.00964441,
        -0.01028896, -0.00463472],
       [-0.11641698,  0.0022363 ,  0.08641607, ..., -0.03497054,
         0.04793634,  0.06226646]], dtype=float32), 'decoder.fc.6.bias': array([ 0.03347274, -0.12378717,  0.06788787, ...,  0.01703473,
       -0.10708236,  0.05473284], dtype=float32)}
[Time: 29.01.25 15:01:22] [Level: info] [State: aggregate] {'encoder.fc.0.weight': array([[ 0.01952457, -0.02342181, -0.00759544, ..., -0.0091869 ,
        -0.01194033,  0.03549797],
       [-0.00717647,  0.02090716,  0.00579875, ..., -0.01054077,
         0.02296951, -0.02686978],
       [-0.02537235, -0.02171935, -0.00877941, ..., -0.00125654,
         0.00805945, -0.0011375 ],
       ...,
       [-0.02049195, -0.02320043,  0.00522411, ..., -0.02714947,
        -0.02581664,  0.01389388],
       [ 0.02201024, -0.01443221,  0.03175659, ...,  0.02024969,
        -0.02600184,  0.00891292],
       [ 0.01484055, -0.00275761,  0.03331129, ..., -0.00065845,
        -0.00615311, -0.00788737]], dtype=float32), 'encoder.fc.0.bias': array([-8.08327366e-03, -4.02793065e-02,  4.09877189e-02, -1.87907889e-02,
       -4.87442315e-03, -5.97126074e-02, -2.32520197e-02, -3.13148052e-02,
        4.49226378e-03, -4.49076593e-02, -4.46503274e-02, -3.49392486e-03,
       -2.71073775e-03, -1.50042204e-02, -4.22831587e-02, -3.10542621e-03,
       -4.58564460e-02, -3.96910235e-02, -1.79693010e-02, -5.33591397e-02,
        1.80361066e-02, -1.22192185e-02, -2.11775079e-02,  1.16938371e-02,
       -5.02917282e-02, -3.20407487e-02, -8.23493674e-03, -3.74134108e-02,
       -3.37592289e-02, -5.96888829e-03, -5.80326561e-03, -5.31867519e-03,
       -2.63567362e-02, -2.61794161e-02, -1.08460151e-02,  4.85310471e-03,
       -6.50824932e-03, -4.13300879e-02, -9.68755502e-03,  1.65445972e-02,
       -4.53835130e-02, -1.87383834e-02,  1.13289487e-02, -1.29107051e-02,
        4.74491644e-05,  4.79048602e-02, -5.18305786e-02, -2.35484485e-02,
       -5.04592732e-02, -2.80119036e-03, -1.14559298e-02, -4.38729785e-02,
       -2.03027762e-03,  1.69888791e-02, -4.23901491e-02,  6.35653082e-03,
        2.57553253e-02, -1.72993783e-02, -6.53106347e-03, -5.15947910e-03,
       -3.55819687e-02, -8.56466871e-03, -1.00683570e-02, -9.11322329e-03,
       -1.78921893e-02, -4.98702936e-02, -1.16027053e-02, -4.96713147e-02,
       -3.13467835e-03, -1.34170242e-02, -3.23796831e-02, -3.67171913e-02,
       -3.84978838e-02,  1.14182066e-02, -3.19927484e-02, -1.07522281e-02,
       -3.82246934e-02, -2.76377685e-02, -2.20946968e-02, -2.26948466e-02,
       -2.35998407e-02, -3.06764338e-02,  2.72217803e-02, -1.24753639e-02,
        5.54882456e-03,  2.34181471e-02, -3.69388722e-02, -1.91882402e-02,
       -2.83174571e-02, -1.53422104e-02, -1.46835195e-02,  1.84329767e-02,
        2.62288586e-03, -2.68149730e-02, -3.46070752e-02,  1.47037711e-02,
       -9.81809478e-03, -1.70130674e-02,  1.56356692e-02,  5.52235618e-02,
       -2.67837830e-02, -1.76640038e-04, -8.02107900e-03, -1.89828221e-02,
       -2.53062905e-03, -2.07772534e-02, -2.28940714e-02, -4.27101664e-02,
       -2.31801122e-02,  1.99045893e-03, -4.88684839e-03, -3.01855314e-03,
        1.20395394e-02,  9.51762032e-03, -3.55129503e-02, -3.13750003e-03,
        1.05475830e-02, -3.56485657e-02,  9.19456780e-03, -8.90951604e-03,
       -6.33598631e-03,  2.34067217e-02, -2.82238480e-02, -3.51100564e-02,
       -3.73733900e-02,  3.70691530e-02,  4.97602113e-03, -1.56331416e-02,
       -1.78933069e-02, -2.94602364e-02,  1.02782324e-02, -2.39469837e-02,
       -4.06295732e-02, -8.06371123e-03, -9.15618148e-03, -1.97264515e-02,
       -4.17040251e-02,  1.15749044e-02, -2.06734594e-02, -3.86712700e-02,
       -2.59790849e-03, -1.75577551e-02, -5.94053268e-02, -3.20446789e-02,
       -3.80435959e-02, -9.73302126e-03, -1.20670609e-02, -2.42724027e-02,
       -3.37396450e-02, -4.22769934e-02, -6.19990053e-03, -9.45026893e-03,
       -5.86301647e-03, -1.34741236e-03, -9.14190244e-03, -5.66830523e-02,
       -3.40862833e-02, -1.83719341e-02,  3.20367925e-02, -3.16100791e-02,
        1.52328331e-02, -2.55438648e-02, -1.09164948e-02, -3.37699093e-02,
       -4.12973426e-02, -5.70245720e-02, -1.18318256e-02, -1.89772341e-02,
       -3.33103910e-02,  2.39364989e-02, -4.80415970e-02, -5.61325364e-02,
        1.11911409e-02, -7.60522205e-03, -2.31711362e-02, -4.86501772e-03,
       -4.88055237e-02, -3.75601426e-02,  6.11085794e-04, -1.49112139e-02,
       -4.01802436e-02, -1.03271687e-02, -8.45166668e-03, -5.13211871e-03,
       -2.90658157e-02, -1.11046014e-02, -3.85098942e-02,  1.85143610e-03,
       -8.54965858e-03, -1.67321842e-02, -1.06480811e-02,  2.50647077e-03,
       -5.83789572e-02, -3.26284058e-02, -6.01548189e-03, -3.17770615e-03,
        1.94774871e-03, -3.28032039e-02, -2.02120747e-02,  2.33727545e-02,
        4.00785496e-03, -7.62702618e-03, -1.90826727e-03, -3.13096121e-02,
       -3.03972568e-02, -1.23577500e-02, -4.11488973e-02, -1.28904190e-02,
       -4.90111932e-02, -5.13564385e-02, -6.05028756e-02, -3.15521397e-02,
       -2.79796962e-02, -5.71295153e-03, -2.24900786e-02, -1.24338828e-02,
       -3.46455276e-02, -2.36296412e-02, -3.32794823e-02, -2.61221249e-02,
        3.76607082e-03, -3.86263393e-02, -1.94024052e-02, -2.09139631e-04,
        1.76513288e-02,  1.78978797e-02, -1.22553669e-02, -2.92968117e-02,
       -1.01564527e-02, -1.64270997e-02, -2.26662438e-02, -3.19925249e-02,
       -1.67650059e-02, -4.20245640e-02, -2.56189071e-02, -3.50946784e-02,
       -9.00322199e-03, -3.08699943e-02, -2.74127014e-02, -2.80329324e-02,
       -2.68750899e-02, -1.02634747e-02, -4.51926216e-02, -1.02389716e-02,
       -1.30999442e-02,  4.81343828e-03, -1.61886830e-02, -4.47598137e-02,
       -1.23600336e-02, -1.81135591e-02, -1.27842976e-02, -4.77560796e-02,
       -3.91433500e-02, -6.54151011e-03, -3.68551724e-02, -1.84504855e-02,
        5.40889392e-04, -2.39311438e-02, -1.55252088e-02, -5.23312157e-03,
       -7.91030750e-03,  5.69453603e-03, -4.32331190e-02, -2.74077822e-02,
        1.81665644e-02,  2.17573810e-02, -5.80658466e-02, -1.60989296e-02,
       -4.07150611e-02, -9.81351081e-03, -3.02103702e-02,  8.34049657e-04,
       -2.62158783e-03, -2.95206513e-02, -3.64266895e-02, -1.55413281e-02,
       -1.32008549e-02, -5.64726740e-02, -1.22564863e-02, -1.47714876e-02,
       -3.97513025e-02, -5.11171669e-02,  2.68534906e-02,  2.43246206e-03,
        7.55769759e-03, -1.31423129e-02, -1.35665445e-03, -3.83292474e-02,
        9.38815996e-03,  8.03945493e-03, -1.11099863e-02, -3.44667099e-02,
       -4.14074212e-02,  7.29609793e-03, -5.28813945e-03, -5.67090185e-03,
       -4.25447337e-02,  1.09885205e-02, -8.99056811e-03, -4.76102903e-02,
       -1.24582518e-02, -5.64321084e-03, -4.81195487e-02, -5.70181869e-02,
       -1.87000968e-02, -1.95969939e-02, -4.61315587e-02, -4.91092280e-02,
        3.51867988e-03, -1.14173824e-02,  1.70569483e-03, -5.24380095e-02,
       -1.20581845e-02, -4.04976532e-02, -2.71711461e-02, -4.39580530e-02,
       -1.49929142e-02,  1.24962572e-02, -4.17574048e-02, -5.19121774e-02,
       -2.65028458e-02,  2.53964048e-02, -3.70300338e-02,  4.64614993e-03,
       -3.51917604e-03, -2.04116646e-02, -5.71483560e-02, -2.48426162e-02,
       -2.35583074e-02,  3.14737298e-02, -3.59719321e-02, -2.16619000e-02,
       -4.88162739e-03, -2.22517159e-02, -5.93390390e-02, -3.35855596e-02,
       -1.95564926e-02, -2.16250420e-02,  1.33695584e-02, -2.46628467e-02,
        2.24398989e-02, -3.09102871e-02, -2.17291471e-02, -3.34799588e-02,
       -6.28674105e-02, -6.25130162e-02, -6.56534079e-03, -4.74149734e-03,
       -3.19147669e-02, -4.82391752e-02, -3.87572534e-02,  2.73291804e-02,
       -3.64357904e-02, -9.97068640e-03, -4.99221124e-03, -2.56577581e-02,
       -4.72757481e-02, -6.56940788e-03, -2.16822959e-02, -1.17283063e-02,
       -1.88724324e-02,  1.01670148e-02, -1.76262837e-02, -3.38837877e-02,
       -2.98761223e-02, -2.14502960e-02, -5.57799079e-02, -3.17466594e-02,
       -1.51299918e-02, -2.30551325e-02, -3.12729105e-02,  7.69962650e-03,
       -4.09045815e-02,  4.83964384e-03, -3.71847935e-02, -4.59682290e-03,
       -3.47345360e-02, -2.94691715e-02,  2.41159415e-03, -5.10046035e-02,
       -1.51923550e-02,  1.12592671e-02,  1.17441528e-02,  1.45038974e-03,
       -3.72094996e-02, -3.61203635e-03, -7.68923061e-03,  3.00663151e-02,
        3.16051356e-02, -2.40226723e-02,  2.80990452e-02, -2.55186539e-02,
       -4.35081460e-02, -4.13931981e-02, -6.09079078e-02,  2.38952525e-02,
       -9.02280584e-03, -5.78888394e-02, -3.04167834e-03, -2.38971356e-02,
       -1.01527758e-02, -3.44264135e-02, -3.82623188e-02, -2.88185179e-02,
       -3.65783274e-02, -9.74170107e-04, -1.80075262e-02,  1.70997195e-02,
       -3.10006668e-03, -2.01918352e-02, -1.20948697e-03, -1.05290930e-03,
       -7.69118173e-03, -1.42129976e-02, -3.52040515e-03,  2.26036320e-03,
       -7.11099943e-04, -1.96647155e-03, -2.50180122e-02, -3.60317761e-03,
       -5.41272871e-02, -3.10349129e-02, -1.30416239e-02,  2.51507247e-03,
       -6.11402001e-03, -3.14432569e-02, -1.62233841e-02, -4.62629646e-02,
       -6.30596140e-03, -4.77693863e-02,  1.85365546e-02, -5.38773742e-03,
       -5.54932049e-03, -5.99583786e-04,  9.39998869e-03,  3.80451092e-03,
       -2.89432351e-02,  1.31703736e-02, -2.53205877e-02, -5.38093038e-03,
       -3.70397866e-02, -2.01455504e-03,  6.20693760e-03, -6.56526908e-02,
       -4.82466854e-02, -1.21256160e-02, -4.65546958e-02, -3.91473807e-02,
       -4.60409559e-02, -2.84422860e-02, -5.26489802e-02, -4.58173230e-02,
       -4.43994664e-02, -1.67830847e-02,  2.29065539e-03, -3.60245444e-02,
        1.77010093e-02, -4.57260907e-02,  1.33235576e-02, -8.33623577e-03,
       -5.60087934e-02,  1.81021094e-02, -2.82727629e-02, -1.11665325e-02,
       -6.97099953e-04,  2.43464448e-02, -2.87114512e-02, -4.14661877e-02,
       -1.79569572e-02, -1.93477478e-02,  6.10374613e-03, -3.29728983e-02,
       -4.99192141e-02, -5.56272604e-02, -3.08768853e-04, -8.27024132e-03,
        2.34934804e-03, -2.21802220e-02, -3.96241732e-02, -5.36138006e-03,
        2.29798330e-04, -1.90658011e-02,  4.26812191e-03, -5.45696318e-02,
       -3.28883566e-02, -4.56927828e-02, -3.40262689e-02, -2.60448437e-02,
        9.73949442e-04, -4.81389239e-02, -2.39636265e-02, -5.81354797e-02,
       -6.22803578e-03, -3.27359252e-02, -4.28085327e-02, -2.71533914e-02,
       -3.40027511e-02,  1.80500059e-03,  1.03037897e-02,  2.25216252e-04],
      dtype=float32), 'encoder.fc.2.weight': array([[-0.13199104,  0.03201682,  0.0939459 , ..., -0.01212944,
        -0.09887747,  0.00162286],
       [ 0.01384816, -0.02139099, -0.12206586, ..., -0.00294345,
        -0.11069506, -0.14043228],
       [-0.08714721,  0.09787558, -0.14827476, ...,  0.11458528,
        -0.11121444,  0.05026574],
       ...,
       [ 0.03314207, -0.14501187, -0.11426821, ...,  0.06132059,
        -0.01702555, -0.10976159],
       [ 0.01263545, -0.13793907,  0.03465059, ..., -0.06215076,
        -0.09887271, -0.07084169],
       [-0.10603711,  0.00098147, -0.11376128, ..., -0.00833263,
        -0.01883478, -0.0127203 ]], dtype=float32), 'encoder.fc.2.bias': array([ 0.12310283, -0.085278  ,  0.10738977, ..., -0.02802774,
       -0.10064444, -0.05696871], dtype=float32), 'encoder.fc.4.weight': array([[-0.06739204,  0.01119948, -0.01069102, ...,  0.03338858,
         0.00231517, -0.06518539],
       [ 0.0536949 ,  0.05198595,  0.04464422, ..., -0.05884621,
        -0.00672206, -0.0147549 ],
       [-0.05867691,  0.02116808,  0.05956842, ..., -0.00195432,
        -0.02522717,  0.01598375],
       ...,
       [-0.05860619, -0.02602872, -0.00219764, ..., -0.03604267,
         0.0356321 ,  0.07467046],
       [-0.04134564, -0.00365355,  0.05946986, ..., -0.02333015,
        -0.06749216, -0.00683883],
       [ 0.00321719,  0.02108763, -0.07694763, ..., -0.05332394,
        -0.04496564,  0.03707606]], dtype=float32), 'encoder.fc.4.bias': array([-7.71382228e-02, -1.06823379e-02, -1.04200933e-02, -4.60464396e-02,
       -1.00776681e-03,  1.10949799e-02,  3.54499109e-02, -6.91577420e-02,
       -6.66321740e-02, -7.42567480e-02, -5.61798662e-02,  3.09277903e-02,
       -1.70801245e-02, -6.88606352e-02, -2.88966428e-02, -5.02036326e-02,
       -7.13446587e-02, -3.58191058e-02, -7.35723004e-02, -5.51829971e-02,
       -7.72195635e-03, -1.42879714e-03, -6.33955300e-02, -7.01919124e-02,
       -6.49042428e-02, -5.66290021e-02, -9.60991904e-03,  4.52080704e-02,
       -2.57809088e-02, -3.41766030e-02, -2.08007488e-02,  6.04199283e-02,
       -7.66655207e-02, -5.53042907e-03, -1.25380689e-02, -7.60854408e-03,
        3.45430411e-02,  3.03276870e-02, -3.93614881e-02, -6.97937384e-02,
       -5.35302088e-02, -4.71935719e-02,  4.45479602e-02, -8.11961442e-02,
       -1.23542845e-02, -1.53683685e-02, -2.12910697e-02,  8.10903497e-03,
       -2.79151797e-02,  4.64904942e-02,  1.70530956e-02,  1.06496857e-02,
       -4.87956852e-02,  4.51975316e-02, -5.19197471e-02, -3.35665159e-02,
        5.47870016e-03,  1.73379420e-04, -2.64460146e-02, -1.90083329e-02,
        9.26904567e-03, -6.10696562e-02,  2.43571978e-02, -2.19648425e-02,
        2.09160019e-02,  2.02171672e-02, -1.21636651e-02,  1.87505893e-02,
       -6.19266070e-02, -1.35142328e-02, -4.31422032e-02, -3.39447409e-02,
        2.27058232e-02, -2.33859047e-02,  4.52279635e-02, -7.81283900e-03,
        2.22800691e-02, -3.07866745e-02, -5.74344359e-02, -6.72927424e-02,
       -4.77035567e-02,  6.27544224e-02,  4.91830707e-02, -3.62268952e-03,
       -4.96068597e-02,  3.14614805e-03,  6.86130673e-03, -1.68186072e-02,
        3.96585353e-02, -4.24226113e-02,  3.49433944e-02, -5.72938174e-02,
       -3.67812649e-03,  5.04080132e-02, -3.49914245e-02, -7.47280642e-02,
       -3.63269374e-02,  1.59561522e-02,  2.03801244e-02, -6.98788315e-02,
       -1.98095702e-02, -2.65804306e-02, -7.77621865e-02,  2.02574097e-02,
        6.26691431e-02,  8.46736412e-03, -6.38102069e-02, -2.48133652e-02,
       -4.15836610e-02, -6.13867156e-02, -3.24908979e-02,  1.69486422e-02,
        3.14871892e-02,  3.97802554e-02,  3.53986688e-05, -4.80681472e-02,
        1.04582934e-02,  9.14274598e-04, -3.03139817e-02, -3.49819511e-02,
        3.22545529e-03,  2.01863647e-02,  5.51648811e-03,  3.18473801e-02,
        1.20576415e-02, -2.33600829e-02, -1.37526616e-02,  5.19501828e-02,
       -7.63230547e-02,  1.05424793e-02, -7.45586157e-02,  5.33732846e-02,
       -1.98676512e-02, -7.65655190e-02, -1.18303613e-03,  1.81870982e-02,
        6.83916919e-03,  3.05618718e-02, -3.92030925e-02, -6.05857596e-02,
       -6.30052909e-02,  2.10807826e-02,  3.65625694e-02,  5.02210483e-02,
       -2.21356563e-02, -1.59244053e-02, -2.39844411e-03,  4.00598049e-02,
       -4.44085300e-02, -5.89128956e-02, -2.63516903e-02, -4.81594428e-02,
       -1.23472288e-02,  2.29645148e-02,  1.39419315e-02,  4.24379855e-02,
       -4.22577336e-02, -2.48886440e-02, -4.61982600e-02, -5.69592230e-02,
        4.31568176e-02,  3.94390561e-02,  5.86408423e-03, -4.47114045e-03,
        3.29320058e-02,  7.15761539e-03, -1.00104436e-02,  7.43678734e-02,
       -7.08313286e-02, -5.97323943e-03, -6.03077710e-02,  1.70389917e-02,
       -4.90624495e-02, -8.51798654e-02,  1.63476616e-02, -2.98163798e-02,
       -5.19208685e-02, -6.71843663e-02, -5.27070984e-02,  4.21902910e-02,
       -4.91475500e-02, -5.69096990e-02,  3.06920055e-02,  4.98576984e-02,
       -7.30458694e-03,  8.47286172e-03,  5.48341870e-02,  1.58229582e-02,
       -3.91878337e-02,  4.62872721e-02,  1.99444853e-02, -1.66777393e-03,
       -3.10430466e-03, -1.70962028e-02,  3.77370021e-03, -1.51522309e-02,
       -6.20375993e-03,  2.75060441e-03, -6.54718354e-02, -1.48650585e-02,
       -7.14216232e-02, -2.97285002e-02, -4.42387722e-02, -4.14660051e-02,
       -4.76829931e-02,  4.45732474e-02,  1.86428893e-02, -5.09953648e-02,
       -1.94915701e-02, -7.64181465e-02, -3.03270929e-02, -4.96167988e-02,
       -7.73926228e-02, -5.91015182e-02,  2.88042566e-03, -1.87572222e-02,
        7.49459025e-03, -4.08170186e-02, -1.04147745e-02, -1.81972620e-03,
        3.19973081e-02,  4.88414355e-02, -8.20240304e-02,  3.03985551e-03,
        2.02691369e-02, -7.01105520e-02, -7.02091828e-02,  2.92924121e-02,
       -2.85818633e-02,  1.94044616e-02,  2.21408792e-02, -1.74161159e-02,
        3.94569971e-02, -2.24202741e-02, -8.64754245e-03,  2.06810497e-02,
        3.20913754e-02, -5.48107997e-02, -2.49216333e-02, -6.03533015e-02,
       -5.35228550e-02, -2.77366326e-03,  1.60580389e-02,  1.04262345e-02,
       -7.45177045e-02,  2.37677693e-02, -7.89015219e-02,  4.22556326e-02,
       -1.72294432e-03, -5.61038479e-02, -4.88206521e-02,  4.59952094e-02,
       -4.15073559e-02,  4.47709411e-02, -6.55613840e-02, -3.87572660e-03,
       -1.83580611e-02, -5.83782345e-02, -1.67675652e-02,  1.06126787e-02,
        3.55174877e-02,  3.88113200e-03,  2.21625529e-03, -4.28294204e-02,
        1.56042799e-02,  4.20933999e-02, -1.70784295e-02, -4.36570235e-02,
       -3.72874662e-02, -5.28662875e-02,  2.32827645e-02,  3.99497896e-02,
       -3.17423865e-02, -1.49550457e-02,  7.06933159e-03, -8.16685408e-02,
       -3.23148556e-02, -7.54708797e-02, -5.97894453e-02,  5.82462549e-02,
        3.86927277e-02, -3.81433256e-02,  1.23643782e-02,  4.81553227e-02,
        3.03988461e-03,  3.80494930e-02,  4.17437106e-02,  8.21290538e-03,
       -5.95633313e-02,  4.77387477e-03, -2.87093036e-02,  1.44224074e-02,
       -1.50789358e-02, -7.48159289e-02, -1.41058571e-03, -6.64874464e-02,
       -1.10852746e-02, -2.10948773e-02, -6.78655803e-02, -6.45315647e-02,
       -6.56632334e-02,  4.91763353e-02, -7.52547830e-02,  2.07821038e-02,
        5.11251986e-02,  2.29544472e-02, -6.59341738e-02, -3.04549765e-02,
        1.48224710e-02, -1.83487069e-02,  2.16882601e-02,  3.99808288e-02,
       -1.67224780e-02,  3.45326886e-02, -4.68998440e-02, -6.54951707e-02,
        4.06872556e-02,  9.25074425e-03, -5.31018898e-02,  3.63683095e-03,
       -2.50067115e-02, -3.95384803e-02, -7.79274777e-02, -4.35109511e-02,
       -3.11872102e-02,  5.13330251e-02,  4.02980559e-02, -2.09149700e-02,
        2.25802567e-02, -2.21814755e-02, -3.72182243e-02, -2.44576558e-02,
        5.16400672e-02,  7.07747322e-03, -2.39090044e-02, -3.70622277e-02,
        2.31908262e-02, -3.32371965e-02, -3.73323224e-02, -7.50844693e-03,
        1.53785869e-02,  2.70220302e-02, -4.70089763e-02,  2.39328407e-02,
        1.63671095e-02,  6.26683533e-02,  7.91918207e-03,  5.79285109e-03,
        8.44619889e-03,  1.12952264e-02,  1.77944340e-02, -1.18229035e-02,
       -5.61499363e-03, -7.63223227e-03, -7.67393261e-02, -4.50443737e-02,
        2.08737291e-02, -3.31546664e-02, -6.67266846e-02, -1.40551459e-02,
       -3.33183706e-02, -3.12378109e-02, -2.88976100e-03,  4.01322655e-02,
       -6.75462484e-02,  3.99064310e-02, -6.14045560e-02, -6.31947815e-02,
        2.50182357e-02, -7.62759999e-04, -2.48194560e-02,  6.19910583e-02,
       -9.45943035e-03, -2.78175343e-03,  3.78210656e-02,  1.03551231e-03,
       -4.96535301e-02, -1.75159536e-02,  2.61752494e-02, -3.09338095e-03,
        4.18931283e-02,  2.99875960e-02,  3.77384126e-02, -3.14293848e-03,
        9.32056736e-03, -7.62442350e-02, -7.42313415e-02, -4.08370383e-02,
       -4.07171920e-02, -1.84776951e-02, -2.33847741e-02, -1.90683194e-02,
       -3.23763415e-02, -1.40336230e-02,  3.63540910e-02, -5.94699755e-02,
        2.41722129e-02,  4.30892482e-02,  2.32808199e-02, -3.94807244e-03,
       -2.55750790e-02,  3.71987373e-02, -4.27784957e-02,  3.70143279e-02,
        3.67485918e-03,  9.06658359e-03,  2.78617963e-02, -4.73182462e-02,
       -6.97320029e-02,  2.67976951e-02, -7.67413825e-02,  4.39710170e-02,
        1.30340355e-02,  1.37763610e-03, -6.31449521e-02,  2.30541676e-02,
        3.53983045e-02, -2.12639868e-02, -1.78896245e-02,  7.79140787e-03,
        4.82631400e-02,  1.27379429e-02,  4.86383997e-02,  2.50654314e-02,
       -4.02173288e-02, -1.31004443e-02,  1.05843656e-02, -9.16884560e-03,
       -3.93364877e-02, -1.64667182e-02, -4.61932607e-02,  2.68598143e-02,
       -5.32407910e-02,  3.20401937e-02, -3.09948111e-03, -2.60360055e-02,
        2.17457339e-02,  1.52090099e-02, -7.19313174e-02,  1.11526437e-03,
        2.89789774e-02,  4.13782708e-02, -5.33891097e-02,  2.33511440e-02,
       -2.28281822e-02, -6.91500958e-03, -5.44881411e-02,  3.30539457e-02,
       -2.09393110e-02, -4.43457179e-02,  3.68856303e-02,  5.53646907e-02,
       -1.29208490e-02, -4.89615314e-02,  2.65815537e-02,  3.85596789e-02,
        2.65359785e-02,  5.47255650e-02, -1.54966081e-03,  3.71118039e-02,
        1.78595830e-03, -2.72039957e-02, -4.08263057e-02,  4.22919355e-02,
        2.82770535e-03, -8.18534102e-03, -7.16220215e-02,  2.16400493e-02,
        3.66219580e-02,  3.37339453e-02, -4.52461317e-02,  3.00393961e-02,
        3.56489830e-02,  4.35879976e-02,  4.47018035e-02, -2.35778783e-02,
        6.34240452e-03,  3.96089032e-02, -6.21964782e-02, -2.97658257e-02,
       -5.45294061e-02, -4.59644869e-02,  2.86382493e-02, -5.05803712e-02,
        2.21423730e-02, -1.41563015e-02,  3.46978307e-02, -1.22039663e-02,
       -2.31653336e-03, -6.92685042e-03,  3.87259461e-02,  1.26561578e-02,
       -1.22080846e-02,  3.58605944e-02,  1.07155051e-02, -9.15083941e-03,
       -1.84074882e-02,  1.82185341e-02,  4.35215905e-02,  7.18659982e-02],
      dtype=float32), 'encoder.fc.6.weight': array([[-0.04220691,  0.05216807,  0.1088832 , ...,  0.03385516,
         0.07900577, -0.07310001],
       [ 0.09361944, -0.09815213,  0.01052859, ...,  0.12213197,
        -0.07743212,  0.07866171],
       [-0.09154311,  0.11531371,  0.1059446 , ...,  0.03239029,
        -0.03932185,  0.10616586],
       ...,
       [-0.00266446,  0.08292603,  0.00066307, ..., -0.04651659,
        -0.00501977,  0.10847348],
       [-0.08585012,  0.07495338, -0.05336481, ..., -0.13462953,
         0.10749647,  0.05250577],
       [-0.13550887,  0.1067095 , -0.01721488, ..., -0.00926455,
         0.053457  , -0.03429641]], dtype=float32), 'encoder.fc.6.bias': array([-0.00834436,  0.0808268 , -0.03291233,  0.13355592,  0.10914627,
       -0.08730754, -0.05461359, -0.10443563,  0.12175167,  0.0179774 ],
      dtype=float32), 'decoder.fc.0.weight': array([[ 0.10276735,  0.5626067 ,  0.14375408, ...,  0.23722933,
         0.5861223 , -0.5697849 ],
       [-0.5954397 ,  0.06122271, -0.64087623, ..., -0.17216492,
         0.29725444, -0.37738734],
       [ 0.659389  ,  0.39860806,  0.6199256 , ...,  0.9602343 ,
        -0.52882177,  0.2549107 ],
       ...,
       [-0.69755566,  0.5672238 , -0.8586284 , ...,  0.43217537,
        -0.6744992 ,  0.9102421 ],
       [-0.6907251 , -0.8504611 , -0.33234096, ...,  0.38500637,
         0.371437  , -0.76494217],
       [ 0.18370605,  0.8514966 ,  0.2695414 , ...,  0.6165704 ,
        -0.3746599 ,  0.26348025]], dtype=float32), 'decoder.fc.0.bias': array([-7.02526987e-01,  5.26863098e-01,  1.13433629e-01, -7.09127963e-01,
       -8.99605870e-01, -5.76770842e-01, -7.57600740e-02, -5.28387070e-01,
        3.17816526e-01, -5.48861265e-01,  3.25398624e-01,  8.41600969e-02,
        9.06506836e-01, -7.69690216e-01,  1.97481349e-01, -8.33381176e-01,
        7.59753957e-02,  5.52691936e-01, -6.88079521e-02, -9.50248718e-01,
       -3.83259505e-01,  7.81213164e-01, -1.87115639e-01, -4.60765362e-01,
       -7.54042745e-01, -7.79502571e-01, -2.41735741e-01, -2.84973592e-01,
        9.32745934e-01, -8.20432976e-02,  6.22855186e-01,  2.58929998e-01,
        2.36225128e-01, -1.52272329e-01, -6.76528960e-02, -4.74576473e-01,
        6.98408559e-02, -6.13442600e-01, -3.56640011e-01, -1.39416516e-01,
        5.49239099e-01, -5.59281230e-01,  5.20482004e-01,  9.25257444e-01,
       -7.73403287e-01, -6.59850180e-01,  3.15733314e-01, -4.78228629e-01,
        6.08291447e-01, -7.68993869e-02,  8.54270637e-01, -5.77908516e-01,
       -6.22157753e-01,  4.56802547e-02,  8.03604186e-01,  6.60783768e-01,
        8.01466465e-01, -3.62764269e-01,  1.00255951e-01,  8.15192044e-01,
        9.47152302e-02,  6.10842645e-01,  5.52498877e-01,  4.78637516e-02,
        9.22941983e-01, -5.77310860e-01, -8.83744657e-02, -1.54322967e-01,
        4.82786924e-01,  1.49688855e-01,  6.47733510e-02, -3.66613328e-01,
       -3.03495318e-01, -2.52609193e-01,  2.56293118e-01, -2.21644297e-01,
       -2.97112942e-01,  8.38969409e-01, -5.75591505e-01, -1.16730489e-01,
       -3.92358571e-01, -8.75975072e-01,  7.01003075e-01, -4.34613451e-02,
        7.34775424e-01,  1.20216295e-01,  5.27799845e-01, -7.87119448e-01,
       -9.51338634e-02,  7.06337452e-01,  3.19074780e-01,  8.42189491e-01,
       -9.03743446e-01,  4.55127135e-02, -8.79929304e-01, -5.29994488e-01,
       -2.85193890e-01,  3.40556622e-01, -6.04801904e-03,  5.38574517e-01,
        9.28449571e-01, -2.99586594e-01, -4.92382050e-01, -3.14990848e-01,
        1.84126087e-02,  7.23770797e-01,  5.32415509e-01,  7.57929862e-01,
        3.27684611e-01,  7.09707320e-01,  1.00860834e-01,  1.95570081e-01,
        9.29393351e-01, -2.46197045e-01, -4.92065221e-01, -6.55794263e-01,
       -4.43556160e-01,  4.65043455e-01,  5.02792858e-02, -9.39867973e-01,
        1.80301756e-01, -5.91879666e-01, -7.65279531e-01, -4.01591599e-01,
       -2.30591461e-01, -4.06196862e-02,  5.96996725e-01, -9.73740071e-02,
       -6.06019557e-01,  3.38819593e-01, -3.08950335e-01, -1.65149167e-01,
        9.41155493e-01,  1.08892597e-01,  7.58855045e-01, -5.67865856e-02,
       -4.67207670e-01, -8.69488001e-01,  1.26202896e-01, -9.31039751e-01,
       -9.53530520e-02, -8.15704584e-01,  6.34431720e-01, -3.49672645e-01,
        5.20606697e-01, -3.47686142e-01,  1.13850594e-01, -1.06379893e-02,
       -6.38415575e-01,  6.63512647e-01,  6.18050873e-01,  4.27879244e-01,
       -4.23464686e-01,  1.65437892e-01,  1.88594565e-01, -6.50961101e-01,
        5.46836108e-02,  7.29593456e-01,  4.41607416e-01, -8.47517073e-01,
       -7.68589854e-01, -6.49066925e-01,  3.46805692e-01, -1.44872189e-01,
       -8.39353859e-01,  6.05384529e-01,  6.52975142e-01, -2.60786355e-01,
        8.82304728e-01,  7.50547469e-01,  7.74935305e-01, -5.68535745e-01,
        1.67533457e-01,  4.07337964e-01, -7.40999699e-01,  1.58466667e-01,
        7.51778662e-01, -7.68475890e-01, -4.75563645e-01,  9.17000592e-01,
       -5.37833691e-01, -6.88166022e-01, -6.33791864e-01, -9.20538485e-01,
       -4.43694919e-01,  3.08490038e-01,  7.06265271e-01,  4.37644333e-01,
       -3.69678766e-01, -5.43412030e-01, -1.86074182e-01,  4.15367186e-02,
       -4.71902579e-01, -7.99137890e-01,  1.25391990e-01,  7.32686102e-01,
        7.89178967e-01,  7.04105616e-01, -8.27994719e-02, -8.20363700e-01,
       -9.38517809e-01,  5.40383160e-01, -9.15320754e-01,  5.74131489e-01,
       -3.03270598e-03,  3.68002832e-01, -1.74643472e-01, -4.21225548e-01,
       -5.48514426e-01,  2.46537387e-01,  8.63476396e-01,  9.50149536e-01,
       -5.20556688e-01, -8.48123133e-01, -7.90429041e-02,  5.09247780e-01,
        3.30061793e-01,  4.99663740e-01, -5.31209946e-01, -3.78595233e-01,
        2.77384967e-01,  5.21944582e-01,  8.43251526e-01, -2.94900775e-01,
       -2.32683048e-01, -6.43262789e-02, -3.26533690e-02,  2.45900288e-01,
        5.52782416e-01, -8.64177048e-01,  3.93293751e-03, -2.82656670e-01,
       -3.14581543e-01,  5.20346351e-02,  8.99083555e-01, -7.61013508e-01,
        7.90423036e-01, -1.73111752e-01,  2.61892229e-01,  2.35821620e-01,
       -8.24463010e-01, -1.90150633e-01,  2.37775192e-01, -5.43338023e-02,
       -1.98192254e-01,  5.59650898e-01,  2.01722473e-01,  1.48143589e-01,
        3.07231784e-01, -1.04861520e-01,  1.82388544e-01, -8.94216120e-01,
       -6.41011238e-01,  4.25128341e-01, -9.23427716e-02,  1.43393531e-01,
       -4.42029566e-01,  6.87791407e-01, -8.44449759e-01, -2.08329439e-01,
       -4.46687788e-02,  5.68593085e-01, -4.23459321e-01,  8.42680395e-01,
       -3.07285279e-01, -6.25268161e-01, -5.38820863e-01,  7.76275456e-01,
        4.03030366e-01, -8.17393899e-01, -4.26742435e-01,  3.45639497e-01,
        5.32194674e-01, -5.53693414e-01, -9.55615580e-01,  4.14879292e-01,
        1.37271777e-01,  4.84955430e-01, -2.45198488e-01,  3.27827990e-01,
       -4.92287695e-01,  1.71126112e-01, -8.48948479e-01, -8.31459224e-01,
        7.25527525e-01,  1.07233129e-01, -5.49529016e-01,  2.56362587e-01,
        1.18588753e-01,  3.23659062e-01, -8.02392960e-01, -9.18146312e-01,
       -4.63961422e-01, -7.58163214e-01,  1.78721055e-01, -6.74678460e-02,
        6.07627451e-01, -2.27905348e-01, -3.29338312e-01,  1.51346084e-02,
       -8.21867704e-01,  5.81227481e-01,  2.32993066e-01, -3.24476399e-02,
        6.16552711e-01, -1.42015055e-01, -3.42798740e-01,  8.85390162e-01,
        1.79341272e-01, -6.70682907e-01,  1.51277244e-01, -5.34959972e-01,
       -4.33737248e-01,  4.52355415e-01, -7.41743445e-01, -1.18133806e-01,
        2.68451065e-01, -7.37467587e-01, -6.72027916e-02,  4.49395210e-01,
       -6.78342223e-01,  4.03421044e-01, -7.32148647e-01,  7.67307222e-01,
       -9.04365554e-02,  1.53790787e-01,  8.93564343e-01, -4.45078999e-01,
       -6.58640921e-01,  5.14272988e-01, -4.62431401e-01,  3.45592588e-01,
        4.91510481e-01, -5.14058769e-01, -2.25070611e-01, -2.94791013e-01,
        5.75054884e-01, -5.61882079e-01, -8.42236340e-01,  7.25866139e-01,
       -1.95702240e-01, -7.38154888e-01,  8.52072775e-01, -5.69235161e-02,
        2.28987515e-01,  2.01590881e-01,  1.96662903e-01, -4.04807746e-01,
       -1.28523111e-01, -7.56000757e-01, -3.53077233e-01, -8.33348870e-01,
       -2.89835215e-01,  3.46034802e-02,  4.80162382e-01, -6.85666680e-01,
        1.76391695e-02,  5.35195589e-01,  4.57029231e-02, -9.55032527e-01,
       -4.05340075e-01,  5.60327172e-01, -1.66821763e-01, -7.28864372e-01,
       -4.40238148e-01, -6.11565821e-02,  5.73733330e-01,  3.99700671e-01,
        2.41409004e-01, -7.51887381e-01, -9.69079196e-01,  7.73618162e-01,
        1.34960383e-01, -9.83929262e-02,  3.03809851e-01,  5.08942723e-01,
        4.79021132e-01, -2.64910996e-01,  1.88343395e-02, -7.07725048e-01,
       -8.73586386e-02,  8.74965370e-01, -7.27211952e-01,  4.60909665e-01,
       -9.09295976e-01,  7.29509115e-01, -8.64999235e-01, -2.07510471e-01,
       -6.74948514e-01,  8.11912119e-01, -3.94128591e-01, -5.21200359e-01,
        1.47797605e-02, -1.63837224e-01, -6.76526427e-01,  6.53923333e-01,
       -3.45133990e-01, -8.52617800e-01,  3.45756799e-01, -1.99514240e-01,
       -1.66976303e-01,  5.59446067e-02,  6.32906795e-01, -6.42900288e-01,
       -8.06025326e-01,  8.54598999e-01,  3.87625061e-02,  1.47458271e-03,
        4.35297817e-01, -7.06151247e-01,  2.03047886e-01,  7.76678562e-01,
        2.93203920e-01, -3.16919208e-01, -7.91547596e-02,  7.20675766e-01,
        6.70783639e-01,  7.03250706e-01,  4.77760047e-01,  1.56499058e-01,
       -2.92801380e-01,  4.49738204e-02,  2.00723350e-01,  9.42654237e-02,
       -2.82388031e-01,  1.41580224e-01, -8.51195157e-02,  7.99933076e-02,
        1.56200379e-01,  7.19848633e-01, -7.61336148e-01,  1.46020308e-01,
        3.04935127e-01, -6.58649445e-01,  2.40179643e-01, -4.09726948e-01,
       -2.79496551e-01, -8.01724732e-01,  4.88526732e-01, -1.11822672e-01,
       -7.16105819e-01,  3.31909478e-01, -5.42351976e-02,  7.99490690e-01,
        5.23100913e-01,  2.08042562e-01,  9.04833004e-02,  7.36883223e-01,
       -6.45150006e-01, -6.62147224e-01,  7.58294389e-02,  9.65913177e-01,
        2.83700258e-01,  6.39015377e-01, -4.55036938e-01, -4.90052104e-01,
       -6.34646952e-01, -7.03657985e-01,  2.53405366e-02,  7.48953044e-01,
        4.12757725e-01,  4.69961822e-01,  2.49533802e-01, -1.50995292e-02,
        7.83088207e-01,  4.25030082e-01, -7.03296214e-02, -6.56663033e-05,
        4.64776397e-01, -7.25674331e-01, -4.89212841e-01,  7.91306674e-01,
        7.05434501e-01, -5.76652169e-01,  7.36835420e-01,  5.60347084e-03,
        6.90407157e-01, -6.93309128e-01,  4.70054418e-01, -5.21103799e-01,
       -8.88413072e-01, -5.21147735e-02,  2.00318784e-01,  7.01676130e-01,
       -5.21689057e-01, -4.61417735e-01,  8.47163081e-01, -4.17806178e-01,
        1.37912646e-01,  2.46951446e-01,  8.89675200e-01,  1.39356077e-01,
        1.03448629e-01, -5.76072395e-01, -8.73381436e-01,  4.21791047e-01,
        7.89123416e-01,  4.09226120e-01, -4.20526594e-01,  1.99905992e-01],
      dtype=float32), 'decoder.fc.2.weight': array([[-0.10954053, -0.07549711,  0.09535152, ..., -0.12267187,
         0.08683346,  0.06452797],
       [ 0.10653166,  0.07717772,  0.12505926, ...,  0.0526326 ,
         0.11642191, -0.07571456],
       [ 0.00184158,  0.08149727, -0.06783949, ..., -0.0391636 ,
        -0.12593748, -0.12127391],
       ...,
       [-0.07447734,  0.00634307, -0.18087214, ..., -0.04973894,
         0.00852823, -0.04164596],
       [ 0.08512124,  0.10055192, -0.05167942, ..., -0.09304833,
         0.05169965,  0.03802199],
       [-0.0443941 ,  0.07937146, -0.16982035, ..., -0.03675948,
        -0.02983266,  0.1266059 ]], dtype=float32), 'decoder.fc.2.bias': array([-0.02938333, -0.07062872, -0.08372061, ..., -0.11925179,
       -0.12143739,  0.07511477], dtype=float32), 'decoder.fc.4.weight': array([[ 0.05843073, -0.0530825 , -0.01977126, ...,  0.011207  ,
         0.03482908,  0.03133519],
       [ 0.02872339,  0.0007935 ,  0.02443994, ..., -0.0219112 ,
        -0.05198574, -0.00378201],
       [ 0.03430907,  0.04574214, -0.04262597, ..., -0.01398912,
         0.07905002, -0.04993067],
       ...,
       [ 0.00880042, -0.07208807,  0.03288728, ...,  0.04506557,
         0.03700199, -0.03234943],
       [ 0.01348148,  0.04969507,  0.01200454, ..., -0.03730739,
         0.02681425,  0.06720497],
       [-0.06200275,  0.00622731, -0.011519  , ..., -0.03220336,
         0.03366524, -0.04186036]], dtype=float32), 'decoder.fc.4.bias': array([-2.28391425e-03,  3.10552027e-02,  1.64067582e-03, -2.41022129e-02,
       -3.24306190e-02, -1.29234174e-03,  3.33666778e-03,  4.64709513e-02,
       -7.39111602e-02, -8.57909117e-03,  2.47578546e-02,  5.10393865e-02,
       -3.82800251e-02, -6.36525005e-02,  7.50510534e-03,  1.51602216e-02,
        6.83699995e-02, -1.16059370e-02, -1.06656706e-04,  3.42836417e-03,
       -7.46101737e-02, -9.33081470e-03, -2.89386027e-02, -5.14718108e-02,
        2.25001387e-02,  1.75095964e-02, -6.00446686e-02, -8.34376886e-02,
       -7.71538466e-02, -4.05791821e-03, -7.98083171e-02,  2.52520218e-02,
        1.02369776e-02, -4.99118306e-02,  5.19480705e-02,  5.13583720e-02,
       -7.80005157e-02, -5.52443750e-02, -4.43068857e-04,  7.38396449e-03,
        3.74754146e-02, -5.37124425e-02,  1.06085732e-03,  6.68746233e-02,
        4.98763472e-02, -4.32009995e-02, -4.27998602e-03, -2.93287951e-02,
        2.01162584e-02, -6.85360953e-02,  5.37144281e-02,  1.95277352e-02,
        3.44732925e-02,  6.46331310e-02, -6.04693182e-02, -2.95335539e-02,
       -5.03268056e-02,  2.43701600e-02, -4.62176874e-02,  4.58114333e-02,
       -7.67184654e-03, -3.24353273e-03, -1.82607491e-02, -6.12940826e-02,
        2.70789284e-02, -3.77280787e-02, -4.27302867e-02,  1.22819711e-02,
       -2.10596398e-02, -4.53821532e-02, -4.99228351e-02,  3.41379642e-02,
        6.61829934e-02,  3.72149125e-02,  4.58464548e-02, -3.61019280e-03,
        3.87582406e-02, -5.34871146e-02, -9.90162510e-03, -4.92347684e-03,
       -3.52729186e-02, -9.78184678e-03,  1.17637441e-02, -3.38922925e-02,
       -3.05168387e-02, -2.46237442e-02, -5.08280657e-03,  2.24637035e-02,
       -5.79718966e-03,  4.68107276e-02,  3.18946242e-02,  5.67197800e-02,
       -3.29170004e-03, -3.42271216e-02, -5.27059026e-02,  6.51960298e-02,
        2.08271015e-02, -3.53311785e-02, -7.75418729e-02,  5.50372414e-02,
       -9.43585113e-03, -6.72048926e-02, -6.76278695e-02, -5.09463362e-02,
        1.95907373e-02, -7.78686926e-02,  2.63494533e-02, -2.65378337e-02,
       -4.04397510e-02, -5.20537607e-02, -5.12488186e-02, -7.53531381e-02,
        5.07677123e-02,  2.44068149e-02, -2.14526542e-02, -1.41307455e-03,
       -7.59107806e-03,  2.23018806e-02,  5.50423600e-02,  2.39279177e-02,
       -2.35689990e-02,  3.16155627e-02, -7.64064714e-02, -7.48628564e-03,
       -1.27134740e-03, -1.26789529e-02, -8.02836195e-03, -6.35969043e-02,
        1.88426059e-02,  2.64363131e-04,  3.14871669e-02,  1.64145697e-02,
       -3.70426998e-02,  1.09383836e-02, -2.60485727e-02,  8.05084070e-04,
       -7.56962225e-02,  5.26902452e-02,  4.14889269e-02, -4.07611504e-02,
       -2.11139638e-02, -4.74496335e-02, -3.88633534e-02,  4.23874557e-02,
       -7.27167428e-02, -5.38136587e-02, -4.48931083e-02,  2.59964988e-02,
       -1.91064700e-02, -2.59371214e-02, -7.45097324e-02,  4.07975540e-03,
       -7.76285604e-02, -1.20443450e-02,  4.93852235e-02,  2.50528678e-02,
        3.23165976e-03,  2.50733830e-03, -2.34566331e-02,  2.53366604e-02,
        1.30018154e-02,  2.93113310e-02,  5.16115390e-02, -5.86716756e-02,
       -4.89771552e-03,  7.02709146e-03, -1.51593965e-02, -6.31457120e-02,
        5.11026196e-02,  8.28835815e-02, -7.40106776e-02, -4.50200476e-02,
        1.03192767e-02, -5.80163971e-02,  4.42407578e-02, -7.40911663e-02,
        4.16982025e-02,  4.28733230e-02, -2.71827206e-02, -7.75384530e-03,
        1.10528953e-02, -4.80821542e-03, -2.80956011e-02, -3.42516527e-02,
       -6.96187168e-02, -1.35158869e-02,  4.26842682e-02, -2.91286353e-02,
        3.72245982e-02,  1.24868816e-02, -5.09900078e-02, -6.34830445e-02,
       -2.50954572e-02, -3.59803811e-02, -2.89835930e-02,  5.99339092e-03,
        1.32813826e-02, -1.68700162e-02,  3.38553509e-04,  4.63572256e-02,
        5.12613505e-02,  5.55087477e-02,  1.68361757e-02, -2.31798403e-02,
        4.40440960e-02, -1.15446122e-02, -2.59049479e-02,  6.09927960e-02,
        3.39173749e-02,  6.39893413e-02, -2.24314220e-02,  6.90136403e-02,
       -6.74438104e-02,  1.32077010e-02, -9.72590060e-04,  3.18067558e-02,
       -3.82649787e-02, -2.53392607e-02, -5.15071154e-02,  3.99469435e-02,
       -3.87343243e-02, -2.11226307e-02,  7.02977926e-02, -5.10696881e-02,
        1.24991061e-02, -7.30329985e-03,  4.18756865e-02, -2.88624894e-02,
        2.46626642e-02,  8.68284609e-03,  2.18512286e-02, -2.82705445e-02,
       -3.25128883e-02, -8.82110149e-02, -1.94119923e-02, -6.34904727e-02,
       -1.06727695e-02,  4.26806062e-02, -7.40882084e-02, -3.08996513e-02,
        3.19914706e-02,  5.16835377e-02,  6.82416465e-03,  4.97592092e-02,
       -4.23931964e-02,  7.20131695e-02,  6.14278391e-03,  2.68915426e-02,
        4.95071858e-02, -2.11645085e-02,  7.16661196e-03,  6.21491810e-03,
       -1.43561233e-02,  2.34404542e-02, -5.03562093e-02, -5.82891330e-02,
        1.98473874e-02, -1.13970023e-02, -3.01944949e-02,  6.18291423e-02,
       -4.11472358e-02,  6.03291765e-02,  6.32209927e-02,  6.48260713e-02,
       -3.66637930e-02,  5.41750789e-02, -2.63943486e-02,  2.88309213e-02,
        4.02518511e-02, -6.00320511e-02,  1.82952229e-02,  1.22992294e-02,
        1.29199475e-02,  2.02834234e-02, -1.26233781e-02, -1.39642777e-02,
        6.46812543e-02, -5.11698015e-02, -5.77624366e-02, -5.19013330e-02,
       -5.77129200e-02,  1.11526502e-02, -5.89878708e-02,  2.25286372e-02,
        9.49128252e-03, -1.22283527e-03, -4.60762642e-02,  5.45061752e-02,
       -5.19462749e-02, -6.87804669e-02, -2.29211431e-02, -1.39534008e-02,
        5.75515628e-03, -2.73187496e-02,  4.99696024e-02,  2.06489619e-02,
       -9.08849481e-03, -6.68794066e-02,  3.82728539e-02, -2.30985954e-02,
        9.59635898e-03, -2.04257201e-02, -6.23645633e-02, -7.76179284e-02,
       -2.60874964e-02, -8.76357928e-02, -3.62567082e-02, -5.95589876e-02,
        4.45186049e-02,  4.92344573e-02, -2.98346989e-02,  1.83047564e-03,
        2.45346432e-03, -3.97758149e-02, -6.75204918e-02, -5.44464290e-02,
        1.93532035e-02,  5.73127009e-02,  3.27989943e-02, -6.02793358e-02,
        1.87159404e-02,  3.37626338e-02, -2.64817216e-02,  2.34221891e-02,
       -6.52034208e-02,  2.08086818e-02,  1.93502419e-02, -3.28074116e-03,
       -5.78857735e-02,  2.74614734e-03, -2.80394144e-02,  6.18509343e-03,
       -4.12042849e-02, -7.62545466e-02,  2.49272939e-02,  1.04028219e-02,
       -6.66836798e-02,  3.39560684e-05, -1.65202729e-02,  1.85038783e-02,
        3.04236095e-02, -6.11276701e-02,  5.12649231e-02, -6.92524016e-02,
        5.45858033e-02, -6.23100158e-03, -4.00848947e-02, -1.76735669e-02,
        3.22467946e-02, -6.59909025e-02, -6.90080598e-02,  4.04574089e-02,
        3.81013975e-02, -4.93838973e-02,  5.15033193e-02,  3.73756997e-02,
       -8.00736845e-02,  3.61795686e-02, -7.49264881e-02, -5.97039796e-02,
       -6.79665580e-02,  3.02489661e-02,  8.30602571e-02, -6.77146390e-02,
       -2.30803224e-03,  6.00721396e-04,  2.50905547e-02,  5.98057993e-02,
       -4.17173058e-02,  3.53589579e-02, -7.06389472e-02,  1.67296194e-02,
        3.95751297e-02, -4.35877033e-02, -9.39540565e-03,  1.41204204e-02,
        1.94746796e-02, -2.45082565e-02,  2.38758139e-02,  2.97030117e-02,
       -1.43054919e-02, -4.03214581e-02, -4.34362330e-03,  1.99564174e-02,
       -3.94604821e-03,  3.56775080e-03, -2.89269518e-02, -3.92537117e-02,
       -4.80940053e-03,  1.25058945e-02,  1.75406579e-02,  5.70886061e-02,
       -1.28400885e-02, -6.35933457e-03, -1.24665769e-02,  1.98964216e-02,
       -6.55583367e-02, -7.89865851e-03,  4.11517126e-03, -2.12998837e-02,
       -7.24898353e-02,  2.22223029e-02, -3.06790005e-02,  1.94063112e-02,
       -8.20065662e-02,  6.33093808e-03,  4.07419987e-02,  3.08542643e-02,
       -2.47958191e-02,  9.30708833e-03, -6.25178739e-02,  4.78486568e-02,
       -5.23151085e-02, -2.68439204e-02,  5.06303459e-02,  8.65036622e-03,
        6.63658082e-02, -5.90888001e-02,  1.19190309e-02, -1.94038730e-02,
       -4.53528576e-02, -7.50264972e-02,  2.27982532e-02,  2.17953734e-02,
       -3.07089407e-02, -6.61387965e-02, -2.05510352e-02, -6.98778452e-03,
       -4.58011329e-02, -1.39056630e-02, -6.02843538e-02,  2.47678310e-02,
       -3.60917114e-02,  5.63640147e-02,  5.48914783e-02,  3.90616395e-02,
        5.28063886e-02, -8.82669240e-02, -3.75400670e-02, -1.95921399e-02,
        1.08142411e-02, -1.73158087e-02, -6.16539009e-02,  4.57445569e-02,
        1.08573341e-03,  1.30524551e-02,  4.48239893e-02, -3.44734080e-02,
       -3.10172196e-02,  3.89623269e-03, -3.55845578e-02, -7.05502853e-02,
       -8.27090591e-02,  3.98151390e-02, -6.24085683e-03,  1.77254714e-02,
        3.53727466e-03, -4.91660321e-03,  1.32013084e-02,  4.35982086e-02,
        5.83592243e-02,  2.39926800e-02,  5.05838953e-02,  1.65004469e-02,
        4.79749069e-02, -1.07316347e-02, -6.81392774e-02, -8.40917677e-02,
        5.09906188e-02,  4.15939465e-02,  4.74234894e-02,  5.19417934e-02,
        1.95684675e-02, -2.20763963e-02,  1.20518636e-03, -1.83509532e-02,
       -2.61200946e-02,  2.22581662e-02, -7.07509145e-02,  1.35206822e-02,
       -3.90173346e-02, -5.12816757e-02, -8.23229328e-02, -2.31282264e-02,
       -2.43327599e-02,  7.03677833e-02,  5.28444871e-02,  7.24619403e-02,
       -4.23617773e-02, -7.54515305e-02, -9.93032288e-03,  3.01785544e-02,
       -3.16875987e-02,  7.04585090e-02,  4.64107990e-02, -4.63452898e-02,
        4.61182743e-02, -8.09807405e-02, -8.04391354e-02, -2.44119372e-02],
      dtype=float32), 'decoder.fc.6.weight': array([[-0.06879076,  0.06809323, -0.02289557, ...,  0.17028295,
        -0.10665572,  0.01451484],
       [ 0.0819191 , -0.08533354, -0.10698674, ...,  0.10466245,
         0.03008236, -0.05014968],
       [ 0.00829853, -0.05079926,  0.1121115 , ..., -0.08897439,
         0.0923273 ,  0.07550008],
       ...,
       [ 0.05699767, -0.09654329, -0.09107525, ..., -0.02341734,
         0.0475912 ,  0.08125377],
       [-0.01299272, -0.13558012, -0.0521449 , ..., -0.01095665,
        -0.03248386, -0.00480117],
       [-0.11641692,  0.00223694,  0.08715453, ..., -0.03487692,
         0.04912586,  0.0824051 ]], dtype=float32), 'decoder.fc.6.bias': array([ 0.03216214, -0.11955489,  0.07757828, ...,  0.01702129,
       -0.09007657,  0.05375864], dtype=float32)}
[Time: 29.01.25 15:01:22] [Level: info] [State: aggregate] {'encoder.fc.0.weight': array([[ 0.00806748, -0.025019  , -0.01688252, ..., -0.01758935,
        -0.03099793,  0.04461152],
       [ 0.0068479 ,  0.03709013,  0.02054792, ...,  0.0092821 ,
         0.00655855, -0.01718116],
       [-0.02344264, -0.01880196, -0.00402585, ...,  0.00881962,
         0.00313068,  0.00756412],
       ...,
       [-0.01663045, -0.02169017,  0.0082878 , ..., -0.02686307,
        -0.02759871,  0.01286042],
       [ 0.0255205 , -0.01057728,  0.03856988, ...,  0.03474766,
        -0.03349191,  0.00847025],
       [ 0.0019405 , -0.01517417,  0.02268038, ..., -0.01041234,
        -0.02486857, -0.02080026]], dtype=float32), 'encoder.fc.0.bias': array([-2.12139264e-02, -5.67886569e-02,  3.63948867e-02, -7.69622996e-03,
       -9.87662841e-03, -5.38025834e-02, -1.69812273e-02, -3.03929690e-02,
        4.73329565e-03, -5.26487567e-02, -5.12207709e-02, -5.20450994e-03,
        6.69649197e-03, -9.93904565e-03, -4.42597829e-02, -1.15392180e-02,
       -4.33041193e-02, -4.10673991e-02, -3.10303271e-02, -3.54760960e-02,
        1.41290594e-02, -5.64501574e-03, -1.32642807e-02,  1.96980126e-02,
       -4.68277596e-02, -2.06027497e-02,  2.44748371e-04, -3.41623537e-02,
       -2.37917956e-02, -1.05515225e-02, -1.72709730e-02, -3.03722289e-03,
       -2.31561456e-02, -3.83952148e-02, -8.54480732e-03,  9.27732885e-03,
       -6.62649469e-03, -4.44693565e-02, -1.00251464e-02,  1.39677990e-02,
       -3.90990302e-02, -1.28059927e-02, -9.15772282e-03, -1.78901199e-02,
       -3.26391053e-03,  4.80643250e-02, -5.43652847e-02, -2.18535364e-02,
       -5.01416773e-02, -1.12500684e-02, -1.47439260e-02, -5.16796857e-02,
       -7.46420072e-03,  1.10290211e-03, -3.98630053e-02,  8.19457229e-03,
        2.37762351e-02, -1.63063593e-02, -1.10284332e-02, -1.60952006e-02,
       -4.02208567e-02, -1.30425952e-02, -1.07727312e-02, -4.52753203e-03,
       -1.28340274e-02, -4.42492627e-02, -8.98149703e-03, -4.29638214e-02,
       -1.10126100e-02, -2.81712301e-02, -1.92415472e-02, -3.78155969e-02,
       -1.85043644e-02,  8.63288529e-03, -3.10213380e-02, -1.38093904e-02,
       -3.74059491e-02, -2.37067305e-02, -1.07819289e-02, -3.02174203e-02,
       -3.90093476e-02, -4.18928973e-02,  1.50521109e-02, -1.46665117e-02,
        5.59778977e-03,  2.66979877e-02, -4.00610082e-02, -2.49109957e-02,
       -2.68302746e-02, -1.15341693e-02,  2.05230364e-03,  2.68204845e-02,
       -3.05716973e-03, -1.85470190e-02, -2.71408763e-02,  2.73351483e-02,
       -7.83043262e-03, -1.74654350e-02,  1.87952425e-02,  4.99334037e-02,
       -2.95420811e-02,  1.29113835e-03, -1.23167429e-02, -7.92932883e-03,
       -5.66496421e-03, -5.69299459e-02, -1.90369654e-02, -4.14376035e-02,
       -2.37418134e-02, -8.27955175e-03, -7.38645811e-03, -5.24543750e-04,
       -3.30754920e-05,  1.46324458e-02, -3.43849659e-02, -2.02354100e-02,
        7.78337009e-03, -3.09858862e-02,  4.98893764e-03, -1.23746088e-02,
       -1.13214115e-02,  2.02968828e-02, -3.40676047e-02, -3.08524426e-02,
       -4.31364626e-02,  3.31264213e-02,  7.76791899e-03, -1.47855030e-02,
       -2.27877777e-02, -2.97635905e-02,  8.35446082e-03, -2.02502292e-02,
       -4.64638844e-02,  7.53300171e-03, -1.24644702e-02, -2.02350914e-02,
       -4.89181690e-02,  1.09951356e-02, -2.07452253e-02, -4.36660461e-02,
       -1.96388713e-03, -2.17212383e-02, -5.71224876e-02, -1.48106106e-02,
       -3.36404592e-02, -6.10703928e-03, -1.58833209e-02, -1.47119155e-02,
       -2.34840252e-02, -4.17472571e-02, -4.35560709e-03, -3.57411080e-03,
       -3.88588919e-03, -2.53561256e-03, -8.07926897e-03, -5.48316129e-02,
       -3.72224860e-02, -2.61509083e-02,  2.80506406e-02, -3.42349336e-02,
        2.41328813e-02, -2.28612944e-02, -1.45600121e-02, -3.66432145e-02,
       -3.55220363e-02, -5.68646751e-02, -9.35187750e-03, -8.48801807e-03,
       -3.30423526e-02,  3.64145488e-02, -5.13255522e-02, -5.65678179e-02,
       -1.43748904e-02, -3.51359462e-03, -3.03608514e-02, -1.55597450e-02,
       -5.38116135e-02, -4.03036587e-02, -7.61157554e-03, -2.01270040e-02,
       -4.72589619e-02, -7.23801786e-03, -2.01213919e-02, -2.72560795e-03,
       -2.46546809e-02, -7.86123239e-03, -3.87236737e-02,  4.42852359e-03,
        1.54208550e-02, -1.77155696e-02, -3.88065726e-03,  1.35666467e-02,
       -5.76367341e-02, -3.27718556e-02, -2.13299179e-03, -3.50300525e-03,
       -1.10146832e-02, -3.06229685e-02, -1.97415799e-02,  1.87278222e-02,
       -3.26137012e-03, -3.82311968e-03, -8.25785566e-03, -3.74377370e-02,
       -3.51548307e-02, -2.03972515e-02, -3.51009071e-02,  8.77726637e-03,
       -3.55487093e-02, -5.83403818e-02, -5.41773438e-02, -4.31907997e-02,
       -1.76872928e-02, -4.89015691e-03, -2.39406228e-02, -1.40468916e-02,
       -3.36637571e-02, -1.91486683e-02, -3.35475616e-02, -2.34884676e-02,
       -2.84292409e-03, -3.60835642e-02, -1.62976570e-02, -2.96495366e-03,
        1.75500084e-02,  2.86679156e-02, -1.17727248e-02, -2.78787818e-02,
       -8.44599027e-03, -5.48228482e-03, -2.27742177e-02, -3.15169133e-02,
       -1.55760888e-02, -3.77772823e-02, -2.41300352e-02, -3.68666016e-02,
       -1.68929696e-02, -3.51565443e-02, -2.11489350e-02, -3.59926969e-02,
       -2.53553968e-02, -1.87006611e-02, -3.82845141e-02, -6.37494866e-03,
       -1.62835252e-02, -2.66632182e-03, -2.04620585e-02, -4.59423922e-02,
       -2.27045789e-02, -1.79870576e-02, -1.91180781e-02, -4.07031663e-02,
       -3.69588174e-02, -8.45119299e-04, -4.13877405e-02, -1.53530650e-02,
        3.96528002e-03, -1.42922616e-02, -2.38982663e-02, -1.14385989e-02,
       -6.48996793e-03,  1.38253777e-03, -4.96118441e-02, -1.55073311e-02,
       -8.11092928e-03,  2.14079060e-02, -5.98074868e-02,  1.55960879e-04,
       -3.95866819e-02,  9.71235917e-04, -3.08601260e-02, -8.24836548e-03,
       -5.28814597e-03, -2.30459198e-02, -3.75495590e-02, -1.64953712e-02,
       -1.65493712e-02, -4.60089222e-02, -1.28421383e-02, -1.17188422e-02,
       -4.58532013e-02, -4.82347868e-02,  2.37231068e-02,  1.14865713e-02,
        1.69365499e-02, -1.52787818e-02, -2.34851381e-03, -4.42184210e-02,
        1.29416594e-02,  2.37771291e-02, -1.56340953e-02, -3.20499986e-02,
       -3.80036607e-02, -1.24967722e-02, -8.44964478e-03, -1.90227688e-03,
       -5.03710993e-02,  1.88928144e-03,  1.02550099e-02, -3.99490744e-02,
       -1.20802997e-02, -5.63222030e-03, -4.68568206e-02, -4.97728884e-02,
       -2.34991200e-02, -1.74306557e-02, -3.69224027e-02, -5.61383255e-02,
       -3.79846315e-03, -1.45499529e-02, -2.41834694e-03, -4.94577736e-02,
       -1.07080219e-02, -3.61644141e-02, -2.64996532e-02, -3.91976498e-02,
       -1.10046589e-03, -5.72697492e-04, -3.53435278e-02, -5.46946675e-02,
       -2.31086016e-02,  1.68996397e-02, -3.68785970e-02,  2.02268874e-03,
       -5.92231797e-03, -1.55322161e-02, -5.98946884e-02, -2.71714590e-02,
       -1.48910033e-02,  2.95300353e-02, -2.90990360e-02, -2.65105609e-02,
       -1.12572955e-02, -2.97735818e-02, -5.07062152e-02, -2.61221323e-02,
       -2.27056351e-02, -2.30152216e-02,  1.61147602e-02, -1.66090429e-02,
        1.52885253e-02, -4.39003631e-02, -2.62636822e-02, -3.28036211e-02,
       -6.82081506e-02, -6.21225052e-02, -2.33400892e-02,  1.39773265e-03,
       -3.60638648e-02, -5.24996258e-02, -4.31325138e-02,  1.16077689e-02,
       -2.12895926e-02, -9.95564181e-03, -2.54926365e-03, -2.51907371e-02,
       -4.61674482e-02,  9.06829908e-03, -3.49809532e-04, -2.25412585e-02,
       -2.06671599e-02,  1.31250694e-02, -1.06400819e-02, -2.70556863e-02,
       -2.43128091e-02, -2.42153853e-02, -2.99252495e-02, -2.20447965e-02,
       -3.01908539e-03, -2.50598211e-02, -4.13014367e-02,  1.29640969e-02,
       -3.38130258e-02, -1.98888406e-03, -3.68227623e-02, -1.01641202e-02,
       -3.71421874e-02, -2.52622683e-02,  1.05797802e-03, -5.40509075e-02,
       -1.01163797e-02,  3.72237898e-03,  9.59688332e-03,  4.66838293e-03,
       -2.16042623e-02, -7.86137395e-03, -1.01357009e-02,  4.26592976e-02,
        2.84502096e-02, -2.94492431e-02,  4.43698131e-02, -2.14007683e-02,
       -3.84197906e-02, -2.54326127e-02, -6.12960570e-02,  1.45009104e-02,
       -2.46175975e-02, -6.17512539e-02,  2.27049389e-03, -1.51878800e-02,
       -1.18629374e-02, -3.54301557e-02, -4.78282049e-02, -8.99298582e-03,
       -3.44590507e-02,  7.59425713e-03, -1.70993898e-02,  1.55127430e-02,
       -7.64682249e-04, -2.82469299e-02, -7.44668487e-03, -1.09373475e-03,
       -1.37311472e-02, -1.95911713e-02, -2.12171506e-02, -2.16300460e-03,
        1.19149303e-02,  6.51900005e-03, -3.24868187e-02, -2.94966321e-03,
       -5.79656661e-02, -3.47521678e-02, -4.47555445e-03, -3.93890776e-03,
        1.59183908e-02, -2.40087118e-02, -1.51676191e-02, -4.97460477e-02,
       -1.01456139e-02, -4.15002666e-02,  1.29147284e-02, -4.26844141e-04,
       -4.95823054e-03, -1.16828003e-03,  8.80718604e-03,  8.58453801e-04,
       -3.38738561e-02,  2.31460501e-02, -1.30038122e-02, -1.21949427e-02,
       -4.25324738e-02,  1.16850073e-02,  6.36247452e-03, -6.17651716e-02,
       -4.22635600e-02, -1.12384446e-02, -4.27888744e-02, -3.31904106e-02,
       -4.42288779e-02, -5.33099752e-03, -4.95414771e-02, -4.21415716e-02,
       -4.47664708e-02,  1.11013581e-03, -9.43187531e-03, -4.87122200e-02,
        2.43684147e-02, -4.41106856e-02,  1.62321664e-02,  1.16771355e-03,
       -5.75098731e-02,  1.91782042e-02, -3.26281004e-02, -1.42325331e-02,
       -1.19061889e-02,  1.56907532e-02, -3.18224616e-02, -4.37814593e-02,
       -9.14573297e-03, -2.27634180e-02,  4.88565397e-03, -3.04279830e-02,
       -6.28069192e-02, -5.09442538e-02, -1.01008522e-03, -1.17449164e-02,
        4.01296746e-03, -1.85621772e-02, -4.35157344e-02, -7.33020343e-03,
       -1.01873023e-03, -2.10545249e-02,  9.52322129e-03, -4.32965793e-02,
       -2.33381577e-02, -3.97150181e-02, -3.11631262e-02, -1.83301661e-02,
       -8.22654110e-04, -4.69930619e-02, -2.32093353e-02, -5.36439270e-02,
       -6.30575605e-03, -2.69953180e-02, -4.21962999e-02, -2.16574371e-02,
       -3.28796096e-02,  3.88759014e-04,  2.33038403e-02, -9.78599861e-03],
      dtype=float32), 'encoder.fc.2.weight': array([[-0.13903736,  0.03740713,  0.10145313, ..., -0.01125052,
        -0.10531142, -0.00685156],
       [ 0.01384816, -0.02139045, -0.1220658 , ..., -0.00294297,
        -0.11069532, -0.14043221],
       [-0.07890569,  0.0916399 , -0.1380988 , ...,  0.10377232,
        -0.11403101,  0.04314515],
       ...,
       [ 0.03314301, -0.145012  , -0.11426003, ...,  0.06132078,
        -0.01701524, -0.10976142],
       [ 0.02005326, -0.15318523,  0.03314406, ..., -0.07343191,
        -0.0913751 , -0.06207666],
       [-0.10603789,  0.00098032, -0.11376122, ..., -0.00833332,
        -0.01883487, -0.01272025]], dtype=float32), 'encoder.fc.2.bias': array([ 0.1183382 , -0.08527786,  0.09970042, ..., -0.02802753,
       -0.09629803, -0.05696929], dtype=float32), 'encoder.fc.4.weight': array([[-0.06739229,  0.01119948, -0.0106902 , ...,  0.03338938,
         0.00231488, -0.06518539],
       [ 0.05369515,  0.05198544,  0.04464472, ..., -0.05884572,
        -0.0067224 , -0.01475578],
       [-0.05867688,  0.02116811,  0.05956792, ..., -0.00195404,
        -0.02522714,  0.01598375],
       ...,
       [-0.05860668, -0.02602931, -0.00219711, ..., -0.03604268,
         0.03563193,  0.07467128],
       [-0.04134564, -0.00365355,  0.05946956, ..., -0.02333015,
        -0.06749216, -0.00683883],
       [-0.00702454,  0.02108746, -0.07694656, ..., -0.05332369,
        -0.05521242,  0.03707586]], dtype=float32), 'encoder.fc.4.bias': array([-7.71376863e-02, -1.06822317e-02, -1.04200915e-02, -4.60464396e-02,
       -1.00775983e-03,  1.10949511e-02,  3.54498699e-02, -6.91577047e-02,
       -5.76975532e-02, -7.42567480e-02, -5.61798662e-02,  3.09280995e-02,
       -1.70801245e-02, -6.88606575e-02, -2.88967062e-02, -5.02040721e-02,
       -7.13448226e-02, -3.58191058e-02, -7.35724047e-02, -5.51829636e-02,
       -7.72166625e-03, -1.42876094e-03, -6.33954629e-02, -7.01917633e-02,
       -6.53509051e-02, -5.66287935e-02, -9.60945245e-03,  4.52081300e-02,
       -2.57806964e-02, -3.41766030e-02, -2.07994897e-02,  6.04196228e-02,
       -7.46243671e-02, -5.53013291e-03, -1.25380373e-02, -7.61303306e-03,
        3.45430486e-02,  3.03277038e-02, -3.93614881e-02, -6.97934851e-02,
       -5.35302088e-02, -4.71934937e-02,  4.36781384e-02, -8.11961442e-02,
       -1.23543162e-02, -1.53685305e-02, -2.12910101e-02,  1.05359051e-02,
       -2.79151946e-02,  4.64900769e-02,  1.70531794e-02,  1.06502278e-02,
       -4.87956554e-02,  4.51975614e-02, -5.19196950e-02, -3.35665159e-02,
        5.47882775e-03,  1.73642460e-04, -2.64459811e-02, -1.90084334e-02,
        9.26904567e-03, -6.10696562e-02,  2.43573543e-02, -2.19648220e-02,
        2.09160019e-02,  2.02170089e-02, -1.21635143e-02,  1.87502578e-02,
       -6.19265251e-02, -1.35142328e-02, -3.70029546e-02, -3.39448974e-02,
        2.27043331e-02, -2.33859047e-02,  4.52279076e-02, -7.81289861e-03,
        2.08580848e-02, -3.07866745e-02, -5.74345142e-02, -6.72926679e-02,
       -4.77035679e-02,  5.51239699e-02,  4.91833985e-02, -3.62268742e-03,
       -4.96068597e-02,  3.14548705e-03,  6.86127041e-03, -1.68191344e-02,
        3.48811373e-02, -4.24226895e-02,  3.49434167e-02, -6.11107498e-02,
       -3.67803127e-03,  5.04080430e-02, -3.49913761e-02, -7.47281611e-02,
       -3.63272354e-02,  1.59559492e-02,  2.03801244e-02, -6.98788017e-02,
       -1.98095702e-02, -3.10515631e-02, -7.77622163e-02,  2.02574432e-02,
        6.26663566e-02,  8.46733805e-03, -6.38099909e-02, -2.48134453e-02,
       -4.15836535e-02, -6.13867790e-02, -3.24908979e-02,  1.69486422e-02,
        3.14871930e-02,  3.97802852e-02,  3.53144096e-05, -4.80679162e-02,
        1.04582906e-02,  9.14226344e-04, -3.03137414e-02, -3.49819176e-02,
        3.22556146e-03,  2.01863572e-02,  5.51638566e-03,  3.18471082e-02,
        1.92792271e-03, -2.33601276e-02, -1.37525862e-02,  5.19501530e-02,
       -7.63227344e-02,  1.05425818e-02, -7.45586231e-02,  5.33731654e-02,
       -1.98676512e-02, -7.65655711e-02, -1.18302600e-03,  1.81871280e-02,
        1.15178106e-02,  3.05619203e-02, -3.92027535e-02, -6.05861843e-02,
       -6.30052090e-02,  2.10807715e-02,  3.65626067e-02,  5.02214730e-02,
       -2.21358091e-02, -1.59244183e-02, -2.39838776e-03,  4.00598645e-02,
       -4.44085114e-02, -5.89132272e-02, -2.63516959e-02, -5.84498122e-02,
       -1.23475622e-02,  2.29645148e-02,  1.39419744e-02,  4.24380079e-02,
       -4.22575772e-02, -2.48887558e-02, -4.61982600e-02, -5.69591597e-02,
        4.31571007e-02,  3.94390225e-02,  5.86375408e-03, -4.47110925e-03,
        3.29320058e-02,  7.15761539e-03, -1.00104362e-02,  7.37430975e-02,
       -7.08313286e-02, -5.97335212e-03, -6.03077710e-02,  1.70389917e-02,
       -5.47747388e-02, -8.51798654e-02,  1.63476318e-02, -2.98164450e-02,
       -5.19208983e-02, -6.71844110e-02, -5.27070686e-02,  4.21902910e-02,
       -4.91475165e-02, -5.68166375e-02,  3.06919049e-02,  4.98576984e-02,
       -7.30451196e-03,  8.47291481e-03,  5.48340753e-02,  1.58229582e-02,
       -3.91877964e-02,  4.62875329e-02,  1.99444816e-02, -1.24683492e-02,
       -3.10377730e-03, -1.70962028e-02,  3.77395516e-03, -1.51522625e-02,
       -6.20356435e-03,  2.75059487e-03, -6.54716939e-02, -1.48650324e-02,
       -6.86048120e-02, -2.97284629e-02, -4.42389064e-02, -4.14659530e-02,
       -4.76829633e-02,  4.45732623e-02,  1.86428558e-02, -5.09956591e-02,
       -1.94642488e-02, -7.64181167e-02, -3.03268246e-02, -4.96167988e-02,
       -7.73925930e-02, -5.91017455e-02,  2.88036419e-03, -1.87570620e-02,
        7.49468757e-03, -4.08171639e-02, -1.04146991e-02, -1.81973400e-03,
        3.19971666e-02,  5.94099797e-02, -8.20240006e-02,  3.03985132e-03,
        3.88472192e-02, -7.01104254e-02, -6.97290823e-02,  2.92926263e-02,
       -2.85820290e-02,  1.94042865e-02,  2.21408792e-02, -2.32556388e-02,
        4.08923849e-02, -1.21424003e-02, -8.64750892e-03,  2.06810366e-02,
        3.20911631e-02, -5.48108257e-02, -2.49218512e-02, -6.03532046e-02,
       -5.35228774e-02, -2.77363160e-03,  1.60580389e-02,  1.04262000e-02,
       -7.45177716e-02,  2.37677377e-02, -7.89015442e-02,  4.22557406e-02,
       -1.72266632e-03, -5.61038777e-02, -4.88206819e-02,  4.59954366e-02,
       -4.25252169e-02,  4.47709486e-02, -6.55612200e-02, -3.87572660e-03,
       -1.83581468e-02, -5.74200526e-02, -1.67676471e-02,  1.06126750e-02,
        3.32103483e-02,  3.88112431e-03,  5.72034484e-03, -4.28307503e-02,
        1.56042799e-02,  4.20937017e-02, -1.70785300e-02, -3.99138518e-02,
       -3.72876301e-02, -5.28662093e-02,  2.32827868e-02,  3.99497896e-02,
       -3.17422561e-02, -1.49550457e-02,  7.06933159e-03, -8.16685706e-02,
       -4.27713282e-02, -7.54743814e-02, -5.97896352e-02,  5.82460649e-02,
        3.86930630e-02, -3.81437168e-02,  1.23643782e-02,  4.81564216e-02,
        3.03969043e-03,  3.80494930e-02,  4.17436026e-02,  1.02500878e-02,
       -5.95633015e-02,  4.77371691e-03, -2.87091415e-02,  1.44224074e-02,
       -1.50789358e-02, -7.48158768e-02, -1.41058571e-03, -6.64873272e-02,
       -1.10857124e-02, -2.10948475e-02, -6.78658783e-02, -6.45315945e-02,
       -6.56629279e-02,  4.91762273e-02, -7.52547830e-02,  2.07818672e-02,
        5.11252619e-02,  2.03682166e-02, -6.59341738e-02, -3.35921496e-02,
        1.48222670e-02, -1.83487069e-02,  2.16883942e-02,  3.99808586e-02,
       -1.67224538e-02,  3.45323719e-02, -4.68996651e-02, -6.54952154e-02,
        4.06872556e-02,  9.25076474e-03, -5.31018898e-02,  3.63680138e-03,
       -2.50071883e-02, -3.95385139e-02, -7.79274479e-02, -4.35116589e-02,
       -3.11694834e-02,  5.13330251e-02,  4.02978696e-02, -2.09148508e-02,
        2.25807112e-02, -2.21814755e-02, -3.72180305e-02, -2.44576260e-02,
        5.16405515e-02,  7.07747322e-03, -2.38752309e-02, -3.70620862e-02,
        2.31904443e-02, -3.32367048e-02, -3.73323224e-02, -7.50849769e-03,
        1.53786456e-02,  2.70219035e-02, -5.08795157e-02,  2.39329059e-02,
        1.63671095e-02,  6.26682788e-02,  7.91918207e-03,  5.79295168e-03,
        8.44615698e-03,  1.12952180e-02,  1.80722382e-02, -1.18229026e-02,
       -5.61499689e-03, -7.63219595e-03, -7.67393559e-02, -4.50445563e-02,
        2.08736993e-02, -3.31550129e-02, -6.67267963e-02, -1.40554849e-02,
       -3.33183333e-02, -3.12378053e-02, -2.89019570e-03,  4.01323624e-02,
       -6.75465763e-02,  3.99062634e-02, -6.14045821e-02, -6.31950125e-02,
        2.50182971e-02, -7.62753596e-04, -2.48194560e-02,  6.19910844e-02,
       -9.45945736e-03,  1.70919928e-03,  3.78210582e-02,  1.03549636e-03,
       -4.96533215e-02, -1.75158530e-02,  2.61750836e-02, -3.09328898e-03,
        4.18931283e-02,  2.99876295e-02,  3.77383307e-02, -3.14274058e-03,
        9.32053942e-03, -7.62442723e-02, -7.42313117e-02, -4.08373997e-02,
       -4.07171845e-02, -2.87242401e-02, -2.33850107e-02, -1.90678835e-02,
       -3.23763490e-02, -1.40337255e-02,  3.63540575e-02, -5.94699755e-02,
        2.41725333e-02,  4.30892482e-02,  2.32808199e-02, -3.94811481e-03,
       -2.55751424e-02,  3.71983685e-02, -4.27784957e-02,  3.70143354e-02,
        3.67477862e-03,  9.06658173e-03,  2.78617963e-02, -4.73182462e-02,
       -6.97320029e-02,  2.67976951e-02, -7.67414421e-02,  4.39710654e-02,
        1.30336965e-02,  1.37760397e-03, -6.31449521e-02,  2.30540019e-02,
        3.53981666e-02, -2.12640166e-02, -1.78887378e-02,  7.79144885e-03,
        4.82631698e-02,  1.27379540e-02,  4.86383997e-02,  2.50654314e-02,
       -4.02172953e-02, -1.31004760e-02,  1.05843656e-02, -9.16911103e-03,
       -3.93364914e-02, -1.64665710e-02, -3.39422151e-02,  2.68599521e-02,
       -5.32408208e-02,  3.20401639e-02, -3.09955166e-03, -2.60360874e-02,
        2.17457898e-02,  1.52090099e-02, -7.19313174e-02,  1.11509650e-03,
        2.89789476e-02,  4.13783714e-02, -5.33890091e-02,  2.33513881e-02,
       -2.28282642e-02, -6.91504078e-03, -5.44881038e-02,  3.30539457e-02,
       -2.09393110e-02, -4.43459228e-02,  3.68856564e-02,  5.53646199e-02,
       -1.29208490e-02, -5.91974966e-02,  2.65814252e-02,  3.85597087e-02,
        2.65360828e-02,  5.47255650e-02, -1.54967629e-03,  3.71118076e-02,
        1.78708287e-03, -2.72043347e-02, -4.08260413e-02,  4.22919132e-02,
        2.82767299e-03, -8.18543881e-03, -7.16220960e-02,  2.16400493e-02,
        3.66219282e-02,  3.37337889e-02, -4.52461578e-02,  3.00393663e-02,
        3.56490389e-02,  4.35879603e-02,  4.47016843e-02, -2.35781372e-02,
        6.34244550e-03,  3.96095328e-02, -6.21965080e-02, -4.21085656e-02,
       -5.45291714e-02, -4.59642187e-02,  2.86381915e-02, -5.05806729e-02,
        2.21428964e-02, -1.41564608e-02,  3.46978828e-02, -1.22039663e-02,
       -2.31653336e-03, -6.92685181e-03,  3.87261808e-02,  1.26561578e-02,
       -1.22081693e-02,  3.58606242e-02,  1.07155526e-02, -9.15096235e-03,
       -1.84392370e-02,  1.82183497e-02,  4.35215905e-02,  6.16215207e-02],
      dtype=float32), 'encoder.fc.6.weight': array([[-0.04220638,  0.05216841,  0.10888323, ...,  0.03385483,
         0.07900577, -0.08334658],
       [ 0.09361997, -0.09815243,  0.01052799, ...,  0.12213238,
        -0.07743212,  0.08890834],
       [-0.09154415,  0.11531333,  0.10594407, ...,  0.0323907 ,
        -0.03932185,  0.09592292],
       ...,
       [-0.00266499,  0.08292572,  0.00066247, ..., -0.04651621,
        -0.00501977,  0.11871785],
       [-0.08584908,  0.07495342, -0.05336424, ..., -0.13462934,
         0.10749704,  0.04226019],
       [-0.13550986,  0.10670901, -0.01721546, ..., -0.0092642 ,
         0.053457  , -0.04454277]], dtype=float32), 'encoder.fc.6.bias': array([-0.0087015 ,  0.07838233, -0.03647938,  0.13468449,  0.12115331,
       -0.08069848, -0.04864322, -0.10119599,  0.1171473 ,  0.02464559],
      dtype=float32), 'decoder.fc.0.weight': array([[ 0.09911686,  0.56420106,  0.13842411, ...,  0.23873335,
         0.587458  , -0.584923  ],
       [-0.59389985,  0.0590959 , -0.64996403, ..., -0.16548721,
         0.2979585 , -0.3591356 ],
       [ 0.66299623,  0.3996813 ,  0.6536666 , ...,  0.94759965,
        -0.5067228 ,  0.24908039],
       ...,
       [-0.7139463 ,  0.56369704, -0.8478439 , ...,  0.4289666 ,
        -0.6706554 ,  0.9129305 ],
       [-0.6835077 , -0.86076474, -0.30378276, ...,  0.38865325,
         0.39419886, -0.75896263],
       [ 0.18348998,  0.8301375 ,  0.2617208 , ...,  0.6253868 ,
        -0.38207784,  0.2815181 ]], dtype=float32), 'decoder.fc.0.bias': array([-7.13284433e-01,  5.30973852e-01,  1.04648143e-01, -7.10106194e-01,
       -8.96197677e-01, -5.72698057e-01, -9.66674164e-02, -5.33655107e-01,
        3.09652984e-01, -5.49952030e-01,  3.45063299e-01,  7.71074817e-02,
        8.98013890e-01, -7.48984635e-01,  1.98130324e-01, -8.42496753e-01,
        7.11396411e-02,  5.48509717e-01, -7.77805001e-02, -9.36134338e-01,
       -3.80605370e-01,  7.78380454e-01, -1.87533319e-01, -4.72617269e-01,
       -7.48022795e-01, -7.83162475e-01, -2.53405005e-01, -2.93540597e-01,
        9.11334276e-01, -8.42059851e-02,  6.16873920e-01,  2.60516912e-01,
        2.40940437e-01, -1.50948659e-01, -7.20857009e-02, -4.75657970e-01,
        7.59747326e-02, -6.15088582e-01, -3.61616939e-01, -1.44847989e-01,
        5.36253035e-01, -5.59671819e-01,  5.16710401e-01,  9.03500438e-01,
       -7.82939076e-01, -6.42826438e-01,  3.09941232e-01, -4.86489654e-01,
        6.08494461e-01, -8.88725147e-02,  8.40077221e-01, -5.93316913e-01,
       -6.14634514e-01,  4.01541106e-02,  8.04122746e-01,  6.41435921e-01,
        7.90628672e-01, -3.47922504e-01,  9.99948755e-02,  7.92498946e-01,
        8.86285678e-02,  6.25787914e-01,  5.46542823e-01,  4.29650880e-02,
        9.11301255e-01, -5.72667181e-01, -8.79874006e-02, -1.48094445e-01,
        4.82578844e-01,  1.50011376e-01,  7.88666829e-02, -3.67872089e-01,
       -3.00380766e-01, -2.55922943e-01,  2.49898747e-01, -2.24128813e-01,
       -2.96539217e-01,  8.41808617e-01, -5.68057418e-01, -1.24650426e-01,
       -3.98596466e-01, -8.78488660e-01,  7.03245282e-01, -4.74956073e-02,
        7.30878472e-01,  1.13440409e-01,  5.16200483e-01, -7.90374458e-01,
       -9.79454517e-02,  6.97902679e-01,  3.15069199e-01,  8.39661479e-01,
       -9.02529836e-01,  4.35105599e-02, -8.72376859e-01, -5.29883742e-01,
       -2.84984499e-01,  3.36222380e-01, -6.10525487e-03,  5.41231215e-01,
        9.24114764e-01, -3.05844992e-01, -4.93446261e-01, -3.15973014e-01,
        2.52967104e-02,  7.19491124e-01,  5.38117111e-01,  7.50630081e-01,
        3.25281322e-01,  7.05965459e-01,  1.28637403e-01,  1.96422011e-01,
        9.21416283e-01, -2.46380210e-01, -4.86702263e-01, -6.45847559e-01,
       -4.33501780e-01,  4.57451195e-01,  5.53474948e-02, -9.35288727e-01,
        1.67204186e-01, -5.83880842e-01, -7.56858230e-01, -4.07522380e-01,
       -2.18729377e-01, -4.63616587e-02,  6.25072896e-01, -8.60413089e-02,
       -5.78418911e-01,  3.19702238e-01, -3.12197357e-01, -1.67109981e-01,
        9.33055401e-01,  9.70829427e-02,  7.60476410e-01, -5.08662015e-02,
       -4.68213499e-01, -8.60304832e-01,  1.23807445e-01, -9.37340975e-01,
       -9.42472368e-02, -8.12346697e-01,  6.32448316e-01, -3.23470414e-01,
        5.14250815e-01, -3.54528457e-01,  1.16120555e-01, -4.58554784e-03,
       -6.36567950e-01,  6.57565296e-01,  6.23819888e-01,  4.32186812e-01,
       -4.19890642e-01,  1.73997372e-01,  1.82649195e-01, -6.48580492e-01,
        5.14059216e-02,  7.27953255e-01,  4.32709575e-01, -8.34009528e-01,
       -7.58888304e-01, -6.39616251e-01,  3.37357759e-01, -1.46698460e-01,
       -8.26233387e-01,  6.02784038e-01,  6.59933090e-01, -2.61226803e-01,
        8.76520038e-01,  7.42472053e-01,  7.70591557e-01, -5.73037326e-01,
        1.73475578e-01,  3.98280501e-01, -7.44172275e-01,  1.60829052e-01,
        7.50778079e-01, -7.67605960e-01, -4.70618725e-01,  9.16625738e-01,
       -5.44909716e-01, -6.88386619e-01, -6.49034500e-01, -9.22386050e-01,
       -4.55568373e-01,  2.98083276e-01,  7.13404477e-01,  4.25762475e-01,
       -3.35469544e-01, -5.38470626e-01, -1.87877968e-01,  5.07786274e-02,
       -4.66226488e-01, -7.95599401e-01,  1.07450716e-01,  7.26388097e-01,
        7.82262087e-01,  7.04228759e-01, -8.15822408e-02, -8.05426776e-01,
       -9.51403081e-01,  5.37399411e-01, -9.00781155e-01,  5.71899593e-01,
       -4.17632982e-03,  3.69026691e-01, -1.40858874e-01, -4.12858576e-01,
       -5.27279973e-01,  2.45806858e-01,  8.71938407e-01,  9.44607198e-01,
       -5.36954463e-01, -8.43490779e-01, -1.07894473e-01,  5.11242628e-01,
        3.26340795e-01,  4.91910398e-01, -5.38535237e-01, -3.63349587e-01,
        2.61840224e-01,  4.98378545e-01,  8.56611967e-01, -3.02585542e-01,
       -2.31595740e-01, -7.77696595e-02, -3.45376469e-02,  2.46815845e-01,
        5.42019963e-01, -8.63065124e-01,  6.73197722e-03, -2.79812753e-01,
       -3.18479985e-01,  5.26981018e-02,  8.84674788e-01, -7.46176839e-01,
        7.91407049e-01, -1.70958236e-01,  2.52520829e-01,  2.31148556e-01,
       -8.26974094e-01, -1.86202422e-01,  2.41665483e-01, -4.46036123e-02,
       -2.21064821e-01,  5.51203251e-01,  1.99776739e-01,  1.47347480e-01,
        2.97184318e-01, -1.11773290e-01,  1.83133796e-01, -8.94270360e-01,
       -6.18704140e-01,  4.36118543e-01, -9.24716443e-02,  1.52881131e-01,
       -4.40491110e-01,  6.89363241e-01, -8.42436254e-01, -2.06953511e-01,
       -4.40629683e-02,  5.80925763e-01, -4.24099654e-01,  8.53350520e-01,
       -2.90952921e-01, -6.34912074e-01, -5.45776010e-01,  7.80866027e-01,
        3.97406518e-01, -8.17394376e-01, -4.38415647e-01,  3.50983769e-01,
        5.34621000e-01, -5.53182840e-01, -9.57819045e-01,  4.17712152e-01,
        1.40198871e-01,  4.91235077e-01, -2.42057189e-01,  3.45169038e-01,
       -4.82235849e-01,  1.57811388e-01, -8.65247905e-01, -8.37203026e-01,
        7.20970094e-01,  1.03953831e-01, -5.51381409e-01,  2.53692567e-01,
        1.16218537e-01,  3.23054641e-01, -7.94649959e-01, -9.15199757e-01,
       -4.74125594e-01, -7.51645029e-01,  1.89767972e-01, -7.05063269e-02,
        6.10032678e-01, -2.19280839e-01, -3.27657282e-01, -2.32196576e-03,
       -8.30615640e-01,  5.87735951e-01,  2.15885445e-01, -4.04254347e-02,
        6.03995144e-01, -1.42571852e-01, -3.52197289e-01,  8.78508210e-01,
        1.92000851e-01, -6.74430609e-01,  1.52398109e-01, -5.27265728e-01,
       -4.37115669e-01,  4.35655475e-01, -7.49621153e-01, -1.26844913e-01,
        2.61026353e-01, -7.38871694e-01, -5.70592657e-02,  4.54117835e-01,
       -6.71977937e-01,  4.05367702e-01, -7.27747858e-01,  7.68403232e-01,
       -9.56173986e-02,  1.51891649e-01,  9.01485026e-01, -4.36996371e-01,
       -6.58171177e-01,  5.08827627e-01, -4.59098637e-01,  3.21749121e-01,
        4.90521252e-01, -5.04289925e-01, -2.21269369e-01, -3.01111370e-01,
        5.69626331e-01, -5.78175128e-01, -8.47446561e-01,  7.28265285e-01,
       -1.96008682e-01, -7.45928407e-01,  8.68948281e-01, -6.08321130e-02,
        2.34460399e-01,  2.01085195e-01,  1.98992044e-01, -4.05523419e-01,
       -1.28418088e-01, -7.31336474e-01, -3.72337461e-01, -8.35327029e-01,
       -3.04548740e-01,  3.70947681e-02,  4.99254733e-01, -6.94271028e-01,
        1.83681119e-02,  5.28758049e-01,  3.45436670e-02, -9.55132186e-01,
       -4.05241132e-01,  5.55401385e-01, -1.70026094e-01, -7.11002469e-01,
       -4.46130604e-01, -6.85841665e-02,  5.69796979e-01,  4.03064430e-01,
        2.34517172e-01, -7.55451441e-01, -9.59851205e-01,  7.74722576e-01,
        1.24364376e-01, -1.02273494e-01,  2.96922684e-01,  5.30181646e-01,
        4.67361838e-01, -2.66019911e-01,  2.20823269e-02, -7.09972203e-01,
       -8.91767293e-02,  9.10765827e-01, -7.33318806e-01,  4.58603412e-01,
       -9.07969177e-01,  7.21893609e-01, -8.65731359e-01, -2.03294307e-01,
       -6.80405021e-01,  8.32339466e-01, -4.09917891e-01, -5.22456348e-01,
       -5.07448753e-03, -1.82660684e-01, -6.73004210e-01,  6.55194759e-01,
       -3.52652103e-01, -8.31481814e-01,  3.36052358e-01, -2.01773226e-01,
       -1.47707686e-01,  5.47339916e-02,  6.22878850e-01, -6.53132558e-01,
       -8.12358737e-01,  8.55273366e-01,  4.20878604e-02,  4.89980215e-03,
        4.52543974e-01, -7.14286566e-01,  2.26406187e-01,  7.70483732e-01,
        2.89939523e-01, -3.07595253e-01, -9.09889936e-02,  7.22039342e-01,
        6.37886345e-01,  7.03995287e-01,  4.73201990e-01,  1.52621537e-01,
       -2.97610760e-01,  4.54620942e-02,  1.76111355e-01,  8.57152864e-02,
       -2.91793019e-01,  1.38002649e-01, -8.31080824e-02,  7.45045096e-02,
        1.68070734e-01,  7.10316658e-01, -7.63786435e-01,  1.49853036e-01,
        3.03211391e-01, -6.40093267e-01,  2.30817571e-01, -3.96098226e-01,
       -2.80385762e-01, -8.00225139e-01,  4.90524471e-01, -1.13147445e-01,
       -7.14611351e-01,  3.34042013e-01, -5.57131693e-02,  7.73145318e-01,
        5.54105282e-01,  2.05018237e-01,  8.42490494e-02,  7.49170363e-01,
       -6.48518920e-01, -6.50493324e-01,  7.99584091e-02,  9.41016793e-01,
        2.77659565e-01,  6.31795466e-01, -4.45579797e-01, -4.81830090e-01,
       -6.32082224e-01, -7.02422202e-01,  1.90028418e-02,  7.65069902e-01,
        4.27014321e-01,  4.69070256e-01,  2.53596455e-01, -2.57224832e-02,
        7.76568472e-01,  4.21416193e-01, -6.88419640e-02, -1.15228454e-02,
        4.43208903e-01, -7.25057542e-01, -4.87909913e-01,  7.88562894e-01,
        7.13182390e-01, -5.83599269e-01,  7.50225246e-01,  3.58105201e-04,
        6.81717813e-01, -6.97934508e-01,  4.66915786e-01, -5.20037174e-01,
       -8.83061469e-01, -7.14777485e-02,  1.99178278e-01,  7.05655575e-01,
       -5.14527917e-01, -4.61878389e-01,  8.56996477e-01, -4.18997020e-01,
        1.31068572e-01,  2.42412329e-01,  8.85845661e-01,  1.30048528e-01,
        1.02892019e-01, -5.76960087e-01, -8.65172386e-01,  4.09051538e-01,
        7.78433681e-01,  3.94851744e-01, -4.21417892e-01,  2.20952094e-01],
      dtype=float32), 'decoder.fc.2.weight': array([[-0.10562246, -0.07015622,  0.09832036, ..., -0.12051713,
         0.09598649,  0.06783281],
       [ 0.11263683,  0.07685947,  0.11874535, ...,  0.0265395 ,
         0.1136504 , -0.09957709],
       [ 0.00155586,  0.09758048, -0.0721575 , ..., -0.04474139,
        -0.15115339, -0.1267729 ],
       ...,
       [-0.08369121,  0.02709674, -0.1806525 , ..., -0.05927509,
        -0.00916637, -0.03604342],
       [ 0.08389731,  0.09748201, -0.0241685 , ..., -0.06948005,
         0.07819941,  0.06218873],
       [-0.0517136 ,  0.09631759, -0.17058104, ..., -0.0429126 ,
        -0.04535696,  0.12400994]], dtype=float32), 'decoder.fc.2.bias': array([-0.02118921, -0.07878438, -0.08999611, ..., -0.131653  ,
       -0.10870592,  0.06530256], dtype=float32), 'decoder.fc.4.weight': array([[ 0.05843073, -0.0530825 , -0.01977127, ...,  0.011207  ,
         0.03482879,  0.03133519],
       [ 0.02754658,  0.00079414,  0.02732778, ..., -0.02091641,
        -0.05259331, -0.00085975],
       [ 0.03430907,  0.04574214, -0.04262597, ..., -0.01398912,
         0.07905002, -0.04993056],
       ...,
       [ 0.01909042, -0.07210456,  0.03265536, ...,  0.04500131,
         0.03700184, -0.03251133],
       [ 0.01348167,  0.05953   ,  0.003145  , ..., -0.04323654,
         0.02692068,  0.05829921],
       [-0.06200276,  0.00621165, -0.01135939, ..., -0.03211091,
         0.03366501, -0.04166905]], dtype=float32), 'decoder.fc.4.bias': array([-0.00228391,  0.03181911,  0.00164068, -0.02840213, -0.03618159,
        0.00552803, -0.00103637,  0.03809818, -0.07391116, -0.00850839,
        0.02539203,  0.04968493, -0.03828003, -0.06365278,  0.00539395,
        0.01755791,  0.07716388, -0.012158  , -0.00016758,  0.0125888 ,
       -0.06410426, -0.00717251, -0.02893844, -0.05147181,  0.01615249,
        0.01637503, -0.06182722, -0.09157883, -0.07715385, -0.01038146,
       -0.06951794,  0.02525202,  0.00984907, -0.04991183,  0.04346539,
        0.04642661, -0.07800002, -0.06542207, -0.00108067,  0.01493124,
        0.0474134 , -0.05371244, -0.00887666,  0.06623472,  0.04480924,
       -0.0432    , -0.01293704, -0.02932876,  0.00757047, -0.0725697 ,
        0.05388069,  0.01614836,  0.03447329,  0.06458576, -0.07539969,
       -0.03993443, -0.05549235,  0.01705071, -0.03588596,  0.0458273 ,
       -0.00287499, -0.00521681, -0.01834644, -0.06216517,  0.0386159 ,
       -0.04421911, -0.03894234,  0.00206665, -0.02105995, -0.05447865,
       -0.05892274,  0.03322923,  0.07603294,  0.03052355,  0.04584645,
       -0.00140263,  0.02437626, -0.05348711, -0.00986873, -0.00492348,
       -0.03654089, -0.01003867,  0.01176374, -0.02908172, -0.02620033,
       -0.03760743, -0.00508326,  0.02243928, -0.00579694,  0.04683504,
        0.02039366,  0.05670828, -0.00679796, -0.04319626, -0.05812677,
        0.06378548,  0.02446275, -0.03533118, -0.0775412 ,  0.05490799,
       -0.00669585, -0.06721975, -0.06898955, -0.05517251,  0.0107826 ,
       -0.0889191 ,  0.0263074 , -0.0268544 , -0.0432037 , -0.05205376,
       -0.0575144 , -0.0755022 ,  0.02863983,  0.02440681, -0.02145239,
       -0.00152783, -0.00644518,  0.02191841,  0.04445122,  0.01797563,
       -0.02405878,  0.03161547, -0.06835731, -0.00728991, -0.01164467,
       -0.01732043, -0.00884875, -0.0635589 ,  0.02212815,  0.00134172,
        0.0264573 ,  0.0297973 , -0.0266578 ,  0.00143883, -0.02604854,
        0.00080508, -0.08234116,  0.05269025,  0.02674508, -0.05284468,
       -0.02111376, -0.03197551, -0.03886335,  0.04006354, -0.07265265,
       -0.05381366, -0.02450591,  0.02795733, -0.01910647, -0.02595099,
       -0.07450958,  0.00407976, -0.07762856, -0.01225375,  0.03877172,
        0.02505287,  0.00323166,  0.00100872, -0.03293794,  0.02451848,
        0.01283632,  0.02908043,  0.05161154, -0.05867201, -0.00489833,
        0.0072056 , -0.01894333, -0.05599605,  0.05404179,  0.07126389,
       -0.081247  , -0.04667259,  0.0145776 , -0.0418799 ,  0.03009816,
       -0.07409148,  0.03566399,  0.04417332, -0.02602808, -0.00081946,
        0.02791855, -0.00285868, -0.0277379 , -0.03747395, -0.05977587,
       -0.03372041,  0.03983304, -0.02915863,  0.03722408,  0.00934949,
       -0.05178   , -0.06348343, -0.02509938, -0.03598038, -0.01869322,
        0.00609019,  0.01322985,  0.0071079 ,  0.00033855,  0.04635716,
        0.05176349,  0.05006222,  0.01677437, -0.02948667,  0.04386565,
       -0.0114875 , -0.03507636,  0.0609928 ,  0.02998723,  0.05973411,
       -0.03159557,  0.06942838, -0.06761571,  0.01319219, -0.00662366,
        0.03811467, -0.05007931, -0.01531468, -0.05150725,  0.03994695,
       -0.03873486, -0.02105201,  0.05993211, -0.05415824,  0.01249911,
       -0.00935308,  0.03816558, -0.02650445,  0.01526517,  0.01323052,
        0.01227408, -0.02828874, -0.03238513, -0.0856706 , -0.01674444,
       -0.05934976, -0.01067269,  0.03658379, -0.07169861, -0.02494759,
        0.03194713,  0.04751915,  0.00682416,  0.04955568, -0.04250977,
        0.05667636,  0.00614278,  0.01749213,  0.031852  , -0.0273117 ,
        0.00217146,  0.00621492, -0.01616188,  0.02300352, -0.05795746,
       -0.05856604,  0.02019911, -0.01040514, -0.03418293,  0.05364481,
       -0.04114724,  0.06027265,  0.05704137,  0.05807589, -0.03682382,
        0.05430263, -0.02639435,  0.02827184,  0.04012541, -0.06003731,
        0.01923767,  0.01229923,  0.00903219,  0.01271886, -0.01844392,
       -0.01477611,  0.06456251, -0.05117007, -0.05776244, -0.05189911,
       -0.05750183,  0.0114868 , -0.05898787,  0.02297628,  0.00949128,
       -0.01255888, -0.04607626,  0.05448867, -0.05194627, -0.06878047,
       -0.02667606, -0.01984715,  0.00575432, -0.02736343,  0.04999014,
        0.03180233, -0.01784292, -0.06687935,  0.04331103, -0.02919898,
        0.00957402, -0.02041763, -0.06004488, -0.07761785, -0.02218688,
       -0.08477807, -0.04137175, -0.05955849,  0.04461482,  0.05236396,
       -0.03473537,  0.00183048,  0.00246613, -0.03977581, -0.06752049,
       -0.0525717 ,  0.01935317,  0.05723508,  0.02261096, -0.06539726,
        0.01892238,  0.03456153, -0.02649307,  0.01318135, -0.06520342,
        0.01294744,  0.0200411 , -0.00361336, -0.0456747 ,  0.00274321,
       -0.02525496,  0.0151154 , -0.03761763, -0.07625455,  0.02887611,
        0.01036898, -0.06668419,  0.00038297, -0.01652027,  0.01850354,
        0.02624863, -0.05741287,  0.04433855, -0.0692524 ,  0.04572986,
       -0.00832986, -0.04040578, -0.01076843,  0.02465688, -0.06862909,
       -0.06900694,  0.04045765,  0.0483742 , -0.05925696,  0.04295095,
        0.0424676 , -0.08008698,  0.03547273, -0.0749464 , -0.05678747,
       -0.0703583 ,  0.0237171 ,  0.07894101, -0.07137557,  0.00136308,
       -0.00955677,  0.02132612,  0.05976423, -0.04170462,  0.03535775,
       -0.07063895,  0.01177587,  0.03861198, -0.04379836, -0.00867448,
       -0.00040984,  0.01947465, -0.02450805,  0.02437587,  0.00114755,
       -0.0143056 , -0.04020903, -0.00436339,  0.00793765, -0.00149326,
       -0.00342989, -0.02892635, -0.04612927, -0.01641786,  0.01250591,
        0.02020859,  0.04804686, -0.01284009, -0.00662751, -0.01245304,
        0.01984637, -0.06736702, -0.00299114,  0.00411517, -0.02129988,
       -0.07248984,  0.02222199, -0.04114604,  0.02660209, -0.08200657,
       -0.00457586,  0.04055372,  0.03119952, -0.03045735,  0.00392964,
       -0.0684346 ,  0.04792169, -0.05231506, -0.02633377,  0.05062928,
        0.0086504 ,  0.07636017, -0.05908915,  0.01501415, -0.02587603,
       -0.04593956, -0.07771794,  0.0234104 ,  0.01747898, -0.0306065 ,
       -0.06614273, -0.02055089, -0.00698778, -0.04592273, -0.0129929 ,
       -0.06028443,  0.01231423, -0.03608946,  0.04763821,  0.04953825,
        0.02982893,  0.05026338, -0.09594515, -0.03750164, -0.02006758,
        0.01082193, -0.02259855, -0.06165301,  0.04496387,  0.0035447 ,
        0.01305912,  0.04976835, -0.03613696, -0.03430615,  0.00212625,
       -0.04378792, -0.07247246, -0.07402942,  0.03729903, -0.01564267,
        0.01772547,  0.00352339, -0.0087258 ,  0.00835448,  0.0437188 ,
        0.05863441,  0.023994  ,  0.05449001,  0.01650045,  0.04797468,
       -0.01067311, -0.06813926, -0.08938646,  0.05167366,  0.03418498,
        0.04742402,  0.0528596 ,  0.01306336, -0.01857868,  0.00097027,
       -0.01822029, -0.03047186,  0.02193064, -0.07075065,  0.00685154,
       -0.05255829, -0.05797584, -0.08441739, -0.02204977, -0.02326548,
        0.06382053,  0.04180605,  0.05209095, -0.05564275, -0.07471603,
       -0.0098495 ,  0.02899043, -0.03193006,  0.07131376,  0.04662847,
       -0.04634001,  0.04611824, -0.08099011, -0.08996756, -0.0243817 ],
      dtype=float32), 'decoder.fc.6.weight': array([[-0.06879117,  0.0665098 , -0.02289608, ...,  0.1785144 ,
        -0.07817811,  0.03501805],
       [ 0.08191904, -0.08714684, -0.10698723, ...,  0.10478602,
         0.02429362, -0.05023961],
       [ 0.00829848, -0.05302131,  0.11211142, ..., -0.10914934,
         0.08879956,  0.07527526],
       ...,
       [ 0.05699819, -0.09810565, -0.09107476, ..., -0.02323691,
         0.04219131,  0.08103365],
       [-0.0129933 , -0.13568723, -0.05214539, ...,  0.00054313,
        -0.03233743, -0.00549481],
       [-0.11641687,  0.00223576,  0.08715445, ..., -0.03513496,
         0.05640693,  0.08189623]], dtype=float32), 'decoder.fc.6.bias': array([ 0.03523652, -0.12842414,  0.07096706, ...,  0.01749819,
       -0.10079367,  0.0561219 ], dtype=float32)}
[Time: 29.01.25 15:01:22] [Level: info] [State: aggregate] Updating global model...
[Time: 29.01.25 15:01:22] [Level: info] [State: aggregate] Broadcasting model...
[Time: 29.01.25 15:01:22] [Level: info] transition: compute
127.0.0.1 - - [29/Jan/2025 15:01:22] "GET /api/status HTTP/1.0" 200 158
[CTRL] GET /data
[Time: 29.01.25 15:01:23] [Level: info] state: compute
[Time: 29.01.25 15:01:23] [Level: info] [State: compute] ITERATION 3
[Time: 29.01.25 15:01:23] [Level: info] [State: compute] receiving weights...
[Time: 29.01.25 15:01:23] [Level: info] [State: compute] Loading global weights for model...
[Time: 29.01.25 15:01:23] [Level: info] [State: compute] Updated model with received weights.
[Time: 29.01.25 15:01:23] [Level: info] [State: compute] Loading data...
[Time: 29.01.25 15:01:23] [Level: info] [State: compute] Preparing model training...
[Time: 29.01.25 15:01:23] [Level: info] [State: compute] Training model...
127.0.0.1 - - [29/Jan/2025 15:01:23] "GET /api/data HTTP/1.0" 200 58363374
[Time: 29.01.25 15:01:25] [Level: info] [State: compute] Epoch 10, Loss: 65.94115447998047
[Time: 29.01.25 15:01:28] [Level: info] [State: compute] Epoch 20, Loss: 65.87621307373047
127.0.0.1 - - [29/Jan/2025 15:01:31] "GET /api/status HTTP/1.0" 200 155
127.0.0.1 - - [29/Jan/2025 15:01:33] "GET /api/status HTTP/1.0" 200 155
127.0.0.1 - - [29/Jan/2025 15:01:35] "GET /api/status HTTP/1.0" 200 155
[Time: 29.01.25 15:01:36] [Level: info] [State: compute] Epoch 30, Loss: 65.84252166748047
127.0.0.1 - - [29/Jan/2025 15:01:37] "GET /api/status HTTP/1.0" 200 155
127.0.0.1 - - [29/Jan/2025 15:01:39] "GET /api/status HTTP/1.0" 200 155
127.0.0.1 - - [29/Jan/2025 15:01:41] "GET /api/status HTTP/1.0" 200 155
127.0.0.1 - - [29/Jan/2025 15:01:43] "GET /api/status HTTP/1.0" 200 155
127.0.0.1 - - [29/Jan/2025 15:01:45] "GET /api/status HTTP/1.0" 200 155
127.0.0.1 - - [29/Jan/2025 15:01:47] "GET /api/status HTTP/1.0" 200 155
[Time: 29.01.25 15:01:48] [Level: info] [State: compute] Epoch 40, Loss: 65.8197250366211
127.0.0.1 - - [29/Jan/2025 15:01:49] "GET /api/status HTTP/1.0" 200 155
127.0.0.1 - - [29/Jan/2025 15:01:51] "GET /api/status HTTP/1.0" 200 155
127.0.0.1 - - [29/Jan/2025 15:01:53] "GET /api/status HTTP/1.0" 200 155
127.0.0.1 - - [29/Jan/2025 15:01:55] "GET /api/status HTTP/1.0" 200 155
127.0.0.1 - - [29/Jan/2025 15:01:57] "GET /api/status HTTP/1.0" 200 155
127.0.0.1 - - [29/Jan/2025 15:01:59] "GET /api/status HTTP/1.0" 200 155
127.0.0.1 - - [29/Jan/2025 15:02:01] "GET /api/status HTTP/1.0" 200 155
127.0.0.1 - - [29/Jan/2025 15:02:03] "GET /api/status HTTP/1.0" 200 155
[Time: 29.01.25 15:02:04] [Level: info] [State: compute] Epoch 50, Loss: 65.80059051513672
127.0.0.1 - - [29/Jan/2025 15:02:05] "GET /api/status HTTP/1.0" 200 155
127.0.0.1 - - [29/Jan/2025 15:02:07] "GET /api/status HTTP/1.0" 200 155
127.0.0.1 - - [29/Jan/2025 15:02:09] "GET /api/status HTTP/1.0" 200 155
127.0.0.1 - - [29/Jan/2025 15:02:11] "GET /api/status HTTP/1.0" 200 155
127.0.0.1 - - [29/Jan/2025 15:02:13] "GET /api/status HTTP/1.0" 200 155
127.0.0.1 - - [29/Jan/2025 15:02:15] "GET /api/status HTTP/1.0" 200 155
127.0.0.1 - - [29/Jan/2025 15:02:17] "GET /api/status HTTP/1.0" 200 155
127.0.0.1 - - [29/Jan/2025 15:02:19] "GET /api/status HTTP/1.0" 200 155
127.0.0.1 - - [29/Jan/2025 15:02:21] "GET /api/status HTTP/1.0" 200 155
[Time: 29.01.25 15:02:21] [Level: info] [State: compute] Epoch 60, Loss: 65.78250885009766
127.0.0.1 - - [29/Jan/2025 15:02:23] "GET /api/status HTTP/1.0" 200 155
127.0.0.1 - - [29/Jan/2025 15:02:25] "GET /api/status HTTP/1.0" 200 155
127.0.0.1 - - [29/Jan/2025 15:02:27] "GET /api/status HTTP/1.0" 200 155
127.0.0.1 - - [29/Jan/2025 15:02:29] "GET /api/status HTTP/1.0" 200 155
127.0.0.1 - - [29/Jan/2025 15:02:31] "GET /api/status HTTP/1.0" 200 155
127.0.0.1 - - [29/Jan/2025 15:02:33] "GET /api/status HTTP/1.0" 200 155
127.0.0.1 - - [29/Jan/2025 15:02:35] "GET /api/status HTTP/1.0" 200 155
127.0.0.1 - - [29/Jan/2025 15:02:37] "GET /api/status HTTP/1.0" 200 155
127.0.0.1 - - [29/Jan/2025 15:02:39] "GET /api/status HTTP/1.0" 200 155
127.0.0.1 - - [29/Jan/2025 15:02:41] "GET /api/status HTTP/1.0" 200 155
127.0.0.1 - - [29/Jan/2025 15:02:43] "GET /api/status HTTP/1.0" 200 155
[Time: 29.01.25 15:02:43] [Level: info] [State: compute] Epoch 70, Loss: 65.7645492553711
127.0.0.1 - - [29/Jan/2025 15:02:45] "GET /api/status HTTP/1.0" 200 155
127.0.0.1 - - [29/Jan/2025 15:02:47] "GET /api/status HTTP/1.0" 200 155
127.0.0.1 - - [29/Jan/2025 15:02:49] "GET /api/status HTTP/1.0" 200 155
127.0.0.1 - - [29/Jan/2025 15:02:51] "GET /api/status HTTP/1.0" 200 155
127.0.0.1 - - [29/Jan/2025 15:02:53] "GET /api/status HTTP/1.0" 200 155
127.0.0.1 - - [29/Jan/2025 15:02:55] "GET /api/status HTTP/1.0" 200 155
127.0.0.1 - - [29/Jan/2025 15:02:57] "GET /api/status HTTP/1.0" 200 155
127.0.0.1 - - [29/Jan/2025 15:02:59] "GET /api/status HTTP/1.0" 200 155
127.0.0.1 - - [29/Jan/2025 15:03:01] "GET /api/status HTTP/1.0" 200 155
127.0.0.1 - - [29/Jan/2025 15:03:03] "GET /api/status HTTP/1.0" 200 155
127.0.0.1 - - [29/Jan/2025 15:03:05] "GET /api/status HTTP/1.0" 200 155
127.0.0.1 - - [29/Jan/2025 15:03:07] "GET /api/status HTTP/1.0" 200 155
127.0.0.1 - - [29/Jan/2025 15:03:09] "GET /api/status HTTP/1.0" 200 155
[Time: 29.01.25 15:03:10] [Level: info] [State: compute] Epoch 80, Loss: 65.74642181396484
127.0.0.1 - - [29/Jan/2025 15:03:11] "GET /api/status HTTP/1.0" 200 155
127.0.0.1 - - [29/Jan/2025 15:03:13] "GET /api/status HTTP/1.0" 200 155
127.0.0.1 - - [29/Jan/2025 15:03:15] "GET /api/status HTTP/1.0" 200 155
127.0.0.1 - - [29/Jan/2025 15:03:17] "GET /api/status HTTP/1.0" 200 155
127.0.0.1 - - [29/Jan/2025 15:03:19] "GET /api/status HTTP/1.0" 200 155
127.0.0.1 - - [29/Jan/2025 15:03:21] "GET /api/status HTTP/1.0" 200 155
127.0.0.1 - - [29/Jan/2025 15:03:23] "GET /api/status HTTP/1.0" 200 155
127.0.0.1 - - [29/Jan/2025 15:03:25] "GET /api/status HTTP/1.0" 200 155
127.0.0.1 - - [29/Jan/2025 15:03:27] "GET /api/status HTTP/1.0" 200 155
127.0.0.1 - - [29/Jan/2025 15:03:29] "GET /api/status HTTP/1.0" 200 155
127.0.0.1 - - [29/Jan/2025 15:03:31] "GET /api/status HTTP/1.0" 200 155
[Time: 29.01.25 15:03:33] [Level: info] [State: compute] Epoch 90, Loss: 65.72798156738281
127.0.0.1 - - [29/Jan/2025 15:03:33] "GET /api/status HTTP/1.0" 200 155
127.0.0.1 - - [29/Jan/2025 15:03:35] "GET /api/status HTTP/1.0" 200 155
127.0.0.1 - - [29/Jan/2025 15:03:37] "GET /api/status HTTP/1.0" 200 155
127.0.0.1 - - [29/Jan/2025 15:03:39] "GET /api/status HTTP/1.0" 200 155
127.0.0.1 - - [29/Jan/2025 15:03:41] "GET /api/status HTTP/1.0" 200 155
127.0.0.1 - - [29/Jan/2025 15:03:43] "GET /api/status HTTP/1.0" 200 155
127.0.0.1 - - [29/Jan/2025 15:03:45] "GET /api/status HTTP/1.0" 200 155
127.0.0.1 - - [29/Jan/2025 15:03:47] "GET /api/status HTTP/1.0" 200 155
127.0.0.1 - - [29/Jan/2025 15:03:49] "GET /api/status HTTP/1.0" 200 155
127.0.0.1 - - [29/Jan/2025 15:03:51] "GET /api/status HTTP/1.0" 200 155
127.0.0.1 - - [29/Jan/2025 15:03:53] "GET /api/status HTTP/1.0" 200 155
[Time: 29.01.25 15:03:55] [Level: info] [State: compute] Epoch 100, Loss: 65.70921325683594
127.0.0.1 - - [29/Jan/2025 15:03:55] "GET /api/status HTTP/1.0" 200 155
/usr/local/lib/python3.8/site-packages/sklearn/cluster/_kmeans.py:1416: FutureWarning: The default value of `n_init` will change from 10 to 'auto' in 1.4. Set the value of `n_init` explicitly to suppress the warning
  super()._check_params_vs_input(X, default_n_init=10)
/usr/local/lib/python3.8/site-packages/sklearn/base.py:1152: ConvergenceWarning: Number of distinct clusters (1) found smaller than n_clusters (2). Possibly due to duplicate points in X.
  return fit_method(estimator, *args, **kwargs)
[Time: 29.01.25 15:03:56] [Level: info] [State: compute] Saving model and decoder...
[Time: 29.01.25 15:03:56] [Level: info] [State: compute] Sent updated weights to coordinator.
[Time: 29.01.25 15:03:56] [Level: info] transition: aggregate
[Time: 29.01.25 15:03:57] [Level: info] state: aggregate
[Time: 29.01.25 15:03:57] [Level: info] [State: aggregate] Waitig for local models...
127.0.0.1 - - [29/Jan/2025 15:03:57] "GET /api/status HTTP/1.0" 200 157
127.0.0.1 - - [29/Jan/2025 15:03:59] "GET /api/status HTTP/1.0" 200 157
127.0.0.1 - - [29/Jan/2025 15:04:01] "GET /api/status HTTP/1.0" 200 157
127.0.0.1 - - [29/Jan/2025 15:04:03] "GET /api/status HTTP/1.0" 200 157
127.0.0.1 - - [29/Jan/2025 15:04:05] "GET /api/status HTTP/1.0" 200 157
127.0.0.1 - - [29/Jan/2025 15:04:07] "GET /api/status HTTP/1.0" 200 157
[CTRL] POST /data
127.0.0.1 - - [29/Jan/2025 15:04:09] "POST /api/data?client=cb0eff23a39cbe7d&memo=GATHERROUND3 HTTP/1.0" 200 0
127.0.0.1 - - [29/Jan/2025 15:04:10] "GET /api/status HTTP/1.0" 200 157
[CTRL] POST /data
127.0.0.1 - - [29/Jan/2025 15:04:10] "POST /api/data?client=c93e49e7bf8a8b05&memo=GATHERROUND3 HTTP/1.0" 200 0
[Time: 29.01.25 15:04:10] [Level: info] [State: aggregate] {'encoder.fc.0.weight': array([[ 0.03546164, -0.06092483, -0.02967386, ..., -0.02835978,
        -0.04322548,  0.09626402],
       [-0.00180375,  0.08762511,  0.03734849, ..., -0.00410707,
         0.06845582, -0.07479824],
       [-0.07275725, -0.06276281, -0.01948918, ...,  0.00733568,
        -0.01326026,  0.00881702],
       ...,
       [-0.04600202, -0.0680313 ,  0.0212949 , ..., -0.07994397,
        -0.08617654,  0.03725144],
       [ 0.06406591, -0.03910237,  0.10432202, ...,  0.07377173,
        -0.07190081,  0.02835876],
       [ 0.02734969, -0.02665429,  0.08357307, ..., -0.01535082,
        -0.06511123, -0.0314025 ]], dtype=float32), 'encoder.fc.0.bias': array([-6.00397848e-02, -1.44967884e-01,  1.17434002e-01, -5.16098887e-02,
       -2.18775421e-02, -1.72594145e-01, -6.33497164e-02, -9.34952497e-02,
        4.64330241e-03, -1.57409146e-01, -1.27148643e-01, -1.55258682e-02,
       -2.15842202e-03, -4.51301746e-02, -1.35610908e-01, -5.02423150e-03,
       -1.39572456e-01, -1.16652913e-01, -7.80361891e-02, -1.31988913e-01,
        5.43765053e-02, -1.71301793e-02, -6.06483072e-02,  4.95842658e-02,
       -1.47644207e-01, -7.52251372e-02, -9.41977464e-03, -1.15315430e-01,
       -8.78645033e-02, -2.26197280e-02, -3.61309089e-02, -1.70584582e-02,
       -6.96864575e-02, -7.02289194e-02, -3.43250223e-02,  2.39556171e-02,
       -2.90614665e-02, -1.29178658e-01, -2.61253417e-02,  4.26383726e-02,
       -1.34102866e-01, -5.29984348e-02,  1.17228564e-03, -3.56540941e-02,
       -1.97552964e-02,  1.50081009e-01, -1.65995255e-01, -7.06652179e-02,
       -1.52550817e-01, -2.32647620e-02, -3.33082750e-02, -1.37122601e-01,
       -1.69458538e-02,  3.07709165e-02, -1.27626255e-01,  1.88295189e-02,
        8.24890584e-02, -5.99465109e-02, -2.76698284e-02, -2.21514925e-02,
       -1.10621370e-01, -2.49554906e-02, -2.52601486e-02, -2.28868127e-02,
       -4.03908789e-02, -1.53028384e-01, -1.74465738e-02, -1.36391222e-01,
       -2.92534567e-02, -5.51811643e-02, -6.72480091e-02, -1.02570549e-01,
       -8.53641406e-02,  4.94318269e-02, -9.42954049e-02, -4.40330543e-02,
       -1.04266606e-01, -9.55388993e-02, -4.85719740e-02, -7.11281896e-02,
       -9.80253294e-02, -1.11507192e-01,  4.48773541e-02, -5.70753440e-02,
        2.37410329e-02,  7.60899931e-02, -1.12957172e-01, -5.58880009e-02,
       -8.87532905e-02, -5.19237258e-02, -9.78748221e-03,  8.57834443e-02,
       -1.93329528e-04, -5.65797873e-02, -9.67871025e-02,  5.51775172e-02,
       -3.00544482e-02, -4.86085340e-02,  5.73184974e-02,  1.50045410e-01,
       -7.69576281e-02,  2.76827742e-03, -2.35160012e-02, -3.64120603e-02,
       -2.14603934e-02, -1.03490993e-01, -5.52229173e-02, -1.21589266e-01,
       -7.49969482e-02, -1.06286351e-02,  3.28167505e-03, -2.30318494e-03,
        2.57029403e-02,  4.53867726e-02, -1.02150917e-01, -6.10103160e-02,
        2.98398193e-02, -1.13071635e-01,  6.45791041e-03, -3.15100551e-02,
       -2.00276859e-02,  7.60725960e-02, -1.05802342e-01, -1.01227164e-01,
       -1.12176910e-01,  1.03120290e-01,  1.52529972e-02, -5.80937266e-02,
       -5.92212006e-02, -7.68907592e-02,  4.76490743e-02, -5.26748523e-02,
       -1.45021051e-01,  4.91046754e-04, -3.95755209e-02, -4.45253216e-02,
       -1.18628800e-01,  3.65773998e-02, -6.51780814e-02, -1.16593987e-01,
       -8.57322942e-03, -5.28762974e-02, -1.76310956e-01, -5.73181957e-02,
       -1.07441373e-01, -3.77067178e-02, -4.47390489e-02, -4.91355285e-02,
       -9.52007398e-02, -1.31246328e-01, -1.78084578e-02, -2.25496758e-02,
       -1.32412482e-02, -2.56962981e-03, -2.33110189e-02, -1.63565427e-01,
       -1.12492353e-01, -6.68256879e-02,  9.18791592e-02, -1.12180702e-01,
        4.16106060e-02, -7.44706169e-02, -3.55022401e-02, -1.18206434e-01,
       -1.16916269e-01, -1.58444345e-01, -1.61266327e-02, -4.58958782e-02,
       -9.92482007e-02,  9.77331921e-02, -1.49510607e-01, -1.62042782e-01,
        1.02584437e-02, -1.09006017e-02, -5.79191372e-02, -3.53684612e-02,
       -1.37024507e-01, -1.14091702e-01,  5.69572952e-03, -5.39904311e-02,
       -1.27342939e-01, -3.47982459e-02, -5.14172129e-02, -1.42668318e-02,
       -7.48434812e-02, -2.91159209e-02, -1.11707002e-01, -7.19039468e-03,
        7.41089042e-03, -6.27236068e-02, -6.12132251e-03,  2.90062558e-02,
       -1.67003334e-01, -1.05538294e-01, -1.82785094e-02, -1.27840284e-02,
       -2.30650771e-02, -9.13246796e-02, -6.18705787e-02,  5.61656393e-02,
        1.29673304e-02, -1.45753510e-02, -2.85705086e-02, -7.62055740e-02,
       -9.39256102e-02, -5.70698120e-02, -1.06223874e-01, -1.33951111e-02,
       -1.49947613e-01, -1.70668840e-01, -1.73783422e-01, -1.07066065e-01,
       -8.13453719e-02, -4.95842146e-03, -7.47676492e-02, -2.96304133e-02,
       -9.67299044e-02, -6.88159242e-02, -9.98032540e-02, -7.64826015e-02,
        8.29060469e-03, -1.06085651e-01, -5.75632602e-02,  5.00199990e-03,
        3.62105109e-02,  5.91340885e-02, -4.12100032e-02, -8.71090442e-02,
       -1.86218023e-02, -1.35231949e-02, -7.80648142e-02, -1.04605302e-01,
       -3.60056311e-02, -1.05390586e-01, -7.97094926e-02, -1.05705589e-01,
       -3.11620962e-02, -9.15299207e-02, -7.38616809e-02, -7.51139373e-02,
       -7.13113621e-02, -4.54519838e-02, -1.26717374e-01, -2.55157556e-02,
       -5.85944727e-02,  5.79381874e-03, -6.10696189e-02, -1.37494147e-01,
       -5.20785041e-02, -5.41806817e-02, -3.32963988e-02, -1.32517546e-01,
       -1.19740508e-01, -8.19262397e-03, -1.14475943e-01, -5.97372614e-02,
        8.38560052e-03, -6.84338659e-02, -3.91457975e-02, -2.12992448e-02,
       -3.24857980e-02,  2.41640303e-03, -1.17691293e-01, -8.28744322e-02,
        1.19832186e-02,  7.01100230e-02, -1.65425494e-01, -1.55168073e-02,
       -1.29985884e-01, -1.71469580e-02, -8.73314664e-02, -1.27591789e-02,
       -2.82181706e-02, -9.06643197e-02, -9.12681818e-02, -4.58347462e-02,
       -5.36539219e-02, -1.59782872e-01, -2.64399815e-02, -5.02083004e-02,
       -1.23308718e-01, -1.46615580e-01,  7.20621869e-02,  4.62503126e-03,
        3.37613486e-02, -4.53088656e-02,  1.11404723e-02, -1.20964706e-01,
        4.59050648e-02,  6.47118017e-02, -3.27853262e-02, -1.05949268e-01,
       -1.16332963e-01, -1.91792957e-02, -2.21169069e-02, -2.21784580e-02,
       -1.27358451e-01,  1.93496384e-02,  1.15446597e-02, -1.29564047e-01,
       -3.60550731e-02, -2.38555670e-02, -1.39137715e-01, -1.62225053e-01,
       -6.65626004e-02, -5.69872037e-02, -1.25671133e-01, -1.62380114e-01,
       -5.95831359e-03, -2.32248418e-02,  3.80574306e-03, -1.48877770e-01,
       -4.10733446e-02, -1.20249942e-01, -7.10105002e-02, -1.36355773e-01,
       -5.42546175e-02, -2.06187624e-03, -1.09363616e-01, -1.70486107e-01,
       -7.82998651e-02,  7.54294544e-02, -1.00566104e-01,  1.47853857e-02,
       -2.07133684e-03, -6.74181357e-02, -1.79259583e-01, -6.44035116e-02,
       -5.98964058e-02,  9.36008096e-02, -9.96319875e-02, -5.44236116e-02,
       -3.37652192e-02, -8.36977437e-02, -1.67356551e-01, -8.49602297e-02,
       -6.04557805e-02, -5.85507080e-02,  4.84031774e-02, -6.71341568e-02,
        4.99501415e-02, -1.07749797e-01, -5.19097522e-02, -9.68079418e-02,
       -2.02063635e-01, -1.86919004e-01, -4.64677066e-02, -1.61325224e-02,
       -8.62978697e-02, -1.41767010e-01, -1.07153751e-01,  5.36541156e-02,
       -9.37462822e-02, -3.05166896e-02, -3.02636041e-03, -7.28890300e-02,
       -1.37933686e-01, -1.53662097e-02, -2.83110999e-02, -6.67419210e-02,
       -6.54669479e-02,  2.82305814e-02, -4.42632437e-02, -9.01741087e-02,
       -7.79379755e-02, -6.67601302e-02, -1.44673809e-01, -9.80750918e-02,
       -2.65201591e-02, -7.05186352e-02, -1.13984153e-01,  3.90629806e-02,
       -1.00836508e-01,  1.44550968e-02, -1.12928443e-01, -2.06041876e-02,
       -1.02106132e-01, -7.70157352e-02,  8.56892299e-03, -1.53567523e-01,
       -3.65403183e-02,  1.63066611e-02,  1.31278709e-02, -4.03649826e-03,
       -7.84656480e-02, -2.44993158e-02, -3.22713219e-02,  1.13253020e-01,
        8.55651423e-02, -7.58322179e-02,  9.81585607e-02, -6.15944602e-02,
       -1.08557984e-01, -1.05633341e-01, -1.91284716e-01,  5.94456866e-02,
       -4.12051827e-02, -1.85167417e-01, -1.81475922e-03, -6.61174282e-02,
       -3.08418348e-02, -1.13424987e-01, -1.22531958e-01, -6.87456727e-02,
       -1.03666350e-01,  1.38180600e-02, -5.53138368e-02,  6.44745380e-02,
       -1.43765910e-02, -7.95804188e-02, -1.18399402e-02, -5.97486924e-03,
       -3.34316716e-02, -4.53969575e-02, -4.18120399e-02, -1.46734407e-02,
        1.58759989e-02,  1.66502111e-02, -5.68891428e-02, -1.71911083e-02,
       -1.51918963e-01, -1.00032866e-01, -3.25218141e-02, -6.68371329e-03,
        1.22478204e-02, -9.82365981e-02, -4.75603417e-02, -1.33335277e-01,
       -3.24967764e-02, -1.11129060e-01,  5.39885089e-02, -1.13964044e-02,
       -2.62927879e-02, -9.37942509e-03,  2.25872919e-02,  5.99919073e-03,
       -7.88356289e-02,  5.10759354e-02, -6.28100112e-02, -2.33645905e-02,
       -1.24932609e-01,  5.10603050e-03,  9.82385781e-03, -1.91580430e-01,
       -1.47751614e-01, -3.80195342e-02, -1.32754073e-01, -9.56028849e-02,
       -1.51628032e-01, -3.61665636e-02, -1.58113480e-01, -1.45833567e-01,
       -1.41256124e-01, -3.15717421e-02, -1.89262871e-02, -1.37436658e-01,
        5.41509911e-02, -1.37809247e-01,  3.25554870e-02, -6.30914280e-03,
       -1.82082519e-01,  5.43094315e-02, -8.18814635e-02, -2.56744400e-02,
       -7.59243686e-03,  6.64673150e-02, -9.15865898e-02, -1.34368137e-01,
       -3.55896838e-02, -6.58477545e-02,  2.03380547e-02, -1.00041866e-01,
       -1.63721055e-01, -1.58253729e-01, -1.15376129e-03, -2.76886467e-02,
        1.77847128e-02, -6.85985833e-02, -1.15079038e-01, -1.19065028e-02,
        3.08398390e-03, -7.42753372e-02,  2.05941442e-02, -1.55974358e-01,
       -7.46780932e-02, -1.22311503e-01, -9.07190815e-02, -6.47906065e-02,
       -8.64646304e-03, -1.36883706e-01, -7.51298144e-02, -1.68052092e-01,
       -1.88332591e-02, -7.98184201e-02, -1.31336316e-01, -7.96418786e-02,
       -1.04646280e-01,  2.79113092e-03,  4.38794345e-02, -5.20250294e-03],
      dtype=float32), 'encoder.fc.2.weight': array([[-0.4019729 ,  0.10023453,  0.28535613, ..., -0.03859327,
        -0.30801588,  0.00395386],
       [ 0.04154449, -0.06417474, -0.3661974 , ..., -0.00882988,
        -0.33208615, -0.4212967 ],
       [-0.25520518,  0.28430012, -0.42926222, ...,  0.32889825,
        -0.33695823,  0.14289439],
       ...,
       [ 0.09266217, -0.4441672 , -0.35326782, ...,  0.17477252,
        -0.05244307, -0.34411955],
       [ 0.04429654, -0.44345066,  0.11269145, ..., -0.20774092,
        -0.28909865, -0.20355973],
       [-0.3181124 ,  0.00294354, -0.34128353, ..., -0.02499891,
        -0.05650445, -0.03816036]], dtype=float32), 'encoder.fc.2.bias': array([ 0.35892758, -0.25583383,  0.31444165, ..., -0.08567008,
       -0.29772183, -0.1709064 ], dtype=float32), 'encoder.fc.4.weight': array([[-0.20217662,  0.03359815, -0.03207143, ...,  0.10016707,
         0.00694494, -0.19555616],
       [ 0.16108498,  0.15595667,  0.1339331 , ..., -0.17653812,
        -0.02016655, -0.04426557],
       [-0.1760307 ,  0.06350426,  0.17870396, ..., -0.00586271,
        -0.07568147,  0.04795095],
       ...,
       [-0.1758191 , -0.07808674, -0.00659201, ..., -0.10812838,
         0.10689613,  0.22401306],
       [-0.12403691, -0.01096034,  0.17840928, ..., -0.06999043,
        -0.20247644, -0.0205165 ],
       [-0.00059021,  0.06326272, -0.23084167, ..., -0.1599713 ,
        -0.13682726,  0.11122875]], dtype=float32), 'encoder.fc.4.bias': array([-2.31413603e-01, -3.20469290e-02, -3.12603042e-02, -1.38139322e-01,
       -3.02328356e-03,  3.32849137e-02,  1.06349520e-01, -2.07473189e-01,
       -1.90963581e-01, -2.22770244e-01, -1.68540269e-01,  9.27841067e-02,
       -5.12403697e-02, -2.07539320e-01, -8.66900086e-02, -1.50611460e-01,
       -2.14033872e-01, -1.07457317e-01, -2.20717013e-01, -1.65548921e-01,
       -2.31655799e-02, -4.28630039e-03, -1.90186620e-01, -2.10575551e-01,
       -1.95083588e-01, -1.69886589e-01, -2.88286693e-02,  1.35624632e-01,
       -7.73425102e-02, -1.02529809e-01, -6.23997375e-02,  1.81259513e-01,
       -2.27900982e-01, -1.65911056e-02, -3.76141742e-02, -2.28346642e-02,
        1.03629127e-01,  9.09830630e-02, -1.18084148e-01, -2.09380955e-01,
       -1.60590619e-01, -1.41580641e-01,  1.40463740e-01, -2.43588492e-01,
       -3.70629057e-02, -4.61053997e-02, -7.19977617e-02,  2.89160032e-02,
       -8.37457925e-02,  1.39471069e-01,  5.11593744e-02,  3.19501422e-02,
       -1.46387026e-01,  1.35592625e-01, -1.55759200e-01, -1.00699618e-01,
        1.64366812e-02,  5.20290225e-04, -7.93379694e-02, -5.70251644e-02,
        2.78071370e-02, -1.83208957e-01,  7.30717480e-02, -6.58944994e-02,
        6.27479255e-02,  6.06510788e-02, -3.64906862e-02,  5.62511012e-02,
       -1.85779706e-01, -4.05426733e-02, -1.17148280e-01, -1.01834618e-01,
        6.81159794e-02, -7.01576844e-02,  1.35683507e-01, -2.34385692e-02,
        6.17625639e-02, -9.23600048e-02, -1.72273144e-01, -2.01878101e-01,
       -1.43110842e-01,  1.70339942e-01,  1.47549793e-01, -1.08680669e-02,
       -1.48820579e-01,  9.43741761e-03,  2.05838531e-02, -5.04567474e-02,
        1.14215218e-01, -1.27267748e-01,  1.04830496e-01, -1.76490605e-01,
       -1.10341543e-02,  1.51224107e-01, -1.04974426e-01, -2.24184290e-01,
       -1.08981378e-01,  4.78682220e-02,  6.11406490e-02, -2.09636614e-01,
       -5.94287105e-02, -8.76075402e-02, -2.33286619e-01,  6.07722960e-02,
        1.88001812e-01,  2.54020691e-02, -1.91430405e-01, -7.44401887e-02,
       -1.24750972e-01, -1.84160203e-01, -9.74727124e-02,  5.08462712e-02,
        9.44615752e-02,  1.19340584e-01,  1.06320338e-04, -1.44204244e-01,
        3.13748717e-02,  2.74277502e-03, -9.09416974e-02, -1.04945809e-01,
        9.67657845e-03,  6.05590567e-02,  1.65490825e-02,  9.55416113e-02,
        1.58233400e-02, -7.00803474e-02, -4.12578993e-02,  1.55850843e-01,
       -2.28968769e-01,  3.16280797e-02, -2.23675817e-01,  1.60119802e-01,
       -5.96029535e-02, -2.29696929e-01, -3.54907755e-03,  5.45613617e-02,
        2.49426179e-02,  9.16856676e-02, -1.17608845e-01, -1.81758761e-01,
       -1.89015791e-01,  6.32423237e-02,  1.09687775e-01,  1.50663823e-01,
       -6.64071143e-02, -4.77732271e-02, -7.19531532e-03,  1.20179705e-01,
       -1.33225575e-01, -1.76739350e-01, -7.90550560e-02, -1.54768705e-01,
       -3.70422751e-02,  6.88935444e-02,  4.18260656e-02,  1.27313972e-01,
       -1.26772821e-01, -7.46661946e-02, -1.38594776e-01, -1.70877695e-01,
        1.29471064e-01,  1.18317135e-01,  1.75917931e-02, -1.34133594e-02,
        9.87960175e-02,  2.14713141e-02, -3.00313439e-02,  2.21526489e-01,
       -2.12493986e-01, -1.79196689e-02, -1.80923313e-01,  5.11169732e-02,
       -1.53963730e-01, -2.55539596e-01,  4.90431525e-02, -8.94490033e-02,
       -1.55762643e-01, -2.01553404e-01, -1.58121288e-01,  1.26570880e-01,
       -1.47442639e-01, -1.70636058e-01,  9.20756534e-02,  1.49573088e-01,
       -2.19136775e-02,  2.54186429e-02,  1.64502233e-01,  4.74688895e-02,
       -1.17563464e-01,  1.38862178e-01,  5.98334484e-02, -1.58042684e-02,
       -9.31215752e-03, -5.12886085e-02,  1.13216285e-02, -4.54567559e-02,
       -1.86110754e-02,  8.25183280e-03, -1.96415111e-01, -4.46213782e-02,
       -2.10007876e-01, -8.91862810e-02, -1.32716477e-01, -1.24397762e-01,
       -1.43048942e-01,  1.33719757e-01,  5.59286028e-02, -1.52986690e-01,
       -5.84223457e-02, -2.29254410e-01, -9.09807980e-02, -1.48850381e-01,
       -2.32177839e-01, -1.77304879e-01,  8.64118710e-03, -5.62715083e-02,
        2.24838275e-02, -1.22451045e-01, -3.12442351e-02, -5.45918569e-03,
        9.59917828e-02,  1.57092974e-01, -2.46072054e-01,  9.11953114e-03,
        9.45290178e-02, -2.10331485e-01, -2.08275244e-01,  8.78775492e-02,
       -8.57459605e-02,  5.82146123e-02,  6.64226413e-02, -5.80882058e-02,
        1.14671946e-01, -4.67061922e-02, -2.59425286e-02,  6.20431080e-02,
        9.62742642e-02, -1.64432481e-01, -7.47653022e-02, -1.81059718e-01,
       -1.60568595e-01, -8.32096208e-03,  4.81741168e-02,  3.12787406e-02,
       -2.23553166e-01,  7.13034496e-02, -2.36704707e-01,  1.20650530e-01,
       -5.16855484e-03, -1.68311566e-01, -1.46461993e-01,  1.37985855e-01,
       -1.26558036e-01,  1.34312809e-01, -1.96683660e-01, -1.16265463e-02,
       -5.50746024e-02, -1.75394073e-01, -5.03025874e-02,  3.18380222e-02,
        1.03404209e-01,  1.16432402e-02,  8.96122120e-03, -1.28490895e-01,
        4.68128398e-02,  1.26280695e-01, -5.12354523e-02, -1.23484716e-01,
       -1.11862443e-01, -1.59762710e-01,  6.98483139e-02,  1.19849369e-01,
       -9.52267945e-02, -4.48651388e-02,  2.12080069e-02, -2.45005652e-01,
       -1.07673489e-01, -2.26416141e-01, -1.79368794e-01,  1.74738526e-01,
        1.16078258e-01, -1.14430733e-01,  3.70931178e-02,  1.44467071e-01,
        9.11982823e-03,  1.14148483e-01,  1.25231028e-01,  2.65833829e-02,
       -1.78689957e-01,  2.40746699e-02, -8.61277208e-02,  4.32672352e-02,
       -4.52368036e-02, -2.24447727e-01, -4.23174351e-03, -1.99461684e-01,
       -3.32565792e-02, -6.32846057e-02, -2.03597307e-01, -1.93594754e-01,
       -1.96989357e-01,  1.47529230e-01, -2.25764096e-01,  4.85233888e-02,
        1.53375655e-01,  6.56649694e-02, -1.97802037e-01, -1.00014165e-01,
        4.44670171e-02, -5.50461113e-02,  6.50649220e-02,  1.19942516e-01,
       -5.01674190e-02,  1.03597403e-01, -1.40699357e-01, -1.96485430e-01,
        1.22061767e-01,  2.77522542e-02, -1.59305662e-01,  1.09104505e-02,
       -7.50202909e-02, -1.18615508e-01, -2.33782411e-01, -1.30533531e-01,
       -9.35438871e-02,  1.53999075e-01,  1.20893702e-01, -6.27446547e-02,
        6.77371472e-02, -6.65444583e-02, -1.11654431e-01, -7.33729377e-02,
        1.54920921e-01,  2.12324187e-02, -6.91470504e-02, -1.11186542e-01,
        6.95717037e-02, -9.97108370e-02, -1.11996993e-01, -2.25250684e-02,
        4.61358763e-02,  8.10657144e-02, -1.54390559e-01,  7.17986077e-02,
        4.91013303e-02,  1.88005239e-01,  2.37575769e-02,  1.73786543e-02,
        2.53386255e-02,  3.38856615e-02,  5.31190969e-02, -3.54687050e-02,
       -1.68449879e-02, -2.28966568e-02, -2.30218038e-01, -1.35133982e-01,
        6.26211315e-02, -9.94646847e-02, -2.14005157e-01, -4.21661139e-02,
       -9.99550745e-02, -9.37134251e-02, -8.66974425e-03,  1.20396525e-01,
       -2.02639431e-01,  1.19719125e-01, -1.84213698e-01, -1.89584523e-01,
        7.50548616e-02, -2.28826678e-03, -7.44583383e-02,  1.85973227e-01,
       -2.83783190e-02, -1.48647465e-04,  1.13463178e-01,  3.10606579e-03,
       -1.48960352e-01, -5.25477603e-02,  7.85255805e-02, -9.28004738e-03,
        1.25679657e-01,  8.99628252e-02,  1.13215439e-01, -9.42864828e-03,
        2.79616602e-02, -2.28732705e-01, -2.22693995e-01, -1.22511901e-01,
       -1.22151554e-01, -6.56797215e-02, -7.01547563e-02, -5.72044291e-02,
       -9.71290320e-02, -4.21009734e-02,  1.11610234e-01, -1.78409532e-01,
        6.21826760e-02,  1.29268020e-01,  6.98417202e-02, -1.18442290e-02,
       -7.67249763e-02,  1.11595556e-01, -1.28335491e-01,  1.11042999e-01,
        1.10243838e-02,  2.71997470e-02,  8.35853890e-02, -1.41954735e-01,
       -2.09195971e-01,  8.03930834e-02, -2.30224267e-01,  1.31913170e-01,
        3.91013250e-02,  4.13287617e-03, -1.89434603e-01,  6.91623315e-02,
        1.06195003e-01, -6.37917072e-02, -5.36679849e-02,  2.33741738e-02,
        1.44789457e-01,  3.82138416e-02,  1.45914569e-01,  7.51962960e-02,
       -1.20651953e-01, -3.93012911e-02,  3.17530967e-02, -2.75070984e-02,
       -1.18009433e-01, -4.94000092e-02, -1.19882219e-01,  8.05799812e-02,
       -1.59722432e-01,  9.61205214e-02, -9.29840375e-03, -7.81081021e-02,
        6.52372539e-02,  4.56292257e-02, -2.15793982e-01,  3.34559567e-03,
        8.69369060e-02,  1.24134935e-01, -1.60167113e-01,  7.00537935e-02,
       -6.84845522e-02, -2.07450595e-02, -1.63464323e-01,  9.91615206e-02,
       -6.28178045e-02, -1.33037299e-01,  1.10656641e-01,  1.66093737e-01,
       -3.87625173e-02, -1.63352147e-01,  7.97443986e-02,  1.15679070e-01,
        7.96079412e-02,  1.64176837e-01, -4.64902446e-03,  1.11335412e-01,
        5.35923382e-03, -8.16127211e-02, -1.22478724e-01,  1.26875818e-01,
        8.48305132e-03, -2.45560538e-02, -2.14866161e-01,  6.49201497e-02,
        1.09865785e-01,  1.01201683e-01, -1.35738418e-01,  9.01181549e-02,
        1.06947005e-01,  1.30764127e-01,  1.34105399e-01, -7.07340837e-02,
        1.90272499e-02,  1.18827432e-01, -1.86589494e-01, -1.06282547e-01,
       -1.63588032e-01, -1.37893379e-01,  8.59148204e-02, -1.51741713e-01,
        6.64278120e-02, -4.24687527e-02,  1.04093798e-01, -3.66118997e-02,
       -6.94959983e-03, -2.07805540e-02,  1.16178095e-01,  3.79684716e-02,
       -3.66243944e-02,  1.07581809e-01,  3.21465321e-02, -2.74526849e-02,
       -5.52862808e-02,  5.46551831e-02,  1.30564809e-01,  1.91651165e-01],
      dtype=float32), 'encoder.fc.6.weight': array([[-0.12661913,  0.15650511,  0.32664964, ...,  0.101565  ,
         0.23701784, -0.2349162 ],
       [ 0.28085938, -0.29445723,  0.03158518, ...,  0.36639646,
        -0.23229688,  0.24586251],
       [-0.2746314 ,  0.3459402 ,  0.31783327, ...,  0.09717131,
        -0.11796559,  0.31598312],
       ...,
       [-0.00799445,  0.24877776,  0.0019886 , ..., -0.13954915,
        -0.01505991,  0.34392658],
       [-0.25754827,  0.22486073, -0.16009384, ..., -0.40388867,
         0.3224905 ,  0.14311776],
       [-0.4065286 ,  0.32012746, -0.05164522, ..., -0.02779341,
         0.16037044, -0.12727581]], dtype=float32), 'encoder.fc.6.bias': array([-0.02141113,  0.2356895 , -0.10229595,  0.3998266 ,  0.3479391 ,
       -0.25063536, -0.16248591, -0.29622588,  0.35817215,  0.0625701 ],
      dtype=float32), 'decoder.fc.0.weight': array([[ 0.30116454,  1.7073606 ,  0.41282326, ...,  0.6767881 ,
         1.76821   , -1.7125517 ],
       [-1.7709043 ,  0.16659445, -1.9196852 , ..., -0.48655036,
         0.8778907 , -1.1295478 ],
       [ 1.9940431 ,  1.2143741 ,  1.887759  , ...,  2.8662958 ,
        -1.5795897 ,  0.78431576],
       ...,
       [-2.1221492 ,  1.6972435 , -2.577468  , ...,  1.2991606 ,
        -2.00558   ,  2.738523  ],
       [-2.0660977 , -2.5588055 , -0.95845425, ...,  1.1557268 ,
         1.1439582 , -2.2872481 ],
       [ 0.5352481 ,  2.5463417 ,  0.7813475 , ...,  1.8448582 ,
        -1.119539  ,  0.842421  ]], dtype=float32), 'decoder.fc.0.bias': array([-2.11052012e+00,  1.57363331e+00,  3.46424103e-01, -2.12841606e+00,
       -2.70267081e+00, -1.69409537e+00, -2.64337659e-01, -1.58669972e+00,
        9.28542018e-01, -1.65861821e+00,  1.00048840e+00,  2.38008142e-01,
        2.69462967e+00, -2.28166366e+00,  5.96590698e-01, -2.51585245e+00,
        2.12077960e-01,  1.66253090e+00, -2.10105643e-01, -2.82763362e+00,
       -1.14675045e+00,  2.33963776e+00, -5.57043016e-01, -1.40277553e+00,
       -2.24638081e+00, -2.35747600e+00, -7.25766122e-01, -8.51979196e-01,
        2.76648378e+00, -2.35770583e-01,  1.86286175e+00,  7.62306511e-01,
        7.02141881e-01, -4.65478092e-01, -2.10188612e-01, -1.41400719e+00,
        2.17084259e-01, -1.83078730e+00, -1.06209040e+00, -4.07664716e-01,
        1.61990321e+00, -1.66100550e+00,  1.58660758e+00,  2.76308942e+00,
       -2.33264995e+00, -1.96064961e+00,  9.29384053e-01, -1.45804799e+00,
        1.82334638e+00, -2.33246908e-01,  2.52952886e+00, -1.74065101e+00,
       -1.83379292e+00,  1.38378903e-01,  2.39598155e+00,  1.92733288e+00,
        2.37213397e+00, -1.02489507e+00,  3.13977957e-01,  2.39844990e+00,
        2.64454246e-01,  1.86851323e+00,  1.64205551e+00,  1.21797830e-01,
        2.76845980e+00, -1.73107636e+00, -2.72474647e-01, -4.30624962e-01,
        1.46018255e+00,  4.37424690e-01,  2.20320255e-01, -1.10858226e+00,
       -8.90061855e-01, -7.44706571e-01,  7.48468935e-01, -6.79522872e-01,
       -8.95883620e-01,  2.50323653e+00, -1.69844437e+00, -3.68270874e-01,
       -1.17427886e+00, -2.62845755e+00,  2.11353993e+00, -1.47120878e-01,
        2.18375659e+00,  3.41805041e-01,  1.56129277e+00, -2.35119557e+00,
       -2.72495240e-01,  2.09536934e+00,  9.60366309e-01,  2.51088476e+00,
       -2.69387531e+00,  1.30862460e-01, -2.61682773e+00, -1.57501280e+00,
       -8.31739068e-01,  1.02534628e+00, -1.40230721e-02,  1.64920127e+00,
        2.78233981e+00, -9.20442700e-01, -1.49381566e+00, -9.56471443e-01,
        6.68938681e-02,  2.17994189e+00,  1.60557175e+00,  2.25358748e+00,
        9.65876102e-01,  2.12599444e+00,  3.33694249e-01,  5.77697217e-01,
        2.76754570e+00, -7.14489579e-01, -1.45625257e+00, -1.94117141e+00,
       -1.29517961e+00,  1.39048433e+00,  1.61489218e-01, -2.81821990e+00,
        5.18512547e-01, -1.78343606e+00, -2.27111244e+00, -1.20008361e+00,
       -6.90392017e-01, -1.43947572e-01,  1.83614993e+00, -2.59504616e-01,
       -1.79149580e+00,  1.00466907e+00, -9.25909400e-01, -4.81770962e-01,
        2.82693172e+00,  2.92982250e-01,  2.26911402e+00, -1.50941223e-01,
       -1.41110742e+00, -2.57983923e+00,  3.89536053e-01, -2.78875327e+00,
       -2.93562561e-01, -2.43090343e+00,  1.91215527e+00, -1.03167272e+00,
        1.54287791e+00, -1.04192889e+00,  3.35434467e-01, -1.14325657e-02,
       -1.91010559e+00,  1.97060466e+00,  1.85180771e+00,  1.27745438e+00,
       -1.25261641e+00,  5.02477407e-01,  5.66790998e-01, -1.94996631e+00,
        1.46743953e-01,  2.17087793e+00,  1.30912495e+00, -2.52397966e+00,
       -2.28142929e+00, -1.91706204e+00,  1.01200092e+00, -4.29864943e-01,
       -2.51537418e+00,  1.82169533e+00,  1.98074222e+00, -7.74994731e-01,
        2.63328266e+00,  2.23386550e+00,  2.32085514e+00, -1.72348416e+00,
        4.96703982e-01,  1.18930161e+00, -2.21730947e+00,  4.93768185e-01,
        2.25694919e+00, -2.31592083e+00, -1.43378186e+00,  2.74002218e+00,
       -1.63299859e+00, -2.04777551e+00, -1.90037215e+00, -2.75116611e+00,
       -1.34017181e+00,  8.96656036e-01,  2.14555430e+00,  1.29908705e+00,
       -1.09092546e+00, -1.60194886e+00, -5.71888804e-01,  1.35781646e-01,
       -1.41605270e+00, -2.38147259e+00,  3.37701946e-01,  2.17014790e+00,
        2.34130502e+00,  2.09967613e+00, -2.41880193e-01, -2.43375111e+00,
       -2.83381391e+00,  1.60715580e+00, -2.72733402e+00,  1.70795524e+00,
       -1.13083064e-04,  1.11314023e+00, -4.59569812e-01, -1.26602352e+00,
       -1.58363795e+00,  7.26121724e-01,  2.60374284e+00,  2.84879947e+00,
       -1.58965027e+00, -2.53346443e+00, -2.54516095e-01,  1.52991664e+00,
        9.99612808e-01,  1.47622025e+00, -1.61164522e+00, -1.10622358e+00,
        8.02641869e-01,  1.53613782e+00,  2.54742169e+00, -8.91889393e-01,
       -7.10146129e-01, -1.95286274e-01, -1.04961738e-01,  7.44333744e-01,
        1.63349259e+00, -2.57853675e+00,  9.94462869e-04, -8.35683048e-01,
       -9.58794236e-01,  1.70479581e-01,  2.68037009e+00, -2.24365497e+00,
        2.37869906e+00, -4.99783128e-01,  7.66640484e-01,  6.87369287e-01,
       -2.46965694e+00, -5.64779401e-01,  7.16382146e-01, -1.53428197e-01,
       -6.27918780e-01,  1.65849888e+00,  6.10855520e-01,  4.29365635e-01,
        9.05553579e-01, -3.20517838e-01,  5.53835928e-01, -2.67077947e+00,
       -1.91178691e+00,  1.27516925e+00, -2.90382564e-01,  4.39209342e-01,
       -1.30292797e+00,  2.06938624e+00, -2.52967930e+00, -6.10628724e-01,
       -1.21544354e-01,  1.71720314e+00, -1.26115811e+00,  2.53708601e+00,
       -9.00903761e-01, -1.88785136e+00, -1.61209965e+00,  2.33559752e+00,
        1.18644691e+00, -2.43352222e+00, -1.29109251e+00,  1.03424335e+00,
        1.58454704e+00, -1.64715433e+00, -2.85019135e+00,  1.24638116e+00,
        4.03556228e-01,  1.44447005e+00, -7.36777365e-01,  1.00309920e+00,
       -1.48615217e+00,  4.88042116e-01, -2.54960108e+00, -2.50009537e+00,
        2.15915942e+00,  3.11591804e-01, -1.63961112e+00,  7.59469151e-01,
        3.32259327e-01,  9.57618773e-01, -2.38713479e+00, -2.74406457e+00,
       -1.41204619e+00, -2.24918914e+00,  5.43118179e-01, -2.18052536e-01,
        1.84077907e+00, -6.47728324e-01, -9.62876081e-01,  1.13267684e-02,
       -2.46339965e+00,  1.77364874e+00,  6.99101269e-01, -1.16919130e-01,
        1.82353294e+00, -4.22425896e-01, -1.05168700e+00,  2.63551474e+00,
        5.55524290e-01, -2.00419259e+00,  4.42938417e-01, -1.58879495e+00,
       -1.29778171e+00,  1.32017136e+00, -2.22060609e+00, -3.59101295e-01,
        8.01958144e-01, -2.20464993e+00, -1.85465544e-01,  1.34061062e+00,
       -2.02326131e+00,  1.23303819e+00, -2.17938876e+00,  2.29132819e+00,
       -2.90442079e-01,  4.47311431e-01,  2.66848660e+00, -1.32695162e+00,
       -1.97467268e+00,  1.51824498e+00, -1.36537683e+00,  9.97403800e-01,
        1.48031044e+00, -1.51459908e+00, -6.52681410e-01, -8.99011254e-01,
        1.72365618e+00, -1.72006059e+00, -2.52334404e+00,  2.16566610e+00,
       -5.73220253e-01, -2.23434973e+00,  2.56509995e+00, -1.85573295e-01,
        7.05592334e-01,  6.12765074e-01,  6.03966117e-01, -1.20006132e+00,
       -3.87127072e-01, -2.23804593e+00, -1.09312296e+00, -2.49452424e+00,
       -8.81982923e-01,  1.07937634e-01,  1.44819105e+00, -2.06029272e+00,
        6.29133284e-02,  1.59216964e+00,  1.10771723e-01, -2.85130262e+00,
       -1.20736313e+00,  1.67242074e+00, -4.94890124e-01, -2.14851141e+00,
       -1.30561447e+00, -2.05138519e-01,  1.72723675e+00,  1.21452546e+00,
        7.00792849e-01, -2.26299620e+00, -2.88043976e+00,  2.29576373e+00,
        3.80358189e-01, -2.86827624e-01,  8.92839849e-01,  1.54644573e+00,
        1.39781761e+00, -7.80962884e-01,  4.80148271e-02, -2.12439346e+00,
       -2.64572263e-01,  2.70207334e+00, -2.19012642e+00,  1.36443853e+00,
       -2.72299933e+00,  2.18158078e+00, -2.58107448e+00, -6.04375184e-01,
       -2.02711344e+00,  2.47573662e+00, -1.22135758e+00, -1.57190418e+00,
        1.99542586e-02, -4.99796987e-01, -2.01395726e+00,  1.96570122e+00,
       -1.04247761e+00, -2.52243328e+00,  1.02153540e+00, -5.84070086e-01,
       -4.63668674e-01,  1.84168458e-01,  1.87464929e+00, -1.94613659e+00,
       -2.41093397e+00,  2.56296015e+00,  1.04704909e-01, -7.30306515e-03,
        1.34952700e+00, -2.11885333e+00,  6.17772758e-01,  2.30883861e+00,
        8.73535156e-01, -9.45719898e-01, -2.64753491e-01,  2.15313101e+00,
        1.94119346e+00,  2.09898114e+00,  1.42377043e+00,  4.67075258e-01,
       -8.94260168e-01,  1.31896049e-01,  5.55479944e-01,  2.57559121e-01,
       -8.61195743e-01,  4.09499705e-01, -2.63926536e-01,  2.45222151e-01,
        4.66957808e-01,  2.12879133e+00, -2.27512932e+00,  4.33601350e-01,
        9.08876836e-01, -1.94264925e+00,  6.98669791e-01, -1.22310483e+00,
       -8.24987948e-01, -2.39274645e+00,  1.46061635e+00, -3.50009263e-01,
       -2.13060021e+00,  1.00063300e+00, -1.76553175e-01,  2.35559654e+00,
        1.59952092e+00,  6.36997521e-01,  2.50513583e-01,  2.21170998e+00,
       -1.94199729e+00, -1.96499777e+00,  2.52713352e-01,  2.87296391e+00,
        8.28103960e-01,  1.91084480e+00, -1.31857884e+00, -1.44140983e+00,
       -1.89252496e+00, -2.11163497e+00,  6.30262345e-02,  2.26610088e+00,
        1.27455389e+00,  1.39777541e+00,  7.39181936e-01, -5.61920181e-02,
        2.33002567e+00,  1.25759244e+00, -1.97802350e-01, -2.52240654e-02,
        1.34408510e+00, -2.16461658e+00, -1.45049512e+00,  2.34759831e+00,
        2.14112878e+00, -1.75230384e+00,  2.21732211e+00,  1.02292630e-03,
        2.04372978e+00, -2.08194351e+00,  1.38323736e+00, -1.55013621e+00,
       -2.65757418e+00, -1.87520459e-01,  6.09311223e-01,  2.09947038e+00,
       -1.55405974e+00, -1.37183583e+00,  2.54119396e+00, -1.24082911e+00,
        3.96185726e-01,  7.20512688e-01,  2.67788100e+00,  4.21454012e-01,
        3.18223894e-01, -1.72701991e+00, -2.62637305e+00,  1.26157308e+00,
        2.35712481e+00,  1.20169020e+00, -1.26334405e+00,  6.54624701e-01],
      dtype=float32), 'decoder.fc.2.weight': array([[-0.29739046, -0.21675494,  0.30274564, ..., -0.36379766,
         0.29909635,  0.20018879],
       [ 0.32539827,  0.23340549,  0.38529143, ...,  0.13100144,
         0.3553778 , -0.2664389 ],
       [-0.00331218,  0.26031122, -0.22728293, ..., -0.13121836,
        -0.42160282, -0.38141057],
       ...,
       [-0.23585919,  0.03946555, -0.54228926, ..., -0.15870817,
         0.00204562, -0.11920309],
       [ 0.24453685,  0.2886674 , -0.13375652, ..., -0.26836425,
         0.21643305,  0.1263154 ],
       [-0.15679008,  0.2560563 , -0.5248446 , ..., -0.12917647,
        -0.11634283,  0.36399338]], dtype=float32), 'decoder.fc.2.bias': array([-0.06620284, -0.22094978, -0.26155633, ..., -0.37173998,
       -0.35949895,  0.2042204 ], dtype=float32), 'decoder.fc.4.weight': array([[ 0.1752926 , -0.15924777, -0.05931349, ...,  0.033621  ,
         0.10448695,  0.09400585],
       [ 0.08381654,  0.00238178,  0.0790955 , ..., -0.06374401,
        -0.15717237, -0.00550152],
       [ 0.10292663,  0.13722666, -0.13858122, ..., -0.04196703,
         0.22823013, -0.1519056 ],
       ...,
       [ 0.04698183, -0.21628052,  0.09842955, ...,  0.13513207,
         0.11106658, -0.09721183],
       [ 0.04044442,  0.15892014,  0.02615029, ..., -0.11883567,
         0.07952075,  0.19170696],
       [-0.1860087 ,  0.01866585, -0.03439784, ..., -0.09651806,
         0.10140783, -0.12536716]], dtype=float32), 'decoder.fc.4.bias': array([-0.00685195,  0.09469341,  0.00472406, -0.08409236, -0.1008289 ,
        0.0097918 ,  0.00459134,  0.13171598, -0.22173348, -0.02559593,
        0.07644024,  0.15188971, -0.11493404, -0.19095811,  0.02070693,
        0.04865269,  0.19645345, -0.02460444, -0.00038132,  0.02272773,
       -0.20189446, -0.02727003, -0.08681564, -0.15441665,  0.05814037,
        0.05024093, -0.18047875, -0.25977293, -0.23146154, -0.01856631,
       -0.22826423,  0.07575607,  0.02993467, -0.1497355 ,  0.13967548,
        0.14906383, -0.23400043, -0.17986628, -0.0026044 ,  0.03368441,
        0.12245552, -0.16113733, -0.00640225,  0.19998395,  0.14123012,
       -0.12960118, -0.02153497, -0.08798632,  0.02672295, -0.20962021,
        0.16147594,  0.05152011,  0.10341988,  0.1927646 , -0.20214279,
       -0.09900153, -0.15564954,  0.06595361, -0.12832177,  0.13746603,
       -0.00243498, -0.01586354, -0.05495185, -0.18679675,  0.09927435,
       -0.12063096, -0.12234865,  0.02078462, -0.06319278, -0.15436983,
       -0.17343391,  0.10059643,  0.20582561,  0.10137428,  0.13753936,
       -0.00828937,  0.08798697, -0.16046137, -0.02963908, -0.0147708 ,
       -0.10392061, -0.03284584,  0.03529123, -0.10150216, -0.07044916,
       -0.09986366, -0.01524925,  0.04160643, -0.01739111,  0.14048082,
        0.08320221,  0.17013633, -0.01845277, -0.11303544, -0.17348486,
        0.19333775,  0.07382293, -0.10599354, -0.23262428,  0.16485322,
       -0.0231865 , -0.20164472, -0.192117  , -0.14904366,  0.0468607 ,
       -0.24568   ,  0.0790059 , -0.07996245, -0.12472398, -0.15583436,
       -0.1608515 , -0.22606125,  0.11250118,  0.07273698, -0.0643575 ,
       -0.0044918 , -0.02162776,  0.05486367,  0.15453595,  0.06463496,
       -0.07152171,  0.09484659, -0.21724638, -0.0220661 , -0.02456194,
       -0.04489231, -0.02572587, -0.19073927,  0.05963918,  0.00293676,
        0.08865717,  0.06827795, -0.08976117,  0.01991845, -0.07814569,
        0.00241525, -0.23202977,  0.15870261,  0.09403412, -0.13549492,
       -0.06362177, -0.11191134, -0.11659006,  0.12213667, -0.21811183,
       -0.16144097, -0.11173097,  0.08033602, -0.05768257, -0.07783911,
       -0.22177443,  0.01219589, -0.23288569, -0.03668384,  0.13865514,
        0.07469874,  0.00969498,  0.00602153, -0.08090109,  0.07973327,
        0.03509529,  0.08790825,  0.15519962, -0.1769645 , -0.01473713,
        0.02144871, -0.0508852 , -0.20291676,  0.15912625,  0.23138347,
       -0.23316927, -0.1365499 ,  0.03233353, -0.17026204,  0.09680402,
       -0.22227411,  0.11855797,  0.12991998, -0.08092991, -0.0089873 ,
        0.05988912, -0.01491134, -0.08392911, -0.10889538, -0.19306661,
       -0.07524954,  0.12648171, -0.08744589,  0.11167143,  0.03208926,
       -0.15300545, -0.19045423, -0.07529029, -0.10794114, -0.06619588,
        0.02923232,  0.03977897, -0.02231497,  0.00101565,  0.13899544,
        0.15487152,  0.15368098,  0.05038491, -0.07865732,  0.13177541,
       -0.03446073, -0.08811863,  0.1841481 ,  0.09526628,  0.1875535 ,
       -0.07821237,  0.2068411 , -0.19226111,  0.03960719, -0.01000187,
        0.08387044, -0.12633657, -0.06599361, -0.1545217 ,  0.11984083,
       -0.11620405, -0.0652488 ,  0.18531683, -0.15859886,  0.03749732,
       -0.02423098,  0.1142083 , -0.07940073,  0.05719209,  0.03197313,
        0.0459979 , -0.08484802, -0.09740865, -0.25962383, -0.05186045,
       -0.18475857, -0.03208169,  0.12005384, -0.21853256, -0.09204581,
        0.09588573,  0.15332429,  0.00854809,  0.14907587, -0.12741274,
        0.17014171,  0.01831066,  0.06670279,  0.11237879, -0.08252414,
        0.02178162,  0.01905024, -0.03986515,  0.06984939, -0.16085362,
       -0.16356014,  0.05356356, -0.02990502, -0.09454148,  0.1702168 ,
       -0.12344177,  0.18087447,  0.17852092,  0.17578988, -0.09888837,
        0.16278034, -0.07918215,  0.07510746,  0.12050268, -0.18010141,
        0.04672408,  0.03689769,  0.03535743,  0.05251471, -0.05594905,
       -0.043516  ,  0.19380626, -0.1534555 , -0.1732873 , -0.15569948,
       -0.17271659,  0.03417365, -0.17696361,  0.06848119,  0.02847247,
       -0.01587852, -0.13822879,  0.16348338, -0.15583912, -0.2063414 ,
       -0.07239309, -0.05376391,  0.0172646 , -0.08200132,  0.14993903,
        0.08316936, -0.03600984, -0.20063835,  0.12485185, -0.07793935,
        0.02874296, -0.06124222, -0.17972027, -0.23285371, -0.07237637,
       -0.26510286, -0.11387733, -0.17867596,  0.13359845,  0.15186737,
       -0.09441148,  0.00549143,  0.00738605, -0.1168468 , -0.20260948,
       -0.15353894,  0.0580597 ,  0.17178285,  0.0894428 , -0.1858606 ,
        0.0565607 ,  0.1027469 , -0.07945648,  0.05172833, -0.19561026,
        0.038771  ,  0.05665919, -0.01050747, -0.15481718,  0.00823506,
       -0.07937677,  0.01211921, -0.11643203, -0.22876364,  0.06695715,
        0.03117424, -0.20033318,  0.00045088, -0.04958523,  0.05551096,
        0.07904702, -0.17375588,  0.13880192, -0.2077572 ,  0.14686698,
       -0.01870737, -0.12089643, -0.0418876 ,  0.06982598, -0.20284215,
       -0.2070234 ,  0.1213727 ,  0.12455902, -0.16772863,  0.14757155,
        0.1245406 , -0.24025697,  0.10644034, -0.22479977, -0.1737841 ,
       -0.21081616,  0.08435838,  0.2262822 , -0.20584548, -0.01613772,
       -0.00813649,  0.07204568,  0.18966582, -0.12512657,  0.10712567,
       -0.21191683,  0.04263366,  0.12797332, -0.13116518, -0.03082474,
        0.02775707,  0.05842398, -0.07352456,  0.07212751,  0.03753187,
       -0.0439193 , -0.12073953, -0.01305063,  0.04657994, -0.00941557,
        0.00075481, -0.08678024, -0.12738104, -0.02683954,  0.03707201,
        0.05584464,  0.15318048, -0.03852027, -0.01961436, -0.03738661,
        0.05958916, -0.19771   , -0.01620065,  0.01234559, -0.0761933 ,
       -0.21746951,  0.06692304, -0.10239807,  0.06817985, -0.24600983,
       -0.0013705 ,  0.12184943,  0.09515283, -0.07986785,  0.01707205,
       -0.19195998,  0.14361863, -0.15689477, -0.07975511,  0.15188903,
        0.03618486,  0.20830743, -0.17726691,  0.04021037, -0.06910083,
       -0.13577418, -0.22698137,  0.06775184,  0.06119853, -0.0910046 ,
       -0.18928602, -0.06165411, -0.02096338, -0.13761206, -0.03562114,
       -0.18085322,  0.04911712, -0.10827328,  0.16215602,  0.15825313,
        0.10766891,  0.15772648, -0.27246594, -0.11258219, -0.05876231,
        0.03245042, -0.05867683, -0.18495992,  0.13617688,  0.00485082,
        0.03916362,  0.14393164, -0.10710723, -0.09634099,  0.01173102,
       -0.140687  , -0.21349354, -0.23828797,  0.11501366, -0.03707135,
        0.05245556,  0.01058405, -0.01963235,  0.03229894,  0.1310358 ,
        0.17773063,  0.0719822 ,  0.15751848,  0.04950134,  0.14392446,
       -0.03213679, -0.20441782, -0.25932306,  0.15552752,  0.11736891,
        0.142271  ,  0.15670368,  0.05219989, -0.06166479,  0.00314447,
       -0.05479153, -0.08487289,  0.06623182, -0.21225218,  0.03553625,
       -0.1302746 , -0.16422206, -0.24648356, -0.06972805, -0.07199553,
        0.20460285,  0.14906842,  0.1767239 , -0.14147542, -0.22523968,
       -0.02962809,  0.09186136, -0.09530526,  0.22056781,  0.13952997,
       -0.1390253 ,  0.13835478, -0.24296674, -0.2518097 , -0.07300037],
      dtype=float32), 'decoder.fc.6.weight': array([[-0.2063733 ,  0.20111328, -0.07295066, ...,  0.5198797 ,
        -0.29020494,  0.06397283],
       [ 0.24575737, -0.25962687, -0.32144225, ...,  0.31402394,
         0.0819187 , -0.1507825 ],
       [ 0.02489492, -0.1568423 ,  0.33450204, ..., -0.28677088,
         0.27205554,  0.22630675],
       ...,
       [ 0.17099394, -0.29275498, -0.27392602, ..., -0.07007702,
         0.13558407,  0.22270721],
       [-0.0389793 , -0.4069546 , -0.15521939, ..., -0.00076868,
        -0.07510982, -0.01493027],
       [-0.34925076,  0.006709  ,  0.26072505, ..., -0.10498282,
         0.15346873,  0.2265674 ]], dtype=float32), 'decoder.fc.6.bias': array([ 0.10328643, -0.36661234,  0.2010236 , ...,  0.05913681,
       -0.30198404,  0.17733295], dtype=float32)}
[Time: 29.01.25 15:04:10] [Level: info] [State: aggregate] {'encoder.fc.0.weight': array([[ 0.0489559 , -0.07025559, -0.02876571, ..., -0.03486539,
        -0.05716326,  0.10484193],
       [ 0.00189501,  0.08735658,  0.03717411, ..., -0.00391885,
         0.05799584, -0.07294062],
       [-0.07336231, -0.06314066, -0.0196189 , ...,  0.00697672,
        -0.01253217,  0.00917019],
       ...,
       [-0.05134242, -0.06836699,  0.02028291, ..., -0.08055405,
        -0.08366427,  0.0403214 ],
       [ 0.06408206, -0.03918259,  0.10425993, ...,  0.07351664,
        -0.07184905,  0.02853451],
       [ 0.01848537, -0.02542392,  0.08680566, ..., -0.01702952,
        -0.05123108, -0.03468955]], dtype=float32), 'encoder.fc.0.bias': array([-4.81791869e-02, -1.44602269e-01,  1.17726371e-01, -5.24492711e-02,
       -2.21736450e-02, -1.72536060e-01, -6.33497238e-02, -9.35302377e-02,
        7.14205299e-03, -1.44917727e-01, -1.36893660e-01, -1.23337312e-02,
        1.07511377e-03, -5.27375303e-02, -1.25827059e-01, -1.82763226e-02,
       -1.31577820e-01, -1.22114696e-01, -6.59766421e-02, -1.25213668e-01,
        5.40085062e-02, -1.63759850e-02, -5.94585091e-02,  4.69367206e-02,
       -1.45304888e-01, -7.62770548e-02, -1.32900579e-02, -1.08440578e-01,
       -8.85894150e-02, -2.33274493e-02, -3.24791037e-02, -1.89933702e-02,
       -6.87811971e-02, -8.35341886e-02, -3.42351906e-02,  2.20534876e-02,
       -2.93089375e-02, -1.24192819e-01, -2.56285351e-02,  5.36979511e-02,
       -1.31090760e-01, -5.30839451e-02,  1.17272988e-03, -4.55845334e-02,
       -1.61384847e-02,  1.48845837e-01, -1.63450524e-01, -7.12116063e-02,
       -1.49579018e-01, -1.00883069e-02, -3.37497555e-02, -1.41531110e-01,
       -1.71348229e-02,  3.44482288e-02, -1.16343305e-01,  1.72995720e-02,
        7.90978372e-02, -4.91010360e-02, -2.80005429e-02, -1.15984390e-02,
       -9.68046859e-02, -2.05378011e-02, -2.96439640e-02, -1.65066011e-02,
       -4.22950834e-02, -1.43888295e-01, -2.83369832e-02, -1.38840422e-01,
       -2.96253841e-02, -4.08527441e-02, -7.89391920e-02, -1.02570847e-01,
       -8.58230591e-02,  3.70601565e-02, -9.42954421e-02, -4.32723202e-02,
       -1.11324959e-01, -9.55382213e-02, -4.85722199e-02, -8.31564218e-02,
       -8.50245878e-02, -1.02536067e-01,  5.67153655e-02, -4.63194735e-02,
        2.31366269e-02,  7.62024149e-02, -1.20922670e-01, -6.32146448e-02,
       -9.13977921e-02, -5.10498583e-02, -2.01320257e-02,  7.31054097e-02,
        4.79001738e-03, -6.98359609e-02, -9.45941284e-02,  6.48727417e-02,
       -3.09799984e-02, -6.10533655e-02,  4.67344411e-02,  1.63178876e-01,
       -8.37537125e-02,  4.80435183e-03, -3.18942778e-02, -3.64123769e-02,
       -1.16504095e-02, -1.04916431e-01, -6.02601282e-02, -1.21708237e-01,
       -7.51110390e-02, -1.06283668e-02, -1.82084320e-03, -8.00820626e-03,
        2.46707276e-02,  3.62888165e-02, -1.01290628e-01, -4.38228473e-02,
        3.08539998e-02, -9.94509086e-02,  1.68321915e-02, -3.33549567e-02,
       -2.49565188e-02,  6.97106123e-02, -9.60630700e-02, -1.01845793e-01,
       -1.12103768e-01,  1.03923015e-01,  1.52530912e-02, -5.03820516e-02,
       -5.92211708e-02, -8.53969827e-02,  3.49840224e-02, -6.20365217e-02,
       -1.31815329e-01, -7.45658297e-03, -3.70966904e-02, -5.79252727e-02,
       -1.17958337e-01,  3.41412611e-02, -6.30251840e-02, -1.21553853e-01,
       -8.18982348e-03, -5.07290028e-02, -1.64992779e-01, -6.67846724e-02,
       -1.07441485e-01, -2.91593578e-02, -4.18158360e-02, -6.10431917e-02,
       -8.72181430e-02, -1.26868129e-01, -1.56121152e-02, -2.25496758e-02,
       -1.32413162e-02, -2.52487371e-03, -2.57110242e-02, -1.74090549e-01,
       -1.11760363e-01, -6.60028085e-02,  9.24248174e-02, -1.12279460e-01,
        4.16110158e-02, -7.48080611e-02, -3.82874273e-02, -1.17593378e-01,
       -1.18416198e-01, -1.68071538e-01, -2.61582620e-02, -4.10487875e-02,
       -9.86083150e-02,  9.71777886e-02, -1.44076958e-01, -1.65767372e-01,
        9.33343195e-04, -1.32440189e-02, -6.96861222e-02, -2.37429645e-02,
       -1.48142770e-01, -1.14161223e-01,  4.79196617e-03, -5.26370667e-02,
       -1.28688246e-01, -2.58798264e-02, -5.00760153e-02, -1.53078968e-02,
       -7.00560287e-02, -2.91159712e-02, -1.11723736e-01,  4.58342675e-03,
        7.41058402e-03, -5.14315404e-02, -1.81906354e-02,  1.88048296e-02,
       -1.75738886e-01, -9.51183736e-02, -1.74382702e-02, -7.90113583e-03,
       -2.29521748e-02, -9.13248956e-02, -6.40907735e-02,  6.22068681e-02,
        1.28096072e-02, -1.50683019e-02, -1.52684860e-02, -8.94072503e-02,
       -9.40479860e-02, -5.26688695e-02, -1.01037197e-01, -5.06126881e-03,
       -1.43038541e-01, -1.68044716e-01, -1.73185810e-01, -1.08213782e-01,
       -7.25772679e-02, -1.48829063e-02, -6.80278912e-02, -4.23000269e-02,
       -9.69698653e-02, -6.53969720e-02, -1.00685656e-01, -7.64626339e-02,
        8.18581879e-03, -1.15633294e-01, -5.80147840e-02, -1.71460700e-03,
        4.72093448e-02,  5.96415773e-02, -2.89134756e-02, -8.71089920e-02,
       -3.05913705e-02, -2.49158312e-02, -6.78917468e-02, -9.35250148e-02,
       -4.77597378e-02, -1.01605684e-01, -8.48487765e-02, -1.09805368e-01,
       -3.45657468e-02, -1.03673682e-01, -6.38642386e-02, -8.46899301e-02,
       -7.69589543e-02, -5.04750945e-02, -1.35276273e-01, -2.55158227e-02,
       -4.32806984e-02,  6.01166347e-03, -5.48446253e-02, -1.34389713e-01,
       -5.20782880e-02, -5.04850335e-02, -3.52255926e-02, -1.39609411e-01,
       -1.25420779e-01, -2.88628088e-03, -1.22919917e-01, -5.23793176e-02,
        7.01159984e-03, -6.85346574e-02, -4.66424152e-02, -2.08277609e-02,
       -3.24853696e-02,  1.12970443e-02, -1.31313339e-01, -8.28739852e-02,
        2.45215334e-02,  6.32358789e-02, -1.76381469e-01, -1.49381477e-02,
       -1.19947605e-01, -1.22150443e-02, -8.72457922e-02, -9.64560360e-03,
       -1.52777825e-02, -8.67127031e-02, -1.04350790e-01, -4.58623543e-02,
       -4.19427343e-02, -1.60382718e-01, -3.78305018e-02, -4.43329774e-02,
       -1.23534068e-01, -1.55766875e-01,  7.60011971e-02,  1.26612373e-02,
        3.37612815e-02, -4.53087129e-02, -2.36303313e-03, -1.20990589e-01,
        3.35419178e-02,  5.29740043e-02, -2.57470421e-02, -1.07631974e-01,
       -1.20106541e-01, -5.51883224e-03, -2.33374164e-02, -1.37530388e-02,
       -1.37172580e-01,  1.35858767e-02,  1.42988563e-02, -1.35228664e-01,
       -3.60551104e-02, -2.33646594e-02, -1.45879254e-01, -1.62225097e-01,
       -6.65623695e-02, -5.70763759e-02, -1.26851335e-01, -1.62379801e-01,
       -3.05480720e-03, -3.28952968e-02,  2.97309551e-03, -1.55384213e-01,
       -4.14630249e-02, -1.20173320e-01, -8.10214654e-02, -1.19617566e-01,
       -4.10316177e-02, -3.46085289e-03, -1.20831266e-01, -1.59338593e-01,
       -7.74094462e-02,  6.46587461e-02, -1.03103265e-01,  1.43173318e-02,
       -9.25788283e-03, -5.94390742e-02, -1.77127168e-01, -7.47656226e-02,
       -5.90687618e-02,  1.03841156e-01, -9.91738662e-02, -6.66542798e-02,
       -2.59792749e-02, -8.09803978e-02, -1.70829907e-01, -8.79032165e-02,
       -5.10326028e-02, -5.80669306e-02,  4.86293398e-02, -6.55199513e-02,
        5.73306084e-02, -1.08357556e-01, -5.91012165e-02, -9.75669324e-02,
       -1.90094754e-01, -1.82982057e-01, -4.70943078e-02, -1.56240556e-02,
       -9.74546522e-02, -1.52653337e-01, -1.15610950e-01,  4.37717438e-02,
       -8.82982612e-02, -3.12095061e-02, -8.42112955e-03, -7.35788494e-02,
       -1.38472944e-01, -6.20576367e-03, -3.58706862e-02, -6.07585385e-02,
       -6.54666424e-02,  4.01697382e-02, -4.28138152e-02, -9.46432576e-02,
       -7.83920884e-02, -7.25151598e-02, -1.44673645e-01, -8.61555040e-02,
       -2.42874660e-02, -7.23132044e-02, -1.13280416e-01,  2.35729944e-02,
       -1.13854833e-01,  1.67997871e-02, -1.14854902e-01, -2.42385678e-02,
       -1.11815356e-01, -7.75631368e-02,  3.06139421e-03, -1.53257251e-01,
       -3.82045135e-02,  2.63456665e-02,  2.62482483e-02,  1.06884872e-04,
       -9.11364183e-02, -2.41144951e-02, -3.17253582e-02,  9.95403826e-02,
        9.05449539e-02, -7.53525048e-02,  9.77828279e-02, -6.15948588e-02,
       -1.21646233e-01, -1.07015520e-01, -1.79737389e-01,  5.80504462e-02,
       -4.07907404e-02, -1.72919482e-01,  2.74884375e-03, -6.61172345e-02,
       -3.16052474e-02, -1.03779756e-01, -1.36399031e-01, -6.19669482e-02,
       -1.00097708e-01,  1.38178021e-02, -5.25395907e-02,  5.21261394e-02,
       -1.43763181e-02, -7.96880797e-02, -1.00426376e-02, -2.57826736e-03,
       -2.58722901e-02, -4.31520194e-02, -5.03443964e-02, -2.29983754e-03,
        1.84388682e-02,  4.41987626e-03, -6.94228262e-02, -9.39821079e-03,
       -1.55613899e-01, -1.00032836e-01, -2.00657677e-02, -5.92386769e-03,
        8.89823958e-03, -9.80521813e-02, -5.36383912e-02, -1.41290292e-01,
       -3.24963816e-02, -1.24149047e-01,  5.38364276e-02, -1.11733107e-02,
       -1.45343728e-02, -8.19975231e-03,  2.22462919e-02,  4.83482005e-03,
       -8.35936368e-02,  5.21535166e-02, -6.47816584e-02, -2.08231863e-02,
       -1.12116784e-01,  1.26211643e-02,  1.02565447e-02, -1.83720410e-01,
       -1.34217948e-01, -3.63662466e-02, -1.48894951e-01, -1.09946206e-01,
       -1.38426617e-01, -4.48720865e-02, -1.59733236e-01, -1.36638895e-01,
       -1.35341570e-01, -2.75972467e-02, -1.96073726e-02, -1.37436152e-01,
        5.91754764e-02, -1.37606129e-01,  4.10372019e-02, -1.93550978e-02,
       -1.70405582e-01,  5.46624400e-02, -9.37083811e-02, -3.62809524e-02,
       -2.06504688e-02,  6.62113428e-02, -8.97594392e-02, -1.34356618e-01,
       -4.52528857e-02, -5.57317622e-02,  1.05308481e-02, -1.00041717e-01,
       -1.64168775e-01, -1.58160552e-01, -1.09155197e-03, -2.82079633e-02,
        1.77843422e-02, -6.13659769e-02, -1.23493232e-01, -2.08267141e-02,
       -1.61280666e-04, -6.33165687e-02,  2.13686712e-02, -1.55485108e-01,
       -7.85016194e-02, -1.35509863e-01, -8.89916494e-02, -6.99148402e-02,
        1.12334747e-04, -1.35928541e-01, -7.71235377e-02, -1.68178499e-01,
       -1.81465708e-02, -9.32362452e-02, -1.28708392e-01, -7.43131787e-02,
       -9.49633494e-02,  3.52383405e-03,  4.39833738e-02, -9.26541630e-03],
      dtype=float32), 'encoder.fc.2.weight': array([[-0.4019729 ,  0.10023458,  0.28535625, ..., -0.03859308,
        -0.3080157 ,  0.00395357],
       [ 0.04154449, -0.06417474, -0.3661974 , ..., -0.00882988,
        -0.33208615, -0.4212967 ],
       [-0.2552051 ,  0.2843001 , -0.42926255, ...,  0.32889822,
        -0.3369582 ,  0.14289443],
       ...,
       [ 0.09266263, -0.44416666, -0.3532672 , ...,  0.17477308,
        -0.05244298, -0.3441186 ],
       [ 0.04429658, -0.4434502 ,  0.1126911 , ..., -0.2077406 ,
        -0.28909865, -0.20355973],
       [-0.3181124 ,  0.00294354, -0.34128353, ..., -0.02499891,
        -0.05650445, -0.03816036]], dtype=float32), 'encoder.fc.2.bias': array([ 0.3589279 , -0.25583383,  0.31444165, ..., -0.08566999,
       -0.2977218 , -0.1709064 ], dtype=float32), 'encoder.fc.4.weight': array([[-0.20217662,  0.03359815, -0.03207143, ...,  0.10016707,
         0.00694494, -0.19555616],
       [ 0.16108498,  0.15595667,  0.1339331 , ..., -0.17653812,
        -0.02016655, -0.04426557],
       [-0.1760307 ,  0.06350426,  0.17870396, ..., -0.00586271,
        -0.07568147,  0.04795095],
       ...,
       [-0.1758191 , -0.07808674, -0.00659201, ..., -0.10812838,
         0.10689613,  0.22401306],
       [-0.12403691, -0.01096034,  0.17840928, ..., -0.06999043,
        -0.20247644, -0.0205165 ],
       [-0.00059021,  0.06326272, -0.23084167, ..., -0.1599713 ,
        -0.13682751,  0.11122875]], dtype=float32), 'encoder.fc.4.bias': array([-2.31413603e-01, -3.20469290e-02, -3.12603042e-02, -1.38139322e-01,
       -3.02328356e-03,  3.32849137e-02,  1.06349520e-01, -2.07473189e-01,
       -1.90963581e-01, -2.22770244e-01, -1.68540269e-01,  9.27841067e-02,
       -5.12403697e-02, -2.07539320e-01, -8.66900086e-02, -1.50611460e-01,
       -2.14033872e-01, -1.07457317e-01, -2.20717013e-01, -1.65548921e-01,
       -2.31655799e-02, -4.28630039e-03, -1.90186620e-01, -2.10575551e-01,
       -1.95083484e-01, -1.69886589e-01, -2.88286693e-02,  1.35624632e-01,
       -7.73425102e-02, -1.02529809e-01, -6.23997375e-02,  1.81259513e-01,
       -2.27900982e-01, -1.65911056e-02, -3.76141742e-02, -2.28346642e-02,
        1.03629127e-01,  9.09830630e-02, -1.18084148e-01, -2.09380955e-01,
       -1.60590619e-01, -1.41580641e-01,  1.40463322e-01, -2.43588492e-01,
       -3.70629057e-02, -4.61053997e-02, -7.19972774e-02,  2.89159175e-02,
       -8.37457925e-02,  1.39471069e-01,  5.11593744e-02,  3.19501422e-02,
       -1.46387026e-01,  1.35592625e-01, -1.55759200e-01, -1.00699618e-01,
        1.64366812e-02,  5.20290225e-04, -7.93379694e-02, -5.70251644e-02,
        2.78071370e-02, -1.83208957e-01,  7.30717480e-02, -6.58944994e-02,
        6.27479255e-02,  6.06510788e-02, -3.64906862e-02,  5.62511012e-02,
       -1.85779706e-01, -4.05426733e-02, -1.17148556e-01, -1.01834618e-01,
        6.81159794e-02, -7.01576844e-02,  1.35683507e-01, -2.34385692e-02,
        6.17626719e-02, -9.23600048e-02, -1.72273144e-01, -2.01878101e-01,
       -1.43110842e-01,  1.70340523e-01,  1.47549793e-01, -1.08680669e-02,
       -1.48820579e-01,  9.43741761e-03,  2.05838531e-02, -5.04567474e-02,
        1.14215218e-01, -1.27267748e-01,  1.04830496e-01, -1.76490560e-01,
       -1.10341543e-02,  1.51224107e-01, -1.04974426e-01, -2.24184290e-01,
       -1.08981378e-01,  4.78682220e-02,  6.11406490e-02, -2.09636614e-01,
       -5.94287105e-02, -8.76073465e-02, -2.33286619e-01,  6.07722960e-02,
        1.88001812e-01,  2.54020691e-02, -1.91430405e-01, -7.44401887e-02,
       -1.24750972e-01, -1.84160203e-01, -9.74727124e-02,  5.08462712e-02,
        9.44615752e-02,  1.19340584e-01,  1.06320338e-04, -1.44204244e-01,
        3.13748717e-02,  2.74277502e-03, -9.09416974e-02, -1.04945809e-01,
        9.67657845e-03,  6.05590567e-02,  1.65490825e-02,  9.55416113e-02,
        1.58237182e-02, -7.00803474e-02, -4.12578993e-02,  1.55850843e-01,
       -2.28968769e-01,  3.16280797e-02, -2.23675817e-01,  1.60119802e-01,
       -5.96029535e-02, -2.29696929e-01, -3.54907755e-03,  5.45613617e-02,
        2.49423105e-02,  9.16856676e-02, -1.17608845e-01, -1.81758761e-01,
       -1.89015791e-01,  6.32423237e-02,  1.09687775e-01,  1.50663823e-01,
       -6.64071143e-02, -4.77732271e-02, -7.19531532e-03,  1.20179705e-01,
       -1.33225575e-01, -1.76739350e-01, -7.90550560e-02, -1.54768705e-01,
       -3.70422751e-02,  6.88935444e-02,  4.18260656e-02,  1.27313972e-01,
       -1.26772821e-01, -7.46661946e-02, -1.38594776e-01, -1.70877695e-01,
        1.29471064e-01,  1.18317135e-01,  1.75917931e-02, -1.34133594e-02,
        9.87960175e-02,  2.14713141e-02, -3.00313439e-02,  2.21526548e-01,
       -2.12493986e-01, -1.79196689e-02, -1.80923313e-01,  5.11169732e-02,
       -1.53963596e-01, -2.55539596e-01,  4.90431525e-02, -8.94490033e-02,
       -1.55762643e-01, -2.01553404e-01, -1.58121288e-01,  1.26570880e-01,
       -1.47442639e-01, -1.70636058e-01,  9.20756534e-02,  1.49573088e-01,
       -2.19136775e-02,  2.54186429e-02,  1.64502233e-01,  4.74688895e-02,
       -1.17563464e-01,  1.38862178e-01,  5.98334484e-02, -1.58042684e-02,
       -9.31215752e-03, -5.12886085e-02,  1.13216285e-02, -4.54567559e-02,
       -1.86110754e-02,  8.25183280e-03, -1.96415111e-01, -4.46213782e-02,
       -2.10007921e-01, -8.91862810e-02, -1.32716477e-01, -1.24397762e-01,
       -1.43048942e-01,  1.33719757e-01,  5.59286028e-02, -1.52986690e-01,
       -5.84223457e-02, -2.29254410e-01, -9.09807980e-02, -1.48850381e-01,
       -2.32177839e-01, -1.77304879e-01,  8.64118710e-03, -5.62715083e-02,
        2.24838275e-02, -1.22451045e-01, -3.12442351e-02, -5.45918569e-03,
        9.59917828e-02,  1.57092974e-01, -2.46072054e-01,  9.11953114e-03,
        9.45285186e-02, -2.10331485e-01, -2.08275288e-01,  8.78775492e-02,
       -8.57459605e-02,  5.82146123e-02,  6.64226413e-02, -5.80882058e-02,
        1.14672154e-01, -4.67065834e-02, -2.59425286e-02,  6.20431080e-02,
        9.62742642e-02, -1.64432481e-01, -7.47653022e-02, -1.81059718e-01,
       -1.60568595e-01, -8.32096208e-03,  4.81741168e-02,  3.12787406e-02,
       -2.23553166e-01,  7.13034496e-02, -2.36704707e-01,  1.20650798e-01,
       -5.16855484e-03, -1.68311566e-01, -1.46461993e-01,  1.37985855e-01,
       -1.26557976e-01,  1.34312809e-01, -1.96683660e-01, -1.16265463e-02,
       -5.50746024e-02, -1.75394014e-01, -5.03025874e-02,  3.18380222e-02,
        1.03404246e-01,  1.16432402e-02,  8.96126125e-03, -1.28490895e-01,
        4.68128398e-02,  1.26280695e-01, -6.50604963e-02, -1.23484850e-01,
       -1.11862443e-01, -1.59733742e-01,  6.98483139e-02,  1.19849369e-01,
       -9.52267945e-02, -4.48651388e-02,  2.12080069e-02, -2.45005652e-01,
       -1.07673019e-01, -2.26416141e-01, -1.79368794e-01,  1.74738526e-01,
        1.16078258e-01, -1.14430733e-01,  3.70931178e-02,  1.44467071e-01,
        9.11982823e-03,  1.14148483e-01,  1.25231028e-01,  2.65833922e-02,
       -1.78689957e-01,  2.40742732e-02, -8.61277208e-02,  4.32672352e-02,
       -4.52368036e-02, -2.24447727e-01, -4.23174351e-03, -1.99461684e-01,
       -3.32565792e-02, -6.32846057e-02, -2.03597307e-01, -1.93594754e-01,
       -1.96989357e-01,  1.47529230e-01, -2.25764096e-01,  6.23474121e-02,
        1.53375655e-01,  6.56649917e-02, -1.97802037e-01, -1.00013979e-01,
        4.44670171e-02, -5.50461113e-02,  6.50649220e-02,  1.19942516e-01,
       -5.01674190e-02,  1.03597403e-01, -1.40699357e-01, -1.96485430e-01,
        1.22061767e-01,  2.77522542e-02, -1.59305662e-01,  1.09104505e-02,
       -7.50202909e-02, -1.18615508e-01, -2.33782411e-01, -1.30533531e-01,
       -9.35438871e-02,  1.53999075e-01,  1.20893702e-01, -6.27446547e-02,
        6.77371472e-02, -6.65444583e-02, -1.11654431e-01, -7.33729377e-02,
        1.54920921e-01,  2.12324187e-02, -6.91471547e-02, -1.11186542e-01,
        6.95717037e-02, -9.97108370e-02, -1.11996993e-01, -2.25250684e-02,
        4.61358763e-02,  8.10657144e-02, -1.54389411e-01,  7.17986077e-02,
        4.91013303e-02,  1.88005239e-01,  2.37575769e-02,  1.73786543e-02,
        2.53386255e-02,  3.38856615e-02,  5.31191081e-02, -3.54687050e-02,
       -1.68449879e-02, -2.28966568e-02, -2.30218038e-01, -1.35133982e-01,
        6.26211315e-02, -9.94646847e-02, -2.00180471e-01, -4.21661139e-02,
       -9.99550745e-02, -9.37134251e-02, -8.66974425e-03,  1.20396525e-01,
       -2.02639431e-01,  1.19719125e-01, -1.84213698e-01, -1.89584523e-01,
        7.50548616e-02, -2.28826678e-03, -7.44583383e-02,  1.85973227e-01,
       -2.83783190e-02, -1.48730571e-04,  1.13463178e-01,  3.10606579e-03,
       -1.48960352e-01, -5.25477603e-02,  7.85255805e-02, -9.28004738e-03,
        1.25679657e-01,  8.99628252e-02,  1.13215439e-01, -9.42864828e-03,
        2.79616602e-02, -2.28732705e-01, -2.22693995e-01, -1.22511901e-01,
       -1.22151554e-01, -6.56797215e-02, -7.01547563e-02, -5.72044291e-02,
       -9.71290320e-02, -4.21009734e-02,  1.11610174e-01, -1.78409532e-01,
        6.21831305e-02,  1.29268020e-01,  6.98417202e-02, -1.18442290e-02,
       -7.67249763e-02,  1.11595556e-01, -1.28335491e-01,  1.11042999e-01,
        1.10243838e-02,  2.71997470e-02,  8.35853890e-02, -1.41954735e-01,
       -2.09195971e-01,  8.03930834e-02, -2.30224267e-01,  1.31913170e-01,
        3.91013250e-02,  4.13287617e-03, -1.89434603e-01,  6.91623315e-02,
        1.06195003e-01, -6.37917072e-02, -5.36679849e-02,  2.33741738e-02,
        1.44789457e-01,  3.82138416e-02,  1.45914569e-01,  7.51962960e-02,
       -1.20651953e-01, -3.93012911e-02,  3.17530967e-02, -2.75070984e-02,
       -1.18009433e-01, -4.94000092e-02, -1.19882502e-01,  8.05799812e-02,
       -1.59722432e-01,  9.61205214e-02, -9.29840375e-03, -7.81081021e-02,
        6.52372539e-02,  4.56292257e-02, -2.15793982e-01,  3.34559567e-03,
        8.69369060e-02,  1.24134935e-01, -1.60167113e-01,  7.00537935e-02,
       -6.84845522e-02, -2.07450595e-02, -1.63464323e-01,  9.91615206e-02,
       -6.28178045e-02, -1.33037299e-01,  1.10656641e-01,  1.66093737e-01,
       -3.87625173e-02, -1.63351968e-01,  7.97443986e-02,  1.15679070e-01,
        7.96079412e-02,  1.64176837e-01, -4.64902446e-03,  1.11335412e-01,
        5.35923382e-03, -8.16127211e-02, -1.22478724e-01,  1.26875818e-01,
        8.48305132e-03, -2.45560538e-02, -2.14866161e-01,  6.49201497e-02,
        1.09865785e-01,  1.01201683e-01, -1.35738418e-01,  9.01181549e-02,
        1.06947005e-01,  1.30764127e-01,  1.34105399e-01, -7.07340837e-02,
        1.90272499e-02,  1.18827432e-01, -1.86589494e-01, -1.06282353e-01,
       -1.63588032e-01, -1.37893379e-01,  8.59148204e-02, -1.51741713e-01,
        6.64278120e-02, -4.24687527e-02,  1.04093798e-01, -3.66118997e-02,
       -6.94959983e-03, -2.07805540e-02,  1.16178095e-01,  3.79684716e-02,
       -3.66243944e-02,  1.07581809e-01,  3.21465321e-02, -2.74526849e-02,
       -5.52862808e-02,  5.46551831e-02,  1.30564809e-01,  1.91651642e-01],
      dtype=float32), 'encoder.fc.6.weight': array([[-0.12661913,  0.15650511,  0.32664964, ...,  0.101565  ,
         0.23701784, -0.23491606],
       [ 0.28085938, -0.29445723,  0.03158518, ...,  0.36639646,
        -0.23229688,  0.24586251],
       [-0.2746314 ,  0.3459402 ,  0.31783327, ...,  0.09717131,
        -0.11796559,  0.31598285],
       ...,
       [-0.00799445,  0.24877776,  0.0019886 , ..., -0.13954915,
        -0.01505991,  0.3439263 ],
       [-0.25754827,  0.22486073, -0.16009384, ..., -0.40388867,
         0.3224905 ,  0.14311785],
       [-0.4065286 ,  0.32012746, -0.05164522, ..., -0.02779341,
         0.16037044, -0.1272753 ]], dtype=float32), 'encoder.fc.6.bias': array([-0.02148985,  0.2359854 , -0.10352624,  0.4006655 ,  0.3470211 ,
       -0.2512222 , -0.16088407, -0.29696992,  0.35852206,  0.0639124 ],
      dtype=float32), 'decoder.fc.0.weight': array([[ 0.29679778,  1.6941345 ,  0.42644623, ...,  0.6903331 ,
         1.7564679 , -1.7263398 ],
       [-1.7841533 ,  0.1801934 , -1.9335283 , ..., -0.5005336 ,
         0.89171284, -1.1156992 ],
       [ 1.9803596 ,  1.201001  ,  1.901267  , ...,  2.8528173 ,
        -1.5663117 ,  0.77054703],
       ...,
       [-2.1167717 ,  1.6922342 , -2.568407  , ...,  1.3223404 ,
        -2.0207095 ,  2.7231061 ],
       [-2.0530388 , -2.545769  , -0.94610614, ...,  1.1420522 ,
         1.1534466 , -2.2750936 ],
       [ 0.5489182 ,  2.532535  ,  0.79515994, ...,  1.8586636 ,
        -1.1333064 ,  0.82859814]], dtype=float32), 'decoder.fc.0.bias': array([-2.1239114 ,  1.5886697 ,  0.33289105, -2.1189167 , -2.6893177 ,
       -1.7148689 , -0.26331466, -1.5913723 ,  0.94331557, -1.6448464 ,
        0.98068935,  0.23834643,  2.6946316 , -2.2902095 ,  0.5937598 ,
       -2.5158525 ,  0.22192049,  1.6503987 , -0.2186257 , -2.8282661 ,
       -1.1493446 ,  2.3396    , -0.56307805, -1.3903902 , -2.2447987 ,
       -2.3439708 , -0.7407104 , -0.8657955 ,  2.774669  , -0.25012067,
        1.8407208 ,  0.777254  ,  0.71706843, -0.4591434 , -0.20497197,
       -1.429849  ,  0.20399366, -1.8427626 , -1.0780758 , -0.4199302 ,
        1.6193526 , -1.6679374 ,  1.5629394 ,  2.761302  , -2.3464656 ,
       -1.9585835 ,  0.94132304, -1.4435704 ,  1.8209999 , -0.24344501,
        2.5291843 , -1.7416759 , -1.8474869 ,  0.12239159,  2.4086027 ,
        1.9394534 ,  2.378984  , -1.0386994 ,  0.31160644,  2.409768  ,
        0.27619004,  1.8669025 ,  1.6415544 ,  0.13613784,  2.7581196 ,
       -1.7319345 , -0.26544595, -0.45273346,  1.4464372 ,  0.44666818,
        0.2090971 , -1.1005791 , -0.91307837, -0.7584256 ,  0.75635946,
       -0.6674431 , -0.8868023 ,  2.5212648 , -1.7120053 , -0.35919914,
       -1.1883607 , -2.6377182 ,  2.1132467 , -0.1240325 ,  2.1967108 ,
        0.35474554,  1.5818805 , -2.3640177 , -0.29125258,  2.1087487 ,
        0.9472706 ,  2.5223627 , -2.7063198 ,  0.13006808, -2.6179395 ,
       -1.5887601 , -0.84409475,  1.005941  , -0.01402325,  1.651412  ,
        2.7547987 , -0.9070217 , -1.4896848 , -0.9499888 ,  0.05532189,
        2.1683018 ,  1.6127607 ,  2.2632353 ,  0.97957957,  2.1253026 ,
        0.339823  ,  0.5956061 ,  2.775698  , -0.71438307, -1.4685311 ,
       -1.9549854 , -1.3132129 ,  1.370112  ,  0.15650946, -2.8044336 ,
        0.5188972 , -1.7695303 , -2.284933  , -1.2125769 , -0.6821054 ,
       -0.1280287 ,  1.8378242 , -0.2766406 , -1.7883517 ,  0.99630004,
       -0.9267307 , -0.49551043,  2.8142276 ,  0.30688927,  2.284453  ,
       -0.14954288, -1.3982856 , -2.5907147 ,  0.37173808, -2.8122013 ,
       -0.27613154, -2.444696  ,  1.9020836 , -1.0179425 ,  1.5603127 ,
       -1.0510982 ,  0.34581828, -0.02752045, -1.9162332 ,  1.9800607 ,
        1.8659841 ,  1.2843953 , -1.2676431 ,  0.52109945,  0.56648844,
       -1.9361478 ,  0.16155306,  2.1800637 ,  1.3230598 , -2.5104873 ,
       -2.2964013 , -1.9426113 ,  1.0278616 , -0.43708   , -2.5062542 ,
        1.8051369 ,  1.9800946 , -0.80120957,  2.6357672 ,  2.2517571 ,
        2.3144689 , -1.7102106 ,  0.5062629 ,  1.2119015 , -2.2249267 ,
        0.49376425,  2.2462907 , -2.3012154 , -1.4213933 ,  2.7557392 ,
       -1.6258438 , -2.061538  , -1.9073628 , -2.7647214 , -1.3341733 ,
        0.91095823,  2.1359043 ,  1.2985896 , -1.0669531 , -1.616486  ,
       -0.56037265,  0.14438602, -1.4115169 , -2.3930435 ,  0.35057536,
        2.1881895 ,  2.3559353 ,  2.1163285 , -0.2213754 , -2.4475632 ,
       -2.8200336 ,  1.6181489 , -2.7400358 ,  1.7217724 , -0.01432355,
        1.0984517 , -0.46243173, -1.2581317 , -1.6108578 ,  0.74481845,
        2.5880656 ,  2.8486578 , -1.5792761 , -2.5357392 , -0.25315922,
        1.530295  ,  0.9894648 ,  1.488112  , -1.5998832 , -1.1182075 ,
        0.81566995,  1.5429537 ,  2.552333  , -0.8979128 , -0.69944227,
       -0.20603445, -0.12055389,  0.7324716 ,  1.6492171 , -2.591881  ,
        0.01541195, -0.84852725, -0.944486  ,  0.15841997,  2.6767464 ,
       -2.271236  ,  2.3597398 , -0.5098493 ,  0.78266615,  0.69756746,
       -2.496581  , -0.56432694,  0.72428256, -0.16287996, -0.6315638 ,
        1.6733826 ,  0.5950238 ,  0.44232386,  0.9189732 , -0.3205179 ,
        0.5599151 , -2.6838787 , -1.8993747 ,  1.2889872 , -0.27893722,
        0.4529036 , -1.3165528 ,  2.0599425 , -2.543504  , -0.5968251 ,
       -0.12934604,  1.7210221 , -1.2483345 ,  2.5442598 , -0.88912284,
       -1.8743743 , -1.6228102 ,  2.335652  ,  1.2014017 , -2.4467092 ,
       -1.2901932 ,  1.0417516 ,  1.5981083 , -1.6644231 , -2.8670135 ,
        1.2417259 ,  0.41834775,  1.4419659 , -0.72790146,  1.0081533 ,
       -1.475353  ,  0.4881966 , -2.5664296 , -2.5053673 ,  2.1736412 ,
        0.3117562 , -1.6561484 ,  0.76355577,  0.345469  ,  0.9740217 ,
       -2.409189  , -2.7421546 , -1.4028647 , -2.2629378 ,  0.52077603,
       -0.2062637 ,  1.8271072 , -0.6615458 , -0.9702066 ,  0.02886003,
       -2.4772182 ,  1.7684629 ,  0.7003898 , -0.10631941,  1.8390987 ,
       -0.42246288, -1.0380633 ,  2.6487567 ,  0.56837285, -2.0179644 ,
        0.45447314, -1.5934056 , -1.3074504 ,  1.3336079 , -2.234744  ,
       -0.3659    ,  0.81174827, -2.2127786 , -0.19451985,  1.3443632 ,
       -2.0232613 ,  1.2192141 , -2.192969  ,  2.3027298 , -0.28677407,
        0.45427978,  2.6665332 , -1.3131502 , -1.97386   ,  1.5337272 ,
       -1.3662881 ,  1.004459  ,  1.4830184 , -1.5283478 , -0.66324466,
       -0.88531214,  1.7196866 , -1.7063363 , -2.5349643 ,  2.1657226 ,
       -0.585741  , -2.2197962 ,  2.570701  , -0.17445543,  0.68366987,
        0.6020129 ,  0.6050947 , -1.2095097 , -0.39014256, -2.2244606 ,
       -1.0830693 , -2.503543  , -0.895546  ,  0.10713914,  1.4567075 ,
       -2.0740616 ,  0.05563271,  1.5991482 ,  0.12546541, -2.8651125 ,
       -1.213939  ,  1.6744888 , -0.50488526, -2.15762   , -1.3310611 ,
       -0.1910868 ,  1.7194568 ,  1.1994494 ,  0.71311134, -2.259809  ,
       -2.894214  ,  2.3140993 ,  0.37486434, -0.29812136,  0.90542847,
        1.5509362 ,  1.404251  , -0.7947116 ,  0.06182396, -2.1243935 ,
       -0.2618818 ,  2.6867006 , -2.1763287 ,  1.3774408 , -2.731464  ,
        2.1796079 , -2.5898654 , -0.6170953 , -2.0328844 ,  2.4541607 ,
       -1.2086263 , -1.572637  ,  0.01995451, -0.51138407, -2.0277615 ,
        1.9593272 , -1.049343  , -2.5216556 ,  1.0206102 , -0.59767693,
       -0.44984558,  0.16613068,  1.8876368 , -1.9426756 , -2.4247198 ,
        2.5624106 ,  0.11990714,  0.00780126,  1.3232208 , -2.1277516 ,
        0.6312507 ,  2.3221886 ,  0.8872559 , -0.93191713, -0.2411927 ,
        2.1655536 ,  1.9546317 ,  2.1117156 ,  1.4234968 ,  0.46157607,
       -0.90036845,  0.13720211,  0.5539138 ,  0.2735731 , -0.85033494,
        0.42595804, -0.25550613,  0.24920014,  0.4705452 ,  2.1427076 ,
       -2.2804208 ,  0.44726393,  0.9047112 , -1.9553987 ,  0.7112693 ,
       -1.2046167 , -0.83876556, -2.4041991 ,  1.4746629 , -0.33893996,
       -2.1414764 ,  0.99128765, -0.16437194,  2.3724852 ,  1.5880661 ,
        0.62464327,  0.26658505,  2.2233496 , -1.949018  , -1.9814514 ,
        0.23933522,  2.85371   ,  0.8440732 ,  1.9073483 , -1.3182325 ,
       -1.4550984 , -1.9067003 , -2.1112213 ,  0.06689811,  2.2547858 ,
        1.2759254 ,  1.3999593 ,  0.7583888 , -0.05620836,  2.3432148 ,
        1.2698431 , -0.21162434, -0.00822182,  1.3547498 , -2.1782947 ,
       -1.4502957 ,  2.3729007 ,  2.1166515 , -1.738776  ,  2.2329228 ,
        0.01752747,  2.057     , -2.087884  ,  1.3847667 , -1.5613751 ,
       -2.6627212 , -0.17043123,  0.6025857 ,  2.1047254 , -1.5541531 ,
       -1.3852721 ,  2.5606565 , -1.2543203 ,  0.41014114,  0.73170507,
        2.6739464 ,  0.40200996,  0.30878568, -1.7248449 , -2.612636  ,
        1.2535901 ,  2.3481407 ,  1.2166088 , -1.2759606 ,  0.64085215],
      dtype=float32), 'decoder.fc.2.weight': array([[-0.2973908 , -0.21675494,  0.30274513, ..., -0.36382592,
         0.29783487,  0.20018874],
       [ 0.32539827,  0.23340537,  0.38529065, ...,  0.13100149,
         0.35537735, -0.2664385 ],
       [ 0.00501125,  0.26031125, -0.21361308, ..., -0.12316836,
        -0.4216021 , -0.37048945],
       ...,
       [-0.2358591 ,  0.03946559, -0.54228926, ..., -0.15870817,
         0.00204594, -0.11920309],
       [ 0.25666687,  0.30068713, -0.12017234, ..., -0.25544256,
         0.20270453,  0.13984483],
       [-0.14311577,  0.2560563 , -0.511028  , ..., -0.11636242,
        -0.11634231,  0.37745327]], dtype=float32), 'decoder.fc.2.bias': array([-0.06629161, -0.22094971, -0.25673357, ..., -0.3717399 ,
       -0.3495006 ,  0.21531077], dtype=float32), 'decoder.fc.4.weight': array([[ 0.1752926 , -0.15924777, -0.05931349, ...,  0.033621  ,
         0.10448695,  0.09400585],
       [ 0.08381656,  0.00238178,  0.07909542, ..., -0.06374401,
        -0.15717237, -0.00550163],
       [ 0.10292663,  0.13722666, -0.13858004, ..., -0.04196703,
         0.22823106, -0.15190548],
       ...,
       [ 0.04698142, -0.21628052,  0.09842955, ...,  0.13513207,
         0.11106658, -0.09721183],
       [ 0.04044442,  0.15892014,  0.02615029, ..., -0.11883567,
         0.07952075,  0.19170696],
       [-0.1860087 ,  0.01866585, -0.03439784, ..., -0.09651806,
         0.10140783, -0.12536716]], dtype=float32), 'decoder.fc.4.bias': array([-0.00685195,  0.09469341,  0.00472411, -0.07281961, -0.1008289 ,
        0.00979147,  0.00459136,  0.13171597, -0.22173348, -0.02559593,
        0.07644024,  0.15188971, -0.11493404, -0.19095811,  0.02070692,
        0.04865268,  0.1937212 , -0.02460487, -0.00038132,  0.02272741,
       -0.20189513, -0.02726996, -0.08681564, -0.15441665,  0.05814053,
        0.05024054, -0.18047883, -0.25977293, -0.23146154, -0.01856631,
       -0.22826426,  0.07575607,  0.02993468, -0.1497355 ,  0.13967572,
        0.14829539, -0.23400043, -0.17986503, -0.00260438,  0.03368432,
        0.12245552, -0.16113733, -0.00640227,  0.19998395,  0.1412307 ,
       -0.12960118, -0.02153497, -0.08798632,  0.04045387, -0.20962021,
        0.16147594,  0.0515203 ,  0.10341988,  0.1927646 , -0.20214081,
       -0.09900153, -0.15564956,  0.0659536 , -0.12832177,  0.13746603,
       -0.00243561, -0.01586341, -0.05495185, -0.18679503,  0.09927399,
       -0.12063093, -0.12234876,  0.02538935, -0.06319278, -0.15436894,
       -0.17341974,  0.10059643,  0.20582563,  0.10137447,  0.13753936,
       -0.00828938,  0.10181199, -0.16046137, -0.02963908, -0.0147708 ,
       -0.10392081, -0.0328457 ,  0.03529123, -0.1015    , -0.07044005,
       -0.09986297, -0.01524925,  0.05542803, -0.01739111,  0.14048082,
        0.08320221,  0.17013633, -0.01845243, -0.11303541, -0.17348427,
        0.19333783,  0.07382323, -0.10599354, -0.23262428,  0.16485322,
       -0.02318667, -0.20164472, -0.19211844, -0.1490443 ,  0.04686116,
       -0.24568   ,  0.0790059 , -0.07996245, -0.12472396, -0.15583436,
       -0.16085139, -0.22606127,  0.11217633,  0.07273698, -0.0643575 ,
       -0.0044918 , -0.02162776,  0.06742186,  0.15453595,  0.06463497,
       -0.07152195,  0.09484659, -0.21724662, -0.0220661 , -0.02456151,
       -0.04489222, -0.02572585, -0.19073927,  0.05963919,  0.00293669,
        0.0886572 ,  0.06827743, -0.08976193,  0.01991855, -0.07814569,
        0.00241525, -0.23684698,  0.15870261,  0.09060139, -0.1354949 ,
       -0.06362177, -0.11191256, -0.11659006,  0.12213691, -0.21811183,
       -0.16144097, -0.11173177,  0.080336  , -0.05768257, -0.07783911,
       -0.22177395,  0.01219589, -0.23288569, -0.03668384,  0.138655  ,
        0.07469874,  0.00969498,  0.00602153, -0.08090109,  0.07973315,
        0.03509712,  0.08790823,  0.15519962, -0.1769645 , -0.01473713,
        0.0214487 , -0.05088669, -0.18915302,  0.15912606,  0.23138408,
       -0.2331691 , -0.13654956,  0.03233433, -0.1564375 ,  0.11061673,
       -0.22227411,  0.11855797,  0.12991998, -0.08092993, -0.00898861,
        0.05988871, -0.0149111 , -0.08392911, -0.10889528, -0.19306676,
       -0.06173235,  0.12648168, -0.08744589,  0.11167143,  0.03208935,
       -0.15300584, -0.19045423, -0.07529029, -0.10794114, -0.06619628,
        0.0292345 ,  0.03977897, -0.02231492,  0.00101565,  0.13899544,
        0.15487151,  0.15368135,  0.05038491, -0.07865791,  0.13177541,
       -0.03446074, -0.08811862,  0.1841481 ,  0.09526641,  0.18755344,
       -0.07821234,  0.20683843, -0.1922615 ,  0.03960719, -0.01000185,
        0.09769377, -0.12633657, -0.06599361, -0.1545217 ,  0.11984083,
       -0.11620405, -0.06524871,  0.19911246, -0.15859886,  0.03749732,
       -0.02423098,  0.12355248, -0.07940115,  0.05719235,  0.03197305,
        0.0459983 , -0.08484802, -0.09740865, -0.25962397, -0.05186106,
       -0.18475865, -0.03208169,  0.12005366, -0.21853259, -0.07822132,
        0.09588573,  0.15332586,  0.02237312,  0.14907587, -0.12741274,
        0.17863056,  0.01831066,  0.06669618,  0.11416094, -0.08199217,
        0.02178139,  0.01905023, -0.03986386,  0.06984939, -0.160853  ,
       -0.16356057,  0.05356428, -0.02990282, -0.09454148,  0.17021713,
       -0.12344177,  0.18087447,  0.17852113,  0.18914364, -0.09888882,
        0.16278034, -0.07918215,  0.07510787,  0.12050268, -0.18010141,
        0.06023861,  0.03689769,  0.03535741,  0.05251474, -0.05594807,
       -0.04351598,  0.19380626, -0.1534555 , -0.1732873 , -0.15569948,
       -0.17271659,  0.03417363, -0.17696361,  0.06848119,  0.02847247,
       -0.01587852, -0.13822879,  0.16348338, -0.15583912, -0.2063414 ,
       -0.07239319, -0.05376362,  0.0172646 , -0.08200132,  0.14993903,
        0.0831686 , -0.03600984, -0.20063835,  0.12485164, -0.07793928,
        0.02874296, -0.06124222, -0.17971922, -0.23285371, -0.0723759 ,
       -0.26510277, -0.11387733, -0.17867596,  0.13359845,  0.15186732,
       -0.09441148,  0.00549143,  0.00738605, -0.11684695, -0.20260948,
       -0.15353982,  0.0580597 ,  0.17178285,  0.08944278, -0.1858606 ,
        0.0565607 ,  0.10274687, -0.07945648,  0.05199672, -0.19561026,
        0.05256757,  0.0566599 , -0.01050746, -0.15481722,  0.00823506,
       -0.07937682,  0.02594424, -0.1164322 , -0.22876364,  0.06701508,
        0.03117424, -0.20033318,  0.00045088, -0.04958523,  0.05551096,
        0.0790474 , -0.17375617,  0.13880223, -0.2077572 ,  0.14686857,
       -0.01870746, -0.12089643, -0.0418878 ,  0.08313382, -0.20284231,
       -0.2070234 ,  0.1213727 ,  0.12455902, -0.16772825,  0.1475715 ,
        0.1245404 , -0.24025697,  0.10657304, -0.22479977, -0.17378421,
       -0.21081597,  0.08435838,  0.23069622, -0.2058455 , -0.01613658,
       -0.00813617,  0.07204568,  0.18966544, -0.12512657,  0.10712566,
       -0.21191683,  0.04263376,  0.12797293, -0.13116518, -0.03082461,
        0.02775708,  0.05842398, -0.07352456,  0.07212751,  0.03764768,
       -0.04391927, -0.12073953, -0.01305063,  0.04657995, -0.00941557,
        0.00075494, -0.08678024, -0.12738101, -0.02683954,  0.03707201,
        0.05584523,  0.15318054, -0.03852027, -0.01961436, -0.03738661,
        0.05958916, -0.19771002, -0.01620092,  0.01234559, -0.06236828,
       -0.21746951,  0.06692304, -0.10239831,  0.06817971, -0.24600983,
       -0.00137011,  0.12184943,  0.09515277, -0.07986785,  0.01707218,
       -0.19196047,  0.14361863, -0.15689477, -0.07975513,  0.15188903,
        0.03618445,  0.20830709, -0.17726691,  0.04021024, -0.06910062,
       -0.13577424, -0.22698137,  0.06775188,  0.06119853, -0.09100336,
       -0.18928641, -0.06165411, -0.02096338, -0.13761206, -0.03562127,
       -0.18085322,  0.04911866, -0.10827328,  0.16215599,  0.15825313,
        0.1076689 ,  0.15772644, -0.27246594, -0.11258219, -0.05876233,
        0.03245042, -0.05867675, -0.18495992,  0.13617776,  0.00485086,
        0.03916362,  0.14393145, -0.10710716, -0.09634099,  0.01173093,
       -0.13728559, -0.21349356, -0.23828855,  0.11501396, -0.03707122,
        0.05245558,  0.01058405, -0.01963223,  0.03229905,  0.1310358 ,
        0.17773059,  0.0719822 ,  0.1575184 ,  0.04950134,  0.14392446,
       -0.03213679, -0.20441782, -0.25932297,  0.15552706,  0.11736891,
        0.142271  ,  0.15670368,  0.05219989, -0.06166485,  0.00314448,
       -0.05479153, -0.0848728 ,  0.06623182, -0.21225218,  0.03553618,
       -0.1302746 , -0.1642219 , -0.24648392, -0.06972777, -0.07199553,
        0.20460285,  0.14906834,  0.19048631, -0.14147542, -0.225239  ,
       -0.02962809,  0.09186122, -0.09530526,  0.22057012,  0.13952997,
       -0.1390253 ,  0.13835478, -0.24296674, -0.2518097 , -0.07300037],
      dtype=float32), 'decoder.fc.6.weight': array([[-0.2063733 ,  0.20111328, -0.07295051, ...,  0.5198797 ,
        -0.29020497,  0.06397283],
       [ 0.24575737, -0.25962687, -0.32144225, ...,  0.31402394,
         0.08191876, -0.1507825 ],
       [ 0.02489492, -0.15684229,  0.33450204, ..., -0.28677088,
         0.27205557,  0.22630675],
       ...,
       [ 0.17099394, -0.29275498, -0.27392602, ..., -0.07007702,
         0.13558409,  0.22270799],
       [-0.0389793 , -0.4069546 , -0.15521939, ..., -0.00076953,
        -0.07511065, -0.01493027],
       [-0.34925076,  0.006709  ,  0.26072505, ..., -0.10498282,
         0.15346873,  0.22656818]], dtype=float32), 'decoder.fc.6.bias': array([ 0.10214367, -0.36735642,  0.21819536, ...,  0.05019327,
       -0.28639984,  0.16208124], dtype=float32)}
[Time: 29.01.25 15:04:10] [Level: info] [State: aggregate] {'encoder.fc.0.weight': array([[ 0.05003465, -0.0709302 , -0.02943509, ..., -0.03865103,
        -0.05919351,  0.10257604],
       [ 0.00195401,  0.08667944,  0.03700655, ..., -0.00431593,
         0.05829579, -0.0724432 ],
       [-0.07326888, -0.06314887, -0.01966125, ...,  0.00544353,
        -0.01264921,  0.00897887],
       ...,
       [-0.05122264, -0.06837677,  0.02022742, ..., -0.0864489 ,
        -0.08379398,  0.03972693],
       [ 0.06373359, -0.03908144,  0.10439519, ...,  0.07441248,
        -0.07182935,  0.02866076],
       [ 0.01875438, -0.02498532,  0.08723597, ..., -0.01565948,
        -0.05178614, -0.03735811]], dtype=float32), 'encoder.fc.0.bias': array([-4.81266156e-02, -1.44042015e-01,  1.17639683e-01, -5.16092815e-02,
       -2.18776502e-02, -1.72568962e-01, -6.33494705e-02, -9.28298160e-02,
        6.86995639e-03, -1.44918069e-01, -1.37025043e-01, -1.15761468e-02,
        1.78395736e-03, -5.26178591e-02, -1.26556471e-01, -1.88503545e-02,
       -1.31699026e-01, -1.22114755e-01, -6.60537705e-02, -1.25202402e-01,
        5.40031977e-02, -1.64423380e-02, -5.90965003e-02,  4.68971096e-02,
       -1.45349860e-01, -7.61757568e-02, -1.32897981e-02, -1.06921904e-01,
       -8.84900764e-02, -2.33276412e-02, -3.24794874e-02, -1.77858528e-02,
       -6.87810332e-02, -8.39833021e-02, -3.43247503e-02,  2.31007002e-02,
       -2.90610865e-02, -1.24192938e-01, -2.56011840e-02,  5.36977462e-02,
       -1.31090507e-01, -5.29190376e-02,  1.17192150e-03, -4.58725579e-02,
       -1.62669439e-02,  1.48845866e-01, -1.63032204e-01, -7.09128082e-02,
       -1.49494916e-01, -1.00886673e-02, -3.37027982e-02, -1.39651820e-01,
       -1.68571025e-02,  3.46349366e-02, -1.15282252e-01,  1.72996353e-02,
        7.85866752e-02, -4.91901934e-02, -2.76756883e-02, -2.25808043e-02,
       -9.68048796e-02, -2.07722168e-02, -2.95113605e-02, -1.65804159e-02,
       -4.22948711e-02, -1.43726647e-01, -2.88232155e-02, -1.38644069e-01,
       -2.96369139e-02, -4.10867743e-02, -7.89387301e-02, -1.02570899e-01,
       -8.44057277e-02,  3.65342498e-02, -9.40592214e-02, -4.25018482e-02,
       -1.10811666e-01, -9.53576043e-02, -4.84161042e-02, -8.19267556e-02,
       -8.43258947e-02, -1.02362543e-01,  5.61391152e-02, -4.63195816e-02,
        2.29585413e-02,  7.61948749e-02, -1.20997608e-01, -6.29092306e-02,
       -9.13065001e-02, -5.18690534e-02, -2.00498011e-02,  7.31056556e-02,
        3.11671640e-03, -6.97338730e-02, -9.45938751e-02,  6.45642877e-02,
       -3.09799369e-02, -5.98081276e-02,  4.67346050e-02,  1.63178787e-01,
       -8.37512761e-02,  2.70082289e-03, -3.16880755e-02, -3.64119895e-02,
       -1.21597378e-02, -1.02791458e-01, -5.99632226e-02, -1.21441022e-01,
       -7.52339363e-02, -1.06045920e-02, -6.86270359e-04, -8.03420041e-03,
        2.46702135e-02,  3.62890288e-02, -1.01290695e-01, -4.62911762e-02,
        3.07997707e-02, -9.92011204e-02,  1.68512650e-02, -3.28997187e-02,
       -2.26851087e-02,  7.05302954e-02, -9.58598852e-02, -1.01845622e-01,
       -1.12177357e-01,  1.03922836e-01,  1.50077231e-02, -5.03820069e-02,
       -5.90734109e-02, -8.55866149e-02,  3.49839404e-02, -6.20364696e-02,
       -1.32170931e-01, -7.34224729e-03, -3.69293466e-02, -5.79253174e-02,
       -1.17958628e-01,  3.46049406e-02, -6.35266826e-02, -1.21554069e-01,
       -8.57314374e-03, -5.07291742e-02, -1.62551597e-01, -6.64630011e-02,
       -1.07547723e-01, -2.88272966e-02, -3.82387638e-02, -6.04013391e-02,
       -8.69613066e-02, -1.26868099e-01, -1.56105077e-02, -2.23428383e-02,
       -1.34743461e-02, -2.55718920e-03, -2.49540638e-02, -1.74281657e-01,
       -1.11558348e-01, -6.57236502e-02,  9.24870893e-02, -1.12542816e-01,
        4.10500467e-02, -7.45944455e-02, -3.72452736e-02, -1.18082471e-01,
       -1.17035612e-01, -1.68071538e-01, -2.62200404e-02, -4.09610979e-02,
       -9.89759862e-02,  9.73882675e-02, -1.44042030e-01, -1.65767401e-01,
        9.32359195e-04, -1.36345206e-02, -6.94780797e-02, -2.17874460e-02,
       -1.48807108e-01, -1.14057466e-01,  4.79160901e-03, -5.28117344e-02,
       -1.28688604e-01, -2.59317923e-02, -5.12449443e-02, -1.46187553e-02,
       -7.00559020e-02, -2.91295517e-02, -1.11765705e-01,  4.57790727e-03,
        7.54716899e-03, -5.23995832e-02, -1.85606759e-02,  1.79838277e-02,
       -1.73658445e-01, -9.50788185e-02, -1.82781760e-02, -7.12857768e-03,
       -2.26405673e-02, -9.13002789e-02, -6.40907735e-02,  6.22788817e-02,
        1.32943746e-02, -1.48490956e-02, -1.52687570e-02, -8.94074887e-02,
       -9.39258412e-02, -5.26692830e-02, -1.01036847e-01, -5.06045902e-03,
       -1.42726168e-01, -1.70402601e-01, -1.73122019e-01, -1.09249964e-01,
       -7.25769848e-02, -1.50271589e-02, -6.80279732e-02, -4.23773751e-02,
       -9.67895240e-02, -6.57905713e-02, -1.00685619e-01, -7.63603300e-02,
        8.33086018e-03, -1.15633160e-01, -5.77223003e-02, -1.40739116e-03,
        4.71135341e-02,  5.91347441e-02, -2.88424194e-02, -8.71163085e-02,
       -3.05679310e-02, -2.65250355e-02, -6.77638501e-02, -9.35250148e-02,
       -4.77533825e-02, -1.01882830e-01, -8.12238902e-02, -1.09619521e-01,
       -3.45660076e-02, -1.03874810e-01, -6.38640672e-02, -8.46902058e-02,
       -7.78294727e-02, -4.95875813e-02, -1.26895607e-01, -2.55778227e-02,
       -4.26907353e-02,  5.68730384e-03, -5.47727607e-02, -1.34328365e-01,
       -5.20787537e-02, -4.96898405e-02, -3.49827968e-02, -1.38254926e-01,
       -1.25420824e-01, -2.75247684e-03, -1.18835583e-01, -5.13931960e-02,
        8.26979056e-03, -6.81729168e-02, -4.66426611e-02, -2.13360135e-02,
       -3.20668966e-02,  1.19492598e-02, -1.31270975e-01, -8.28971788e-02,
        2.49420870e-02,  6.32358491e-02, -1.76381528e-01, -1.47542730e-02,
       -1.19947575e-01, -1.22146914e-02, -8.66756961e-02, -9.83171258e-03,
       -1.48960017e-02, -8.66359770e-02, -1.04668669e-01, -4.58348319e-02,
       -4.29667458e-02, -1.57966092e-01, -3.69958207e-02, -4.40696254e-02,
       -1.23534352e-01, -1.54300407e-01,  7.60011226e-02,  1.24071287e-02,
        3.39194350e-02, -4.53639813e-02, -2.36307923e-03, -1.21301129e-01,
        3.33202891e-02,  5.29745072e-02, -2.59395372e-02, -1.08130723e-01,
       -1.20134220e-01, -5.51968580e-03, -2.33375430e-02, -1.33991297e-02,
       -1.39725074e-01,  1.36649944e-02,  1.42995175e-02, -1.35169551e-01,
       -3.61187197e-02, -2.36393120e-02, -1.45785481e-01, -1.61654755e-01,
       -6.66132048e-02, -5.70762567e-02, -1.26851037e-01, -1.62380084e-01,
       -3.05512315e-03, -3.29872370e-02,  2.97291786e-03, -1.55892432e-01,
       -4.07331623e-02, -1.20261125e-01, -8.29582438e-02, -1.23938814e-01,
       -4.08510938e-02,  4.32376657e-03, -1.21184826e-01, -1.59053177e-01,
       -7.70485476e-02,  6.46584257e-02, -1.03103384e-01,  1.42679252e-02,
       -9.25976690e-03, -5.95181137e-02, -1.77777529e-01, -7.47657269e-02,
       -5.90684861e-02,  9.98947322e-02, -9.94354337e-02, -6.66735023e-02,
       -2.53659729e-02, -8.08779299e-02, -1.70900092e-01, -8.77722949e-02,
       -5.14760874e-02, -5.81571274e-02,  4.86698486e-02, -6.55196756e-02,
        5.78409135e-02, -1.08908311e-01, -5.81909642e-02, -9.93977934e-02,
       -1.89138621e-01, -1.84101671e-01, -4.69010510e-02, -1.54012050e-02,
       -9.79650170e-02, -1.51868507e-01, -1.15611136e-01,  4.49441262e-02,
       -8.82977545e-02, -3.08893714e-02, -8.42102990e-03, -7.31389374e-02,
       -1.38980553e-01, -4.25635325e-03, -2.72014420e-02, -6.06609173e-02,
       -6.54667243e-02,  3.88804078e-02, -4.27697934e-02, -9.03497040e-02,
       -7.78523162e-02, -7.27642551e-02, -1.42904639e-01, -8.57313350e-02,
       -2.43967883e-02, -7.08955079e-02, -1.13984138e-01,  2.42548957e-02,
       -1.10698760e-01,  1.67994592e-02, -1.14854917e-01, -2.40983870e-02,
       -1.11455023e-01, -7.75333792e-02,  3.04547232e-03, -1.53625816e-01,
       -3.81659120e-02,  2.62196753e-02,  2.69347839e-02, -1.77317194e-03,
       -8.83002505e-02, -2.44759750e-02, -3.20565030e-02,  1.00899383e-01,
        9.04415101e-02, -7.58736357e-02,  9.70821306e-02, -6.15948141e-02,
       -1.21646099e-01, -1.09720364e-01, -1.78551152e-01,  5.94454445e-02,
       -4.15645875e-02, -1.72626957e-01,  2.86130304e-03, -6.66157678e-02,
       -3.09653804e-02, -1.03503890e-01, -1.35963380e-01, -6.19234405e-02,
       -1.03557393e-01,  1.38180489e-02, -5.25395460e-02,  5.24261296e-02,
       -1.42020192e-02, -7.95952901e-02, -1.18401498e-02, -2.36811070e-03,
       -2.58725416e-02, -4.31522802e-02, -5.18168323e-02, -2.64749443e-03,
        1.86123624e-02,  4.63731447e-03, -6.89362288e-02, -9.78639070e-03,
       -1.56433582e-01, -1.00178540e-01, -2.00654157e-02, -6.63017435e-03,
        1.20498436e-02, -9.80521217e-02, -5.39775193e-02, -1.40784457e-01,
       -3.25145684e-02, -1.23812489e-01,  5.44149391e-02, -1.13961976e-02,
       -1.44900009e-02, -8.32898170e-03,  2.22462881e-02,  4.83470876e-03,
       -8.35938454e-02,  5.22088334e-02, -6.46542683e-02, -2.31214277e-02,
       -1.11636132e-01,  1.20822992e-02,  1.02565559e-02, -1.83720350e-01,
       -1.34217843e-01, -3.65989543e-02, -1.44644111e-01, -1.09027535e-01,
       -1.38167888e-01, -4.48711663e-02, -1.59321025e-01, -1.36780635e-01,
       -1.35274157e-01, -3.10085136e-02, -1.98728126e-02, -1.37177050e-01,
        5.91021068e-02, -1.37246609e-01,  4.10373174e-02, -1.81659982e-02,
       -1.70405671e-01,  5.43384403e-02, -9.34033319e-02, -3.68363298e-02,
       -2.06508543e-02,  6.58732802e-02, -8.97595584e-02, -1.33075133e-01,
       -4.35627066e-02, -5.57318926e-02,  1.06982617e-02, -9.98389646e-02,
       -1.63844168e-01, -1.58179626e-01, -1.15384138e-03, -2.78330278e-02,
        1.74276326e-02, -6.10872991e-02, -1.24646567e-01, -2.08510105e-02,
       -1.58314113e-04, -6.33166730e-02,  2.06915028e-02, -1.55704170e-01,
       -7.85829872e-02, -1.35220170e-01, -8.98798555e-02, -6.99145943e-02,
        1.12259149e-04, -1.36709362e-01, -7.71234855e-02, -1.67962819e-01,
       -1.88228637e-02, -9.34173167e-02, -1.31174490e-01, -7.25890473e-02,
       -9.49633420e-02,  3.41604790e-03,  4.41010520e-02, -1.01906070e-02],
      dtype=float32), 'encoder.fc.2.weight': array([[-0.40197313,  0.10023488,  0.28535667, ..., -0.03859301,
        -0.3080159 ,  0.00395318],
       [ 0.04154449, -0.06417474, -0.3661974 , ..., -0.00882988,
        -0.33208615, -0.4212967 ],
       [-0.2552049 ,  0.2842998 , -0.4292621 , ...,  0.32889768,
        -0.33695865,  0.14289379],
       ...,
       [ 0.09266263, -0.44416666, -0.3532672 , ...,  0.17477308,
        -0.05244298, -0.3441186 ],
       [ 0.0442968 , -0.44345072,  0.11269103, ..., -0.20774099,
        -0.28909844, -0.20355944],
       [-0.3181124 ,  0.00294354, -0.34128353, ..., -0.02499891,
        -0.05650445, -0.03816036]], dtype=float32), 'encoder.fc.2.bias': array([ 0.35892767, -0.25583383,  0.31444103, ..., -0.08566999,
       -0.2977217 , -0.1709064 ], dtype=float32), 'encoder.fc.4.weight': array([[-0.20217662,  0.03359815, -0.03207143, ...,  0.10016707,
         0.00694494, -0.19555616],
       [ 0.16108498,  0.15595667,  0.1339331 , ..., -0.17653812,
        -0.02016655, -0.04426557],
       [-0.1760307 ,  0.06350426,  0.17870396, ..., -0.00586271,
        -0.07568147,  0.04795095],
       ...,
       [-0.1758191 , -0.07808674, -0.00659201, ..., -0.10812838,
         0.10689613,  0.22401306],
       [-0.12403691, -0.01096034,  0.17840928, ..., -0.06999043,
        -0.20247644, -0.0205165 ],
       [-0.0005906 ,  0.06326272, -0.23084167, ..., -0.1599713 ,
        -0.13682786,  0.11122875]], dtype=float32), 'encoder.fc.4.bias': array([-2.31413603e-01, -3.20469290e-02, -3.12603042e-02, -1.38139322e-01,
       -3.02328356e-03,  3.32849137e-02,  1.06349520e-01, -2.07473189e-01,
       -1.90963432e-01, -2.22770244e-01, -1.68540269e-01,  9.27841067e-02,
       -5.12403697e-02, -2.07539320e-01, -8.66900086e-02, -1.50611460e-01,
       -2.14033872e-01, -1.07457317e-01, -2.20717013e-01, -1.65548921e-01,
       -2.31655799e-02, -4.28630039e-03, -1.90186620e-01, -2.10575551e-01,
       -1.95083708e-01, -1.69886589e-01, -2.88286693e-02,  1.35624632e-01,
       -7.73425102e-02, -1.02529809e-01, -6.23997375e-02,  1.81259513e-01,
       -2.27900907e-01, -1.65911056e-02, -3.76141742e-02, -2.28346642e-02,
        1.03629127e-01,  9.09830630e-02, -1.18084148e-01, -2.09380955e-01,
       -1.60590619e-01, -1.41580641e-01,  1.40463337e-01, -2.43588492e-01,
       -3.70629057e-02, -4.61053997e-02, -7.19972774e-02,  2.89160479e-02,
       -8.37457925e-02,  1.39471069e-01,  5.11593744e-02,  3.19501422e-02,
       -1.46387026e-01,  1.35592625e-01, -1.55759200e-01, -1.00699618e-01,
        1.64366812e-02,  5.20290225e-04, -7.93379694e-02, -5.70251644e-02,
        2.78071370e-02, -1.83208957e-01,  7.30717480e-02, -6.58944994e-02,
        6.27479255e-02,  6.06510788e-02, -3.64906862e-02,  5.62511012e-02,
       -1.85779706e-01, -4.05426733e-02, -1.17148280e-01, -1.01834618e-01,
        6.81159794e-02, -7.01576844e-02,  1.35683507e-01, -2.34385692e-02,
        6.17626272e-02, -9.23600048e-02, -1.72273144e-01, -2.01878101e-01,
       -1.43110842e-01,  1.70340016e-01,  1.47549793e-01, -1.08680669e-02,
       -1.48820579e-01,  9.43741761e-03,  2.05838531e-02, -5.04567474e-02,
        1.14215098e-01, -1.27267748e-01,  1.04830496e-01, -1.76490724e-01,
       -1.10341543e-02,  1.51224107e-01, -1.04974426e-01, -2.24184290e-01,
       -1.08981378e-01,  4.78682220e-02,  6.11406490e-02, -2.09636614e-01,
       -5.94287105e-02, -8.76075029e-02, -2.33286619e-01,  6.07722960e-02,
        1.88001812e-01,  2.54020691e-02, -1.91430405e-01, -7.44401887e-02,
       -1.24750972e-01, -1.84160203e-01, -9.74727124e-02,  5.08462712e-02,
        9.44615752e-02,  1.19340584e-01,  1.06320338e-04, -1.44204244e-01,
        3.13748717e-02,  2.74277502e-03, -9.09416974e-02, -1.04945809e-01,
        9.67657845e-03,  6.05590567e-02,  1.65490825e-02,  9.55416113e-02,
        1.58233438e-02, -7.00803474e-02, -4.12578993e-02,  1.55850843e-01,
       -2.28968769e-01,  3.16280797e-02, -2.23675817e-01,  1.60119802e-01,
       -5.96029535e-02, -2.29696929e-01, -3.54907755e-03,  5.45613617e-02,
        2.49426346e-02,  9.16856676e-02, -1.17608845e-01, -1.81758761e-01,
       -1.89015791e-01,  6.32423237e-02,  1.09687775e-01,  1.50663823e-01,
       -6.64071143e-02, -4.77732271e-02, -7.19531532e-03,  1.20179705e-01,
       -1.33225575e-01, -1.76739350e-01, -7.90550560e-02, -1.54769093e-01,
       -3.70422751e-02,  6.88935444e-02,  4.18260656e-02,  1.27313972e-01,
       -1.26772821e-01, -7.46661946e-02, -1.38594776e-01, -1.70877695e-01,
        1.29471064e-01,  1.18317135e-01,  1.75917931e-02, -1.34133594e-02,
        9.87960175e-02,  2.14713141e-02, -3.00313439e-02,  2.21526563e-01,
       -2.12493986e-01, -1.79196689e-02, -1.80923313e-01,  5.11169732e-02,
       -1.53963834e-01, -2.55539596e-01,  4.90431525e-02, -8.94490033e-02,
       -1.55762643e-01, -2.01553404e-01, -1.58121288e-01,  1.26570880e-01,
       -1.47442639e-01, -1.70636058e-01,  9.20756534e-02,  1.49573088e-01,
       -2.19136775e-02,  2.54186429e-02,  1.64502233e-01,  4.74688895e-02,
       -1.17563464e-01,  1.38862178e-01,  5.98334484e-02, -1.58057660e-02,
       -9.31215752e-03, -5.12886085e-02,  1.13216285e-02, -4.54567559e-02,
       -1.86110754e-02,  8.25183280e-03, -1.96415111e-01, -4.46213782e-02,
       -2.10007817e-01, -8.91862810e-02, -1.32716477e-01, -1.24397762e-01,
       -1.43048942e-01,  1.33719757e-01,  5.59286028e-02, -1.52986690e-01,
       -5.84223457e-02, -2.29254410e-01, -9.09807980e-02, -1.48850381e-01,
       -2.32177839e-01, -1.77304879e-01,  8.64118710e-03, -5.62715083e-02,
        2.24838275e-02, -1.22451045e-01, -3.12442351e-02, -5.45918569e-03,
        9.59917828e-02,  1.57093227e-01, -2.46072054e-01,  9.11953114e-03,
        9.45292413e-02, -2.10331485e-01, -2.08275259e-01,  8.78775492e-02,
       -8.57459605e-02,  5.82146123e-02,  6.64226413e-02, -5.80884777e-02,
        1.14672221e-01, -4.67061736e-02, -2.59425286e-02,  6.20431080e-02,
        9.62742642e-02, -1.64432481e-01, -7.47653022e-02, -1.81059718e-01,
       -1.60568595e-01, -8.32096208e-03,  4.81741168e-02,  3.12787406e-02,
       -2.23553166e-01,  7.13034496e-02, -2.36704707e-01,  1.20650798e-01,
       -5.16855484e-03, -1.68311566e-01, -1.46461993e-01,  1.37985855e-01,
       -1.26558036e-01,  1.34312809e-01, -1.96683660e-01, -1.16265463e-02,
       -5.50746024e-02, -1.75393999e-01, -5.03025874e-02,  3.18380222e-02,
        1.03404194e-01,  1.16432402e-02,  8.96141678e-03, -1.28490895e-01,
        4.68128398e-02,  1.26280695e-01, -6.46049231e-02, -1.23484716e-01,
       -1.11862443e-01, -1.59733742e-01,  6.98483139e-02,  1.19849369e-01,
       -9.52267945e-02, -4.48651388e-02,  2.12080069e-02, -2.45005652e-01,
       -1.07673556e-01, -2.26416141e-01, -1.79368794e-01,  1.74738526e-01,
        1.16078258e-01, -1.14430733e-01,  3.70931178e-02,  1.44467071e-01,
        9.11982823e-03,  1.14148483e-01,  1.25231028e-01,  2.65834667e-02,
       -1.78689957e-01,  2.40742732e-02, -8.61277208e-02,  4.32672352e-02,
       -4.52368036e-02, -2.24447727e-01, -4.23174351e-03, -1.99461684e-01,
       -3.32565792e-02, -6.32846057e-02, -2.03597307e-01, -1.93594754e-01,
       -1.96989357e-01,  1.47529230e-01, -2.25764096e-01,  6.23474121e-02,
        1.53375655e-01,  6.56648874e-02, -1.97802037e-01, -1.00014031e-01,
        4.44670171e-02, -5.50461113e-02,  6.50649220e-02,  1.19942516e-01,
       -5.01674190e-02,  1.03597403e-01, -1.40699357e-01, -1.96485430e-01,
        1.22061767e-01,  2.77522542e-02, -1.59305662e-01,  1.09104505e-02,
       -7.50202909e-02, -1.18615508e-01, -2.33782411e-01, -1.30533531e-01,
       -9.35438871e-02,  1.53999075e-01,  1.20893702e-01, -6.27446547e-02,
        6.77371472e-02, -6.65444583e-02, -1.11654431e-01, -7.33729377e-02,
        1.54920921e-01,  2.12324187e-02, -6.91471547e-02, -1.11186542e-01,
        6.95717037e-02, -9.97108370e-02, -1.11996993e-01, -2.25250684e-02,
        4.61358763e-02,  8.10657144e-02, -1.54389724e-01,  7.17986077e-02,
        4.91013303e-02,  1.88005239e-01,  2.37575769e-02,  1.73786543e-02,
        2.53386255e-02,  3.38856615e-02,  5.31190597e-02, -3.54687050e-02,
       -1.68449879e-02, -2.28966568e-02, -2.30218038e-01, -1.35133982e-01,
        6.26211315e-02, -9.94646847e-02, -2.00180471e-01, -4.21661139e-02,
       -9.99550745e-02, -9.37134251e-02, -8.66974425e-03,  1.20396525e-01,
       -2.02639431e-01,  1.19719125e-01, -1.84213698e-01, -1.89584523e-01,
        7.50548616e-02, -2.28826678e-03, -7.44583383e-02,  1.85973227e-01,
       -2.83783190e-02, -1.48619962e-04,  1.13463178e-01,  3.10606579e-03,
       -1.48960352e-01, -5.25477603e-02,  7.85255805e-02, -9.28004738e-03,
        1.25679657e-01,  8.99628252e-02,  1.13215439e-01, -9.42864828e-03,
        2.79616602e-02, -2.28732705e-01, -2.22693995e-01, -1.22511901e-01,
       -1.22151554e-01, -6.56800792e-02, -7.01547563e-02, -5.72044291e-02,
       -9.71290320e-02, -4.21009734e-02,  1.11610174e-01, -1.78409532e-01,
        6.21831305e-02,  1.29268020e-01,  6.98417202e-02, -1.18442290e-02,
       -7.67249763e-02,  1.11595556e-01, -1.28335491e-01,  1.11042999e-01,
        1.10243838e-02,  2.71997470e-02,  8.35853890e-02, -1.41954735e-01,
       -2.09195971e-01,  8.03930834e-02, -2.30224267e-01,  1.31913170e-01,
        3.91013250e-02,  4.13287617e-03, -1.89434603e-01,  6.91623315e-02,
        1.06195003e-01, -6.37917072e-02, -5.36679849e-02,  2.33741738e-02,
        1.44789457e-01,  3.82138416e-02,  1.45914569e-01,  7.51962960e-02,
       -1.20651953e-01, -3.93012911e-02,  3.17530967e-02, -2.75070984e-02,
       -1.18009433e-01, -4.94000092e-02, -1.19882062e-01,  8.05799812e-02,
       -1.59722432e-01,  9.61205214e-02, -9.29840375e-03, -7.81081021e-02,
        6.52372539e-02,  4.56292257e-02, -2.15793982e-01,  3.34559567e-03,
        8.69369060e-02,  1.24134935e-01, -1.60167113e-01,  7.00537935e-02,
       -6.84845522e-02, -2.07450595e-02, -1.63464323e-01,  9.91615206e-02,
       -6.28178045e-02, -1.33037299e-01,  1.10656641e-01,  1.66093737e-01,
       -3.87625173e-02, -1.63352311e-01,  7.97443986e-02,  1.15679070e-01,
        7.96079412e-02,  1.64176837e-01, -4.64902446e-03,  1.11335412e-01,
        5.35923382e-03, -8.16127211e-02, -1.22478724e-01,  1.26875818e-01,
        8.48305132e-03, -2.45560538e-02, -2.14866161e-01,  6.49201497e-02,
        1.09865785e-01,  1.01201683e-01, -1.35738418e-01,  9.01181549e-02,
        1.06947005e-01,  1.30764127e-01,  1.34105399e-01, -7.07340837e-02,
        1.90272499e-02,  1.18827432e-01, -1.86589494e-01, -1.06282793e-01,
       -1.63588032e-01, -1.37893379e-01,  8.59148204e-02, -1.51741713e-01,
        6.64278120e-02, -4.24687527e-02,  1.04093798e-01, -3.66118997e-02,
       -6.94959983e-03, -2.07805540e-02,  1.16178095e-01,  3.79684716e-02,
       -3.66243944e-02,  1.07581809e-01,  3.21465321e-02, -2.74526849e-02,
       -5.52862808e-02,  5.46551831e-02,  1.30564809e-01,  1.91651300e-01],
      dtype=float32), 'encoder.fc.6.weight': array([[-0.12661913,  0.15650511,  0.32664964, ...,  0.101565  ,
         0.23701784, -0.2349164 ],
       [ 0.28085938, -0.29445723,  0.03158518, ...,  0.36639646,
        -0.23229688,  0.24586286],
       [-0.2746314 ,  0.3459402 ,  0.31783327, ...,  0.09717131,
        -0.11796559,  0.31598255],
       ...,
       [-0.00799445,  0.24877776,  0.0019886 , ..., -0.13954915,
        -0.01505991,  0.3439266 ],
       [-0.25754827,  0.22486073, -0.16009384, ..., -0.40388867,
         0.3224905 ,  0.1431175 ],
       [-0.4065286 ,  0.32012746, -0.05164522, ..., -0.02779341,
         0.16037044, -0.12727565]], dtype=float32), 'encoder.fc.6.bias': array([-0.02149265,  0.23598495, -0.10347398,  0.4009474 ,  0.34706473,
       -0.2512289 , -0.16105919, -0.29715693,  0.35852408,  0.06393109],
      dtype=float32), 'decoder.fc.0.weight': array([[ 0.29679772,  1.6941345 ,  0.42644587, ...,  0.69033295,
         1.7564679 , -1.7263398 ],
       [-1.7841552 ,  0.18020223, -1.9336069 , ..., -0.500399  ,
         0.8918603 , -1.11571   ],
       [ 1.9803596 ,  1.201001  ,  1.9012678 , ...,  2.8528173 ,
        -1.5663116 ,  0.77054703],
       ...,
       [-2.1223755 ,  1.6866045 , -2.568492  , ...,  1.3165805 ,
        -2.0223932 ,  2.7288835 ],
       [-2.0534153 , -2.5465603 , -0.95008594, ...,  1.1503016 ,
         1.1495858 , -2.278854  ],
       [ 0.54891807,  2.532535  ,  0.79515946, ...,  1.8586636 ,
        -1.1333064 ,  0.8285986 ]], dtype=float32), 'decoder.fc.0.bias': array([-2.12391138e+00,  1.58955956e+00,  3.32890660e-01, -2.11950779e+00,
       -2.68931770e+00, -1.71476698e+00, -2.62937695e-01, -1.59048486e+00,
        9.45129633e-01, -1.64484656e+00,  9.79832947e-01,  2.36037359e-01,
        2.69481301e+00, -2.29020953e+00,  5.92605889e-01, -2.51585245e+00,
        2.22250834e-01,  1.65028846e+00, -2.19178766e-01, -2.82826614e+00,
       -1.15621519e+00,  2.33699083e+00, -5.64603269e-01, -1.39038801e+00,
       -2.24427342e+00, -2.34397078e+00, -7.43589282e-01, -8.65799427e-01,
        2.76858377e+00, -2.49660537e-01,  1.83940852e+00,  7.75512636e-01,
        7.20511496e-01, -4.59580421e-01, -2.03996941e-01, -1.43443441e+00,
        2.06417933e-01, -1.84276259e+00, -1.07994699e+00, -4.19930398e-01,
        1.61864924e+00, -1.66440940e+00,  1.56442893e+00,  2.76407909e+00,
       -2.34646559e+00, -1.95903707e+00,  9.39849854e-01, -1.44255149e+00,
        1.81523883e+00, -2.44606495e-01,  2.52777362e+00, -1.74364257e+00,
       -1.84748685e+00,  1.16910927e-01,  2.40396953e+00,  1.93813479e+00,
        2.38491440e+00, -1.03869939e+00,  3.10667962e-01,  2.40582776e+00,
        2.75830954e-01,  1.86256611e+00,  1.63905644e+00,  1.37798205e-01,
        2.75953054e+00, -1.73193455e+00, -2.71533132e-01, -4.54159796e-01,
        1.44203174e+00,  4.44500744e-01,  2.15487257e-01, -1.10057914e+00,
       -9.15124655e-01, -7.58425891e-01,  7.55598366e-01, -6.67439163e-01,
       -8.86802316e-01,  2.52464581e+00, -1.71200526e+00, -3.59199136e-01,
       -1.19084549e+00, -2.63771820e+00,  2.11364341e+00, -1.23443112e-01,
        2.19675183e+00,  3.54745328e-01,  1.58795249e+00, -2.36401320e+00,
       -2.92407423e-01,  2.10958672e+00,  9.46954370e-01,  2.52235126e+00,
       -2.70631981e+00,  1.29883140e-01, -2.62278152e+00, -1.58876014e+00,
       -8.44927192e-01,  1.00310421e+00, -1.40232453e-02,  1.64943063e+00,
        2.75530100e+00, -9.07022119e-01, -1.49005973e+00, -9.52029943e-01,
        5.56017719e-02,  2.17006111e+00,  1.61493790e+00,  2.25994277e+00,
        9.81582940e-01,  2.12531447e+00,  3.37577522e-01,  5.95550656e-01,
        2.76981878e+00, -7.14702070e-01, -1.46853101e+00, -1.95498466e+00,
       -1.31746316e+00,  1.37341464e+00,  1.57540560e-01, -2.80443358e+00,
        5.15993178e-01, -1.76908243e+00, -2.28493309e+00, -1.21257734e+00,
       -6.88574016e-01, -1.27712160e-01,  1.83251357e+00, -2.83205599e-01,
       -1.79053760e+00,  9.91367579e-01, -9.26925242e-01, -4.95376408e-01,
        2.82128787e+00,  3.07788432e-01,  2.28357005e+00, -1.48431540e-01,
       -1.39828682e+00, -2.59226751e+00,  3.74917805e-01, -2.81171870e+00,
       -2.74676174e-01, -2.44469595e+00,  1.90433812e+00, -1.01794207e+00,
        1.56374121e+00, -1.05006254e+00,  3.44178796e-01, -2.84305122e-02,
       -1.92203534e+00,  1.97624743e+00,  1.86560106e+00,  1.28254211e+00,
       -1.26803100e+00,  5.31058788e-01,  5.61757505e-01, -1.93614769e+00,
        1.65025353e-01,  2.17720556e+00,  1.32524753e+00, -2.51180196e+00,
       -2.29944801e+00, -1.93952477e+00,  1.02868366e+00, -4.36031282e-01,
       -2.50631928e+00,  1.80285025e+00,  1.98062372e+00, -8.02668869e-01,
        2.63332152e+00,  2.25775170e+00,  2.31301403e+00, -1.71021080e+00,
        4.99764085e-01,  1.21605897e+00, -2.22492671e+00,  4.93767351e-01,
        2.24608779e+00, -2.30057073e+00, -1.42139125e+00,  2.75571275e+00,
       -1.62662768e+00, -2.06153798e+00, -1.90525675e+00, -2.76472139e+00,
       -1.33383536e+00,  9.15145755e-01,  2.13661718e+00,  1.29862404e+00,
       -1.06579638e+00, -1.61767530e+00, -5.60753882e-01,  1.49896011e-01,
       -1.40606916e+00, -2.39304352e+00,  3.44685912e-01,  2.18986702e+00,
        2.35553455e+00,  2.12010527e+00, -2.24539489e-01, -2.44756317e+00,
       -2.82003355e+00,  1.61945069e+00, -2.74003577e+00,  1.72177494e+00,
       -1.45854373e-02,  1.09429848e+00, -4.62343514e-01, -1.25692976e+00,
       -1.60866952e+00,  7.44115710e-01,  2.58242178e+00,  2.84862876e+00,
       -1.57927608e+00, -2.53748107e+00, -2.49803200e-01,  1.53052390e+00,
        9.90420282e-01,  1.48917353e+00, -1.59912753e+00, -1.11280358e+00,
        8.16982508e-01,  1.54233253e+00,  2.55657673e+00, -8.97842348e-01,
       -7.00418472e-01, -2.06917286e-01, -1.15507148e-01,  7.24800348e-01,
        1.65265632e+00, -2.59120321e+00,  1.46481283e-02, -8.47844958e-01,
       -9.43960786e-01,  1.58668950e-01,  2.67801189e+00, -2.27100444e+00,
        2.35813689e+00, -5.07281840e-01,  7.84643412e-01,  6.92292690e-01,
       -2.48805809e+00, -5.64815283e-01,  7.23996460e-01, -1.61526680e-01,
       -6.37523293e-01,  1.67984748e+00,  5.93091249e-01,  4.42323744e-01,
        9.21212375e-01, -3.20518225e-01,  5.58686078e-01, -2.68387866e+00,
       -1.89807749e+00,  1.28898740e+00, -2.79692650e-01,  4.52633500e-01,
       -1.31655276e+00,  2.05937219e+00, -2.54350352e+00, -5.96825123e-01,
       -1.27111733e-01,  1.72672462e+00, -1.24825764e+00,  2.54233122e+00,
       -8.89122367e-01, -1.87432611e+00, -1.62120235e+00,  2.33556700e+00,
        1.20271695e+00, -2.44670916e+00, -1.29158521e+00,  1.04173267e+00,
        1.59766662e+00, -1.67103124e+00, -2.87112856e+00,  1.24346924e+00,
        4.19971019e-01,  1.44325602e+00, -7.26699829e-01,  9.95609164e-01,
       -1.48117661e+00,  4.87804234e-01, -2.56810737e+00, -2.50763035e+00,
        2.17700219e+00,  3.11366856e-01, -1.65654778e+00,  7.63246059e-01,
        3.45119596e-01,  9.75287557e-01, -2.40713811e+00, -2.74426770e+00,
       -1.40286469e+00, -2.26293778e+00,  5.22734165e-01, -2.04245806e-01,
        1.82710683e+00, -6.61547244e-01, -9.67550993e-01,  3.06769740e-02,
       -2.47721815e+00,  1.77504086e+00,  7.00411618e-01, -1.03720956e-01,
        1.84462404e+00, -4.18150008e-01, -1.03806317e+00,  2.64799213e+00,
        5.66510081e-01, -2.01796436e+00,  4.54358488e-01, -1.58998740e+00,
       -1.30814505e+00,  1.33240271e+00, -2.23561692e+00, -3.67906272e-01,
        8.10584247e-01, -2.21277857e+00, -1.95914209e-01,  1.34260571e+00,
       -2.02326131e+00,  1.21921480e+00, -2.19296908e+00,  2.30114484e+00,
       -2.89538264e-01,  4.49254781e-01,  2.66517258e+00, -1.31314945e+00,
       -1.97386003e+00,  1.53464270e+00, -1.37681794e+00,  1.00604188e+00,
        1.47873104e+00, -1.52834749e+00, -6.61098838e-01, -8.85312378e-01,
        1.71610606e+00, -1.70859075e+00, -2.53420925e+00,  2.16946888e+00,
       -5.84963441e-01, -2.21801019e+00,  2.57069898e+00, -1.78815678e-01,
        6.83650553e-01,  6.02012694e-01,  6.00397825e-01, -1.20620143e+00,
       -3.91452163e-01, -2.22446060e+00, -1.08723044e+00, -2.50354290e+00,
       -8.92638564e-01,  1.02925830e-01,  1.45512700e+00, -2.07406116e+00,
        5.67934215e-02,  1.60019600e+00,  1.29180253e-01, -2.86511254e+00,
       -1.21357536e+00,  1.67125523e+00, -5.04885435e-01, -2.15420127e+00,
       -1.32848823e+00, -1.88424066e-01,  1.72759223e+00,  1.19224906e+00,
        7.12903738e-01, -2.25960803e+00, -2.89421391e+00,  2.31556773e+00,
        3.74431431e-01, -2.96175212e-01,  9.06386852e-01,  1.54858887e+00,
        1.39634609e+00, -7.94711649e-01,  6.18248396e-02, -2.12439346e+00,
       -2.61391908e-01,  2.68863559e+00, -2.17660594e+00,  1.37817359e+00,
       -2.72679377e+00,  2.18033242e+00, -2.59413576e+00, -6.14357531e-01,
       -2.03299022e+00,  2.45607448e+00, -1.20862627e+00, -1.56907713e+00,
        1.99534874e-02, -5.06382525e-01, -2.02776504e+00,  1.95689917e+00,
       -1.05408514e+00, -2.52225590e+00,  1.01796269e+00, -5.97676933e-01,
       -4.49844748e-01,  1.66122302e-01,  1.88632631e+00, -1.93972695e+00,
       -2.42471981e+00,  2.55874348e+00,  1.20913900e-01,  8.93978961e-03,
        1.32347572e+00, -2.12962246e+00,  6.33857667e-01,  2.32286620e+00,
        8.87255251e-01, -9.31916714e-01, -2.39345372e-01,  2.16953707e+00,
        1.95353210e+00,  2.11218762e+00,  1.42382145e+00,  4.54626411e-01,
       -8.99959505e-01,  1.33319423e-01,  5.55764735e-01,  2.77363628e-01,
       -8.51411939e-01,  4.32372838e-01, -2.55787760e-01,  2.50516891e-01,
        4.64162350e-01,  2.14299822e+00, -2.28140688e+00,  4.47263569e-01,
        9.03111756e-01, -1.95479846e+00,  7.13541567e-01, -1.20348108e+00,
       -8.38765740e-01, -2.40249872e+00,  1.47439110e+00, -3.40436280e-01,
       -2.14167213e+00,  9.91066813e-01, -1.64934158e-01,  2.38019085e+00,
        1.58761060e+00,  6.25194728e-01,  2.67132610e-01,  2.21979594e+00,
       -1.94986784e+00, -1.98001695e+00,  2.42449105e-01,  2.84294486e+00,
        8.45644951e-01,  1.90750086e+00, -1.31991661e+00, -1.45509839e+00,
       -1.91136527e+00, -2.11133885e+00,  6.59895763e-02,  2.25661755e+00,
        1.27281523e+00,  1.39680529e+00,  7.58901417e-01, -5.61925769e-02,
        2.34328651e+00,  1.26961803e+00, -2.11625218e-01, -2.77003949e-03,
        1.34777761e+00, -2.18005776e+00, -1.44888103e+00,  2.37391114e+00,
        2.12148309e+00, -1.73877633e+00,  2.23507667e+00,  1.91698652e-02,
        2.05715418e+00, -2.09069467e+00,  1.38185179e+00, -1.56108367e+00,
       -2.66609526e+00, -1.72375515e-01,  6.07043684e-01,  2.09823561e+00,
       -1.55399168e+00, -1.38527215e+00,  2.55971289e+00, -1.25403130e+00,
        4.12242174e-01,  7.37031460e-01,  2.67683768e+00,  4.00839001e-01,
        3.08593750e-01, -1.72484493e+00, -2.61263609e+00,  1.26031899e+00,
        2.34860992e+00,  1.21926785e+00, -1.27213967e+00,  6.40851855e-01],
      dtype=float32), 'decoder.fc.2.weight': array([[-0.2973906 , -0.2167547 ,  0.30274534, ..., -0.36370388,
         0.30779323,  0.2001889 ],
       [ 0.32539856,  0.2334055 ,  0.38529056, ...,  0.13100043,
         0.35537747, -0.26643938],
       [ 0.00501117,  0.26031172, -0.2136133 , ..., -0.1231686 ,
        -0.4216031 , -0.37048966],
       ...,
       [-0.23585957,  0.03946635, -0.54228926, ..., -0.15870865,
         0.00204495, -0.11920284],
       [ 0.25666675,  0.30190825, -0.12017127, ..., -0.25563356,
         0.20266668,  0.13984564],
       [-0.14311624,  0.25605664, -0.51102805, ..., -0.11636274,
        -0.11634306,  0.37745318]], dtype=float32), 'decoder.fc.2.bias': array([-0.06599009, -0.2209501 , -0.2567339 , ..., -0.3717407 ,
       -0.35001475,  0.2153102 ], dtype=float32), 'decoder.fc.4.weight': array([[ 0.1752926 , -0.15924777, -0.05931349, ...,  0.033621  ,
         0.10448695,  0.09400585],
       [ 0.08381654,  0.00238178,  0.0790955 , ..., -0.06374401,
        -0.15717237, -0.00550152],
       [ 0.10292663,  0.13722666, -0.13858004, ..., -0.04196703,
         0.22823106, -0.15190548],
       ...,
       [ 0.04698183, -0.21628052,  0.09842955, ...,  0.13513207,
         0.11106658, -0.09721183],
       [ 0.04044442,  0.1589205 ,  0.02614968, ..., -0.11883609,
         0.07952031,  0.19170636],
       [-0.1860087 ,  0.01866585, -0.03439784, ..., -0.09651806,
         0.10140783, -0.12536716]], dtype=float32), 'decoder.fc.4.bias': array([-0.00685195,  0.09469341,  0.00472411, -0.07282034, -0.10082944,
        0.00979181,  0.00459118,  0.13171412, -0.22173348, -0.02559593,
        0.07644024,  0.15188965, -0.11493404, -0.19095811,  0.02070686,
        0.04865278,  0.19451648, -0.0246049 , -0.00038132,  0.02272796,
       -0.20189446, -0.02726988, -0.08681564, -0.15441665,  0.05814024,
        0.05024102, -0.18047899, -0.2597733 , -0.23146154, -0.01856668,
       -0.22826387,  0.07575607,  0.02993467, -0.1497355 ,  0.13967563,
        0.14829521, -0.23400043, -0.17986542, -0.0026044 ,  0.03368444,
        0.12245592, -0.16113733, -0.00640268,  0.19998395,  0.14123024,
       -0.12960118, -0.02153549, -0.08798632,  0.04045393, -0.20962043,
        0.16147594,  0.05152015,  0.10341988,  0.19276458, -0.20214628,
       -0.09900194, -0.15564986,  0.06595261, -0.12832138,  0.13746603,
       -0.00243533, -0.0158634 , -0.05495185, -0.186795  ,  0.09927373,
       -0.12063128, -0.12234855,  0.02538869, -0.06319278, -0.15436974,
       -0.1734324 ,  0.10059643,  0.20613694,  0.10137417,  0.13753936,
       -0.0082898 ,  0.10180971, -0.16046137, -0.02963908, -0.0147708 ,
       -0.10392081, -0.03284571,  0.03529123, -0.1014996 , -0.07043986,
       -0.09986345, -0.01524925,  0.05543103, -0.01739111,  0.14048082,
        0.08320156,  0.17013633, -0.01845256, -0.11303589, -0.17348462,
        0.19333774,  0.07382338, -0.10599354, -0.23262428,  0.16485322,
       -0.02318646, -0.20164472, -0.19211774, -0.149045  ,  0.04685808,
       -0.24568062,  0.0790059 , -0.07996246, -0.12472408, -0.15583436,
       -0.16085203, -0.22606127,  0.11250103,  0.07273698, -0.0643575 ,
       -0.0044918 , -0.02162771,  0.06742191,  0.1545351 ,  0.0646347 ,
       -0.07152195,  0.09484659, -0.21724622, -0.0220661 , -0.02456194,
       -0.04489243, -0.02572587, -0.19073927,  0.05963934,  0.00293676,
        0.08865698,  0.06827849, -0.08976117,  0.01991819, -0.07814569,
        0.00241525, -0.23684728,  0.15870261,  0.08756123, -0.13549557,
       -0.06362177, -0.11191104, -0.11659006,  0.12213676, -0.21811183,
       -0.16144097, -0.11173064,  0.08033607, -0.05768257, -0.07783911,
       -0.22177395,  0.01219589, -0.23288569, -0.03668384,  0.1386546 ,
        0.07469874,  0.00969498,  0.00602148, -0.08090166,  0.07973316,
        0.03509711,  0.08790822,  0.15519962, -0.1769645 , -0.01473713,
        0.02144871, -0.05088528, -0.18909161,  0.1591263 ,  0.23138198,
       -0.2331694 , -0.13655008,  0.03233445, -0.15643708,  0.11061693,
       -0.22227411,  0.11855776,  0.12991998, -0.0809298 , -0.00898723,
        0.05988872, -0.01491087, -0.08392911, -0.10889538, -0.19306675,
       -0.06173808,  0.1264811 , -0.08744589,  0.11167143,  0.0320892 ,
       -0.15300551, -0.19045423, -0.07529029, -0.10794114, -0.06619588,
        0.0292345 ,  0.03977897, -0.02231449,  0.00101565,  0.13899544,
        0.15487151,  0.15368111,  0.05038491, -0.07865747,  0.13177541,
       -0.03446074, -0.08811923,  0.1841481 ,  0.09526622,  0.18755302,
       -0.07821278,  0.2068405 , -0.1922615 ,  0.03960719, -0.01000208,
        0.09769339, -0.1263373 , -0.0659932 , -0.1545217 ,  0.11984083,
       -0.11620405, -0.06524871,  0.19911   , -0.15859887,  0.03749732,
       -0.0242315 ,  0.12355169, -0.07940497,  0.05719201,  0.03197235,
        0.04599778, -0.08484802, -0.09740865, -0.25962383, -0.05186138,
       -0.18475859, -0.03208169,  0.12005389, -0.2185325 , -0.07822213,
        0.09588573,  0.15332565,  0.02237312,  0.14907587, -0.12741274,
        0.17492619,  0.01831066,  0.06670256,  0.11237927, -0.0819836 ,
        0.02178121,  0.01905023, -0.03986428,  0.06984939, -0.1608549 ,
       -0.16356058,  0.05356383, -0.02990291, -0.09454187,  0.17021677,
       -0.12344177,  0.18087447,  0.17852084,  0.18914247, -0.09888914,
        0.16278034, -0.07918215,  0.07510787,  0.12050268, -0.18010141,
        0.06023841,  0.03689769,  0.03535728,  0.05251433, -0.05594822,
       -0.043516  ,  0.19380626, -0.1534555 , -0.1732873 , -0.15569948,
       -0.17271659,  0.03417365, -0.17696361,  0.06848119,  0.02847247,
       -0.01587916, -0.13822879,  0.16348338, -0.15583912, -0.2063414 ,
       -0.07239556, -0.05376387,  0.0172646 , -0.08200132,  0.14993903,
        0.08316956, -0.03601036, -0.20063835,  0.1248519 , -0.0779395 ,
        0.02874296, -0.06124222, -0.17971912, -0.23285371, -0.07237573,
       -0.26510268, -0.11387762, -0.17867596,  0.13359845,  0.1518675 ,
       -0.09441175,  0.00549143,  0.00738605, -0.11684695, -0.20260948,
       -0.15353926,  0.0580597 ,  0.17178285,  0.08944208, -0.1858609 ,
        0.0565607 ,  0.10274696, -0.07945648,  0.0517279 , -0.19561026,
        0.05253351,  0.05665768, -0.01050747, -0.15481691,  0.00823506,
       -0.07937665,  0.02594469, -0.11643203, -0.22876364,  0.06718128,
        0.03117424, -0.20033318,  0.00045089, -0.04958523,  0.05551096,
        0.0790472 , -0.17375588,  0.13880187, -0.2077572 ,  0.14686781,
       -0.01870772, -0.12089643, -0.04188749,  0.08313274, -0.20284216,
       -0.2070234 ,  0.1213727 ,  0.12455942, -0.16772863,  0.14757088,
        0.12454071, -0.24025697,  0.10644069, -0.22479977, -0.17378408,
       -0.21081606,  0.08435712,  0.23013   , -0.20584573, -0.01613736,
       -0.00813583,  0.07204545,  0.18966544, -0.12512657,  0.10712566,
       -0.21191683,  0.0426336 ,  0.12797289, -0.13116518, -0.03082458,
        0.02775548,  0.05842398, -0.07352456,  0.07212751,  0.03753131,
       -0.04391927, -0.12073953, -0.01305063,  0.04657931, -0.00941546,
        0.00075463, -0.08678024, -0.12738147, -0.02684022,  0.03707201,
        0.0558454 ,  0.15318048, -0.03852027, -0.01961436, -0.03738661,
        0.05958916, -0.1977114 , -0.01620048,  0.01234559, -0.06236828,
       -0.21746951,  0.06692304, -0.10239915,  0.06817908, -0.24600983,
       -0.00137059,  0.12184943,  0.09515277, -0.0798682 ,  0.01707208,
       -0.19196048,  0.14361863, -0.15689477, -0.0797551 ,  0.15188903,
        0.03618445,  0.20830522, -0.17726691,  0.04021045, -0.06910089,
       -0.13577424, -0.22698157,  0.06775191,  0.06119788, -0.09100336,
       -0.18928641, -0.06165411, -0.02096338, -0.13761206, -0.03562136,
       -0.18085322,  0.04911683, -0.10827328,  0.16215546,  0.15825284,
        0.10766823,  0.15772621, -0.27246642, -0.11258219, -0.05876237,
        0.03245042, -0.05867699, -0.18495992,  0.13617766,  0.00485096,
        0.03916362,  0.14393169, -0.10710723, -0.09634116,  0.01173086,
       -0.1398696 , -0.21349362, -0.23828794,  0.11501426, -0.03707136,
        0.05245558,  0.01058405, -0.0196329 ,  0.03229887,  0.1310358 ,
        0.17773053,  0.0719822 ,  0.1575186 ,  0.04950134,  0.14392446,
       -0.03213679, -0.20441782, -0.2593232 ,  0.15552746,  0.11736847,
        0.142271  ,  0.15670373,  0.05219951, -0.06166459,  0.00314447,
       -0.05479153, -0.08487298,  0.0662318 , -0.21225218,  0.03553548,
       -0.13027513, -0.16422221, -0.24648394, -0.06972776, -0.07199573,
        0.20460123,  0.14906749,  0.19047567, -0.1414764 , -0.22523898,
       -0.02962809,  0.09186094, -0.09530526,  0.22057012,  0.13953   ,
       -0.1390253 ,  0.13835478, -0.24296674, -0.25181037, -0.07300037],
      dtype=float32), 'decoder.fc.6.weight': array([[-0.2063733 ,  0.20111328, -0.07295051, ...,  0.51987994,
        -0.29020393,  0.06397364],
       [ 0.24575737, -0.25962687, -0.32144225, ...,  0.31402397,
         0.08191855, -0.1507825 ],
       [ 0.02489492, -0.1568423 ,  0.33450204, ..., -0.2867715 ,
         0.27205545,  0.22630675],
       ...,
       [ 0.17099394, -0.29275498, -0.27392602, ..., -0.07007702,
         0.1355839 ,  0.22270799],
       [-0.0389793 , -0.4069546 , -0.15521939, ..., -0.00076905,
        -0.07511109, -0.01493028],
       [-0.34925076,  0.006709  ,  0.26072505, ..., -0.10498282,
         0.15346886,  0.22656818]], dtype=float32), 'decoder.fc.6.bias': array([ 0.09521966, -0.37561882,  0.2153205 , ...,  0.05328487,
       -0.29440597,  0.15494275], dtype=float32)}
[Time: 29.01.25 15:04:10] [Level: info] [State: aggregate] Updating global model...
[Time: 29.01.25 15:04:10] [Level: info] [State: aggregate] Broadcasting model...
[Time: 29.01.25 15:04:10] [Level: info] transition: compute
[Time: 29.01.25 15:04:11] [Level: info] state: compute
[Time: 29.01.25 15:04:11] [Level: info] [State: compute] ITERATION 4
[Time: 29.01.25 15:04:11] [Level: info] [State: compute] receiving weights...
[Time: 29.01.25 15:04:11] [Level: info] [State: compute] Loading global weights for model...
[Time: 29.01.25 15:04:11] [Level: info] [State: compute] Updated model with received weights.
[Time: 29.01.25 15:04:11] [Level: info] [State: compute] Loading data...
[Time: 29.01.25 15:04:11] [Level: info] [State: compute] Preparing model training...
[Time: 29.01.25 15:04:11] [Level: info] [State: compute] Training model...
127.0.0.1 - - [29/Jan/2025 15:04:12] "GET /api/status HTTP/1.0" 200 158
[CTRL] GET /data
127.0.0.1 - - [29/Jan/2025 15:04:13] "GET /api/data HTTP/1.0" 200 58363374
[Time: 29.01.25 15:04:15] [Level: info] [State: compute] Epoch 10, Loss: 5550.9775390625
[Time: 29.01.25 15:04:18] [Level: info] [State: compute] Epoch 20, Loss: 5539.34521484375
127.0.0.1 - - [29/Jan/2025 15:04:20] "GET /api/status HTTP/1.0" 200 155
127.0.0.1 - - [29/Jan/2025 15:04:22] "GET /api/status HTTP/1.0" 200 155
127.0.0.1 - - [29/Jan/2025 15:04:24] "GET /api/status HTTP/1.0" 200 155
127.0.0.1 - - [29/Jan/2025 15:04:26] "GET /api/status HTTP/1.0" 200 155
127.0.0.1 - - [29/Jan/2025 15:04:28] "GET /api/status HTTP/1.0" 200 155
127.0.0.1 - - [29/Jan/2025 15:04:30] "GET /api/status HTTP/1.0" 200 155
127.0.0.1 - - [29/Jan/2025 15:04:32] "GET /api/status HTTP/1.0" 200 155
127.0.0.1 - - [29/Jan/2025 15:04:34] "GET /api/status HTTP/1.0" 200 155
127.0.0.1 - - [29/Jan/2025 15:04:36] "GET /api/status HTTP/1.0" 200 155
[Time: 29.01.25 15:04:36] [Level: info] [State: compute] Epoch 30, Loss: 5525.38671875
127.0.0.1 - - [29/Jan/2025 15:04:38] "GET /api/status HTTP/1.0" 200 155
127.0.0.1 - - [29/Jan/2025 15:04:40] "GET /api/status HTTP/1.0" 200 155
127.0.0.1 - - [29/Jan/2025 15:04:42] "GET /api/status HTTP/1.0" 200 155
127.0.0.1 - - [29/Jan/2025 15:04:44] "GET /api/status HTTP/1.0" 200 155
127.0.0.1 - - [29/Jan/2025 15:04:46] "GET /api/status HTTP/1.0" 200 155
127.0.0.1 - - [29/Jan/2025 15:04:48] "GET /api/status HTTP/1.0" 200 155
127.0.0.1 - - [29/Jan/2025 15:04:50] "GET /api/status HTTP/1.0" 200 155
127.0.0.1 - - [29/Jan/2025 15:04:52] "GET /api/status HTTP/1.0" 200 155
[Time: 29.01.25 15:04:52] [Level: info] [State: compute] Epoch 40, Loss: 5510.4736328125
127.0.0.1 - - [29/Jan/2025 15:04:54] "GET /api/status HTTP/1.0" 200 155
127.0.0.1 - - [29/Jan/2025 15:04:56] "GET /api/status HTTP/1.0" 200 155
127.0.0.1 - - [29/Jan/2025 15:04:58] "GET /api/status HTTP/1.0" 200 155
127.0.0.1 - - [29/Jan/2025 15:05:00] "GET /api/status HTTP/1.0" 200 155
127.0.0.1 - - [29/Jan/2025 15:05:02] "GET /api/status HTTP/1.0" 200 155
127.0.0.1 - - [29/Jan/2025 15:05:04] "GET /api/status HTTP/1.0" 200 155
[Time: 29.01.25 15:05:05] [Level: info] [State: compute] Epoch 50, Loss: 5495.09814453125
127.0.0.1 - - [29/Jan/2025 15:05:06] "GET /api/status HTTP/1.0" 200 155
127.0.0.1 - - [29/Jan/2025 15:05:08] "GET /api/status HTTP/1.0" 200 155
127.0.0.1 - - [29/Jan/2025 15:05:10] "GET /api/status HTTP/1.0" 200 155
127.0.0.1 - - [29/Jan/2025 15:05:12] "GET /api/status HTTP/1.0" 200 155
127.0.0.1 - - [29/Jan/2025 15:05:14] "GET /api/status HTTP/1.0" 200 155
[Time: 29.01.25 15:05:15] [Level: info] [State: compute] Epoch 60, Loss: 5479.43115234375
127.0.0.1 - - [29/Jan/2025 15:05:16] "GET /api/status HTTP/1.0" 200 155
127.0.0.1 - - [29/Jan/2025 15:05:18] "GET /api/status HTTP/1.0" 200 155
127.0.0.1 - - [29/Jan/2025 15:05:20] "GET /api/status HTTP/1.0" 200 155
127.0.0.1 - - [29/Jan/2025 15:05:22] "GET /api/status HTTP/1.0" 200 155
127.0.0.1 - - [29/Jan/2025 15:05:24] "GET /api/status HTTP/1.0" 200 155
127.0.0.1 - - [29/Jan/2025 15:05:26] "GET /api/status HTTP/1.0" 200 155
[Time: 29.01.25 15:05:26] [Level: info] [State: compute] Epoch 70, Loss: 5463.55126953125
127.0.0.1 - - [29/Jan/2025 15:05:28] "GET /api/status HTTP/1.0" 200 155
127.0.0.1 - - [29/Jan/2025 15:05:30] "GET /api/status HTTP/1.0" 200 155
127.0.0.1 - - [29/Jan/2025 15:05:32] "GET /api/status HTTP/1.0" 200 155
127.0.0.1 - - [29/Jan/2025 15:05:34] "GET /api/status HTTP/1.0" 200 155
127.0.0.1 - - [29/Jan/2025 15:05:36] "GET /api/status HTTP/1.0" 200 155
[Time: 29.01.25 15:05:37] [Level: info] [State: compute] Epoch 80, Loss: 5447.4765625
127.0.0.1 - - [29/Jan/2025 15:05:38] "GET /api/status HTTP/1.0" 200 155
127.0.0.1 - - [29/Jan/2025 15:05:40] "GET /api/status HTTP/1.0" 200 155
127.0.0.1 - - [29/Jan/2025 15:05:42] "GET /api/status HTTP/1.0" 200 155
127.0.0.1 - - [29/Jan/2025 15:05:44] "GET /api/status HTTP/1.0" 200 155
127.0.0.1 - - [29/Jan/2025 15:05:46] "GET /api/status HTTP/1.0" 200 155
[Time: 29.01.25 15:05:48] [Level: info] [State: compute] Epoch 90, Loss: 5431.220703125
127.0.0.1 - - [29/Jan/2025 15:05:48] "GET /api/status HTTP/1.0" 200 155
127.0.0.1 - - [29/Jan/2025 15:05:50] "GET /api/status HTTP/1.0" 200 155
127.0.0.1 - - [29/Jan/2025 15:05:52] "GET /api/status HTTP/1.0" 200 155
127.0.0.1 - - [29/Jan/2025 15:05:54] "GET /api/status HTTP/1.0" 200 155
127.0.0.1 - - [29/Jan/2025 15:05:56] "GET /api/status HTTP/1.0" 200 155
127.0.0.1 - - [29/Jan/2025 15:05:58] "GET /api/status HTTP/1.0" 200 155
127.0.0.1 - - [29/Jan/2025 15:06:00] "GET /api/status HTTP/1.0" 200 155
[Time: 29.01.25 15:06:00] [Level: info] [State: compute] Epoch 100, Loss: 5414.79150390625
/usr/local/lib/python3.8/site-packages/sklearn/cluster/_kmeans.py:1416: FutureWarning: The default value of `n_init` will change from 10 to 'auto' in 1.4. Set the value of `n_init` explicitly to suppress the warning
  super()._check_params_vs_input(X, default_n_init=10)
/usr/local/lib/python3.8/site-packages/sklearn/base.py:1152: ConvergenceWarning: Number of distinct clusters (1) found smaller than n_clusters (2). Possibly due to duplicate points in X.
  return fit_method(estimator, *args, **kwargs)
[Time: 29.01.25 15:06:01] [Level: info] [State: compute] Saving model and decoder...
[Time: 29.01.25 15:06:01] [Level: info] [State: compute] Sent updated weights to coordinator.
[Time: 29.01.25 15:06:01] [Level: info] transition: aggregate
[Time: 29.01.25 15:06:02] [Level: info] state: aggregate
[Time: 29.01.25 15:06:02] [Level: info] [State: aggregate] Waitig for local models...
127.0.0.1 - - [29/Jan/2025 15:06:02] "GET /api/status HTTP/1.0" 200 157
127.0.0.1 - - [29/Jan/2025 15:06:04] "GET /api/status HTTP/1.0" 200 157
127.0.0.1 - - [29/Jan/2025 15:06:06] "GET /api/status HTTP/1.0" 200 157
127.0.0.1 - - [29/Jan/2025 15:06:08] "GET /api/status HTTP/1.0" 200 157
127.0.0.1 - - [29/Jan/2025 15:06:10] "GET /api/status HTTP/1.0" 200 157
[CTRL] POST /data
127.0.0.1 - - [29/Jan/2025 15:06:12] "POST /api/data?client=c93e49e7bf8a8b05&memo=GATHERROUND4 HTTP/1.0" 200 0
127.0.0.1 - - [29/Jan/2025 15:06:12] "GET /api/status HTTP/1.0" 200 157
[CTRL] POST /data
127.0.0.1 - - [29/Jan/2025 15:06:13] "POST /api/data?client=cb0eff23a39cbe7d&memo=GATHERROUND4 HTTP/1.0" 200 0
[Time: 29.01.25 15:06:14] [Level: info] [State: aggregate] {'encoder.fc.0.weight': array([[ 0.13445179, -0.20211034, -0.08787466, ..., -0.10187598,
        -0.15958185,  0.3036818 ],
       [ 0.00204515,  0.2616611 ,  0.11152916, ..., -0.01234183,
         0.18474774, -0.22018208],
       [-0.21938844, -0.18905234, -0.05876933, ...,  0.01975594,
        -0.03844165,  0.02696607],
       ...,
       [-0.14856695, -0.20477507,  0.06180526, ..., -0.24694693,
        -0.2536348 ,  0.11729969],
       [ 0.19188154, -0.1173664 ,  0.31297714, ...,  0.22170086,
        -0.21557921,  0.08555403],
       [ 0.06458972, -0.07706356,  0.2576147 , ..., -0.04803982,
        -0.16812885, -0.10345001]], dtype=float32), 'encoder.fc.0.bias': array([-0.15634593, -0.43361217,  0.35280007, -0.15566844, -0.06592883,
       -0.5176992 , -0.19004892, -0.2798553 ,  0.01865523, -0.44724524,
       -0.40106714, -0.03943586,  0.00070054, -0.15048537, -0.38799462,
       -0.04215049, -0.4028495 , -0.3608823 , -0.21006697, -0.3824051 ,
        0.1623882 , -0.04994851, -0.17920332,  0.14341813, -0.43829894,
       -0.22767794, -0.03599952, -0.33067814, -0.264944  , -0.06927482,
       -0.1010896 , -0.05383768, -0.20724869, -0.23774602, -0.10288496,
        0.0691098 , -0.08743149, -0.37756446, -0.07735506,  0.15003376,
       -0.39628416, -0.15900141,  0.00351694, -0.1271109 , -0.05216083,
        0.44777268, -0.49247798, -0.21278962, -0.45162475, -0.04344216,
       -0.10076082, -0.41830552, -0.05093778,  0.09985398, -0.3592521 ,
        0.05342876,  0.24017367, -0.15823804, -0.08334606, -0.05633073,
       -0.3042313 , -0.06626564, -0.08441535, -0.05597402, -0.1249808 ,
       -0.44064352, -0.07460643, -0.41387573, -0.08851575, -0.13712108,
       -0.2251256 , -0.3077123 , -0.2555929 ,  0.12302664, -0.28265008,
       -0.12980722, -0.3264031 , -0.2864347 , -0.1455603 , -0.23621106,
       -0.26737615, -0.316406  ,  0.15773152, -0.14971471,  0.0698362 ,
        0.22848728, -0.35487726, -0.18201168, -0.27145758, -0.15484263,
       -0.04996898,  0.23199487,  0.0077133 , -0.19614923, -0.2859751 ,
        0.18461427, -0.09201439, -0.16946971,  0.15078785,  0.47640273,
       -0.24446246,  0.01027345, -0.08709811, -0.10923642, -0.04527084,
       -0.3111989 , -0.17544615, -0.36473852, -0.22534192, -0.0318616 ,
        0.00077467, -0.01834541,  0.07504388,  0.1179649 , -0.30473223,
       -0.15112475,  0.09149359, -0.31172398,  0.04014104, -0.09776472,
       -0.06766917,  0.21631366, -0.29772556, -0.3049186 , -0.33645803,
        0.31096613,  0.04551381, -0.15885799, -0.17751577, -0.24787411,
        0.11761744, -0.17674758, -0.4090076 , -0.01430752, -0.11360162,
       -0.1603755 , -0.35454577,  0.10532365, -0.19172996, -0.35970187,
       -0.0253362 , -0.15433447, -0.5038556 , -0.1905656 , -0.32243058,
       -0.09569363, -0.12479384, -0.17057972, -0.26938036, -0.38498256,
       -0.04903115, -0.06744219, -0.03995691, -0.00765169, -0.07397605,
       -0.5119375 , -0.33581108, -0.19855216,  0.27679107, -0.33700296,
        0.12427167, -0.22387311, -0.11103489, -0.35388228, -0.35236806,
       -0.49458718, -0.06850462, -0.12790589, -0.2968325 ,  0.29229924,
       -0.43762964, -0.49357757,  0.01212445, -0.03777907, -0.197083  ,
       -0.08089929, -0.4339741 , -0.34231037,  0.01527933, -0.15943924,
       -0.3847198 , -0.08661013, -0.15273817, -0.04419348, -0.21495554,
       -0.08736144, -0.33519644,  0.00197055,  0.02236864, -0.166555  ,
       -0.04287222,  0.06579523, -0.51640064, -0.29573572, -0.05399495,
       -0.02781392, -0.06865782, -0.27394986, -0.19005212,  0.18065125,
        0.03907131, -0.04449275, -0.05910818, -0.25502   , -0.28189942,
       -0.16240807, -0.308298  , -0.02351711, -0.43571246, -0.5091162 ,
       -0.5200913 , -0.32452983, -0.22649987, -0.03486817, -0.21082367,
       -0.11430741, -0.29048932, -0.20000353, -0.30117452, -0.22930557,
        0.02480728, -0.33735186, -0.17330034,  0.00188022,  0.13053308,
        0.17791042, -0.09896628, -0.26133433, -0.07978073, -0.06496365,
       -0.2137207 , -0.2916556 , -0.13151841, -0.30887908, -0.24578215,
       -0.3251305 , -0.10029377, -0.2990781 , -0.20159027, -0.24449381,
       -0.22609963, -0.14551453, -0.38888925, -0.0766094 , -0.14456631,
        0.01749279, -0.17068715, -0.4062122 , -0.15623555, -0.15435563,
       -0.10350476, -0.41038176, -0.370582  , -0.01383156, -0.35623145,
       -0.16351001,  0.02366699, -0.20514144, -0.13243069, -0.06346302,
       -0.09703806,  0.0256624 , -0.38027528, -0.2486456 ,  0.06144643,
        0.19658193, -0.51818836, -0.04520923, -0.3698813 , -0.04157685,
       -0.26125297, -0.03223658, -0.05839239, -0.264013  , -0.3002873 ,
       -0.13753194, -0.13856374, -0.47813165, -0.10126598, -0.13861105,
       -0.37037712, -0.45668265,  0.22406442,  0.02969314,  0.10144207,
       -0.13598156,  0.00641481, -0.36325642,  0.11276766,  0.17066066,
       -0.08447208, -0.32171196, -0.3565737 , -0.03021826, -0.06879186,
       -0.04933091, -0.40425578,  0.04660068,  0.04014296, -0.39996216,
       -0.10822891, -0.07085954, -0.43080232, -0.4861049 , -0.19973817,
       -0.17113984, -0.3793735 , -0.48714   , -0.01206834, -0.0891071 ,
        0.00975178, -0.46015427, -0.12326953, -0.3606844 , -0.23498985,
       -0.37991244, -0.13613774, -0.00119917, -0.35137942, -0.48887813,
       -0.23275787,  0.20474693, -0.30677277,  0.04337064, -0.02058876,
       -0.18637554, -0.5341643 , -0.21393457, -0.17803365,  0.2973366 ,
       -0.2982413 , -0.18775104, -0.08511072, -0.24555609, -0.50908655,
       -0.26063573, -0.16296473, -0.17477477,  0.14570236, -0.19817378,
        0.16512144, -0.32501566, -0.16920175, -0.29377267, -0.5812973 ,
       -0.55400276, -0.14046307, -0.04715779, -0.28171724, -0.44628865,
       -0.33837566,  0.14237027, -0.27034235, -0.09261557, -0.01986835,
       -0.21960682, -0.4153872 , -0.02582871, -0.09138325, -0.18816152,
       -0.19640031,  0.1072804 , -0.12984686, -0.27516708, -0.23418239,
       -0.2120394 , -0.4322521 , -0.26996222, -0.07520447, -0.21372734,
       -0.3412487 ,  0.08689129, -0.32538986,  0.04805428, -0.34263825,
       -0.06894106, -0.3253763 , -0.23211224,  0.01467597, -0.4604506 ,
       -0.11291072,  0.0688717 ,  0.06631047, -0.00570292, -0.25790212,
       -0.07308979, -0.09605318,  0.31369314,  0.26655158, -0.22705835,
        0.29302353, -0.18478413, -0.35185   , -0.3223692 , -0.5495734 ,
        0.17694157, -0.1235605 , -0.53071404,  0.00379523, -0.19885042,
       -0.09341246, -0.32070884, -0.394894  , -0.19263624, -0.30732143,
        0.04145391, -0.160393  ,  0.16902716, -0.04295493, -0.2388638 ,
       -0.03372273, -0.01092137, -0.08517673, -0.13170126, -0.14397298,
       -0.01962117,  0.05292716,  0.02570782, -0.19524784, -0.03637594,
       -0.46396643, -0.30024424, -0.07265338, -0.01923775,  0.0331959 ,
       -0.2943409 , -0.1551761 , -0.4154099 , -0.09750773, -0.35909027,
        0.16223988, -0.03396592, -0.05531754, -0.02590819,  0.06707987,
        0.01566875, -0.246023  ,  0.15543827, -0.19224593, -0.0673092 ,
       -0.34868583,  0.02980932,  0.03033695, -0.5590212 , -0.41618773,
       -0.11098475, -0.42629284, -0.3145763 , -0.42822286, -0.12590958,
       -0.47716773, -0.41925332, -0.41187194, -0.0901775 , -0.05840645,
       -0.41204986,  0.17242846, -0.41266197,  0.11462976, -0.04382983,
       -0.52289397,  0.16331032, -0.2689929 , -0.09879136, -0.04889334,
        0.19855194, -0.2711056 , -0.40179986, -0.12440504, -0.17731169,
        0.04156748, -0.29992256, -0.491734  , -0.47459394, -0.00339915,
       -0.08372964,  0.05299669, -0.19105205, -0.3632186 , -0.05358394,
        0.0027645 , -0.20090888,  0.06265432, -0.46716365, -0.23176262,
       -0.39304122, -0.2695906 , -0.20461993, -0.00842215, -0.4095216 ,
       -0.22937685, -0.5041934 , -0.0558027 , -0.26647165, -0.3912192 ,
       -0.2265443 , -0.29457322,  0.00973099,  0.13196385, -0.02465837],
      dtype=float32), 'encoder.fc.2.weight': array([[-1.2059189 ,  0.300704  ,  0.8560691 , ..., -0.11577936,
        -0.92404747,  0.01186062],
       [ 0.12463347, -0.19252422, -1.0985923 , ..., -0.02648965,
        -0.99625844, -1.26389   ],
       [-0.7656152 ,  0.85289997, -1.287787  , ...,  0.9866942 ,
        -1.0108751 ,  0.42868263],
       ...,
       [ 0.27798742, -1.3325005 , -1.0598022 , ...,  0.5243187 ,
        -0.15732902, -1.0323567 ],
       [ 0.13288991, -1.3303516 ,  0.33807358, ..., -0.6232225 ,
        -0.86729574, -0.6106789 ],
       [-0.95433724,  0.00883062, -1.0238506 , ..., -0.07499673,
        -0.16951334, -0.11448108]], dtype=float32), 'encoder.fc.2.bias': array([ 1.0767832 , -0.7675015 ,  0.9433243 , ..., -0.25701007,
       -0.89316535, -0.51271915], dtype=float32), 'encoder.fc.4.weight': array([[-0.60652983,  0.10079446, -0.09621428, ...,  0.30050123,
         0.02083481, -0.5866685 ],
       [ 0.48325494,  0.46787   ,  0.4017993 , ..., -0.5296144 ,
        -0.06049966, -0.13279672],
       [-0.5280921 ,  0.19051279,  0.5361119 , ..., -0.01758813,
        -0.2270444 ,  0.14385286],
       ...,
       [-0.5274573 , -0.23426023, -0.01977603, ..., -0.32438517,
         0.3206884 ,  0.67203915],
       [-0.37211072, -0.03288101,  0.53522784, ..., -0.20997128,
        -0.6074293 , -0.0615495 ],
       [-0.00177103,  0.18978816, -0.692525  , ..., -0.4799139 ,
        -0.41048262,  0.33368623]], dtype=float32), 'encoder.fc.4.bias': array([-6.94240808e-01, -9.61407870e-02, -9.37809125e-02, -4.14417982e-01,
       -9.06985067e-03,  9.98547375e-02,  3.19048554e-01, -6.22419596e-01,
       -5.72890580e-01, -6.68310761e-01, -5.05620837e-01,  2.78352320e-01,
       -1.53721109e-01, -6.22617960e-01, -2.60070026e-01, -4.51834381e-01,
       -6.42101645e-01, -3.22371960e-01, -6.62151039e-01, -4.96646762e-01,
       -6.94967359e-02, -1.28589012e-02, -5.70559859e-01, -6.31726623e-01,
       -5.85250735e-01, -5.09659767e-01, -8.64860117e-02,  4.06873882e-01,
       -2.32027531e-01, -3.07589412e-01, -1.87199205e-01,  5.43778539e-01,
       -6.83702886e-01, -4.97733168e-02, -1.12842523e-01, -6.85039908e-02,
        3.10887396e-01,  2.72949189e-01, -3.54252458e-01, -6.28142834e-01,
       -4.81771857e-01, -4.24741924e-01,  4.21390414e-01, -7.30765462e-01,
       -1.11188717e-01, -1.38316199e-01, -2.15992332e-01,  8.67479667e-02,
       -2.51237392e-01,  4.18413222e-01,  1.53478116e-01,  9.58504230e-02,
       -4.39161062e-01,  4.06777859e-01, -4.67277586e-01, -3.02098870e-01,
        4.93100435e-02,  1.56087067e-03, -2.38013908e-01, -1.71075493e-01,
        8.34214091e-02, -5.49626887e-01,  2.19215244e-01, -1.97683498e-01,
        1.88243777e-01,  1.81953236e-01, -1.09472059e-01,  1.68753296e-01,
       -5.57339132e-01, -1.21628016e-01, -3.51445109e-01, -3.05503845e-01,
        2.04347938e-01, -2.10473061e-01,  4.07050520e-01, -7.03157037e-02,
        1.85287863e-01, -2.77079999e-01, -5.16819417e-01, -6.05634332e-01,
       -4.29332525e-01,  5.11020482e-01,  4.42649364e-01, -3.26042026e-02,
       -4.46461737e-01,  2.83122528e-02,  6.17515594e-02, -1.51370242e-01,
        3.42645526e-01, -3.81803244e-01,  3.14491481e-01, -5.29471874e-01,
       -3.31024639e-02,  4.53672320e-01, -3.14923286e-01, -6.72552884e-01,
       -3.26944143e-01,  1.43604666e-01,  1.83421940e-01, -6.28909826e-01,
       -1.78286135e-01, -2.62822390e-01, -6.99859858e-01,  1.82316884e-01,
        5.64005435e-01,  7.62062073e-02, -5.74291229e-01, -2.23320574e-01,
       -3.74252915e-01, -5.52480578e-01, -2.92418122e-01,  1.52538806e-01,
        2.83384740e-01,  3.58021736e-01,  3.18961014e-04, -4.32612717e-01,
        9.41246152e-02,  8.22832529e-03, -2.72825092e-01, -3.14837426e-01,
        2.90297344e-02,  1.81677163e-01,  4.96472493e-02,  2.86624849e-01,
        4.74703982e-02, -2.10241050e-01, -1.23773694e-01,  4.67552543e-01,
       -6.86906338e-01,  9.48842391e-02, -6.71027422e-01,  4.80359405e-01,
       -1.78808868e-01, -6.89090788e-01, -1.06472326e-02,  1.63684085e-01,
        7.48275667e-02,  2.75057018e-01, -3.52826536e-01, -5.45276284e-01,
       -5.67047358e-01,  1.89726979e-01,  3.29063326e-01,  4.51991469e-01,
       -1.99221343e-01, -1.43319681e-01, -2.15859450e-02,  3.60539109e-01,
       -3.99676740e-01, -5.30218065e-01, -2.37165168e-01, -4.64306504e-01,
       -1.11126825e-01,  2.06680626e-01,  1.25478193e-01,  3.81941915e-01,
       -3.80318463e-01, -2.23998576e-01, -4.15784329e-01, -5.12633085e-01,
        3.88413191e-01,  3.54951411e-01,  5.27753793e-02, -4.02400792e-02,
        2.96388060e-01,  6.44139424e-02, -9.00940299e-02,  6.64579630e-01,
       -6.37481928e-01, -5.37590086e-02, -5.42769909e-01,  1.53350919e-01,
       -4.61891145e-01, -7.66618788e-01,  1.47129461e-01, -2.68347025e-01,
       -4.67287928e-01, -6.04660213e-01, -4.74363863e-01,  3.79712641e-01,
       -4.42327917e-01, -5.11908174e-01,  2.76226968e-01,  4.48719263e-01,
       -6.57410324e-02,  7.62559325e-02,  4.93506700e-01,  1.42406672e-01,
       -3.52690399e-01,  4.16586518e-01,  1.79500341e-01, -4.74143028e-02,
       -2.79364735e-02, -1.53865829e-01,  3.39648873e-02, -1.36370271e-01,
       -5.58332279e-02,  2.47554984e-02, -5.89245319e-01, -1.33864135e-01,
       -6.30023599e-01, -2.67558843e-01, -3.98149431e-01, -3.73193294e-01,
       -4.29146826e-01,  4.01159286e-01,  1.67785808e-01, -4.58960056e-01,
       -1.75267041e-01, -6.87763214e-01, -2.72942394e-01, -4.46551144e-01,
       -6.96533501e-01, -5.31914651e-01,  2.59235613e-02, -1.68814525e-01,
        6.74514845e-02, -3.67353141e-01, -9.37327072e-02, -1.63775571e-02,
        2.87975341e-01,  4.71279174e-01, -7.38216162e-01,  2.73585934e-02,
        2.83586770e-01, -6.30994439e-01, -6.24825776e-01,  2.63632655e-01,
       -2.57237881e-01,  1.74643844e-01,  1.99267924e-01, -1.74264893e-01,
        3.44016314e-01, -1.40118942e-01, -7.78275877e-02,  1.86129332e-01,
        2.88822800e-01, -4.93297458e-01, -2.24295914e-01, -5.43179154e-01,
       -4.81705785e-01, -2.49628872e-02,  1.44522354e-01,  9.38362181e-02,
       -6.70659482e-01,  2.13910341e-01, -7.10114121e-01,  3.61952126e-01,
       -1.55056641e-02, -5.04934669e-01, -4.39385980e-01,  4.13957566e-01,
       -3.79674047e-01,  4.02938426e-01, -5.90050995e-01, -3.48796397e-02,
       -1.65223807e-01, -5.26182055e-01, -1.50907755e-01,  9.55140665e-02,
        3.10212642e-01,  3.49297225e-02,  2.68839002e-02, -3.85472685e-01,
        1.40438527e-01,  3.78842086e-01, -1.80900872e-01, -3.70454282e-01,
       -3.35587323e-01, -4.79230195e-01,  2.09544942e-01,  3.59548092e-01,
       -2.85680383e-01, -1.34595424e-01,  6.36240244e-02, -7.35016942e-01,
       -3.23020071e-01, -6.79248452e-01, -5.38106382e-01,  5.24215579e-01,
        3.48234773e-01, -3.43292207e-01,  1.11279353e-01,  4.33401227e-01,
        2.73594856e-02,  3.42445433e-01,  3.75693083e-01,  7.97502398e-02,
       -5.36069870e-01,  7.22232163e-02, -2.58383155e-01,  1.29801705e-01,
       -1.35710418e-01, -6.73343182e-01, -1.26952305e-02, -5.98385036e-01,
       -9.97697413e-02, -1.89853817e-01, -6.10791922e-01, -5.80784261e-01,
       -5.90968072e-01,  4.42587674e-01, -6.77292287e-01,  1.73217818e-01,
        4.60126966e-01,  1.96994841e-01, -5.93406081e-01, -3.00042182e-01,
        1.33401051e-01, -1.65138334e-01,  1.95194766e-01,  3.59827548e-01,
       -1.50502264e-01,  3.10792208e-01, -4.22098070e-01, -5.89456320e-01,
        3.66185308e-01,  8.32567662e-02, -4.77916986e-01,  3.27313505e-02,
       -2.25060880e-01, -3.55846524e-01, -7.01347232e-01, -3.91600609e-01,
       -2.80631661e-01,  4.61997211e-01,  3.62681091e-01, -1.88233972e-01,
        2.03211442e-01, -1.99633375e-01, -3.34963292e-01, -2.20118821e-01,
        4.64762747e-01,  6.36972561e-02, -2.07441360e-01, -3.33559632e-01,
        2.08715111e-01, -2.99132526e-01, -3.35990965e-01, -6.75752014e-02,
        1.38407633e-01,  2.43197143e-01, -4.63169694e-01,  2.15395823e-01,
        1.47303998e-01,  5.64015746e-01,  7.12727308e-02,  5.21359630e-02,
        7.60158747e-02,  1.01656988e-01,  1.59357265e-01, -1.06406115e-01,
       -5.05349636e-02, -6.86899722e-02, -6.90654099e-01, -4.05401945e-01,
        1.87863395e-01, -2.98394054e-01, -6.14366353e-01, -1.26498342e-01,
       -2.99865216e-01, -2.81140268e-01, -2.60092318e-02,  3.61189574e-01,
       -6.07918262e-01,  3.59157383e-01, -5.52641094e-01, -5.68753600e-01,
        2.25164592e-01, -6.86480012e-03, -2.23375022e-01,  5.57919681e-01,
       -8.51349533e-02, -4.45998012e-04,  3.40389550e-01,  9.31819715e-03,
       -4.46881056e-01, -1.57643288e-01,  2.35576749e-01, -2.78401412e-02,
        3.77038956e-01,  2.69888461e-01,  3.39646310e-01, -2.82859448e-02,
        8.38849843e-02, -6.86198115e-01, -6.68081999e-01, -3.67535710e-01,
       -3.66454661e-01, -1.97039515e-01, -2.10464269e-01, -1.71613291e-01,
       -2.91387081e-01, -1.26302928e-01,  3.34830582e-01, -5.35228610e-01,
        1.86548933e-01,  3.87804061e-01,  2.09525168e-01, -3.55326869e-02,
       -2.30174929e-01,  3.34786654e-01, -3.85006487e-01,  3.33128989e-01,
        3.30731496e-02,  8.15992430e-02,  2.50756174e-01, -4.25864220e-01,
       -6.27587914e-01,  2.41179258e-01, -6.90672815e-01,  3.95739496e-01,
        1.17303975e-01,  1.23986285e-02, -5.68303823e-01,  2.07486987e-01,
        3.18585008e-01, -1.91375121e-01, -1.61003947e-01,  7.01225251e-02,
        4.34368372e-01,  1.14641525e-01,  4.37743723e-01,  2.25588888e-01,
       -3.61955851e-01, -1.17903873e-01,  9.52592939e-02, -8.25212970e-02,
       -3.54028285e-01, -1.48200035e-01, -3.59646797e-01,  2.41739944e-01,
       -4.79167283e-01,  2.88361549e-01, -2.78952122e-02, -2.34324306e-01,
        1.95711762e-01,  1.36887670e-01, -6.47381961e-01,  1.00367870e-02,
        2.60810733e-01,  3.72404814e-01, -4.80501354e-01,  2.10161388e-01,
       -2.05453664e-01, -6.22351766e-02, -4.90392983e-01,  2.97484577e-01,
       -1.88453406e-01, -3.99111897e-01,  3.31969917e-01,  4.98281211e-01,
       -1.16287552e-01, -4.90056425e-01,  2.39233196e-01,  3.47037196e-01,
        2.38823831e-01,  4.92530525e-01, -1.39470734e-02,  3.34006250e-01,
        1.60777010e-02, -2.44838163e-01, -3.67436171e-01,  3.80627453e-01,
        2.54491530e-02, -7.36681595e-02, -6.44598484e-01,  1.94760442e-01,
        3.29597354e-01,  3.03605050e-01, -4.07215238e-01,  2.70354450e-01,
        3.20841014e-01,  3.92292380e-01,  4.02316213e-01, -2.12202251e-01,
        5.70817515e-02,  3.56482297e-01, -5.59768498e-01, -3.18847686e-01,
       -4.90764081e-01, -4.13680136e-01,  2.57744461e-01, -4.55225140e-01,
        1.99283436e-01, -1.27406254e-01,  3.12281400e-01, -1.09835699e-01,
       -2.08487995e-02, -6.23416603e-02,  3.48534286e-01,  1.13905415e-01,
       -1.09873183e-01,  3.22745442e-01,  9.64396000e-02, -8.23580548e-02,
       -1.65858835e-01,  1.63965553e-01,  3.91694427e-01,  5.74954093e-01],
      dtype=float32), 'encoder.fc.6.weight': array([[-0.3798574 ,  0.46951532,  0.9799489 , ...,  0.304695  ,
         0.7110535 , -0.70474863],
       [ 0.8425782 , -0.8833717 ,  0.09475555, ...,  1.0991894 ,
        -0.69689065,  0.73758787],
       [-0.82389426,  1.0378206 ,  0.9534998 , ...,  0.29151395,
        -0.3538968 ,  0.9479486 ],
       ...,
       [-0.02398336,  0.7463333 ,  0.0059658 , ..., -0.41864747,
        -0.04517974,  1.0317795 ],
       [-0.7726448 ,  0.6745822 , -0.48028153, ..., -1.211666  ,
         0.96747154,  0.42935312],
       [-1.2195858 ,  0.96038234, -0.15493564, ..., -0.08338023,
         0.48111132, -0.38182676]], dtype=float32), 'encoder.fc.6.bias': array([-0.06424068,  0.7060283 , -0.307605  ,  1.1953193 ,  1.0299659 ,
       -0.75048953, -0.4785353 , -0.882631  ,  1.0708168 ,  0.18849789],
      dtype=float32), 'decoder.fc.0.weight': array([[ 0.89476  ,  5.0956297,  1.2657154, ...,  2.057454 ,  5.281146 ,
        -5.165231 ],
       [-5.339213 ,  0.5269898, -5.7868204, ..., -1.4874829,  2.6614637,
        -3.360957 ],
       [ 5.9547625,  3.6163764,  5.690294 , ...,  8.571931 , -4.712213 ,
         2.32541  ],
       ...,
       [-6.3612967,  5.076082 , -7.714367 , ...,  3.9380815, -6.0486827,
         8.190513 ],
       [-6.172552 , -7.6511345, -2.8546462, ...,  3.4480805,  3.4469905,
        -6.8411956],
       [ 1.6330843,  7.6114116,  2.371667 , ...,  5.5621853, -3.3861518,
         2.4996176]], dtype=float32), 'decoder.fc.0.bias': array([-6.3583426 ,  4.7518625 ,  1.0122058 , -6.3668404 , -8.081306  ,
       -5.123731  , -0.79059005, -4.7685566 ,  2.8169873 , -4.9483113 ,
        2.9610107 ,  0.7123919 ,  8.084074  , -6.8620825 ,  1.7829564 ,
       -7.5475574 ,  0.6562492 ,  4.963218  , -0.6479101 , -8.484166  ,
       -3.45231   ,  7.0162287 , -1.6847243 , -4.1835537 , -6.7354527 ,
       -7.0454173 , -2.2100658 , -2.583574  ,  8.309736  , -0.73555154,
        5.542991  ,  2.3150733 ,  2.1397219 , -1.3842019 , -0.61915755,
       -4.2782907 ,  0.6274958 , -5.5163126 , -3.2201133 , -1.2475252 ,
        4.8579054 , -4.993352  ,  4.713976  ,  8.28847   , -7.025581  ,
       -5.87827   ,  2.810557  , -4.34417   ,  5.459585  , -0.72129834,
        7.586487  , -5.2259693 , -5.5287666 ,  0.37768173,  7.2085543 ,
        5.804921  ,  7.136032  , -3.1022937 ,  0.93625253,  7.2140455 ,
        0.81647503,  5.597982  ,  4.9226665 ,  0.39573357,  8.28611   ,
       -5.1949453 , -0.80945396, -1.3375182 ,  4.3486514 ,  1.3285936 ,
        0.64490485, -3.3097405 , -2.7182648 , -2.261558  ,  2.2604268 ,
       -2.0144053 , -2.6694884 ,  7.549147  , -5.1224546 , -1.0866692 ,
       -3.553485  , -7.903894  ,  6.3404303 , -0.39459684,  6.577219  ,
        1.051296  ,  4.731126  , -7.0792265 , -0.8561551 ,  6.3137045 ,
        2.8545914 ,  7.5555987 , -8.106515  ,  0.39081368, -7.8575487 ,
       -4.752533  , -2.520761  ,  3.0343914 , -0.04206956,  4.950044  ,
        8.292439  , -2.7344866 , -4.4735603 , -2.8584902 ,  0.17781754,
        6.518305  ,  4.83327   ,  6.776766  ,  2.9270387 ,  6.3766117 ,
        1.0110948 ,  1.768854  ,  8.313063  , -2.1435747 , -4.393315  ,
       -5.8511415 , -3.9258556 ,  4.134011  ,  0.47553924, -8.427087  ,
        1.5534029 , -5.3220487 , -6.8409786 , -3.625238  , -2.0610714 ,
       -0.39968878,  5.506488  , -0.8193506 , -5.370385  ,  2.9923368 ,
       -2.7795653 , -1.4726578 ,  8.462447  ,  0.9076597 ,  6.837137  ,
       -0.4489154 , -4.2076797 , -7.7628217 ,  1.1361918 , -8.412673  ,
       -0.8443705 , -7.3202953 ,  5.7185774 , -3.0675573 ,  4.666932  ,
       -3.1430898 ,  1.0254315 , -0.0673831 , -5.748374  ,  5.926913  ,
        5.583393  ,  3.8443918 , -3.7882905 ,  1.5546356 ,  1.6950369 ,
       -5.822262  ,  0.47332206,  6.528147  ,  3.9574323 , -7.5462685 ,
       -6.8772783 , -5.799198  ,  3.0685463 , -1.3029761 , -7.5279474 ,
        5.4296827 ,  5.9414606 , -2.378873  ,  7.9023714 ,  6.743374  ,
        6.948338  , -5.1439056 ,  1.502731  ,  3.6172621 , -6.667163  ,
        1.4812998 ,  6.7493277 , -6.9177065 , -4.2765665 ,  8.251474  ,
       -4.8854704 , -6.1708517 , -5.7129917 , -8.280609  , -4.0081806 ,
        2.7227602 ,  6.418076  ,  3.8963008 , -3.2236748 , -4.83611   ,
       -1.6930153 ,  0.43006366, -4.233639  , -7.1675596 ,  1.0329633 ,
        6.5482044 ,  7.052775  ,  6.3361096 , -0.6877953 , -7.3288774 ,
       -8.473881  ,  4.844755  , -8.207406  ,  5.1515026 , -0.02902164,
        3.3058906 , -1.384345  , -3.781085  , -4.8031654 ,  2.215056  ,
        7.7742305 ,  8.546086  , -4.7482023 , -7.6066847 , -0.7574785 ,
        4.5907354 ,  2.979498  ,  4.4535055 , -4.8106556 , -3.3372345 ,
        2.4352944 ,  4.621424  ,  7.6563315 , -2.6876445 , -2.1100068 ,
       -0.608238  , -0.3410227 ,  2.2016058 ,  4.9353657 , -7.761621  ,
        0.0310541 , -2.5320554 , -2.847241  ,  0.48756883,  8.035129  ,
       -6.7858953 ,  7.0965757 , -1.5169144 ,  2.33395   ,  2.0772295 ,
       -7.454296  , -1.6939216 ,  2.1646612 , -0.47783482, -1.8970059 ,
        5.0117292 ,  1.7989706 ,  1.3140132 ,  2.7457392 , -0.96155393,
        1.6724372 , -8.038537  , -5.709239  ,  3.853144  , -0.8490127 ,
        1.3447465 , -3.9360332 ,  6.1887007 , -7.616687  , -1.804279  ,
       -0.37800193,  5.16495   , -3.7577503 ,  7.623677  , -2.6791492 ,
       -5.636552  , -4.8561125 ,  7.0068164 ,  3.5905657 , -7.3269405 ,
       -3.872871  ,  3.1177278 ,  4.780322  , -4.982609  , -8.588333  ,
        3.7315764 ,  1.2418749 ,  4.329692  , -2.1913786 ,  3.0068617 ,
       -4.442682  ,  1.4640429 , -7.6841383 , -7.513093  ,  6.509803  ,
        0.93471485, -4.9523077 ,  2.286271  ,  1.0228479 ,  2.906928  ,
       -7.2034616 , -8.230487  , -4.2177753 , -6.7750645 ,  1.5866284 ,
       -0.62856215,  5.494993  , -1.9708214 , -2.9006338 ,  0.07086336,
       -7.4178357 ,  5.3171525 ,  2.0999026 , -0.32695973,  5.5072556 ,
       -1.2630389 , -3.1278133 ,  7.9322634 ,  1.6904072 , -6.040121  ,
        1.35177   , -4.7721877 , -3.9133773 ,  3.986182  , -6.6909666 ,
       -1.0929077 ,  2.4242907 , -6.630207  , -0.5758996 ,  4.0275793 ,
       -6.069784  ,  3.6714673 , -6.5653267 ,  6.8952026 , -0.86675465,
        1.3508459 ,  8.000193  , -3.9532514 , -5.922393  ,  4.5866146 ,
       -4.108483  ,  3.0079045 ,  4.44206   , -4.5712943 , -1.9770249 ,
       -2.6696358 ,  5.1594486 , -5.134988  , -7.592518  ,  6.5008574 ,
       -1.7439247 , -6.6721563 ,  7.7065    , -0.53884465,  2.0729127 ,
        1.8167906 ,  1.8094586 , -3.6157727 , -1.1687218 , -6.686967  ,
       -3.2634227 , -7.50161   , -2.6701674 ,  0.31800237,  4.3600254 ,
       -6.208416  ,  0.17533971,  4.791514  ,  0.36541706, -8.581528  ,
       -3.6348774 ,  5.0181646 , -1.5046608 , -6.460333  , -3.9651637 ,
       -0.5846496 ,  5.174286  ,  3.6062238 ,  2.126808  , -6.7824135 ,
       -8.668867  ,  6.9254313 ,  1.1296539 , -0.881124  ,  2.7046552 ,
        4.645971  ,  4.198415  , -2.3703861 ,  0.17166322, -6.3731804 ,
       -0.78784597,  8.07741   , -6.5430613 ,  4.1200533 , -8.181257  ,
        6.541521  , -7.7650757 , -1.8358281 , -6.092988  ,  7.385972  ,
       -3.6386101 , -4.7136183 ,  0.05986226, -1.5175636 , -6.0694838 ,
        5.8819275 , -3.145906  , -7.5663447 ,  3.0601084 , -1.779424  ,
       -1.363359  ,  0.5164217 ,  5.6486125 , -5.828539  , -7.2603736 ,
        7.6841145 ,  0.34552565,  0.00943754,  3.9962234 , -6.3762274 ,
        1.8828812 ,  6.9538937 ,  2.6480463 , -2.8095536 , -0.74529177,
        6.4882216 ,  5.849357  ,  6.3228846 ,  4.2710886 ,  1.3832778 ,
       -2.6945882 ,  0.40241736,  1.6651585 ,  0.80849564, -2.5629425 ,
        1.2678306 , -0.77522063,  0.7449392 ,  1.4016653 ,  6.414497  ,
       -6.836957  ,  1.3281288 ,  2.7166998 , -5.852846  ,  2.1234806 ,
       -3.6312027 , -2.5025191 , -7.1994443 ,  4.4096704 , -1.0293856 ,
       -6.4137487 ,  2.9829874 , -0.5058595 ,  7.1082726 ,  4.7751975 ,
        1.8868356 ,  0.78423107,  6.6548557 , -5.8408833 , -5.926466  ,
        0.7344977 ,  8.569619  ,  2.517822  ,  5.7256937 , -3.956728  ,
       -4.3516064 , -5.7105904 , -6.334195  ,  0.19591378,  6.777504  ,
        3.8232946 ,  4.19454   ,  2.256472  , -0.16859296,  7.016527  ,
        3.7970536 , -0.62105167, -0.03621634,  4.0466127 , -6.5229692 ,
       -4.349672  ,  7.09441   ,  6.379263  , -5.229856  ,  6.685322  ,
        0.0377199 ,  6.157884  , -6.260522  ,  4.1498556 , -4.672595  ,
       -7.9863906 , -0.53032744,  1.8189406 ,  6.3024316 , -4.6622047 ,
       -4.14238   ,  7.6615634 , -3.7491808 ,  1.218569  ,  2.1892493 ,
        8.028666  ,  1.224303  ,  0.9356034 , -5.1767097 , -7.851645  ,
        3.7754822 ,  7.0538754 ,  3.6375668 , -3.8114443 ,  1.9363288 ],
      dtype=float32), 'decoder.fc.2.weight': array([[-0.89217186, -0.6502646 ,  0.90823615, ..., -1.0913274 ,
         0.9047245 ,  0.6005664 ],
       [ 0.9761951 ,  0.70021635,  1.1558726 , ...,  0.39300337,
         1.0661325 , -0.7993168 ],
       [ 0.00670997,  0.7809342 , -0.65450954, ..., -0.3775555 ,
        -1.264808  , -1.1223897 ],
       ...,
       [-0.7075778 ,  0.11839749, -1.6268678 , ..., -0.476125  ,
         0.00613651, -0.35760903],
       [ 0.75787026,  0.8912626 , -0.37410048, ..., -0.77944064,
         0.6218043 ,  0.40600556],
       [-0.4430224 ,  0.7681693 , -1.5469006 , ..., -0.36190194,
        -0.3490282 ,  1.1188998 ]], dtype=float32), 'decoder.fc.2.bias': array([-0.19848454, -0.66284955, -0.7750238 , ..., -1.1152205 ,
       -1.0590143 ,  0.63484126], dtype=float32), 'decoder.fc.4.weight': array([[ 0.5258778 , -0.47774333, -0.17794047, ...,  0.10086299,
         0.31346086,  0.28201756],
       [ 0.25144964,  0.00714535,  0.2372864 , ..., -0.19123203,
        -0.4715171 , -0.01650468],
       [ 0.3087799 ,  0.41167998, -0.41574126, ..., -0.12590109,
         0.68469226, -0.45571655],
       ...,
       [ 0.14094508, -0.64884156,  0.29528862, ...,  0.40539622,
         0.33319974, -0.29163548],
       [ 0.12133326,  0.47676077,  0.07845026, ..., -0.35650742,
         0.23856181,  0.5751203 ],
       [-0.55802613,  0.05599754, -0.10319352, ..., -0.28955418,
         0.30422348, -0.3761015 ]], dtype=float32), 'decoder.fc.4.bias': array([-0.02055584,  0.28408024,  0.01417228, -0.22973262, -0.30248725,
        0.02937508,  0.01377388,  0.39514607, -0.6652005 , -0.07678778,
        0.2293207 ,  0.45566908, -0.34480214, -0.5728743 ,  0.06212072,
        0.14595816,  0.58469087, -0.07381421, -0.00114395,  0.0681831 ,
       -0.60568404, -0.08180987, -0.2604469 , -0.46324995,  0.17442116,
        0.15072249, -0.54143655, -0.77931917, -0.69438463, -0.0556993 ,
       -0.68479234,  0.22726819,  0.08980402, -0.44920647,  0.41902685,
        0.44565445, -0.7020013 , -0.53959674, -0.00781318,  0.10105316,
        0.36736697, -0.48341197, -0.0192072 ,  0.59995186,  0.42369103,
       -0.38880354, -0.06460544, -0.26395896,  0.10763031, -0.62886083,
        0.4844278 ,  0.15456057,  0.31025964,  0.5782938 , -0.6064299 ,
       -0.297005  , -0.46694893,  0.19785982, -0.3849649 ,  0.4123981 ,
       -0.00730592, -0.04759035, -0.16485554, -0.5603868 ,  0.29782206,
       -0.36189318, -0.36704597,  0.07156254, -0.18957835, -0.4631085 ,
       -0.5202861 ,  0.30178928,  0.6177882 ,  0.30412292,  0.41261807,
       -0.02486856,  0.2916083 , -0.4813841 , -0.08891726, -0.04431241,
       -0.31176224, -0.09853724,  0.1058737 , -0.30450177, -0.21132907,
       -0.29959008, -0.04574775,  0.15246509, -0.05217332,  0.42144245,
        0.24960598,  0.510409  , -0.05535777, -0.33910674, -0.52045375,
        0.58001333,  0.22146954, -0.31798062, -0.6978728 ,  0.49455965,
       -0.06955963, -0.60493416, -0.5763532 , -0.44713295,  0.14057994,
       -0.73704064,  0.23701772, -0.23988736, -0.37417203, -0.46750307,
       -0.4825549 , -0.6781838 ,  0.33717853,  0.21821094, -0.1930725 ,
       -0.01347539, -0.06488322,  0.18970707,  0.463607  ,  0.19390462,
       -0.2145656 ,  0.28453976, -0.65173924, -0.0661983 , -0.07368539,
       -0.13467696, -0.07717758, -0.5722178 ,  0.1789177 ,  0.00881022,
        0.26597136,  0.20483387, -0.26928425,  0.05975519, -0.23443708,
        0.00724576, -0.705724  ,  0.47610784,  0.27219674, -0.4064854 ,
       -0.19086532, -0.33573496, -0.3497702 ,  0.36641034, -0.6543355 ,
       -0.4843229 , -0.33519337,  0.24100807, -0.17304769, -0.23351732,
       -0.6653223 ,  0.03658769, -0.69865704, -0.11005151,  0.41596472,
        0.22409621,  0.02908494,  0.01806454, -0.24270383,  0.23919958,
        0.10528953,  0.26372468,  0.46559885, -0.5308935 , -0.04421138,
        0.06434611, -0.15265718, -0.5811616 ,  0.4773786 ,  0.6941495 ,
       -0.6995078 , -0.40964955,  0.09700231, -0.483137  ,  0.3180373 ,
       -0.6668223 ,  0.3556737 ,  0.38975993, -0.24278964, -0.02696314,
        0.17966655, -0.04473331, -0.2517873 , -0.32668605, -0.57920015,
       -0.19872037,  0.37944448, -0.26233768,  0.33501428,  0.09626781,
       -0.4590168 , -0.5713627 , -0.22587088, -0.32382342, -0.19858803,
        0.08770133,  0.1193369 , -0.06694439,  0.00304696,  0.41698632,
        0.46461457,  0.46104342,  0.15115474, -0.2359727 ,  0.39532623,
       -0.10338221, -0.2643565 ,  0.55244434,  0.2857989 ,  0.56266   ,
       -0.23463747,  0.62052006, -0.57678413,  0.11882157, -0.03000581,
        0.27925724, -0.37901044, -0.19798042, -0.4635651 ,  0.3595225 ,
       -0.34861213, -0.19574621,  0.583539  , -0.47579658,  0.11249196,
       -0.07269346,  0.36131227, -0.23820685,  0.17157646,  0.09591852,
        0.13799396, -0.25454405, -0.29222596, -0.7788716 , -0.15558288,
       -0.5542758 , -0.09624506,  0.3601614 , -0.6555977 , -0.24848966,
        0.2876572 ,  0.4599758 ,  0.05329388,  0.4472276 , -0.3822382 ,
        0.5236982 ,  0.05493198,  0.20010154,  0.33891898, -0.24650036,
        0.06534421,  0.05715071, -0.11959329,  0.20954816, -0.48256153,
       -0.4906813 ,  0.16069166, -0.08971075, -0.28362483,  0.5106507 ,
       -0.37032533,  0.5426234 ,  0.5355629 ,  0.5540757 , -0.29666632,
        0.48834103, -0.23754644,  0.2253232 ,  0.36150804, -0.54030424,
        0.1672007 ,  0.11069307,  0.10607211,  0.15754378, -0.16784535,
       -0.13054797,  0.58141875, -0.4603665 , -0.51986194, -0.4670984 ,
       -0.51814973,  0.10252094, -0.5308908 ,  0.20544358,  0.08541742,
       -0.0476362 , -0.41468638,  0.49045014, -0.46751735, -0.6190242 ,
       -0.21718183, -0.16129139,  0.0517938 , -0.24600396,  0.4498171 ,
        0.24950753, -0.10803004, -0.60191506,  0.3745554 , -0.23381813,
        0.08622888, -0.18372667, -0.5391586 , -0.69856113, -0.217128  ,
       -0.7953083 , -0.34163228, -0.5360279 ,  0.40079534,  0.45560217,
       -0.28323472,  0.01647428,  0.02215814, -0.3505407 , -0.60782844,
       -0.46061802,  0.1741791 ,  0.51534855,  0.26832765, -0.55758214,
        0.16968209,  0.3082407 , -0.23836944,  0.15545295, -0.58683074,
        0.14387168,  0.16997677, -0.03152239, -0.4644513 ,  0.02470519,
       -0.23813026,  0.06400771, -0.34929627, -0.6862909 ,  0.20115311,
        0.09352272, -0.60099953,  0.00135265, -0.14875568,  0.16653287,
        0.23714161, -0.52126795,  0.41640604, -0.6232716 ,  0.44060338,
       -0.05612256, -0.3626893 , -0.1256629 ,  0.23609214, -0.60852665,
       -0.6210702 ,  0.3641181 ,  0.37367743, -0.5031855 ,  0.44271395,
        0.3736217 , -0.7207709 ,  0.31945407, -0.6743993 , -0.5213524 ,
       -0.6324482 ,  0.25307387,  0.68710816, -0.6175367 , -0.04841166,
       -0.02440849,  0.21613681,  0.56899667, -0.3753797 ,  0.321377  ,
       -0.63575053,  0.12790102,  0.38391912, -0.39349553, -0.09247392,
        0.08326963,  0.17527194, -0.2205737 ,  0.21638252,  0.11271086,
       -0.13175786, -0.3622186 , -0.03915188,  0.13973919, -0.0282466 ,
        0.00226438, -0.2603407 , -0.38214353, -0.0805193 ,  0.11121603,
        0.16753528,  0.4595415 , -0.1155608 , -0.05884308, -0.11215982,
        0.17876749, -0.5931314 , -0.04860204,  0.03703678, -0.20093025,
       -0.65240854,  0.20076913, -0.3071955 ,  0.20453864, -0.7380295 ,
       -0.00411119,  0.3655483 ,  0.28545836, -0.2396039 ,  0.05121631,
       -0.5758809 ,  0.43085587, -0.47068432, -0.23926534,  0.45566708,
        0.10855377,  0.6249198 , -0.53180075,  0.12063105, -0.20730233,
       -0.40732265, -0.6809443 ,  0.20325564,  0.18359493, -0.27301133,
       -0.5678588 , -0.18496233, -0.06289015, -0.4128362 , -0.10686378,
       -0.5425596 ,  0.14735262, -0.32481986,  0.48646748,  0.4747591 ,
        0.32300603,  0.47317916, -0.8173983 , -0.33774656, -0.17628701,
        0.09735125, -0.17603058, -0.5548798 ,  0.40853232,  0.01455264,
        0.11749086,  0.43179476, -0.3213216 , -0.28902316,  0.03519282,
       -0.4178425 , -0.64048076, -0.71486443,  0.34504187, -0.11121394,
        0.15736672,  0.03175214, -0.05889748,  0.09689687,  0.3931074 ,
        0.5331918 ,  0.21594658,  0.4725555 ,  0.14850402,  0.43177336,
       -0.09641038, -0.6132535 , -0.77796924,  0.46658206,  0.35210627,
        0.426813  ,  0.47011107,  0.15659928, -0.18499422,  0.00943342,
       -0.16437459, -0.25461867,  0.19869544, -0.63675654,  0.10660791,
       -0.39082432, -0.49266616, -0.7394514 , -0.20918359, -0.21598679,
        0.61380696,  0.44720426,  0.5576856 , -0.42442724, -0.67571765,
       -0.08888428,  0.2755835 , -0.28591576,  0.661708  ,  0.41858995,
       -0.4170759 ,  0.41506433, -0.7289002 , -0.75542974, -0.21900111],
      dtype=float32), 'decoder.fc.6.weight': array([[-0.6191199 ,  0.60333985, -0.21885169, ...,  1.5596393 ,
        -0.8706138 ,  0.1919193 ],
       [ 0.73727214, -0.7788806 , -0.96432674, ...,  0.94207186,
         0.245756  , -0.4523475 ],
       [ 0.07468477, -0.47052687,  1.0035062 , ..., -0.8603133 ,
         0.8161666 ,  0.67892027],
       ...,
       [ 0.51298183, -0.8782649 , -0.82177806, ..., -0.21023107,
         0.40675208,  0.6681232 ],
       [-0.1169379 , -1.2208638 , -0.4656582 , ..., -0.00230726,
        -0.22533156, -0.04479082],
       [-1.0477523 ,  0.02012701,  0.7821752 , ..., -0.31494847,
         0.4604063 ,  0.6797038 ]], dtype=float32), 'decoder.fc.6.bias': array([ 0.2969032 , -1.0912118 ,  0.6086066 , ...,  0.16116336,
       -0.8732178 ,  0.49241513], dtype=float32)}
[Time: 29.01.25 15:06:14] [Level: info] [State: aggregate] {'encoder.fc.0.weight': array([[ 0.1344522 , -0.2021106 , -0.08787466, ..., -0.10187627,
        -0.15958227,  0.303682  ],
       [ 0.00204527,  0.2616611 ,  0.11152916, ..., -0.01234184,
         0.18474746, -0.22018206],
       [-0.21938844, -0.18905234, -0.05876933, ...,  0.01975589,
        -0.03844164,  0.02696608],
       ...,
       [-0.14856708, -0.20477507,  0.06180524, ..., -0.24694708,
        -0.2536348 ,  0.11729977],
       [ 0.19188154, -0.1173664 ,  0.31297714, ...,  0.22170086,
        -0.21557921,  0.08555403],
       [ 0.06458945, -0.07706353,  0.2576147 , ..., -0.04803982,
        -0.16812845, -0.10345015]], dtype=float32), 'encoder.fc.0.bias': array([-0.15634558, -0.43361217,  0.35280007, -0.15566844, -0.06592883,
       -0.5176992 , -0.19004892, -0.2798553 ,  0.01865531, -0.44724494,
       -0.40106738, -0.03943574,  0.00070067, -0.15048556, -0.3879944 ,
       -0.04215092, -0.40284932, -0.36088237, -0.21006662, -0.38240498,
        0.1623882 , -0.0499485 , -0.17920332,  0.1434181 , -0.43829894,
       -0.22767794, -0.03599963, -0.33067793, -0.264944  , -0.06927482,
       -0.1010895 , -0.05383768, -0.20724869, -0.23774642, -0.10288496,
        0.0691098 , -0.08743149, -0.37756443, -0.07735506,  0.15003407,
       -0.39628416, -0.15900141,  0.00351694, -0.12711118, -0.05216072,
        0.44777268, -0.49247798, -0.21278962, -0.45162475, -0.04344174,
       -0.10076082, -0.41830552, -0.05093778,  0.09985408, -0.3592518 ,
        0.05342872,  0.24017358, -0.15823774, -0.08334606, -0.05633073,
       -0.30423093, -0.06626551, -0.08441547, -0.05597383, -0.12498084,
       -0.4406433 , -0.07460678, -0.41387573, -0.08851575, -0.13712068,
       -0.22512594, -0.3077123 , -0.2555929 ,  0.12302624, -0.28265008,
       -0.12980722, -0.32640323, -0.2864347 , -0.1455603 , -0.23621136,
       -0.26737583, -0.3164058 ,  0.15773183, -0.14971441,  0.0698362 ,
        0.22848728, -0.35487744, -0.18201187, -0.27145758, -0.15484263,
       -0.04996931,  0.23199451,  0.00771341, -0.19614962, -0.2859751 ,
        0.18461454, -0.09201439, -0.16947003,  0.15078755,  0.47640306,
       -0.24446262,  0.01027345, -0.08709836, -0.10923642, -0.04527054,
       -0.3111989 , -0.17544627, -0.36473852, -0.22534192, -0.0318616 ,
        0.00077453, -0.01834559,  0.07504388,  0.11796462, -0.30473223,
       -0.15112434,  0.09149359, -0.31172365,  0.04014137, -0.09776473,
       -0.06766926,  0.21631351, -0.2977253 , -0.3049186 , -0.33645803,
        0.31096613,  0.04551381, -0.15885778, -0.17751577, -0.24787435,
        0.11761703, -0.17674784, -0.4090073 , -0.01430778, -0.11360156,
       -0.16037591, -0.35454577,  0.1053236 , -0.19172996, -0.3597019 ,
       -0.0253362 , -0.15433447, -0.50385535, -0.19056587, -0.32243058,
       -0.09569337, -0.12479365, -0.17058006, -0.26938018, -0.38498256,
       -0.04903108, -0.06744219, -0.03995691, -0.00765169, -0.07397611,
       -0.5119376 , -0.33581108, -0.19855216,  0.27679107, -0.33700296,
        0.12427167, -0.22387311, -0.11103494, -0.35388228, -0.35236806,
       -0.49458742, -0.06850494, -0.12790577, -0.2968325 ,  0.29229924,
       -0.43762958, -0.49357757,  0.01212415, -0.03777914, -0.19708334,
       -0.08089887, -0.4339744 , -0.34231037,  0.01527931, -0.15943924,
       -0.3847198 , -0.08660986, -0.15273817, -0.04419348, -0.21495542,
       -0.08736144, -0.33519644,  0.00197094,  0.02236864, -0.16655472,
       -0.04287263,  0.06579491, -0.51640064, -0.29573548, -0.05399495,
       -0.02781374, -0.06865782, -0.27394986, -0.19005212,  0.1806514 ,
        0.03907131, -0.04449275, -0.05910775, -0.25502032, -0.28189942,
       -0.16240796, -0.30829793, -0.02351684, -0.43571234, -0.5091162 ,
       -0.5200913 , -0.32452983, -0.22649963, -0.03486849, -0.2108235 ,
       -0.11430781, -0.29048932, -0.20000347, -0.30117452, -0.22930557,
        0.02480728, -0.3373521 , -0.17330034,  0.00188001,  0.1305334 ,
        0.17791042, -0.0989659 , -0.26133433, -0.0797811 , -0.06496406,
       -0.21372041, -0.29165533, -0.13151875, -0.30887908, -0.24578215,
       -0.3251305 , -0.10029385, -0.2990784 , -0.20158999, -0.24449408,
       -0.22609979, -0.14551465, -0.38888925, -0.0766094 , -0.14456591,
        0.01749279, -0.170687  , -0.4062122 , -0.15623555, -0.15435556,
       -0.10350479, -0.4103819 , -0.3705821 , -0.01383138, -0.35623145,
       -0.16350977,  0.02366699, -0.20514144, -0.13243088, -0.06346302,
       -0.09703806,  0.02566271, -0.3802756 , -0.2486456 ,  0.06144684,
        0.19658175, -0.5181885 , -0.04520923, -0.36988106, -0.04157669,
       -0.26125297, -0.03223649, -0.05839195, -0.264013  , -0.30028763,
       -0.13753194, -0.1385634 , -0.47813165, -0.1012663 , -0.1386109 ,
       -0.37037712, -0.45668286,  0.22406451,  0.0296934 ,  0.10144207,
       -0.13598156,  0.00641436, -0.36325642,  0.11276728,  0.17066032,
       -0.0844719 , -0.32171196, -0.3565737 , -0.03021781, -0.06879187,
       -0.04933063, -0.4042561 ,  0.04660051,  0.04014304, -0.39996225,
       -0.10822891, -0.07085954, -0.43080243, -0.4861049 , -0.19973817,
       -0.17113984, -0.3793735 , -0.48714   , -0.01206824, -0.08910738,
        0.00975176, -0.4601544 , -0.12326953, -0.3606844 , -0.23499021,
       -0.37991214, -0.13613734, -0.00119896, -0.3513797 , -0.48887786,
       -0.23275787,  0.20474663, -0.30677277,  0.04337064, -0.02058899,
       -0.18637532, -0.5341643 , -0.21393485, -0.17803365,  0.2973367 ,
       -0.2982413 , -0.1877514 , -0.08511046, -0.24555607, -0.50908655,
       -0.26063573, -0.16296448, -0.17477477,  0.14570236, -0.19817378,
        0.16512166, -0.32501566, -0.16920194, -0.29377267, -0.58129704,
       -0.55400276, -0.14046307, -0.04715778, -0.28171754, -0.44628888,
       -0.33837584,  0.14236999, -0.2703423 , -0.09261557, -0.01986852,
       -0.21960682, -0.4153872 , -0.02582834, -0.09138323, -0.18816137,
       -0.19640031,  0.10728073, -0.12984686, -0.27516708, -0.23418239,
       -0.21203953, -0.4322521 , -0.26996192, -0.07520442, -0.21372734,
       -0.3412487 ,  0.08689085, -0.3253901 ,  0.04805434, -0.34263825,
       -0.06894115, -0.3253765 , -0.23211224,  0.01467579, -0.4604506 ,
       -0.11291075,  0.068872  ,  0.0663109 , -0.00570285, -0.25790232,
       -0.07308979, -0.09605318,  0.3136928 ,  0.2665516 , -0.22705835,
        0.29302353, -0.18478413, -0.35185033, -0.32236922, -0.54957324,
        0.17694157, -0.1235605 , -0.53071386,  0.00379539, -0.19885042,
       -0.09341246, -0.32070863, -0.39489436, -0.19263607, -0.30732143,
        0.04145391, -0.16039297,  0.1690268 , -0.04295493, -0.2388638 ,
       -0.03372273, -0.01092125, -0.08517651, -0.13170126, -0.14397328,
       -0.01962077,  0.05292723,  0.02570743, -0.1952482 , -0.03637571,
       -0.46396643, -0.30024424, -0.072653  , -0.01923775,  0.0331959 ,
       -0.2943409 , -0.15517625, -0.41541004, -0.09750773, -0.3590906 ,
        0.16223988, -0.03396592, -0.05531716, -0.02590816,  0.06707987,
        0.01566872, -0.24602312,  0.15543827, -0.19224593, -0.0673092 ,
       -0.34868553,  0.02980954,  0.03033696, -0.5590212 , -0.4161874 ,
       -0.11098473, -0.42629313, -0.31457663, -0.42822254, -0.12590982,
       -0.47716773, -0.4192531 , -0.41187185, -0.0901775 , -0.05840647,
       -0.41204986,  0.17242858, -0.41266197,  0.11463001, -0.04383022,
       -0.5228938 ,  0.16331032, -0.26899317, -0.09879172, -0.04889376,
        0.19855194, -0.2711056 , -0.40179986, -0.12440528, -0.1773114 ,
        0.04156717, -0.29992256, -0.491734  , -0.47459394, -0.00339915,
       -0.08372964,  0.05299669, -0.19105186, -0.36321884, -0.05358423,
        0.00276439, -0.20090857,  0.06265432, -0.46716365, -0.23176269,
       -0.39304155, -0.2695906 , -0.20462005, -0.00842187, -0.4095216 ,
       -0.22937685, -0.5041934 , -0.0558027 , -0.26647198, -0.3912192 ,
       -0.22654411, -0.29457298,  0.00973101,  0.13196385, -0.02465853],
      dtype=float32), 'encoder.fc.2.weight': array([[-1.2059189 ,  0.300704  ,  0.8560691 , ..., -0.11577936,
        -0.92404747,  0.01186062],
       [ 0.12463347, -0.19252422, -1.0985923 , ..., -0.02648965,
        -0.99625844, -1.26389   ],
       [-0.7656152 ,  0.85289997, -1.287787  , ...,  0.9866942 ,
        -1.0108751 ,  0.42868263],
       ...,
       [ 0.27798742, -1.3325005 , -1.0598022 , ...,  0.5243187 ,
        -0.15732902, -1.0323567 ],
       [ 0.13288991, -1.3303516 ,  0.33807358, ..., -0.6232225 ,
        -0.86729574, -0.6106789 ],
       [-0.95433724,  0.00883062, -1.0238506 , ..., -0.07499673,
        -0.16951334, -0.11448108]], dtype=float32), 'encoder.fc.2.bias': array([ 1.0767832 , -0.7675015 ,  0.9433243 , ..., -0.25701007,
       -0.89316535, -0.51271915], dtype=float32), 'encoder.fc.4.weight': array([[-0.60652983,  0.10079446, -0.09621428, ...,  0.30050123,
         0.02083481, -0.5866685 ],
       [ 0.48325494,  0.46787   ,  0.4017993 , ..., -0.5296144 ,
        -0.06049966, -0.13279672],
       [-0.5280921 ,  0.19051279,  0.5361119 , ..., -0.01758813,
        -0.2270444 ,  0.14385286],
       ...,
       [-0.5274573 , -0.23426023, -0.01977603, ..., -0.32438517,
         0.3206884 ,  0.67203915],
       [-0.37211072, -0.03288101,  0.53522784, ..., -0.20997128,
        -0.6074293 , -0.0615495 ],
       [-0.00177103,  0.18978816, -0.692525  , ..., -0.4799139 ,
        -0.41048262,  0.33368623]], dtype=float32), 'encoder.fc.4.bias': array([-6.94240808e-01, -9.61407870e-02, -9.37809125e-02, -4.14417982e-01,
       -9.06985067e-03,  9.98547375e-02,  3.19048554e-01, -6.22419596e-01,
       -5.72890580e-01, -6.68310761e-01, -5.05620837e-01,  2.78352320e-01,
       -1.53721109e-01, -6.22617960e-01, -2.60070026e-01, -4.51834381e-01,
       -6.42101645e-01, -3.22371960e-01, -6.62151039e-01, -4.96646762e-01,
       -6.94967359e-02, -1.28589012e-02, -5.70559859e-01, -6.31726623e-01,
       -5.85250735e-01, -5.09659767e-01, -8.64860117e-02,  4.06873882e-01,
       -2.32027531e-01, -3.07589412e-01, -1.87199205e-01,  5.43778539e-01,
       -6.83702886e-01, -4.97733168e-02, -1.12842523e-01, -6.85039908e-02,
        3.10887396e-01,  2.72949189e-01, -3.54252458e-01, -6.28142834e-01,
       -4.81771857e-01, -4.24741924e-01,  4.21390414e-01, -7.30765462e-01,
       -1.11188717e-01, -1.38316199e-01, -2.15992332e-01,  8.67479667e-02,
       -2.51237392e-01,  4.18413222e-01,  1.53478116e-01,  9.58504230e-02,
       -4.39161062e-01,  4.06777859e-01, -4.67277586e-01, -3.02098870e-01,
        4.93100435e-02,  1.56087067e-03, -2.38013908e-01, -1.71075493e-01,
        8.34214091e-02, -5.49626887e-01,  2.19215244e-01, -1.97683498e-01,
        1.88243777e-01,  1.81953236e-01, -1.09472059e-01,  1.68753296e-01,
       -5.57339132e-01, -1.21628016e-01, -3.51445109e-01, -3.05503845e-01,
        2.04347938e-01, -2.10473061e-01,  4.07050520e-01, -7.03157037e-02,
        1.85287863e-01, -2.77079999e-01, -5.16819417e-01, -6.05634332e-01,
       -4.29332525e-01,  5.11020482e-01,  4.42649364e-01, -3.26042026e-02,
       -4.46461737e-01,  2.83122528e-02,  6.17515594e-02, -1.51370242e-01,
        3.42645526e-01, -3.81803244e-01,  3.14491481e-01, -5.29471874e-01,
       -3.31024639e-02,  4.53672320e-01, -3.14923286e-01, -6.72552884e-01,
       -3.26944143e-01,  1.43604666e-01,  1.83421940e-01, -6.28909826e-01,
       -1.78286135e-01, -2.62822390e-01, -6.99859858e-01,  1.82316884e-01,
        5.64005435e-01,  7.62062073e-02, -5.74291229e-01, -2.23320574e-01,
       -3.74252915e-01, -5.52480578e-01, -2.92418122e-01,  1.52538806e-01,
        2.83384740e-01,  3.58021736e-01,  3.18961014e-04, -4.32612717e-01,
        9.41246152e-02,  8.22832529e-03, -2.72825092e-01, -3.14837426e-01,
        2.90297344e-02,  1.81677163e-01,  4.96472493e-02,  2.86624849e-01,
        4.74703982e-02, -2.10241050e-01, -1.23773694e-01,  4.67552543e-01,
       -6.86906338e-01,  9.48842391e-02, -6.71027422e-01,  4.80359405e-01,
       -1.78808868e-01, -6.89090788e-01, -1.06472326e-02,  1.63684085e-01,
        7.48275667e-02,  2.75057018e-01, -3.52826536e-01, -5.45276284e-01,
       -5.67047358e-01,  1.89726979e-01,  3.29063326e-01,  4.51991469e-01,
       -1.99221343e-01, -1.43319681e-01, -2.15859450e-02,  3.60539109e-01,
       -3.99676740e-01, -5.30218065e-01, -2.37165168e-01, -4.64306504e-01,
       -1.11126825e-01,  2.06680626e-01,  1.25478193e-01,  3.81941915e-01,
       -3.80318463e-01, -2.23998576e-01, -4.15784329e-01, -5.12633085e-01,
        3.88413191e-01,  3.54951411e-01,  5.27753793e-02, -4.02400792e-02,
        2.96388060e-01,  6.44139424e-02, -9.00940299e-02,  6.64579630e-01,
       -6.37481928e-01, -5.37590086e-02, -5.42769909e-01,  1.53350919e-01,
       -4.61891145e-01, -7.66618788e-01,  1.47129461e-01, -2.68347025e-01,
       -4.67287928e-01, -6.04660213e-01, -4.74363863e-01,  3.79712641e-01,
       -4.42327917e-01, -5.11908174e-01,  2.76226968e-01,  4.48719263e-01,
       -6.57410324e-02,  7.62559325e-02,  4.93506700e-01,  1.42406672e-01,
       -3.52690399e-01,  4.16586518e-01,  1.79500341e-01, -4.74143028e-02,
       -2.79364735e-02, -1.53865829e-01,  3.39648873e-02, -1.36370271e-01,
       -5.58332279e-02,  2.47554984e-02, -5.89245319e-01, -1.33864135e-01,
       -6.30023599e-01, -2.67558843e-01, -3.98149431e-01, -3.73193294e-01,
       -4.29146826e-01,  4.01159286e-01,  1.67785808e-01, -4.58960056e-01,
       -1.75267041e-01, -6.87763214e-01, -2.72942394e-01, -4.46551144e-01,
       -6.96533501e-01, -5.31914651e-01,  2.59235613e-02, -1.68814525e-01,
        6.74514845e-02, -3.67353141e-01, -9.37327072e-02, -1.63775571e-02,
        2.87975341e-01,  4.71279174e-01, -7.38216162e-01,  2.73585934e-02,
        2.83586770e-01, -6.30994439e-01, -6.24825776e-01,  2.63632655e-01,
       -2.57237881e-01,  1.74643844e-01,  1.99267924e-01, -1.74264893e-01,
        3.44016314e-01, -1.40118942e-01, -7.78275877e-02,  1.86129332e-01,
        2.88822800e-01, -4.93297458e-01, -2.24295914e-01, -5.43179154e-01,
       -4.81705785e-01, -2.49628872e-02,  1.44522354e-01,  9.38362181e-02,
       -6.70659482e-01,  2.13910341e-01, -7.10114121e-01,  3.61952126e-01,
       -1.55056641e-02, -5.04934669e-01, -4.39385980e-01,  4.13957566e-01,
       -3.79674047e-01,  4.02938426e-01, -5.90050995e-01, -3.48796397e-02,
       -1.65223807e-01, -5.26182055e-01, -1.50907755e-01,  9.55140665e-02,
        3.10212642e-01,  3.49297225e-02,  2.68839002e-02, -3.85472685e-01,
        1.40438527e-01,  3.78842086e-01, -1.80901274e-01, -3.70454282e-01,
       -3.35587323e-01, -4.79230195e-01,  2.09544942e-01,  3.59548092e-01,
       -2.85680383e-01, -1.34595424e-01,  6.36240244e-02, -7.35016942e-01,
       -3.23020071e-01, -6.79248452e-01, -5.38106382e-01,  5.24215579e-01,
        3.48234773e-01, -3.43292207e-01,  1.11279353e-01,  4.33401227e-01,
        2.73594856e-02,  3.42445433e-01,  3.75693083e-01,  7.97502398e-02,
       -5.36069870e-01,  7.22232163e-02, -2.58383155e-01,  1.29801705e-01,
       -1.35710418e-01, -6.73343182e-01, -1.26952305e-02, -5.98385036e-01,
       -9.97697413e-02, -1.89853817e-01, -6.10791922e-01, -5.80784261e-01,
       -5.90968072e-01,  4.42587674e-01, -6.77292287e-01,  1.73218220e-01,
        4.60126966e-01,  1.96994841e-01, -5.93406081e-01, -3.00042182e-01,
        1.33401051e-01, -1.65138334e-01,  1.95194766e-01,  3.59827548e-01,
       -1.50502264e-01,  3.10792208e-01, -4.22098070e-01, -5.89456320e-01,
        3.66185308e-01,  8.32567662e-02, -4.77916986e-01,  3.27313505e-02,
       -2.25060880e-01, -3.55846524e-01, -7.01347232e-01, -3.91600609e-01,
       -2.80631661e-01,  4.61997211e-01,  3.62681091e-01, -1.88233972e-01,
        2.03211442e-01, -1.99633375e-01, -3.34963292e-01, -2.20118821e-01,
        4.64762747e-01,  6.36972561e-02, -2.07441360e-01, -3.33559632e-01,
        2.08715111e-01, -2.99132526e-01, -3.35990965e-01, -6.75752014e-02,
        1.38407633e-01,  2.43197143e-01, -4.63169694e-01,  2.15395823e-01,
        1.47303998e-01,  5.64015746e-01,  7.12727308e-02,  5.21359630e-02,
        7.60158747e-02,  1.01656988e-01,  1.59357265e-01, -1.06406115e-01,
       -5.05349636e-02, -6.86899722e-02, -6.90654099e-01, -4.05401945e-01,
        1.87863395e-01, -2.98394054e-01, -6.14366114e-01, -1.26498342e-01,
       -2.99865216e-01, -2.81140268e-01, -2.60092318e-02,  3.61189574e-01,
       -6.07918262e-01,  3.59157383e-01, -5.52641094e-01, -5.68753600e-01,
        2.25164592e-01, -6.86480012e-03, -2.23375022e-01,  5.57919681e-01,
       -8.51349533e-02, -4.45998012e-04,  3.40389550e-01,  9.31819715e-03,
       -4.46881056e-01, -1.57643288e-01,  2.35576749e-01, -2.78401412e-02,
        3.77038956e-01,  2.69888461e-01,  3.39646310e-01, -2.82859448e-02,
        8.38849843e-02, -6.86198115e-01, -6.68081999e-01, -3.67535710e-01,
       -3.66454661e-01, -1.97039515e-01, -2.10464269e-01, -1.71613291e-01,
       -2.91387081e-01, -1.26302928e-01,  3.34830582e-01, -5.35228610e-01,
        1.86548933e-01,  3.87804061e-01,  2.09525168e-01, -3.55326869e-02,
       -2.30174929e-01,  3.34786654e-01, -3.85006487e-01,  3.33128989e-01,
        3.30731496e-02,  8.15992430e-02,  2.50756174e-01, -4.25864220e-01,
       -6.27587914e-01,  2.41179258e-01, -6.90672815e-01,  3.95739496e-01,
        1.17303975e-01,  1.23986285e-02, -5.68303823e-01,  2.07486987e-01,
        3.18585008e-01, -1.91375121e-01, -1.61003947e-01,  7.01225251e-02,
        4.34368372e-01,  1.14641525e-01,  4.37743723e-01,  2.25588888e-01,
       -3.61955851e-01, -1.17903873e-01,  9.52592939e-02, -8.25212970e-02,
       -3.54028285e-01, -1.48200035e-01, -3.59646797e-01,  2.41739944e-01,
       -4.79167283e-01,  2.88361549e-01, -2.78952122e-02, -2.34324306e-01,
        1.95711762e-01,  1.36887670e-01, -6.47381961e-01,  1.00367870e-02,
        2.60810733e-01,  3.72404814e-01, -4.80501354e-01,  2.10161388e-01,
       -2.05453664e-01, -6.22351766e-02, -4.90392983e-01,  2.97484577e-01,
       -1.88453406e-01, -3.99111897e-01,  3.31969917e-01,  4.98281211e-01,
       -1.16287552e-01, -4.90056425e-01,  2.39233196e-01,  3.47037196e-01,
        2.38823831e-01,  4.92530525e-01, -1.39470734e-02,  3.34006250e-01,
        1.60777010e-02, -2.44838163e-01, -3.67436171e-01,  3.80627453e-01,
        2.54491530e-02, -7.36681595e-02, -6.44598484e-01,  1.94760442e-01,
        3.29597354e-01,  3.03605050e-01, -4.07215238e-01,  2.70354450e-01,
        3.20841014e-01,  3.92292380e-01,  4.02316213e-01, -2.12202251e-01,
        5.70817515e-02,  3.56482297e-01, -5.59768498e-01, -3.18847686e-01,
       -4.90764081e-01, -4.13680136e-01,  2.57744461e-01, -4.55225140e-01,
        1.99283436e-01, -1.27406254e-01,  3.12281400e-01, -1.09835699e-01,
       -2.08487995e-02, -6.23416603e-02,  3.48534286e-01,  1.13905415e-01,
       -1.09873183e-01,  3.22745442e-01,  9.64396000e-02, -8.23580548e-02,
       -1.65858835e-01,  1.63965553e-01,  3.91694427e-01,  5.74954093e-01],
      dtype=float32), 'encoder.fc.6.weight': array([[-0.3798574 ,  0.46951532,  0.9799489 , ...,  0.304695  ,
         0.7110535 , -0.70474863],
       [ 0.8425782 , -0.8833717 ,  0.09475555, ...,  1.0991894 ,
        -0.69689065,  0.73758787],
       [-0.82389426,  1.0378206 ,  0.9534998 , ...,  0.29151395,
        -0.3538968 ,  0.9479486 ],
       ...,
       [-0.02398336,  0.7463333 ,  0.0059658 , ..., -0.41864747,
        -0.04517974,  1.0317795 ],
       [-0.7726448 ,  0.6745822 , -0.48028153, ..., -1.211666  ,
         0.96747154,  0.42935312],
       [-1.2195858 ,  0.96038234, -0.15493564, ..., -0.08338023,
         0.48111132, -0.38182676]], dtype=float32), 'encoder.fc.6.bias': array([-0.06432881,  0.70674807, -0.30674455,  1.2001336 ,  1.0397094 ,
       -0.75246227, -0.47913143, -0.88498753,  1.0729668 ,  0.18987343],
      dtype=float32), 'decoder.fc.0.weight': array([[ 0.89476   ,  5.0956297 ,  1.2657154 , ...,  2.057454  ,
         5.281146  , -5.165231  ],
       [-5.339213  ,  0.52699006, -5.7868204 , ..., -1.4874829 ,
         2.6614637 , -3.360957  ],
       [ 5.9547625 ,  3.6163764 ,  5.690294  , ...,  8.571931  ,
        -4.712213  ,  2.32541   ],
       ...,
       [-6.3612967 ,  5.076082  , -7.714367  , ...,  3.9380815 ,
        -6.0486827 ,  8.190513  ],
       [-6.172552  , -7.6511345 , -2.8546462 , ...,  3.4480805 ,
         3.4469905 , -6.8411956 ],
       [ 1.6330843 ,  7.6114116 ,  2.371667  , ...,  5.5621853 ,
        -3.3861518 ,  2.4996176 ]], dtype=float32), 'decoder.fc.0.bias': array([-6.3583426 ,  4.7518625 ,  1.0122058 , -6.3668404 , -8.081306  ,
       -5.123731  , -0.79059005, -4.7685566 ,  2.8169873 , -4.9483113 ,
        2.9610107 ,  0.7123919 ,  8.084074  , -6.8620825 ,  1.7829564 ,
       -7.5475574 ,  0.6562493 ,  4.963218  , -0.6479101 , -8.484166  ,
       -3.45231   ,  7.0162287 , -1.6847243 , -4.1835537 , -6.7354527 ,
       -7.0454173 , -2.2100658 , -2.583574  ,  8.309736  , -0.7355518 ,
        5.542991  ,  2.3150733 ,  2.1397219 , -1.3842019 , -0.61915755,
       -4.2782907 ,  0.6274957 , -5.5163126 , -3.2201133 , -1.2475252 ,
        4.8579054 , -4.993352  ,  4.713976  ,  8.28847   , -7.025581  ,
       -5.87827   ,  2.810557  , -4.34417   ,  5.459585  , -0.7212984 ,
        7.586487  , -5.2259693 , -5.5287666 ,  0.3776812 ,  7.2085543 ,
        5.804921  ,  7.136032  , -3.1022937 ,  0.93625236,  7.2140455 ,
        0.8164753 ,  5.597982  ,  4.9226665 ,  0.3957339 ,  8.28611   ,
       -5.1949453 , -0.80945396, -1.3375182 ,  4.3486514 ,  1.3285936 ,
        0.6449046 , -3.3097405 , -2.7182648 , -2.261558  ,  2.2604268 ,
       -2.0144053 , -2.6694884 ,  7.549147  , -5.1224546 , -1.0866692 ,
       -3.553485  , -7.903894  ,  6.3404303 , -0.39459625,  6.577219  ,
        1.051296  ,  4.731126  , -7.0792265 , -0.8561553 ,  6.3137045 ,
        2.8545914 ,  7.5555987 , -8.106515  ,  0.39081368, -7.8575487 ,
       -4.752533  , -2.520761  ,  3.0343914 , -0.04206956,  4.950044  ,
        8.292439  , -2.7344866 , -4.4735603 , -2.8584902 ,  0.17781723,
        6.518305  ,  4.83327   ,  6.776766  ,  2.9270387 ,  6.3766117 ,
        1.0110948 ,  1.768854  ,  8.313063  , -2.1435747 , -4.393315  ,
       -5.8511415 , -3.9258556 ,  4.134011  ,  0.47553924, -8.427087  ,
        1.5534029 , -5.3220487 , -6.8409786 , -3.625238  , -2.0610714 ,
       -0.39968845,  5.506488  , -0.8193509 , -5.370385  ,  2.9923368 ,
       -2.7795653 , -1.4726578 ,  8.462447  ,  0.90765995,  6.837137  ,
       -0.44891533, -4.2076797 , -7.7628217 ,  1.1361918 , -8.412673  ,
       -0.84437025, -7.3202953 ,  5.7185774 , -3.0675573 ,  4.666932  ,
       -3.1430898 ,  1.0254315 , -0.06738361, -5.748374  ,  5.926913  ,
        5.583393  ,  3.8443918 , -3.7882905 ,  1.5546356 ,  1.6950369 ,
       -5.822262  ,  0.47332245,  6.528147  ,  3.9574323 , -7.5462685 ,
       -6.8772783 , -5.799198  ,  3.0685463 , -1.3029761 , -7.5279474 ,
        5.4296827 ,  5.9414606 , -2.378873  ,  7.9023714 ,  6.743374  ,
        6.948338  , -5.1439056 ,  1.502731  ,  3.6172621 , -6.667163  ,
        1.4812998 ,  6.7493277 , -6.9177065 , -4.2765665 ,  8.251474  ,
       -4.8854704 , -6.1708517 , -5.7129917 , -8.280609  , -4.0081806 ,
        2.7227602 ,  6.418076  ,  3.8963008 , -3.2236748 , -4.83611   ,
       -1.6930153 ,  0.43006396, -4.233639  , -7.1675596 ,  1.0329633 ,
        6.5482044 ,  7.052775  ,  6.3361096 , -0.68779504, -7.3288774 ,
       -8.473881  ,  4.844755  , -8.207406  ,  5.1515026 , -0.02902211,
        3.3058906 , -1.384345  , -3.781085  , -4.8031654 ,  2.215056  ,
        7.7742305 ,  8.546086  , -4.7482023 , -7.6066847 , -0.75747824,
        4.5907354 ,  2.979498  ,  4.4535055 , -4.8106556 , -3.3372345 ,
        2.4352944 ,  4.621424  ,  7.6563315 , -2.6876445 , -2.1100068 ,
       -0.60823816, -0.34102282,  2.2016058 ,  4.9353657 , -7.761621  ,
        0.03105455, -2.5320554 , -2.847241  ,  0.4875685 ,  8.035129  ,
       -6.7858953 ,  7.0965757 , -1.5169144 ,  2.33395   ,  2.0772295 ,
       -7.454296  , -1.6939216 ,  2.1646612 , -0.47783503, -1.8970059 ,
        5.0117292 ,  1.7989706 ,  1.3140132 ,  2.7457392 , -0.96155393,
        1.6724372 , -8.038537  , -5.709239  ,  3.853144  , -0.84901243,
        1.3447465 , -3.9360332 ,  6.1887007 , -7.616687  , -1.804279  ,
       -0.37800214,  5.16495   , -3.7577503 ,  7.623677  , -2.6791492 ,
       -5.636552  , -4.8561125 ,  7.0068164 ,  3.5905657 , -7.3269405 ,
       -3.872871  ,  3.1177278 ,  4.780322  , -4.982609  , -8.588333  ,
        3.7315764 ,  1.2418749 ,  4.329692  , -2.1913786 ,  3.0068617 ,
       -4.442682  ,  1.4640429 , -7.6841383 , -7.513093  ,  6.509803  ,
        0.93471485, -4.9523077 ,  2.286271  ,  1.0228479 ,  2.906928  ,
       -7.2034616 , -8.230487  , -4.2177753 , -6.7750645 ,  1.5866284 ,
       -0.62856203,  5.494993  , -1.9708214 , -2.9006338 ,  0.07086395,
       -7.4178357 ,  5.3171525 ,  2.0999026 , -0.3269595 ,  5.5072556 ,
       -1.2630389 , -3.1278133 ,  7.9322634 ,  1.6904072 , -6.040121  ,
        1.35177   , -4.7721877 , -3.9133773 ,  3.986182  , -6.6909666 ,
       -1.0929077 ,  2.4242907 , -6.630207  , -0.5758997 ,  4.0275793 ,
       -6.069784  ,  3.6714673 , -6.5653267 ,  6.8952026 , -0.86675465,
        1.3508459 ,  8.000193  , -3.9532514 , -5.922393  ,  4.5866146 ,
       -4.108483  ,  3.0079045 ,  4.44206   , -4.5712943 , -1.9770249 ,
       -2.6696358 ,  5.1594486 , -5.134988  , -7.592518  ,  6.5008574 ,
       -1.7439247 , -6.6721563 ,  7.7065    , -0.5388444 ,  2.0729127 ,
        1.8167906 ,  1.8094586 , -3.6157727 , -1.1687218 , -6.686967  ,
       -3.2634227 , -7.50161   , -2.6701674 ,  0.31800222,  4.3600254 ,
       -6.208416  ,  0.1753395 ,  4.791514  ,  0.36541742, -8.581528  ,
       -3.6348774 ,  5.0181646 , -1.5046608 , -6.460333  , -3.9651637 ,
       -0.5846494 ,  5.174286  ,  3.6062238 ,  2.126808  , -6.7824135 ,
       -8.668867  ,  6.9254313 ,  1.1296539 , -0.88112426,  2.7046552 ,
        4.645971  ,  4.198415  , -2.3703861 ,  0.17166363, -6.3731804 ,
       -0.78784597,  8.07741   , -6.5430613 ,  4.1200533 , -8.181257  ,
        6.541521  , -7.7650757 , -1.8358281 , -6.092988  ,  7.385972  ,
       -3.6386101 , -4.7136183 ,  0.05986226, -1.5175636 , -6.0694838 ,
        5.8819275 , -3.145906  , -7.5663447 ,  3.0601084 , -1.779424  ,
       -1.363359  ,  0.51642144,  5.6486125 , -5.828539  , -7.2603736 ,
        7.6841145 ,  0.34552595,  0.00943807,  3.9962234 , -6.3762274 ,
        1.8828812 ,  6.9538937 ,  2.6480463 , -2.8095536 , -0.74529135,
        6.4882216 ,  5.849357  ,  6.3228846 ,  4.2710886 ,  1.3832778 ,
       -2.6945882 ,  0.4024174 ,  1.6651585 ,  0.8084959 , -2.5629425 ,
        1.2678306 , -0.7752204 ,  0.7449392 ,  1.4016653 ,  6.414497  ,
       -6.836957  ,  1.3281288 ,  2.7166998 , -5.852846  ,  2.1234806 ,
       -3.6312027 , -2.5025191 , -7.1994443 ,  4.4096704 , -1.0293856 ,
       -6.4137487 ,  2.9829874 , -0.50585926,  7.1082726 ,  4.7751975 ,
        1.8868356 ,  0.7842313 ,  6.6548557 , -5.8408833 , -5.926466  ,
        0.73449767,  8.569619  ,  2.517822  ,  5.7256937 , -3.956728  ,
       -4.3516064 , -5.7105904 , -6.334195  ,  0.19591388,  6.777504  ,
        3.8232946 ,  4.19454   ,  2.256472  , -0.16859296,  7.016527  ,
        3.7970536 , -0.6210519 , -0.03621561,  4.0466127 , -6.5229692 ,
       -4.349672  ,  7.09441   ,  6.379263  , -5.229856  ,  6.685322  ,
        0.03772048,  6.157884  , -6.260522  ,  4.1498556 , -4.672595  ,
       -7.9863906 , -0.5303272 ,  1.8189406 ,  6.3024316 , -4.6622047 ,
       -4.14238   ,  7.6615634 , -3.7491808 ,  1.218569  ,  2.1892493 ,
        8.028666  ,  1.224303  ,  0.9356033 , -5.1767097 , -7.851645  ,
        3.7754822 ,  7.0538754 ,  3.6375668 , -3.8114443 ,  1.9363288 ],
      dtype=float32), 'decoder.fc.2.weight': array([[-0.89217186, -0.6502646 ,  0.90823615, ..., -1.0913274 ,
         0.9047245 ,  0.6005664 ],
       [ 0.9761951 ,  0.70021635,  1.1558726 , ...,  0.39300337,
         1.0661325 , -0.7993168 ],
       [ 0.00671025,  0.7809342 , -0.6545093 , ..., -0.3775553 ,
        -1.264808  , -1.1223897 ],
       ...,
       [-0.7075778 ,  0.11839749, -1.6268678 , ..., -0.476125  ,
         0.00613651, -0.35760903],
       [ 0.75787044,  0.89126277, -0.37410015, ..., -0.7794404 ,
         0.62180406,  0.4060059 ],
       [-0.44302207,  0.7681693 , -1.5469006 , ..., -0.36190164,
        -0.3490282 ,  1.1188998 ]], dtype=float32), 'decoder.fc.2.bias': array([-0.19848454, -0.66284955, -0.7750238 , ..., -1.1152205 ,
       -1.0590143 ,  0.6348414 ], dtype=float32), 'decoder.fc.4.weight': array([[ 0.5258778 , -0.47774333, -0.17794047, ...,  0.10086299,
         0.31346086,  0.28201756],
       [ 0.25144964,  0.00714535,  0.2372864 , ..., -0.19123203,
        -0.4715171 , -0.01650468],
       [ 0.3087799 ,  0.41167998, -0.41574126, ..., -0.12590109,
         0.68469226, -0.45571655],
       ...,
       [ 0.14094508, -0.64884156,  0.29528862, ...,  0.40539622,
         0.33319974, -0.29163548],
       [ 0.12133326,  0.47676077,  0.07845026, ..., -0.35650742,
         0.23856181,  0.5751203 ],
       [-0.55802613,  0.05599754, -0.10319352, ..., -0.28955418,
         0.30422348, -0.3761015 ]], dtype=float32), 'decoder.fc.4.bias': array([-0.02055584,  0.28408024,  0.01417228, -0.2297323 , -0.30248725,
        0.02937508,  0.01377388,  0.39514607, -0.6652005 , -0.07678778,
        0.2293207 ,  0.45566908, -0.34480214, -0.5728743 ,  0.06212072,
        0.14595816,  0.5846908 , -0.07381421, -0.00114395,  0.0681831 ,
       -0.60568404, -0.08180987, -0.2604469 , -0.46324995,  0.17442116,
        0.15072249, -0.54143655, -0.77931917, -0.69438463, -0.0556993 ,
       -0.68479234,  0.22726819,  0.08980402, -0.44920647,  0.41902685,
        0.44565445, -0.7020013 , -0.53959674, -0.00781318,  0.10105316,
        0.36736697, -0.48341197, -0.0192072 ,  0.59995186,  0.42369103,
       -0.38880354, -0.06460544, -0.26395896,  0.10763074, -0.62886083,
        0.4844278 ,  0.15456057,  0.31025964,  0.5782938 , -0.6064299 ,
       -0.297005  , -0.46694893,  0.19785982, -0.3849649 ,  0.4123981 ,
       -0.00730592, -0.04759035, -0.16485554, -0.5603868 ,  0.29782206,
       -0.36189318, -0.36704597,  0.07156266, -0.18957835, -0.4631085 ,
       -0.5202861 ,  0.30178928,  0.6177882 ,  0.30412292,  0.41261807,
       -0.02486856,  0.29160866, -0.4813841 , -0.08891726, -0.04431241,
       -0.31176224, -0.09853724,  0.1058737 , -0.30450177, -0.21132907,
       -0.29959008, -0.04574775,  0.15246549, -0.05217332,  0.42144245,
        0.24960598,  0.510409  , -0.05535777, -0.33910674, -0.52045375,
        0.58001333,  0.22146954, -0.31798062, -0.6978728 ,  0.49455965,
       -0.06955963, -0.60493416, -0.5763532 , -0.44713295,  0.14057994,
       -0.73704064,  0.23701772, -0.23988736, -0.37417203, -0.46750307,
       -0.4825549 , -0.6781838 ,  0.33717853,  0.21821094, -0.1930725 ,
       -0.01347539, -0.06488322,  0.18970743,  0.463607  ,  0.19390462,
       -0.2145656 ,  0.28453976, -0.65173924, -0.0661983 , -0.07368539,
       -0.13467696, -0.07717758, -0.5722178 ,  0.1789177 ,  0.00881022,
        0.26597136,  0.20483387, -0.26928425,  0.05975519, -0.23443708,
        0.00724576, -0.705724  ,  0.47610784,  0.27219662, -0.4064854 ,
       -0.19086532, -0.33573496, -0.3497702 ,  0.36641034, -0.6543355 ,
       -0.4843229 , -0.33519337,  0.24100807, -0.17304769, -0.23351732,
       -0.6653223 ,  0.03658769, -0.69865704, -0.11005151,  0.41596472,
        0.22409621,  0.02908494,  0.01806454, -0.24270383,  0.23919958,
        0.10528953,  0.26372468,  0.46559885, -0.5308935 , -0.04421138,
        0.06434611, -0.15265718, -0.5811614 ,  0.4773786 ,  0.6941495 ,
       -0.6995078 , -0.40964955,  0.09700231, -0.48313665,  0.31803766,
       -0.6668223 ,  0.3556737 ,  0.38975993, -0.24278964, -0.02696314,
        0.17966655, -0.04473331, -0.2517873 , -0.32668605, -0.57920015,
       -0.19871996,  0.37944448, -0.26233768,  0.33501428,  0.09626781,
       -0.4590168 , -0.5713627 , -0.22587088, -0.32382342, -0.19858803,
        0.08770133,  0.1193369 , -0.06694439,  0.00304696,  0.41698632,
        0.46461457,  0.46104342,  0.15115474, -0.2359727 ,  0.39532623,
       -0.10338221, -0.2643565 ,  0.55244434,  0.2857989 ,  0.56266   ,
       -0.23463747,  0.62052006, -0.57678413,  0.11882157, -0.03000581,
        0.2792576 , -0.37901044, -0.19798042, -0.4635651 ,  0.3595225 ,
       -0.34861213, -0.19574621,  0.58353925, -0.47579658,  0.11249196,
       -0.07269346,  0.36131248, -0.23820685,  0.17157646,  0.09591852,
        0.13799396, -0.25454405, -0.29222596, -0.7788716 , -0.15558288,
       -0.5542758 , -0.09624506,  0.3601614 , -0.6555977 , -0.24848926,
        0.2876572 ,  0.4599758 ,  0.05329432,  0.4472276 , -0.3822382 ,
        0.52369845,  0.05493198,  0.20010154,  0.33891898, -0.24650033,
        0.06534421,  0.05715071, -0.11959329,  0.20954816, -0.48256153,
       -0.4906813 ,  0.16069166, -0.08971075, -0.28362483,  0.5106507 ,
       -0.37032533,  0.5426234 ,  0.5355629 ,  0.55407596, -0.29666632,
        0.48834103, -0.23754644,  0.2253232 ,  0.36150804, -0.54030424,
        0.1672011 ,  0.11069307,  0.10607211,  0.15754378, -0.16784535,
       -0.13054797,  0.58141875, -0.4603665 , -0.51986194, -0.4670984 ,
       -0.51814973,  0.10252094, -0.5308908 ,  0.20544358,  0.08541742,
       -0.0476362 , -0.41468638,  0.49045014, -0.46751735, -0.6190242 ,
       -0.21718183, -0.16129139,  0.0517938 , -0.24600396,  0.4498171 ,
        0.24950753, -0.10803004, -0.60191506,  0.3745554 , -0.23381813,
        0.08622888, -0.18372667, -0.5391586 , -0.69856113, -0.217128  ,
       -0.7953083 , -0.34163228, -0.5360279 ,  0.40079534,  0.45560217,
       -0.28323472,  0.01647428,  0.02215814, -0.3505407 , -0.60782844,
       -0.46061802,  0.1741791 ,  0.51534855,  0.26832765, -0.55758214,
        0.16968209,  0.3082407 , -0.23836944,  0.15545295, -0.58683074,
        0.14387208,  0.16997677, -0.03152239, -0.4644513 ,  0.02470519,
       -0.23813026,  0.06400815, -0.34929627, -0.6862909 ,  0.20115311,
        0.09352272, -0.60099953,  0.00135265, -0.14875568,  0.16653287,
        0.23714161, -0.52126795,  0.41640604, -0.6232716 ,  0.44060338,
       -0.05612256, -0.3626893 , -0.1256629 ,  0.23609254, -0.60852665,
       -0.6210702 ,  0.3641181 ,  0.37367743, -0.5031855 ,  0.44271395,
        0.3736217 , -0.7207709 ,  0.31945407, -0.6743993 , -0.5213524 ,
       -0.6324482 ,  0.25307387,  0.68710834, -0.6175367 , -0.04841166,
       -0.02440849,  0.21613681,  0.56899667, -0.3753797 ,  0.321377  ,
       -0.63575053,  0.12790102,  0.38391912, -0.39349553, -0.09247392,
        0.08326963,  0.17527194, -0.2205737 ,  0.21638252,  0.11271086,
       -0.13175786, -0.3622186 , -0.03915188,  0.13973919, -0.0282466 ,
        0.00226438, -0.2603407 , -0.38214353, -0.0805193 ,  0.11121603,
        0.16753528,  0.4595415 , -0.1155608 , -0.05884308, -0.11215982,
        0.17876749, -0.5931314 , -0.04860204,  0.03703678, -0.20092985,
       -0.65240854,  0.20076913, -0.3071955 ,  0.20453864, -0.7380295 ,
       -0.00411119,  0.3655483 ,  0.28545836, -0.2396039 ,  0.05121631,
       -0.5758809 ,  0.43085587, -0.47068432, -0.23926534,  0.45566708,
        0.10855377,  0.6249198 , -0.53180075,  0.12063105, -0.20730233,
       -0.40732265, -0.6809443 ,  0.20325564,  0.18359493, -0.27301133,
       -0.5678588 , -0.18496233, -0.06289015, -0.4128362 , -0.10686378,
       -0.5425596 ,  0.14735262, -0.32481986,  0.48646748,  0.4747591 ,
        0.32300603,  0.47317916, -0.8173983 , -0.33774656, -0.17628701,
        0.09735125, -0.17603058, -0.5548798 ,  0.40853232,  0.01455264,
        0.11749086,  0.43179476, -0.3213216 , -0.28902316,  0.03519282,
       -0.41784248, -0.64048076, -0.71486443,  0.34504187, -0.11121394,
        0.15736672,  0.03175214, -0.05889748,  0.09689687,  0.3931074 ,
        0.5331918 ,  0.21594658,  0.4725555 ,  0.14850402,  0.43177336,
       -0.09641038, -0.6132535 , -0.77796924,  0.46658206,  0.35210627,
        0.426813  ,  0.47011107,  0.15659928, -0.18499422,  0.00943342,
       -0.16437459, -0.25461867,  0.19869544, -0.63675654,  0.10660791,
       -0.39082432, -0.49266616, -0.7394514 , -0.20918359, -0.21598679,
        0.61380696,  0.44720426,  0.55768585, -0.42442724, -0.67571765,
       -0.08888428,  0.2755835 , -0.28591576,  0.661708  ,  0.41858995,
       -0.4170759 ,  0.41506433, -0.7289002 , -0.75542974, -0.21900111],
      dtype=float32), 'decoder.fc.6.weight': array([[-0.6191199 ,  0.60333985, -0.21885169, ...,  1.5596393 ,
        -0.8706138 ,  0.1919193 ],
       [ 0.73727214, -0.7788806 , -0.96432674, ...,  0.94207186,
         0.245756  , -0.4523475 ],
       [ 0.07468477, -0.47052687,  1.0035062 , ..., -0.8603133 ,
         0.8161666 ,  0.67892027],
       ...,
       [ 0.51298183, -0.8782649 , -0.82177806, ..., -0.21023107,
         0.40675208,  0.6681232 ],
       [-0.1169379 , -1.2208638 , -0.4656582 , ..., -0.00230726,
        -0.22533156, -0.04479082],
       [-1.0477523 ,  0.02012701,  0.7821752 , ..., -0.31494847,
         0.4604063 ,  0.6797038 ]], dtype=float32), 'decoder.fc.6.bias': array([ 0.2902415 , -1.1022972 ,  0.62119436, ...,  0.16401067,
       -0.8701523 ,  0.4741488 ], dtype=float32)}
[Time: 29.01.25 15:06:14] [Level: info] [State: aggregate] {'encoder.fc.0.weight': array([[ 0.1344522 , -0.2021106 , -0.08787466, ..., -0.1018762 ,
        -0.15958226,  0.303682  ],
       [ 0.00204527,  0.2616611 ,  0.11152916, ..., -0.01234183,
         0.18474746, -0.22018206],
       [-0.21938844, -0.18905234, -0.05876933, ...,  0.01975593,
        -0.03844164,  0.02696608],
       ...,
       [-0.14856708, -0.20477507,  0.06180524, ..., -0.24694693,
        -0.2536348 ,  0.11729977],
       [ 0.19188154, -0.1173664 ,  0.31297714, ...,  0.22170086,
        -0.21557921,  0.08555403],
       [ 0.06458945, -0.07706353,  0.2576147 , ..., -0.04803987,
        -0.16812845, -0.10345011]], dtype=float32), 'encoder.fc.0.bias': array([-0.15634558, -0.43361217,  0.35280007, -0.15566844, -0.06592883,
       -0.5176992 , -0.19004892, -0.2798553 ,  0.01865531, -0.44724494,
       -0.40106738, -0.03943576,  0.00070065, -0.15048556, -0.3879944 ,
       -0.04215091, -0.40284932, -0.36088237, -0.21006662, -0.38240498,
        0.1623882 , -0.0499485 , -0.17920332,  0.1434181 , -0.43829894,
       -0.22767794, -0.03599963, -0.33067793, -0.264944  , -0.06927482,
       -0.1010895 , -0.05383771, -0.20724869, -0.23774642, -0.10288496,
        0.0691098 , -0.08743149, -0.37756443, -0.07735506,  0.15003407,
       -0.39628416, -0.15900141,  0.00351694, -0.12711118, -0.05216072,
        0.44777268, -0.49247798, -0.21278962, -0.45162475, -0.04344174,
       -0.10076082, -0.41830552, -0.05093778,  0.09985408, -0.3592518 ,
        0.05342872,  0.24017358, -0.15823774, -0.08334606, -0.05633038,
       -0.30423093, -0.06626551, -0.08441547, -0.05597383, -0.12498084,
       -0.4406433 , -0.07460678, -0.41387573, -0.08851575, -0.13712068,
       -0.22512594, -0.3077123 , -0.2555929 ,  0.12302624, -0.28265008,
       -0.12980722, -0.32640323, -0.2864347 , -0.1455603 , -0.23621136,
       -0.26737583, -0.3164058 ,  0.15773183, -0.14971441,  0.0698362 ,
        0.22848728, -0.35487744, -0.18201187, -0.27145758, -0.15484263,
       -0.04996931,  0.23199451,  0.00771346, -0.19614962, -0.2859751 ,
        0.18461454, -0.09201439, -0.16947003,  0.15078755,  0.47640306,
       -0.24446262,  0.01027352, -0.08709836, -0.10923642, -0.04527054,
       -0.3111989 , -0.17544627, -0.36473852, -0.22534192, -0.0318616 ,
        0.0007745 , -0.01834559,  0.07504388,  0.11796462, -0.30473223,
       -0.15112427,  0.09149359, -0.31172365,  0.04014137, -0.09776473,
       -0.06766932,  0.21631351, -0.2977253 , -0.3049186 , -0.33645803,
        0.31096613,  0.04551381, -0.15885778, -0.17751577, -0.24787435,
        0.11761703, -0.17674784, -0.4090073 , -0.01430778, -0.11360156,
       -0.16037591, -0.35454577,  0.1053236 , -0.19172996, -0.3597019 ,
       -0.02533619, -0.15433447, -0.50385535, -0.19056587, -0.32243058,
       -0.09569337, -0.12479375, -0.17058006, -0.26938018, -0.38498256,
       -0.04903108, -0.06744219, -0.03995691, -0.00765169, -0.07397611,
       -0.5119376 , -0.33581108, -0.19855216,  0.27679107, -0.33700296,
        0.12427167, -0.22387311, -0.11103494, -0.35388228, -0.35236806,
       -0.49458742, -0.06850494, -0.12790577, -0.2968325 ,  0.29229924,
       -0.43762958, -0.49357757,  0.01212415, -0.03777914, -0.19708334,
       -0.08089891, -0.4339744 , -0.34231037,  0.01527931, -0.15943924,
       -0.3847198 , -0.08660986, -0.15273817, -0.04419351, -0.21495542,
       -0.08736144, -0.33519644,  0.00197094,  0.02236864, -0.16655472,
       -0.04287262,  0.06579491, -0.51640064, -0.29573548, -0.05399494,
       -0.02781376, -0.06865782, -0.27394986, -0.19005212,  0.1806514 ,
        0.03907131, -0.04449275, -0.05910775, -0.25502032, -0.28189942,
       -0.16240796, -0.30829793, -0.02351684, -0.43571234, -0.5091162 ,
       -0.5200913 , -0.32452983, -0.22649963, -0.03486849, -0.2108235 ,
       -0.11430781, -0.29048932, -0.20000347, -0.30117452, -0.22930557,
        0.02480728, -0.3373521 , -0.17330034,  0.00188   ,  0.1305334 ,
        0.17791042, -0.0989659 , -0.26133433, -0.0797811 , -0.06496403,
       -0.21372041, -0.29165533, -0.13151875, -0.30887908, -0.24578224,
       -0.3251305 , -0.10029385, -0.2990784 , -0.20158999, -0.24449408,
       -0.22609979, -0.14551465, -0.38888946, -0.0766094 , -0.14456591,
        0.01749279, -0.170687  , -0.4062122 , -0.15623555, -0.15435556,
       -0.10350479, -0.4103819 , -0.3705821 , -0.01383138, -0.35623145,
       -0.16350977,  0.02366695, -0.20514144, -0.13243088, -0.06346302,
       -0.09703806,  0.02566269, -0.3802756 , -0.2486456 ,  0.06144684,
        0.19658175, -0.5181885 , -0.04520923, -0.36988106, -0.04157669,
       -0.26125297, -0.03223649, -0.05839195, -0.264013  , -0.30028763,
       -0.13753194, -0.1385634 , -0.47813165, -0.1012663 , -0.1386109 ,
       -0.37037712, -0.45668286,  0.22406451,  0.0296934 ,  0.10144207,
       -0.13598156,  0.00641436, -0.36325642,  0.11276728,  0.17066032,
       -0.0844719 , -0.32171196, -0.3565737 , -0.03021781, -0.06879187,
       -0.04933063, -0.4042561 ,  0.04660051,  0.04014304, -0.39996225,
       -0.10822891, -0.07085954, -0.43080243, -0.4861049 , -0.19973817,
       -0.17113984, -0.3793735 , -0.48714   , -0.01206824, -0.08910738,
        0.00975176, -0.4601544 , -0.12326953, -0.3606844 , -0.23499021,
       -0.37991214, -0.13613734, -0.00119922, -0.3513797 , -0.48887786,
       -0.23275787,  0.20474663, -0.30677277,  0.04337064, -0.02058899,
       -0.18637532, -0.5341643 , -0.21393485, -0.17803365,  0.2973367 ,
       -0.2982413 , -0.1877514 , -0.08511046, -0.24555607, -0.50908655,
       -0.26063573, -0.16296448, -0.17477477,  0.14570236, -0.19817378,
        0.16512166, -0.32501566, -0.16920194, -0.29377267, -0.58129704,
       -0.55400276, -0.14046307, -0.04715779, -0.28171754, -0.44628888,
       -0.33837584,  0.14236999, -0.2703423 , -0.09261557, -0.01986852,
       -0.21960682, -0.4153872 , -0.0258284 , -0.09138351, -0.18816137,
       -0.19640031,  0.10728075, -0.12984686, -0.27516708, -0.23418239,
       -0.21203953, -0.4322521 , -0.26996192, -0.07520442, -0.21372734,
       -0.3412487 ,  0.08689082, -0.3253901 ,  0.04805434, -0.34263825,
       -0.06894115, -0.3253765 , -0.23211224,  0.01467579, -0.4604506 ,
       -0.11291075,  0.068872  ,  0.0663109 , -0.00570279, -0.25790232,
       -0.07308979, -0.09605318,  0.3136928 ,  0.2665516 , -0.22705835,
        0.29302353, -0.18478413, -0.35185033, -0.32236922, -0.54957324,
        0.17694157, -0.1235605 , -0.53071386,  0.00379538, -0.19885042,
       -0.09341246, -0.32070863, -0.39489436, -0.19263607, -0.30732143,
        0.04145391, -0.16039297,  0.1690268 , -0.04295493, -0.2388638 ,
       -0.03372268, -0.01092125, -0.08517651, -0.13170126, -0.14397328,
       -0.01962077,  0.05292723,  0.02570742, -0.1952482 , -0.03637571,
       -0.46396643, -0.30024424, -0.072653  , -0.01923774,  0.0331958 ,
       -0.2943409 , -0.15517625, -0.41541004, -0.09750773, -0.3590906 ,
        0.16223988, -0.03396592, -0.05531716, -0.02590816,  0.06707987,
        0.01566872, -0.24602312,  0.15543827, -0.19224593, -0.06730914,
       -0.34868553,  0.02980956,  0.03033696, -0.5590212 , -0.4161874 ,
       -0.11098473, -0.42629313, -0.31457663, -0.42822254, -0.12590982,
       -0.47716773, -0.4192531 , -0.41187185, -0.09017739, -0.05840647,
       -0.41204986,  0.17242858, -0.41266197,  0.11463001, -0.04383024,
       -0.5228938 ,  0.16331032, -0.26899317, -0.09879172, -0.04889376,
        0.19855194, -0.2711056 , -0.40179986, -0.12440531, -0.1773114 ,
        0.04156717, -0.29992256, -0.491734  , -0.47459394, -0.00339915,
       -0.08372964,  0.05299669, -0.19105186, -0.36321884, -0.05358423,
        0.00276439, -0.20090857,  0.06265432, -0.46716365, -0.23176269,
       -0.39304155, -0.2695906 , -0.20462005, -0.00842187, -0.4095216 ,
       -0.22937685, -0.5041934 , -0.05580269, -0.26647198, -0.3912192 ,
       -0.22654411, -0.29457298,  0.00973101,  0.13196385, -0.02465851],
      dtype=float32), 'encoder.fc.2.weight': array([[-1.2059189 ,  0.300704  ,  0.8560691 , ..., -0.11577936,
        -0.92404747,  0.01186062],
       [ 0.12463347, -0.19252422, -1.0985923 , ..., -0.02648965,
        -0.99625844, -1.26389   ],
       [-0.7656152 ,  0.85289997, -1.287787  , ...,  0.9866942 ,
        -1.0108751 ,  0.42868263],
       ...,
       [ 0.27798742, -1.3325005 , -1.0598022 , ...,  0.5243187 ,
        -0.15732902, -1.0323567 ],
       [ 0.13288991, -1.3303516 ,  0.33807358, ..., -0.6232225 ,
        -0.86729574, -0.6106789 ],
       [-0.95433724,  0.00883062, -1.0238506 , ..., -0.07499673,
        -0.16951334, -0.11448108]], dtype=float32), 'encoder.fc.2.bias': array([ 1.0767832 , -0.7675015 ,  0.9433243 , ..., -0.25701007,
       -0.89316535, -0.51271915], dtype=float32), 'encoder.fc.4.weight': array([[-0.60652983,  0.10079446, -0.09621428, ...,  0.30050123,
         0.02083481, -0.5866685 ],
       [ 0.48325494,  0.46787   ,  0.4017993 , ..., -0.5296144 ,
        -0.06049966, -0.13279672],
       [-0.5280921 ,  0.19051279,  0.5361119 , ..., -0.01758813,
        -0.2270444 ,  0.14385286],
       ...,
       [-0.5274573 , -0.23426023, -0.01977603, ..., -0.32438517,
         0.3206884 ,  0.67203915],
       [-0.37211072, -0.03288101,  0.53522784, ..., -0.20997128,
        -0.6074293 , -0.0615495 ],
       [-0.00177103,  0.18978816, -0.692525  , ..., -0.4799139 ,
        -0.41048262,  0.33368623]], dtype=float32), 'encoder.fc.4.bias': array([-6.94240808e-01, -9.61407870e-02, -9.37809125e-02, -4.14417982e-01,
       -9.06985067e-03,  9.98547375e-02,  3.19048554e-01, -6.22419596e-01,
       -5.72890580e-01, -6.68310761e-01, -5.05620837e-01,  2.78352320e-01,
       -1.53721109e-01, -6.22617960e-01, -2.60070026e-01, -4.51834381e-01,
       -6.42101645e-01, -3.22371960e-01, -6.62151039e-01, -4.96646762e-01,
       -6.94967359e-02, -1.28589012e-02, -5.70559859e-01, -6.31726623e-01,
       -5.85250735e-01, -5.09659767e-01, -8.64860117e-02,  4.06873882e-01,
       -2.32027531e-01, -3.07589412e-01, -1.87199205e-01,  5.43778539e-01,
       -6.83702886e-01, -4.97733168e-02, -1.12842523e-01, -6.85039908e-02,
        3.10887396e-01,  2.72949189e-01, -3.54252458e-01, -6.28142834e-01,
       -4.81771857e-01, -4.24741924e-01,  4.21390414e-01, -7.30765462e-01,
       -1.11188717e-01, -1.38316199e-01, -2.15992332e-01,  8.67479667e-02,
       -2.51237392e-01,  4.18413222e-01,  1.53478116e-01,  9.58504230e-02,
       -4.39161062e-01,  4.06777859e-01, -4.67277586e-01, -3.02098870e-01,
        4.93100435e-02,  1.56087067e-03, -2.38013908e-01, -1.71075493e-01,
        8.34214091e-02, -5.49626887e-01,  2.19215244e-01, -1.97683498e-01,
        1.88243777e-01,  1.81953236e-01, -1.09472059e-01,  1.68753296e-01,
       -5.57339132e-01, -1.21628016e-01, -3.51445109e-01, -3.05503845e-01,
        2.04347938e-01, -2.10473061e-01,  4.07050520e-01, -7.03157037e-02,
        1.85287863e-01, -2.77079999e-01, -5.16819417e-01, -6.05634332e-01,
       -4.29332525e-01,  5.11020482e-01,  4.42649364e-01, -3.26042026e-02,
       -4.46461737e-01,  2.83122528e-02,  6.17515594e-02, -1.51370242e-01,
        3.42645526e-01, -3.81803244e-01,  3.14491481e-01, -5.29471874e-01,
       -3.31024639e-02,  4.53672320e-01, -3.14923286e-01, -6.72552884e-01,
       -3.26944143e-01,  1.43604666e-01,  1.83421940e-01, -6.28909826e-01,
       -1.78286135e-01, -2.62822390e-01, -6.99859858e-01,  1.82316884e-01,
        5.64005435e-01,  7.62062073e-02, -5.74291229e-01, -2.23320574e-01,
       -3.74252915e-01, -5.52480578e-01, -2.92418122e-01,  1.52538806e-01,
        2.83384740e-01,  3.58021736e-01,  3.18961014e-04, -4.32612717e-01,
        9.41246152e-02,  8.22832529e-03, -2.72825092e-01, -3.14837426e-01,
        2.90297344e-02,  1.81677163e-01,  4.96472493e-02,  2.86624849e-01,
        4.74703982e-02, -2.10241050e-01, -1.23773694e-01,  4.67552543e-01,
       -6.86906338e-01,  9.48842391e-02, -6.71027422e-01,  4.80359405e-01,
       -1.78808868e-01, -6.89090788e-01, -1.06472326e-02,  1.63684085e-01,
        7.48275667e-02,  2.75057018e-01, -3.52826536e-01, -5.45276284e-01,
       -5.67047358e-01,  1.89726979e-01,  3.29063326e-01,  4.51991469e-01,
       -1.99221343e-01, -1.43319681e-01, -2.15859450e-02,  3.60539109e-01,
       -3.99676740e-01, -5.30218065e-01, -2.37165168e-01, -4.64306504e-01,
       -1.11126825e-01,  2.06680626e-01,  1.25478193e-01,  3.81941915e-01,
       -3.80318463e-01, -2.23998576e-01, -4.15784329e-01, -5.12633085e-01,
        3.88413191e-01,  3.54951411e-01,  5.27753793e-02, -4.02400792e-02,
        2.96388060e-01,  6.44139424e-02, -9.00940299e-02,  6.64579630e-01,
       -6.37481928e-01, -5.37590086e-02, -5.42769909e-01,  1.53350919e-01,
       -4.61891145e-01, -7.66618788e-01,  1.47129461e-01, -2.68347025e-01,
       -4.67287928e-01, -6.04660213e-01, -4.74363863e-01,  3.79712641e-01,
       -4.42327917e-01, -5.11908174e-01,  2.76226968e-01,  4.48719263e-01,
       -6.57410324e-02,  7.62559325e-02,  4.93506700e-01,  1.42406672e-01,
       -3.52690399e-01,  4.16586518e-01,  1.79500341e-01, -4.74143028e-02,
       -2.79364735e-02, -1.53865829e-01,  3.39648873e-02, -1.36370271e-01,
       -5.58332279e-02,  2.47554984e-02, -5.89245319e-01, -1.33864135e-01,
       -6.30023599e-01, -2.67558843e-01, -3.98149431e-01, -3.73193294e-01,
       -4.29146826e-01,  4.01159286e-01,  1.67785808e-01, -4.58960056e-01,
       -1.75267041e-01, -6.87763214e-01, -2.72942394e-01, -4.46551144e-01,
       -6.96533501e-01, -5.31914651e-01,  2.59235613e-02, -1.68814525e-01,
        6.74514845e-02, -3.67353141e-01, -9.37327072e-02, -1.63775571e-02,
        2.87975341e-01,  4.71279174e-01, -7.38216162e-01,  2.73585934e-02,
        2.83586770e-01, -6.30994439e-01, -6.24825776e-01,  2.63632655e-01,
       -2.57237881e-01,  1.74643844e-01,  1.99267924e-01, -1.74264893e-01,
        3.44016314e-01, -1.40118942e-01, -7.78275877e-02,  1.86129332e-01,
        2.88822800e-01, -4.93297458e-01, -2.24295914e-01, -5.43179154e-01,
       -4.81705785e-01, -2.49628872e-02,  1.44522354e-01,  9.38362181e-02,
       -6.70659482e-01,  2.13910341e-01, -7.10114121e-01,  3.61952126e-01,
       -1.55056641e-02, -5.04934669e-01, -4.39385980e-01,  4.13957566e-01,
       -3.79674047e-01,  4.02938426e-01, -5.90050995e-01, -3.48796397e-02,
       -1.65223807e-01, -5.26182055e-01, -1.50907755e-01,  9.55140665e-02,
        3.10212642e-01,  3.49297225e-02,  2.68839002e-02, -3.85472685e-01,
        1.40438527e-01,  3.78842086e-01, -1.80901274e-01, -3.70454282e-01,
       -3.35587323e-01, -4.79230195e-01,  2.09544942e-01,  3.59548092e-01,
       -2.85680383e-01, -1.34595424e-01,  6.36240244e-02, -7.35016942e-01,
       -3.23020071e-01, -6.79248452e-01, -5.38106382e-01,  5.24215579e-01,
        3.48234773e-01, -3.43292207e-01,  1.11279353e-01,  4.33401227e-01,
        2.73594856e-02,  3.42445433e-01,  3.75693083e-01,  7.97502398e-02,
       -5.36069870e-01,  7.22232163e-02, -2.58383155e-01,  1.29801705e-01,
       -1.35710418e-01, -6.73343182e-01, -1.26952305e-02, -5.98385036e-01,
       -9.97697413e-02, -1.89853817e-01, -6.10791922e-01, -5.80784261e-01,
       -5.90968072e-01,  4.42587674e-01, -6.77292287e-01,  1.73218220e-01,
        4.60126966e-01,  1.96994841e-01, -5.93406081e-01, -3.00042182e-01,
        1.33401051e-01, -1.65138334e-01,  1.95194766e-01,  3.59827548e-01,
       -1.50502264e-01,  3.10792208e-01, -4.22098070e-01, -5.89456320e-01,
        3.66185308e-01,  8.32567662e-02, -4.77916986e-01,  3.27313505e-02,
       -2.25060880e-01, -3.55846524e-01, -7.01347232e-01, -3.91600609e-01,
       -2.80631661e-01,  4.61997211e-01,  3.62681091e-01, -1.88233972e-01,
        2.03211442e-01, -1.99633375e-01, -3.34963292e-01, -2.20118821e-01,
        4.64762747e-01,  6.36972561e-02, -2.07441360e-01, -3.33559632e-01,
        2.08715111e-01, -2.99132526e-01, -3.35990965e-01, -6.75752014e-02,
        1.38407633e-01,  2.43197143e-01, -4.63169694e-01,  2.15395823e-01,
        1.47303998e-01,  5.64015746e-01,  7.12727308e-02,  5.21359630e-02,
        7.60158747e-02,  1.01656988e-01,  1.59357265e-01, -1.06406115e-01,
       -5.05349636e-02, -6.86899722e-02, -6.90654099e-01, -4.05401945e-01,
        1.87863395e-01, -2.98394054e-01, -6.14366114e-01, -1.26498342e-01,
       -2.99865216e-01, -2.81140268e-01, -2.60092318e-02,  3.61189574e-01,
       -6.07918262e-01,  3.59157383e-01, -5.52641094e-01, -5.68753600e-01,
        2.25164592e-01, -6.86480012e-03, -2.23375022e-01,  5.57919681e-01,
       -8.51349533e-02, -4.45998012e-04,  3.40389550e-01,  9.31819715e-03,
       -4.46881056e-01, -1.57643288e-01,  2.35576749e-01, -2.78401412e-02,
        3.77038956e-01,  2.69888461e-01,  3.39646310e-01, -2.82859448e-02,
        8.38849843e-02, -6.86198115e-01, -6.68081999e-01, -3.67535710e-01,
       -3.66454661e-01, -1.97039515e-01, -2.10464269e-01, -1.71613291e-01,
       -2.91387081e-01, -1.26302928e-01,  3.34830582e-01, -5.35228610e-01,
        1.86548933e-01,  3.87804061e-01,  2.09525168e-01, -3.55326869e-02,
       -2.30174929e-01,  3.34786654e-01, -3.85006487e-01,  3.33128989e-01,
        3.30731496e-02,  8.15992430e-02,  2.50756174e-01, -4.25864220e-01,
       -6.27587914e-01,  2.41179258e-01, -6.90672815e-01,  3.95739496e-01,
        1.17303975e-01,  1.23986285e-02, -5.68303823e-01,  2.07486987e-01,
        3.18585008e-01, -1.91375121e-01, -1.61003947e-01,  7.01225251e-02,
        4.34368372e-01,  1.14641525e-01,  4.37743723e-01,  2.25588888e-01,
       -3.61955851e-01, -1.17903873e-01,  9.52592939e-02, -8.25212970e-02,
       -3.54028285e-01, -1.48200035e-01, -3.59646797e-01,  2.41739944e-01,
       -4.79167283e-01,  2.88361549e-01, -2.78952122e-02, -2.34324306e-01,
        1.95711762e-01,  1.36887670e-01, -6.47381961e-01,  1.00367870e-02,
        2.60810733e-01,  3.72404814e-01, -4.80501354e-01,  2.10161388e-01,
       -2.05453664e-01, -6.22351766e-02, -4.90392983e-01,  2.97484577e-01,
       -1.88453406e-01, -3.99111897e-01,  3.31969917e-01,  4.98281211e-01,
       -1.16287552e-01, -4.90056425e-01,  2.39233196e-01,  3.47037196e-01,
        2.38823831e-01,  4.92530525e-01, -1.39470734e-02,  3.34006250e-01,
        1.60777010e-02, -2.44838163e-01, -3.67436171e-01,  3.80627453e-01,
        2.54491530e-02, -7.36681595e-02, -6.44598484e-01,  1.94760442e-01,
        3.29597354e-01,  3.03605050e-01, -4.07215238e-01,  2.70354450e-01,
        3.20841014e-01,  3.92292380e-01,  4.02316213e-01, -2.12202251e-01,
        5.70817515e-02,  3.56482297e-01, -5.59768498e-01, -3.18847686e-01,
       -4.90764081e-01, -4.13680136e-01,  2.57744461e-01, -4.55225140e-01,
        1.99283436e-01, -1.27406254e-01,  3.12281400e-01, -1.09835699e-01,
       -2.08487995e-02, -6.23416603e-02,  3.48534286e-01,  1.13905415e-01,
       -1.09873183e-01,  3.22745442e-01,  9.64396000e-02, -8.23580548e-02,
       -1.65858835e-01,  1.63965553e-01,  3.91694427e-01,  5.74954093e-01],
      dtype=float32), 'encoder.fc.6.weight': array([[-0.3798574 ,  0.46951532,  0.9799489 , ...,  0.304695  ,
         0.7110535 , -0.70474863],
       [ 0.8425782 , -0.8833717 ,  0.09475555, ...,  1.0991894 ,
        -0.69689065,  0.73758787],
       [-0.82389426,  1.0378206 ,  0.9534998 , ...,  0.29151395,
        -0.3538968 ,  0.9479486 ],
       ...,
       [-0.02398336,  0.7463333 ,  0.0059658 , ..., -0.41864747,
        -0.04517974,  1.0317795 ],
       [-0.7726448 ,  0.6745822 , -0.48028153, ..., -1.211666  ,
         0.96747154,  0.42935312],
       [-1.2195858 ,  0.96038234, -0.15493564, ..., -0.08338023,
         0.48111132, -0.38182676]], dtype=float32), 'encoder.fc.6.bias': array([-0.06433459,  0.7066117 , -0.3084386 ,  1.1878191 ,  1.038544  ,
       -0.7519485 , -0.4733646 , -0.877933  ,  1.0728384 ,  0.18885751],
      dtype=float32), 'decoder.fc.0.weight': array([[ 0.89476   ,  5.0956297 ,  1.2657154 , ...,  2.057454  ,
         5.281146  , -5.165231  ],
       [-5.339213  ,  0.52699006, -5.7868204 , ..., -1.4874829 ,
         2.6614637 , -3.360957  ],
       [ 5.9547625 ,  3.6163764 ,  5.690294  , ...,  8.571931  ,
        -4.712213  ,  2.32541   ],
       ...,
       [-6.3612967 ,  5.076082  , -7.714367  , ...,  3.9380815 ,
        -6.0486827 ,  8.190513  ],
       [-6.172552  , -7.6511345 , -2.8546462 , ...,  3.4480805 ,
         3.4469905 , -6.8411956 ],
       [ 1.6330843 ,  7.6114116 ,  2.371667  , ...,  5.5621853 ,
        -3.3861518 ,  2.4996176 ]], dtype=float32), 'decoder.fc.0.bias': array([-6.3583426 ,  4.7518625 ,  1.0122058 , -6.3668404 , -8.081306  ,
       -5.123731  , -0.79059005, -4.7685566 ,  2.8169873 , -4.9483113 ,
        2.9610107 ,  0.7123919 ,  8.084074  , -6.8620825 ,  1.7829564 ,
       -7.5475574 ,  0.6562493 ,  4.963218  , -0.6479101 , -8.484166  ,
       -3.45231   ,  7.0162287 , -1.6847243 , -4.1835537 , -6.7354527 ,
       -7.0454173 , -2.2100658 , -2.583574  ,  8.309736  , -0.7355518 ,
        5.542991  ,  2.3150733 ,  2.1397219 , -1.3842019 , -0.61915755,
       -4.2782907 ,  0.6274956 , -5.5163126 , -3.2201133 , -1.2475252 ,
        4.8579054 , -4.993352  ,  4.713976  ,  8.28847   , -7.025581  ,
       -5.87827   ,  2.810557  , -4.34417   ,  5.459585  , -0.7212984 ,
        7.586487  , -5.2259693 , -5.5287666 ,  0.37768143,  7.2085543 ,
        5.804921  ,  7.136032  , -3.1022937 ,  0.9362524 ,  7.2140455 ,
        0.8164753 ,  5.597982  ,  4.9226665 ,  0.3957339 ,  8.28611   ,
       -5.1949453 , -0.8094537 , -1.3375182 ,  4.3486514 ,  1.3285936 ,
        0.6449046 , -3.3097405 , -2.7182648 , -2.261558  ,  2.2604268 ,
       -2.0144053 , -2.6694884 ,  7.549147  , -5.1224546 , -1.0866692 ,
       -3.553485  , -7.903894  ,  6.3404303 , -0.39459628,  6.577219  ,
        1.051296  ,  4.731126  , -7.0792265 , -0.8561553 ,  6.3137045 ,
        2.8545914 ,  7.5555987 , -8.106515  ,  0.39081368, -7.8575487 ,
       -4.752533  , -2.520761  ,  3.0343914 , -0.04206956,  4.950044  ,
        8.292439  , -2.7344866 , -4.4735603 , -2.8584902 ,  0.1778172 ,
        6.518305  ,  4.83327   ,  6.776766  ,  2.9270387 ,  6.3766117 ,
        1.0110948 ,  1.768854  ,  8.313063  , -2.1435747 , -4.393315  ,
       -5.8511415 , -3.9258556 ,  4.134011  ,  0.4755392 , -8.427087  ,
        1.5534029 , -5.3220487 , -6.8409786 , -3.625238  , -2.0610714 ,
       -0.39968845,  5.506488  , -0.81935084, -5.370385  ,  2.9923368 ,
       -2.7795653 , -1.4726578 ,  8.462447  ,  0.90765995,  6.837137  ,
       -0.44891536, -4.2076797 , -7.7628217 ,  1.1361918 , -8.412673  ,
       -0.84437025, -7.3202953 ,  5.7185774 , -3.0675573 ,  4.666932  ,
       -3.1430898 ,  1.0254315 , -0.06738358, -5.748374  ,  5.926913  ,
        5.583393  ,  3.8443918 , -3.7882905 ,  1.5546356 ,  1.6950369 ,
       -5.822262  ,  0.47332236,  6.528147  ,  3.9574323 , -7.5462685 ,
       -6.8772783 , -5.799198  ,  3.0685463 , -1.3029761 , -7.5279474 ,
        5.4296827 ,  5.9414606 , -2.378873  ,  7.9023714 ,  6.743374  ,
        6.948338  , -5.1439056 ,  1.502731  ,  3.6172621 , -6.667163  ,
        1.4812998 ,  6.7493277 , -6.9177065 , -4.2765665 ,  8.251474  ,
       -4.8854704 , -6.1708517 , -5.7129917 , -8.280609  , -4.0081806 ,
        2.7227602 ,  6.418076  ,  3.8963008 , -3.2236748 , -4.83611   ,
       -1.6930153 ,  0.4300638 , -4.233639  , -7.1675596 ,  1.0329633 ,
        6.5482044 ,  7.052775  ,  6.3361096 , -0.68779504, -7.3288774 ,
       -8.473881  ,  4.844755  , -8.207406  ,  5.1515026 , -0.0290221 ,
        3.3058906 , -1.384345  , -3.781085  , -4.8031654 ,  2.215056  ,
        7.7742305 ,  8.546086  , -4.7482023 , -7.6066847 , -0.7574784 ,
        4.5907354 ,  2.979498  ,  4.4535055 , -4.8106556 , -3.3372345 ,
        2.4352944 ,  4.621424  ,  7.6563315 , -2.6876445 , -2.1100068 ,
       -0.6082381 , -0.34102303,  2.2016058 ,  4.9353657 , -7.761621  ,
        0.03105457, -2.5320554 , -2.847241  ,  0.4875685 ,  8.035129  ,
       -6.7858953 ,  7.0965757 , -1.5169144 ,  2.33395   ,  2.0772295 ,
       -7.454296  , -1.6939216 ,  2.1646612 , -0.47783506, -1.8970059 ,
        5.0117292 ,  1.7989706 ,  1.3140132 ,  2.7457392 , -0.96155393,
        1.6724372 , -8.038537  , -5.709239  ,  3.853144  , -0.84901243,
        1.3447465 , -3.9360332 ,  6.1887007 , -7.616687  , -1.804279  ,
       -0.37800214,  5.16495   , -3.7577503 ,  7.623677  , -2.6791492 ,
       -5.636552  , -4.8561125 ,  7.0068164 ,  3.5905657 , -7.3269405 ,
       -3.872871  ,  3.1177278 ,  4.780322  , -4.982609  , -8.588333  ,
        3.7315764 ,  1.2418749 ,  4.329692  , -2.1913786 ,  3.0068617 ,
       -4.442682  ,  1.4640429 , -7.6841383 , -7.513093  ,  6.509803  ,
        0.93471485, -4.9523077 ,  2.286271  ,  1.0228479 ,  2.906928  ,
       -7.2034616 , -8.230487  , -4.2177753 , -6.7750645 ,  1.5866284 ,
       -0.62856203,  5.494993  , -1.9708214 , -2.9006338 ,  0.07086389,
       -7.4178357 ,  5.3171525 ,  2.0999026 , -0.3269595 ,  5.5072556 ,
       -1.2630389 , -3.1278133 ,  7.9322634 ,  1.6904072 , -6.040121  ,
        1.35177   , -4.7721877 , -3.9133773 ,  3.986182  , -6.6909666 ,
       -1.0929077 ,  2.4242907 , -6.630207  , -0.5758996 ,  4.0275793 ,
       -6.069784  ,  3.6714673 , -6.5653267 ,  6.8952026 , -0.8667545 ,
        1.3508459 ,  8.000193  , -3.9532514 , -5.922393  ,  4.5866146 ,
       -4.108483  ,  3.0079045 ,  4.44206   , -4.5712943 , -1.9770249 ,
       -2.6696358 ,  5.1594486 , -5.134988  , -7.592518  ,  6.5008574 ,
       -1.7439247 , -6.6721563 ,  7.7065    , -0.5388444 ,  2.0729127 ,
        1.8167906 ,  1.8094586 , -3.6157727 , -1.1687218 , -6.686967  ,
       -3.2634227 , -7.50161   , -2.6701674 ,  0.31800237,  4.3600254 ,
       -6.208416  ,  0.17533946,  4.791514  ,  0.3654174 , -8.581528  ,
       -3.6348774 ,  5.0181646 , -1.5046608 , -6.460333  , -3.9651637 ,
       -0.5846494 ,  5.174286  ,  3.6062238 ,  2.126808  , -6.7824135 ,
       -8.668867  ,  6.9254313 ,  1.1296539 , -0.88112426,  2.7046552 ,
        4.645971  ,  4.198415  , -2.3703861 ,  0.17166363, -6.3731804 ,
       -0.78784597,  8.07741   , -6.5430613 ,  4.1200533 , -8.181257  ,
        6.541521  , -7.7650757 , -1.8358281 , -6.092988  ,  7.385972  ,
       -3.6386101 , -4.7136183 ,  0.05986226, -1.5175636 , -6.0694838 ,
        5.8819275 , -3.145906  , -7.5663447 ,  3.0601084 , -1.779424  ,
       -1.363359  ,  0.51642144,  5.6486125 , -5.828539  , -7.2603736 ,
        7.6841145 ,  0.34552595,  0.00943803,  3.9962234 , -6.3762274 ,
        1.8828812 ,  6.9538937 ,  2.6480463 , -2.8095536 , -0.7452915 ,
        6.4882216 ,  5.849357  ,  6.3228846 ,  4.2710886 ,  1.3832778 ,
       -2.6945882 ,  0.40241757,  1.6651585 ,  0.8084959 , -2.5629425 ,
        1.2678306 , -0.7752204 ,  0.7449392 ,  1.4016653 ,  6.414497  ,
       -6.836957  ,  1.3281288 ,  2.7166998 , -5.852846  ,  2.1234806 ,
       -3.6312027 , -2.5025191 , -7.1994443 ,  4.4096704 , -1.0293856 ,
       -6.4137487 ,  2.9829874 , -0.50585926,  7.1082726 ,  4.7751975 ,
        1.8868356 ,  0.7842313 ,  6.6548557 , -5.8408833 , -5.926466  ,
        0.73449767,  8.569619  ,  2.517822  ,  5.7256937 , -3.956728  ,
       -4.3516064 , -5.7105904 , -6.334195  ,  0.19591391,  6.777504  ,
        3.8232946 ,  4.19454   ,  2.256472  , -0.16859296,  7.016527  ,
        3.7970536 , -0.6210519 , -0.0362158 ,  4.0466127 , -6.5229692 ,
       -4.349672  ,  7.09441   ,  6.379263  , -5.229856  ,  6.685322  ,
        0.03772043,  6.157884  , -6.260522  ,  4.1498556 , -4.672595  ,
       -7.9863906 , -0.5303272 ,  1.8189406 ,  6.3024316 , -4.6622047 ,
       -4.14238   ,  7.6615634 , -3.7491808 ,  1.218569  ,  2.1892493 ,
        8.028666  ,  1.224303  ,  0.9356033 , -5.1767097 , -7.851645  ,
        3.7754822 ,  7.0538754 ,  3.6375668 , -3.8114443 ,  1.9363288 ],
      dtype=float32), 'decoder.fc.2.weight': array([[-0.89217186, -0.6502646 ,  0.90823615, ..., -1.0913274 ,
         0.9047245 ,  0.6005664 ],
       [ 0.9761951 ,  0.70021635,  1.1558726 , ...,  0.39300337,
         1.0661325 , -0.7993168 ],
       [ 0.00671025,  0.7809342 , -0.6545093 , ..., -0.3775553 ,
        -1.264808  , -1.1223897 ],
       ...,
       [-0.7075778 ,  0.11839749, -1.6268678 , ..., -0.476125  ,
         0.00613651, -0.35760903],
       [ 0.75787044,  0.89126277, -0.37410015, ..., -0.7794404 ,
         0.62180406,  0.4060059 ],
       [-0.44302207,  0.7681693 , -1.5469006 , ..., -0.36190164,
        -0.3490282 ,  1.1188998 ]], dtype=float32), 'decoder.fc.2.bias': array([-0.19848454, -0.66284955, -0.7750238 , ..., -1.1152205 ,
       -1.0590143 ,  0.6348414 ], dtype=float32), 'decoder.fc.4.weight': array([[ 0.5258778 , -0.47774333, -0.17794047, ...,  0.10086299,
         0.31346086,  0.28201756],
       [ 0.25144964,  0.00714535,  0.2372864 , ..., -0.19123203,
        -0.4715171 , -0.01650468],
       [ 0.3087799 ,  0.41167998, -0.41574126, ..., -0.12590109,
         0.68469226, -0.45571655],
       ...,
       [ 0.14094508, -0.64884156,  0.29528862, ...,  0.40539622,
         0.33319974, -0.29163548],
       [ 0.12133326,  0.47676077,  0.07845026, ..., -0.35650742,
         0.23856181,  0.5751203 ],
       [-0.55802613,  0.05599754, -0.10319352, ..., -0.28955418,
         0.30422348, -0.3761015 ]], dtype=float32), 'decoder.fc.4.bias': array([-0.02055584,  0.28408024,  0.01417228, -0.2297323 , -0.30248725,
        0.02937508,  0.01377388,  0.39514607, -0.6652005 , -0.07678778,
        0.2293207 ,  0.45566908, -0.34480214, -0.5728743 ,  0.06212072,
        0.14595816,  0.58469075, -0.07381421, -0.00114395,  0.0681831 ,
       -0.60568404, -0.08180987, -0.2604469 , -0.46324995,  0.17442116,
        0.15072249, -0.54143655, -0.77931917, -0.69438463, -0.0556993 ,
       -0.68479234,  0.22726819,  0.08980402, -0.44920647,  0.41902685,
        0.44565445, -0.7020013 , -0.53959674, -0.00781318,  0.10105316,
        0.36736697, -0.48341197, -0.0192072 ,  0.59995186,  0.42369103,
       -0.38880354, -0.06460544, -0.26395896,  0.10763074, -0.62886083,
        0.4844278 ,  0.15456057,  0.31025964,  0.5782938 , -0.6064299 ,
       -0.297005  , -0.46694893,  0.19785982, -0.3849649 ,  0.4123981 ,
       -0.00730592, -0.04759035, -0.16485554, -0.5603868 ,  0.29782206,
       -0.36189318, -0.36704597,  0.07156266, -0.18957835, -0.4631085 ,
       -0.5202861 ,  0.30178928,  0.6177882 ,  0.30412292,  0.41261807,
       -0.02486856,  0.29160866, -0.4813841 , -0.08891726, -0.04431241,
       -0.31176224, -0.09853724,  0.1058737 , -0.30450177, -0.21132907,
       -0.29959008, -0.04574775,  0.15246549, -0.05217332,  0.42144245,
        0.24960598,  0.510409  , -0.05535777, -0.33910674, -0.52045375,
        0.58001333,  0.22146954, -0.31798062, -0.6978728 ,  0.49455965,
       -0.06955963, -0.60493416, -0.5763532 , -0.44713295,  0.14057994,
       -0.73704064,  0.23701772, -0.23988736, -0.37417203, -0.46750307,
       -0.4825549 , -0.6781838 ,  0.33717853,  0.21821094, -0.1930725 ,
       -0.01347539, -0.06488322,  0.18970743,  0.463607  ,  0.19390462,
       -0.2145656 ,  0.28453976, -0.65173924, -0.0661983 , -0.07368539,
       -0.13467696, -0.07717758, -0.5722178 ,  0.1789177 ,  0.00881022,
        0.26597136,  0.20483387, -0.26928425,  0.05975519, -0.23443708,
        0.00724576, -0.705724  ,  0.47610784,  0.27219674, -0.4064854 ,
       -0.19086532, -0.33573496, -0.3497702 ,  0.36641034, -0.6543355 ,
       -0.4843229 , -0.33519337,  0.24100807, -0.17304769, -0.23351732,
       -0.6653223 ,  0.03658769, -0.69865704, -0.11005151,  0.41596472,
        0.22409621,  0.02908494,  0.01806454, -0.24270383,  0.23919958,
        0.10528953,  0.26372468,  0.46559885, -0.5308935 , -0.04421138,
        0.06434611, -0.15265718, -0.5811614 ,  0.4773786 ,  0.6941495 ,
       -0.6995078 , -0.40964955,  0.09700231, -0.48313665,  0.31803766,
       -0.6668223 ,  0.3556737 ,  0.38975993, -0.24278964, -0.02696314,
        0.17966655, -0.04473331, -0.2517873 , -0.32668605, -0.57920015,
       -0.19871996,  0.37944448, -0.26233768,  0.33501428,  0.09626781,
       -0.4590168 , -0.5713627 , -0.22587088, -0.32382342, -0.19858803,
        0.08770133,  0.1193369 , -0.06694439,  0.00304696,  0.41698632,
        0.46461457,  0.46104342,  0.15115474, -0.2359727 ,  0.39532623,
       -0.10338221, -0.2643565 ,  0.55244434,  0.2857989 ,  0.56266   ,
       -0.23463747,  0.62052006, -0.57678413,  0.11882157, -0.03000581,
        0.2792576 , -0.37901044, -0.19798042, -0.4635651 ,  0.3595225 ,
       -0.34861213, -0.19574621,  0.58353925, -0.47579658,  0.11249196,
       -0.07269346,  0.36131248, -0.23820685,  0.17157646,  0.09591852,
        0.13799396, -0.25454405, -0.29222596, -0.7788716 , -0.15558288,
       -0.5542758 , -0.09624506,  0.3601614 , -0.6555977 , -0.24848926,
        0.2876572 ,  0.4599758 ,  0.05329432,  0.4472276 , -0.3822382 ,
        0.52369845,  0.05493198,  0.20010154,  0.33891898, -0.24650033,
        0.06534421,  0.05715071, -0.11959329,  0.20954816, -0.48256153,
       -0.4906813 ,  0.16069166, -0.08971075, -0.28362483,  0.5106507 ,
       -0.37032533,  0.5426234 ,  0.5355629 ,  0.55407596, -0.29666632,
        0.48834103, -0.23754644,  0.2253232 ,  0.36150804, -0.54030424,
        0.1672011 ,  0.11069307,  0.10607211,  0.15754378, -0.16784535,
       -0.13054797,  0.58141875, -0.4603665 , -0.51986194, -0.4670984 ,
       -0.51814973,  0.10252094, -0.5308908 ,  0.20544358,  0.08541742,
       -0.0476362 , -0.41468638,  0.49045014, -0.46751735, -0.6190242 ,
       -0.21718183, -0.16129139,  0.0517938 , -0.24600396,  0.4498171 ,
        0.24950753, -0.10803004, -0.60191506,  0.3745554 , -0.23381813,
        0.08622888, -0.18372667, -0.5391586 , -0.69856113, -0.217128  ,
       -0.7953083 , -0.34163228, -0.5360279 ,  0.40079534,  0.45560217,
       -0.28323472,  0.01647428,  0.02215814, -0.3505407 , -0.60782844,
       -0.46061802,  0.1741791 ,  0.51534855,  0.26832765, -0.55758214,
        0.16968209,  0.3082407 , -0.23836944,  0.15545295, -0.58683074,
        0.14387208,  0.16997677, -0.03152239, -0.4644513 ,  0.02470519,
       -0.23813026,  0.06400815, -0.34929627, -0.6862909 ,  0.20115311,
        0.09352272, -0.60099953,  0.00135265, -0.14875568,  0.16653287,
        0.23714161, -0.52126795,  0.41640604, -0.6232716 ,  0.44060338,
       -0.05612256, -0.3626893 , -0.1256629 ,  0.23609254, -0.60852665,
       -0.6210702 ,  0.3641181 ,  0.37367743, -0.5031855 ,  0.44271395,
        0.3736217 , -0.7207709 ,  0.31945407, -0.6743993 , -0.5213524 ,
       -0.6324482 ,  0.25307387,  0.6871084 , -0.6175367 , -0.04841166,
       -0.02440849,  0.21613681,  0.56899667, -0.3753797 ,  0.321377  ,
       -0.63575053,  0.12790102,  0.38391912, -0.39349553, -0.09247392,
        0.08326963,  0.17527194, -0.2205737 ,  0.21638252,  0.11271086,
       -0.13175786, -0.3622186 , -0.03915188,  0.13973919, -0.0282466 ,
        0.00226438, -0.2603407 , -0.38214353, -0.0805193 ,  0.11121603,
        0.16753528,  0.4595415 , -0.1155608 , -0.05884308, -0.11215982,
        0.17876749, -0.5931314 , -0.04860204,  0.03703678, -0.20092985,
       -0.65240854,  0.20076913, -0.3071955 ,  0.20453864, -0.7380295 ,
       -0.00411119,  0.3655483 ,  0.28545836, -0.2396039 ,  0.05121631,
       -0.5758809 ,  0.43085587, -0.47068432, -0.23926534,  0.45566708,
        0.10855377,  0.6249198 , -0.53180075,  0.12063105, -0.20730233,
       -0.40732265, -0.6809443 ,  0.20325564,  0.18359493, -0.27301133,
       -0.5678588 , -0.18496233, -0.06289015, -0.4128362 , -0.10686378,
       -0.5425596 ,  0.14735262, -0.32481986,  0.48646748,  0.4747591 ,
        0.32300603,  0.47317916, -0.8173983 , -0.33774656, -0.17628701,
        0.09735125, -0.17603058, -0.5548798 ,  0.40853232,  0.01455264,
        0.11749086,  0.43179476, -0.3213216 , -0.28902316,  0.03519282,
       -0.41784242, -0.64048076, -0.71486443,  0.34504187, -0.11121394,
        0.15736672,  0.03175214, -0.05889748,  0.09689687,  0.3931074 ,
        0.5331918 ,  0.21594658,  0.4725555 ,  0.14850402,  0.43177336,
       -0.09641038, -0.6132535 , -0.77796924,  0.46658206,  0.35210627,
        0.426813  ,  0.47011107,  0.15659928, -0.18499422,  0.00943342,
       -0.16437459, -0.25461867,  0.19869544, -0.63675654,  0.10660791,
       -0.39082432, -0.49266616, -0.7394514 , -0.20918359, -0.21598679,
        0.61380696,  0.44720426,  0.55768585, -0.42442724, -0.67571765,
       -0.08888428,  0.2755835 , -0.28591576,  0.661708  ,  0.41858995,
       -0.4170759 ,  0.41506433, -0.7289002 , -0.75542974, -0.21900111],
      dtype=float32), 'decoder.fc.6.weight': array([[-0.6191199 ,  0.60333985, -0.21885169, ...,  1.5596393 ,
        -0.8706138 ,  0.1919193 ],
       [ 0.73727214, -0.7788806 , -0.96432674, ...,  0.94207186,
         0.245756  , -0.4523475 ],
       [ 0.07468477, -0.47052687,  1.0035062 , ..., -0.8603133 ,
         0.8161666 ,  0.67892027],
       ...,
       [ 0.51298183, -0.8782649 , -0.82177806, ..., -0.21023107,
         0.40675208,  0.6681232 ],
       [-0.1169379 , -1.2208638 , -0.4656582 , ..., -0.00230726,
        -0.22533156, -0.04479082],
       [-1.0477523 ,  0.02012701,  0.7821752 , ..., -0.31494847,
         0.4604063 ,  0.6797038 ]], dtype=float32), 'decoder.fc.6.bias': array([ 0.29968068, -1.0951312 ,  0.6264128 , ...,  0.16045563,
       -0.86024135,  0.4862322 ], dtype=float32)}
[Time: 29.01.25 15:06:14] [Level: info] [State: aggregate] Updating global model...
[Time: 29.01.25 15:06:14] [Level: info] [State: aggregate] Broadcasting model...
[Time: 29.01.25 15:06:14] [Level: info] transition: compute
127.0.0.1 - - [29/Jan/2025 15:06:14] "GET /api/status HTTP/1.0" 200 158
[CTRL] GET /data
[Time: 29.01.25 15:06:15] [Level: info] state: compute
[Time: 29.01.25 15:06:15] [Level: info] [State: compute] ITERATION 5
[Time: 29.01.25 15:06:15] [Level: info] [State: compute] receiving weights...
[Time: 29.01.25 15:06:15] [Level: info] [State: compute] Loading global weights for model...
[Time: 29.01.25 15:06:15] [Level: info] [State: compute] Updated model with received weights.
[Time: 29.01.25 15:06:15] [Level: info] [State: compute] Loading data...
[Time: 29.01.25 15:06:15] [Level: info] [State: compute] Preparing model training...
[Time: 29.01.25 15:06:15] [Level: info] [State: compute] Training model...
[Time: 29.01.25 15:06:17] [Level: info] [State: compute] Epoch 10, Loss: 439367.4375
[Time: 29.01.25 15:06:20] [Level: info] [State: compute] Epoch 20, Loss: 430963.21875
127.0.0.1 - - [29/Jan/2025 15:06:20] "GET /api/data HTTP/1.0" 200 58363374
127.0.0.1 - - [29/Jan/2025 15:06:23] "GET /api/status HTTP/1.0" 200 155
127.0.0.1 - - [29/Jan/2025 15:06:25] "GET /api/status HTTP/1.0" 200 155
127.0.0.1 - - [29/Jan/2025 15:06:27] "GET /api/status HTTP/1.0" 200 155
[Time: 29.01.25 15:06:28] [Level: info] [State: compute] Epoch 30, Loss: 421733.90625
127.0.0.1 - - [29/Jan/2025 15:06:29] "GET /api/status HTTP/1.0" 200 155
127.0.0.1 - - [29/Jan/2025 15:06:31] "GET /api/status HTTP/1.0" 200 155
127.0.0.1 - - [29/Jan/2025 15:06:33] "GET /api/status HTTP/1.0" 200 155
127.0.0.1 - - [29/Jan/2025 15:06:35] "GET /api/status HTTP/1.0" 200 155
127.0.0.1 - - [29/Jan/2025 15:06:37] "GET /api/status HTTP/1.0" 200 155
[Time: 29.01.25 15:06:38] [Level: info] [State: compute] Epoch 40, Loss: 412643.96875
127.0.0.1 - - [29/Jan/2025 15:06:39] "GET /api/status HTTP/1.0" 200 155
127.0.0.1 - - [29/Jan/2025 15:06:41] "GET /api/status HTTP/1.0" 200 155
127.0.0.1 - - [29/Jan/2025 15:06:43] "GET /api/status HTTP/1.0" 200 155
127.0.0.1 - - [29/Jan/2025 15:06:45] "GET /api/status HTTP/1.0" 200 155
127.0.0.1 - - [29/Jan/2025 15:06:47] "GET /api/status HTTP/1.0" 200 155
[Time: 29.01.25 15:06:49] [Level: info] [State: compute] Epoch 50, Loss: 403944.75
127.0.0.1 - - [29/Jan/2025 15:06:49] "GET /api/status HTTP/1.0" 200 155
127.0.0.1 - - [29/Jan/2025 15:06:51] "GET /api/status HTTP/1.0" 200 155
127.0.0.1 - - [29/Jan/2025 15:06:53] "GET /api/status HTTP/1.0" 200 155
127.0.0.1 - - [29/Jan/2025 15:06:55] "GET /api/status HTTP/1.0" 200 155
127.0.0.1 - - [29/Jan/2025 15:06:57] "GET /api/status HTTP/1.0" 200 155
127.0.0.1 - - [29/Jan/2025 15:06:59] "GET /api/status HTTP/1.0" 200 155
127.0.0.1 - - [29/Jan/2025 15:07:01] "GET /api/status HTTP/1.0" 200 155
[Time: 29.01.25 15:07:02] [Level: info] [State: compute] Epoch 60, Loss: 395670.65625
127.0.0.1 - - [29/Jan/2025 15:07:03] "GET /api/status HTTP/1.0" 200 155
127.0.0.1 - - [29/Jan/2025 15:07:05] "GET /api/status HTTP/1.0" 200 155
127.0.0.1 - - [29/Jan/2025 15:07:07] "GET /api/status HTTP/1.0" 200 155
127.0.0.1 - - [29/Jan/2025 15:07:09] "GET /api/status HTTP/1.0" 200 155
127.0.0.1 - - [29/Jan/2025 15:07:11] "GET /api/status HTTP/1.0" 200 155
127.0.0.1 - - [29/Jan/2025 15:07:13] "GET /api/status HTTP/1.0" 200 155
127.0.0.1 - - [29/Jan/2025 15:07:15] "GET /api/status HTTP/1.0" 200 155
[Time: 29.01.25 15:07:16] [Level: info] [State: compute] Epoch 70, Loss: 387795.28125
127.0.0.1 - - [29/Jan/2025 15:07:17] "GET /api/status HTTP/1.0" 200 155
127.0.0.1 - - [29/Jan/2025 15:07:19] "GET /api/status HTTP/1.0" 200 155
127.0.0.1 - - [29/Jan/2025 15:07:21] "GET /api/status HTTP/1.0" 200 155
127.0.0.1 - - [29/Jan/2025 15:07:23] "GET /api/status HTTP/1.0" 200 155
127.0.0.1 - - [29/Jan/2025 15:07:25] "GET /api/status HTTP/1.0" 200 155
127.0.0.1 - - [29/Jan/2025 15:07:27] "GET /api/status HTTP/1.0" 200 155
[Time: 29.01.25 15:07:28] [Level: info] [State: compute] Epoch 80, Loss: 380280.40625
127.0.0.1 - - [29/Jan/2025 15:07:29] "GET /api/status HTTP/1.0" 200 155
127.0.0.1 - - [29/Jan/2025 15:07:31] "GET /api/status HTTP/1.0" 200 155
127.0.0.1 - - [29/Jan/2025 15:07:33] "GET /api/status HTTP/1.0" 200 155
127.0.0.1 - - [29/Jan/2025 15:07:35] "GET /api/status HTTP/1.0" 200 155
127.0.0.1 - - [29/Jan/2025 15:07:37] "GET /api/status HTTP/1.0" 200 155
127.0.0.1 - - [29/Jan/2025 15:07:39] "GET /api/status HTTP/1.0" 200 155
[Time: 29.01.25 15:07:41] [Level: info] [State: compute] Epoch 90, Loss: 373088.8125
127.0.0.1 - - [29/Jan/2025 15:07:41] "GET /api/status HTTP/1.0" 200 155
127.0.0.1 - - [29/Jan/2025 15:07:44] "GET /api/status HTTP/1.0" 200 155
127.0.0.1 - - [29/Jan/2025 15:07:46] "GET /api/status HTTP/1.0" 200 155
127.0.0.1 - - [29/Jan/2025 15:07:48] "GET /api/status HTTP/1.0" 200 155
127.0.0.1 - - [29/Jan/2025 15:07:50] "GET /api/status HTTP/1.0" 200 155
[Time: 29.01.25 15:07:51] [Level: info] [State: compute] Epoch 100, Loss: 366188.84375
127.0.0.1 - - [29/Jan/2025 15:07:52] "GET /api/status HTTP/1.0" 200 155
/usr/local/lib/python3.8/site-packages/sklearn/cluster/_kmeans.py:1416: FutureWarning: The default value of `n_init` will change from 10 to 'auto' in 1.4. Set the value of `n_init` explicitly to suppress the warning
  super()._check_params_vs_input(X, default_n_init=10)
/usr/local/lib/python3.8/site-packages/sklearn/base.py:1152: ConvergenceWarning: Number of distinct clusters (1) found smaller than n_clusters (2). Possibly due to duplicate points in X.
  return fit_method(estimator, *args, **kwargs)
[Time: 29.01.25 15:07:52] [Level: info] [State: compute] Saving model and decoder...
[Time: 29.01.25 15:07:52] [Level: info] [State: compute] Sent updated weights to coordinator.
[Time: 29.01.25 15:07:52] [Level: info] transition: aggregate
[Time: 29.01.25 15:07:53] [Level: info] state: aggregate
[Time: 29.01.25 15:07:53] [Level: info] [State: aggregate] Waitig for local models...
127.0.0.1 - - [29/Jan/2025 15:07:54] "GET /api/status HTTP/1.0" 200 157
127.0.0.1 - - [29/Jan/2025 15:07:56] "GET /api/status HTTP/1.0" 200 157
127.0.0.1 - - [29/Jan/2025 15:07:58] "GET /api/status HTTP/1.0" 200 157
127.0.0.1 - - [29/Jan/2025 15:08:00] "GET /api/status HTTP/1.0" 200 157
127.0.0.1 - - [29/Jan/2025 15:08:02] "GET /api/status HTTP/1.0" 200 157
[CTRL] POST /data
127.0.0.1 - - [29/Jan/2025 15:08:04] "POST /api/data?client=cb0eff23a39cbe7d&memo=GATHERROUND5 HTTP/1.0" 200 0
127.0.0.1 - - [29/Jan/2025 15:08:04] "GET /api/status HTTP/1.0" 200 157
[CTRL] POST /data
127.0.0.1 - - [29/Jan/2025 15:08:04] "POST /api/data?client=c93e49e7bf8a8b05&memo=GATHERROUND5 HTTP/1.0" 200 0
[Time: 29.01.25 15:08:04] [Level: info] [State: aggregate] {'encoder.fc.0.weight': array([[ 0.40335616, -0.6063315 , -0.26362398, ..., -0.30562845,
        -0.47874638,  0.9110458 ],
       [ 0.00613569,  0.78498334,  0.33458745, ..., -0.0370255 ,
         0.5542427 , -0.6605462 ],
       [-0.65816534, -0.56715703, -0.17630799, ...,  0.05926775,
        -0.11532492,  0.08089823],
       ...,
       [-0.44570112, -0.61432517,  0.18541574, ..., -0.7408409 ,
        -0.76090443,  0.3518992 ],
       [ 0.5756446 , -0.3520992 ,  0.9389314 , ...,  0.6651026 ,
        -0.64673764,  0.2566621 ],
       [ 0.19376862, -0.23119062,  0.7728441 , ..., -0.14411952,
        -0.5043857 , -0.31035027]], dtype=float32), 'encoder.fc.0.bias': array([-0.4690371 , -1.3008366 ,  1.0584002 , -0.4670053 , -0.1977865 ,
       -1.5530975 , -0.57014674, -0.83956593,  0.05596586, -1.3417351 ,
       -1.2032019 , -0.11830737,  0.00210186, -0.4514565 , -1.1639835 ,
       -0.12645233, -1.2085481 , -1.0826471 , -0.6302002 , -1.1472151 ,
        0.48716462, -0.14984551, -0.53760993,  0.43025434, -1.3148968 ,
       -0.6830338 , -0.10799877, -0.992034  , -0.794832  , -0.20782447,
       -0.3032686 , -0.16151308, -0.62174606, -0.71323884, -0.3086549 ,
        0.2073294 , -0.26229447, -1.1326933 , -0.2320652 ,  0.4501019 ,
       -1.1888525 , -0.47700423,  0.01055081, -0.3813333 , -0.15648228,
        1.343318  , -1.4774339 , -0.63836884, -1.3548743 , -0.13032563,
       -0.30228248, -1.2549165 , -0.15281335,  0.29956216, -1.0777557 ,
        0.16028622,  0.72052085, -0.4747135 , -0.25003818, -0.16899185,
       -0.91269314, -0.19879664, -0.2532463 , -0.16792168, -0.37494248,
       -1.3219302 , -0.22381997, -1.2416272 , -0.26554725, -0.4113624 ,
       -0.6753775 , -0.92313683, -0.7667787 ,  0.3690791 , -0.8479502 ,
       -0.38942164, -0.97920954, -0.85930413, -0.43668088, -0.7086338 ,
       -0.80212784, -0.94921756,  0.4731952 , -0.44914353,  0.2095086 ,
        0.6854619 , -1.0646322 , -0.5460354 , -0.8143728 , -0.4645279 ,
       -0.14990759,  0.6959839 ,  0.02314017, -0.58844846, -0.8579253 ,
        0.5538434 , -0.27604318, -0.50840974,  0.45236295,  1.4292088 ,
       -0.7333877 ,  0.03082042, -0.26129484, -0.32770926, -0.13581192,
       -0.9335967 , -0.5263387 , -1.0942156 , -0.67602575, -0.09558479,
        0.0023237 , -0.05503659,  0.22513163,  0.35389414, -0.9141967 ,
       -0.45337334,  0.27448076, -0.9351713 ,  0.12042377, -0.2932942 ,
       -0.20300774,  0.6489407 , -0.8931762 , -0.91475576, -1.0093741 ,
        0.9328984 ,  0.13654144, -0.47657353, -0.53254735, -0.7436228 ,
        0.3528515 , -0.5302433 , -1.2270222 , -0.04292309, -0.34080473,
       -0.48112732, -1.0636373 ,  0.31597084, -0.5751899 , -1.0791056 ,
       -0.07600859, -0.4630034 , -1.5115663 , -0.57169735, -0.9672917 ,
       -0.28708038, -0.37438124, -0.51173985, -0.80814075, -1.1549476 ,
       -0.14709331, -0.20232658, -0.11987072, -0.02295508, -0.22192827,
       -1.5358127 , -1.0074332 , -0.5956565 ,  0.83037317, -1.0110089 ,
        0.372815  , -0.6716193 , -0.3331048 , -1.0616468 , -1.0571041 ,
       -1.483762  , -0.20551449, -0.38371742, -0.8904975 ,  0.8768977 ,
       -1.3128889 , -1.4807327 ,  0.03637275, -0.11333735, -0.5912497 ,
       -0.24269706, -1.3019228 , -1.026931  ,  0.04583794, -0.4783177 ,
       -1.1541593 , -0.25982985, -0.45821452, -0.13258047, -0.64486635,
       -0.2620843 , -1.0055892 ,  0.00591243,  0.06710593, -0.49966446,
       -0.12861748,  0.19738506, -1.549202  , -0.8872067 , -0.16198485,
       -0.08344143, -0.20597345, -0.8218496 , -0.57015634,  0.54195404,
        0.11721394, -0.13347824, -0.17732368, -0.7650606 , -0.84569824,
       -0.487224  , -0.92489386, -0.07055079, -1.3071371 , -1.5273485 ,
       -1.5602739 , -0.9735895 , -0.67949915, -0.10460515, -0.6324707 ,
       -0.34292305, -0.87146795, -0.6000105 , -0.90352356, -0.6879167 ,
        0.07442185, -1.0120561 , -0.51990104,  0.00564024,  0.3915999 ,
        0.5337312 , -0.29689807, -0.784003  , -0.23934293, -0.19489174,
       -0.64116156, -0.87496626, -0.3945559 , -0.92663723, -0.73734653,
       -0.9753915 , -0.30088148, -0.8972349 , -0.60477024, -0.733482  ,
       -0.6782992 , -0.43654382, -1.1666679 , -0.22982821, -0.43369815,
        0.05247836, -0.5120612 , -1.2186366 , -0.46870664, -0.46306673,
       -0.31051433, -1.2311456 , -1.1117462 , -0.04149432, -1.0686944 ,
       -0.49052954,  0.07100093, -0.61542434, -0.39729246, -0.19038905,
       -0.29111418,  0.0769878 , -1.1408265 , -0.7459368 ,  0.18434012,
        0.5897454 , -1.5545653 , -0.13562769, -1.1096435 , -0.12473024,
       -0.7837589 , -0.09670957, -0.17517631, -0.792039  , -0.9008626 ,
       -0.4125958 , -0.41569054, -1.434395  , -0.3037986 , -0.41583285,
       -1.1111314 , -1.3700483 ,  0.67219347,  0.08907993,  0.3043262 ,
       -0.40794468,  0.01924353, -1.0897692 ,  0.33830222,  0.5119813 ,
       -0.25341588, -0.9651359 , -1.0697211 , -0.09065389, -0.2063756 ,
       -0.14799216, -1.212768  ,  0.1398017 ,  0.12042903, -1.1998866 ,
       -0.3246867 , -0.21257861, -1.2924072 , -1.4583147 , -0.59921455,
       -0.5134195 , -1.1381204 , -1.46142   , -0.03620482, -0.26732185,
        0.02925529, -1.3804631 , -0.36980858, -1.0820532 , -0.70497024,
       -1.1397367 , -0.40841243, -0.00359736, -1.0541389 , -1.4666339 ,
       -0.6982736 ,  0.61424017, -0.9203183 ,  0.13011193, -0.06176673,
       -0.5591262 , -1.6024929 , -0.6418043 , -0.53410095,  0.89201   ,
       -0.8947239 , -0.5632538 , -0.25533164, -0.7366682 , -1.5272596 ,
       -0.7819072 , -0.4888937 , -0.5243243 ,  0.4371071 , -0.59452134,
        0.4953648 , -0.975047  , -0.5076057 , -0.881318  , -1.7438914 ,
       -1.6620083 , -0.42138922, -0.14147335, -0.8451523 , -1.3388665 ,
       -1.0151273 ,  0.42711025, -0.81102693, -0.2778467 , -0.05960539,
       -0.65882045, -1.2461617 , -0.07748544, -0.27414998, -0.56448424,
       -0.589201  ,  0.3218419 , -0.38954055, -0.8255012 , -0.7025472 ,
       -0.6361185 , -1.2967563 , -0.8098861 , -0.22561331, -0.641182  ,
       -1.023746  ,  0.26067296, -0.97617006,  0.14416297, -1.0279148 ,
       -0.20682335, -0.9761293 , -0.69633675,  0.04402755, -1.3813517 ,
       -0.3387322 ,  0.20661572,  0.19893226, -0.01710855, -0.77370673,
       -0.21926937, -0.28815955,  0.9410788 ,  0.79965484, -0.68117505,
        0.8790706 , -0.5543524 , -1.0555506 , -0.96710765, -1.6487198 ,
        0.5308247 , -0.37068152, -1.5921416 ,  0.01138601, -0.5965513 ,
       -0.28023738, -0.96212614, -1.1846827 , -0.5779084 , -0.9219643 ,
        0.12436172, -0.48117894,  0.5070808 , -0.1288648 , -0.71659136,
       -0.10116814, -0.03276387, -0.25552973, -0.39510378, -0.43191952,
       -0.05886271,  0.15878162,  0.07712267, -0.58574426, -0.10912736,
       -1.3918993 , -0.90073276, -0.21795937, -0.05771325,  0.0995876 ,
       -0.8830227 , -0.4655286 , -1.24623   , -0.2925232 , -1.0772715 ,
        0.48671964, -0.10189775, -0.16595186, -0.07772451,  0.20123962,
        0.04700619, -0.73806924,  0.46631482, -0.57673776, -0.20192754,
       -1.0460569 ,  0.08942841,  0.09101087, -1.6770635 , -1.2485626 ,
       -0.33295423, -1.2788792 , -0.9437295 , -1.284668  , -0.37772924,
       -1.4315032 , -1.2577596 , -1.2356157 , -0.27053237, -0.1752194 ,
       -1.2361495 ,  0.5172856 , -1.2379858 ,  0.34388977, -0.13149029,
       -1.5686816 ,  0.48993096, -0.8069792 , -0.2963748 , -0.14668086,
        0.5956558 , -0.81331676, -1.2053995 , -0.37321562, -0.5319345 ,
        0.12470181, -0.89976764, -1.475202  , -1.4237819 , -0.01019746,
       -0.25118893,  0.15899006, -0.57315576, -1.0896564 , -0.16075239,
        0.00829327, -0.602726  ,  0.18796295, -1.4014909 , -0.695288  ,
       -1.1791244 , -0.8087717 , -0.61386   , -0.02526589, -1.2285649 ,
       -0.68813056, -1.5125803 , -0.16740808, -0.7994156 , -1.1736577 ,
       -0.67963254, -0.8837192 ,  0.02919302,  0.39589155, -0.07397541],
      dtype=float32), 'encoder.fc.2.weight': array([[-3.6177568 ,  0.902112  ,  2.5682073 , ..., -0.34733808,
        -2.7721424 ,  0.03558185],
       [ 0.3739004 , -0.5775727 , -3.2957768 , ..., -0.07946896,
        -2.9887753 , -3.79167   ],
       [-2.2968457 ,  2.5586998 , -3.863361  , ...,  2.9600825 ,
        -3.0326252 ,  1.2860479 ],
       ...,
       [ 0.83396226, -3.9975014 , -3.1794066 , ...,  1.5729561 ,
        -0.47198707, -3.0970702 ],
       [ 0.39866972, -3.9910548 ,  1.0142207 , ..., -1.8696674 ,
        -2.6018872 , -1.8320367 ],
       [-2.8630118 ,  0.02649185, -3.0715518 , ..., -0.22499019,
        -0.50854003, -0.3434432 ]], dtype=float32), 'encoder.fc.2.bias': array([ 3.2303495, -2.3025045,  2.829973 , ..., -0.7710302, -2.679496 ,
       -1.5381575], dtype=float32), 'encoder.fc.4.weight': array([[-1.8195895 ,  0.3023834 , -0.28864282, ...,  0.9015037 ,
         0.06250443, -1.7600055 ],
       [ 1.4497648 ,  1.40361   ,  1.2053978 , ..., -1.5888431 ,
        -0.18149897, -0.39839017],
       [-1.5842762 ,  0.5715384 ,  1.6083357 , ..., -0.05276439,
        -0.6811332 ,  0.43155858],
       ...,
       [-1.582372  , -0.7027807 , -0.0593281 , ..., -0.9731555 ,
         0.9620652 ,  2.0161176 ],
       [-1.1163322 , -0.09864304,  1.6056836 , ..., -0.6299138 ,
        -1.822288  , -0.1846485 ],
       [-0.00531308,  0.5693645 , -2.0775752 , ..., -1.4397416 ,
        -1.2314478 ,  1.0010587 ]], dtype=float32), 'encoder.fc.4.bias': array([-2.08272243e+00, -2.88422346e-01, -2.81342745e-01, -1.24325395e+00,
       -2.72095520e-02,  2.99564213e-01,  9.57145691e-01, -1.86725879e+00,
       -1.71867180e+00, -2.00493240e+00, -1.51686251e+00,  8.35056961e-01,
       -4.61163342e-01, -1.86785388e+00, -7.80210078e-01, -1.35550308e+00,
       -1.92630494e+00, -9.67115879e-01, -1.98645306e+00, -1.48994029e+00,
       -2.08490208e-01, -3.85767035e-02, -1.71167958e+00, -1.89517987e+00,
       -1.75575221e+00, -1.52897930e+00, -2.59458035e-01,  1.22062159e+00,
       -6.96082592e-01, -9.22768235e-01, -5.61597586e-01,  1.63133562e+00,
       -2.05110860e+00, -1.49319947e-01, -3.38527560e-01, -2.05511972e-01,
        9.32662189e-01,  8.18847537e-01, -1.06275737e+00, -1.88442850e+00,
       -1.44531560e+00, -1.27422571e+00,  1.26417124e+00, -2.19229650e+00,
       -3.33566159e-01, -4.14948583e-01, -6.47976995e-01,  2.60243893e-01,
       -7.53712177e-01,  1.25523973e+00,  4.60434347e-01,  2.87551284e-01,
       -1.31748319e+00,  1.22033358e+00, -1.40183282e+00, -9.06296611e-01,
        1.47930130e-01,  4.68261214e-03, -7.14041710e-01, -5.13226509e-01,
        2.50264227e-01, -1.64888072e+00,  6.57645702e-01, -5.93050480e-01,
        5.64731359e-01,  5.45859694e-01, -3.28416169e-01,  5.06259918e-01,
       -1.67201734e+00, -3.64884049e-01, -1.05433536e+00, -9.16511536e-01,
        6.13043785e-01, -6.31419182e-01,  1.22115159e+00, -2.10947111e-01,
        5.55863619e-01, -8.31239998e-01, -1.55045819e+00, -1.81690300e+00,
       -1.28799760e+00,  1.53306150e+00,  1.32794809e+00, -9.78126079e-02,
       -1.33938527e+00,  8.49367604e-02,  1.85254678e-01, -4.54110742e-01,
        1.02793658e+00, -1.14540970e+00,  9.43474412e-01, -1.58841562e+00,
       -9.93073881e-02,  1.36101699e+00, -9.44769859e-01, -2.01765871e+00,
       -9.80832458e-01,  4.30813998e-01,  5.50265789e-01, -1.88672948e+00,
       -5.34858406e-01, -7.88467169e-01, -2.09957957e+00,  5.46950638e-01,
        1.69201636e+00,  2.28618622e-01, -1.72287369e+00, -6.69961691e-01,
       -1.12275875e+00, -1.65744174e+00, -8.77254367e-01,  4.57616419e-01,
        8.50154221e-01,  1.07406521e+00,  9.56883072e-04, -1.29783821e+00,
        2.82373846e-01,  2.46849768e-02, -8.18475246e-01, -9.44512248e-01,
        8.70892033e-02,  5.45031488e-01,  1.48941755e-01,  8.59874547e-01,
        1.42411202e-01, -6.30723119e-01, -3.71321082e-01,  1.40265763e+00,
       -2.06071901e+00,  2.84652710e-01, -2.01308227e+00,  1.44107819e+00,
       -5.36426604e-01, -2.06727242e+00, -3.19416970e-02,  4.91052270e-01,
        2.24482700e-01,  8.25171053e-01, -1.05847955e+00, -1.63582885e+00,
       -1.70114207e+00,  5.69180965e-01,  9.87190008e-01,  1.35597444e+00,
       -5.97663999e-01, -4.29959059e-01, -6.47578388e-02,  1.08161736e+00,
       -1.19903016e+00, -1.59065413e+00, -7.11495519e-01, -1.39291954e+00,
       -3.33380461e-01,  6.20041847e-01,  3.76434565e-01,  1.14582574e+00,
       -1.14095545e+00, -6.71995759e-01, -1.24735296e+00, -1.53789926e+00,
        1.16523957e+00,  1.06485426e+00,  1.58326134e-01, -1.20720237e-01,
        8.89164209e-01,  1.93241835e-01, -2.70282090e-01,  1.99373889e+00,
       -1.91244578e+00, -1.61277026e-01, -1.62830973e+00,  4.60052758e-01,
       -1.38567340e+00, -2.29985642e+00,  4.41388369e-01, -8.05041075e-01,
       -1.40186381e+00, -1.81398058e+00, -1.42309165e+00,  1.13913798e+00,
       -1.32698369e+00, -1.53572452e+00,  8.28680873e-01,  1.34615779e+00,
       -1.97223097e-01,  2.28767797e-01,  1.48052013e+00,  4.27220017e-01,
       -1.05807114e+00,  1.24975955e+00,  5.38501024e-01, -1.42242908e-01,
       -8.38094205e-02, -4.61597502e-01,  1.01894662e-01, -4.09110814e-01,
       -1.67499691e-01,  7.42664933e-02, -1.76773596e+00, -4.01592404e-01,
       -1.89007080e+00, -8.02676558e-01, -1.19444823e+00, -1.11957991e+00,
       -1.28744054e+00,  1.20347786e+00,  5.03357410e-01, -1.37688017e+00,
       -5.25801122e-01, -2.06328964e+00, -8.18827152e-01, -1.33965349e+00,
       -2.08960056e+00, -1.59574389e+00,  7.77706802e-02, -5.06443560e-01,
        2.02354461e-01, -1.10205936e+00, -2.81198114e-01, -4.91326712e-02,
        8.63926053e-01,  1.41383755e+00, -2.21464849e+00,  8.20757821e-02,
        8.50760341e-01, -1.89298332e+00, -1.87447739e+00,  7.90897965e-01,
       -7.71713614e-01,  5.23931503e-01,  5.97803771e-01, -5.22794664e-01,
        1.03204894e+00, -4.20356810e-01, -2.33482763e-01,  5.58387995e-01,
        8.66468430e-01, -1.47989237e+00, -6.72887743e-01, -1.62953746e+00,
       -1.44511735e+00, -7.48886615e-02,  4.33567047e-01,  2.81508654e-01,
       -2.01197839e+00,  6.41731024e-01, -2.13034248e+00,  1.08585644e+00,
       -4.65169922e-02, -1.51480401e+00, -1.31815791e+00,  1.24187267e+00,
       -1.13902211e+00,  1.20881534e+00, -1.77015305e+00, -1.04638919e-01,
       -4.95671421e-01, -1.57854617e+00, -4.52723265e-01,  2.86542207e-01,
        9.30637956e-01,  1.04789168e-01,  8.06517005e-02, -1.15641809e+00,
        4.21315581e-01,  1.13652623e+00, -5.42703450e-01, -1.11136281e+00,
       -1.00676203e+00, -1.43769062e+00,  6.28634810e-01,  1.07864428e+00,
       -8.57041121e-01, -4.03786272e-01,  1.90872073e-01, -2.20505095e+00,
       -9.69060183e-01, -2.03774548e+00, -1.61431909e+00,  1.57264674e+00,
        1.04470432e+00, -1.02987659e+00,  3.33838046e-01,  1.30020368e+00,
        8.20784569e-02,  1.02733636e+00,  1.12707925e+00,  2.39250720e-01,
       -1.60820961e+00,  2.16669649e-01, -7.75149465e-01,  3.89405131e-01,
       -4.07131255e-01, -2.02002954e+00, -3.80856916e-02, -1.79515505e+00,
       -2.99309224e-01, -5.69561481e-01, -1.83237576e+00, -1.74235272e+00,
       -1.77290416e+00,  1.32776308e+00, -2.03187680e+00,  5.19654274e-01,
        1.38038087e+00,  5.90984523e-01, -1.78021824e+00, -9.00126576e-01,
        4.00203168e-01, -4.95415002e-01,  5.85584283e-01,  1.07948267e+00,
       -4.51506793e-01,  9.32376623e-01, -1.26629424e+00, -1.76836896e+00,
        1.09855592e+00,  2.49770299e-01, -1.43375099e+00,  9.81940478e-02,
       -6.75182641e-01, -1.06753957e+00, -2.10404158e+00, -1.17480183e+00,
       -8.41894984e-01,  1.38599157e+00,  1.08804321e+00, -5.64701915e-01,
        6.09634340e-01, -5.98900139e-01, -1.00488985e+00, -6.60356462e-01,
        1.39428830e+00,  1.91091776e-01, -6.22324109e-01, -1.00067890e+00,
        6.26145363e-01, -8.97397578e-01, -1.00797296e+00, -2.02725604e-01,
        4.15222883e-01,  7.29591429e-01, -1.38950908e+00,  6.46187484e-01,
        4.41911995e-01,  1.69204724e+00,  2.13818192e-01,  1.56407893e-01,
        2.28047624e-01,  3.04970980e-01,  4.78071809e-01, -3.19218338e-01,
       -1.51604891e-01, -2.06069916e-01, -2.07196236e+00, -1.21620584e+00,
        5.63590169e-01, -8.95182133e-01, -1.84309864e+00, -3.79495025e-01,
       -8.99595618e-01, -8.43420804e-01, -7.80276954e-02,  1.08356869e+00,
       -1.82375479e+00,  1.07747221e+00, -1.65792322e+00, -1.70626080e+00,
        6.75493777e-01, -2.05943994e-02, -6.70125067e-01,  1.67375898e+00,
       -2.55404860e-01, -1.33799401e-03,  1.02116871e+00,  2.79545914e-02,
       -1.34064317e+00, -4.72929865e-01,  7.06730247e-01, -8.35204273e-02,
        1.13111687e+00,  8.09665382e-01,  1.01893890e+00, -8.48578364e-02,
        2.51654953e-01, -2.05859423e+00, -2.00424600e+00, -1.10260713e+00,
       -1.09936404e+00, -5.91118574e-01, -6.31392837e-01, -5.14839888e-01,
       -8.74161243e-01, -3.78908783e-01,  1.00449181e+00, -1.60568583e+00,
        5.59646785e-01,  1.16341221e+00,  6.28575504e-01, -1.06598064e-01,
       -6.90524817e-01,  1.00435996e+00, -1.15501952e+00,  9.99386966e-01,
        9.92194489e-02,  2.44797736e-01,  7.52268553e-01, -1.27759266e+00,
       -1.88276374e+00,  7.23537803e-01, -2.07201838e+00,  1.18721843e+00,
        3.51911932e-01,  3.71958837e-02, -1.70491147e+00,  6.22460961e-01,
        9.55754995e-01, -5.74125350e-01, -4.83011842e-01,  2.10367575e-01,
        1.30310512e+00,  3.43924582e-01,  1.31323123e+00,  6.76766634e-01,
       -1.08586752e+00, -3.53711605e-01,  2.85777867e-01, -2.47563899e-01,
       -1.06208491e+00, -4.44600105e-01, -1.07894039e+00,  7.25219846e-01,
       -1.43750191e+00,  8.65084648e-01, -8.36856365e-02, -7.02972889e-01,
        5.87135315e-01,  4.10663009e-01, -1.94214582e+00,  3.01103611e-02,
        7.82432199e-01,  1.11721444e+00, -1.44150400e+00,  6.30484164e-01,
       -6.16361022e-01, -1.86705530e-01, -1.47117901e+00,  8.92453730e-01,
       -5.65360188e-01, -1.19733572e+00,  9.95909750e-01,  1.49484360e+00,
       -3.48862648e-01, -1.47016931e+00,  7.17699587e-01,  1.04111159e+00,
        7.16471493e-01,  1.47759151e+00, -4.18412201e-02,  1.00201869e+00,
        4.82331030e-02, -7.34514475e-01, -1.10230851e+00,  1.14188242e+00,
        7.63474554e-02, -2.21004486e-01, -1.93379545e+00,  5.84281325e-01,
        9.88792062e-01,  9.10815120e-01, -1.22164571e+00,  8.11063349e-01,
        9.62523043e-01,  1.17687714e+00,  1.20694864e+00, -6.36606753e-01,
        1.71245247e-01,  1.06944692e+00, -1.67930555e+00, -9.56543088e-01,
       -1.47229218e+00, -1.24104047e+00,  7.73233414e-01, -1.36567545e+00,
        5.97850323e-01, -3.82218778e-01,  9.36844230e-01, -3.29507113e-01,
       -6.25464022e-02, -1.87024981e-01,  1.04560280e+00,  3.41716230e-01,
       -3.29619557e-01,  9.68236327e-01,  2.89318800e-01, -2.47074157e-01,
       -4.97576505e-01,  4.91896659e-01,  1.17508328e+00,  1.72486234e+00],
      dtype=float32), 'encoder.fc.6.weight': array([[-1.1395721 ,  1.408546  ,  2.9398465 , ...,  0.91408503,
         2.1331606 , -2.114246  ],
       [ 2.5277345 , -2.650115  ,  0.28426665, ...,  3.2975683 ,
        -2.090672  ,  2.2127635 ],
       [-2.4716828 ,  3.1134617 ,  2.8604994 , ...,  0.8745419 ,
        -1.0616903 ,  2.8438458 ],
       ...,
       [-0.07195007,  2.2389998 ,  0.01789741, ..., -1.2559423 ,
        -0.13553923,  3.0953386 ],
       [-2.3179345 ,  2.0237465 , -1.4408445 , ..., -3.6349978 ,
         2.9024146 ,  1.2880594 ],
       [-3.6587572 ,  2.881147  , -0.4648069 , ..., -0.2501407 ,
         1.443334  , -1.1454803 ]], dtype=float32), 'encoder.fc.6.bias': array([-0.18835814,  2.071874  , -0.87433386,  3.438735  ,  2.9035735 ,
       -2.1817665 , -1.2933941 , -2.480164  ,  3.1023228 ,  0.51360476],
      dtype=float32), 'decoder.fc.0.weight': array([[  2.68428  ,  15.286889 ,   3.797146 , ...,   6.1723623,
         15.843438 , -15.495693 ],
       [-16.01764  ,   1.5809699, -17.360462 , ...,  -4.4624486,
          7.984391 , -10.0828705],
       [ 17.864288 ,  10.849129 ,  17.07088  , ...,  25.715794 ,
        -14.136639 ,   6.9762297],
       ...,
       [-19.083889 ,  15.228247 , -23.1431   , ...,  11.814244 ,
        -18.146048 ,  24.571537 ],
       [-18.517656 , -22.953403 ,  -8.563938 , ...,  10.344242 ,
         10.340971 , -20.523586 ],
       [  4.899253 ,  22.834234 ,   7.1150007, ...,  16.686556 ,
        -10.158455 ,   7.4988527]], dtype=float32), 'decoder.fc.0.bias': array([-19.075027  ,  14.255588  ,   3.0366175 , -19.100521  ,
       -24.24392   , -15.371193  ,  -2.3717701 , -14.30567   ,
         8.450962  , -14.844934  ,   8.883032  ,   2.1371758 ,
        24.252222  , -20.586246  ,   5.3488693 , -22.642672  ,
         1.9687479 ,  14.889654  ,  -1.9437304 , -25.4525    ,
       -10.35693   ,  21.048687  ,  -5.054173  , -12.550661  ,
       -20.206358  , -21.136251  ,  -6.6301975 ,  -7.750722  ,
        24.929209  ,  -2.206655  ,  16.628973  ,   6.94522   ,
         6.4191656 ,  -4.1526055 ,  -1.8574727 , -12.834872  ,
         1.882487  , -16.548939  ,  -9.660339  ,  -3.7425756 ,
        14.573716  , -14.980056  ,  14.141928  ,  24.86541   ,
       -21.076742  , -17.634811  ,   8.431671  , -13.032511  ,
        16.378756  ,  -2.1638951 ,  22.75946   , -15.677908  ,
       -16.5863    ,   1.1330444 ,  21.625664  ,  17.414764  ,
        21.408096  ,  -9.306881  ,   2.8087573 ,  21.642136  ,
         2.4494257 ,  16.793945  ,  14.768     ,   1.1872013 ,
        24.85833   , -15.584836  ,  -2.4283617 ,  -4.0125546 ,
        13.045954  ,   3.9857807 ,   1.9347141 ,  -9.929222  ,
        -8.154795  ,  -6.784674  ,   6.7812805 ,  -6.0432158 ,
        -8.008465  ,  22.647442  , -15.367364  ,  -3.2600076 ,
       -10.660455  , -23.711681  ,  19.02129   ,  -1.1837894 ,
        19.731657  ,   3.153888  ,  14.1933775 , -21.237679  ,
        -2.5684657 ,  18.941113  ,   8.563774  ,  22.666796  ,
       -24.319546  ,   1.172441  , -23.572647  , -14.257599  ,
        -7.562283  ,   9.103174  ,  -0.1262087 ,  14.850132  ,
        24.87732   ,  -8.20346   , -13.420681  ,  -8.575471  ,
         0.5334519 ,  19.554914  ,  14.49981   ,  20.330297  ,
         8.7811165 ,  19.129835  ,   3.0332844 ,   5.306562  ,
        24.939188  ,  -6.430724  , -13.179945  , -17.553425  ,
       -11.777567  ,  12.402033  ,   1.4266176 , -25.281261  ,
         4.6602087 , -15.966146  , -20.522936  , -10.875713  ,
        -6.183214  ,  -1.1990657 ,  16.519463  ,  -2.4580522 ,
       -16.111156  ,   8.977011  ,  -8.338696  ,  -4.4179735 ,
        25.38734   ,   2.7229795 ,  20.511412  ,  -1.3467461 ,
       -12.623039  , -23.288465  ,   3.4085755 , -25.238018  ,
        -2.533111  , -21.960886  ,  17.155731  ,  -9.202672  ,
        14.000796  ,  -9.42927   ,   3.0762944 ,  -0.20215029,
       -17.245121  ,  17.780739  ,  16.75018   ,  11.533175  ,
       -11.364872  ,   4.663907  ,   5.0851107 , -17.466785  ,
         1.4199669 ,  19.584442  ,  11.872297  , -22.638805  ,
       -20.631836  , -17.397594  ,   9.205639  ,  -3.9089284 ,
       -22.583843  ,  16.289047  ,  17.824383  ,  -7.1366196 ,
        23.707115  ,  20.230122  ,  20.845015  , -15.431717  ,
         4.508193  ,  10.851787  , -20.001488  ,   4.443899  ,
        20.247982  , -20.75312   , -12.8296995 ,  24.754423  ,
       -14.656411  , -18.512554  , -17.138975  , -24.841827  ,
       -12.024542  ,   8.168281  ,  19.254229  ,  11.688902  ,
        -9.671024  , -14.50833   ,  -5.0790462 ,   1.2901914 ,
       -12.700916  , -21.502678  ,   3.0988898 ,  19.644613  ,
        21.158325  ,  19.00833   ,  -2.0633855 , -21.986633  ,
       -25.421642  ,  14.5342655 , -24.62222   ,  15.454508  ,
        -0.08706585,   9.917671  ,  -4.153035  , -11.343255  ,
       -14.409496  ,   6.645168  ,  23.322691  ,  25.63826   ,
       -14.244607  , -22.820053  ,  -2.2724352 ,  13.772206  ,
         8.938494  ,  13.360517  , -14.431967  , -10.0117035 ,
         7.3058834 ,  13.864273  ,  22.968994  ,  -8.062933  ,
        -6.3300204 ,  -1.8247143 ,  -1.0230685 ,   6.6048174 ,
        14.806097  , -23.284863  ,   0.09316321,  -7.596166  ,
        -8.541723  ,   1.4627059 ,  24.105385  , -20.357685  ,
        21.289726  ,  -4.550743  ,   7.00185   ,   6.2316885 ,
       -22.362888  ,  -5.0817647 ,   6.4939833 ,  -1.4335049 ,
        -5.6910176 ,  15.035188  ,   5.3969116 ,   3.9420397 ,
         8.237218  ,  -2.8846617 ,   5.0173116 , -24.115612  ,
       -17.127716  ,  11.559432  ,  -2.5470376 ,   4.0342393 ,
       -11.8081    ,  18.566101  , -22.85006   ,  -5.412837  ,
        -1.1340063 ,  15.49485   , -11.273251  ,  22.87103   ,
        -8.037447  , -16.909657  , -14.568337  ,  21.020449  ,
        10.771697  , -21.980822  , -11.618612  ,   9.353184  ,
        14.340966  , -14.947826  , -25.765     ,  11.194729  ,
         3.7256248 ,  12.989076  ,  -6.574136  ,   9.020585  ,
       -13.328045  ,   4.392129  , -23.052414  , -22.53928   ,
        19.529408  ,   2.8041446 , -14.856923  ,   6.8588133 ,
         3.0685437 ,   8.720784  , -21.610386  , -24.69146   ,
       -12.653326  , -20.325193  ,   4.7598853 ,  -1.8856862 ,
        16.48498   ,  -5.912464  ,  -8.701901  ,   0.2125912 ,
       -22.253508  ,  15.951458  ,   6.299708  ,  -0.9808787 ,
        16.521767  ,  -3.7891166 ,  -9.38344   ,  23.796791  ,
         5.0712214 , -18.120363  ,   4.0553102 , -14.316563  ,
       -11.740131  ,  11.958546  , -20.072899  ,  -3.278723  ,
         7.272872  , -19.890621  ,  -1.7276989 ,  12.082738  ,
       -18.209352  ,  11.014402  , -19.69598   ,  20.685608  ,
        -2.6002638 ,   4.052538  ,  24.000578  , -11.859755  ,
       -17.767178  ,  13.759844  , -12.325449  ,   9.023714  ,
        13.3261795 , -13.713882  ,  -5.9310746 ,  -8.008907  ,
        15.478346  , -15.4049635 , -22.777554  ,  19.502571  ,
        -5.2317743 , -20.016468  ,  23.1195    ,  -1.6165335 ,
         6.218738  ,   5.4503717 ,   5.4283757 , -10.847319  ,
        -3.5061655 , -20.060902  ,  -9.790268  , -22.50483   ,
        -8.010502  ,   0.9540069 ,  13.080076  , -18.625248  ,
         0.5260187 ,  14.374542  ,   1.0962518 , -25.744583  ,
       -10.904633  ,  15.054494  ,  -4.513983  , -19.380999  ,
       -11.895491  ,  -1.7539485 ,  15.522858  ,  10.818671  ,
         6.3804235 , -20.34724   , -26.006601  ,  20.776295  ,
         3.3889618 ,  -2.6433725 ,   8.113966  ,  13.937912  ,
        12.595244  ,  -7.1111584 ,   0.5149905 , -19.119541  ,
        -2.3635378 ,  24.23223   , -19.629185  ,  12.36016   ,
       -24.543772  ,  19.624563  , -23.295227  ,  -5.5074844 ,
       -18.278965  ,  22.157917  , -10.915831  , -14.140855  ,
         0.17958677,  -4.5526905 , -18.20845   ,  17.645782  ,
        -9.437717  , -22.699034  ,   9.1803255 ,  -5.338272  ,
        -4.090077  ,   1.5492646 ,  16.945837  , -17.485617  ,
       -21.78112   ,  23.052343  ,   1.0365776 ,   0.02831364,
        11.98867   , -19.128681  ,   5.6486435 ,  20.861681  ,
         7.9441385 ,  -8.428661  ,  -2.2358747 ,  19.464664  ,
        17.54807   ,  18.968655  ,  12.813266  ,   4.149833  ,
        -8.083765  ,   1.2072523 ,   4.995476  ,   2.4254875 ,
        -7.6888275 ,   3.8034918 ,  -2.3256614 ,   2.2348175 ,
         4.204996  ,  19.24349   , -20.510872  ,   3.9843864 ,
         8.1501    , -17.558538  ,   6.3704414 , -10.893608  ,
        -7.5075574 , -21.598333  ,  13.229012  ,  -3.0881567 ,
       -19.241245  ,   8.948962  ,  -1.517578  ,  21.324818  ,
        14.325592  ,   5.6605067 ,   2.3526936 ,  19.964567  ,
       -17.52265   , -17.779398  ,   2.203493  ,  25.708858  ,
         7.553466  ,  17.177082  , -11.870184  , -13.054819  ,
       -17.131771  , -19.002586  ,   0.58774155,  20.332512  ,
        11.469884  ,  12.58362   ,   6.7694163 ,  -0.5057789 ,
        21.049582  ,  11.391161  ,  -1.8631555 ,  -0.10864775,
        12.139838  , -19.568909  , -13.049015  ,  21.28323   ,
        19.137789  , -15.689568  ,  20.055965  ,   0.1131608 ,
        18.473652  , -18.781567  ,  12.449567  , -14.017785  ,
       -23.959171  ,  -1.5909818 ,   5.456822  ,  18.907295  ,
       -13.986614  , -12.427141  ,  22.98469   , -11.247542  ,
         3.6557071 ,   6.567748  ,  24.085997  ,   3.672909  ,
         2.8068101 , -15.5301285 , -23.554935  ,  11.326447  ,
        21.161627  ,  10.912701  , -11.434333  ,   5.808986  ],
      dtype=float32), 'decoder.fc.2.weight': array([[-2.6765156 , -1.9507939 ,  2.7247086 , ..., -3.2739823 ,
         2.7141733 ,  1.8016992 ],
       [ 2.9285853 ,  2.100649  ,  3.4676178 , ...,  1.1790102 ,
         3.1983976 , -2.3979504 ],
       [ 0.02013046,  2.3428025 , -1.9635282 , ..., -1.1326661 ,
        -3.794424  , -3.367169  ],
       ...,
       [-2.1227336 ,  0.35519248, -4.8806033 , ..., -1.428375  ,
         0.01840953, -1.0728271 ],
       [ 2.273611  ,  2.673788  , -1.1223009 , ..., -2.3383214 ,
         1.8654125 ,  1.2180173 ],
       [-1.3290665 ,  2.3045077 , -4.640702  , ..., -1.0857053 ,
        -1.0470846 ,  3.3566995 ]], dtype=float32), 'decoder.fc.2.bias': array([-0.5954536, -1.9885486, -2.3250713, ..., -3.3456616, -3.177043 ,
        1.9045241], dtype=float32), 'decoder.fc.4.weight': array([[ 1.5776334 , -1.4332299 , -0.5338214 , ...,  0.302589  ,
         0.9403826 ,  0.84605265],
       [ 0.75434893,  0.02143606,  0.7118592 , ..., -0.5736961 ,
        -1.4145513 , -0.04951403],
       [ 0.9263397 ,  1.23504   , -1.2472239 , ..., -0.37770325,
         2.0540767 , -1.3671496 ],
       ...,
       [ 0.42283523, -1.9465246 ,  0.88586587, ...,  1.2161887 ,
         0.9995992 , -0.8749064 ],
       [ 0.36399978,  1.4302824 ,  0.23535076, ..., -1.0695223 ,
         0.7156854 ,  1.7253609 ],
       [-1.6740785 ,  0.16799262, -0.30958056, ..., -0.86866254,
         0.91267043, -1.1283045 ]], dtype=float32), 'decoder.fc.4.bias': array([-0.06166752,  0.8522407 ,  0.04251685, -0.6891972 , -0.90746176,
        0.08812523,  0.04132163,  1.1854382 , -1.9956014 , -0.23036335,
        0.6879621 ,  1.3670073 , -1.0344064 , -1.7186229 ,  0.18636215,
        0.43787447,  1.7540724 , -0.22144261, -0.00343186,  0.20454931,
       -1.8170521 , -0.2454296 , -0.7813407 , -1.3897499 ,  0.52326345,
        0.45216745, -1.6243097 , -2.3379574 , -2.083154  , -0.16709791,
       -2.054377  ,  0.68180454,  0.26941207, -1.3476194 ,  1.2570806 ,
        1.3369634 , -2.1060038 , -1.6187901 , -0.02343953,  0.30315948,
        1.1021008 , -1.4502358 , -0.0576216 ,  1.7998556 ,  1.2710731 ,
       -1.1664107 , -0.1938163 , -0.7918769 ,  0.3228918 , -1.8865825 ,
        1.4532834 ,  0.4636817 ,  0.9307789 ,  1.7348814 , -1.8192897 ,
       -0.891015  , -1.4008467 ,  0.5935795 , -1.1548947 ,  1.2371943 ,
       -0.02191775, -0.14277104, -0.49456662, -1.6811603 ,  0.8934662 ,
       -1.0856795 , -1.1011379 ,  0.21468787, -0.56873506, -1.3893255 ,
       -1.5608582 ,  0.90536785,  1.8533646 ,  0.9123688 ,  1.2378542 ,
       -0.07460567,  0.8748256 , -1.4441524 , -0.26675177, -0.13293724,
       -0.93528676, -0.29561174,  0.31762108, -0.9135053 , -0.6339872 ,
       -0.8987702 , -0.13724324,  0.45739606, -0.15651998,  1.2643273 ,
        0.7488179 ,  1.531227  , -0.1660733 , -1.0173202 , -1.5613613 ,
        1.7400401 ,  0.6644086 , -0.9539418 , -2.0936184 ,  1.4836789 ,
       -0.2086789 , -1.8148024 , -1.7290596 , -1.3413988 ,  0.42173982,
       -2.211122  ,  0.71105313, -0.7196621 , -1.1225162 , -1.4025092 ,
       -1.4476647 , -2.0345514 ,  1.0115356 ,  0.6546328 , -0.5792175 ,
       -0.04042616, -0.19464965,  0.56912196,  1.390821  ,  0.58171386,
       -0.6436968 ,  0.8536193 , -1.9552177 , -0.1985949 , -0.22105616,
       -0.4040309 , -0.23153275, -1.7166535 ,  0.5367531 ,  0.02643065,
        0.7979141 ,  0.6145016 , -0.80785275,  0.17926557, -0.7033112 ,
        0.02173727, -2.117172  ,  1.4283235 ,  0.8165901 , -1.2194562 ,
       -0.57259595, -1.0072049 , -1.0493106 ,  1.099231  , -1.9630065 ,
       -1.4529687 , -1.0055801 ,  0.72302425, -0.5191431 , -0.700552  ,
       -1.9959669 ,  0.10976306, -2.095971  , -0.3301545 ,  1.2478942 ,
        0.67228866,  0.08725481,  0.05419362, -0.7281115 ,  0.71759874,
        0.3158686 ,  0.79117405,  1.3967966 , -1.5926805 , -0.13263413,
        0.19303834, -0.45797154, -1.7434844 ,  1.4321358 ,  2.0824485 ,
       -2.0985234 , -1.2289486 ,  0.29100692, -1.4494103 ,  0.95411265,
       -2.0004668 ,  1.0670211 ,  1.1692798 , -0.72836894, -0.08088943,
        0.5389997 , -0.13419992, -0.7553619 , -0.9800582 , -1.7376004 ,
       -0.5961603 ,  1.1383334 , -0.78701305,  1.0050428 ,  0.28880343,
       -1.3770504 , -1.714088  , -0.67761266, -0.97147024, -0.5957641 ,
        0.263104  ,  0.3580107 , -0.20083317,  0.00914089,  1.2509589 ,
        1.3938437 ,  1.3831303 ,  0.4534642 , -0.7079181 ,  1.1859787 ,
       -0.31014663, -0.7930695 ,  1.657333  ,  0.8573967 ,  1.6879799 ,
       -0.7039124 ,  1.8615601 , -1.7303524 ,  0.3564647 , -0.09001742,
        0.8377724 , -1.1370313 , -0.5939413 , -1.3906953 ,  1.0785675 ,
       -1.0458364 , -0.58723867,  1.7506175 , -1.4273897 ,  0.33747587,
       -0.21808037,  1.0839373 , -0.71462053,  0.5147294 ,  0.28775555,
        0.41398188, -0.7636322 , -0.8766779 , -2.3366148 , -0.46674863,
       -1.6628275 , -0.28873518,  1.0804842 , -1.9667931 , -0.7454682 ,
        0.8629716 ,  1.3799274 ,  0.15988252,  1.3416828 , -1.1467147 ,
        1.5710951 ,  0.16479594,  0.6003046 ,  1.016757  , -0.739501  ,
        0.19603264,  0.17145212, -0.35877988,  0.62864447, -1.4476845 ,
       -1.4720439 ,  0.48207498, -0.26913226, -0.8508745 ,  1.5319521 ,
       -1.110976  ,  1.6278702 ,  1.6066886 ,  1.6622276 , -0.889999  ,
        1.465023  , -0.71263933,  0.6759696 ,  1.0845242 , -1.6209128 ,
        0.5016029 ,  0.3320792 ,  0.31821632,  0.47263134, -0.50353605,
       -0.3916439 ,  1.7442563 , -1.3810995 , -1.5595858 , -1.4012952 ,
       -1.5544492 ,  0.30756283, -1.5926725 ,  0.61633074,  0.25625226,
       -0.14290859, -1.2440591 ,  1.4713504 , -1.402552  , -1.8570726 ,
       -0.6515455 , -0.48387417,  0.15538141, -0.73801184,  1.3494513 ,
        0.7485226 , -0.32409012, -1.8057451 ,  1.1236663 , -0.7014544 ,
        0.25868666, -0.55118   , -1.6174757 , -2.0956833 , -0.651384  ,
       -2.3859248 , -1.0248969 , -1.6080837 ,  1.202386  ,  1.3668065 ,
       -0.84970415,  0.04942284,  0.06647441, -1.0516222 , -1.8234854 ,
       -1.381854  ,  0.52253735,  1.5460457 ,  0.80498296, -1.6727464 ,
        0.50904626,  0.92472214, -0.7151083 ,  0.46635884, -1.7604922 ,
        0.43161583,  0.5099303 , -0.09456718, -1.3933539 ,  0.07411556,
       -0.71439075,  0.192024  , -1.0478888 , -2.0588727 ,  0.60345936,
        0.28056815, -1.8029985 ,  0.00405795, -0.44626707,  0.49959862,
        0.7114248 , -1.5638039 ,  1.2492181 , -1.8698148 ,  1.3218101 ,
       -0.16836767, -1.0880679 , -0.37698868,  0.7082772 , -1.8255799 ,
       -1.8632107 ,  1.0923543 ,  1.1210322 , -1.5095565 ,  1.3281418 ,
        1.1208651 , -2.1623127 ,  0.9583622 , -2.023198  , -1.5640572 ,
       -1.8973446 ,  0.7592216 ,  2.061325  , -1.8526101 , -0.14523497,
       -0.07322545,  0.64841044,  1.70699   , -1.1261392 ,  0.964131  ,
       -1.9072516 ,  0.38370305,  1.1517574 , -1.1804866 , -0.27742177,
        0.24980888,  0.52581584, -0.6617211 ,  0.64914757,  0.3381326 ,
       -0.39527357, -1.0866557 , -0.11745565,  0.41921756, -0.0847398 ,
        0.00679314, -0.7810221 , -1.1464306 , -0.24155791,  0.3336481 ,
        0.5026058 ,  1.3786244 , -0.3466824 , -0.17652926, -0.33647946,
        0.53630245, -1.7793943 , -0.14580613,  0.11111033, -0.60279   ,
       -1.9572256 ,  0.6023074 , -0.9215865 ,  0.61361593, -2.2140884 ,
       -0.01233358,  1.0966449 ,  0.8563751 , -0.71881175,  0.15364894,
       -1.7276427 ,  1.2925676 , -1.412053  , -0.717796  ,  1.3670013 ,
        0.3256613 ,  1.8747593 , -1.5954022 ,  0.36189318, -0.621907  ,
       -1.2219679 , -2.0428329 ,  0.6097669 ,  0.55078477, -0.819034  ,
       -1.7035764 , -0.554887  , -0.18867046, -1.2385086 , -0.32059133,
       -1.6276789 ,  0.44205785, -0.9744596 ,  1.4594024 ,  1.4242773 ,
        0.9690181 ,  1.4195375 , -2.452195  , -1.0132396 , -0.52886105,
        0.29205373, -0.5280917 , -1.6646394 ,  1.2255969 ,  0.04365793,
        0.35247257,  1.2953843 , -0.9639648 , -0.8670695 ,  0.10557845,
       -1.2535274 , -1.9214423 , -2.1445932 ,  1.0351256 , -0.33364183,
        0.47210017,  0.0952564 , -0.17669244,  0.2906906 ,  1.1793222 ,
        1.5995754 ,  0.6478398 ,  1.4176664 ,  0.44551206,  1.29532   ,
       -0.28923112, -1.8397604 , -2.3339076 ,  1.3997462 ,  1.0563188 ,
        1.280439  ,  1.4103332 ,  0.46979785, -0.55498266,  0.02830027,
       -0.49312377, -0.76385605,  0.5960863 , -1.9102696 ,  0.31982374,
       -1.172473  , -1.4779985 , -2.2183542 , -0.6275508 , -0.64796036,
        1.8414209 ,  1.3416128 ,  1.6730573 , -1.2732817 , -2.027153  ,
       -0.26665282,  0.8267505 , -0.8577473 ,  1.985124  ,  1.2557698 ,
       -1.2512277 ,  1.245193  , -2.1867006 , -2.2662892 , -0.65700334],
      dtype=float32), 'decoder.fc.6.weight': array([[-1.8573596 ,  1.8100195 , -0.65655506, ...,  4.678918  ,
        -2.6118414 ,  0.57575786],
       [ 2.2118163 , -2.3366418 , -2.89298   , ...,  2.8262155 ,
         0.737268  , -1.3570424 ],
       [ 0.2240543 , -1.4115806 ,  3.0105186 , ..., -2.5809398 ,
         2.4484997 ,  2.0367608 ],
       ...,
       [ 1.5389454 , -2.6347947 , -2.4653342 , ..., -0.6306932 ,
         1.2202562 ,  2.0043695 ],
       [-0.3508137 , -3.6625915 , -1.3969746 , ..., -0.00692177,
        -0.6759947 , -0.13437247],
       [-3.1432567 ,  0.06038103,  2.3465257 , ..., -0.94484544,
         1.3812189 ,  2.0391114 ]], dtype=float32), 'decoder.fc.6.bias': array([ 0.8707801 , -3.2254927 ,  1.7874954 , ...,  0.48123804,
       -2.5593326 ,  1.4406314 ], dtype=float32)}
[Time: 29.01.25 15:08:04] [Level: info] [State: aggregate] {'encoder.fc.0.weight': array([[ 0.40335616, -0.6063315 , -0.26362398, ..., -0.30562845,
        -0.47874638,  0.9110458 ],
       [ 0.00613569,  0.78498334,  0.33458745, ..., -0.0370255 ,
         0.5542427 , -0.6605462 ],
       [-0.65816534, -0.56715703, -0.17630799, ...,  0.05926775,
        -0.11532492,  0.08089823],
       ...,
       [-0.44570112, -0.61432517,  0.18541574, ..., -0.7408409 ,
        -0.76090443,  0.3518992 ],
       [ 0.5756446 , -0.3520992 ,  0.9389314 , ...,  0.6651026 ,
        -0.64673764,  0.2566621 ],
       [ 0.19376862, -0.23119062,  0.7728441 , ..., -0.14411952,
        -0.5043857 , -0.31035027]], dtype=float32), 'encoder.fc.0.bias': array([-0.4690371 , -1.3008366 ,  1.0584002 , -0.4670053 , -0.1977865 ,
       -1.5530975 , -0.57014674, -0.83956593,  0.05596586, -1.3417351 ,
       -1.2032019 , -0.11830737,  0.00210186, -0.4514565 , -1.1639835 ,
       -0.12645233, -1.2085481 , -1.0826471 , -0.6302002 , -1.1472151 ,
        0.48716462, -0.14984551, -0.53760993,  0.43025434, -1.3148968 ,
       -0.6830338 , -0.10799877, -0.992034  , -0.794832  , -0.20782447,
       -0.3032686 , -0.16151308, -0.62174606, -0.71323884, -0.3086549 ,
        0.2073294 , -0.26229447, -1.1326933 , -0.2320652 ,  0.4501019 ,
       -1.1888525 , -0.47700423,  0.01055081, -0.3813333 , -0.15648228,
        1.343318  , -1.4774339 , -0.63836884, -1.3548743 , -0.13032563,
       -0.30228248, -1.2549165 , -0.15281335,  0.29956216, -1.0777557 ,
        0.16028622,  0.72052085, -0.4747135 , -0.25003818, -0.16899185,
       -0.91269314, -0.19879664, -0.2532463 , -0.16792168, -0.37494248,
       -1.3219302 , -0.22381997, -1.2416272 , -0.26554725, -0.4113624 ,
       -0.6753775 , -0.92313683, -0.7667787 ,  0.3690791 , -0.8479502 ,
       -0.38942164, -0.97920954, -0.85930413, -0.43668088, -0.7086338 ,
       -0.80212784, -0.94921756,  0.4731952 , -0.44914353,  0.2095086 ,
        0.6854619 , -1.0646322 , -0.5460354 , -0.8143728 , -0.4645279 ,
       -0.14990759,  0.6959839 ,  0.02314017, -0.58844846, -0.8579253 ,
        0.5538434 , -0.27604318, -0.50840974,  0.45236295,  1.4292088 ,
       -0.7333877 ,  0.03082042, -0.26129484, -0.32770926, -0.13581192,
       -0.9335967 , -0.5263387 , -1.0942156 , -0.67602575, -0.09558479,
        0.0023237 , -0.05503659,  0.22513163,  0.35389414, -0.9141967 ,
       -0.45337334,  0.27448076, -0.9351713 ,  0.12042377, -0.2932942 ,
       -0.20300774,  0.6489407 , -0.8931762 , -0.91475576, -1.0093741 ,
        0.9328984 ,  0.13654144, -0.47657353, -0.53254735, -0.7436228 ,
        0.3528515 , -0.5302433 , -1.2270222 , -0.04292309, -0.34080473,
       -0.48112732, -1.0636373 ,  0.31597084, -0.5751899 , -1.0791056 ,
       -0.07600859, -0.4630034 , -1.5115663 , -0.57169735, -0.9672917 ,
       -0.28708038, -0.37438124, -0.51173985, -0.80814075, -1.1549476 ,
       -0.14709331, -0.20232658, -0.11987072, -0.02295508, -0.22192827,
       -1.5358127 , -1.0074332 , -0.5956565 ,  0.83037317, -1.0110089 ,
        0.372815  , -0.6716193 , -0.3331048 , -1.0616468 , -1.0571041 ,
       -1.483762  , -0.20551449, -0.38371742, -0.8904975 ,  0.8768977 ,
       -1.3128889 , -1.4807327 ,  0.03637275, -0.11333735, -0.5912497 ,
       -0.24269706, -1.3019228 , -1.026931  ,  0.04583794, -0.4783177 ,
       -1.1541593 , -0.25982985, -0.45821452, -0.13258047, -0.64486635,
       -0.2620843 , -1.0055892 ,  0.00591243,  0.06710593, -0.49966446,
       -0.12861748,  0.19738506, -1.549202  , -0.8872067 , -0.16198485,
       -0.08344143, -0.20597345, -0.8218496 , -0.57015634,  0.54195404,
        0.11721394, -0.13347824, -0.17732368, -0.7650606 , -0.84569824,
       -0.487224  , -0.92489386, -0.07055079, -1.3071371 , -1.5273485 ,
       -1.5602739 , -0.9735895 , -0.67949915, -0.10460515, -0.6324707 ,
       -0.34292305, -0.87146795, -0.6000105 , -0.90352356, -0.6879167 ,
        0.07442185, -1.0120561 , -0.51990104,  0.00564024,  0.3915999 ,
        0.5337312 , -0.29689807, -0.784003  , -0.23934293, -0.19489174,
       -0.64116156, -0.87496626, -0.3945559 , -0.92663723, -0.73734653,
       -0.9753915 , -0.30088148, -0.8972349 , -0.60477024, -0.733482  ,
       -0.6782992 , -0.43654382, -1.1666679 , -0.22982821, -0.43369815,
        0.05247836, -0.5120612 , -1.2186366 , -0.46870664, -0.46306673,
       -0.31051433, -1.2311456 , -1.1117462 , -0.04149432, -1.0686944 ,
       -0.49052954,  0.07100093, -0.61542434, -0.39729246, -0.19038905,
       -0.29111418,  0.0769878 , -1.1408265 , -0.7459368 ,  0.18434012,
        0.5897454 , -1.5545653 , -0.13562769, -1.1096435 , -0.12473024,
       -0.7837589 , -0.09670957, -0.17517631, -0.792039  , -0.9008626 ,
       -0.4125958 , -0.41569054, -1.434395  , -0.3037986 , -0.41583285,
       -1.1111314 , -1.3700483 ,  0.67219347,  0.08907993,  0.3043262 ,
       -0.40794468,  0.01924353, -1.0897692 ,  0.33830222,  0.5119813 ,
       -0.25341588, -0.9651359 , -1.0697211 , -0.09065389, -0.2063756 ,
       -0.14799216, -1.212768  ,  0.1398017 ,  0.12042903, -1.1998866 ,
       -0.3246867 , -0.21257861, -1.2924072 , -1.4583147 , -0.59921455,
       -0.5134195 , -1.1381204 , -1.46142   , -0.03620482, -0.26732185,
        0.02925529, -1.3804631 , -0.36980858, -1.0820532 , -0.70497024,
       -1.1397367 , -0.40841243, -0.00359736, -1.0541389 , -1.4666339 ,
       -0.6982736 ,  0.61424017, -0.9203183 ,  0.13011193, -0.06176673,
       -0.5591262 , -1.6024929 , -0.6418043 , -0.53410095,  0.89201   ,
       -0.8947239 , -0.5632538 , -0.25533164, -0.7366682 , -1.5272596 ,
       -0.7819072 , -0.4888937 , -0.5243243 ,  0.4371071 , -0.59452134,
        0.4953648 , -0.975047  , -0.5076057 , -0.881318  , -1.7438914 ,
       -1.6620083 , -0.42138922, -0.14147335, -0.8451523 , -1.3388665 ,
       -1.0151273 ,  0.42711025, -0.81102693, -0.2778467 , -0.05960539,
       -0.65882045, -1.2461617 , -0.07748544, -0.27414998, -0.56448424,
       -0.589201  ,  0.3218419 , -0.38954055, -0.8255012 , -0.7025472 ,
       -0.6361185 , -1.2967563 , -0.8098861 , -0.22561331, -0.641182  ,
       -1.023746  ,  0.26067296, -0.97617006,  0.14416297, -1.0279148 ,
       -0.20682335, -0.9761293 , -0.69633675,  0.04402755, -1.3813517 ,
       -0.3387322 ,  0.20661572,  0.19893226, -0.01710855, -0.77370673,
       -0.21926937, -0.28815955,  0.9410788 ,  0.79965484, -0.68117505,
        0.8790706 , -0.5543524 , -1.0555506 , -0.96710765, -1.6487198 ,
        0.5308247 , -0.37068152, -1.5921416 ,  0.01138601, -0.5965513 ,
       -0.28023738, -0.96212614, -1.1846827 , -0.5779084 , -0.9219643 ,
        0.12436172, -0.48117894,  0.5070808 , -0.1288648 , -0.71659136,
       -0.10116814, -0.03276387, -0.25552973, -0.39510378, -0.43191952,
       -0.05886271,  0.15878162,  0.07712267, -0.58574426, -0.10912736,
       -1.3918993 , -0.90073276, -0.21795937, -0.05771325,  0.0995876 ,
       -0.8830227 , -0.4655286 , -1.24623   , -0.2925232 , -1.0772715 ,
        0.48671964, -0.10189775, -0.16595186, -0.07772451,  0.20123962,
        0.04700619, -0.73806924,  0.46631482, -0.57673776, -0.20192754,
       -1.0460569 ,  0.08942841,  0.09101087, -1.6770635 , -1.2485626 ,
       -0.33295423, -1.2788792 , -0.9437295 , -1.284668  , -0.37772924,
       -1.4315032 , -1.2577596 , -1.2356157 , -0.27053237, -0.1752194 ,
       -1.2361495 ,  0.5172856 , -1.2379858 ,  0.34388977, -0.13149029,
       -1.5686816 ,  0.48993096, -0.8069792 , -0.2963748 , -0.14668086,
        0.5956558 , -0.81331676, -1.2053995 , -0.37321562, -0.5319345 ,
        0.12470181, -0.89976764, -1.475202  , -1.4237819 , -0.01019746,
       -0.25118893,  0.15899006, -0.57315576, -1.0896564 , -0.16075239,
        0.00829327, -0.602726  ,  0.18796295, -1.4014909 , -0.695288  ,
       -1.1791244 , -0.8087717 , -0.61386   , -0.02526589, -1.2285649 ,
       -0.68813056, -1.5125803 , -0.16740808, -0.7994156 , -1.1736577 ,
       -0.67963254, -0.8837192 ,  0.02919302,  0.39589155, -0.07397541],
      dtype=float32), 'encoder.fc.2.weight': array([[-3.6177568 ,  0.902112  ,  2.5682073 , ..., -0.34733808,
        -2.7721424 ,  0.03558185],
       [ 0.3739004 , -0.5775727 , -3.2957768 , ..., -0.07946896,
        -2.9887753 , -3.79167   ],
       [-2.2968457 ,  2.5586998 , -3.863361  , ...,  2.9600825 ,
        -3.0326252 ,  1.2860479 ],
       ...,
       [ 0.83396226, -3.9975014 , -3.1794066 , ...,  1.5729561 ,
        -0.47198707, -3.0970702 ],
       [ 0.39866972, -3.9910548 ,  1.0142207 , ..., -1.8696674 ,
        -2.6018872 , -1.8320367 ],
       [-2.8630118 ,  0.02649185, -3.0715518 , ..., -0.22499019,
        -0.50854003, -0.3434432 ]], dtype=float32), 'encoder.fc.2.bias': array([ 3.2303495, -2.3025045,  2.829973 , ..., -0.7710302, -2.679496 ,
       -1.5381575], dtype=float32), 'encoder.fc.4.weight': array([[-1.8195895 ,  0.3023834 , -0.28864282, ...,  0.9015037 ,
         0.06250443, -1.7600055 ],
       [ 1.4497648 ,  1.40361   ,  1.2053978 , ..., -1.5888431 ,
        -0.18149897, -0.39839017],
       [-1.5842762 ,  0.5715384 ,  1.6083357 , ..., -0.05276439,
        -0.6811332 ,  0.43155858],
       ...,
       [-1.582372  , -0.7027807 , -0.0593281 , ..., -0.9731555 ,
         0.9620652 ,  2.0161176 ],
       [-1.1163322 , -0.09864304,  1.6056836 , ..., -0.6299138 ,
        -1.822288  , -0.1846485 ],
       [-0.00531308,  0.5693645 , -2.0775752 , ..., -1.4397416 ,
        -1.2314478 ,  1.0010587 ]], dtype=float32), 'encoder.fc.4.bias': array([-2.08272243e+00, -2.88422346e-01, -2.81342745e-01, -1.24325395e+00,
       -2.72095520e-02,  2.99564213e-01,  9.57145691e-01, -1.86725879e+00,
       -1.71867180e+00, -2.00493240e+00, -1.51686251e+00,  8.35056961e-01,
       -4.61163342e-01, -1.86785388e+00, -7.80210078e-01, -1.35550308e+00,
       -1.92630494e+00, -9.67115879e-01, -1.98645306e+00, -1.48994029e+00,
       -2.08490208e-01, -3.85767035e-02, -1.71167958e+00, -1.89517987e+00,
       -1.75575221e+00, -1.52897930e+00, -2.59458035e-01,  1.22062159e+00,
       -6.96082592e-01, -9.22768235e-01, -5.61597586e-01,  1.63133562e+00,
       -2.05110860e+00, -1.49319947e-01, -3.38527560e-01, -2.05511972e-01,
        9.32662189e-01,  8.18847537e-01, -1.06275737e+00, -1.88442850e+00,
       -1.44531560e+00, -1.27422571e+00,  1.26417124e+00, -2.19229650e+00,
       -3.33566159e-01, -4.14948583e-01, -6.47976995e-01,  2.60243893e-01,
       -7.53712177e-01,  1.25523973e+00,  4.60434347e-01,  2.87551284e-01,
       -1.31748319e+00,  1.22033358e+00, -1.40183282e+00, -9.06296611e-01,
        1.47930130e-01,  4.68261214e-03, -7.14041710e-01, -5.13226509e-01,
        2.50264227e-01, -1.64888072e+00,  6.57645702e-01, -5.93050480e-01,
        5.64731359e-01,  5.45859694e-01, -3.28416169e-01,  5.06259918e-01,
       -1.67201734e+00, -3.64884049e-01, -1.05433536e+00, -9.16511536e-01,
        6.13043785e-01, -6.31419182e-01,  1.22115159e+00, -2.10947111e-01,
        5.55863619e-01, -8.31239998e-01, -1.55045819e+00, -1.81690300e+00,
       -1.28799760e+00,  1.53306150e+00,  1.32794809e+00, -9.78126079e-02,
       -1.33938527e+00,  8.49367604e-02,  1.85254678e-01, -4.54110742e-01,
        1.02793658e+00, -1.14540970e+00,  9.43474412e-01, -1.58841562e+00,
       -9.93073881e-02,  1.36101699e+00, -9.44769859e-01, -2.01765871e+00,
       -9.80832458e-01,  4.30813998e-01,  5.50265789e-01, -1.88672948e+00,
       -5.34858406e-01, -7.88467169e-01, -2.09957957e+00,  5.46950638e-01,
        1.69201636e+00,  2.28618622e-01, -1.72287369e+00, -6.69961691e-01,
       -1.12275875e+00, -1.65744174e+00, -8.77254367e-01,  4.57616419e-01,
        8.50154221e-01,  1.07406521e+00,  9.56883072e-04, -1.29783821e+00,
        2.82373846e-01,  2.46849768e-02, -8.18475246e-01, -9.44512248e-01,
        8.70892033e-02,  5.45031488e-01,  1.48941755e-01,  8.59874547e-01,
        1.42411202e-01, -6.30723119e-01, -3.71321082e-01,  1.40265763e+00,
       -2.06071901e+00,  2.84652710e-01, -2.01308227e+00,  1.44107819e+00,
       -5.36426604e-01, -2.06727242e+00, -3.19416970e-02,  4.91052270e-01,
        2.24482700e-01,  8.25171053e-01, -1.05847955e+00, -1.63582885e+00,
       -1.70114207e+00,  5.69180965e-01,  9.87190008e-01,  1.35597444e+00,
       -5.97663999e-01, -4.29959059e-01, -6.47578388e-02,  1.08161736e+00,
       -1.19903016e+00, -1.59065413e+00, -7.11495519e-01, -1.39291954e+00,
       -3.33380461e-01,  6.20041847e-01,  3.76434565e-01,  1.14582574e+00,
       -1.14095545e+00, -6.71995759e-01, -1.24735296e+00, -1.53789926e+00,
        1.16523957e+00,  1.06485426e+00,  1.58326134e-01, -1.20720237e-01,
        8.89164209e-01,  1.93241835e-01, -2.70282090e-01,  1.99373889e+00,
       -1.91244578e+00, -1.61277026e-01, -1.62830973e+00,  4.60052758e-01,
       -1.38567340e+00, -2.29985642e+00,  4.41388369e-01, -8.05041075e-01,
       -1.40186381e+00, -1.81398058e+00, -1.42309165e+00,  1.13913798e+00,
       -1.32698369e+00, -1.53572452e+00,  8.28680873e-01,  1.34615779e+00,
       -1.97223097e-01,  2.28767797e-01,  1.48052013e+00,  4.27220017e-01,
       -1.05807114e+00,  1.24975955e+00,  5.38501024e-01, -1.42242908e-01,
       -8.38094205e-02, -4.61597502e-01,  1.01894662e-01, -4.09110814e-01,
       -1.67499691e-01,  7.42664933e-02, -1.76773596e+00, -4.01592404e-01,
       -1.89007080e+00, -8.02676558e-01, -1.19444823e+00, -1.11957991e+00,
       -1.28744054e+00,  1.20347786e+00,  5.03357410e-01, -1.37688017e+00,
       -5.25801122e-01, -2.06328964e+00, -8.18827152e-01, -1.33965349e+00,
       -2.08960056e+00, -1.59574389e+00,  7.77706802e-02, -5.06443560e-01,
        2.02354461e-01, -1.10205936e+00, -2.81198114e-01, -4.91326712e-02,
        8.63926053e-01,  1.41383755e+00, -2.21464849e+00,  8.20757821e-02,
        8.50760341e-01, -1.89298332e+00, -1.87447739e+00,  7.90897965e-01,
       -7.71713614e-01,  5.23931503e-01,  5.97803771e-01, -5.22794664e-01,
        1.03204894e+00, -4.20356810e-01, -2.33482763e-01,  5.58387995e-01,
        8.66468430e-01, -1.47989237e+00, -6.72887743e-01, -1.62953746e+00,
       -1.44511735e+00, -7.48886615e-02,  4.33567047e-01,  2.81508654e-01,
       -2.01197839e+00,  6.41731024e-01, -2.13034248e+00,  1.08585644e+00,
       -4.65169922e-02, -1.51480401e+00, -1.31815791e+00,  1.24187267e+00,
       -1.13902211e+00,  1.20881534e+00, -1.77015305e+00, -1.04638919e-01,
       -4.95671421e-01, -1.57854617e+00, -4.52723265e-01,  2.86542207e-01,
        9.30637956e-01,  1.04789168e-01,  8.06517005e-02, -1.15641809e+00,
        4.21315581e-01,  1.13652623e+00, -5.42703450e-01, -1.11136281e+00,
       -1.00676203e+00, -1.43769062e+00,  6.28634810e-01,  1.07864428e+00,
       -8.57041121e-01, -4.03786272e-01,  1.90872073e-01, -2.20505095e+00,
       -9.69060183e-01, -2.03774548e+00, -1.61431909e+00,  1.57264674e+00,
        1.04470432e+00, -1.02987659e+00,  3.33838046e-01,  1.30020368e+00,
        8.20784569e-02,  1.02733636e+00,  1.12707925e+00,  2.39250720e-01,
       -1.60820961e+00,  2.16669649e-01, -7.75149465e-01,  3.89405131e-01,
       -4.07131255e-01, -2.02002954e+00, -3.80856916e-02, -1.79515505e+00,
       -2.99309224e-01, -5.69561481e-01, -1.83237576e+00, -1.74235272e+00,
       -1.77290416e+00,  1.32776308e+00, -2.03187680e+00,  5.19654274e-01,
        1.38038087e+00,  5.90984523e-01, -1.78021824e+00, -9.00126576e-01,
        4.00203168e-01, -4.95415002e-01,  5.85584283e-01,  1.07948267e+00,
       -4.51506793e-01,  9.32376623e-01, -1.26629424e+00, -1.76836896e+00,
        1.09855592e+00,  2.49770299e-01, -1.43375099e+00,  9.81940478e-02,
       -6.75182641e-01, -1.06753957e+00, -2.10404158e+00, -1.17480183e+00,
       -8.41894984e-01,  1.38599157e+00,  1.08804321e+00, -5.64701915e-01,
        6.09634340e-01, -5.98900139e-01, -1.00488985e+00, -6.60356462e-01,
        1.39428830e+00,  1.91091776e-01, -6.22324109e-01, -1.00067890e+00,
        6.26145363e-01, -8.97397578e-01, -1.00797296e+00, -2.02725604e-01,
        4.15222883e-01,  7.29591429e-01, -1.38950908e+00,  6.46187484e-01,
        4.41911995e-01,  1.69204724e+00,  2.13818192e-01,  1.56407893e-01,
        2.28047624e-01,  3.04970980e-01,  4.78071809e-01, -3.19218338e-01,
       -1.51604891e-01, -2.06069916e-01, -2.07196236e+00, -1.21620584e+00,
        5.63590169e-01, -8.95182133e-01, -1.84309864e+00, -3.79495025e-01,
       -8.99595618e-01, -8.43420804e-01, -7.80276954e-02,  1.08356869e+00,
       -1.82375479e+00,  1.07747221e+00, -1.65792322e+00, -1.70626080e+00,
        6.75493777e-01, -2.05943994e-02, -6.70125067e-01,  1.67375898e+00,
       -2.55404860e-01, -1.33799401e-03,  1.02116871e+00,  2.79545914e-02,
       -1.34064317e+00, -4.72929865e-01,  7.06730247e-01, -8.35204273e-02,
        1.13111687e+00,  8.09665382e-01,  1.01893890e+00, -8.48578364e-02,
        2.51654953e-01, -2.05859423e+00, -2.00424600e+00, -1.10260713e+00,
       -1.09936404e+00, -5.91118574e-01, -6.31392837e-01, -5.14839888e-01,
       -8.74161243e-01, -3.78908783e-01,  1.00449181e+00, -1.60568583e+00,
        5.59646785e-01,  1.16341221e+00,  6.28575504e-01, -1.06598064e-01,
       -6.90524817e-01,  1.00435996e+00, -1.15501952e+00,  9.99386966e-01,
        9.92194489e-02,  2.44797736e-01,  7.52268553e-01, -1.27759266e+00,
       -1.88276374e+00,  7.23537803e-01, -2.07201838e+00,  1.18721843e+00,
        3.51911932e-01,  3.71958837e-02, -1.70491147e+00,  6.22460961e-01,
        9.55754995e-01, -5.74125350e-01, -4.83011842e-01,  2.10367575e-01,
        1.30310512e+00,  3.43924582e-01,  1.31323123e+00,  6.76766634e-01,
       -1.08586752e+00, -3.53711605e-01,  2.85777867e-01, -2.47563899e-01,
       -1.06208491e+00, -4.44600105e-01, -1.07894039e+00,  7.25219846e-01,
       -1.43750191e+00,  8.65084648e-01, -8.36856365e-02, -7.02972889e-01,
        5.87135315e-01,  4.10663009e-01, -1.94214582e+00,  3.01103611e-02,
        7.82432199e-01,  1.11721444e+00, -1.44150400e+00,  6.30484164e-01,
       -6.16361022e-01, -1.86705530e-01, -1.47117901e+00,  8.92453730e-01,
       -5.65360188e-01, -1.19733572e+00,  9.95909750e-01,  1.49484360e+00,
       -3.48862648e-01, -1.47016931e+00,  7.17699587e-01,  1.04111159e+00,
        7.16471493e-01,  1.47759151e+00, -4.18412201e-02,  1.00201869e+00,
        4.82331030e-02, -7.34514475e-01, -1.10230851e+00,  1.14188242e+00,
        7.63474554e-02, -2.21004486e-01, -1.93379545e+00,  5.84281325e-01,
        9.88792062e-01,  9.10815120e-01, -1.22164571e+00,  8.11063349e-01,
        9.62523043e-01,  1.17687714e+00,  1.20694864e+00, -6.36606753e-01,
        1.71245247e-01,  1.06944692e+00, -1.67930555e+00, -9.56543088e-01,
       -1.47229218e+00, -1.24104047e+00,  7.73233414e-01, -1.36567545e+00,
        5.97850323e-01, -3.82218778e-01,  9.36844230e-01, -3.29507113e-01,
       -6.25464022e-02, -1.87024981e-01,  1.04560280e+00,  3.41716230e-01,
       -3.29619557e-01,  9.68236327e-01,  2.89318800e-01, -2.47074157e-01,
       -4.97576505e-01,  4.91896659e-01,  1.17508328e+00,  1.72486234e+00],
      dtype=float32), 'encoder.fc.6.weight': array([[-1.1395721 ,  1.408546  ,  2.9398465 , ...,  0.91408503,
         2.1331606 , -2.114246  ],
       [ 2.5277345 , -2.650115  ,  0.28426665, ...,  3.2975683 ,
        -2.090672  ,  2.2127635 ],
       [-2.4716828 ,  3.1134617 ,  2.8604994 , ...,  0.8745419 ,
        -1.0616903 ,  2.8438458 ],
       ...,
       [-0.07195007,  2.2389998 ,  0.01789741, ..., -1.2559423 ,
        -0.13553923,  3.0953386 ],
       [-2.3179345 ,  2.0237465 , -1.4408445 , ..., -3.6349978 ,
         2.9024146 ,  1.2880594 ],
       [-3.6587572 ,  2.881147  , -0.4648069 , ..., -0.2501407 ,
         1.443334  , -1.1454803 ]], dtype=float32), 'encoder.fc.6.bias': array([-0.19113505,  2.0883303 , -0.89751834,  3.3688576 ,  3.0136852 ,
       -2.2212436 , -1.2372631 , -2.4391892 ,  3.1487079 ,  0.5228982 ],
      dtype=float32), 'decoder.fc.0.weight': array([[  2.68428  ,  15.286889 ,   3.797146 , ...,   6.1723623,
         15.843438 , -15.495693 ],
       [-16.01764  ,   1.5809699, -17.360462 , ...,  -4.4624486,
          7.984391 , -10.0828705],
       [ 17.864288 ,  10.849129 ,  17.07088  , ...,  25.715794 ,
        -14.136639 ,   6.9762297],
       ...,
       [-19.083889 ,  15.228247 , -23.1431   , ...,  11.814244 ,
        -18.146048 ,  24.571537 ],
       [-18.517656 , -22.953403 ,  -8.563938 , ...,  10.344242 ,
         10.340971 , -20.523586 ],
       [  4.899253 ,  22.834234 ,   7.1150007, ...,  16.686556 ,
        -10.158455 ,   7.4988527]], dtype=float32), 'decoder.fc.0.bias': array([-19.075027  ,  14.255588  ,   3.0366175 , -19.100521  ,
       -24.24392   , -15.371193  ,  -2.3717701 , -14.30567   ,
         8.450962  , -14.844934  ,   8.883032  ,   2.1371758 ,
        24.252222  , -20.586246  ,   5.3488693 , -22.642672  ,
         1.9687479 ,  14.889654  ,  -1.9437304 , -25.4525    ,
       -10.35693   ,  21.048687  ,  -5.054173  , -12.550661  ,
       -20.206358  , -21.136251  ,  -6.6301975 ,  -7.750722  ,
        24.929209  ,  -2.206655  ,  16.628973  ,   6.94522   ,
         6.4191656 ,  -4.1526055 ,  -1.8574727 , -12.834872  ,
         1.882487  , -16.548939  ,  -9.660339  ,  -3.7425756 ,
        14.573716  , -14.980056  ,  14.141928  ,  24.86541   ,
       -21.076742  , -17.634811  ,   8.431671  , -13.032511  ,
        16.378756  ,  -2.1638951 ,  22.75946   , -15.677908  ,
       -16.5863    ,   1.1330444 ,  21.625664  ,  17.414764  ,
        21.408096  ,  -9.306881  ,   2.8087573 ,  21.642136  ,
         2.4494257 ,  16.793945  ,  14.768     ,   1.1872013 ,
        24.85833   , -15.584836  ,  -2.4283617 ,  -4.0125546 ,
        13.045954  ,   3.9857807 ,   1.9347141 ,  -9.929222  ,
        -8.154795  ,  -6.784674  ,   6.7812805 ,  -6.0432158 ,
        -8.008465  ,  22.647442  , -15.367364  ,  -3.2600076 ,
       -10.660455  , -23.711681  ,  19.02129   ,  -1.1837894 ,
        19.731657  ,   3.153888  ,  14.1933775 , -21.237679  ,
        -2.5684657 ,  18.941113  ,   8.563774  ,  22.666796  ,
       -24.319546  ,   1.172441  , -23.572647  , -14.257599  ,
        -7.562283  ,   9.103174  ,  -0.1262087 ,  14.850132  ,
        24.87732   ,  -8.20346   , -13.420681  ,  -8.575471  ,
         0.5334519 ,  19.554914  ,  14.49981   ,  20.330297  ,
         8.7811165 ,  19.129835  ,   3.0332844 ,   5.306562  ,
        24.939188  ,  -6.430724  , -13.179945  , -17.553425  ,
       -11.777567  ,  12.402033  ,   1.4266176 , -25.281261  ,
         4.6602087 , -15.966146  , -20.522936  , -10.875713  ,
        -6.183214  ,  -1.1990657 ,  16.519463  ,  -2.4580522 ,
       -16.111156  ,   8.977011  ,  -8.338696  ,  -4.4179735 ,
        25.38734   ,   2.7229795 ,  20.511412  ,  -1.3467461 ,
       -12.623039  , -23.288465  ,   3.4085755 , -25.238018  ,
        -2.533111  , -21.960886  ,  17.155731  ,  -9.202672  ,
        14.000796  ,  -9.42927   ,   3.0762944 ,  -0.20215029,
       -17.245121  ,  17.780739  ,  16.75018   ,  11.533175  ,
       -11.364872  ,   4.663907  ,   5.0851107 , -17.466785  ,
         1.4199669 ,  19.584442  ,  11.872297  , -22.638805  ,
       -20.631836  , -17.397594  ,   9.205639  ,  -3.9089284 ,
       -22.583843  ,  16.289047  ,  17.824383  ,  -7.1366196 ,
        23.707115  ,  20.230122  ,  20.845015  , -15.431717  ,
         4.508193  ,  10.851787  , -20.001488  ,   4.443899  ,
        20.247982  , -20.75312   , -12.8296995 ,  24.754423  ,
       -14.656411  , -18.512554  , -17.138975  , -24.841827  ,
       -12.024542  ,   8.168281  ,  19.254229  ,  11.688902  ,
        -9.671024  , -14.50833   ,  -5.0790462 ,   1.2901914 ,
       -12.700916  , -21.502678  ,   3.0988898 ,  19.644613  ,
        21.158325  ,  19.00833   ,  -2.0633855 , -21.986633  ,
       -25.421642  ,  14.5342655 , -24.62222   ,  15.454508  ,
        -0.08706585,   9.917671  ,  -4.153035  , -11.343255  ,
       -14.409496  ,   6.645168  ,  23.322691  ,  25.63826   ,
       -14.244607  , -22.820053  ,  -2.2724352 ,  13.772206  ,
         8.938494  ,  13.360517  , -14.431967  , -10.0117035 ,
         7.3058834 ,  13.864273  ,  22.968994  ,  -8.062933  ,
        -6.3300204 ,  -1.8247143 ,  -1.0230685 ,   6.6048174 ,
        14.806097  , -23.284863  ,   0.09316321,  -7.596166  ,
        -8.541723  ,   1.4627059 ,  24.105385  , -20.357685  ,
        21.289726  ,  -4.550743  ,   7.00185   ,   6.2316885 ,
       -22.362888  ,  -5.0817647 ,   6.4939833 ,  -1.4335049 ,
        -5.6910176 ,  15.035188  ,   5.3969116 ,   3.9420397 ,
         8.237218  ,  -2.8846617 ,   5.0173116 , -24.115612  ,
       -17.127716  ,  11.559432  ,  -2.5470376 ,   4.0342393 ,
       -11.8081    ,  18.566101  , -22.85006   ,  -5.412837  ,
        -1.1340063 ,  15.49485   , -11.273251  ,  22.87103   ,
        -8.037447  , -16.909657  , -14.568337  ,  21.020449  ,
        10.771697  , -21.980822  , -11.618612  ,   9.353184  ,
        14.340966  , -14.947826  , -25.765     ,  11.194729  ,
         3.7256248 ,  12.989076  ,  -6.574136  ,   9.020585  ,
       -13.328045  ,   4.392129  , -23.052414  , -22.53928   ,
        19.529408  ,   2.8041446 , -14.856923  ,   6.8588133 ,
         3.0685437 ,   8.720784  , -21.610386  , -24.69146   ,
       -12.653326  , -20.325193  ,   4.7598853 ,  -1.8856862 ,
        16.48498   ,  -5.912464  ,  -8.701901  ,   0.2125912 ,
       -22.253508  ,  15.951458  ,   6.299708  ,  -0.9808787 ,
        16.521767  ,  -3.7891166 ,  -9.38344   ,  23.796791  ,
         5.0712214 , -18.120363  ,   4.0553102 , -14.316563  ,
       -11.740131  ,  11.958546  , -20.072899  ,  -3.278723  ,
         7.272872  , -19.890621  ,  -1.7276989 ,  12.082738  ,
       -18.209352  ,  11.014402  , -19.69598   ,  20.685608  ,
        -2.6002638 ,   4.052538  ,  24.000578  , -11.859755  ,
       -17.767178  ,  13.759844  , -12.325449  ,   9.023714  ,
        13.3261795 , -13.713882  ,  -5.9310746 ,  -8.008907  ,
        15.478346  , -15.4049635 , -22.777554  ,  19.502571  ,
        -5.2317743 , -20.016468  ,  23.1195    ,  -1.6165335 ,
         6.218738  ,   5.4503717 ,   5.4283757 , -10.847319  ,
        -3.5061655 , -20.060902  ,  -9.790268  , -22.50483   ,
        -8.010502  ,   0.9540069 ,  13.080076  , -18.625248  ,
         0.5260187 ,  14.374542  ,   1.0962518 , -25.744583  ,
       -10.904633  ,  15.054494  ,  -4.513983  , -19.380999  ,
       -11.895491  ,  -1.7539485 ,  15.522858  ,  10.818671  ,
         6.3804235 , -20.34724   , -26.006601  ,  20.776295  ,
         3.3889618 ,  -2.6433725 ,   8.113966  ,  13.937912  ,
        12.595244  ,  -7.1111584 ,   0.5149905 , -19.119541  ,
        -2.3635378 ,  24.23223   , -19.629185  ,  12.36016   ,
       -24.543772  ,  19.624563  , -23.295227  ,  -5.5074844 ,
       -18.278965  ,  22.157917  , -10.915831  , -14.140855  ,
         0.17958677,  -4.5526905 , -18.20845   ,  17.645782  ,
        -9.437717  , -22.699034  ,   9.1803255 ,  -5.338272  ,
        -4.090077  ,   1.5492646 ,  16.945837  , -17.485617  ,
       -21.78112   ,  23.052343  ,   1.0365776 ,   0.02831364,
        11.98867   , -19.128681  ,   5.6486435 ,  20.861681  ,
         7.9441385 ,  -8.428661  ,  -2.2358747 ,  19.464664  ,
        17.54807   ,  18.968655  ,  12.813266  ,   4.149833  ,
        -8.083765  ,   1.2072523 ,   4.995476  ,   2.4254875 ,
        -7.6888275 ,   3.8034918 ,  -2.3256614 ,   2.2348175 ,
         4.204996  ,  19.24349   , -20.510872  ,   3.9843864 ,
         8.1501    , -17.558538  ,   6.3704414 , -10.893608  ,
        -7.5075574 , -21.598333  ,  13.229012  ,  -3.0881567 ,
       -19.241245  ,   8.948962  ,  -1.517578  ,  21.324818  ,
        14.325592  ,   5.6605067 ,   2.3526936 ,  19.964567  ,
       -17.52265   , -17.779398  ,   2.203493  ,  25.708858  ,
         7.553466  ,  17.177082  , -11.870184  , -13.054819  ,
       -17.131771  , -19.002586  ,   0.58774155,  20.332512  ,
        11.469884  ,  12.58362   ,   6.7694163 ,  -0.5057789 ,
        21.049582  ,  11.391161  ,  -1.8631555 ,  -0.10864775,
        12.139838  , -19.568909  , -13.049015  ,  21.28323   ,
        19.137789  , -15.689568  ,  20.055965  ,   0.1131608 ,
        18.473652  , -18.781567  ,  12.449567  , -14.017785  ,
       -23.959171  ,  -1.5909818 ,   5.456822  ,  18.907295  ,
       -13.986614  , -12.427141  ,  22.98469   , -11.247542  ,
         3.6557071 ,   6.567748  ,  24.085997  ,   3.672909  ,
         2.8068101 , -15.5301285 , -23.554935  ,  11.326447  ,
        21.161627  ,  10.912701  , -11.434333  ,   5.808986  ],
      dtype=float32), 'decoder.fc.2.weight': array([[-2.6765156 , -1.9507939 ,  2.7247086 , ..., -3.2739823 ,
         2.7141733 ,  1.8016992 ],
       [ 2.9285853 ,  2.100649  ,  3.4676178 , ...,  1.1790102 ,
         3.1983976 , -2.3979504 ],
       [ 0.02013046,  2.3428025 , -1.9635282 , ..., -1.1326661 ,
        -3.794424  , -3.367169  ],
       ...,
       [-2.1227336 ,  0.35519248, -4.8806033 , ..., -1.428375  ,
         0.01840953, -1.0728271 ],
       [ 2.273611  ,  2.673788  , -1.1223009 , ..., -2.3383214 ,
         1.8654125 ,  1.2180173 ],
       [-1.3290665 ,  2.3045077 , -4.640702  , ..., -1.0857053 ,
        -1.0470846 ,  3.3566995 ]], dtype=float32), 'decoder.fc.2.bias': array([-0.5954536, -1.9885486, -2.3250713, ..., -3.3456616, -3.177043 ,
        1.9045241], dtype=float32), 'decoder.fc.4.weight': array([[ 1.5776334 , -1.4332299 , -0.5338214 , ...,  0.302589  ,
         0.9403826 ,  0.84605265],
       [ 0.75434893,  0.02143606,  0.7118592 , ..., -0.5736961 ,
        -1.4145513 , -0.04951403],
       [ 0.9263397 ,  1.23504   , -1.2472239 , ..., -0.37770325,
         2.0540767 , -1.3671496 ],
       ...,
       [ 0.42283523, -1.9465246 ,  0.88586587, ...,  1.2161887 ,
         0.9995992 , -0.8749064 ],
       [ 0.36399978,  1.4302824 ,  0.23535076, ..., -1.0695223 ,
         0.7156854 ,  1.7253609 ],
       [-1.6740785 ,  0.16799262, -0.30958056, ..., -0.86866254,
         0.91267043, -1.1283045 ]], dtype=float32), 'decoder.fc.4.bias': array([-0.06166752,  0.8522407 ,  0.04251685, -0.6891972 , -0.90746176,
        0.08812523,  0.04132163,  1.1854382 , -1.9956014 , -0.23036335,
        0.6879621 ,  1.3670073 , -1.0344064 , -1.7186229 ,  0.18636215,
        0.43787447,  1.7540724 , -0.22144261, -0.00343186,  0.20454931,
       -1.8170521 , -0.2454296 , -0.7813407 , -1.3897499 ,  0.52326345,
        0.45216745, -1.6243097 , -2.3379574 , -2.083154  , -0.16709791,
       -2.054377  ,  0.68180454,  0.26941207, -1.3476194 ,  1.2570806 ,
        1.3369634 , -2.1060038 , -1.6187901 , -0.02343953,  0.30315948,
        1.1021008 , -1.4502358 , -0.0576216 ,  1.7998556 ,  1.2710731 ,
       -1.1664107 , -0.1938163 , -0.7918769 ,  0.3228918 , -1.8865825 ,
        1.4532834 ,  0.4636817 ,  0.9307789 ,  1.7348814 , -1.8192897 ,
       -0.891015  , -1.4008467 ,  0.5935795 , -1.1548947 ,  1.2371943 ,
       -0.02191775, -0.14277104, -0.49456662, -1.6811603 ,  0.8934662 ,
       -1.0856795 , -1.1011379 ,  0.21468787, -0.56873506, -1.3893255 ,
       -1.5608582 ,  0.90536785,  1.8533646 ,  0.9123688 ,  1.2378542 ,
       -0.07460567,  0.8748256 , -1.4441524 , -0.26675177, -0.13293724,
       -0.93528676, -0.29561174,  0.31762108, -0.9135053 , -0.6339872 ,
       -0.8987702 , -0.13724324,  0.45739606, -0.15651998,  1.2643273 ,
        0.7488179 ,  1.531227  , -0.1660733 , -1.0173202 , -1.5613613 ,
        1.7400401 ,  0.6644086 , -0.9539418 , -2.0936184 ,  1.4836789 ,
       -0.2086789 , -1.8148024 , -1.7290596 , -1.3413988 ,  0.42173982,
       -2.211122  ,  0.71105313, -0.7196621 , -1.1225162 , -1.4025092 ,
       -1.4476647 , -2.0345514 ,  1.0115356 ,  0.6546328 , -0.5792175 ,
       -0.04042616, -0.19464965,  0.56912196,  1.390821  ,  0.58171386,
       -0.6436968 ,  0.8536193 , -1.9552177 , -0.1985949 , -0.22105616,
       -0.4040309 , -0.23153275, -1.7166535 ,  0.5367531 ,  0.02643065,
        0.7979141 ,  0.6145016 , -0.80785275,  0.17926557, -0.7033112 ,
        0.02173727, -2.117172  ,  1.4283235 ,  0.8165901 , -1.2194562 ,
       -0.57259595, -1.0072049 , -1.0493106 ,  1.099231  , -1.9630065 ,
       -1.4529687 , -1.0055801 ,  0.72302425, -0.5191431 , -0.700552  ,
       -1.9959669 ,  0.10976306, -2.095971  , -0.3301545 ,  1.2478942 ,
        0.67228866,  0.08725481,  0.05419362, -0.7281115 ,  0.71759874,
        0.3158686 ,  0.79117405,  1.3967966 , -1.5926805 , -0.13263413,
        0.19303834, -0.45797154, -1.7434844 ,  1.4321358 ,  2.0824485 ,
       -2.0985234 , -1.2289486 ,  0.29100692, -1.4494103 ,  0.95411265,
       -2.0004668 ,  1.0670211 ,  1.1692798 , -0.72836894, -0.08088943,
        0.5389997 , -0.13419992, -0.7553619 , -0.9800582 , -1.7376004 ,
       -0.5961603 ,  1.1383334 , -0.78701305,  1.0050428 ,  0.28880343,
       -1.3770504 , -1.714088  , -0.67761266, -0.97147024, -0.5957641 ,
        0.263104  ,  0.3580107 , -0.20083317,  0.00914089,  1.2509589 ,
        1.3938437 ,  1.3831303 ,  0.4534642 , -0.7079181 ,  1.1859787 ,
       -0.31014663, -0.7930695 ,  1.657333  ,  0.8573967 ,  1.6879799 ,
       -0.7039124 ,  1.8615601 , -1.7303524 ,  0.3564647 , -0.09001742,
        0.8377724 , -1.1370313 , -0.5939413 , -1.3906953 ,  1.0785675 ,
       -1.0458364 , -0.58723867,  1.7506175 , -1.4273897 ,  0.33747587,
       -0.21808037,  1.0839373 , -0.71462053,  0.5147294 ,  0.28775555,
        0.41398188, -0.7636322 , -0.8766779 , -2.3366148 , -0.46674863,
       -1.6628275 , -0.28873518,  1.0804842 , -1.9667931 , -0.7454682 ,
        0.8629716 ,  1.3799274 ,  0.15988252,  1.3416828 , -1.1467147 ,
        1.5710951 ,  0.16479594,  0.6003046 ,  1.016757  , -0.739501  ,
        0.19603264,  0.17145212, -0.35877988,  0.62864447, -1.4476845 ,
       -1.4720439 ,  0.48207498, -0.26913226, -0.8508745 ,  1.5319521 ,
       -1.110976  ,  1.6278702 ,  1.6066886 ,  1.6622276 , -0.889999  ,
        1.465023  , -0.71263933,  0.6759696 ,  1.0845242 , -1.6209128 ,
        0.5016029 ,  0.3320792 ,  0.31821632,  0.47263134, -0.50353605,
       -0.3916439 ,  1.7442563 , -1.3810995 , -1.5595858 , -1.4012952 ,
       -1.5544492 ,  0.30756283, -1.5926725 ,  0.61633074,  0.25625226,
       -0.14290859, -1.2440591 ,  1.4713504 , -1.402552  , -1.8570726 ,
       -0.6515455 , -0.48387417,  0.15538141, -0.73801184,  1.3494513 ,
        0.7485226 , -0.32409012, -1.8057451 ,  1.1236663 , -0.7014544 ,
        0.25868666, -0.55118   , -1.6174757 , -2.0956833 , -0.651384  ,
       -2.3859248 , -1.0248969 , -1.6080837 ,  1.202386  ,  1.3668065 ,
       -0.84970415,  0.04942284,  0.06647441, -1.0516222 , -1.8234854 ,
       -1.381854  ,  0.52253735,  1.5460457 ,  0.80498296, -1.6727464 ,
        0.50904626,  0.92472214, -0.7151083 ,  0.46635884, -1.7604922 ,
        0.43161583,  0.5099303 , -0.09456718, -1.3933539 ,  0.07411556,
       -0.71439075,  0.192024  , -1.0478888 , -2.0588727 ,  0.60345936,
        0.28056815, -1.8029985 ,  0.00405795, -0.44626707,  0.49959862,
        0.7114248 , -1.5638039 ,  1.2492181 , -1.8698148 ,  1.3218101 ,
       -0.16836767, -1.0880679 , -0.37698868,  0.7082772 , -1.8255799 ,
       -1.8632107 ,  1.0923543 ,  1.1210322 , -1.5095565 ,  1.3281418 ,
        1.1208651 , -2.1623127 ,  0.9583622 , -2.023198  , -1.5640572 ,
       -1.8973446 ,  0.7592216 ,  2.061325  , -1.8526101 , -0.14523497,
       -0.07322545,  0.64841044,  1.70699   , -1.1261392 ,  0.964131  ,
       -1.9072516 ,  0.38370305,  1.1517574 , -1.1804866 , -0.27742177,
        0.24980888,  0.52581584, -0.6617211 ,  0.64914757,  0.3381326 ,
       -0.39527357, -1.0866557 , -0.11745565,  0.41921756, -0.0847398 ,
        0.00679314, -0.7810221 , -1.1464306 , -0.24155791,  0.3336481 ,
        0.5026058 ,  1.3786244 , -0.3466824 , -0.17652926, -0.33647946,
        0.53630245, -1.7793943 , -0.14580613,  0.11111033, -0.60279   ,
       -1.9572256 ,  0.6023074 , -0.9215865 ,  0.61361593, -2.2140884 ,
       -0.01233358,  1.0966449 ,  0.8563751 , -0.71881175,  0.15364894,
       -1.7276427 ,  1.2925676 , -1.412053  , -0.717796  ,  1.3670013 ,
        0.3256613 ,  1.8747593 , -1.5954022 ,  0.36189318, -0.621907  ,
       -1.2219679 , -2.0428329 ,  0.6097669 ,  0.55078477, -0.819034  ,
       -1.7035764 , -0.554887  , -0.18867046, -1.2385086 , -0.32059133,
       -1.6276789 ,  0.44205785, -0.9744596 ,  1.4594024 ,  1.4242773 ,
        0.9690181 ,  1.4195375 , -2.452195  , -1.0132396 , -0.52886105,
        0.29205373, -0.5280917 , -1.6646394 ,  1.2255969 ,  0.04365793,
        0.35247257,  1.2953843 , -0.9639648 , -0.8670695 ,  0.10557845,
       -1.2535274 , -1.9214423 , -2.1445932 ,  1.0351256 , -0.33364183,
        0.47210017,  0.0952564 , -0.17669244,  0.2906906 ,  1.1793222 ,
        1.5995754 ,  0.6478398 ,  1.4176664 ,  0.44551206,  1.29532   ,
       -0.28923112, -1.8397604 , -2.3339076 ,  1.3997462 ,  1.0563188 ,
        1.280439  ,  1.4103332 ,  0.46979785, -0.55498266,  0.02830027,
       -0.49312377, -0.76385605,  0.5960863 , -1.9102696 ,  0.31982374,
       -1.172473  , -1.4779985 , -2.2183542 , -0.6275508 , -0.64796036,
        1.8414209 ,  1.3416128 ,  1.6730573 , -1.2732817 , -2.027153  ,
       -0.26665282,  0.8267505 , -0.8577473 ,  1.985124  ,  1.2557698 ,
       -1.2512277 ,  1.245193  , -2.1867006 , -2.2662892 , -0.65700334],
      dtype=float32), 'decoder.fc.6.weight': array([[-1.8573596 ,  1.8100195 , -0.65655506, ...,  4.678918  ,
        -2.6118414 ,  0.57575786],
       [ 2.2118163 , -2.3366418 , -2.89298   , ...,  2.8262155 ,
         0.737268  , -1.3570424 ],
       [ 0.2240543 , -1.4115806 ,  3.0105186 , ..., -2.5809398 ,
         2.4484997 ,  2.0367608 ],
       ...,
       [ 1.5389454 , -2.6347947 , -2.4653342 , ..., -0.6306932 ,
         1.2202562 ,  2.0043695 ],
       [-0.3508137 , -3.6625915 , -1.3969746 , ..., -0.00692177,
        -0.6759947 , -0.13437247],
       [-3.1432567 ,  0.06038103,  2.3465257 , ..., -0.94484544,
         1.3812189 ,  2.0391114 ]], dtype=float32), 'decoder.fc.6.bias': array([ 0.8762703, -3.249154 ,  1.8210666, ...,  0.4812358, -2.5431874,
        1.4249263], dtype=float32)}
[Time: 29.01.25 15:08:04] [Level: info] [State: aggregate] {'encoder.fc.0.weight': array([[ 0.40335616, -0.6063315 , -0.26362398, ..., -0.30562845,
        -0.47874638,  0.9110458 ],
       [ 0.00613569,  0.78498334,  0.33458745, ..., -0.0370255 ,
         0.5542427 , -0.6605462 ],
       [-0.65816534, -0.56715703, -0.17630799, ...,  0.05926775,
        -0.11532492,  0.08089823],
       ...,
       [-0.44570112, -0.61432517,  0.18541574, ..., -0.7408409 ,
        -0.76090443,  0.3518992 ],
       [ 0.5756446 , -0.3520992 ,  0.9389314 , ...,  0.6651026 ,
        -0.64673764,  0.2566621 ],
       [ 0.19376862, -0.23119062,  0.7728441 , ..., -0.14411952,
        -0.5043857 , -0.31035027]], dtype=float32), 'encoder.fc.0.bias': array([-0.4690371 , -1.3008366 ,  1.0584002 , -0.4670053 , -0.1977865 ,
       -1.5530975 , -0.57014674, -0.83956593,  0.05596586, -1.3417351 ,
       -1.2032019 , -0.11830737,  0.00210186, -0.4514565 , -1.1639835 ,
       -0.12645233, -1.2085481 , -1.0826471 , -0.6302002 , -1.1472151 ,
        0.48716462, -0.14984551, -0.53760993,  0.43025434, -1.3148968 ,
       -0.6830338 , -0.10799877, -0.992034  , -0.794832  , -0.20782447,
       -0.3032686 , -0.16151308, -0.62174606, -0.71323884, -0.3086549 ,
        0.2073294 , -0.26229447, -1.1326933 , -0.2320652 ,  0.4501019 ,
       -1.1888525 , -0.47700423,  0.01055081, -0.3813333 , -0.15648228,
        1.343318  , -1.4774339 , -0.63836884, -1.3548743 , -0.13032563,
       -0.30228248, -1.2549165 , -0.15281335,  0.29956216, -1.0777557 ,
        0.16028622,  0.72052085, -0.4747135 , -0.25003818, -0.16899185,
       -0.91269314, -0.19879664, -0.2532463 , -0.16792168, -0.37494248,
       -1.3219302 , -0.22381997, -1.2416272 , -0.26554725, -0.4113624 ,
       -0.6753775 , -0.92313683, -0.7667787 ,  0.3690791 , -0.8479502 ,
       -0.38942164, -0.97920954, -0.85930413, -0.43668088, -0.7086338 ,
       -0.80212784, -0.94921756,  0.4731952 , -0.44914353,  0.2095086 ,
        0.6854619 , -1.0646322 , -0.5460354 , -0.8143728 , -0.4645279 ,
       -0.14990759,  0.6959839 ,  0.02314017, -0.58844846, -0.8579253 ,
        0.5538434 , -0.27604318, -0.50840974,  0.45236295,  1.4292088 ,
       -0.7333877 ,  0.03082042, -0.26129484, -0.32770926, -0.13581192,
       -0.9335967 , -0.5263387 , -1.0942156 , -0.67602575, -0.09558479,
        0.0023237 , -0.05503659,  0.22513163,  0.35389414, -0.9141967 ,
       -0.45337334,  0.27448076, -0.9351713 ,  0.12042377, -0.2932942 ,
       -0.20300774,  0.6489407 , -0.8931762 , -0.91475576, -1.0093741 ,
        0.9328984 ,  0.13654144, -0.47657353, -0.53254735, -0.7436228 ,
        0.3528515 , -0.5302433 , -1.2270222 , -0.04292309, -0.34080473,
       -0.48112732, -1.0636373 ,  0.31597084, -0.5751899 , -1.0791056 ,
       -0.07600859, -0.4630034 , -1.5115663 , -0.57169735, -0.9672917 ,
       -0.28708038, -0.37438124, -0.51173985, -0.80814075, -1.1549476 ,
       -0.14709331, -0.20232658, -0.11987072, -0.02295508, -0.22192827,
       -1.5358127 , -1.0074332 , -0.5956565 ,  0.83037317, -1.0110089 ,
        0.372815  , -0.6716193 , -0.3331048 , -1.0616468 , -1.0571041 ,
       -1.483762  , -0.20551449, -0.38371742, -0.8904975 ,  0.8768977 ,
       -1.3128889 , -1.4807327 ,  0.03637275, -0.11333735, -0.5912497 ,
       -0.24269706, -1.3019228 , -1.026931  ,  0.04583794, -0.4783177 ,
       -1.1541593 , -0.25982985, -0.45821452, -0.13258047, -0.64486635,
       -0.2620843 , -1.0055892 ,  0.00591243,  0.06710593, -0.49966446,
       -0.12861748,  0.19738506, -1.549202  , -0.8872067 , -0.16198485,
       -0.08344143, -0.20597345, -0.8218496 , -0.57015634,  0.54195404,
        0.11721394, -0.13347824, -0.17732368, -0.7650606 , -0.84569824,
       -0.487224  , -0.92489386, -0.07055079, -1.3071371 , -1.5273485 ,
       -1.5602739 , -0.9735895 , -0.67949915, -0.10460515, -0.6324707 ,
       -0.34292305, -0.87146795, -0.6000105 , -0.90352356, -0.6879167 ,
        0.07442185, -1.0120561 , -0.51990104,  0.00564024,  0.3915999 ,
        0.5337312 , -0.29689807, -0.784003  , -0.23934293, -0.19489174,
       -0.64116156, -0.87496626, -0.3945559 , -0.92663723, -0.73734653,
       -0.9753915 , -0.30088148, -0.8972349 , -0.60477024, -0.733482  ,
       -0.6782992 , -0.43654382, -1.1666679 , -0.22982821, -0.43369815,
        0.05247836, -0.5120612 , -1.2186366 , -0.46870664, -0.46306673,
       -0.31051433, -1.2311456 , -1.1117462 , -0.04149432, -1.0686944 ,
       -0.49052954,  0.07100093, -0.61542434, -0.39729246, -0.19038905,
       -0.29111418,  0.0769878 , -1.1408265 , -0.7459368 ,  0.18434012,
        0.5897454 , -1.5545653 , -0.13562769, -1.1096435 , -0.12473024,
       -0.7837589 , -0.09670957, -0.17517631, -0.792039  , -0.9008626 ,
       -0.4125958 , -0.41569054, -1.434395  , -0.3037986 , -0.41583285,
       -1.1111314 , -1.3700483 ,  0.67219347,  0.08907993,  0.3043262 ,
       -0.40794468,  0.01924353, -1.0897692 ,  0.33830222,  0.5119813 ,
       -0.25341588, -0.9651359 , -1.0697211 , -0.09065389, -0.2063756 ,
       -0.14799216, -1.212768  ,  0.1398017 ,  0.12042903, -1.1998866 ,
       -0.3246867 , -0.21257861, -1.2924072 , -1.4583147 , -0.59921455,
       -0.5134195 , -1.1381204 , -1.46142   , -0.03620482, -0.26732185,
        0.02925529, -1.3804631 , -0.36980858, -1.0820532 , -0.70497024,
       -1.1397367 , -0.40841243, -0.00359736, -1.0541389 , -1.4666339 ,
       -0.6982736 ,  0.61424017, -0.9203183 ,  0.13011193, -0.06176673,
       -0.5591262 , -1.6024929 , -0.6418043 , -0.53410095,  0.89201   ,
       -0.8947239 , -0.5632538 , -0.25533164, -0.7366682 , -1.5272596 ,
       -0.7819072 , -0.4888937 , -0.5243243 ,  0.4371071 , -0.59452134,
        0.4953648 , -0.975047  , -0.5076057 , -0.881318  , -1.7438914 ,
       -1.6620083 , -0.42138922, -0.14147335, -0.8451523 , -1.3388665 ,
       -1.0151273 ,  0.42711025, -0.81102693, -0.2778467 , -0.05960539,
       -0.65882045, -1.2461617 , -0.07748544, -0.27414998, -0.56448424,
       -0.589201  ,  0.3218419 , -0.38954055, -0.8255012 , -0.7025472 ,
       -0.6361185 , -1.2967563 , -0.8098861 , -0.22561331, -0.641182  ,
       -1.023746  ,  0.26067296, -0.97617006,  0.14416297, -1.0279148 ,
       -0.20682335, -0.9761293 , -0.69633675,  0.04402755, -1.3813517 ,
       -0.3387322 ,  0.20661572,  0.19893226, -0.01710855, -0.77370673,
       -0.21926937, -0.28815955,  0.9410788 ,  0.79965484, -0.68117505,
        0.8790706 , -0.5543524 , -1.0555506 , -0.96710765, -1.6487198 ,
        0.5308247 , -0.37068152, -1.5921416 ,  0.01138601, -0.5965513 ,
       -0.28023738, -0.96212614, -1.1846827 , -0.5779084 , -0.9219643 ,
        0.12436172, -0.48117894,  0.5070808 , -0.1288648 , -0.71659136,
       -0.10116814, -0.03276387, -0.25552973, -0.39510378, -0.43191952,
       -0.05886271,  0.15878162,  0.07712267, -0.58574426, -0.10912736,
       -1.3918993 , -0.90073276, -0.21795937, -0.05771325,  0.0995876 ,
       -0.8830227 , -0.4655286 , -1.24623   , -0.2925232 , -1.0772715 ,
        0.48671964, -0.10189775, -0.16595186, -0.07772451,  0.20123962,
        0.04700619, -0.73806924,  0.46631482, -0.57673776, -0.20192754,
       -1.0460569 ,  0.08942841,  0.09101087, -1.6770635 , -1.2485626 ,
       -0.33295423, -1.2788792 , -0.9437295 , -1.284668  , -0.37772924,
       -1.4315032 , -1.2577596 , -1.2356157 , -0.27053237, -0.1752194 ,
       -1.2361495 ,  0.5172856 , -1.2379858 ,  0.34388977, -0.13149029,
       -1.5686816 ,  0.48993096, -0.8069792 , -0.2963748 , -0.14668086,
        0.5956558 , -0.81331676, -1.2053995 , -0.37321562, -0.5319345 ,
        0.12470181, -0.89976764, -1.475202  , -1.4237819 , -0.01019746,
       -0.25118893,  0.15899006, -0.57315576, -1.0896564 , -0.16075239,
        0.00829327, -0.602726  ,  0.18796295, -1.4014909 , -0.695288  ,
       -1.1791244 , -0.8087717 , -0.61386   , -0.02526589, -1.2285649 ,
       -0.68813056, -1.5125803 , -0.16740808, -0.7994156 , -1.1736577 ,
       -0.67963254, -0.8837192 ,  0.02919302,  0.39589155, -0.07397541],
      dtype=float32), 'encoder.fc.2.weight': array([[-3.6177568 ,  0.902112  ,  2.5682073 , ..., -0.34733808,
        -2.7721424 ,  0.03558185],
       [ 0.3739004 , -0.5775727 , -3.2957768 , ..., -0.07946896,
        -2.9887753 , -3.79167   ],
       [-2.2968457 ,  2.5586998 , -3.863361  , ...,  2.9600825 ,
        -3.0326252 ,  1.2860479 ],
       ...,
       [ 0.83396226, -3.9975014 , -3.1794066 , ...,  1.5729561 ,
        -0.47198707, -3.0970702 ],
       [ 0.39866972, -3.9910548 ,  1.0142207 , ..., -1.8696674 ,
        -2.6018872 , -1.8320367 ],
       [-2.8630118 ,  0.02649185, -3.0715518 , ..., -0.22499019,
        -0.50854003, -0.3434432 ]], dtype=float32), 'encoder.fc.2.bias': array([ 3.2303495, -2.3025045,  2.829973 , ..., -0.7710302, -2.679496 ,
       -1.5381575], dtype=float32), 'encoder.fc.4.weight': array([[-1.8195895 ,  0.3023834 , -0.28864282, ...,  0.9015037 ,
         0.06250443, -1.7600055 ],
       [ 1.4497648 ,  1.40361   ,  1.2053978 , ..., -1.5888431 ,
        -0.18149897, -0.39839017],
       [-1.5842762 ,  0.5715384 ,  1.6083357 , ..., -0.05276439,
        -0.6811332 ,  0.43155858],
       ...,
       [-1.582372  , -0.7027807 , -0.0593281 , ..., -0.9731555 ,
         0.9620652 ,  2.0161176 ],
       [-1.1163322 , -0.09864304,  1.6056836 , ..., -0.6299138 ,
        -1.822288  , -0.1846485 ],
       [-0.00531308,  0.5693645 , -2.0775752 , ..., -1.4397416 ,
        -1.2314478 ,  1.0010587 ]], dtype=float32), 'encoder.fc.4.bias': array([-2.08272243e+00, -2.88422346e-01, -2.81342745e-01, -1.24325395e+00,
       -2.72095520e-02,  2.99564213e-01,  9.57145691e-01, -1.86725879e+00,
       -1.71867180e+00, -2.00493240e+00, -1.51686251e+00,  8.35056961e-01,
       -4.61163342e-01, -1.86785388e+00, -7.80210078e-01, -1.35550308e+00,
       -1.92630494e+00, -9.67115879e-01, -1.98645306e+00, -1.48994029e+00,
       -2.08490208e-01, -3.85767035e-02, -1.71167958e+00, -1.89517987e+00,
       -1.75575221e+00, -1.52897930e+00, -2.59458035e-01,  1.22062159e+00,
       -6.96082592e-01, -9.22768235e-01, -5.61597586e-01,  1.63133562e+00,
       -2.05110860e+00, -1.49319947e-01, -3.38527560e-01, -2.05511972e-01,
        9.32662189e-01,  8.18847537e-01, -1.06275737e+00, -1.88442850e+00,
       -1.44531560e+00, -1.27422571e+00,  1.26417124e+00, -2.19229650e+00,
       -3.33566159e-01, -4.14948583e-01, -6.47976995e-01,  2.60243893e-01,
       -7.53712177e-01,  1.25523973e+00,  4.60434347e-01,  2.87551284e-01,
       -1.31748319e+00,  1.22033358e+00, -1.40183282e+00, -9.06296611e-01,
        1.47930130e-01,  4.68261214e-03, -7.14041710e-01, -5.13226509e-01,
        2.50264227e-01, -1.64888072e+00,  6.57645702e-01, -5.93050480e-01,
        5.64731359e-01,  5.45859694e-01, -3.28416169e-01,  5.06259918e-01,
       -1.67201734e+00, -3.64884049e-01, -1.05433536e+00, -9.16511536e-01,
        6.13043785e-01, -6.31419182e-01,  1.22115159e+00, -2.10947111e-01,
        5.55863619e-01, -8.31239998e-01, -1.55045819e+00, -1.81690300e+00,
       -1.28799760e+00,  1.53306150e+00,  1.32794809e+00, -9.78126079e-02,
       -1.33938527e+00,  8.49367604e-02,  1.85254678e-01, -4.54110742e-01,
        1.02793658e+00, -1.14540970e+00,  9.43474412e-01, -1.58841562e+00,
       -9.93073881e-02,  1.36101699e+00, -9.44769859e-01, -2.01765871e+00,
       -9.80832458e-01,  4.30813998e-01,  5.50265789e-01, -1.88672948e+00,
       -5.34858406e-01, -7.88467169e-01, -2.09957957e+00,  5.46950638e-01,
        1.69201636e+00,  2.28618622e-01, -1.72287369e+00, -6.69961691e-01,
       -1.12275875e+00, -1.65744174e+00, -8.77254367e-01,  4.57616419e-01,
        8.50154221e-01,  1.07406521e+00,  9.56883072e-04, -1.29783821e+00,
        2.82373846e-01,  2.46849768e-02, -8.18475246e-01, -9.44512248e-01,
        8.70892033e-02,  5.45031488e-01,  1.48941755e-01,  8.59874547e-01,
        1.42411202e-01, -6.30723119e-01, -3.71321082e-01,  1.40265763e+00,
       -2.06071901e+00,  2.84652710e-01, -2.01308227e+00,  1.44107819e+00,
       -5.36426604e-01, -2.06727242e+00, -3.19416970e-02,  4.91052270e-01,
        2.24482700e-01,  8.25171053e-01, -1.05847955e+00, -1.63582885e+00,
       -1.70114207e+00,  5.69180965e-01,  9.87190008e-01,  1.35597444e+00,
       -5.97663999e-01, -4.29959059e-01, -6.47578388e-02,  1.08161736e+00,
       -1.19903016e+00, -1.59065413e+00, -7.11495519e-01, -1.39291954e+00,
       -3.33380461e-01,  6.20041847e-01,  3.76434565e-01,  1.14582574e+00,
       -1.14095545e+00, -6.71995759e-01, -1.24735296e+00, -1.53789926e+00,
        1.16523957e+00,  1.06485426e+00,  1.58326134e-01, -1.20720237e-01,
        8.89164209e-01,  1.93241835e-01, -2.70282090e-01,  1.99373889e+00,
       -1.91244578e+00, -1.61277026e-01, -1.62830973e+00,  4.60052758e-01,
       -1.38567340e+00, -2.29985642e+00,  4.41388369e-01, -8.05041075e-01,
       -1.40186381e+00, -1.81398058e+00, -1.42309165e+00,  1.13913798e+00,
       -1.32698369e+00, -1.53572452e+00,  8.28680873e-01,  1.34615779e+00,
       -1.97223097e-01,  2.28767797e-01,  1.48052013e+00,  4.27220017e-01,
       -1.05807114e+00,  1.24975955e+00,  5.38501024e-01, -1.42242908e-01,
       -8.38094205e-02, -4.61597502e-01,  1.01894662e-01, -4.09110814e-01,
       -1.67499691e-01,  7.42664933e-02, -1.76773596e+00, -4.01592404e-01,
       -1.89007080e+00, -8.02676558e-01, -1.19444823e+00, -1.11957991e+00,
       -1.28744054e+00,  1.20347786e+00,  5.03357410e-01, -1.37688017e+00,
       -5.25801122e-01, -2.06328964e+00, -8.18827152e-01, -1.33965349e+00,
       -2.08960056e+00, -1.59574389e+00,  7.77706802e-02, -5.06443560e-01,
        2.02354461e-01, -1.10205936e+00, -2.81198114e-01, -4.91326712e-02,
        8.63926053e-01,  1.41383755e+00, -2.21464849e+00,  8.20757821e-02,
        8.50760341e-01, -1.89298332e+00, -1.87447739e+00,  7.90897965e-01,
       -7.71713614e-01,  5.23931503e-01,  5.97803771e-01, -5.22794664e-01,
        1.03204894e+00, -4.20356810e-01, -2.33482763e-01,  5.58387995e-01,
        8.66468430e-01, -1.47989237e+00, -6.72887743e-01, -1.62953746e+00,
       -1.44511735e+00, -7.48886615e-02,  4.33567047e-01,  2.81508654e-01,
       -2.01197839e+00,  6.41731024e-01, -2.13034248e+00,  1.08585644e+00,
       -4.65169922e-02, -1.51480401e+00, -1.31815791e+00,  1.24187267e+00,
       -1.13902211e+00,  1.20881534e+00, -1.77015305e+00, -1.04638919e-01,
       -4.95671421e-01, -1.57854617e+00, -4.52723265e-01,  2.86542207e-01,
        9.30637956e-01,  1.04789168e-01,  8.06517005e-02, -1.15641809e+00,
        4.21315581e-01,  1.13652623e+00, -5.42703450e-01, -1.11136281e+00,
       -1.00676203e+00, -1.43769062e+00,  6.28634810e-01,  1.07864428e+00,
       -8.57041121e-01, -4.03786272e-01,  1.90872073e-01, -2.20505095e+00,
       -9.69060183e-01, -2.03774548e+00, -1.61431909e+00,  1.57264674e+00,
        1.04470432e+00, -1.02987659e+00,  3.33838046e-01,  1.30020368e+00,
        8.20784569e-02,  1.02733636e+00,  1.12707925e+00,  2.39250720e-01,
       -1.60820961e+00,  2.16669649e-01, -7.75149465e-01,  3.89405131e-01,
       -4.07131255e-01, -2.02002954e+00, -3.80856916e-02, -1.79515505e+00,
       -2.99309224e-01, -5.69561481e-01, -1.83237576e+00, -1.74235272e+00,
       -1.77290416e+00,  1.32776308e+00, -2.03187680e+00,  5.19654274e-01,
        1.38038087e+00,  5.90984523e-01, -1.78021824e+00, -9.00126576e-01,
        4.00203168e-01, -4.95415002e-01,  5.85584283e-01,  1.07948267e+00,
       -4.51506793e-01,  9.32376623e-01, -1.26629424e+00, -1.76836896e+00,
        1.09855592e+00,  2.49770299e-01, -1.43375099e+00,  9.81940478e-02,
       -6.75182641e-01, -1.06753957e+00, -2.10404158e+00, -1.17480183e+00,
       -8.41894984e-01,  1.38599157e+00,  1.08804321e+00, -5.64701915e-01,
        6.09634340e-01, -5.98900139e-01, -1.00488985e+00, -6.60356462e-01,
        1.39428830e+00,  1.91091776e-01, -6.22324109e-01, -1.00067890e+00,
        6.26145363e-01, -8.97397578e-01, -1.00797296e+00, -2.02725604e-01,
        4.15222883e-01,  7.29591429e-01, -1.38950908e+00,  6.46187484e-01,
        4.41911995e-01,  1.69204724e+00,  2.13818192e-01,  1.56407893e-01,
        2.28047624e-01,  3.04970980e-01,  4.78071809e-01, -3.19218338e-01,
       -1.51604891e-01, -2.06069916e-01, -2.07196236e+00, -1.21620584e+00,
        5.63590169e-01, -8.95182133e-01, -1.84309864e+00, -3.79495025e-01,
       -8.99595618e-01, -8.43420804e-01, -7.80276954e-02,  1.08356869e+00,
       -1.82375479e+00,  1.07747221e+00, -1.65792322e+00, -1.70626080e+00,
        6.75493777e-01, -2.05943994e-02, -6.70125067e-01,  1.67375898e+00,
       -2.55404860e-01, -1.33799401e-03,  1.02116871e+00,  2.79545914e-02,
       -1.34064317e+00, -4.72929865e-01,  7.06730247e-01, -8.35204273e-02,
        1.13111687e+00,  8.09665382e-01,  1.01893890e+00, -8.48578364e-02,
        2.51654953e-01, -2.05859423e+00, -2.00424600e+00, -1.10260713e+00,
       -1.09936404e+00, -5.91118574e-01, -6.31392837e-01, -5.14839888e-01,
       -8.74161243e-01, -3.78908783e-01,  1.00449181e+00, -1.60568583e+00,
        5.59646785e-01,  1.16341221e+00,  6.28575504e-01, -1.06598064e-01,
       -6.90524817e-01,  1.00435996e+00, -1.15501952e+00,  9.99386966e-01,
        9.92194489e-02,  2.44797736e-01,  7.52268553e-01, -1.27759266e+00,
       -1.88276374e+00,  7.23537803e-01, -2.07201838e+00,  1.18721843e+00,
        3.51911932e-01,  3.71958837e-02, -1.70491147e+00,  6.22460961e-01,
        9.55754995e-01, -5.74125350e-01, -4.83011842e-01,  2.10367575e-01,
        1.30310512e+00,  3.43924582e-01,  1.31323123e+00,  6.76766634e-01,
       -1.08586752e+00, -3.53711605e-01,  2.85777867e-01, -2.47563899e-01,
       -1.06208491e+00, -4.44600105e-01, -1.07894039e+00,  7.25219846e-01,
       -1.43750191e+00,  8.65084648e-01, -8.36856365e-02, -7.02972889e-01,
        5.87135315e-01,  4.10663009e-01, -1.94214582e+00,  3.01103611e-02,
        7.82432199e-01,  1.11721444e+00, -1.44150400e+00,  6.30484164e-01,
       -6.16361022e-01, -1.86705530e-01, -1.47117901e+00,  8.92453730e-01,
       -5.65360188e-01, -1.19733572e+00,  9.95909750e-01,  1.49484360e+00,
       -3.48862648e-01, -1.47016931e+00,  7.17699587e-01,  1.04111159e+00,
        7.16471493e-01,  1.47759151e+00, -4.18412201e-02,  1.00201869e+00,
        4.82331030e-02, -7.34514475e-01, -1.10230851e+00,  1.14188242e+00,
        7.63474554e-02, -2.21004486e-01, -1.93379545e+00,  5.84281325e-01,
        9.88792062e-01,  9.10815120e-01, -1.22164571e+00,  8.11063349e-01,
        9.62523043e-01,  1.17687714e+00,  1.20694864e+00, -6.36606753e-01,
        1.71245247e-01,  1.06944692e+00, -1.67930555e+00, -9.56543088e-01,
       -1.47229218e+00, -1.24104047e+00,  7.73233414e-01, -1.36567545e+00,
        5.97850323e-01, -3.82218778e-01,  9.36844230e-01, -3.29507113e-01,
       -6.25464022e-02, -1.87024981e-01,  1.04560280e+00,  3.41716230e-01,
       -3.29619557e-01,  9.68236327e-01,  2.89318800e-01, -2.47074157e-01,
       -4.97576505e-01,  4.91896659e-01,  1.17508328e+00,  1.72486234e+00],
      dtype=float32), 'encoder.fc.6.weight': array([[-1.1395721 ,  1.408546  ,  2.9398465 , ...,  0.91408503,
         2.1331606 , -2.114246  ],
       [ 2.5277345 , -2.650115  ,  0.28426665, ...,  3.2975683 ,
        -2.090672  ,  2.2127635 ],
       [-2.4716828 ,  3.1134617 ,  2.8604994 , ...,  0.8745419 ,
        -1.0616903 ,  2.8438458 ],
       ...,
       [-0.07195007,  2.2389998 ,  0.01789741, ..., -1.2559423 ,
        -0.13553923,  3.0953386 ],
       [-2.3179345 ,  2.0237465 , -1.4408445 , ..., -3.6349978 ,
         2.9024146 ,  1.2880594 ],
       [-3.6587572 ,  2.881147  , -0.4648069 , ..., -0.2501407 ,
         1.443334  , -1.1454803 ]], dtype=float32), 'encoder.fc.6.bias': array([-0.19092992,  2.0918431 , -0.85095346,  3.5442262 ,  3.0411377 ,
       -2.2359424 , -1.3012171 , -2.5123146 ,  3.1510663 ,  0.5510199 ],
      dtype=float32), 'decoder.fc.0.weight': array([[  2.68428  ,  15.286889 ,   3.797146 , ...,   6.1723623,
         15.843438 , -15.495693 ],
       [-16.01764  ,   1.5809699, -17.360462 , ...,  -4.4624486,
          7.984391 , -10.0828705],
       [ 17.864288 ,  10.849129 ,  17.07088  , ...,  25.715794 ,
        -14.136639 ,   6.9762297],
       ...,
       [-19.083889 ,  15.228247 , -23.1431   , ...,  11.814244 ,
        -18.146048 ,  24.571537 ],
       [-18.517656 , -22.953403 ,  -8.563938 , ...,  10.344242 ,
         10.340971 , -20.523586 ],
       [  4.899253 ,  22.834234 ,   7.1150007, ...,  16.686556 ,
        -10.158455 ,   7.4988527]], dtype=float32), 'decoder.fc.0.bias': array([-19.075027  ,  14.255588  ,   3.0366175 , -19.100521  ,
       -24.24392   , -15.371193  ,  -2.3717701 , -14.30567   ,
         8.450962  , -14.844934  ,   8.883032  ,   2.1371758 ,
        24.252222  , -20.586246  ,   5.3488693 , -22.642672  ,
         1.9687479 ,  14.889654  ,  -1.9437304 , -25.4525    ,
       -10.35693   ,  21.048687  ,  -5.054173  , -12.550661  ,
       -20.206358  , -21.136251  ,  -6.6301975 ,  -7.750722  ,
        24.929209  ,  -2.206655  ,  16.628973  ,   6.94522   ,
         6.4191656 ,  -4.1526055 ,  -1.8574727 , -12.834872  ,
         1.882487  , -16.548939  ,  -9.660339  ,  -3.7425756 ,
        14.573716  , -14.980056  ,  14.141928  ,  24.86541   ,
       -21.076742  , -17.634811  ,   8.431671  , -13.032511  ,
        16.378756  ,  -2.1638951 ,  22.75946   , -15.677908  ,
       -16.5863    ,   1.1330444 ,  21.625664  ,  17.414764  ,
        21.408096  ,  -9.306881  ,   2.8087573 ,  21.642136  ,
         2.4494257 ,  16.793945  ,  14.768     ,   1.1872013 ,
        24.85833   , -15.584836  ,  -2.4283617 ,  -4.0125546 ,
        13.045954  ,   3.9857807 ,   1.9347141 ,  -9.929222  ,
        -8.154795  ,  -6.784674  ,   6.7812805 ,  -6.0432158 ,
        -8.008465  ,  22.647442  , -15.367364  ,  -3.2600076 ,
       -10.660455  , -23.711681  ,  19.02129   ,  -1.1837894 ,
        19.731657  ,   3.153888  ,  14.1933775 , -21.237679  ,
        -2.5684657 ,  18.941113  ,   8.563774  ,  22.666796  ,
       -24.319546  ,   1.172441  , -23.572647  , -14.257599  ,
        -7.562283  ,   9.103174  ,  -0.1262087 ,  14.850132  ,
        24.87732   ,  -8.20346   , -13.420681  ,  -8.575471  ,
         0.5334519 ,  19.554914  ,  14.49981   ,  20.330297  ,
         8.7811165 ,  19.129835  ,   3.0332844 ,   5.306562  ,
        24.939188  ,  -6.430724  , -13.179945  , -17.553425  ,
       -11.777567  ,  12.402033  ,   1.4266176 , -25.281261  ,
         4.6602087 , -15.966146  , -20.522936  , -10.875713  ,
        -6.183214  ,  -1.1990657 ,  16.519463  ,  -2.4580522 ,
       -16.111156  ,   8.977011  ,  -8.338696  ,  -4.4179735 ,
        25.38734   ,   2.7229795 ,  20.511412  ,  -1.3467461 ,
       -12.623039  , -23.288465  ,   3.4085755 , -25.238018  ,
        -2.533111  , -21.960886  ,  17.155731  ,  -9.202672  ,
        14.000796  ,  -9.42927   ,   3.0762944 ,  -0.20215029,
       -17.245121  ,  17.780739  ,  16.75018   ,  11.533175  ,
       -11.364872  ,   4.663907  ,   5.0851107 , -17.466785  ,
         1.4199669 ,  19.584442  ,  11.872297  , -22.638805  ,
       -20.631836  , -17.397594  ,   9.205639  ,  -3.9089284 ,
       -22.583843  ,  16.289047  ,  17.824383  ,  -7.1366196 ,
        23.707115  ,  20.230122  ,  20.845015  , -15.431717  ,
         4.508193  ,  10.851787  , -20.001488  ,   4.443899  ,
        20.247982  , -20.75312   , -12.8296995 ,  24.754423  ,
       -14.656411  , -18.512554  , -17.138975  , -24.841827  ,
       -12.024542  ,   8.168281  ,  19.254229  ,  11.688902  ,
        -9.671024  , -14.50833   ,  -5.0790462 ,   1.2901914 ,
       -12.700916  , -21.502678  ,   3.0988898 ,  19.644613  ,
        21.158325  ,  19.00833   ,  -2.0633855 , -21.986633  ,
       -25.421642  ,  14.5342655 , -24.62222   ,  15.454508  ,
        -0.08706585,   9.917671  ,  -4.153035  , -11.343255  ,
       -14.409496  ,   6.645168  ,  23.322691  ,  25.63826   ,
       -14.244607  , -22.820053  ,  -2.2724352 ,  13.772206  ,
         8.938494  ,  13.360517  , -14.431967  , -10.0117035 ,
         7.3058834 ,  13.864273  ,  22.968994  ,  -8.062933  ,
        -6.3300204 ,  -1.8247143 ,  -1.0230685 ,   6.6048174 ,
        14.806097  , -23.284863  ,   0.09316321,  -7.596166  ,
        -8.541723  ,   1.4627059 ,  24.105385  , -20.357685  ,
        21.289726  ,  -4.550743  ,   7.00185   ,   6.2316885 ,
       -22.362888  ,  -5.0817647 ,   6.4939833 ,  -1.4335049 ,
        -5.6910176 ,  15.035188  ,   5.3969116 ,   3.9420397 ,
         8.237218  ,  -2.8846617 ,   5.0173116 , -24.115612  ,
       -17.127716  ,  11.559432  ,  -2.5470376 ,   4.0342393 ,
       -11.8081    ,  18.566101  , -22.85006   ,  -5.412837  ,
        -1.1340063 ,  15.49485   , -11.273251  ,  22.87103   ,
        -8.037447  , -16.909657  , -14.568337  ,  21.020449  ,
        10.771697  , -21.980822  , -11.618612  ,   9.353184  ,
        14.340966  , -14.947826  , -25.765     ,  11.194729  ,
         3.7256248 ,  12.989076  ,  -6.574136  ,   9.020585  ,
       -13.328045  ,   4.392129  , -23.052414  , -22.53928   ,
        19.529408  ,   2.8041446 , -14.856923  ,   6.8588133 ,
         3.0685437 ,   8.720784  , -21.610386  , -24.69146   ,
       -12.653326  , -20.325193  ,   4.7598853 ,  -1.8856862 ,
        16.48498   ,  -5.912464  ,  -8.701901  ,   0.2125912 ,
       -22.253508  ,  15.951458  ,   6.299708  ,  -0.9808787 ,
        16.521767  ,  -3.7891166 ,  -9.38344   ,  23.796791  ,
         5.0712214 , -18.120363  ,   4.0553102 , -14.316563  ,
       -11.740131  ,  11.958546  , -20.072899  ,  -3.278723  ,
         7.272872  , -19.890621  ,  -1.7276989 ,  12.082738  ,
       -18.209352  ,  11.014402  , -19.69598   ,  20.685608  ,
        -2.6002638 ,   4.052538  ,  24.000578  , -11.859755  ,
       -17.767178  ,  13.759844  , -12.325449  ,   9.023714  ,
        13.3261795 , -13.713882  ,  -5.9310746 ,  -8.008907  ,
        15.478346  , -15.4049635 , -22.777554  ,  19.502571  ,
        -5.2317743 , -20.016468  ,  23.1195    ,  -1.6165335 ,
         6.218738  ,   5.4503717 ,   5.4283757 , -10.847319  ,
        -3.5061655 , -20.060902  ,  -9.790268  , -22.50483   ,
        -8.010502  ,   0.9540069 ,  13.080076  , -18.625248  ,
         0.5260187 ,  14.374542  ,   1.0962518 , -25.744583  ,
       -10.904633  ,  15.054494  ,  -4.513983  , -19.380999  ,
       -11.895491  ,  -1.7539485 ,  15.522858  ,  10.818671  ,
         6.3804235 , -20.34724   , -26.006601  ,  20.776295  ,
         3.3889618 ,  -2.6433725 ,   8.113966  ,  13.937912  ,
        12.595244  ,  -7.1111584 ,   0.5149905 , -19.119541  ,
        -2.3635378 ,  24.23223   , -19.629185  ,  12.36016   ,
       -24.543772  ,  19.624563  , -23.295227  ,  -5.5074844 ,
       -18.278965  ,  22.157917  , -10.915831  , -14.140855  ,
         0.17958677,  -4.5526905 , -18.20845   ,  17.645782  ,
        -9.437717  , -22.699034  ,   9.1803255 ,  -5.338272  ,
        -4.090077  ,   1.5492646 ,  16.945837  , -17.485617  ,
       -21.78112   ,  23.052343  ,   1.0365776 ,   0.02831364,
        11.98867   , -19.128681  ,   5.6486435 ,  20.861681  ,
         7.9441385 ,  -8.428661  ,  -2.2358747 ,  19.464664  ,
        17.54807   ,  18.968655  ,  12.813266  ,   4.149833  ,
        -8.083765  ,   1.2072523 ,   4.995476  ,   2.4254875 ,
        -7.6888275 ,   3.8034918 ,  -2.3256614 ,   2.2348175 ,
         4.204996  ,  19.24349   , -20.510872  ,   3.9843864 ,
         8.1501    , -17.558538  ,   6.3704414 , -10.893608  ,
        -7.5075574 , -21.598333  ,  13.229012  ,  -3.0881567 ,
       -19.241245  ,   8.948962  ,  -1.517578  ,  21.324818  ,
        14.325592  ,   5.6605067 ,   2.3526936 ,  19.964567  ,
       -17.52265   , -17.779398  ,   2.203493  ,  25.708858  ,
         7.553466  ,  17.177082  , -11.870184  , -13.054819  ,
       -17.131771  , -19.002586  ,   0.58774155,  20.332512  ,
        11.469884  ,  12.58362   ,   6.7694163 ,  -0.5057789 ,
        21.049582  ,  11.391161  ,  -1.8631555 ,  -0.10864775,
        12.139838  , -19.568909  , -13.049015  ,  21.28323   ,
        19.137789  , -15.689568  ,  20.055965  ,   0.1131608 ,
        18.473652  , -18.781567  ,  12.449567  , -14.017785  ,
       -23.959171  ,  -1.5909818 ,   5.456822  ,  18.907295  ,
       -13.986614  , -12.427141  ,  22.98469   , -11.247542  ,
         3.6557071 ,   6.567748  ,  24.085997  ,   3.672909  ,
         2.8068101 , -15.5301285 , -23.554935  ,  11.326447  ,
        21.161627  ,  10.912701  , -11.434333  ,   5.808986  ],
      dtype=float32), 'decoder.fc.2.weight': array([[-2.6765156 , -1.9507939 ,  2.7247086 , ..., -3.2739823 ,
         2.7141733 ,  1.8016992 ],
       [ 2.9285853 ,  2.100649  ,  3.4676178 , ...,  1.1790102 ,
         3.1983976 , -2.3979504 ],
       [ 0.02013046,  2.3428025 , -1.9635282 , ..., -1.1326661 ,
        -3.794424  , -3.367169  ],
       ...,
       [-2.1227336 ,  0.35519248, -4.8806033 , ..., -1.428375  ,
         0.01840953, -1.0728271 ],
       [ 2.273611  ,  2.673788  , -1.1223009 , ..., -2.3383214 ,
         1.8654125 ,  1.2180173 ],
       [-1.3290665 ,  2.3045077 , -4.640702  , ..., -1.0857053 ,
        -1.0470846 ,  3.3566995 ]], dtype=float32), 'decoder.fc.2.bias': array([-0.5954536, -1.9885486, -2.3250713, ..., -3.3456616, -3.177043 ,
        1.9045241], dtype=float32), 'decoder.fc.4.weight': array([[ 1.5776334 , -1.4332299 , -0.5338214 , ...,  0.302589  ,
         0.9403826 ,  0.84605265],
       [ 0.75434893,  0.02143606,  0.7118592 , ..., -0.5736961 ,
        -1.4145513 , -0.04951403],
       [ 0.9263397 ,  1.23504   , -1.2472239 , ..., -0.37770325,
         2.0540767 , -1.3671496 ],
       ...,
       [ 0.42283523, -1.9465246 ,  0.88586587, ...,  1.2161887 ,
         0.9995992 , -0.8749064 ],
       [ 0.36399978,  1.4302824 ,  0.23535076, ..., -1.0695223 ,
         0.7156854 ,  1.7253609 ],
       [-1.6740785 ,  0.16799262, -0.30958056, ..., -0.86866254,
         0.91267043, -1.1283045 ]], dtype=float32), 'decoder.fc.4.bias': array([-0.06166752,  0.8522407 ,  0.04251685, -0.6891972 , -0.90746176,
        0.08812523,  0.04132163,  1.1854382 , -1.9956014 , -0.23036335,
        0.6879621 ,  1.3670073 , -1.0344064 , -1.7186229 ,  0.18636215,
        0.43787447,  1.7540724 , -0.22144261, -0.00343186,  0.20454931,
       -1.8170521 , -0.2454296 , -0.7813407 , -1.3897499 ,  0.52326345,
        0.45216745, -1.6243097 , -2.3379574 , -2.083154  , -0.16709791,
       -2.054377  ,  0.68180454,  0.26941207, -1.3476194 ,  1.2570806 ,
        1.3369634 , -2.1060038 , -1.6187901 , -0.02343953,  0.30315948,
        1.1021008 , -1.4502358 , -0.0576216 ,  1.7998556 ,  1.2710731 ,
       -1.1664107 , -0.1938163 , -0.7918769 ,  0.3228918 , -1.8865825 ,
        1.4532834 ,  0.4636817 ,  0.9307789 ,  1.7348814 , -1.8192897 ,
       -0.891015  , -1.4008467 ,  0.5935795 , -1.1548947 ,  1.2371943 ,
       -0.02191775, -0.14277104, -0.49456662, -1.6811603 ,  0.8934662 ,
       -1.0856795 , -1.1011379 ,  0.21468787, -0.56873506, -1.3893255 ,
       -1.5608582 ,  0.90536785,  1.8533646 ,  0.9123688 ,  1.2378542 ,
       -0.07460567,  0.8748256 , -1.4441524 , -0.26675177, -0.13293724,
       -0.93528676, -0.29561174,  0.31762108, -0.9135053 , -0.6339872 ,
       -0.8987702 , -0.13724324,  0.45739606, -0.15651998,  1.2643273 ,
        0.7488179 ,  1.531227  , -0.1660733 , -1.0173202 , -1.5613613 ,
        1.7400401 ,  0.6644086 , -0.9539418 , -2.0936184 ,  1.4836789 ,
       -0.2086789 , -1.8148024 , -1.7290596 , -1.3413988 ,  0.42173982,
       -2.211122  ,  0.71105313, -0.7196621 , -1.1225162 , -1.4025092 ,
       -1.4476647 , -2.0345514 ,  1.0115356 ,  0.6546328 , -0.5792175 ,
       -0.04042616, -0.19464965,  0.56912196,  1.390821  ,  0.58171386,
       -0.6436968 ,  0.8536193 , -1.9552177 , -0.1985949 , -0.22105616,
       -0.4040309 , -0.23153275, -1.7166535 ,  0.5367531 ,  0.02643065,
        0.7979141 ,  0.6145016 , -0.80785275,  0.17926557, -0.7033112 ,
        0.02173727, -2.117172  ,  1.4283235 ,  0.8165901 , -1.2194562 ,
       -0.57259595, -1.0072049 , -1.0493106 ,  1.099231  , -1.9630065 ,
       -1.4529687 , -1.0055801 ,  0.72302425, -0.5191431 , -0.700552  ,
       -1.9959669 ,  0.10976306, -2.095971  , -0.3301545 ,  1.2478942 ,
        0.67228866,  0.08725481,  0.05419362, -0.7281115 ,  0.71759874,
        0.3158686 ,  0.79117405,  1.3967966 , -1.5926805 , -0.13263413,
        0.19303834, -0.45797154, -1.7434844 ,  1.4321358 ,  2.0824485 ,
       -2.0985234 , -1.2289486 ,  0.29100692, -1.4494103 ,  0.95411265,
       -2.0004668 ,  1.0670211 ,  1.1692798 , -0.72836894, -0.08088943,
        0.5389997 , -0.13419992, -0.7553619 , -0.9800582 , -1.7376004 ,
       -0.5961603 ,  1.1383334 , -0.78701305,  1.0050428 ,  0.28880343,
       -1.3770504 , -1.714088  , -0.67761266, -0.97147024, -0.5957641 ,
        0.263104  ,  0.3580107 , -0.20083317,  0.00914089,  1.2509589 ,
        1.3938437 ,  1.3831303 ,  0.4534642 , -0.7079181 ,  1.1859787 ,
       -0.31014663, -0.7930695 ,  1.657333  ,  0.8573967 ,  1.6879799 ,
       -0.7039124 ,  1.8615601 , -1.7303524 ,  0.3564647 , -0.09001742,
        0.8377724 , -1.1370313 , -0.5939413 , -1.3906953 ,  1.0785675 ,
       -1.0458364 , -0.58723867,  1.7506175 , -1.4273897 ,  0.33747587,
       -0.21808037,  1.0839373 , -0.71462053,  0.5147294 ,  0.28775555,
        0.41398188, -0.7636322 , -0.8766779 , -2.3366148 , -0.46674863,
       -1.6628275 , -0.28873518,  1.0804842 , -1.9667931 , -0.7454682 ,
        0.8629716 ,  1.3799274 ,  0.15988252,  1.3416828 , -1.1467147 ,
        1.5710951 ,  0.16479594,  0.6003046 ,  1.016757  , -0.739501  ,
        0.19603264,  0.17145212, -0.35877988,  0.62864447, -1.4476845 ,
       -1.4720439 ,  0.48207498, -0.26913226, -0.8508745 ,  1.5319521 ,
       -1.110976  ,  1.6278702 ,  1.6066886 ,  1.6622276 , -0.889999  ,
        1.465023  , -0.71263933,  0.6759696 ,  1.0845242 , -1.6209128 ,
        0.5016029 ,  0.3320792 ,  0.31821632,  0.47263134, -0.50353605,
       -0.3916439 ,  1.7442563 , -1.3810995 , -1.5595858 , -1.4012952 ,
       -1.5544492 ,  0.30756283, -1.5926725 ,  0.61633074,  0.25625226,
       -0.14290859, -1.2440591 ,  1.4713504 , -1.402552  , -1.8570726 ,
       -0.6515455 , -0.48387417,  0.15538141, -0.73801184,  1.3494513 ,
        0.7485226 , -0.32409012, -1.8057451 ,  1.1236663 , -0.7014544 ,
        0.25868666, -0.55118   , -1.6174757 , -2.0956833 , -0.651384  ,
       -2.3859248 , -1.0248969 , -1.6080837 ,  1.202386  ,  1.3668065 ,
       -0.84970415,  0.04942284,  0.06647441, -1.0516222 , -1.8234854 ,
       -1.381854  ,  0.52253735,  1.5460457 ,  0.80498296, -1.6727464 ,
        0.50904626,  0.92472214, -0.7151083 ,  0.46635884, -1.7604922 ,
        0.43161583,  0.5099303 , -0.09456718, -1.3933539 ,  0.07411556,
       -0.71439075,  0.192024  , -1.0478888 , -2.0588727 ,  0.60345936,
        0.28056815, -1.8029985 ,  0.00405795, -0.44626707,  0.49959862,
        0.7114248 , -1.5638039 ,  1.2492181 , -1.8698148 ,  1.3218101 ,
       -0.16836767, -1.0880679 , -0.37698868,  0.7082772 , -1.8255799 ,
       -1.8632107 ,  1.0923543 ,  1.1210322 , -1.5095565 ,  1.3281418 ,
        1.1208651 , -2.1623127 ,  0.9583622 , -2.023198  , -1.5640572 ,
       -1.8973446 ,  0.7592216 ,  2.061325  , -1.8526101 , -0.14523497,
       -0.07322545,  0.64841044,  1.70699   , -1.1261392 ,  0.964131  ,
       -1.9072516 ,  0.38370305,  1.1517574 , -1.1804866 , -0.27742177,
        0.24980888,  0.52581584, -0.6617211 ,  0.64914757,  0.3381326 ,
       -0.39527357, -1.0866557 , -0.11745565,  0.41921756, -0.0847398 ,
        0.00679314, -0.7810221 , -1.1464306 , -0.24155791,  0.3336481 ,
        0.5026058 ,  1.3786244 , -0.3466824 , -0.17652926, -0.33647946,
        0.53630245, -1.7793943 , -0.14580613,  0.11111033, -0.60279   ,
       -1.9572256 ,  0.6023074 , -0.9215865 ,  0.61361593, -2.2140884 ,
       -0.01233358,  1.0966449 ,  0.8563751 , -0.71881175,  0.15364894,
       -1.7276427 ,  1.2925676 , -1.412053  , -0.717796  ,  1.3670013 ,
        0.3256613 ,  1.8747593 , -1.5954022 ,  0.36189318, -0.621907  ,
       -1.2219679 , -2.0428329 ,  0.6097669 ,  0.55078477, -0.819034  ,
       -1.7035764 , -0.554887  , -0.18867046, -1.2385086 , -0.32059133,
       -1.6276789 ,  0.44205785, -0.9744596 ,  1.4594024 ,  1.4242773 ,
        0.9690181 ,  1.4195375 , -2.452195  , -1.0132396 , -0.52886105,
        0.29205373, -0.5280917 , -1.6646394 ,  1.2255969 ,  0.04365793,
        0.35247257,  1.2953843 , -0.9639648 , -0.8670695 ,  0.10557845,
       -1.2535274 , -1.9214423 , -2.1445932 ,  1.0351256 , -0.33364183,
        0.47210017,  0.0952564 , -0.17669244,  0.2906906 ,  1.1793222 ,
        1.5995754 ,  0.6478398 ,  1.4176664 ,  0.44551206,  1.29532   ,
       -0.28923112, -1.8397604 , -2.3339076 ,  1.3997462 ,  1.0563188 ,
        1.280439  ,  1.4103332 ,  0.46979785, -0.55498266,  0.02830027,
       -0.49312377, -0.76385605,  0.5960863 , -1.9102696 ,  0.31982374,
       -1.172473  , -1.4779985 , -2.2183542 , -0.6275508 , -0.64796036,
        1.8414209 ,  1.3416128 ,  1.6730573 , -1.2732817 , -2.027153  ,
       -0.26665282,  0.8267505 , -0.8577473 ,  1.985124  ,  1.2557698 ,
       -1.2512277 ,  1.245193  , -2.1867006 , -2.2662892 , -0.65700334],
      dtype=float32), 'decoder.fc.6.weight': array([[-1.8573596 ,  1.8100195 , -0.65655506, ...,  4.678918  ,
        -2.6118414 ,  0.57575786],
       [ 2.2118163 , -2.3366418 , -2.89298   , ...,  2.8262155 ,
         0.737268  , -1.3570424 ],
       [ 0.2240543 , -1.4115806 ,  3.0105186 , ..., -2.5809398 ,
         2.4484997 ,  2.0367608 ],
       ...,
       [ 1.5389454 , -2.6347947 , -2.4653342 , ..., -0.6306932 ,
         1.2202562 ,  2.0043695 ],
       [-0.3508137 , -3.6625915 , -1.3969746 , ..., -0.00692177,
        -0.6759947 , -0.13437247],
       [-3.1432567 ,  0.06038103,  2.3465257 , ..., -0.94484544,
         1.3812189 ,  2.0391114 ]], dtype=float32), 'decoder.fc.6.bias': array([ 0.8642797 , -3.2489622 ,  1.8113555 , ...,  0.48478618,
       -2.5562997 ,  1.4017581 ], dtype=float32)}
[Time: 29.01.25 15:08:04] [Level: info] [State: aggregate] Updating global model...
[Time: 29.01.25 15:08:04] [Level: info] [State: aggregate] Broadcasting model...
[Time: 29.01.25 15:08:04] [Level: info] transition: compute
[Time: 29.01.25 15:08:05] [Level: info] state: compute
[Time: 29.01.25 15:08:05] [Level: info] [State: compute] ITERATION 6
[Time: 29.01.25 15:08:05] [Level: info] [State: compute] receiving weights...
[Time: 29.01.25 15:08:05] [Level: info] transition: write
127.0.0.1 - - [29/Jan/2025 15:08:06] "GET /api/status HTTP/1.0" 200 158
[CTRL] GET /data
[Time: 29.01.25 15:08:06] [Level: info] state: write
[Time: 29.01.25 15:08:06] [Level: info] [State: write] Saving final model...
[Time: 29.01.25 15:08:07] [Level: info] transition: terminal
127.0.0.1 - - [29/Jan/2025 15:08:07] "GET /api/data HTTP/1.0" 200 58363374
127.0.0.1 - - [29/Jan/2025 15:08:12] "GET /api/status HTTP/1.0" 200 156
127.0.0.1 - - [29/Jan/2025 15:08:14] "GET /api/status HTTP/1.0" 200 156
127.0.0.1 - - [29/Jan/2025 15:08:16] "GET /api/status HTTP/1.0" 200 156
127.0.0.1 - - [29/Jan/2025 15:08:18] "GET /api/status HTTP/1.0" 200 154
