2025-01-15 11:45:30,945 CRIT Supervisor is running as root.  Privileges were not dropped because no user is specified in the config file.  If you intend to run as root, you can set user=root in the config file to avoid this message.
2025-01-15 11:45:30,947 INFO supervisord started with pid 7
2025-01-15 11:45:31,950 INFO spawned: 'nginx' with pid 10
2025-01-15 11:45:31,953 INFO spawned: 'app' with pid 11
2025-01-15 11:45:33,048 INFO success: nginx entered RUNNING state, process has stayed up for > than 1 seconds (startsecs)
2025-01-15 11:45:33,048 INFO success: app entered RUNNING state, process has stayed up for > than 1 seconds (startsecs)
Bottle v0.13.2 server starting up (using WSGIRefServer())...
Listening on http://localhost:5000/
Hit Ctrl-C to quit.

[CTRL] POST /setup
[Time: 15.01.25 11:45:43] [Level: info] id: 9eab3c4d9dd84c8b
[Time: 15.01.25 11:45:43] [Level: info] coordinator: True
[Time: 15.01.25 11:45:43] [Level: info] clients: ['0acb8b8d2e4bd69a', '9eab3c4d9dd84c8b', 'c8e569c4d209cf1d']
[Time: 15.01.25 11:45:43] [Level: info] state: initial
[Time: 15.01.25 11:45:43] [Level: info] [State: initial] Reading configuration file...
127.0.0.1 - - [15/Jan/2025 11:45:43] "POST /api/setup HTTP/1.0" 200 0
[Time: 15.01.25 11:45:43] [Level: info] [State: initial] Initializing: Setting iteration to 0, setting max_iterations...
[Time: 15.01.25 11:45:43] [Level: info] [State: initial] Done reading configuration file.
[Time: 15.01.25 11:45:43] [Level: info] [State: initial] Max Iterations: 5
[Time: 15.01.25 11:45:43] [Level: info] [State: initial] Reading training data...
127.0.0.1 - - [15/Jan/2025 11:45:43] "GET /api/status HTTP/1.0" 200 155
[Time: 15.01.25 11:45:44] [Level: info] [State: initial] Initializing pre-trained model...
[Time: 15.01.25 11:45:44] [Level: info] [State: initial] INITIAL input_dim: $6001
127.0.0.1 - - [15/Jan/2025 11:45:45] "GET /api/status HTTP/1.0" 200 155
[Time: 15.01.25 11:45:46] [Level: info] [State: initial] Initializing cluster centers...
[Time: 15.01.25 11:45:46] [Level: info] [State: initial] Broadcasting initial weights to the clients...
[Time: 15.01.25 11:45:46] [Level: info] transition: compute
127.0.0.1 - - [15/Jan/2025 11:45:47] "GET /api/status HTTP/1.0" 200 156
[CTRL] GET /data
[Time: 15.01.25 11:45:47] [Level: info] state: compute
[Time: 15.01.25 11:45:47] [Level: info] [State: compute] ITERATION 1
[Time: 15.01.25 11:45:47] [Level: info] [State: compute] receiving weights...
[Time: 15.01.25 11:45:47] [Level: info] [State: compute] Loading global weights for model...
127.0.0.1 - - [15/Jan/2025 11:45:47] "GET /api/data HTTP/1.0" 200 34213092
[Time: 15.01.25 11:45:47] [Level: info] [State: compute] Updated model with received weights.
[Time: 15.01.25 11:45:47] [Level: info] [State: compute] Loading data...
[Time: 15.01.25 11:45:47] [Level: info] [State: compute] Preparing model training...
[Time: 15.01.25 11:45:47] [Level: info] [State: compute] Training model for one epoch...
[Time: 15.01.25 11:45:47] [Level: info] [State: compute] Local training loss: 6.4572954177856445
[Time: 15.01.25 11:45:47] [Level: info] [State: compute] Training the decoder...
[Time: 15.01.25 11:45:49] [Level: info] [State: compute] Epoch 10, Total Loss: 0.5804102420806885, KL Loss: 5.513429712777906e-09, Recon Loss: 5.804102420806885
127.0.0.1 - - [15/Jan/2025 11:45:51] "GET /api/status HTTP/1.0" 200 155
[Time: 15.01.25 11:45:51] [Level: info] [State: compute] Epoch 20, Total Loss: 0.5014045834541321, KL Loss: -7.450580707946131e-10, Recon Loss: 5.014045715332031
127.0.0.1 - - [15/Jan/2025 11:45:53] "GET /api/status HTTP/1.0" 200 155
[Time: 15.01.25 11:45:53] [Level: info] [State: compute] Epoch 30, Total Loss: 0.4081796109676361, KL Loss: 9.983778248567887e-09, Recon Loss: 4.081796169281006
127.0.0.1 - - [15/Jan/2025 11:45:55] "GET /api/status HTTP/1.0" 200 155
127.0.0.1 - - [15/Jan/2025 11:45:57] "GET /api/status HTTP/1.0" 200 155
[Time: 15.01.25 11:45:57] [Level: info] [State: compute] Epoch 40, Total Loss: 0.36056745052337646, KL Loss: 9.983778248567887e-09, Recon Loss: 3.6056745052337646
127.0.0.1 - - [15/Jan/2025 11:45:59] "GET /api/status HTTP/1.0" 200 155
127.0.0.1 - - [15/Jan/2025 11:46:01] "GET /api/status HTTP/1.0" 200 155
[Time: 15.01.25 11:46:03] [Level: info] [State: compute] Epoch 50, Total Loss: 0.34002944827079773, KL Loss: 2.98023217215615e-10, Recon Loss: 3.400294542312622
127.0.0.1 - - [15/Jan/2025 11:46:03] "GET /api/status HTTP/1.0" 200 155
127.0.0.1 - - [15/Jan/2025 11:46:05] "GET /api/status HTTP/1.0" 200 155
127.0.0.1 - - [15/Jan/2025 11:46:07] "GET /api/status HTTP/1.0" 200 155
127.0.0.1 - - [15/Jan/2025 11:46:09] "GET /api/status HTTP/1.0" 200 155
[Time: 15.01.25 11:46:10] [Level: info] [State: compute] Epoch 60, Total Loss: 0.33468112349510193, KL Loss: -4.61936000561991e-09, Recon Loss: 3.346811056137085
127.0.0.1 - - [15/Jan/2025 11:46:11] "GET /api/status HTTP/1.0" 200 155
127.0.0.1 - - [15/Jan/2025 11:46:13] "GET /api/status HTTP/1.0" 200 155
127.0.0.1 - - [15/Jan/2025 11:46:15] "GET /api/status HTTP/1.0" 200 155
[Time: 15.01.25 11:46:15] [Level: info] [State: compute] Epoch 70, Total Loss: 0.3324093818664551, KL Loss: 2.086162576020456e-09, Recon Loss: 3.324093818664551
127.0.0.1 - - [15/Jan/2025 11:46:17] "GET /api/status HTTP/1.0" 200 155
127.0.0.1 - - [15/Jan/2025 11:46:19] "GET /api/status HTTP/1.0" 200 155
127.0.0.1 - - [15/Jan/2025 11:46:21] "GET /api/status HTTP/1.0" 200 155
[Time: 15.01.25 11:46:21] [Level: info] [State: compute] Epoch 80, Total Loss: 0.3311086893081665, KL Loss: 7.897615006413616e-09, Recon Loss: 3.311086893081665
127.0.0.1 - - [15/Jan/2025 11:46:23] "GET /api/status HTTP/1.0" 200 155
127.0.0.1 - - [15/Jan/2025 11:46:25] "GET /api/status HTTP/1.0" 200 155
127.0.0.1 - - [15/Jan/2025 11:46:27] "GET /api/status HTTP/1.0" 200 155
127.0.0.1 - - [15/Jan/2025 11:46:29] "GET /api/status HTTP/1.0" 200 155
[Time: 15.01.25 11:46:30] [Level: info] [State: compute] Epoch 90, Total Loss: 0.32851502299308777, KL Loss: 9.089708541409891e-09, Recon Loss: 3.2851502895355225
127.0.0.1 - - [15/Jan/2025 11:46:31] "GET /api/status HTTP/1.0" 200 155
127.0.0.1 - - [15/Jan/2025 11:46:33] "GET /api/status HTTP/1.0" 200 155
127.0.0.1 - - [15/Jan/2025 11:46:35] "GET /api/status HTTP/1.0" 200 155
127.0.0.1 - - [15/Jan/2025 11:46:37] "GET /api/status HTTP/1.0" 200 155
[Time: 15.01.25 11:46:37] [Level: info] [State: compute] Epoch 100, Total Loss: 0.3171389698982239, KL Loss: -2.533197429599454e-09, Recon Loss: 3.171389579772949
[Time: 15.01.25 11:46:37] [Level: info] [State: compute] Saving model and decoder...
[Time: 15.01.25 11:46:37] [Level: info] [State: compute] Scoring model...
[Time: 15.01.25 11:46:38] [Level: info] [State: compute] Adjusted Rand Index (ARI): 0.00727499480357514
[Time: 15.01.25 11:46:38] [Level: info] [State: compute] Sent updated weights to coordinator.
[Time: 15.01.25 11:46:38] [Level: info] transition: aggregate
[Time: 15.01.25 11:46:39] [Level: info] state: aggregate
[Time: 15.01.25 11:46:39] [Level: info] [State: aggregate] Waitig for local models...
127.0.0.1 - - [15/Jan/2025 11:46:39] "GET /api/status HTTP/1.0" 200 157
127.0.0.1 - - [15/Jan/2025 11:46:41] "GET /api/status HTTP/1.0" 200 157
127.0.0.1 - - [15/Jan/2025 11:46:43] "GET /api/status HTTP/1.0" 200 157
[CTRL] POST /data
127.0.0.1 - - [15/Jan/2025 11:46:44] "POST /api/data?client=c8e569c4d209cf1d&memo=GATHERROUND1 HTTP/1.0" 200 0
[CTRL] POST /data
127.0.0.1 - - [15/Jan/2025 11:46:45] "POST /api/data?client=0acb8b8d2e4bd69a&memo=GATHERROUND1 HTTP/1.0" 200 0
[Time: 15.01.25 11:46:45] [Level: info] [State: aggregate] {'encoder.0.weight': array([[-0.01611561,  0.00398308,  0.00519618, ..., -0.00832288,
         0.00566848,  0.00821226],
       [ 0.006322  ,  0.00603562,  0.0056341 , ...,  0.00156202,
        -0.00469529,  0.01015893],
       [ 0.01042934, -0.00700586, -0.00201036, ..., -0.00205867,
        -0.00544989, -0.00453362],
       ...,
       [-0.01089666,  0.00368423,  0.00024729, ...,  0.00063438,
        -0.00112944, -0.00776287],
       [ 0.0019035 ,  0.0077249 , -0.00329034, ...,  0.01459956,
        -0.00625972,  0.00991951],
       [ 0.00729258,  0.01256111,  0.00207261, ...,  0.00527781,
         0.00431804,  0.00514039]], dtype=float32), 'encoder.0.bias': array([-1.95135782e-03, -5.51908184e-03, -2.66405661e-03, -7.84104224e-03,
       -9.31508839e-03, -4.34995489e-03,  8.07453599e-03, -1.10184681e-02,
       -2.06808839e-03, -1.36158299e-02, -5.32081956e-03, -9.89810750e-03,
       -5.53709082e-03,  7.95012433e-03, -1.48486607e-02,  5.27415052e-03,
        9.99876577e-03, -1.32016968e-02,  1.44246488e-03,  1.06400130e-02,
        6.77253259e-03, -1.13969585e-02, -1.07824206e-02, -8.95031821e-03,
        8.98466446e-04, -1.09170899e-02, -1.70830693e-02, -5.02388645e-03,
        8.50252528e-03, -8.19467846e-03,  7.14591355e-04, -4.54556895e-03,
        7.35002523e-03, -1.17231058e-02, -7.73890270e-03, -1.03103882e-02,
       -1.28440121e-02,  9.33469972e-04,  5.28307073e-03,  4.76475712e-03,
       -3.71830352e-03, -7.50781875e-03,  4.23274003e-03,  9.10444092e-03,
        4.46962658e-03,  8.93284474e-03,  8.82580504e-03, -4.11753450e-03,
        5.52551122e-03, -1.17298560e-02, -1.57835055e-02,  1.92422792e-03,
        5.38564054e-03, -1.14550721e-03,  9.48887784e-03,  5.98616374e-04,
       -5.78220654e-03, -7.42631732e-03,  8.14359263e-03, -9.71215311e-03,
       -1.07539222e-02,  3.03383451e-03,  5.62068587e-03,  4.71878238e-03,
       -1.76865316e-03, -5.42552164e-03,  1.05946204e-02, -1.61814839e-02,
       -8.33493378e-03, -8.38132761e-03, -1.46223139e-03,  1.56639307e-03,
        3.63489124e-03, -4.16347478e-03, -6.73048012e-03,  1.98562397e-03,
       -1.13384323e-02, -1.53427431e-02, -8.13156739e-03,  5.23205288e-03,
        1.12061435e-02,  5.10145444e-03,  1.17269726e-02, -5.64767141e-03,
        8.00471473e-03, -1.44928880e-02, -5.81814558e-04, -4.47566994e-03,
       -1.06822364e-02,  4.78149671e-03, -5.22309169e-03,  6.58477377e-03,
       -4.25845291e-03, -9.49840876e-04,  5.75894397e-03,  7.31459493e-03,
        5.93403541e-03, -8.40242952e-04, -1.63921679e-03,  6.78556878e-03,
        4.53199136e-05, -1.30246906e-03, -1.27376541e-02, -1.55835040e-02,
       -1.08028818e-02,  8.86919093e-04, -6.65523438e-03, -7.54643278e-03,
        6.75156619e-03, -1.37402778e-02, -1.00337258e-02, -1.67520884e-02,
       -1.05514238e-02,  3.50696268e-03,  7.11428747e-03, -4.79032146e-03,
       -8.05263873e-04, -1.24419639e-02, -1.07772145e-02, -1.02693206e-02,
       -8.49298853e-03, -8.66180845e-03,  1.18545052e-02, -1.11647034e-02,
       -5.77392289e-03, -2.99782585e-03, -4.97028418e-03,  7.88901467e-03,
        1.34248717e-03, -9.74074472e-03,  8.34925380e-03,  8.63583479e-03,
       -1.32269934e-02,  1.10844895e-02, -1.78080099e-03, -8.36553238e-03,
       -1.76273100e-02, -5.45667298e-03, -1.49262731e-03, -1.29887572e-04,
        1.56991638e-03,  7.07578752e-03,  3.50348116e-03, -1.10852262e-02,
       -7.05217710e-03, -5.99026354e-03,  3.85231711e-03,  9.18651174e-04,
        5.41861576e-04, -2.91517889e-03,  9.91800055e-03, -1.17782438e-02,
       -1.24376116e-03,  7.32306577e-03,  6.62816688e-03, -1.24628879e-02,
       -1.18844649e-02,  5.03555173e-03, -6.26131287e-03, -9.11175087e-03,
       -9.55183525e-03,  9.29660816e-03, -1.32445432e-02, -7.53428089e-03,
       -1.23758800e-02,  1.90685038e-03, -1.41036576e-02, -8.74320418e-03,
       -4.43078531e-03, -6.90549519e-03, -1.07160155e-02, -1.49188973e-02,
       -2.08725315e-03,  1.69979408e-04, -1.35822939e-02,  7.40454812e-03,
        6.84781233e-03, -4.38845577e-03,  5.99247124e-03, -5.08849230e-03,
       -1.53418700e-03, -1.10474743e-04, -2.68037105e-03, -1.62453633e-02,
        6.61099330e-03,  1.59593925e-04, -1.25271082e-02,  7.64091313e-03,
        9.86605976e-03,  5.75370062e-03, -1.11583527e-02,  8.78387946e-04,
       -1.57467928e-02, -7.37111503e-03, -1.86599940e-02, -2.84548895e-03,
       -8.10045656e-03, -7.36451149e-03, -7.87311699e-03, -7.42351636e-03,
       -5.07367915e-03,  1.17874201e-02,  1.53876131e-03, -1.53071284e-02,
        8.63912795e-03, -1.25717735e-02,  4.68683336e-03,  9.71938204e-03,
       -6.07432798e-03,  9.12097655e-03,  1.92094094e-03,  1.02689303e-02,
        2.93450709e-03, -1.09064858e-02, -1.07859755e-02, -1.31207975e-02,
       -3.85510735e-03, -1.16497688e-02, -7.16571137e-03, -5.00739506e-03,
        3.13095748e-03,  7.77501008e-03, -9.97008476e-03, -3.58675630e-03,
       -4.89412621e-03,  9.22507606e-03, -1.24455746e-02, -9.71312169e-03,
       -1.18880337e-02, -8.44337791e-03, -1.55556034e-02,  5.42668020e-03,
       -3.52545851e-03, -5.50575461e-03, -9.90405586e-03,  6.26350241e-03,
       -6.80095225e-04,  2.46761646e-03,  7.51393242e-03, -9.94097814e-03,
        5.94357308e-03, -1.20383734e-02,  8.22720584e-03,  2.24530275e-04,
       -1.17869144e-02, -1.76034961e-02, -7.06450315e-03, -1.07385917e-02,
       -1.26688518e-02,  3.46541824e-03, -1.81422872e-03, -5.94170764e-03,
        2.29649595e-04, -3.67423357e-03, -3.41745792e-03,  5.06103504e-03,
        1.77028577e-03, -1.53707070e-02,  7.69351702e-03,  1.14723388e-02,
        9.51891672e-03, -1.16322963e-02,  1.46480440e-03, -9.19735525e-03,
       -8.93769506e-03,  4.28952044e-04, -1.42245460e-02,  5.46578923e-03,
        5.05482964e-03, -7.22421054e-03,  1.10608656e-02, -1.37111517e-02,
        2.47206236e-03, -5.93485404e-03, -1.53882075e-02,  1.06637843e-03,
       -1.20643489e-02,  1.10538788e-02, -1.16713094e-02, -1.75373815e-02,
        9.39827226e-03,  4.99294419e-03,  2.63596536e-03, -4.12845705e-03,
       -1.53860077e-02,  7.28153251e-03, -1.32371625e-02,  4.94911103e-03,
        7.83232274e-04, -1.81960370e-02, -1.14033772e-02, -1.43930251e-02,
       -1.05338516e-02, -7.95889832e-03, -5.20313578e-03, -1.45701505e-02,
        8.82766489e-03, -7.87431840e-03,  8.21265485e-03, -1.20734693e-02,
        9.41430684e-04, -1.00834081e-02, -7.15206051e-03, -2.57492997e-03,
       -1.48753095e-02, -1.50665771e-02,  3.80405225e-03, -1.36716869e-02,
       -4.81399242e-04,  3.25424480e-03,  8.05917196e-03, -7.58471619e-03,
       -1.59514267e-02,  2.17874302e-03, -1.15634548e-02, -1.89376753e-02,
       -5.48878638e-03,  7.87964184e-03, -1.34057831e-02, -4.09684260e-04,
       -4.83673392e-03, -9.54615138e-03,  2.14478141e-03, -4.74944059e-03,
       -4.92514204e-03, -1.05056670e-02,  4.49628290e-03, -5.96971763e-03,
        2.94563221e-03,  4.44689393e-03, -6.22846652e-03,  3.51908174e-03,
       -1.00497548e-02,  1.14416210e-02, -1.38526165e-03, -2.51038349e-04,
       -6.20606588e-04, -4.71401773e-03,  8.47144239e-03,  1.60253339e-03,
       -9.28305089e-03,  9.78900492e-03, -5.94335049e-03,  4.48481878e-03,
       -6.43241731e-03,  6.88941497e-03,  8.74562748e-03,  3.01529537e-03,
       -1.44303422e-02,  2.57882103e-03, -2.79428344e-03,  4.11103014e-03,
       -8.43955390e-03, -2.31970521e-03, -1.53595461e-02, -6.62946748e-03,
        1.44614337e-03,  3.86953703e-03,  2.04952201e-03, -3.49908229e-03,
       -3.54528590e-03,  8.24834127e-03, -8.05733074e-03,  7.37477280e-03,
        5.41118206e-03, -9.68931895e-03,  6.11883961e-03,  6.29530149e-03,
       -5.74663468e-03, -1.72610488e-02, -5.35917468e-03, -2.01615551e-03,
       -6.52702712e-03,  4.78572957e-03,  1.09981764e-02,  5.31699788e-03,
       -2.14078091e-03, -4.85669868e-03, -8.78647249e-03, -1.10333636e-02,
       -1.08596506e-02,  5.03701484e-03,  1.51818222e-03, -5.22883283e-03,
       -6.23167818e-03, -2.75524100e-03, -5.89022646e-03,  7.95322936e-03,
       -1.93618494e-03, -1.24696819e-02, -6.12382405e-03,  2.94416421e-03,
        1.37956510e-03, -5.44277660e-04,  4.00087796e-03,  5.80047909e-03,
        5.82556054e-03, -1.80001259e-02, -6.25462085e-03,  9.69258696e-03,
       -6.63588941e-03, -1.66115526e-03,  1.82104460e-03, -7.70462956e-03,
        6.93191029e-03, -2.87213246e-03, -2.42410670e-03,  9.84106399e-03,
        4.90582176e-03,  8.11042264e-03, -1.10788234e-02,  5.25200134e-03,
       -1.28814690e-02, -2.99893087e-03, -1.78515110e-02,  1.63740031e-02,
       -7.87417032e-03, -9.95688792e-03, -3.02987150e-03,  1.01681668e-02,
       -7.27868220e-03,  2.89093214e-03, -1.26617327e-02, -1.05734095e-02,
        1.87431811e-03,  4.61675460e-03, -6.02282025e-03, -1.59774050e-02,
        1.15578901e-02, -6.99104927e-03, -1.36051290e-02, -1.52125943e-03,
        1.38401496e-03, -3.35484720e-03, -1.26896864e-02, -1.40751377e-02,
        8.57709628e-03, -5.76558476e-03,  7.62594864e-03,  7.67129764e-04,
       -1.22423153e-02, -7.61354994e-03,  3.62868980e-03, -1.49598978e-02,
       -2.41694972e-03, -6.78485259e-03,  4.07885294e-03,  1.14963660e-02,
       -7.00993231e-03,  9.10775363e-03, -1.20149646e-02,  3.72654805e-03,
       -1.29183820e-02,  2.12391908e-03, -9.02538653e-03, -6.09321240e-03,
       -6.31582085e-03,  6.74936175e-03, -2.89204204e-03,  8.90213996e-03,
       -1.16710486e-02, -2.95808364e-04, -2.22484814e-03,  4.48503951e-03,
       -1.58505719e-02, -1.39474217e-02, -7.96722900e-03, -8.97902995e-03,
        2.55222386e-03, -1.58471800e-02, -6.87542651e-03,  5.28053707e-03,
       -1.22381235e-02, -1.32707329e-02,  3.05958511e-03, -5.15934173e-03,
       -8.87554511e-03, -3.31320195e-03, -1.32487258e-02, -4.13051574e-03,
        9.18910000e-03, -1.23045323e-02,  2.66495743e-03, -1.26053859e-03,
       -1.09709762e-02, -1.14116874e-02,  1.16409082e-02, -4.49968455e-03,
       -8.91581550e-03,  9.12189716e-04, -1.88106485e-03,  5.24839526e-03,
       -1.31023873e-03, -7.56998826e-03, -8.98657367e-03,  2.97227688e-03,
       -6.27944153e-03,  6.25205750e-04,  1.65068719e-03, -1.41609404e-02],
      dtype=float32), 'encoder.2.weight': array([[ 0.02023217, -0.02268893, -0.02957042, ...,  0.00692602,
        -0.00391264, -0.04656445],
       [-0.02296389,  0.02043178, -0.04197496, ...,  0.00249248,
         0.01015993, -0.02834016],
       [ 0.03412888,  0.03377786,  0.04020388, ...,  0.01965764,
         0.02748819,  0.02087116],
       ...,
       [ 0.00349411,  0.01524066, -0.03890957, ..., -0.02225554,
         0.01831362,  0.00683004],
       [ 0.02950958,  0.01188718,  0.0224971 , ...,  0.00641831,
         0.01102444,  0.0112487 ],
       [ 0.03724243, -0.04329725,  0.0315276 , ..., -0.01115934,
        -0.00164837, -0.03607761]], dtype=float32), 'encoder.2.bias': array([ 0.03492051,  0.02275713,  0.03522896, -0.02623612, -0.01617011,
       -0.04623566, -0.00795934,  0.0105472 , -0.0398186 ,  0.00884382,
        0.0225017 , -0.04642322, -0.01418084, -0.01799855,  0.01526054,
        0.03465836, -0.01436246, -0.04472126,  0.03619531,  0.0226477 ,
       -0.01441603, -0.02018417, -0.02681217, -0.00929985,  0.01111209,
        0.01643379,  0.02382379, -0.028511  , -0.02305165, -0.02718068,
       -0.03046778, -0.01713841,  0.01191547, -0.00718781,  0.00300559,
        0.03570376, -0.02547153, -0.01214355, -0.02648213,  0.07508942,
       -0.02691951,  0.00019867,  0.0248204 , -0.02451791, -0.00092644,
        0.01877419,  0.03034397,  0.00417412, -0.02777783, -0.02238049,
       -0.00892755, -0.00985122, -0.03060477, -0.0129548 ,  0.00102694,
       -0.03234587,  0.03179397, -0.04179379,  0.01227802,  0.02568564,
       -0.02386831,  0.03334678,  0.04095107, -0.00146292, -0.02526016,
       -0.00806991,  0.0223505 ,  0.03958412, -0.00052125, -0.03800995,
        0.03892216, -0.00390071, -0.02507351, -0.0262958 ,  0.03532557,
       -0.00269658, -0.02095078,  0.00188906,  0.02657573,  0.04393595,
       -0.04859912,  0.03585785, -0.01963644,  0.03438023,  0.02800599,
       -0.03647081,  0.00036   , -0.01494999,  0.00188188,  0.02421296,
       -0.02254329,  0.04670976, -0.00783261, -0.03107581, -0.03807262,
        0.00228565,  0.02882094,  0.0012758 , -0.03068323, -0.00160499,
        0.01847007,  0.01563356,  0.04412589, -0.02597744, -0.00540311,
        0.01269383,  0.0370862 ,  0.00749129,  0.00725113,  0.02934361,
        0.02423968,  0.00277943, -0.04445721,  0.04395089,  0.03754035,
        0.03494477, -0.018646  , -0.02220192, -0.00049097, -0.00150395,
        0.00691707,  0.00811109,  0.03491022,  0.00074337, -0.0079398 ,
        0.02032654, -0.04493315,  0.03516379,  0.02503513, -0.04751813,
        0.02426841, -0.02115873,  0.03510459, -0.04028408, -0.01012467,
        0.01081797,  0.01215308,  0.02219452,  0.01343936,  0.0363535 ,
        0.00648847,  0.00881307,  0.01607241, -0.00032864, -0.0042469 ,
       -0.0479457 ,  0.00032373,  0.00640272, -0.02999972, -0.03917896,
       -0.00241912,  0.00143234, -0.02251309,  0.0314311 , -0.00629752,
       -0.04328526,  0.02527893, -0.02068068,  0.03926945, -0.01964728,
       -0.00632208, -0.04522366,  0.00217871, -0.00802334,  0.02477831,
       -0.01456187, -0.01447987, -0.03444797,  0.02253653,  0.01238186,
       -0.03260263,  0.0182186 ,  0.02714335,  0.00108704, -0.0108371 ,
       -0.01243873, -0.01710524, -0.01804896, -0.00296634,  0.0151226 ,
        0.02539624, -0.00498874,  0.00125958, -0.04586698,  0.02739718,
       -0.00448744,  0.03990873,  0.02021271, -0.03966241, -0.03271125,
        0.02255592,  0.00200447,  0.01249399, -0.00611566, -0.01850194,
       -0.03620092, -0.00760279,  0.01532111,  0.00532304,  0.0018993 ,
       -0.02935296, -0.03051136, -0.01362925,  0.00147586,  0.02578493,
       -0.00412937,  0.00162053, -0.01773141, -0.03345115, -0.01687467,
        0.02564451, -0.00291115, -0.00649527,  0.04306517,  0.04673029,
       -0.04766228,  0.02707598, -0.02494469, -0.03681273,  0.01164511,
       -0.0432052 ,  0.01123322,  0.01281556, -0.02479928, -0.03333827,
       -0.00018777,  0.01225132,  0.03611649,  0.02156794,  0.01498823,
        0.0343291 ,  0.0318736 ,  0.02305623, -0.04707691, -0.00846352,
        0.00976777,  0.00553648, -0.00361521, -0.03447573, -0.02854405,
        0.03710571,  0.03177978, -0.00129358,  0.01388703,  0.03275944,
        0.02492333,  0.02411917,  0.03137783, -0.00781831, -0.03432487,
       -0.00214129, -0.01058889,  0.03954529,  0.0356707 , -0.01069982,
        0.00357681,  0.03003974, -0.02625412,  0.00409649, -0.01296869,
        0.00489287, -0.00449875,  0.0073475 ,  0.02824684, -0.01609775,
        0.03380198,  0.00569441,  0.00574965, -0.00063746,  0.01137511,
        0.03673501, -0.04046109, -0.03021454,  0.00747548, -0.01012768,
        0.03554684,  0.02764997, -0.04991528,  0.03186624,  0.01280996,
       -0.02122587, -0.02087828,  0.00573979, -0.02401452, -0.04023074,
        0.02659607,  0.02462272, -0.04911185,  0.02970187, -0.01059993,
       -0.04293425, -0.02369002,  0.04161309, -0.0010387 , -0.01291857,
       -0.01114806,  0.02024244,  0.0397278 , -0.01040116,  0.01010608,
       -0.02084099,  0.02429505, -0.02902507, -0.03536674,  0.01708156,
       -0.04915891, -0.00121684, -0.00528552, -0.04190509,  0.01131408,
       -0.01682329, -0.04268306, -0.05140745,  0.01651635,  0.03104578,
        0.02452628,  0.03058059, -0.01280358,  0.03397612,  0.00080345,
        0.041077  ,  0.0255857 , -0.0194412 ,  0.01904529,  0.00724354,
        0.03470282,  0.00049362,  0.00389662, -0.02344217, -0.03847956,
       -0.04040112,  0.0142113 , -0.04543255,  0.01613232,  0.00120221,
        0.0428399 , -0.00181445, -0.00119856,  0.02280089, -0.03829986,
        0.04333033, -0.02074227, -0.01036162,  0.01755583,  0.0023244 ,
        0.02334602, -0.01928941,  0.01201743,  0.02789318,  0.0316689 ,
        0.02415454, -0.0181034 ,  0.00220517, -0.02665778, -0.02699809,
       -0.02597367, -0.03543301,  0.00903607, -0.00977798, -0.01727051,
        0.02017967, -0.00504908, -0.02210633, -0.04082972, -0.04411025,
       -0.02195418,  0.00194963,  0.00335257, -0.01505347, -0.04725612,
        0.01860222,  0.02381976, -0.01137605,  0.02058435,  0.01847101,
        0.01622622,  0.00584279,  0.03539377, -0.02545716, -0.00111395,
       -0.02777535,  0.03107107,  0.01237691, -0.01539495,  0.0446429 ,
        0.02763378, -0.04135772,  0.03741346,  0.00875644, -0.0294869 ,
        0.0364609 , -0.01701738,  0.03252851,  0.01497222,  0.01951776,
        0.00774746,  0.03863614, -0.03547254, -0.0226545 ,  0.03092882,
       -0.00457367,  0.01601817,  0.03778622,  0.01606755, -0.0103492 ,
       -0.04109322,  0.02110553,  0.02241096,  0.02234876, -0.03921937,
        0.01599839,  0.00727463, -0.00894495,  0.01347473,  0.02471862,
       -0.03412193, -0.00729184, -0.00768665,  0.03561894, -0.00136968,
        0.0103185 ,  0.0034338 , -0.00609598,  0.02687981,  0.03121267,
        0.00656177,  0.02439897,  0.01570885, -0.01812983,  0.01461872,
       -0.04095971,  0.01981841, -0.00166899, -0.02372488,  0.00411095,
       -0.02338613, -0.02437112, -0.00824878, -0.03404344, -0.00099015,
        0.03814741,  0.03984158,  0.03157552, -0.00040055,  0.00048951,
       -0.03555791,  0.03216419, -0.00907287, -0.03662984, -0.01277646,
        0.02914796, -0.00935457,  0.00029738, -0.02899248,  0.00575304,
        0.01463361, -0.01295552, -0.01618785,  0.03737801, -0.029907  ,
       -0.03599526,  0.0174147 , -0.02231069,  0.04356639,  0.03342136,
       -0.00500971, -0.03929209,  0.01900848,  0.02658373, -0.01494323,
       -0.0256282 , -0.00025341,  0.02400358,  0.01130002, -0.04630343,
       -0.00901607, -0.00651651, -0.04115343,  0.04156923,  0.04166697,
        0.04361535, -0.0096192 ,  0.01995246,  0.0159534 ,  0.01504954,
       -0.04487179, -0.03552888,  0.00711089, -0.01933187, -0.02414256,
       -0.04023143,  0.03720561, -0.03056731,  0.04501816, -0.04449334,
        0.01327151, -0.04633824,  0.02061371,  0.00694405, -0.04149003],
      dtype=float32), 'encoder.4.weight': array([[-0.0325532 , -0.03366708, -0.03690882, ...,  0.03619307,
         0.01612823, -0.03026119],
       [-0.00146216, -0.03373767, -0.04498873, ...,  0.03016932,
        -0.01298423, -0.03074883],
       [-0.01657014,  0.02170811,  0.00965816, ...,  0.03625511,
         0.0308115 ,  0.00890854],
       ...,
       [-0.03964946,  0.02724424,  0.03060652, ...,  0.03946944,
         0.03063666, -0.03186446],
       [ 0.0121145 ,  0.03505885, -0.01985236, ..., -0.03847429,
        -0.01383137, -0.00240779],
       [-0.04103728,  0.04086486, -0.04018447, ..., -0.0201073 ,
        -0.04464311, -0.040105  ]], dtype=float32), 'encoder.4.bias': array([-0.03978609,  0.00301272,  0.03322289, ...,  0.03838149,
       -0.02220561, -0.04286018], dtype=float32), 'encoder.6.weight': array([[-0.0066328 , -0.01172652,  0.01600255, ...,  0.01371398,
         0.00652128, -0.01041877],
       [ 0.0118969 ,  0.00922927,  0.01759839, ..., -0.0170334 ,
         0.01328012,  0.01703273],
       [-0.01518875, -0.0083386 ,  0.0152922 , ...,  0.01283221,
        -0.00725024, -0.00058687],
       ...,
       [-0.01349048, -0.02237121, -0.0063165 , ..., -0.00497103,
         0.01100942, -0.00445567],
       [-0.00778584, -0.01010892, -0.01662667, ...,  0.01117345,
        -0.0143922 ,  0.02190275],
       [-0.01092587, -0.00864946, -0.01378342, ..., -0.0035433 ,
        -0.01491223,  0.01400403]], dtype=float32), 'encoder.6.bias': array([ 0.00106257, -0.00434944,  0.00849594,  0.00657495, -0.00788077,
       -0.01127106, -0.00526485, -0.01638101,  0.02093057, -0.0084803 ],
      dtype=float32), 'decoder.0.weight': array([[-0.14515904,  0.00959028, -0.06520151, ...,  0.22042334,
         0.3019424 , -0.12597829],
       [-0.08063211, -0.05243289, -0.12773095, ..., -0.20998557,
        -0.23551723,  0.28831464],
       [-0.17214708, -0.11246434,  0.08078428, ..., -0.03677538,
        -0.16179962,  0.17763732],
       ...,
       [ 0.15014608, -0.08155381,  0.23942977, ...,  0.13726196,
        -0.13251548,  0.24229872],
       [-0.29279923,  0.02413493, -0.2630136 , ..., -0.06519125,
        -0.15135212, -0.2933696 ],
       [ 0.31395608,  0.32611462,  0.19020844, ..., -0.12201028,
         0.07298006,  0.00749545]], dtype=float32), 'decoder.0.bias': array([-0.31698802, -0.08296978,  0.00560362, ...,  0.01315659,
       -0.05097767,  0.16068959], dtype=float32), 'decoder.2.weight': array([[ 0.01473534,  0.01011399, -0.01739537, ...,  0.01246688,
         0.00819713,  0.01149226],
       [-0.00130504, -0.00175195, -0.00604158, ..., -0.00887704,
        -0.01626179,  0.00773829],
       [ 0.00140792,  0.00778793, -0.01513165, ..., -0.01073015,
         0.01168654,  0.01300974],
       ...,
       [-0.02009523, -0.01447849,  0.00681479, ...,  0.01321997,
        -0.01860063,  0.02012855],
       [-0.01088513, -0.02146047, -0.00080456, ..., -0.01232224,
         0.01265253,  0.00091747],
       [-0.02795991, -0.01846264,  0.00880656, ...,  0.00613854,
        -0.0208828 , -0.02501571]], dtype=float32), 'decoder.2.bias': array([ 6.83473144e-03, -1.61204319e-02, -1.23763261e-02,  5.40491100e-03,
       -1.48795052e-02, -2.82853376e-02, -9.40176658e-03,  6.57842215e-03,
        1.82900243e-02,  3.69834574e-03, -2.80662272e-02, -7.10869348e-03,
        7.53175281e-03,  1.52754067e-02,  8.93627107e-03,  1.19860144e-03,
       -7.95556232e-03, -1.87835805e-02,  4.20978898e-03,  3.33592528e-04,
        6.06824318e-03, -9.59654711e-03,  6.75940141e-03, -4.28974163e-03,
       -1.49906590e-03,  1.63078681e-02, -2.24496890e-02,  5.56493411e-04,
       -2.56803427e-02, -1.48076983e-02,  8.49868543e-03, -1.99274123e-02,
        2.43150443e-02,  1.13940286e-02,  2.27004550e-02, -1.37128364e-02,
       -2.02243365e-02,  8.88893381e-03,  3.30584036e-04, -1.25935972e-02,
       -9.71672777e-03, -1.58796441e-02,  1.24546308e-02, -2.43374705e-02,
        1.30564161e-02,  1.68630369e-02,  1.18624314e-03, -6.98183244e-03,
       -2.11974923e-02,  1.64221339e-02,  8.86961352e-03, -1.12810060e-02,
        1.12989759e-02,  1.36532430e-02, -7.76993996e-03, -2.53769401e-02,
       -1.11668147e-02, -4.21052007e-03,  6.26190938e-03, -5.32064820e-03,
       -2.01662518e-02,  1.41912596e-02,  2.92734173e-03,  3.57494317e-03,
       -2.03634668e-02, -2.26358771e-02,  6.29871059e-03, -1.21346097e-02,
       -1.58563685e-02,  3.69341858e-03,  1.60792097e-02, -9.83716454e-04,
        5.59111545e-03, -6.39246358e-03,  9.56835039e-03, -6.14904612e-03,
       -2.51495913e-02, -2.32287478e-02,  1.40665360e-02,  1.30744567e-02,
        1.45742800e-02, -1.93461869e-02, -2.25553382e-02, -2.15464216e-02,
        1.23649826e-02, -2.33195834e-02,  4.50169295e-03,  5.38955722e-03,
        1.72414798e-02,  2.60919915e-04,  1.34231029e-02,  9.16771404e-03,
        8.07256717e-03, -2.18529012e-02, -1.58105027e-02, -2.25629415e-02,
       -3.84546793e-03,  1.41036892e-02, -8.02004151e-03, -1.59473103e-02,
       -5.97409904e-03,  2.22266070e-03, -1.45285120e-02, -2.02543549e-02,
       -4.86981217e-03, -2.26520635e-02,  8.06337316e-03, -6.08501723e-03,
       -1.11164749e-02, -7.37213669e-03,  5.49238408e-03,  2.86172051e-03,
       -1.73014868e-02, -2.22801901e-02, -1.09604551e-02, -1.15910964e-02,
       -1.48667246e-02,  7.13858567e-03, -2.64922939e-02, -2.41228305e-02,
        1.67397782e-02,  1.56850033e-02,  1.54672312e-02, -1.66874118e-02,
        1.72111224e-02,  4.24012076e-03, -2.05338299e-02, -1.74120199e-02,
        1.83437187e-02,  8.55880417e-03,  1.80784967e-02, -2.09557861e-02,
        2.26017670e-03,  1.50431050e-02, -1.01523120e-02,  1.47195254e-02,
        5.24119195e-03, -7.19055068e-03, -2.61293668e-02, -2.09411662e-02,
        1.83900017e-02,  2.43287850e-02, -1.83665287e-02, -5.69991581e-03,
        4.38946579e-03,  1.72406528e-02,  2.31001005e-02,  3.54742957e-03,
        1.46907819e-02, -1.24499621e-02, -2.45916881e-02, -5.46566956e-03,
        1.91841274e-02, -1.68837477e-02, -1.08975368e-02, -1.47636503e-03,
       -1.81590971e-02, -4.30456968e-03, -2.53734216e-02,  3.32955387e-03,
       -1.00784395e-02,  1.63851213e-02,  1.20444680e-02, -6.02185261e-03,
        1.30046178e-02,  2.11426523e-02, -6.07603695e-03,  2.22040806e-02,
        2.92841182e-03,  1.82739552e-02,  3.18802404e-03, -1.68686698e-03,
        1.16576627e-02, -1.51888095e-03, -1.42934648e-02, -2.79205386e-02,
        9.84275527e-03,  8.31165537e-03, -1.55551871e-02,  1.39861833e-02,
       -7.21512944e-04, -2.21651662e-02,  3.21506374e-02, -4.88296442e-04,
       -2.87362151e-02,  9.60558932e-03, -2.18623206e-02, -1.00738453e-02,
        1.73260074e-03, -2.06824858e-02, -1.27109978e-02, -1.35262217e-02,
       -2.53317375e-02, -1.53496424e-02, -1.58672454e-04, -1.99724846e-02,
       -5.57781942e-03,  1.13548953e-02, -4.24036232e-04, -2.29649693e-02,
       -2.16593724e-02, -2.30240682e-03,  1.87435709e-02,  1.32679222e-02,
       -1.78931244e-02, -5.03392052e-03, -5.66631556e-03, -1.78759303e-02,
       -2.43665604e-03, -6.00358611e-03, -2.45117843e-02,  2.32966151e-03,
       -1.25471549e-02, -2.07301918e-02,  3.88020836e-03, -2.20730510e-02,
       -9.83652193e-03,  1.40083516e-02,  9.48708877e-03, -1.37999794e-02,
       -1.53337615e-02, -2.39944714e-03, -1.76313636e-03,  2.22792625e-02,
       -1.95583943e-02,  9.20533761e-03, -2.19357423e-02, -9.59993992e-03,
        9.71773081e-03, -1.78037528e-02,  1.13990158e-03,  6.33484311e-03,
       -6.16089394e-03, -1.73901115e-02, -2.32524667e-02,  7.48744234e-03,
       -1.15471575e-02, -1.21979192e-02, -8.70041642e-03, -1.61409676e-02,
       -2.62841899e-02,  2.49071140e-03, -2.60871854e-02, -1.42534589e-02,
        1.11674042e-02,  1.59564626e-03,  1.48666985e-02,  9.66176484e-03,
        1.80701893e-02, -1.01919835e-02,  1.88351329e-02, -1.48048578e-02,
        2.64310720e-03,  3.20523302e-03,  1.15099866e-02,  1.19950296e-02,
        2.37976504e-03, -1.73753146e-02, -1.61535852e-02, -1.91463865e-02,
        3.34783341e-03, -7.19528692e-03, -2.67579919e-03, -1.31340772e-02,
       -1.57416482e-02, -7.15323957e-03, -9.18185397e-04, -6.14879280e-03,
       -1.34708164e-02, -4.44454374e-03,  7.11611053e-03, -2.35770065e-02,
        1.01053482e-02, -2.21666135e-02,  3.04461643e-03,  4.39112354e-03,
        1.67767378e-03, -1.55043807e-02, -8.44833907e-03,  2.84476113e-03,
       -4.97548888e-03,  1.60372816e-02, -1.90979277e-04,  1.29516982e-02,
        1.09026879e-02,  1.49039961e-02, -2.15033889e-02,  1.38899442e-02,
       -2.24191155e-02,  1.92836975e-04, -9.59895831e-03,  8.20733141e-03,
       -1.74186584e-02, -7.36223022e-03, -6.75961934e-03, -1.20035522e-02,
       -1.54186310e-02, -2.25787666e-02, -1.61807984e-02,  5.54687018e-03,
       -1.75852031e-02, -7.31983315e-03,  1.66372843e-02,  1.10665895e-02,
        4.50971210e-03, -5.76646253e-03,  6.01267349e-03, -8.07969738e-03,
        1.07034752e-02,  1.64844785e-02,  1.90828964e-02, -2.04215758e-02,
       -1.86829027e-02,  5.33997966e-03, -4.78412444e-03, -1.82582289e-02,
        1.46285258e-02, -3.06361006e-03,  5.36655495e-03, -5.07847965e-03,
       -1.27182109e-02, -1.80324819e-02, -8.16167239e-03, -9.06113628e-03,
       -8.01490154e-03, -6.66942680e-03, -2.72846688e-02,  1.29882228e-02,
       -2.64496524e-02,  5.06585557e-03, -2.36867350e-02, -1.46687683e-02,
       -1.26000876e-02, -1.43623736e-03, -9.64933448e-03,  1.46541661e-02,
        2.79255304e-02,  1.14095239e-02, -7.26290094e-03, -9.51522775e-03,
       -7.47140544e-03, -2.14888472e-02, -5.28355769e-04, -1.71018429e-02,
       -1.96516095e-03, -5.58261853e-03, -2.71694399e-02, -2.85079833e-02,
        1.13670779e-02, -2.41521914e-02,  3.21813906e-03, -1.63313989e-02,
        7.70022953e-03,  7.26363342e-03,  1.02057839e-02,  7.86635908e-04,
        1.55184027e-02, -1.17742177e-02, -2.65300758e-02, -4.16741287e-03,
       -9.31832287e-03, -1.11294305e-02,  1.00958645e-02,  2.02853838e-03,
        1.97723527e-02,  8.98707751e-03, -2.62234025e-02,  8.73431843e-03,
       -7.11866515e-03, -1.69406533e-02,  1.89767685e-02, -3.54803819e-03,
       -1.58220194e-02, -1.67427342e-02, -1.52148036e-02,  2.81586428e-03,
       -7.41611235e-03,  1.77056454e-02, -1.12587465e-02,  1.13071399e-02,
       -1.57537013e-02, -1.02707790e-02, -8.53791833e-03, -1.27403392e-02,
       -5.58521505e-03, -2.25744080e-02, -1.74446162e-02, -1.25188204e-02,
        1.34326732e-02,  1.11817755e-03, -9.12129320e-03,  1.39594497e-03,
        2.08652914e-02, -1.52308177e-02,  1.47369793e-02,  7.13312626e-03,
        1.11380843e-02,  1.36430115e-02,  6.50576362e-03,  1.28032931e-03,
       -1.70235876e-02,  9.89051722e-03, -1.64859705e-02,  1.70379318e-02,
        1.27421012e-02,  8.51368718e-03, -8.66911747e-03, -1.87160000e-02,
        3.18721607e-02, -2.13490687e-02, -1.56589057e-02, -1.96337830e-02,
        1.07525932e-02, -1.86657626e-02, -1.04694264e-02,  3.89730372e-03,
        1.36776119e-02,  7.77172041e-04, -2.00248864e-02, -5.52321365e-03,
        6.20990526e-03, -2.41127182e-02,  1.37063228e-02, -1.66130848e-02,
       -7.11952383e-03,  7.20591750e-03, -1.43815987e-02,  5.98049909e-03,
        1.49532128e-03,  1.73882153e-02, -1.62586439e-02,  2.49143299e-02,
        3.25637795e-02, -3.64206173e-03, -2.09779125e-02, -2.09152699e-03,
        4.99927858e-03, -1.42880890e-03, -3.16196377e-03,  1.66478399e-02,
       -8.32908973e-03, -1.86159406e-02, -1.52482735e-02, -2.13623941e-02,
       -2.87229549e-02,  1.29487494e-03, -2.27469625e-03, -1.45709654e-02,
       -1.35106212e-02, -4.09533503e-03,  1.43069718e-02, -1.71469562e-02,
        9.08774324e-03,  2.12979931e-02, -7.38045387e-03,  1.53742647e-02,
        2.85073346e-03, -7.85911083e-03,  5.04365424e-03, -1.33663546e-02,
       -3.96677060e-03, -1.52542070e-02, -1.49506819e-03, -2.50192974e-02,
       -2.03636456e-02,  2.19133287e-03,  7.92630203e-03,  9.14500840e-03,
        4.42993781e-03,  1.96515433e-02, -7.17407186e-03, -1.97487120e-02,
        5.31782280e-05,  9.98062361e-03, -1.83977634e-02, -1.80954747e-02,
        6.92676660e-03,  1.10860495e-02, -1.35253277e-02,  1.98964169e-03,
        8.61247900e-05,  2.17883266e-03, -1.79058257e-02, -1.95610914e-02,
       -8.03700706e-04,  3.40324454e-03,  7.18942797e-03, -1.31454263e-02,
       -1.02997832e-02, -1.91761591e-02,  5.42963273e-04,  3.91946593e-03,
        4.72064642e-03,  2.77789729e-03,  2.86315344e-02, -8.52245837e-03,
        1.56256631e-02, -2.68899240e-02,  1.29780592e-02, -2.98972963e-03],
      dtype=float32), 'decoder.4.weight': array([[ 0.04009926, -0.01902775,  0.02051354, ..., -0.03662082,
         0.0293506 ,  0.00206137],
       [ 0.00443866, -0.0256577 , -0.03386131, ..., -0.00334894,
        -0.04553276,  0.04219176],
       [-0.00446034, -0.03322163,  0.02100909, ..., -0.00124277,
        -0.02844399,  0.04253786],
       ...,
       [-0.00058294, -0.01440312,  0.02986198, ..., -0.01945837,
         0.01134366, -0.02232351],
       [ 0.02438092, -0.01371076,  0.01938653, ...,  0.03496296,
        -0.00634227,  0.02315869],
       [-0.03515755,  0.02434189,  0.00169036, ...,  0.00961902,
         0.01246391, -0.02854635]], dtype=float32), 'decoder.4.bias': array([-0.02175255,  0.02728301, -0.01186716, -0.0203563 , -0.00012298,
        0.04129354, -0.03467533,  0.01761229, -0.02355663,  0.00288316,
       -0.04612873,  0.01011434, -0.01496685,  0.03426597,  0.03368514,
        0.03308048,  0.00156691, -0.02250982, -0.0255065 ,  0.03886443,
        0.0431415 , -0.04572265,  0.01449542,  0.00671256, -0.04384109,
        0.00669875, -0.0186985 ,  0.05902202, -0.02317902, -0.03396625,
        0.01269969,  0.04040195,  0.0384784 ,  0.03074046, -0.01523101,
        0.02188202,  0.04001047,  0.02305135, -0.00261344, -0.03665959,
       -0.02161782, -0.02285421, -0.03509953,  0.05775066,  0.00841329,
        0.02175918, -0.02073814, -0.01001055, -0.04398727, -0.00216034,
       -0.02098062, -0.02820894,  0.02417107, -0.00091692, -0.00662323,
       -0.00539727, -0.01539101,  0.01417206, -0.04859703, -0.02935668,
       -0.04048974, -0.0310277 , -0.00971989,  0.03299617, -0.01949483,
        0.03790059, -0.02395484, -0.0350942 , -0.01052818,  0.01613545,
        0.03876993,  0.01469366, -0.01898487, -0.02528702, -0.05131405,
        0.03656869,  0.00276273,  0.0045647 , -0.01044848,  0.02973802,
        0.01667749,  0.0240831 ,  0.05073391,  0.00297903,  0.03439734,
       -0.04939165,  0.00169831,  0.02405274,  0.00574927, -0.02538793,
       -0.0180423 ,  0.032333  ,  0.03213251,  0.02812583,  0.01079815,
       -0.04239553, -0.03401991,  0.02568079,  0.04526304, -0.02745298,
        0.02670659,  0.04648573,  0.04101763, -0.03922671, -0.01424387,
       -0.02379067, -0.01083872,  0.00518979,  0.02383579, -0.04289449,
       -0.02892795,  0.03790379,  0.0355156 ,  0.02043669, -0.04038474,
        0.01891977,  0.00522134,  0.05131249,  0.02295981, -0.03614939,
        0.00080057, -0.01606481,  0.00941246, -0.03351549,  0.02391587,
        0.00793144,  0.00372735, -0.01649684, -0.04033757,  0.03626892,
        0.01784927, -0.00384011, -0.03877626,  0.0030675 , -0.0335536 ,
        0.0030804 , -0.03484028, -0.00837412, -0.03118704, -0.00610573,
       -0.03875942, -0.03632279,  0.03786263, -0.03174163, -0.00792775,
       -0.00409242,  0.04665373, -0.03674593,  0.01492131,  0.00394431,
        0.00903441,  0.01090364,  0.04135625, -0.0362232 ,  0.02834136,
        0.01712185,  0.02832625,  0.02392703, -0.04737597,  0.02967206,
        0.00165841, -0.03606667, -0.01521605, -0.00887697, -0.04095434,
        0.04296963,  0.04457562,  0.04251587,  0.04388811, -0.00591238,
        0.03619599, -0.01057925,  0.02519017, -0.02588962, -0.03363408,
       -0.01316649, -0.03051309,  0.0140466 ,  0.0584972 , -0.022714  ,
        0.02649882,  0.00818871,  0.00560246,  0.03304474,  0.03746743,
       -0.0344251 , -0.03284294,  0.0160983 , -0.01268227,  0.03528068,
       -0.03079354,  0.02238673,  0.00034438,  0.0385244 , -0.00546269,
        0.06472643, -0.0060387 ,  0.02309454, -0.00601004,  0.00200418,
        0.02019839,  0.03484553, -0.01142733, -0.01999731, -0.01162036,
       -0.01343794,  0.0363102 ,  0.0135409 , -0.00220398, -0.00702478,
       -0.00600974,  0.03274014, -0.03157711, -0.00986589,  0.00773958,
       -0.02059337, -0.03131239, -0.03046118, -0.00530034,  0.02899305,
        0.04485549,  0.02871197,  0.0249205 ,  0.0167482 , -0.04083603,
        0.04295848,  0.01120229, -0.03696264,  0.04427644, -0.0009079 ,
       -0.0476733 , -0.00401976,  0.00124294,  0.0734208 ,  0.02840195,
        0.0070194 , -0.02597347,  0.02904625, -0.0173554 ,  0.00685757,
       -0.00589509,  0.00288123,  0.02659413, -0.03973876, -0.00229986,
        0.00789815,  0.01550165,  0.02217554,  0.03962184,  0.00495876,
       -0.04254136, -0.02963579, -0.03663484, -0.00646283, -0.02741131,
       -0.04772947,  0.00753321,  0.00325908,  0.03191438,  0.01605663,
        0.06672946, -0.0032963 ,  0.01209297,  0.03316607, -0.02396827,
       -0.02749536, -0.03043757, -0.03909957, -0.04144307,  0.01012966,
       -0.03015908,  0.03955109, -0.02623082,  0.06634749, -0.00606403,
        0.03359902, -0.00372651, -0.02091781,  0.01940689,  0.00412449,
       -0.01075117,  0.02244774, -0.00229685,  0.02861703,  0.00815003,
        0.03846315,  0.02568382,  0.00854328,  0.03486731,  0.01036652,
        0.02020623, -0.00663863, -0.03905945,  0.01825866, -0.04841834,
        0.04412987,  0.01699704,  0.02101988,  0.00949974,  0.00538132,
       -0.01066184,  0.01442957, -0.03351928, -0.01133034,  0.04135667,
        0.02602915,  0.02781875,  0.02303924, -0.00668166,  0.04817902,
        0.03458743, -0.04940792, -0.0282508 , -0.01553303,  0.00377431,
        0.03545751, -0.0089699 ,  0.03753636, -0.03207287,  0.02620633,
        0.03015581,  0.03171933,  0.02161957, -0.01719356, -0.02047881,
        0.01963948,  0.01933501,  0.03354056, -0.03116337, -0.01752358,
        0.0315006 , -0.02116514,  0.0302235 , -0.0303384 , -0.04379614,
       -0.02706524,  0.04795222, -0.01133464, -0.04804117,  0.01937911,
        0.04324635, -0.03572942,  0.0361098 , -0.01413786, -0.0202991 ,
        0.03720393, -0.02832805,  0.01181466, -0.02756147, -0.00420809,
        0.01087921,  0.00947028,  0.01396005,  0.01382174,  0.01363782,
       -0.02207091,  0.04274741, -0.03439958,  0.05133417,  0.02660214,
       -0.04547539,  0.02625909, -0.0255227 ,  0.02217674,  0.02226762,
        0.0121129 , -0.02171516, -0.00886172,  0.04163642,  0.03101178,
        0.02299961,  0.03295225, -0.00081114,  0.01828097, -0.02493729,
       -0.04098399,  0.02957123, -0.0253717 ,  0.03665742, -0.01480863,
        0.02311946, -0.04086712, -0.01281005, -0.02506906,  0.04447606,
       -0.02732604,  0.03467184,  0.0280688 , -0.0299886 ,  0.03527275,
        0.04028776, -0.00073087, -0.0337836 ,  0.03956386,  0.02452571,
       -0.00286048,  0.00484513, -0.03978813, -0.04571981,  0.05004198,
       -0.00881144,  0.02837582,  0.02397514, -0.03173006,  0.03175918,
        0.00919043,  0.02093769,  0.03931481, -0.00741254, -0.02750187,
       -0.01524143, -0.01183329, -0.02516995, -0.05032572, -0.04706177,
       -0.01071681,  0.04153508,  0.01511899,  0.02736715,  0.0433888 ,
       -0.0001754 ,  0.02565434, -0.02349357,  0.00768281,  0.02696672,
       -0.02177601,  0.05353362,  0.00393549, -0.01742058,  0.03207795,
       -0.0146126 ,  0.04306734,  0.0021034 ,  0.01417732, -0.05785822,
        0.00378853,  0.02005479, -0.00534862,  0.0323639 ,  0.02498875,
        0.00334758, -0.0075661 , -0.01775939, -0.01263524, -0.02425232,
        0.02333273,  0.0383422 ,  0.0196734 ,  0.00429502, -0.03470892,
       -0.01003434,  0.01599771,  0.0058233 , -0.0249142 , -0.03663465,
        0.01440685,  0.03726065, -0.02330641,  0.0271394 , -0.04519161,
       -0.01257128, -0.05230878, -0.03827148,  0.03742318, -0.01079736,
       -0.00516151, -0.029074  ,  0.00475618,  0.01084022, -0.04312994,
        0.02615535, -0.04443492, -0.02346561,  0.02991711,  0.02931711,
        0.03745409,  0.02803289, -0.00527366,  0.00154362,  0.0114164 ,
        0.02944961,  0.0185307 , -0.03304522, -0.01058065, -0.03394212,
       -0.01775011, -0.03196786, -0.04483487, -0.03685132, -0.01856529,
       -0.02726467, -0.01617313,  0.04294103,  0.02614526,  0.01764861,
       -0.03636509, -0.03146131,  0.04864276,  0.03034119,  0.0433487 ],
      dtype=float32), 'decoder.6.weight': array([[ 0.01999978, -0.00297212,  0.09069622, ...,  0.08708777,
         0.08922654,  0.00337462],
       [-0.00996475,  0.02200714, -0.03332079, ...,  0.04229083,
         0.02020824,  0.00512103],
       [-0.0255636 ,  0.04497151, -0.03969297, ...,  0.0025216 ,
         0.03409911, -0.02237211],
       ...,
       [-0.00114819,  0.02970914,  0.02401114, ..., -0.02921196,
        -0.02840969, -0.03245462],
       [-0.03335807, -0.01112225, -0.04273834, ..., -0.03693345,
         0.02947201,  0.00971679],
       [ 0.01392172,  0.00714787, -0.04858437, ..., -0.00414303,
         0.00966976, -0.01751244]], dtype=float32), 'decoder.6.bias': array([-0.00440888, -0.00951358, -0.01309761, ..., -0.00904752,
        0.03516312,  0.00767347], dtype=float32)}
127.0.0.1 - - [15/Jan/2025 11:46:45] "GET /api/status HTTP/1.0" 200 157
[Time: 15.01.25 11:46:45] [Level: info] [State: aggregate] {'encoder.0.weight': array([[-0.01272102,  0.0005323 ,  0.00170799, ..., -0.0117727 ,
         0.009101  ,  0.00473079],
       [ 0.0017667 ,  0.0106763 ,  0.01030494, ...,  0.00612567,
        -0.00928937,  0.0151735 ],
       [ 0.00442962, -0.01185514,  0.00249578, ..., -0.00621066,
        -0.01076904, -0.00676497],
       ...,
       [-0.00489877,  0.00128198,  0.0027374 , ..., -0.00509947,
         0.00444802, -0.01128788],
       [ 0.00200893,  0.00772686, -0.00328038, ...,  0.01623543,
        -0.00809916,  0.00971931],
       [ 0.00974993,  0.0104958 ,  0.0036246 , ...,  0.00273132,
         0.00730533,  0.00241224]], dtype=float32), 'encoder.0.bias': array([ 1.50369259e-03, -1.01663601e-02, -7.14353472e-03, -2.32835533e-03,
       -9.31541156e-03,  6.99671358e-03,  8.07289407e-03, -1.06494827e-02,
       -1.88655348e-03, -1.12391170e-02, -5.32763917e-03, -9.71904863e-03,
       -3.10895685e-03,  5.81842754e-03, -1.03358235e-02,  2.95302086e-03,
        1.00025386e-02, -1.64069310e-02,  1.57333876e-03,  1.06208520e-02,
        6.78812340e-03, -1.14083942e-02, -5.14248991e-03, -1.12082949e-02,
        9.33061296e-04, -1.09201074e-02, -1.48640461e-02, -4.93894983e-03,
        3.96268535e-03, -4.78649186e-03,  3.24189058e-03, -4.52088518e-03,
        7.78126903e-03, -1.19260736e-02, -1.22435950e-02, -9.33516677e-03,
       -1.28097292e-02,  9.49986745e-04, -2.05169665e-03,  7.17323599e-03,
        6.56812219e-04, -7.37461308e-03,  4.38573910e-03,  4.50871373e-03,
        4.49866382e-03,  8.92904587e-03,  1.87718011e-02, -3.83250695e-03,
        5.61257498e-03, -7.83091690e-03, -1.57078225e-02,  2.21013045e-03,
        5.36623178e-03, -4.94232681e-03,  9.49010719e-03,  8.44074937e-04,
       -8.06852989e-03, -7.44461175e-03,  5.99657558e-03, -9.71265696e-03,
       -1.59848742e-02,  5.51849185e-03,  3.29802488e-03,  4.72424459e-03,
       -5.49897132e-03, -5.24267647e-03,  8.26048758e-03, -1.07323388e-02,
       -6.01531519e-03, -1.24694882e-02, -1.56936981e-03, -1.45118847e-03,
        3.53795430e-03, -6.76146848e-03, -6.47562044e-03,  2.97252857e-03,
       -1.11667300e-02, -1.31533919e-02, -8.13661050e-03,  5.44963218e-03,
        7.14749051e-03,  5.37886284e-03,  1.17283827e-02, -5.51425712e-03,
        8.00257362e-03, -1.42246056e-02, -6.89895183e-04, -6.75848499e-03,
       -4.85306280e-03,  4.96703666e-03, -5.10049239e-03,  6.20013010e-03,
       -7.94151798e-04, -9.54098301e-04,  5.75744314e-03,  7.45431753e-03,
        6.00083452e-03, -5.45413326e-03, -1.62978680e-03,  1.02990577e-02,
        1.53432920e-04,  1.08281721e-03, -1.27395401e-02, -1.55564882e-02,
       -1.08044762e-02,  1.19897653e-03, -7.13849161e-03, -7.40875909e-03,
        2.25720904e-03, -1.37439724e-02, -9.85467620e-03, -1.08938888e-02,
       -1.05454195e-02,  1.27210771e-03,  7.41725741e-03, -2.07987009e-03,
       -8.08451674e-04, -1.24655040e-02, -1.06292767e-02, -5.55961672e-03,
       -8.20076652e-03, -1.32584618e-02,  1.18508376e-02, -7.50591047e-03,
       -8.30959994e-03, -3.10728932e-03, -7.04055373e-03,  7.88813457e-03,
        5.57037303e-03, -7.28991907e-03,  3.65748187e-03,  6.83919759e-03,
       -1.79906730e-02,  5.79046039e-03, -1.70788309e-03, -8.36286601e-03,
       -1.42576071e-02, -8.68075062e-03, -5.01588918e-04,  2.63855647e-04,
        1.56511413e-03,  1.06318891e-02,  3.58493277e-03, -9.61973798e-03,
       -1.52975472e-03, -3.63066583e-03,  4.16027661e-03,  6.85421191e-03,
       -6.20189030e-03, -2.90578417e-03,  1.00713708e-02, -1.62073690e-02,
       -1.06965424e-03,  7.39692058e-03,  6.61532488e-03, -1.22405058e-02,
       -7.84210116e-03,  4.97719925e-03, -1.45148756e-02, -8.99478793e-03,
       -9.46495403e-03,  1.19244559e-02, -1.56045742e-02, -7.24823074e-03,
       -1.52190588e-02,  2.07281066e-03, -1.62739288e-02, -8.74716416e-03,
       -1.30366031e-02, -4.68210829e-03, -6.89080358e-03, -1.48766851e-02,
        1.33935194e-02, -3.26618017e-03, -1.10931974e-02,  1.09126586e-02,
        4.61980654e-03, -4.22767689e-03,  3.84290772e-03, -2.58445018e-03,
        3.51331057e-03,  2.31615291e-03, -2.40203226e-03, -1.59416217e-02,
        6.76527945e-03,  6.11577649e-03, -1.24221183e-02,  7.63674825e-03,
        5.16667822e-03,  8.29481054e-03, -5.09637990e-04,  9.78852157e-04,
       -1.55546740e-02, -7.20656384e-03, -1.97959263e-02, -2.90413271e-03,
       -1.71352606e-02, -9.78937838e-03, -7.59615656e-03, -3.04850657e-03,
       -4.89028171e-03,  9.27017909e-03,  5.49568096e-04, -1.56157129e-02,
        8.68666451e-03, -1.49402199e-02,  1.70231648e-02,  5.21369372e-03,
       -2.64036166e-03,  9.11864918e-03,  4.45423322e-03,  1.02640670e-02,
        2.99906102e-03, -1.09103434e-02, -1.30605046e-02, -1.00607844e-02,
        8.16448708e-04, -1.14681087e-02, -7.16925832e-03, -5.14778309e-03,
        3.19197448e-03,  2.88038724e-03, -9.66533832e-03, -3.59605625e-03,
       -8.92670266e-03,  9.23304819e-03, -1.42885307e-02, -7.65005359e-03,
       -1.17298346e-02, -8.43714457e-03, -1.77467298e-02,  7.70207029e-03,
       -5.35619585e-03,  2.30670883e-03, -9.73287504e-03,  4.55218460e-03,
        2.06255820e-03,  1.27946753e-02,  1.63199194e-02, -8.95167328e-03,
        6.26842817e-03, -1.53611302e-02,  8.52336641e-03,  3.65036889e-03,
       -1.17370002e-02, -1.30198970e-02, -6.71328930e-03, -1.28967036e-02,
       -1.26757305e-02,  1.24321808e-03,  2.59367691e-04, -5.86467283e-03,
        2.24745134e-04,  5.73907280e-04, -8.60985368e-03,  5.05589787e-03,
        2.09782133e-03, -1.53371803e-02,  5.46707492e-03,  9.23301931e-03,
        1.18352836e-02, -1.14123840e-02,  4.07011481e-03, -6.85894676e-03,
       -4.38570604e-03, -4.04967740e-03, -1.45510351e-02,  7.76233850e-03,
        5.31790731e-03, -1.16221840e-02,  1.10591492e-02, -1.32587934e-02,
        2.77096755e-03, -7.71370297e-03, -1.52988685e-02,  6.20087842e-03,
       -1.61427651e-02,  8.13920144e-03, -9.55705252e-03, -1.25955548e-02,
        9.39726550e-03,  7.42665213e-03,  2.63073668e-03, -5.67772076e-04,
       -1.53478151e-02,  7.28807040e-03, -7.63328187e-03,  5.09747257e-03,
        7.73342792e-04, -1.61640234e-02, -1.11691291e-02, -1.26620037e-02,
       -5.90606779e-03, -7.93271977e-03, -2.44977046e-03, -1.43642342e-02,
        8.86067003e-03, -1.00270705e-02,  3.59181035e-03, -9.65110864e-03,
        9.28971334e-04, -1.00320680e-02, -4.59176349e-03, -2.52465019e-03,
       -1.43402060e-02, -1.48961423e-02,  3.80182825e-03, -1.35779371e-02,
       -2.80392170e-03,  3.68274120e-03,  5.95557550e-03, -1.21470774e-02,
       -1.60988197e-02,  2.15169392e-03, -8.96559097e-03, -1.83610450e-02,
       -5.07946871e-03,  1.13628237e-02, -1.35652171e-02, -5.38024632e-03,
       -4.55828104e-03, -9.47153196e-03,  2.43421434e-03, -9.40261967e-03,
       -1.31989410e-02, -1.01791164e-02,  1.60476472e-02, -8.19248892e-03,
        3.18844570e-03,  1.73894614e-02, -5.25787892e-03,  5.90486825e-03,
       -4.83343145e-03,  1.14394557e-02, -3.33039928e-03,  4.45277896e-03,
       -6.16983278e-04, -1.02682309e-02,  9.46169905e-03, -2.61808338e-04,
       -1.44721493e-02,  9.78616439e-03, -8.09933990e-03,  4.50610137e-03,
       -4.04089363e-03,  6.95793005e-03,  1.10573312e-02, -8.44400143e-04,
       -8.36298335e-03,  2.58090114e-03, -1.62410107e-03,  4.13657213e-03,
       -8.44059885e-03, -2.32181186e-03, -1.08014271e-02, -6.47360040e-03,
        1.44459831e-03,  6.06930815e-03,  2.04643048e-03, -7.97740836e-03,
       -3.75257758e-03,  1.62973534e-02, -8.02238286e-03,  4.58087167e-03,
        5.44284936e-03, -3.77031113e-03,  6.40789280e-03,  8.72834306e-03,
       -5.75020397e-03, -1.08513646e-02, -5.36171580e-03, -2.01866729e-03,
       -1.36711150e-02,  4.95262817e-03,  6.09421264e-03,  6.99556759e-03,
       -2.02687946e-03, -2.40628677e-03, -8.73624813e-03, -6.80148182e-03,
       -1.01996185e-02,  7.16065057e-03,  6.70642452e-03, -2.96487799e-03,
       -5.95572265e-03, -4.87670908e-03, -5.89760765e-03,  8.05605948e-03,
       -3.25358962e-03, -1.82793364e-02, -1.08858421e-02,  3.03859916e-03,
       -2.32851761e-03, -3.56674165e-04,  4.00583446e-03,  1.04617700e-02,
        1.26786390e-03, -1.79095604e-02, -3.81152285e-03,  7.42323138e-03,
       -6.43662876e-03, -1.66416110e-03, -2.94331321e-03, -2.30023428e-03,
        1.56397163e-03,  6.01121683e-05,  1.16288662e-03,  9.83975921e-03,
        4.90063103e-03,  7.91511033e-03, -1.66658759e-02,  5.33679267e-03,
       -1.25395693e-02, -2.02605291e-03, -1.32663641e-02,  8.36587697e-03,
       -3.32789635e-03, -9.70394257e-03, -3.10097006e-04,  1.47667537e-02,
       -7.02604419e-03,  2.79636797e-03, -1.26646468e-02, -1.01267565e-02,
        4.17162850e-03,  7.13540055e-03, -3.67905363e-03, -1.57239847e-02,
        5.61055075e-03, -9.13301948e-03, -1.33240195e-02, -4.67650546e-03,
        1.46053778e-03, -3.75813828e-03, -1.26957828e-02, -1.40009942e-02,
        8.44172388e-03, -5.29026054e-03,  5.28369471e-03,  5.96156903e-03,
       -1.21417930e-02, -2.10225885e-03,  1.31661689e-03, -1.48768490e-02,
       -2.25861999e-03, -6.92059565e-03,  4.12995974e-03,  6.43790420e-03,
       -8.91276542e-03,  1.00943223e-02, -9.66494996e-03,  6.08095154e-03,
       -1.56733617e-02,  6.42606174e-04, -8.79053958e-03,  8.19718334e-05,
       -6.17149752e-03,  6.75941771e-03, -5.56157669e-03,  1.23523762e-02,
       -1.39050521e-02, -6.55517308e-03, -2.22335989e-03,  4.33243904e-03,
       -1.24731716e-02, -1.73145682e-02, -7.91636854e-03, -8.96354020e-03,
        2.55046808e-03, -1.18823629e-02, -1.27170561e-02,  5.60149783e-03,
       -1.19761154e-02, -1.66243706e-02,  5.71675890e-04, -5.16965566e-03,
       -6.46590907e-03,  1.18242700e-04, -1.32462066e-02, -3.87450121e-03,
        9.22409259e-03, -1.60863698e-02,  2.41844519e-03, -1.34353177e-03,
       -1.09714754e-02, -1.15061970e-02,  1.16381459e-02,  1.01736980e-02,
       -8.69138725e-03,  9.08677233e-04, -1.84198061e-03,  5.01111895e-03,
       -3.26611032e-03, -2.90163024e-03, -8.95796530e-03,  3.58952372e-03,
       -6.02111407e-03,  6.17033662e-03,  1.74301886e-03, -1.15282685e-02],
      dtype=float32), 'encoder.2.weight': array([[ 0.02567884, -0.02742478, -0.02956978, ...,  0.00234546,
        -0.00389205, -0.0461738 ],
       [-0.02232668,  0.01847615, -0.04199233, ...,  0.00056438,
         0.01010843, -0.03027141],
       [ 0.03965443,  0.02903005,  0.04311473, ...,  0.01406054,
         0.02762559,  0.02123137],
       ...,
       [ 0.00702004,  0.01055021, -0.03531747, ..., -0.02808863,
         0.01834664,  0.00712289],
       [ 0.0349715 ,  0.00921377,  0.02801679, ...,  0.00094473,
         0.01312801,  0.01362096],
       [ 0.04261433, -0.04404904,  0.03178933, ..., -0.01025397,
         0.00202592, -0.02974341]], dtype=float32), 'encoder.2.bias': array([ 3.46482918e-02,  2.25326233e-02,  3.56922485e-02, -2.61302758e-02,
       -1.27384569e-02, -4.76098917e-02, -3.95467598e-03,  2.57038288e-02,
       -2.28702072e-02,  8.91866256e-03,  3.47441062e-02, -4.10330743e-02,
       -2.17169076e-02, -2.18879264e-02,  1.31948022e-02,  3.39276865e-02,
       -1.41635165e-02, -3.22422348e-02,  2.87049003e-02,  1.53830526e-02,
       -9.44698509e-03, -2.50927918e-02, -3.47289853e-02, -8.99568293e-03,
        1.32486168e-02,  1.53484829e-02, -1.01770461e-02, -2.79356129e-02,
       -3.61136273e-02, -2.64461953e-02, -2.91026998e-02, -1.71697941e-02,
        1.19436728e-02,  9.33213800e-04,  2.45747808e-03,  3.13586555e-02,
       -2.46462654e-02, -9.94548295e-03, -2.26211604e-02,  3.76813896e-02,
       -2.95243580e-02,  7.19349086e-03,  3.27881426e-02, -1.52838388e-02,
       -5.52128069e-03,  3.28831375e-02,  2.33538002e-02, -2.99869990e-03,
       -2.52863504e-02, -2.21703481e-02, -2.72303587e-03, -1.22628147e-02,
       -3.01091522e-02, -6.38804922e-04,  1.12603069e-03, -3.44994627e-02,
        3.25821675e-02, -4.24792022e-02,  1.07197859e-03,  2.09506024e-02,
       -2.37600040e-02,  3.76982763e-02,  4.46779244e-02,  6.01224951e-04,
       -1.45426663e-02, -7.70426402e-03,  2.24666465e-02,  4.64995727e-02,
       -4.20835597e-04, -3.92953828e-02,  3.81240249e-02, -4.61653108e-03,
       -2.49330532e-02, -1.41414646e-02,  4.56680693e-02, -2.33337656e-03,
       -1.58273336e-02, -4.46296250e-03,  2.71757208e-02,  3.91420685e-02,
       -4.28502858e-02,  2.64505576e-02, -1.96810011e-02,  3.52719352e-02,
        3.10275033e-02, -3.54523845e-02, -8.85439571e-03, -1.75137445e-02,
        4.48279083e-03,  1.36814611e-02, -2.24299040e-02,  4.80981395e-02,
       -2.20415648e-03, -2.03158334e-02, -4.05495465e-02,  4.76866541e-03,
        2.82713659e-02, -2.45704409e-03, -3.23946439e-02, -6.86115818e-03,
        1.99492630e-02,  1.56786311e-02,  4.01684828e-02, -2.60386486e-02,
        4.03878605e-03,  1.31692765e-02,  3.70430462e-02,  1.22059528e-02,
        5.29537536e-03,  3.25510502e-02,  2.51015406e-02, -2.91278260e-03,
       -4.93316874e-02,  4.33721393e-02,  3.80670987e-02,  2.69678105e-02,
       -1.87210329e-02, -2.66999584e-02,  7.87245110e-04, -1.59742089e-03,
        6.83378940e-03,  7.48020830e-04,  4.66255061e-02,  9.00049636e-04,
       -8.90653767e-03,  2.02605166e-02, -4.52404730e-02,  3.57566774e-02,
        2.62590591e-02, -4.96026054e-02,  2.40523349e-02, -2.12541651e-02,
        3.50194834e-02, -3.77756283e-02, -1.01302825e-02,  1.10492334e-02,
        1.71258301e-02,  2.27178670e-02,  1.21352728e-02,  3.70400287e-02,
        1.55935029e-03,  9.43638477e-03,  1.63630117e-02, -2.41351430e-03,
       -3.79708153e-03, -4.80571799e-02, -4.43049334e-03,  4.52337228e-03,
       -2.58078836e-02, -3.87274437e-02, -3.79142421e-03,  7.23353401e-03,
       -1.54799074e-02,  3.28328125e-02,  4.47639404e-03, -3.71262059e-02,
        2.55471375e-02, -2.05220915e-02,  3.83144282e-02, -1.39056379e-02,
       -3.78809171e-03, -5.41061647e-02,  3.10038636e-03, -1.26443738e-02,
        3.29787396e-02, -2.28569154e-02, -1.65857077e-02, -3.49511541e-02,
        2.43437365e-02,  1.46222012e-02, -3.21362317e-02,  1.75109413e-02,
        2.79933587e-02,  9.07003647e-04, -1.32323690e-02, -1.36598749e-02,
       -1.75396632e-02, -1.90653689e-02,  5.67040173e-03,  2.26174928e-02,
        2.75327582e-02,  5.49373589e-03,  1.41974294e-03, -4.58680689e-02,
        2.30392050e-02, -9.09772888e-03,  3.21412161e-02,  1.72526650e-02,
       -4.25245315e-02, -5.21928966e-02,  2.26784572e-02,  1.15275979e-02,
        1.24950986e-02,  1.21288153e-03, -1.81052238e-02, -3.14370766e-02,
       -8.03549401e-03,  1.22164153e-02,  5.49423369e-03,  1.59029115e-03,
       -2.89890785e-02, -1.77426487e-02, -3.58125232e-02, -6.00573467e-03,
        2.50233561e-02, -4.25090268e-03,  4.32989653e-03, -1.49953449e-02,
       -3.33659239e-02, -1.51073989e-02,  1.56885646e-02, -2.69822683e-03,
       -6.57858094e-03,  3.59605588e-02,  3.25883552e-02, -4.66398373e-02,
        2.73743216e-02, -2.73135807e-02, -3.18825096e-02,  1.18231270e-02,
       -4.30317745e-02,  1.15989158e-02,  1.28790643e-02, -2.38879006e-02,
       -2.58208718e-02,  3.75685957e-03,  2.38142777e-02,  3.66035923e-02,
        2.06415243e-02,  1.50277158e-02,  3.68388221e-02,  3.80891114e-02,
        2.84681097e-02, -4.69143614e-02, -7.98979774e-03,  1.00365570e-02,
        4.81440080e-03,  8.49043299e-03, -3.44126485e-02, -2.18908768e-02,
        3.68876420e-02,  3.24021503e-02,  3.45667941e-03,  1.27654746e-02,
        3.33689377e-02,  2.09630486e-02,  2.37210821e-02,  3.37758251e-02,
       -1.20889833e-02, -2.40552276e-02,  7.00105028e-03, -1.02127409e-02,
        4.14135009e-02,  3.25715207e-02, -1.12836184e-02,  7.87488651e-03,
        3.14712562e-02, -2.58397032e-02,  5.45078795e-03, -1.28554255e-02,
        9.29754460e-04, -4.61517461e-03,  8.03001132e-03,  2.84788124e-02,
       -1.97150856e-02,  3.38549949e-02,  5.10620605e-03,  4.02063085e-03,
       -4.33721580e-04,  1.18658284e-03,  3.68664078e-02, -3.97701189e-02,
       -3.62987965e-02,  7.90342037e-03, -1.01280566e-02,  3.57412621e-02,
        2.76891179e-02, -4.75114472e-02,  2.81763114e-02, -3.72667145e-03,
       -2.01648660e-02, -3.29579338e-02,  4.29511303e-03, -2.18429510e-02,
       -3.04306634e-02,  3.11497115e-02,  2.43988577e-02, -4.62624282e-02,
        3.06841601e-02, -1.33076198e-02, -4.67126034e-02, -2.37069167e-02,
        2.11618971e-02,  5.62176574e-03, -1.30568156e-02, -1.19098537e-02,
        2.53008772e-02,  4.00221087e-02, -7.83387572e-03,  1.44406799e-02,
       -2.27995105e-02,  2.71639712e-02, -2.92503107e-02, -3.50397117e-02,
        1.71769150e-02, -3.41552123e-02, -9.41748789e-04,  7.49718980e-04,
       -3.47670615e-02,  1.10508129e-02, -1.42021179e-02, -4.18138430e-02,
       -5.05643785e-02,  1.64962560e-02,  2.63266526e-02,  2.11650785e-02,
        2.34762318e-02, -1.24850897e-02,  3.31740677e-02,  8.99962732e-04,
        4.29165326e-02,  2.54700240e-02, -1.71283502e-02,  1.68033931e-02,
        2.07908787e-02,  2.49130018e-02,  7.85315700e-04,  3.92879872e-03,
       -2.31074709e-02, -3.84180248e-02, -4.02118824e-02,  1.45900138e-02,
       -4.03446034e-02,  1.66275296e-02, -9.03858058e-03,  4.39914465e-02,
       -5.46097010e-03, -1.11866568e-03,  2.22764518e-02, -3.85571867e-02,
        3.53683308e-02, -2.11119615e-02, -1.04600890e-02,  1.49770668e-02,
        3.11219459e-03,  3.19903381e-02, -1.95591077e-02,  2.47962065e-02,
        2.78216172e-02,  3.99806164e-02,  2.38994490e-02, -2.75895223e-02,
       -2.61434383e-04, -1.42578632e-02, -3.02958172e-02, -2.79704053e-02,
       -3.15414108e-02,  1.10824071e-02, -2.56743617e-02, -1.65649224e-02,
        2.06128471e-02, -4.91750520e-03, -1.75329018e-02, -4.35929932e-02,
       -4.35971208e-02, -1.90090407e-02,  8.67845083e-05,  1.09528832e-03,
       -4.03901283e-03, -4.71670479e-02,  2.73134951e-02,  2.06753761e-02,
       -1.26290079e-02,  3.67622785e-02,  1.80851351e-02,  1.57333203e-02,
        2.76367012e-02,  4.91007902e-02, -2.46711187e-02, -8.40807054e-03,
       -2.76406705e-02,  2.85690557e-02,  1.23308040e-02, -1.28176613e-02,
        4.21356820e-02,  2.54957136e-02, -2.89559197e-02,  3.17631736e-02,
        1.25182047e-02, -3.14436480e-02,  3.77061032e-02, -4.44154767e-03,
        3.27439122e-02,  1.47458911e-02,  1.92709733e-02,  5.71862841e-03,
        2.95245368e-02, -4.38835099e-02, -2.06803214e-02,  3.07162441e-02,
       -6.95841573e-03,  2.00125035e-02,  3.65457200e-02,  1.07737007e-02,
       -2.04003770e-02, -3.89105417e-02,  1.89740248e-02,  2.43734270e-02,
        2.33929418e-02, -3.41395549e-02,  1.37121994e-02,  1.01644630e-02,
       -1.13005033e-02,  1.47545403e-02,  1.89532395e-02, -3.41760442e-02,
       -9.44042392e-03, -6.95244595e-03,  4.38626669e-02, -1.04762544e-03,
        7.99419545e-03, -9.24764294e-03, -3.11761326e-03,  2.70321071e-02,
        3.11264712e-02,  6.91844337e-03,  2.47427244e-02,  1.59079898e-02,
       -1.77726168e-02,  1.81632452e-02, -3.65789458e-02,  2.03391667e-02,
        8.24557524e-03, -2.27988269e-02,  1.87863074e-02, -2.10355595e-02,
       -1.28645040e-02, -5.94571512e-03, -3.41996290e-02, -5.77604049e-04,
        4.07368541e-02,  4.74273711e-02,  2.92648654e-02, -6.93744002e-03,
       -5.00778388e-03, -3.13013867e-02,  3.00404448e-02, -9.86998249e-03,
       -2.89612655e-02, -1.09452531e-02,  3.66056338e-02, -1.86749008e-02,
       -1.39603913e-02, -2.43974235e-02,  9.77765396e-03,  4.06682352e-03,
       -1.65587999e-02, -1.61214154e-02,  3.86223421e-02, -3.96460816e-02,
       -3.57326679e-02,  2.41297074e-02, -1.25827920e-02,  3.48000191e-02,
        3.29733975e-02, -9.68360109e-05, -3.05082481e-02,  1.90068241e-02,
        2.39511058e-02, -1.51703767e-02, -2.99459361e-02, -1.80920360e-05,
        2.46714391e-02,  9.28888563e-03, -4.37043123e-02, -1.65499151e-02,
       -9.27556958e-03, -3.25106159e-02,  3.39682885e-02,  3.20366733e-02,
        4.14728597e-02, -8.40121508e-03,  1.16116852e-02,  1.67939495e-02,
        1.08917244e-02, -4.40548398e-02, -3.49642523e-02,  8.83799139e-03,
       -1.51044484e-02, -2.78091170e-02, -4.31765281e-02,  3.74154523e-02,
       -3.08405608e-02,  4.32661176e-02, -4.13356833e-02,  5.70015423e-03,
       -4.40005399e-02,  2.08433662e-02,  9.37410723e-03, -3.78477424e-02],
      dtype=float32), 'encoder.4.weight': array([[-0.03096944, -0.03367693, -0.03664119, ...,  0.03660948,
         0.01622673, -0.02658519],
       [ 0.00272327, -0.03382687, -0.04288657, ...,  0.03227116,
        -0.0130038 , -0.02554012],
       [-0.01528105,  0.02117044,  0.0103984 , ...,  0.03510581,
         0.03082738,  0.01560715],
       ...,
       [-0.04659105,  0.02732846,  0.02070342, ...,  0.03205138,
         0.02379266, -0.03202864],
       [ 0.0171315 ,  0.03505885, -0.01645841, ..., -0.03322214,
         0.00252354, -0.00240779],
       [-0.04114642,  0.0408573 , -0.04002675, ..., -0.01997657,
        -0.04453868, -0.03505086]], dtype=float32), 'encoder.4.bias': array([-0.03839966,  0.00670065,  0.0366155 , ...,  0.02966443,
       -0.01713435, -0.04266689], dtype=float32), 'encoder.6.weight': array([[-0.00670305, -0.01126775,  0.01567084, ...,  0.00799602,
         0.01423906, -0.01060538],
       [ 0.01181539,  0.00816294,  0.01781258, ..., -0.01457032,
         0.00946744,  0.01713603],
       [-0.01532836, -0.00890746,  0.01493141, ...,  0.00658085,
        -0.01074062, -0.00082269],
       ...,
       [-0.0135343 , -0.02334549, -0.00635766, ...,  0.00195159,
         0.00619288, -0.004467  ],
       [-0.0176091 , -0.02214056, -0.0268902 , ...,  0.02192123,
        -0.01783779,  0.01192281],
       [-0.00999013, -0.00500349, -0.01005277, ...,  0.00395598,
        -0.01288385,  0.01682757]], dtype=float32), 'encoder.6.bias': array([ 0.0013075 , -0.0050678 ,  0.00658842,  0.00431157, -0.00917411,
       -0.01254451, -0.01385422, -0.01818181, -0.0021859 ,  0.00222536],
      dtype=float32), 'decoder.0.weight': array([[-0.14976291,  0.01398057, -0.06983717, ...,  0.22499219,
         0.29634327, -0.13203275],
       [-0.07608987, -0.05709421, -0.12343453, ..., -0.21472414,
        -0.24437816,  0.28397563],
       [-0.1769898 , -0.10858777,  0.08791843, ..., -0.03477602,
        -0.14512317,  0.16445921],
       ...,
       [ 0.1541578 , -0.08495773,  0.24436028, ...,  0.13387348,
        -0.13399577,  0.2375418 ],
       [-0.29408827,  0.02612763, -0.26297128, ..., -0.06347457,
        -0.16433921, -0.29893714],
       [ 0.30578604,  0.31391615,  0.17315356, ..., -0.13288383,
         0.08543742, -0.00477196]], dtype=float32), 'decoder.0.bias': array([-0.31150067, -0.08524288,  0.00459433, ...,  0.01043887,
       -0.04942388,  0.1833257 ], dtype=float32), 'decoder.2.weight': array([[ 0.01473534,  0.00768323, -0.01540697, ...,  0.00998484,
         0.00596027,  0.01349106],
       [ 0.00384936, -0.00274778, -0.00704018, ..., -0.00987051,
        -0.01110788,  0.00673926],
       [ 0.00140792,  0.01340661, -0.01196423, ..., -0.00509833,
         0.01589934,  0.01300974],
       ...,
       [-0.01409113, -0.02049354,  0.00681379, ...,  0.00722508,
        -0.01870591,  0.02012833],
       [-0.0056493 , -0.02349657,  0.00089212, ..., -0.01327555,
         0.02325718,  0.00839007],
       [-0.02083813, -0.01846264,  0.00880656, ...,  0.00613854,
        -0.01466887, -0.01929787]], dtype=float32), 'decoder.2.bias': array([ 0.00498705, -0.0119677 , -0.00234155,  0.00626034, -0.00424814,
       -0.02113408, -0.00940177,  0.00307363,  0.01829001,  0.01096628,
       -0.02806701, -0.0018569 ,  0.00571814,  0.01804913,  0.01119962,
        0.00043775, -0.00795479, -0.01878359,  0.00421329,  0.00033357,
        0.00606824, -0.0111645 ,  0.00676643, -0.00600965,  0.00405199,
        0.01631231, -0.02244971, -0.00344748, -0.02465791, -0.01480773,
        0.01270543, -0.01993816,  0.01857005,  0.01139408,  0.019511  ,
       -0.01009829, -0.02183199,  0.011758  ,  0.00355756, -0.00486702,
       -0.00971673, -0.01946801,  0.02187722, -0.01966591,  0.00288566,
        0.01686238, -0.00016534, -0.00676795, -0.02373462,  0.01779454,
        0.01178012, -0.01051332, -0.00553664,  0.01365322, -0.01744974,
       -0.01943806, -0.01590987,  0.0009183 ,  0.00626191, -0.01041304,
       -0.02016626,  0.02022074,  0.00108682,  0.0035735 , -0.02033358,
       -0.02133106,  0.01081019,  0.00199882, -0.01444133,  0.00361844,
        0.02631289,  0.00343321,  0.00985377,  0.01274626,  0.01477997,
       -0.00614906, -0.00875847, -0.02133897,  0.02156851,  0.0186348 ,
        0.01456072, -0.01777754, -0.02655689, -0.0215471 ,  0.01236493,
       -0.02178655,  0.00373349,  0.00759683, -0.00564861,  0.00025971,
        0.00794025,  0.00916735,  0.01318293, -0.02149771, -0.01575695,
       -0.02256561, -0.02404818,  0.00913316, -0.00455694, -0.01215019,
       -0.00597442, -0.00129233, -0.00874319, -0.01519452, -0.0048101 ,
       -0.0181177 ,  0.01200792, -0.00682359, -0.00664734, -0.00737228,
        0.00677676,  0.01027026, -0.01245907, -0.0263204 , -0.00633035,
       -0.01178196, -0.01486673,  0.0072354 , -0.02200839, -0.0159114 ,
        0.01396627,  0.0344758 ,  0.01981252, -0.01216837,  0.02232239,
        0.00423835, -0.00586643, -0.00463392,  0.01834371,  0.00686741,
        0.01807849, -0.02095586,  0.00649662,  0.01580023, -0.01015366,
        0.01970543,  0.00524116, -0.00521141, -0.01895821, -0.01777469,
        0.02940222,  0.0183422 , -0.01836631, -0.00569992,  0.00665267,
        0.02266013,  0.01457994,  0.00586899,  0.01303026, -0.01244997,
       -0.02231847, -0.00546568,  0.01918412, -0.0115347 , -0.02278533,
        0.00988178, -0.01084604, -0.00430457, -0.01676713,  0.00332953,
       -0.01007845,  0.01683137,  0.01204479, -0.00086961,  0.01361215,
        0.01488579, -0.02120751,  0.01610899,  0.00208209,  0.01507453,
       -0.00191862, -0.00168696,  0.01587724, -0.00063174, -0.01429432,
       -0.02000406,  0.00984274,  0.00996348, -0.01707773,  0.01815226,
       -0.00140177, -0.02562926,  0.01565109, -0.00048854, -0.02151472,
        0.01318421, -0.02494978, -0.01093861,  0.00407724, -0.01735719,
       -0.012711  , -0.01888619, -0.01724921, -0.0153497 ,  0.00084124,
       -0.01539146,  0.00185694,  0.01148556,  0.00072054, -0.01797009,
       -0.02165943, -0.00231292,  0.03133573,  0.02147605, -0.01665892,
       -0.01141701, -0.00566632, -0.00337417, -0.00243666,  0.0193157 ,
       -0.02144597,  0.00745188, -0.01092359, -0.02478044, -0.00583517,
       -0.02207305, -0.0156495 ,  0.02087244, -0.00375208, -0.01210284,
       -0.01533344, -0.00276584, -0.00883717,  0.0223714 , -0.01896485,
        0.01122008, -0.02299693, -0.00959994,  0.00561694, -0.01502033,
        0.0011399 ,  0.00458354, -0.0061609 , -0.01739014, -0.01862805,
        0.00748743, -0.01509093, -0.01100145, -0.00823632, -0.00328846,
       -0.01935876,  0.00302716, -0.02512917, -0.01087103,  0.01356792,
        0.00159174,  0.00308006,  0.00966176,  0.01905273, -0.01495618,
        0.00142975, -0.01480504,  0.00644829,  0.00220627,  0.01538084,
        0.01931524, -0.01338368, -0.02035832, -0.01786726, -0.01851423,
        0.0040374 , -0.00597898,  0.00168029, -0.0104846 , -0.01574172,
       -0.00961665,  0.00092986, -0.00514751, -0.01347082, -0.00444456,
        0.00975613, -0.01944647,  0.01376256, -0.02216664,  0.00871137,
        0.00594292,  0.00167765, -0.01550621, -0.00454564,  0.00327592,
       -0.00019669,  0.01603728, -0.00019091,  0.01835054,  0.01264343,
        0.02107637, -0.02233471,  0.01388983, -0.02035348,  0.00019282,
       -0.00314433,  0.00820733, -0.01310048, -0.0073625 , -0.00807691,
       -0.01087563, -0.01573871, -0.00593188, -0.01183805,  0.00554687,
       -0.01715349, -0.00716163,  0.01516418,  0.01106658, -0.00199859,
       -0.0140036 ,  0.00587186, -0.00515631,  0.00627894,  0.01564756,
        0.01908286, -0.01917246, -0.00978375,  0.00665672, -0.00410057,
       -0.01245695,  0.01151849,  0.00293212,  0.00540056, -0.00420285,
       -0.00565784, -0.01790779, -0.01263118, -0.00533821, -0.00706706,
       -0.00032709, -0.02278587,  0.01298505, -0.02050792, -0.00602113,
       -0.00028044, -0.01695029, -0.00281737, -0.00143238, -0.00964934,
        0.01213608,  0.01794121,  0.00456348, -0.00726291, -0.01463435,
       -0.01370317, -0.02704606, -0.00057468, -0.01709778,  0.00150375,
       -0.00558274, -0.02716934, -0.02721335, -0.00544909, -0.0252139 ,
        0.00203024, -0.0167761 ,  0.00289859,  0.00587774,  0.01020578,
        0.0048223 ,  0.0155184 , -0.01177422, -0.02680212,  0.00129346,
       -0.00537439, -0.01508034,  0.01467833, -0.00197622,  0.02173862,
        0.0149886 , -0.02199448,  0.00873432, -0.00652168, -0.01694045,
        0.01897676, -0.00366086, -0.01482425, -0.01674323, -0.01932431,
        0.00241645, -0.00786238,  0.01445229, -0.01053457,  0.00530915,
       -0.01575371, -0.00932481, -0.00853637, -0.00854483, -0.00558523,
       -0.023068  , -0.00570255, -0.00313226,  0.01845196,  0.0061177 ,
       -0.00206176,  0.00482043,  0.0245294 , -0.01486234,  0.00359132,
        0.00864542,  0.00920999,  0.01803529,  0.00786715,  0.00262412,
       -0.01190524,  0.01499603, -0.01726172,  0.01792427,  0.01486438,
        0.01529596, -0.01009   , -0.01728363,  0.01354449, -0.01920376,
       -0.01035214, -0.01452263,  0.0107589 , -0.01523451, -0.01008403,
        0.00389729,  0.01367759,  0.00077718, -0.01602151, -0.00552322,
        0.0072016 , -0.02019273,  0.0027064 , -0.01888553, -0.00712882,
        0.0143268 , -0.01030402,  0.00497103,  0.00149537,  0.01738818,
       -0.01625864,  0.00778653,  0.03762862, -0.00364343, -0.02082714,
       -0.01125867,  0.00142182, -0.00072166, -0.00622389,  0.01151921,
       -0.00726637, -0.01842029, -0.0078951 , -0.01631055, -0.02734488,
        0.00860848,  0.00109197, -0.01580119, -0.01286897,  0.00171964,
        0.01611494, -0.01554673,  0.00846175,  0.01931144, -0.00221615,
        0.01566496, -0.00259104, -0.00785911,  0.02155243, -0.01258132,
       -0.00097786, -0.00634872, -0.00011755, -0.02032069, -0.0165196 ,
        0.00819064,  0.00733112,  0.01427841, -0.00402561,  0.02815132,
       -0.01110535, -0.01897181,  0.00490317,  0.01324324, -0.01252337,
       -0.01358766,  0.00692677,  0.01008675, -0.01753168,  0.00416302,
        0.00064152,  0.01504077, -0.00515828, -0.02520808, -0.01460555,
        0.00340326,  0.00718944, -0.01314543, -0.01029978, -0.02252341,
       -0.00339228,  0.00191158,  0.0060658 ,  0.0027779 ,  0.02052042,
       -0.00806718,  0.01537978, -0.02689118,  0.01942761,  0.00402419],
      dtype=float32), 'decoder.4.weight': array([[ 0.04589398, -0.01392632,  0.01738547, ..., -0.03662082,
         0.03223171,  0.00206137],
       [-0.00077131, -0.0215129 , -0.03386131, ..., -0.00334944,
        -0.04950194,  0.04219176],
       [-0.00877116, -0.03731371,  0.02100909, ..., -0.00124394,
        -0.03856369,  0.04255099],
       ...,
       [-0.00489338, -0.01827123,  0.04249971, ..., -0.01946012,
         0.00440994, -0.02218262],
       [ 0.02003347, -0.01783989,  0.03468942, ...,  0.03496186,
        -0.01242893,  0.02298075],
       [-0.03957717,  0.02337923, -0.0020129 , ...,  0.01560535,
         0.00544749, -0.02854635]], dtype=float32), 'decoder.4.bias': array([-1.11024426e-02,  3.62730213e-02, -1.45514756e-02, -3.07983905e-02,
       -9.62990453e-05,  3.99458334e-02, -3.62191014e-02,  2.46997606e-02,
       -1.54420706e-02, -5.01820701e-04, -4.01342176e-02,  1.02042230e-02,
       -1.68554597e-02,  3.22660543e-02,  1.08164912e-02,  3.80835868e-02,
        7.03315064e-03, -2.21374705e-02, -2.33499315e-02,  3.37401554e-02,
        3.68928872e-02, -4.49588448e-02,  1.20993089e-02,  9.28387046e-03,
       -4.38410938e-02, -1.13609470e-02, -4.33562417e-03,  4.45772000e-02,
       -7.71554234e-03, -3.35462540e-02,  2.31714658e-02,  3.06177959e-02,
        3.80488187e-02,  2.38412004e-02, -2.07590964e-02,  2.64769979e-02,
        4.51697893e-02,  2.32207719e-02, -2.61344761e-03, -3.34512591e-02,
       -1.23809120e-02, -1.67575870e-02, -3.00000999e-02,  3.02570295e-02,
       -1.48861976e-02,  2.68821698e-02, -2.56536379e-02, -1.78974438e-02,
       -4.39872853e-02, -9.25678760e-03, -2.27223188e-02, -2.82109808e-02,
        2.15715822e-02, -5.86511241e-03, -5.78394299e-03,  1.60375657e-03,
       -1.31834270e-02,  5.76362619e-03, -4.51339260e-02, -2.77505293e-02,
       -3.59786078e-02, -2.54709087e-02,  1.72805146e-03,  3.12857069e-02,
       -2.55456306e-02,  2.97332928e-02,  1.39999837e-02, -3.50941978e-02,
       -7.53211603e-03,  1.71790216e-02,  3.06941625e-02,  2.05584429e-02,
       -1.45027516e-02, -3.03564686e-02, -5.03225178e-02,  2.89594922e-02,
        2.76273000e-03,  1.32058505e-02, -8.43179133e-03,  1.99609958e-02,
        2.50091646e-02,  2.59133112e-02,  5.38684949e-02, -3.37690767e-03,
        3.50468010e-02, -5.37029169e-02, -3.54110118e-04,  1.99515019e-02,
        1.14457142e-02, -1.52978199e-02, -1.54765928e-02,  3.11704185e-02,
        2.68597025e-02,  2.34361105e-02,  1.15659870e-02, -4.41606566e-02,
       -3.26622799e-02,  3.12210824e-02,  2.68380530e-02, -1.31548103e-02,
        3.32460143e-02,  5.11338823e-02,  5.00199795e-02, -3.55270728e-02,
       -1.88496523e-02, -3.13773975e-02, -1.08381938e-02,  5.18978760e-03,
        2.49960106e-02, -4.21135910e-02, -3.43197398e-02,  4.23134118e-02,
        4.61302288e-02,  1.21452864e-02, -3.80555317e-02,  3.05534340e-02,
        7.46085355e-03,  3.46432254e-02,  1.03152674e-02, -3.67509164e-02,
        7.56955985e-03, -6.33300282e-03,  1.05366586e-02, -2.75054313e-02,
        3.37179601e-02,  8.83304235e-03,  2.33042091e-02, -2.79968157e-02,
       -3.44032273e-02,  3.12432609e-02,  3.69978361e-02,  2.78551015e-03,
       -3.27720009e-02,  2.30574645e-02, -4.99447174e-02, -3.30827152e-03,
       -1.11805312e-02,  4.61598567e-04, -2.80588176e-02, -6.10573450e-03,
       -3.87595110e-02, -3.63227949e-02,  3.88875455e-02, -3.47855389e-02,
        1.39544066e-03, -6.07343903e-03,  3.71421389e-02, -1.49309272e-02,
        1.30925039e-02,  3.94400535e-03,  1.39061250e-02,  9.61172767e-03,
        2.99843252e-02, -2.80439351e-02,  2.64229774e-02,  1.99707448e-02,
        2.58758888e-02,  2.34638751e-02, -3.05526722e-02,  2.96720620e-02,
        1.59294007e-03, -2.05197632e-02, -1.52158337e-02, -5.76212863e-03,
       -4.60844152e-02,  3.43105905e-02,  2.94230729e-02,  4.87296395e-02,
        3.53486799e-02, -9.48979147e-03,  3.68518159e-02, -1.25838220e-02,
        2.61270311e-02, -2.47905683e-02, -2.58635823e-02, -1.35456119e-02,
       -2.53969282e-02,  1.91945862e-02,  4.78382595e-02, -2.17482466e-02,
        2.64988225e-02,  1.61443483e-02,  2.70416448e-03,  3.23506035e-02,
        2.34635789e-02, -2.88654063e-02, -8.38060118e-03,  1.57119781e-02,
       -1.26822619e-02,  3.42275091e-02, -2.88910698e-02,  1.42855635e-02,
        3.44373635e-04,  4.30475771e-02, -9.13509075e-03,  3.60870175e-02,
       -3.54962028e-03,  1.84296165e-02, -9.99507774e-03,  1.72826350e-02,
        2.56426632e-02,  2.99452767e-02, -1.09110838e-02, -3.83889005e-02,
       -8.99928249e-03, -1.22754648e-02,  4.13883775e-02,  1.35409003e-02,
        4.73599834e-03,  1.88962196e-03, -1.03571545e-02,  4.76005711e-02,
       -3.71347107e-02, -1.42273530e-02,  7.01006548e-03, -2.05933712e-02,
       -3.13115269e-02, -2.37086080e-02, -1.97409354e-02,  3.52464803e-02,
        4.97586243e-02,  3.29432152e-02,  2.93840505e-02,  1.03458390e-02,
       -4.90435921e-02,  2.71576103e-02,  1.27929114e-02, -3.31004076e-02,
        4.26778384e-02, -2.25346783e-04, -4.91006225e-02,  2.39144123e-04,
        2.24531139e-03,  5.01651056e-02,  2.33775545e-02,  8.50031618e-03,
       -2.87211593e-02,  2.19479986e-02, -1.82745308e-02,  1.01998933e-02,
       -1.08850086e-02, -2.89819873e-04,  2.30728220e-02, -3.94933559e-02,
       -2.08443999e-02,  7.68771674e-03,  1.55016594e-02,  2.04991642e-02,
        3.78008559e-02,  1.42940124e-02, -3.55373621e-02, -2.96357926e-02,
       -3.93504687e-02, -1.16121639e-02, -2.74153333e-02, -3.51293124e-02,
        3.49918474e-03,  1.72711560e-03,  2.57831514e-02,  1.50301130e-02,
        3.70400324e-02,  6.70753885e-03,  1.74594428e-02,  3.46604735e-02,
       -1.96615178e-02, -3.12726386e-02, -3.04375906e-02, -3.90995666e-02,
       -4.35985327e-02,  1.81458332e-02, -2.22405214e-02,  4.10262868e-02,
       -3.39766778e-02,  5.27542271e-02, -6.06386736e-03,  3.08418609e-02,
       -1.15026701e-02, -3.02505065e-02,  2.42426954e-02,  2.43343525e-02,
       -3.72354910e-02,  2.24462952e-02, -5.12966327e-03,  3.60850506e-02,
        7.61480629e-03,  3.84631194e-02,  3.27987224e-02,  7.12762959e-03,
        4.10406701e-02,  4.70190821e-03,  2.93164663e-02, -1.21364566e-02,
       -4.23319153e-02,  1.32157272e-02, -4.93620858e-02,  5.14623597e-02,
        2.46807206e-02,  4.51763207e-03,  1.04432385e-02, -8.28973390e-03,
        4.19222936e-03,  2.05583647e-02, -1.95295922e-02, -1.12561518e-02,
        3.97362411e-02,  2.46863179e-02,  3.64082269e-02,  1.68555044e-02,
       -1.84592362e-02,  4.94630672e-02,  3.13181989e-02, -5.16955294e-02,
       -2.46059857e-02, -1.41490800e-02,  9.07463674e-03,  3.14232707e-02,
       -8.96988716e-03,  4.18285802e-02, -3.23115289e-02,  2.63469033e-02,
        3.38566974e-02,  2.77089737e-02,  2.93240994e-02, -1.26522081e-03,
       -2.08852999e-02,  1.97760258e-02,  2.01470666e-02,  2.79472861e-02,
       -2.88266391e-02, -1.75235756e-02,  3.11029013e-02, -2.98855975e-02,
        3.58155631e-02, -1.84077490e-02, -3.51694152e-02, -2.18495093e-02,
        5.00279143e-02, -9.77839995e-03, -4.80532385e-02,  1.91821717e-02,
        4.04863134e-02, -3.54412422e-02,  2.68215928e-02, -1.38504943e-02,
       -2.09228825e-02,  3.72655131e-02, -2.77967360e-02,  1.18146576e-02,
       -2.81730182e-02, -1.11718697e-03,  1.03016812e-02, -1.63525864e-02,
        8.83852877e-03,  1.49778165e-02,  8.11951514e-03, -2.20709089e-02,
        4.10874821e-02, -2.92231310e-02,  4.46936749e-02,  2.40458474e-02,
       -4.57823351e-02,  3.75566185e-02, -2.01412309e-02,  2.21767407e-02,
        2.66929921e-02,  1.01665063e-02, -2.27911007e-02, -6.96254335e-03,
        4.91801277e-02,  2.60046236e-02,  2.64402386e-02,  2.38586310e-02,
        9.36993584e-03,  1.82809234e-02, -2.57492904e-02, -3.78938653e-02,
        2.61891782e-02, -1.92093365e-02,  3.15275490e-02, -1.62586477e-02,
        8.26947391e-03, -2.92517450e-02, -1.22383051e-02, -2.63702832e-02,
        4.04110923e-02, -2.48742104e-02,  4.09535170e-02,  4.03269082e-02,
       -3.29859480e-02,  3.72563973e-02,  3.56880799e-02, -4.86777350e-03,
       -2.59078108e-02,  4.00183424e-02,  8.28760117e-03, -2.63232808e-03,
        1.61271151e-02, -3.75121310e-02, -4.33756448e-02,  4.79131900e-02,
       -1.48306806e-02,  3.51075307e-02,  7.05463812e-03, -2.98630893e-02,
        3.36783491e-02,  1.21082999e-02,  3.18938941e-02,  4.33887057e-02,
       -1.03860144e-02, -3.10181975e-02,  3.18585575e-04, -1.18332896e-02,
       -2.37490032e-02, -5.03285415e-02, -4.81403358e-02, -8.63491371e-03,
        4.14986387e-02, -1.26392196e-03,  3.98281626e-02,  3.80148776e-02,
       -1.13344584e-02,  3.00298780e-02, -2.57062968e-02, -1.41269164e-02,
        3.07731219e-02, -1.29730236e-02,  4.83249910e-02, -4.76694666e-03,
       -2.29789969e-02,  2.21508425e-02, -1.34492796e-02,  4.77392897e-02,
        7.87671749e-03,  6.96851360e-03, -2.35713460e-02,  3.78853315e-03,
        2.11375337e-02, -3.22048925e-03,  4.10054363e-02,  3.34893055e-02,
       -2.76891887e-03, -9.23844241e-03, -1.60986856e-02, -1.34037230e-02,
       -2.53376402e-02,  2.77870055e-02,  3.31190750e-02,  1.37636298e-02,
        9.47247911e-03, -3.57096605e-02, -1.00343507e-02,  1.69337690e-02,
       -5.11148432e-03, -2.49142032e-02, -3.45685147e-02,  2.20169146e-02,
        3.30171287e-02, -1.66557711e-02,  2.53456719e-02, -3.47800367e-02,
       -5.39972121e-03, -4.66195270e-02, -2.63878647e-02,  3.85349579e-02,
       -1.07973628e-02, -7.31385965e-03, -1.51984552e-02, -5.02852816e-03,
        3.76203679e-03, -3.61608639e-02,  2.37893667e-02, -4.76725027e-02,
       -2.34656092e-02,  3.24223787e-02,  2.85825580e-02,  5.58202565e-02,
        1.50372284e-02, -3.24531505e-03,  1.34902820e-02,  1.71794239e-02,
        2.70449053e-02,  3.91030237e-02, -3.07986382e-02, -1.17372600e-02,
       -3.55923921e-02, -2.12687161e-02, -3.19678634e-02, -4.35604453e-02,
       -4.30917218e-02, -9.22631007e-03, -3.87220979e-02, -2.51573753e-02,
        4.25927229e-02,  1.38195232e-02,  1.42856203e-02, -2.77540442e-02,
       -3.67252380e-02,  5.21299466e-02,  3.83636244e-02,  4.49041165e-02],
      dtype=float32), 'decoder.6.weight': array([[ 0.05310563, -0.01374229,  0.05326504, ...,  0.08611733,
         0.08751389,  0.01888446],
       [-0.01789187,  0.01109164, -0.03097815, ...,  0.03819399,
         0.01822657,  0.0037683 ],
       [-0.04314044,  0.03311602, -0.03767582, ..., -0.0038168 ,
         0.02888456, -0.01992356],
       ...,
       [ 0.00150832,  0.02069714,  0.02397836, ..., -0.02841859,
        -0.02750377, -0.0289046 ],
       [-0.01883793, -0.00490497, -0.04388223, ..., -0.03444425,
         0.03139397,  0.00814234],
       [ 0.01995346,  0.00241864, -0.05042285, ..., -0.0044161 ,
         0.01042269, -0.02250563]], dtype=float32), 'decoder.6.bias': array([-0.00355545, -0.02407768, -0.00669976, ...,  0.00356544,
        0.03371099,  0.02552661], dtype=float32)}
[Time: 15.01.25 11:46:45] [Level: info] [State: aggregate] {'encoder.0.weight': array([[-0.01272102,  0.0005323 ,  0.00170799, ..., -0.0117727 ,
         0.009101  ,  0.00473079],
       [ 0.00241603,  0.01008566,  0.00962076, ...,  0.00545156,
        -0.00663458,  0.01401382],
       [ 0.00442415, -0.00107347,  0.00395442, ...,  0.00393204,
        -0.01141563,  0.00141261],
       ...,
       [-0.0048988 ,  0.00133625,  0.00281289, ..., -0.00509511,
         0.00445825, -0.01128045],
       [ 0.00269315,  0.00693174, -0.00608109, ...,  0.01363856,
        -0.00539055,  0.00902053],
       [ 0.01034077,  0.00782791,  0.00289195, ...,  0.00218026,
         0.00789451,  0.00181203]], dtype=float32), 'encoder.0.bias': array([ 1.50369259e-03, -9.41579696e-03, -8.63907952e-03, -2.32835533e-03,
       -1.13961948e-02, -8.98731290e-04,  8.07219371e-03, -1.05715618e-02,
       -1.34141801e-03, -1.57425944e-02, -1.08687868e-02, -8.91534332e-03,
       -3.10945790e-03,  5.05929487e-03, -1.47006977e-02,  7.67762866e-03,
        1.09913172e-02, -1.54179549e-02,  1.38556177e-03,  1.06199905e-02,
        7.76885217e-03, -1.04191946e-02, -5.13645355e-03, -1.11020850e-02,
        4.60431352e-03, -1.09204436e-02, -1.48160439e-02, -4.70099272e-03,
        6.68281596e-03, -4.78649186e-03, -7.52673601e-04, -3.54894600e-03,
        7.92575441e-03, -8.48166924e-03, -7.73433689e-03, -9.33516677e-03,
       -1.24697965e-02,  1.01163064e-03, -3.51967453e-03,  7.16979615e-03,
        6.56166929e-04, -7.16219796e-03,  6.60115201e-03,  4.68638819e-03,
        5.50841168e-03,  8.92794412e-03,  7.55138369e-03, -3.41969146e-03,
        5.89650637e-03, -7.83200748e-03, -1.23745576e-02,  2.41638557e-03,
        5.46537712e-03, -1.52646928e-04,  7.60570867e-03,  1.08575297e-03,
       -8.12502019e-03, -7.42577622e-03,  6.36375975e-03, -1.16445310e-02,
       -1.47565342e-02,  5.51278098e-03,  7.93207902e-03,  5.44605032e-03,
        1.99668691e-03, -4.87175770e-03,  8.81086849e-03, -1.07323388e-02,
       -5.64677780e-03, -7.39355106e-03, -1.31631747e-03,  2.54920288e-03,
        6.96999766e-03, -3.18403053e-03, -6.22183224e-03,  2.97252857e-03,
       -1.07644629e-02, -1.52595825e-02, -1.27665401e-02,  5.76533750e-03,
        1.21974088e-02,  6.39375579e-03,  7.08768098e-03, -5.18747605e-03,
        8.00121482e-03, -1.41650392e-02, -4.79110400e-04, -5.77301905e-03,
       -4.85306280e-03,  4.63266019e-03, -4.29954519e-03,  1.00510139e-02,
       -7.94151798e-04, -9.52770468e-04,  5.75725595e-03,  7.52908783e-03,
        6.92780036e-03, -5.53409103e-03,  1.88072643e-03,  1.02990577e-02,
        5.99374180e-04,  1.06030726e-03, -1.27382968e-02, -1.29043013e-02,
       -1.07980976e-02,  4.38258098e-03, -4.77610808e-03, -1.10808956e-02,
        4.80849342e-03, -1.37441717e-02, -6.31073117e-03, -1.08938888e-02,
       -1.25653278e-02,  1.51333457e-03,  7.66522391e-03, -2.08098255e-03,
       -8.09378922e-04, -8.96122772e-03, -1.01339947e-02, -5.56006003e-03,
       -7.50550441e-03, -1.28769260e-02,  9.64576565e-03, -7.50591047e-03,
       -8.03683605e-03, -1.68129639e-03, -6.90388074e-03,  3.37076327e-03,
        6.36179978e-03, -6.54965639e-03,  2.38055852e-03,  6.94430387e-03,
       -1.22468304e-02,  5.80223231e-03, -1.20112242e-03, -8.34315456e-03,
       -1.33974170e-02, -1.68238161e-03, -5.01588918e-04,  2.62455258e-04,
        1.56477233e-03,  1.06318891e-02,  1.28852902e-03, -9.54982918e-03,
       -1.52975472e-03, -3.63186095e-03,  4.29408439e-03,  7.80394720e-03,
       -5.99540118e-03, -2.88570230e-03,  1.08919097e-02, -1.18350862e-02,
       -7.80338480e-04,  7.67667592e-03,  6.61388878e-03, -1.38718449e-02,
       -7.84273166e-03,  5.12898155e-03, -1.38489809e-02, -8.11940245e-03,
       -1.13482419e-02,  1.26355877e-02, -1.51702547e-02, -9.47353337e-03,
       -1.13881854e-02,  1.94602890e-03, -1.16956234e-02, -1.47075327e-02,
       -1.24632791e-02, -4.46422631e-03, -3.47000733e-03, -1.48558272e-02,
        1.50756082e-02, -3.32500972e-03, -1.07581308e-02,  1.09126586e-02,
        7.82090984e-03, -3.97218391e-03,  7.02917390e-03, -2.27827509e-03,
        3.51331057e-03,  2.32149800e-03,  2.22114217e-03, -1.60746425e-02,
        7.30435364e-03,  6.11577649e-03, -1.21802194e-02,  7.63633428e-03,
        1.08553451e-02,  9.23394971e-03, -6.20018225e-04,  1.69046188e-03,
       -1.56065412e-02, -6.93104416e-03, -1.98019184e-02,  5.21173934e-04,
       -1.15775075e-02, -6.37088809e-03, -7.42805330e-03, -3.04850657e-03,
       -4.76895971e-03,  1.27784368e-02,  7.06521282e-03, -1.16586369e-02,
        1.19606340e-02, -1.47737460e-02,  1.89913101e-02,  5.21369372e-03,
       -2.64036166e-03,  3.46621964e-03,  5.34971803e-03,  5.67310443e-03,
        3.83151090e-03, -9.92472190e-03, -1.05165895e-02, -6.29617367e-03,
        8.15971987e-04, -8.82148370e-03, -1.29235862e-02, -8.56025424e-03,
        4.12494643e-03,  4.01062006e-03, -9.37456265e-03, -8.25968292e-03,
       -2.68638879e-03,  5.11745783e-03, -9.10099410e-03, -7.59259146e-03,
       -9.96364746e-03, -4.92975023e-03, -1.21439900e-02,  5.36693027e-03,
       -3.05139739e-03, -4.52192686e-03, -8.91437847e-03,  8.62395950e-03,
        2.06857896e-03, -5.99714636e-04,  8.80272128e-03, -8.95167328e-03,
        3.90283600e-03, -8.49740859e-03,  9.10055917e-03,  3.65036889e-03,
       -1.07944747e-02, -1.56578980e-02, -6.38981955e-03, -1.14692198e-02,
       -1.02339424e-02,  1.52584270e-03,  3.65314516e-03, -5.77397691e-03,
        2.23875861e-04,  5.91288786e-04, -8.61183554e-03, -8.65232258e-04,
        8.46697297e-03, -1.54398894e-02,  5.41107636e-03,  9.51652043e-03,
        1.18338866e-02, -1.13229649e-02,  4.06985031e-03, -6.86133048e-03,
       -3.40457959e-03, -3.85608245e-03, -1.08510060e-02,  8.65096413e-03,
        5.38212433e-03, -1.26612913e-02,  5.49187558e-03, -1.32881226e-02,
        2.95902393e-03, -2.48386292e-03, -1.51982717e-02,  6.20087842e-03,
       -1.79824289e-02,  1.20361149e-02, -9.68850031e-03, -1.25975208e-02,
        9.39672813e-03,  7.75811495e-03,  2.62967125e-03, -5.67772076e-04,
       -1.54062547e-02,  8.26652627e-03, -7.63328187e-03,  8.41508247e-03,
        7.73005304e-04, -1.36358291e-02, -1.09756887e-02, -8.65644217e-03,
       -4.98774787e-03, -8.07850342e-03, -1.72055606e-03, -1.41523909e-02,
        9.18532442e-03, -9.74709447e-03,  8.21061153e-03, -9.65242554e-03,
        1.01905293e-03, -9.10195429e-03, -4.20430535e-03, -1.59300177e-03,
       -1.12652006e-02, -1.49067817e-02,  3.79989226e-03, -1.13311866e-02,
       -2.78910855e-03,  3.53001151e-03,  6.04340015e-03, -9.76319052e-03,
       -1.25140529e-02,  2.15065968e-03, -8.06267653e-03, -1.35004548e-02,
       -5.28215058e-03,  1.23443892e-02, -9.99026280e-03, -5.30421548e-03,
       -4.46851924e-03, -8.85095261e-03,  2.57448014e-03, -6.94361795e-03,
       -1.33299259e-02, -9.84155480e-03,  3.45233525e-03, -7.89655931e-03,
        3.42548173e-03,  2.03094371e-02, -5.25787892e-03,  5.90153690e-03,
       -4.83343145e-03,  1.14390776e-02, -7.83905212e-04,  4.45045577e-03,
       -2.39422102e-03,  7.55096832e-03,  9.46169905e-03,  5.13759581e-03,
       -1.52734099e-02,  5.37859788e-03, -5.25726192e-03,  6.84765261e-03,
       -4.04156186e-03,  1.02457376e-02,  1.10553913e-02, -6.42073515e-04,
       -8.36298335e-03,  2.56712642e-03,  3.63324594e-04,  7.38045853e-03,
       -1.23835858e-02, -2.32081627e-03, -1.07589802e-02, -6.37455890e-03,
        1.44342333e-03,  8.48436076e-03,  2.04525050e-03, -5.57861198e-03,
        2.47140451e-06,  1.71919204e-02, -8.11969489e-03,  5.31120086e-03,
        7.77409598e-03, -1.37573946e-02,  6.92745484e-03,  8.72744899e-03,
       -5.75119071e-03, -1.08513646e-02, -5.36227971e-03, -2.01850198e-03,
       -1.32067166e-02,  5.34569751e-03,  6.45760121e-03,  1.05864052e-02,
       -1.58957532e-03, -2.09255749e-03, -8.52971151e-03, -5.92624163e-03,
       -9.95293725e-03,  7.52551062e-03,  6.66474598e-03, -2.96681141e-03,
       -5.54645434e-03, -6.19330117e-03, -5.89853199e-03,  8.29335488e-03,
        1.42211479e-03, -1.84472464e-02, -5.13325306e-03,  2.94009736e-03,
       -2.09926814e-03,  4.92191139e-05,  4.00263118e-03,  1.04611916e-02,
        1.43952784e-03, -1.77045204e-02, -3.81533056e-03,  7.78091047e-03,
       -6.10951195e-03, -1.66440976e-03, -2.74235918e-03, -2.30023428e-03,
        2.65155779e-03,  1.52513574e-04,  1.16288662e-03,  9.83943511e-03,
        4.90031019e-03,  8.19023978e-03, -1.70494784e-02,  5.52250585e-03,
       -1.26354573e-02, -2.02605291e-03, -1.32700969e-02,  6.78370893e-03,
       -3.30092153e-03, -5.42791886e-03, -5.67238126e-03,  1.50195211e-02,
       -7.26724928e-03,  6.31245179e-03, -1.43800266e-02, -9.87072755e-03,
        7.60694873e-03,  7.13114627e-03, -3.39489826e-03, -1.55245746e-02,
        5.55648515e-03, -3.56706302e-03, -1.26112755e-02, -4.93710628e-03,
        1.58571161e-03,  9.86422747e-05, -1.30297439e-02, -8.66396818e-03,
        8.47934000e-03, -4.89754509e-03,  6.12753723e-03,  6.90857088e-03,
       -1.18633062e-02, -2.10225885e-03,  6.04305835e-03, -1.49749452e-02,
       -5.01585891e-05, -3.38236312e-03,  4.35727369e-03,  1.24821803e-02,
       -2.91891629e-03,  1.00943223e-02, -9.67392046e-03,  6.36125496e-03,
       -9.53563582e-03,  5.82901761e-03, -8.04255810e-03,  8.19718334e-05,
       -5.98707655e-03,  6.79170899e-03, -7.51804095e-03,  1.23523762e-02,
       -1.47804078e-02, -1.43726461e-03, -1.23477576e-03,  4.63846046e-03,
       -1.24731716e-02, -1.58903338e-02, -6.97355997e-03, -1.13632595e-02,
       -2.00462970e-03, -1.09245125e-02, -1.28725767e-02,  1.62317995e-02,
       -1.17377667e-02, -9.85305849e-03,  4.05430514e-03, -5.16948150e-03,
       -6.08580653e-03,  1.18242700e-04, -1.22518102e-02, -5.83160948e-03,
        1.25413043e-02, -8.90376791e-03,  2.53017014e-03,  3.48468171e-03,
       -1.09744072e-02, -7.95660447e-03,  6.97869109e-03, -5.42142941e-03,
       -7.96444435e-03,  9.06672329e-04, -1.50752778e-03,  5.17218234e-03,
       -6.79975492e-04, -2.90220464e-03, -8.74118041e-03,  3.53332795e-03,
       -2.83281412e-03,  6.16350723e-03,  2.47256365e-03, -1.09288553e-02],
      dtype=float32), 'encoder.2.weight': array([[ 0.02567884, -0.02072799, -0.03056673, ...,  0.00234546,
         0.00973547, -0.03008385],
       [-0.02232668,  0.01947023, -0.04100305, ...,  0.00153969,
         0.02022046, -0.02197474],
       [ 0.03965443,  0.02944964,  0.04620425, ...,  0.01405265,
         0.0279425 ,  0.02148708],
       ...,
       [ 0.00702004,  0.01093206, -0.03290838, ..., -0.02808924,
         0.01876826,  0.00760466],
       [ 0.0349715 ,  0.00953149,  0.03046994, ...,  0.00093359,
         0.01338006,  0.01378905],
       [ 0.04261433, -0.04404904,  0.03178933, ..., -0.01025397,
         0.00202592, -0.02974341]], dtype=float32), 'encoder.2.bias': array([ 4.72138599e-02,  2.70449482e-02,  3.62690650e-02, -2.57981401e-02,
       -1.81139261e-02, -4.42049578e-02, -1.64702367e-02,  2.20947359e-02,
       -3.26779634e-02,  9.48338304e-03,  2.53187642e-02, -2.87427772e-02,
       -1.42248506e-02, -2.18585748e-02,  1.59615371e-02,  4.09578755e-02,
       -1.44295674e-02, -2.97916923e-02,  2.69207396e-02,  1.63953621e-02,
       -2.83929799e-02, -2.50912793e-02, -3.31171267e-02, -9.57146659e-03,
        1.18419873e-02,  1.25246039e-02, -1.17907748e-02, -2.75138970e-02,
       -3.62745747e-02, -3.10601965e-02, -2.89645549e-02, -1.62618551e-02,
        1.21592348e-02, -9.36065335e-03,  6.45161187e-03,  3.19619626e-02,
       -2.34550238e-02, -7.66531238e-03, -3.54591459e-02,  3.63527574e-02,
       -2.60858703e-02,  9.19289014e-04,  2.26672497e-02, -2.20119022e-02,
       -6.96316268e-03,  3.03313266e-02,  2.32004318e-02,  1.72206352e-03,
       -2.43984479e-02, -1.18768504e-02, -2.72313389e-03, -1.24022551e-02,
       -2.78500561e-02,  3.32799065e-03, -1.46957420e-04, -2.88665760e-02,
        3.64384539e-02, -4.44876067e-02,  6.26149541e-03,  2.15825178e-02,
       -2.14433037e-02,  3.67237851e-02,  4.53400947e-02,  1.19913102e-03,
       -1.98487137e-02, -6.95997709e-03,  2.28938032e-02,  4.27489877e-02,
       -2.23054667e-03, -4.02704813e-02,  4.14492749e-02, -3.52973468e-03,
       -2.23163683e-02, -1.42119359e-02,  3.96760590e-02, -1.91081362e-03,
       -2.34315824e-02,  1.31175434e-02,  2.79388968e-02,  5.09805679e-02,
       -4.29540873e-02,  3.60231549e-02, -1.13020027e-02,  3.32794785e-02,
        3.90017517e-02, -3.02819721e-02, -6.53641764e-03, -2.77348645e-02,
        3.87312099e-03,  1.42707303e-02, -2.20273733e-02,  4.88513596e-02,
        1.77995418e-03, -1.92601513e-02, -4.05519642e-02,  4.14244598e-03,
        2.92916484e-02,  3.13241151e-03, -3.00072413e-02, -7.73587823e-03,
        1.93010941e-02,  1.57221518e-02,  4.99661639e-02, -2.35425588e-02,
        6.33746525e-03,  2.60053165e-02,  3.48621905e-02,  1.69672293e-03,
        9.77425370e-03,  2.77093444e-02,  1.96794663e-02, -7.52953580e-03,
       -3.99320796e-02,  4.33709696e-02,  3.84792462e-02,  3.06657627e-02,
       -1.53391324e-02, -2.66999584e-02,  3.09208524e-03, -3.04410048e-03,
        7.06712296e-03,  1.54040530e-02,  3.82712409e-02,  1.07585394e-03,
       -1.07983211e-02,  1.89414434e-02, -4.48385105e-02,  3.56246457e-02,
        1.72195211e-02, -4.91581894e-02,  1.48502793e-02, -2.24144608e-02,
        3.75425741e-02, -3.77763435e-02, -8.12007766e-03,  1.15965586e-02,
        2.77691428e-02,  2.26154570e-02,  1.76920127e-02,  3.69742811e-02,
        1.44771971e-02,  9.13215149e-03,  1.68601368e-02, -1.79195683e-03,
       -2.53317319e-03, -4.72242758e-02, -1.62099220e-03,  1.90553237e-02,
       -2.58078836e-02, -3.67685035e-02, -4.09671105e-03,  1.31723732e-02,
       -1.28942290e-02,  3.28328125e-02, -2.70259939e-03, -4.78129797e-02,
        2.55465657e-02, -1.77000798e-02,  4.27851491e-02, -7.78271724e-03,
       -3.78945656e-03, -4.32670973e-02,  3.18574719e-03, -1.23897670e-02,
        2.79228855e-02, -1.69736985e-02, -1.65079068e-02, -3.34648229e-02,
        2.65004318e-02,  9.40346345e-03, -3.27488594e-02,  1.93019863e-02,
        2.70613525e-02,  1.27455778e-03, -1.44220935e-02, -1.85296647e-02,
       -1.70961022e-02, -1.69827659e-02,  1.68734556e-03,  1.64481960e-02,
        3.68632860e-02, -6.02397486e-04,  1.56069803e-03, -3.44097279e-02,
        2.30769776e-02, -8.98436643e-03,  4.90271971e-02,  2.72059198e-02,
       -3.01244501e-02, -3.02812811e-02,  2.32263096e-02,  1.75994243e-02,
        7.69274030e-03, -3.34123941e-03, -1.70544777e-02, -3.00041102e-02,
       -1.23999957e-02,  1.39390184e-02,  5.66758029e-03,  5.39739383e-03,
       -1.92644633e-02, -1.83973145e-02, -3.68065313e-02,  7.46798282e-03,
        2.50229556e-02,  2.56812642e-03,  1.34491194e-02, -1.45829776e-02,
       -3.32710482e-02, -9.10879485e-03,  1.92558542e-02, -2.53251800e-03,
       -4.73892270e-03,  3.91074531e-02,  5.28440550e-02, -4.68769446e-02,
        2.75684930e-02, -2.73124687e-02, -4.28957678e-02,  1.15536842e-02,
       -4.24452089e-02,  1.17459781e-02,  1.32587701e-02, -2.29642987e-02,
       -2.59859301e-02, -7.76850805e-03,  1.00729531e-02,  3.06511484e-02,
        3.23326364e-02,  1.49965174e-02,  3.10332160e-02,  4.27793786e-02,
        3.53122801e-02, -4.66695130e-02, -7.38518313e-03,  9.88921896e-03,
        7.93267740e-04,  9.85671673e-03, -3.42059135e-02, -2.70539243e-02,
        3.71435024e-02,  3.58532406e-02,  7.52717722e-04,  1.39908390e-02,
        3.36577967e-02,  2.61534117e-02,  2.14793812e-02,  3.50178219e-02,
       -1.00592049e-02, -3.39708664e-02,  5.23491483e-03, -1.02239270e-02,
        4.68502827e-02,  3.11018694e-02,  5.91980119e-04,  7.87471328e-03,
        3.14712226e-02, -2.56251507e-02,  3.64464778e-03, -1.39963869e-02,
        2.80361460e-03, -4.03458020e-03,  5.75967086e-03,  2.91004945e-02,
       -1.93638429e-02,  3.60603370e-02,  7.39511242e-03,  2.78421002e-03,
       -1.06493500e-03,  7.65047362e-03,  3.72545421e-02, -4.00241986e-02,
       -3.74523960e-02,  7.40830600e-03, -1.91537454e-03,  3.64612788e-02,
        2.64967233e-02, -4.72691059e-02,  2.89545581e-02,  1.17588779e-02,
       -2.01648660e-02, -2.32628230e-02,  4.45116311e-03, -1.85834710e-02,
       -4.03913334e-02,  3.31398584e-02,  2.34986655e-02, -4.68471088e-02,
        3.20761763e-02, -2.08765194e-02, -4.90352921e-02, -2.46035624e-02,
        2.89390683e-02, -4.82672313e-03, -1.26449307e-02, -9.80402343e-03,
        2.13077832e-02,  3.93309407e-02, -7.42880860e-03,  1.68952327e-02,
       -2.21748855e-02,  2.19757408e-02, -3.16624753e-02, -3.92086320e-02,
        1.70449037e-02, -3.08287479e-02,  1.01382947e-02, -7.69794406e-03,
       -3.47978808e-02,  1.00041730e-02, -1.42242312e-02, -4.08831090e-02,
       -4.69923690e-02,  1.80734452e-02,  2.77174972e-02,  2.23732945e-02,
        2.40102429e-02, -1.48270391e-02,  3.41547132e-02, -3.03864974e-04,
        4.48617898e-02,  2.93099601e-02, -1.39974589e-02,  1.79464258e-02,
        1.20549044e-02,  2.81110406e-02,  4.08010185e-03,  3.61586479e-03,
       -2.30967402e-02, -3.80607210e-02, -3.96739170e-02,  1.38004432e-02,
       -4.34092768e-02,  1.03396541e-02, -2.55506509e-03,  3.86411324e-02,
       -5.43719344e-03, -1.13816117e-03,  2.60520466e-02, -4.03370522e-02,
        3.08818463e-02, -1.63561404e-02, -1.05023291e-02,  2.50752997e-02,
        3.07715288e-03,  3.22509967e-02, -1.93295218e-02,  2.48962585e-02,
        2.87975930e-02,  4.03082892e-02,  2.41869427e-02, -2.29218397e-02,
        7.08316569e-04, -1.57117825e-02, -3.02958954e-02, -2.83222683e-02,
       -2.51243133e-02,  1.17435846e-02, -2.95830760e-02, -1.66797563e-02,
        2.10530963e-02, -4.90147388e-03, -2.37366781e-02, -4.32093665e-02,
       -4.33613546e-02, -1.90033466e-02,  8.45207425e-04,  7.19744619e-03,
       -9.10071097e-03, -4.73240800e-02,  1.97717976e-02,  2.03864798e-02,
       -2.84446916e-03,  3.26668285e-02,  1.61744077e-02,  1.61822122e-02,
        1.64458305e-02,  4.68245596e-02, -2.46456135e-02, -1.36546213e-02,
       -2.70875096e-02,  3.31168212e-02,  1.09651014e-02, -1.02040973e-02,
        4.28105257e-02,  2.55269762e-02, -2.79951952e-02,  2.85695028e-02,
        9.03408509e-03, -2.37168036e-02,  4.00968082e-02, -1.38454242e-02,
        3.13544385e-02,  1.51715809e-02,  1.87360402e-02,  5.74031193e-03,
        3.47710960e-02, -4.29598428e-02, -1.55463424e-02,  3.52682993e-02,
       -6.37339009e-03,  1.81629732e-02,  3.64849009e-02,  1.51136098e-02,
       -1.94217339e-02, -3.83744240e-02,  2.01977231e-02,  2.43319962e-02,
        2.09793821e-02, -3.85475643e-02,  1.49802268e-02,  2.48517487e-02,
       -8.74055550e-03,  1.56362001e-02,  2.17953473e-02, -3.22317034e-02,
       -9.34068579e-03, -3.20871617e-03,  4.50098701e-02, -1.96910324e-03,
        1.31112449e-02, -3.37983784e-03, -4.86724311e-03,  2.90853903e-02,
        3.64816301e-02,  5.64832799e-03,  2.49569342e-02,  1.85812861e-02,
       -1.70726646e-02,  1.76849011e-02, -3.66775990e-02,  2.03933436e-02,
        1.79349750e-04, -2.11179461e-02,  1.44701339e-02, -2.05787215e-02,
       -2.44205818e-02, -6.07203320e-03, -3.36291678e-02,  1.33179850e-03,
        4.07847688e-02,  4.34434041e-02,  2.95777004e-02, -4.95910551e-03,
       -5.00784628e-03, -3.76259238e-02,  3.25357243e-02, -1.90029293e-02,
       -3.66157740e-02, -3.06042726e-03,  3.66056338e-02, -1.77511163e-02,
       -9.80066229e-03, -2.43976209e-02,  1.18186846e-02,  3.39806359e-03,
       -1.46480650e-02, -1.54717043e-02,  3.88890430e-02, -3.10449731e-02,
       -3.55279185e-02,  2.60392446e-02, -1.74854957e-02,  3.79001163e-02,
        3.38250659e-02, -9.69056273e-05, -3.95578295e-02,  2.39018817e-02,
        2.10605301e-02, -2.18040235e-02, -3.18108127e-02,  1.08635410e-04,
        3.85726988e-02,  9.73020867e-03, -4.35851663e-02, -1.24380244e-02,
       -1.17131472e-02, -3.73224951e-02,  3.66580896e-02,  3.20686623e-02,
        4.06152494e-02, -3.89539707e-03,  1.41654201e-02,  1.74351260e-02,
        1.24783302e-02, -4.23970334e-02, -3.09641846e-02,  1.75855923e-02,
       -1.41506568e-02, -2.73239147e-02, -4.53510284e-02,  3.77362706e-02,
       -3.16826478e-02,  4.32661176e-02, -4.17171605e-02,  5.08823572e-03,
       -4.36294489e-02,  2.16853451e-02,  9.40503273e-03, -3.78477424e-02],
      dtype=float32), 'encoder.4.weight': array([[-0.02950146, -0.03908091, -0.03665845, ...,  0.03657301,
         0.01640091, -0.02658519],
       [ 0.00570468, -0.03549088, -0.04278114, ...,  0.03174302,
        -0.01275256, -0.02554012],
       [ 0.0008633 ,  0.02772881,  0.01956819, ...,  0.04922656,
         0.040744  ,  0.01560715],
       ...,
       [-0.04127746,  0.02821517,  0.02068531, ...,  0.03203366,
         0.02375739, -0.03202864],
       [ 0.0121145 ,  0.03505885, -0.02067586, ..., -0.03847429,
        -0.01421817, -0.00240779],
       [-0.04474987,  0.03053738, -0.03973904, ..., -0.0196827 ,
        -0.0441954 , -0.03505086]], dtype=float32), 'encoder.4.bias': array([-0.03917153,  0.00514703,  0.05188507, ...,  0.02957024,
       -0.0231025 , -0.04209257], dtype=float32), 'encoder.6.weight': array([[-0.00669285, -0.01169828,  0.01454105, ...,  0.0079948 ,
         0.006661  , -0.01101673],
       [ 0.01188806,  0.01138032,  0.02074446, ..., -0.01456788,
         0.01276927,  0.01755678],
       [-0.01524643, -0.007954  ,  0.01414109, ...,  0.00657931,
        -0.00771621, -0.00117285],
       ...,
       [-0.00637354, -0.0171464 ,  0.00094826, ..., -0.01204714,
         0.01040784,  0.00289443],
       [-0.01434649, -0.0157287 , -0.02370369, ...,  0.0239262 ,
        -0.01415865,  0.01471081],
       [-0.01000226, -0.00577621, -0.00850324, ...,  0.00395748,
        -0.01470281,  0.01735903]], dtype=float32), 'encoder.6.bias': array([-0.00153686, -0.00197535,  0.00468618, -0.00528733, -0.01134707,
       -0.01211037, -0.00894905, -0.00063739,  0.00103753,  0.00799043],
      dtype=float32), 'decoder.0.weight': array([[-0.14976291,  0.01398057, -0.06983717, ...,  0.22499219,
         0.29634327, -0.13203275],
       [-0.07648121, -0.05654915, -0.12358906, ..., -0.20578097,
        -0.23980436,  0.2841878 ],
       [-0.17035544, -0.11535223,  0.07514311, ..., -0.04127155,
        -0.15990913,  0.17604198],
       ...,
       [ 0.13800485, -0.07215107,  0.22923912, ...,  0.14072345,
        -0.13856347,  0.25325036],
       [-0.2902584 ,  0.02314859, -0.2594472 , ..., -0.06848896,
        -0.151165  , -0.30277303],
       [ 0.30578688,  0.31391665,  0.17315403, ..., -0.13288295,
         0.08543687, -0.00477214]], dtype=float32), 'decoder.0.bias': array([-0.31150067, -0.0854898 ,  0.02494423, ...,  0.03197921,
       -0.05390701,  0.18332566], dtype=float32), 'decoder.2.weight': array([[ 0.01473534,  0.00802999, -0.01540709, ...,  0.01696556,
         0.00988592,  0.0134907 ],
       [ 0.00384936, -0.00275065, -0.00704092, ..., -0.0098717 ,
        -0.0120884 ,  0.00673899],
       [ 0.00140792,  0.00778793, -0.01513165, ..., -0.01073015,
         0.01168654,  0.01300974],
       ...,
       [-0.01409113, -0.01448911,  0.00681367, ...,  0.01321886,
        -0.01273934,  0.02012834],
       [-0.0056493 , -0.02323018,  0.01121445, ...,  0.00429051,
         0.02622369,  0.00839016],
       [-0.02083813, -0.01846264,  0.00880656, ...,  0.00613854,
        -0.01466887, -0.01929787]], dtype=float32), 'decoder.2.bias': array([ 6.31920807e-03, -1.19677521e-02, -1.23763261e-02,  1.08148539e-02,
        1.19745927e-02, -2.11341027e-02, -9.40176658e-03,  1.00555178e-02,
        1.82900000e-02,  2.24090442e-02, -2.80671734e-02, -1.85698690e-03,
        5.71814319e-03,  1.84761044e-02,  7.66935432e-03,  1.02824566e-03,
       -1.02902791e-02, -1.87835880e-02,  2.12135185e-02,  3.33569362e-04,
        6.06824318e-03, -1.06631976e-03,  4.28712601e-03, -5.82976127e-03,
        3.61619145e-03,  1.51551934e-02, -2.24497076e-02, -2.56182207e-03,
       -1.45009970e-02, -1.48077356e-02,  2.76990831e-02, -1.99383087e-02,
        1.58091448e-02,  1.86000168e-02,  3.34753618e-02, -7.00086681e-03,
       -2.17536036e-02,  1.75388865e-02, -3.98708228e-03, -4.86701680e-03,
       -1.52458968e-02, -2.00562011e-02,  2.40086038e-02, -1.96659137e-02,
        1.73206511e-03,  1.68624166e-02,  2.12232117e-03, -6.77570747e-03,
       -1.85078662e-02,  2.55510081e-02,  1.50129842e-02, -1.06129041e-02,
       -5.53664379e-03,  1.36532225e-02, -1.42411292e-02, -1.94380581e-02,
       -1.67244580e-02,  9.18304839e-04,  6.26190938e-03,  1.01217395e-02,
       -2.01662630e-02,  2.02207435e-02,  1.41135801e-03,  3.57296225e-03,
       -1.62091404e-02, -2.33086478e-02,  1.08101871e-02, -1.21346097e-02,
       -8.87980126e-03,  2.04502586e-02,  2.90710237e-02, -2.01499744e-04,
        9.85376630e-03, -9.22528561e-03,  9.42554791e-03, -6.14906382e-03,
       -2.09856648e-02, -1.71744637e-02,  2.15685070e-02,  1.30765960e-02,
        1.36955585e-02, -3.23001249e-03, -2.65584961e-02, -1.87513288e-02,
        1.23649277e-02, -2.19349321e-02,  2.23035440e-02,  7.59682478e-03,
       -5.64862695e-03,  2.59682420e-04,  7.94025417e-03,  9.16706957e-03,
        1.31827835e-02, -2.07013637e-02, -1.06333960e-02, -1.65615119e-02,
       -2.17265915e-02,  1.41036892e-02, -8.66907649e-03, -8.10982101e-03,
       -5.97455725e-03, -1.31387135e-03, -8.74319207e-03, -9.65359155e-03,
       -4.80955467e-03, -1.59914065e-02,  1.20088859e-02,  1.77496243e-02,
       -6.64734142e-03, -7.37229129e-03,  6.62366813e-03,  1.61535870e-02,
       -1.24590723e-02, -2.09053680e-02, -7.28383102e-03, -7.59120006e-03,
       -1.48667349e-02,  1.04733910e-02, -2.20083874e-02, -2.19859891e-02,
        1.60131287e-02,  3.00222766e-02,  1.98125094e-02, -1.23103010e-03,
        2.23223921e-02,  4.23830841e-03, -2.10610740e-02, -1.01292925e-02,
        1.83437113e-02,  3.82504123e-03,  1.80784874e-02, -2.09558606e-02,
        6.49662362e-03,  2.09566765e-02, -1.01540675e-02,  1.97054390e-02,
        5.24115609e-03, -5.21141477e-03, -1.89583078e-02, -1.77747030e-02,
        3.67888398e-02,  2.14232113e-02, -1.83647890e-02, -5.69991581e-03,
        1.41006541e-02,  2.25813389e-02,  1.17230266e-02,  6.86644390e-03,
        1.30307274e-02, -1.24499705e-02, -2.37381253e-02, -5.46562206e-03,
        1.91841200e-02, -1.15347011e-02, -2.39926111e-03,  1.22929756e-02,
       -4.90838382e-03, -4.30456968e-03, -2.07728259e-02,  3.32951685e-03,
       -1.00784479e-02,  1.72590557e-02,  1.14157284e-02,  3.44835548e-03,
        1.43129220e-02,  1.98658854e-02, -2.13028342e-02,  1.77906081e-02,
        2.05230783e-03,  2.29592044e-02,  5.54591184e-03, -1.68698002e-03,
        2.15167794e-02,  4.47415793e-03, -1.94746666e-02, -1.99997686e-02,
        9.84274223e-03,  9.96348262e-03, -4.64213686e-03,  1.66398734e-02,
        1.88903399e-02, -2.21651662e-02,  1.84887666e-02, -4.88509133e-04,
       -2.15147249e-02,  1.27652986e-02, -2.30243225e-02, -1.00235734e-02,
        9.87490360e-03, -1.07064918e-02, -1.27109978e-02, -1.88861899e-02,
       -1.96524728e-02, -1.53497178e-02, -5.68177784e-04, -1.53914681e-02,
        1.85693754e-03,  1.09322108e-02,  3.59593052e-03, -1.79701243e-02,
       -1.51836015e-02, -3.14858597e-04,  1.65095776e-02,  4.23632190e-03,
       -1.66589189e-02, -4.62931022e-03, -5.66630671e-03, -1.20937442e-02,
       -2.43666652e-03,  1.24634872e-03, -2.49843802e-02,  7.45186303e-03,
       -9.25370026e-03, -1.43095711e-02, -5.83517039e-03, -2.72807628e-02,
       -1.90907381e-02,  2.08724476e-02, -3.58321355e-03, -8.18588655e-04,
       -1.46368360e-02, -3.30140843e-04, -8.83717276e-03,  2.35782471e-02,
       -1.87402330e-02,  1.75339300e-02, -2.22378094e-02, -9.59993992e-03,
        1.07155871e-02, -1.90217663e-02,  1.13990158e-03,  1.32977765e-03,
       -6.16089301e-03, -1.73901487e-02, -1.86280608e-02,  7.48743303e-03,
       -4.86408500e-03, -1.13095473e-02, -6.32321090e-03, -1.19647682e-02,
       -1.56761799e-02,  6.06198329e-03, -2.64425743e-02, -1.45246880e-02,
        1.35679226e-02,  3.58933117e-03, -1.18512078e-03,  9.66175273e-03,
        2.04816479e-02, -1.36411032e-02, -4.09918930e-03, -1.48050813e-02,
        7.78946700e-03,  3.55445757e-03,  9.74212307e-03,  1.93152446e-02,
       -1.33836810e-02, -1.67277064e-02, -1.98353790e-02, -1.82939116e-02,
        4.24793502e-03, -2.46606907e-03, -1.83280325e-03, -7.47832423e-03,
       -1.57417282e-02, -9.28234495e-03,  9.29862843e-04,  1.99885368e-02,
       -1.12241507e-02, -4.44455957e-03,  7.55926128e-03, -1.21146077e-02,
        1.37625588e-02, -2.21666489e-02,  8.71137064e-03,  1.36146471e-02,
        1.67764351e-03, -1.55029567e-02, -4.54581901e-03,  8.20882898e-03,
       -1.96689361e-04,  1.60372816e-02,  4.14887938e-04,  1.72903016e-02,
        1.21512450e-02,  2.05737781e-02, -2.15033889e-02,  1.38898259e-02,
       -1.57533810e-02,  1.92817533e-04, -1.42718889e-02,  8.20733141e-03,
       -1.39994370e-02, -7.36255292e-03, -6.72916882e-03, -7.33020529e-03,
       -1.49008213e-02, -1.75707210e-02, -3.60320113e-03,  2.25768816e-02,
       -1.71534903e-02, -8.91180150e-03,  2.29936782e-02,  1.10665774e-02,
        1.05877668e-02, -1.40036000e-02,  1.01512000e-02,  3.24708206e-04,
        6.94879191e-03,  1.05336672e-02,  1.90829169e-02, -1.99393090e-02,
       -1.24707418e-02,  8.65605380e-03,  3.73829226e-03,  3.91326519e-03,
        1.42051643e-02,  2.93211918e-03,  6.62333192e-03, -2.25421871e-04,
        2.69256067e-03, -1.23883272e-02, -7.38835149e-03, -7.08119525e-03,
       -3.83869722e-03,  1.94180897e-03, -2.40513030e-02,  2.59234495e-02,
       -1.95087120e-02,  1.52038960e-02, -2.27917787e-02, -1.13923950e-02,
       -1.35992635e-02, -4.36289556e-04, -9.64934751e-03,  1.23914927e-02,
        1.79412086e-02,  1.46274362e-02, -7.26291211e-03, -1.47011159e-02,
       -1.27708176e-02, -2.52573788e-02,  4.46673948e-03, -1.53380977e-02,
       -7.11819204e-03, -9.40496475e-03, -2.04010569e-02, -2.80668363e-02,
       -3.75006325e-03, -2.53712051e-02, -8.57672694e-06, -1.41465897e-02,
       -3.17017257e-04,  6.85849134e-03,  1.02057690e-02,  4.82229842e-03,
        1.55184027e-02, -1.17742177e-02, -2.64314581e-02,  3.27433529e-03,
       -1.32052891e-03, -1.54858967e-02,  2.72161458e-02, -1.97613379e-03,
        2.08047871e-02,  1.49886040e-02, -2.19944809e-02,  8.73431843e-03,
       -2.22373419e-04, -1.59407854e-02,  2.00670119e-02, -3.66092660e-03,
       -1.99264288e-02, -1.67432502e-02, -7.95578212e-03,  7.70507427e-03,
       -7.86239654e-03,  2.30112784e-02, -1.07681099e-02,  8.20533000e-03,
       -1.57537106e-02, -9.16288700e-03, -1.25408992e-02, -7.64511386e-03,
       -5.58523135e-03, -2.06425320e-02, -1.68064497e-02,  2.96632003e-04,
        1.34990988e-02,  2.11079093e-03,  3.79641703e-03,  7.96278380e-03,
        3.00104879e-02, -1.48290945e-02,  3.59131861e-03,  8.64542089e-03,
        4.18228516e-03,  1.83898807e-02,  2.74101575e-03,  1.88334030e-03,
       -1.68524943e-02,  1.49960332e-02, -1.65686458e-02,  2.21844185e-02,
        1.44240502e-02,  9.29193571e-03, -1.00984313e-02, -1.05575928e-02,
        2.93508004e-02, -2.01550927e-02, -1.03521431e-02, -1.45226279e-02,
        3.08477972e-02, -1.26626221e-02, -1.00874649e-02,  1.46484375e-02,
        1.36775877e-02,  7.77263194e-04, -1.50253708e-02, -5.52322157e-03,
        6.44975156e-03, -2.01927386e-02, -3.44697898e-03, -1.70811042e-02,
       -7.13074626e-03,  1.38829900e-02, -1.62083469e-02,  8.31126701e-03,
        1.49551628e-03,  1.32763181e-02, -1.62586439e-02,  7.78652681e-03,
        4.04129252e-02, -3.64328385e-03, -4.10102122e-03, -1.24382954e-02,
        3.13715730e-03, -5.98812476e-03, -6.84926752e-03,  1.26543231e-02,
       -9.91894025e-03, -1.77137144e-02, -7.89509900e-03, -2.13510562e-02,
       -2.75188293e-02,  8.60843901e-03,  1.09196722e-03, -1.82716977e-02,
       -8.21272843e-03,  1.71963510e-03,  1.41433291e-02, -1.55148413e-02,
        8.46173801e-03,  1.93114299e-02,  1.36940787e-02,  2.08769627e-02,
        1.55647350e-02, -7.85911083e-03,  6.98686484e-03, -7.69082410e-03,
       -4.35796892e-03, -1.14514008e-02,  2.26563122e-03, -2.03206874e-02,
       -1.21859256e-02,  3.03947064e-03,  7.31138838e-03,  1.42784035e-02,
       -9.44330078e-03,  2.19126157e-02, -5.75858541e-03, -1.88579261e-02,
       -8.99784209e-04,  1.38626229e-02, -8.45030602e-03, -2.08306462e-02,
        6.92676660e-03,  1.00866742e-02, -1.75317898e-02,  4.16298304e-03,
        3.24858143e-03,  2.17543263e-03, -4.85097989e-04, -2.48744264e-02,
       -1.61282290e-02,  3.40402033e-03,  7.18955509e-03, -1.31454309e-02,
       -1.02998000e-02, -2.15009693e-02, -3.56887165e-03,  8.28535936e-04,
        6.06580125e-03,  1.83333308e-02,  2.47132797e-02, -8.06718227e-03,
        1.53484503e-02, -2.08868943e-02,  2.51577813e-02,  4.02419362e-03],
      dtype=float32), 'decoder.4.weight': array([[ 0.04009926, -0.01392632,  0.02051354, ..., -0.03662082,
         0.02964044,  0.00206137],
       [-0.00112031, -0.02151927, -0.03386131, ..., -0.00334951,
        -0.05109158,  0.04219176],
       [-0.00867987, -0.03731133,  0.02100909, ..., -0.00724461,
        -0.03257158,  0.04255099],
       ...,
       [-0.00466098, -0.01826861,  0.02986198, ..., -0.02546136,
         0.00667742, -0.02218262],
       [ 0.02001528, -0.0178368 ,  0.01938653, ...,  0.02896197,
        -0.0106047 ,  0.02298075],
       [-0.03964489,  0.02533291,  0.00169036, ...,  0.00961972,
         0.00780176, -0.02854635]], dtype=float32), 'decoder.4.bias': array([-1.42334681e-02,  3.21391374e-02,  3.58051708e-04, -1.93207711e-02,
       -5.42873982e-04,  3.80233750e-02, -3.45898122e-02,  2.46997606e-02,
       -2.18082070e-02, -5.01820701e-04, -4.01342176e-02,  6.82031224e-03,
       -2.15876903e-02,  3.22660469e-02,  3.32157337e-03,  3.80835868e-02,
       -1.47710368e-03, -1.69514772e-02, -3.09797730e-02,  3.88644077e-02,
        2.98932344e-02, -4.31777798e-02,  1.21325767e-02,  1.38113294e-02,
       -3.51323225e-02, -1.13609070e-02, -1.59316584e-02,  4.55952063e-02,
       -2.12280229e-02, -3.58680896e-02,  2.97276750e-02,  1.51250083e-02,
        3.59377749e-02,  1.85454991e-02, -2.12292783e-02,  3.30250449e-02,
        5.13062328e-02,  2.86100432e-02, -1.24233291e-02, -4.25893031e-02,
       -1.02106147e-02, -1.01618050e-02, -2.47335825e-02,  4.47537452e-02,
       -1.48861976e-02,  2.05104407e-02, -2.35009734e-02, -1.23039037e-02,
       -4.39872928e-02, -3.14487051e-03, -2.10480504e-02, -2.22062282e-02,
        1.84183288e-02, -1.23739354e-02, -7.98203424e-03, -1.03787426e-02,
       -7.62499217e-03,  9.08723846e-03, -3.13661210e-02, -4.79864813e-02,
       -4.08563986e-02, -2.52981875e-02, -2.75699259e-03,  4.05462682e-02,
       -2.03509405e-02,  3.79005820e-02,  1.29897660e-02, -3.50941978e-02,
       -8.51561502e-03,  1.71336830e-02,  2.93528605e-02,  1.85781680e-02,
       -8.50723870e-03, -2.52870191e-02, -5.34943007e-02,  2.89585348e-02,
        2.76273000e-03,  1.78457536e-02, -1.39804529e-02,  1.63964741e-02,
        2.32313331e-02,  3.30099575e-02,  5.89891784e-02, -2.45355256e-03,
        3.48340794e-02, -5.07097915e-02, -3.54344811e-04,  2.18359716e-02,
        5.74927451e-03, -8.44094716e-03, -1.11560505e-02,  3.14908996e-02,
        2.68596970e-02,  3.57681364e-02,  9.98219289e-03, -3.68371904e-02,
       -2.18636114e-02,  3.65220495e-02,  2.68380530e-02, -9.68078338e-03,
        3.97387855e-02,  5.61395362e-02,  5.86246848e-02, -2.33245958e-02,
       -1.37207434e-02, -2.51636319e-02, -9.76532814e-04, -3.68579698e-04,
        2.27834508e-02, -3.76671329e-02, -3.43197398e-02,  3.79037894e-02,
        4.50487807e-02,  1.21452585e-02, -3.80555317e-02,  2.52166539e-02,
        3.45491897e-03,  3.39082181e-02,  1.67241823e-02, -3.74111161e-02,
        2.24462301e-02, -1.76255405e-02,  1.15365600e-02, -2.75054444e-02,
        4.02479321e-02,  3.55955306e-03,  2.94075534e-02, -2.11608391e-02,
       -3.44032273e-02,  3.12432572e-02,  4.39193472e-02,  2.78551015e-03,
       -3.87769751e-02,  4.84360987e-03, -4.57130186e-02, -7.07761617e-03,
       -6.79611694e-03, -4.78381524e-03, -3.06496825e-02, -6.10573450e-03,
       -4.39202189e-02, -4.28888500e-02,  3.75422202e-02, -2.87072025e-02,
        9.33112018e-03, -9.72814113e-03,  4.31547910e-02, -2.59607211e-02,
        8.71490967e-03,  3.94386286e-03,  1.32471230e-02,  1.21100787e-02,
        3.63268144e-02, -1.85202956e-02,  3.24270576e-02,  1.14120040e-02,
        3.11839338e-02,  3.08823604e-02, -2.87802182e-02,  2.96720620e-02,
        2.27207696e-04, -1.78570505e-02, -1.63221024e-02, -5.80783840e-03,
       -4.09543440e-02,  3.43105905e-02,  2.64803804e-02,  5.43581285e-02,
        3.92643474e-02, -5.91238262e-03,  3.46743427e-02, -1.43071618e-02,
        3.01255658e-02, -2.47905683e-02, -2.80544795e-02, -1.35603212e-02,
       -2.53969282e-02,  1.17793437e-02,  3.88589017e-02, -2.35157665e-02,
        3.54798287e-02,  2.24116705e-02, -5.92724560e-03,  3.23500857e-02,
        1.88702065e-02, -1.61627308e-02,  5.15762903e-03,  1.28048360e-02,
       -1.54389422e-02,  2.76034381e-02, -2.79916767e-02,  2.10321341e-02,
       -9.53436270e-03,  4.83059026e-02, -8.47882312e-03,  4.29029837e-02,
       -4.28845827e-03,  1.84296146e-02, -1.13970786e-02,  1.17260143e-02,
        3.17004621e-02,  3.52161042e-02, -6.03415398e-03, -3.83889005e-02,
       -4.98266006e-03, -4.70447866e-03,  3.92551050e-02,  1.35409003e-02,
        7.97848683e-03,  1.08239977e-02, -1.26563562e-02,  3.27401422e-02,
       -2.97724195e-02, -1.40971756e-02,  1.36585012e-02, -2.05933712e-02,
       -2.76052058e-02, -2.53108349e-02, -1.44602768e-02,  2.45979503e-02,
        5.91935553e-02,  3.40191275e-02,  2.93840468e-02,  9.52609815e-03,
       -4.08360250e-02,  3.02845202e-02,  1.10721821e-02, -2.08987631e-02,
        4.42500338e-02, -1.32572465e-03, -4.89496589e-02,  1.78648662e-02,
        1.58690419e-02,  5.22185676e-02,  3.89294699e-02,  5.57735655e-03,
       -2.87565049e-02,  1.64776724e-02, -1.89421233e-02,  1.73554681e-02,
       -3.58329248e-03,  4.94046416e-03,  2.34483480e-02, -3.47615778e-02,
       -2.05282234e-02,  7.89813325e-03,  1.55016528e-02,  1.83260739e-02,
        5.26175536e-02,  5.50451921e-03, -3.65768559e-02, -4.95407432e-02,
       -3.97967696e-02, -1.72399748e-02, -2.74159107e-02, -2.59017218e-02,
        8.01047310e-03,  7.66434101e-03,  3.59565690e-02,  2.19731480e-02,
        4.43726778e-02,  6.89951330e-03,  5.45293977e-03,  4.97624837e-02,
       -1.20453006e-02, -3.47334072e-02, -3.56215425e-02, -3.90995666e-02,
       -3.80402356e-02,  6.43202011e-03, -3.51893008e-02,  3.47552709e-02,
       -2.52314955e-02,  3.91497836e-02,  5.60151739e-03,  3.10104955e-02,
       -1.15026701e-02, -2.39877105e-02,  2.42426954e-02,  2.61510201e-02,
       -2.35252865e-02,  1.77547559e-02, -6.49005268e-03,  2.30808351e-02,
        5.69241215e-03,  3.93511504e-02,  3.27987224e-02,  6.40650606e-03,
        3.31038907e-02,  2.64643226e-03,  3.44047360e-02, -1.21635180e-02,
       -4.50625382e-02,  1.54843265e-02, -4.77637388e-02,  4.27405871e-02,
        2.15854086e-02,  2.08024383e-02,  1.04432348e-02, -1.07367123e-02,
        8.29552114e-03,  2.05583628e-02, -2.46860385e-02, -1.12561649e-02,
        4.19105776e-02,  2.38750149e-02,  3.26472037e-02,  1.73008293e-02,
       -1.91354100e-02,  5.34792468e-02,  2.74576060e-02, -4.94415835e-02,
       -3.55010517e-02, -1.48125989e-02,  4.36612545e-03,  3.86650749e-02,
       -4.26192954e-03,  3.88722941e-02, -3.14689428e-02,  3.02374270e-02,
        3.46248485e-02,  3.65461484e-02,  2.24208739e-02, -1.72664283e-03,
       -1.54740512e-02,  2.23820340e-02,  2.06936989e-02,  2.79373899e-02,
       -1.42927002e-02, -1.85235124e-02,  2.97090653e-02, -2.67234743e-02,
        4.06780019e-02, -1.41924219e-02, -4.67521213e-02, -2.18495131e-02,
        5.29683195e-02,  2.89758062e-03, -4.80533689e-02,  2.20837779e-02,
        3.16483304e-02, -3.54409851e-02,  3.28123271e-02, -1.90360248e-02,
       -1.96254458e-02,  3.27208154e-02, -4.06018496e-02,  4.70271916e-04,
       -2.85773333e-02,  1.57621142e-03,  1.23525672e-02, -6.92100916e-03,
        1.39600374e-02,  1.19981812e-02,  4.07807715e-03, -2.20709089e-02,
        3.79162021e-02, -2.92231310e-02,  3.67084593e-02,  1.59329046e-02,
       -4.61950749e-02,  2.50752531e-02, -2.01412328e-02,  2.21767407e-02,
        3.29243988e-02,  1.05379829e-02, -1.80499181e-02, -7.78182037e-03,
        5.24664186e-02,  2.28087604e-02,  3.09755951e-02,  2.46876702e-02,
        1.26015376e-02,  1.82809141e-02, -2.72950623e-02, -1.70033053e-02,
        3.41824926e-02, -1.73597615e-02,  2.64963750e-02, -2.11708955e-02,
        1.15900617e-02, -2.44987234e-02, -4.15491499e-03, -2.42925733e-02,
        3.17666493e-02, -2.25726925e-02,  4.83254530e-02,  4.64435481e-02,
       -3.29859480e-02,  5.06161377e-02,  3.56880799e-02, -2.44327262e-03,
       -2.63815839e-02,  4.03798632e-02,  1.20243197e-02, -3.59030534e-03,
        1.45564799e-03, -3.06388848e-02, -4.93235961e-02,  5.29840663e-02,
       -1.48306862e-02,  3.57331783e-02,  2.02387683e-02, -3.06903962e-02,
        3.81533727e-02,  1.76027585e-02,  2.19991151e-02,  3.92843671e-02,
       -9.90047958e-03, -2.50585470e-02, -1.27554275e-02, -1.18332896e-02,
       -1.93472076e-02, -5.28016612e-02, -4.76943739e-02, -1.83722383e-04,
        4.24950235e-02,  2.84257112e-03,  4.51485664e-02,  4.33888026e-02,
       -7.36376829e-03,  2.48434227e-02, -2.57618111e-02, -9.52587929e-03,
        3.26692387e-02, -1.29730245e-02,  5.02600446e-02,  2.64238589e-03,
       -2.71768514e-02,  2.32567601e-02, -1.34492805e-02,  5.24974316e-02,
       -2.87626637e-04,  8.61889124e-03, -2.25911532e-02,  3.78853315e-03,
        1.63000338e-02, -4.34035249e-03,  4.35076132e-02,  3.79078425e-02,
       -7.80927949e-05, -9.23848804e-03, -1.65452957e-02, -1.20638022e-02,
       -2.75821816e-02,  3.44385915e-02,  3.83421928e-02,  1.27428649e-02,
        2.16701790e-03, -3.57100740e-02, -1.00343525e-02,  1.14555778e-02,
       -6.11135922e-03, -1.73533633e-02, -3.45687233e-02,  2.80139260e-02,
        3.40126306e-02, -2.38069985e-02,  3.83348241e-02, -3.47801074e-02,
        1.84401101e-03, -5.16527519e-02, -2.63878647e-02,  4.62145694e-02,
       -1.07973628e-02, -1.24269435e-02, -8.33308324e-03, -1.10011399e-02,
        9.87354550e-04, -4.31299396e-02,  2.35956572e-02, -4.76744995e-02,
       -2.34656092e-02,  2.60566194e-02,  2.67734248e-02,  5.11844307e-02,
        1.61426049e-02,  4.03268263e-03,  1.44320372e-02,  2.60962266e-02,
        2.76546590e-02,  2.12293081e-02, -3.28112952e-02, -4.54530539e-03,
       -3.80674675e-02, -2.40980610e-02, -3.19678634e-02, -4.07155976e-02,
       -4.90003116e-02, -3.60151310e-03, -3.87223363e-02, -2.04804391e-02,
        3.95687632e-02,  1.82217676e-02,  1.05855837e-02, -3.45065407e-02,
       -3.25714052e-02,  5.91528639e-02,  4.31989208e-02,  4.47998121e-02],
      dtype=float32), 'decoder.6.weight': array([[ 0.04159129, -0.01568885,  0.09146222, ...,  0.08530035,
         0.08713201,  0.02688888],
       [-0.01383724,  0.01076909, -0.03462093, ...,  0.03953171,
         0.01966391,  0.00801452],
       [-0.037843  ,  0.04455731, -0.04135245, ...,  0.00225294,
         0.03381165, -0.02197836],
       ...,
       [-0.00045725,  0.03354378,  0.02436757, ..., -0.02993067,
        -0.02813129, -0.02687975],
       [-0.02392497, -0.01767783, -0.03983095, ..., -0.03545561,
         0.03143629,  0.01039995],
       [ 0.01992342,  0.0037503 , -0.04854225, ..., -0.00608086,
         0.00935099, -0.02108803]], dtype=float32), 'decoder.6.bias': array([-0.00152198, -0.00862741,  0.00254131, ...,  0.00571933,
        0.03043946,  0.02259292], dtype=float32)}
[Time: 15.01.25 11:46:45] [Level: info] [State: aggregate] {'encoder.0.weight': array([[-0.04155765,  0.00504767,  0.00861216, ..., -0.03186828,
         0.02387048,  0.01767384],
       [ 0.01050473,  0.02679757,  0.02555981, ...,  0.01313926,
        -0.02061924,  0.03934624],
       [ 0.01928312, -0.01993447,  0.00443984, ..., -0.00433729,
        -0.02763456, -0.00988598],
       ...,
       [-0.02069423,  0.00630246,  0.00579758, ..., -0.00956019,
         0.00777683, -0.03033121],
       [ 0.00660558,  0.0223835 , -0.01265181, ...,  0.04447355,
        -0.01974943,  0.02865935],
       [ 0.02738328,  0.03088482,  0.00858916, ...,  0.01018939,
         0.01951788,  0.00936465]], dtype=float32), 'encoder.0.bias': array([ 1.05602737e-03, -2.51012407e-02, -1.84466708e-02, -1.24977529e-02,
       -3.00266966e-02,  1.74802740e-03,  2.42196247e-02, -3.22395116e-02,
       -5.29605988e-03, -4.05975431e-02, -2.15172470e-02, -2.85324976e-02,
       -1.17555056e-02,  1.88278463e-02, -3.98851819e-02,  1.59047991e-02,
        3.09926197e-02, -4.50265817e-02,  4.40136530e-03,  3.18808556e-02,
        2.13295091e-02, -3.32245454e-02, -2.10613646e-02, -3.12606990e-02,
        6.43584132e-03, -3.27576399e-02, -4.67631593e-02, -1.46638285e-02,
        1.91480257e-02, -1.77676622e-02,  3.20380833e-03, -1.26154004e-02,
        2.30570491e-02, -3.21308486e-02, -2.77168341e-02, -2.89807208e-02,
       -3.81235406e-02,  2.89508747e-03, -2.88300449e-04,  1.91077888e-02,
       -2.40532449e-03, -2.20446307e-02,  1.52196316e-02,  1.82995424e-02,
        1.44767016e-02,  2.67898366e-02,  3.51489894e-02, -1.13697331e-02,
        1.70345921e-02, -2.73927804e-02, -4.38658856e-02,  6.55074418e-03,
        1.62172504e-02, -6.24048105e-03,  2.65846942e-02,  2.52844440e-03,
       -2.19757557e-02, -2.22967044e-02,  2.05039270e-02, -3.10693420e-02,
       -4.14953306e-02,  1.40651073e-02,  1.68507900e-02,  1.48890773e-02,
       -5.27093746e-03, -1.55399553e-02,  2.76659764e-02, -3.76461595e-02,
       -1.99970268e-02, -2.82443650e-02, -4.34791856e-03,  2.66440748e-03,
        1.41428430e-02, -1.41089736e-02, -1.94279328e-02,  7.93068111e-03,
       -3.32696252e-02, -4.37557176e-02, -2.90347189e-02,  1.64470226e-02,
        3.05510424e-02,  1.68740731e-02,  3.05430368e-02, -1.63494051e-02,
        2.40085050e-02, -4.28825319e-02, -1.75082020e-03, -1.70071740e-02,
       -2.03883611e-02,  1.43811936e-02, -1.46231297e-02,  2.28359178e-02,
       -5.84675651e-03, -2.85670953e-03,  1.72736421e-02,  2.22980008e-02,
        1.88626703e-02, -1.18284672e-02, -1.38827728e-03,  2.73836851e-02,
        7.98127032e-04,  8.40655412e-04, -3.82154882e-02, -4.40442935e-02,
       -3.24054547e-02,  6.46847673e-03, -1.85698345e-02, -2.60360874e-02,
        1.38172694e-02, -4.12284210e-02, -2.61991322e-02, -3.85398641e-02,
       -3.36621702e-02,  6.29240507e-03,  2.21967697e-02, -8.95117410e-03,
       -2.42309459e-03, -3.38686965e-02, -3.15404832e-02, -2.13889964e-02,
       -2.41992604e-02, -3.47971991e-02,  3.33511084e-02, -2.61765253e-02,
       -2.21203603e-02, -7.78641179e-03, -1.89147182e-02,  1.91479120e-02,
        1.32746603e-02, -2.35803202e-02,  1.43872937e-02,  2.24193372e-02,
       -4.34644967e-02,  2.26771832e-02, -4.68980661e-03, -2.50715520e-02,
       -4.52823341e-02, -1.58198047e-02, -2.49580527e-03,  3.96423333e-04,
        4.69980296e-03,  2.83395648e-02,  8.37694295e-03, -3.02547924e-02,
       -1.01116868e-02, -1.32527901e-02,  1.23066781e-02,  1.55768096e-02,
       -1.16554294e-02, -8.70666560e-03,  3.08812819e-02, -3.98207009e-02,
       -3.09375394e-03,  2.23966613e-02,  1.98573805e-02, -3.85752395e-02,
       -2.75692977e-02,  1.51417330e-02, -3.46251689e-02, -2.62259413e-02,
       -3.03650312e-02,  3.38566527e-02, -4.40193713e-02, -2.42560450e-02,
       -3.89831252e-02,  5.92568982e-03, -4.20732088e-02, -3.21979001e-02,
       -2.99306680e-02, -1.60518289e-02, -2.10768264e-02, -4.46514115e-02,
        2.63818745e-02, -6.42121024e-03, -3.54336239e-02,  2.92298663e-02,
        1.92885287e-02, -1.25883166e-02,  1.68645531e-02, -9.95121710e-03,
        5.49243391e-03,  4.52717626e-03, -2.86126113e-03, -4.82616276e-02,
        2.06806269e-02,  1.23911463e-02, -3.71294469e-02,  2.29139961e-02,
        2.58880835e-02,  2.32824609e-02, -1.22880097e-02,  3.54770198e-03,
       -4.69080098e-02, -2.15087235e-02, -5.82578368e-02, -5.22844773e-03,
       -3.68132219e-02, -2.35247761e-02, -2.28973273e-02, -1.35205295e-02,
       -1.47329215e-02,  3.38360369e-02,  9.15354211e-03, -4.25814763e-02,
        2.92864256e-02, -4.22857404e-02,  4.07013074e-02,  2.01467685e-02,
       -1.13550518e-02,  2.17058435e-02,  1.17248921e-02,  2.62061022e-02,
        9.76507924e-03, -3.17415521e-02, -3.43630686e-02, -2.94777565e-02,
       -2.22268677e-03, -3.19393612e-02, -2.72585563e-02, -1.87154338e-02,
        1.04478784e-02,  1.46660171e-02, -2.90099867e-02, -1.54424952e-02,
       -1.65072177e-02,  2.35755816e-02, -3.58351022e-02, -2.49557681e-02,
       -3.35815139e-02, -2.18102746e-02, -4.54463214e-02,  1.84956808e-02,
       -1.19330520e-02, -7.72097241e-03, -2.85513103e-02,  1.94396470e-02,
        3.45104188e-03,  1.46625768e-02,  3.26365754e-02, -2.78443247e-02,
        1.61148366e-02, -3.58969122e-02,  2.58511305e-02,  7.52526801e-03,
       -3.43183912e-02, -4.62812930e-02, -2.01676115e-02, -3.51045132e-02,
       -3.55785266e-02,  6.23447914e-03,  2.09828420e-03, -1.75803564e-02,
        6.78270590e-04, -2.50903750e-03, -2.06391476e-02,  9.25170071e-03,
        1.23350807e-02, -4.61477786e-02,  1.85716674e-02,  3.02218776e-02,
        3.31880860e-02, -3.43676433e-02,  9.60476883e-03, -2.29176339e-02,
       -1.67279802e-02, -7.47680757e-03, -3.96265872e-02,  2.18790919e-02,
        1.57548618e-02, -3.15076858e-02,  2.76118889e-02, -4.02580686e-02,
        8.20205361e-03, -1.61324199e-02, -4.58853468e-02,  1.34681351e-02,
       -4.61895429e-02,  3.12291943e-02, -3.09168622e-02, -4.27304581e-02,
        2.81922668e-02,  2.01777108e-02,  7.89637305e-03, -5.26400097e-03,
       -4.61400785e-02,  2.28361301e-02, -2.85037253e-02,  1.84616670e-02,
        2.32958049e-03, -4.79958877e-02, -3.35481949e-02, -3.57114710e-02,
       -2.14276668e-02, -2.39701234e-02, -9.37346183e-03, -4.30867746e-02,
        2.68736593e-02, -2.76484825e-02,  2.00150758e-02, -3.13770026e-02,
        2.88945483e-03, -2.92174295e-02, -1.59481298e-02, -6.69258181e-03,
       -4.04807143e-02, -4.48695011e-02,  1.14057725e-02, -3.85808088e-02,
       -6.07442949e-03,  1.04669975e-02,  2.00581476e-02, -2.94949841e-02,
       -4.45642993e-02,  6.48109615e-03, -2.85917222e-02, -5.07991761e-02,
       -1.58504061e-02,  3.15868556e-02, -3.69612649e-02, -1.10941455e-02,
       -1.38635337e-02, -2.78686360e-02,  7.15347566e-03, -2.10956782e-02,
       -3.14540081e-02, -3.05263363e-02,  2.39962637e-02, -2.20587663e-02,
        9.55955964e-03,  4.21457924e-02, -1.67442244e-02,  1.53254867e-02,
       -1.97166186e-02,  3.43201533e-02, -5.49956644e-03,  8.65219627e-03,
       -3.63181089e-03, -7.43128033e-03,  2.73948405e-02,  6.47832081e-03,
       -3.90286110e-02,  2.49537677e-02, -1.92999523e-02,  1.58385728e-02,
       -1.45148728e-02,  2.40930840e-02,  3.08583491e-02,  1.52882165e-03,
       -3.11563089e-02,  7.72684859e-03, -4.05505951e-03,  1.56280622e-02,
       -2.92637385e-02, -6.96233334e-03, -3.69199552e-02, -1.94776263e-02,
        4.33416478e-03,  1.84232071e-02,  6.14120299e-03, -1.70551017e-02,
       -7.29539199e-03,  4.17376161e-02, -2.41994075e-02,  1.72668453e-02,
        1.86281279e-02, -2.72170249e-02,  1.94541868e-02,  2.37510949e-02,
       -1.72480289e-02, -3.89637798e-02, -1.60831697e-02, -6.05332479e-03,
       -3.34048569e-02,  1.50840553e-02,  2.35499889e-02,  2.28989702e-02,
       -5.75723546e-03, -9.35554318e-03, -2.60524321e-02, -2.37610880e-02,
       -3.10122073e-02,  1.97231770e-02,  1.48893520e-02, -1.11605227e-02,
       -1.77338552e-02, -1.38252508e-02, -1.76863652e-02,  2.43026447e-02,
       -3.76765989e-03, -4.91962656e-02, -2.21429188e-02,  8.92286003e-03,
       -3.04822065e-03, -8.51732679e-04,  1.20093431e-02,  2.67234407e-02,
        8.53295252e-03, -5.36142066e-02, -1.38814747e-02,  2.48967297e-02,
       -1.91820301e-02, -4.98972600e-03, -3.86462780e-03, -1.23050986e-02,
        1.11474395e-02, -2.65950663e-03, -9.83334612e-05,  2.95202583e-02,
        1.47067625e-02,  2.42157727e-02, -4.47941795e-02,  1.61112994e-02,
       -3.80564965e-02, -7.05103669e-03, -4.43879738e-02,  3.15235890e-02,
       -1.45029891e-02, -2.50887498e-02, -9.01234988e-03,  3.99544425e-02,
       -2.15719752e-02,  1.19997524e-02, -3.97064053e-02, -3.05708945e-02,
        1.36528956e-02,  1.88833009e-02, -1.30967721e-02, -4.72259633e-02,
        2.27249246e-02, -1.96911320e-02, -3.95404249e-02, -1.11348713e-02,
        4.43026423e-03, -7.01434305e-03, -3.84152122e-02, -3.67400981e-02,
        2.54981611e-02, -1.59533918e-02,  1.90371796e-02,  1.36372698e-02,
       -3.62474136e-02, -1.18180672e-02,  1.09883649e-02, -4.48116921e-02,
       -4.72572865e-03, -1.70878116e-02,  1.25660868e-02,  3.04164514e-02,
       -1.88416131e-02,  2.92963982e-02, -3.13538350e-02,  1.61687545e-02,
       -3.81273814e-02,  8.59554298e-03, -2.58584842e-02, -5.92926890e-03,
       -1.84743945e-02,  2.03004889e-02, -1.59716606e-02,  3.36068943e-02,
       -4.03565094e-02, -8.28824658e-03, -5.68298390e-03,  1.34559395e-02,
       -4.07969132e-02, -4.71523218e-02, -2.28571594e-02, -2.93058306e-02,
        3.09806247e-03, -3.86540554e-02, -3.24650593e-02,  2.71138344e-02,
       -3.59520055e-02, -3.97481620e-02,  7.68556632e-03, -1.54984780e-02,
       -2.14272607e-02, -3.07671633e-03, -3.87467407e-02, -1.38366269e-02,
        3.09544988e-02, -3.72946709e-02,  7.61357276e-03,  8.80611362e-04,
       -3.29168588e-02, -3.08744907e-02,  3.02577447e-02,  2.52583995e-04,
       -2.55716480e-02,  2.72753928e-03, -5.23057301e-03,  1.54316965e-02,
       -5.25632454e-03, -1.33738238e-02, -2.66857184e-02,  1.00951288e-02,
       -1.51333697e-02,  1.29590500e-02,  5.86626958e-03, -3.66180651e-02],
      dtype=float32), 'encoder.2.weight': array([[ 0.07158984, -0.0708417 , -0.08970693, ...,  0.01161695,
         0.00193077, -0.12282209],
       [-0.06761726,  0.05837816, -0.12497033, ...,  0.00459655,
         0.04048882, -0.08058631],
       [ 0.11343774,  0.09225755,  0.12952287, ...,  0.04777082,
         0.08305628,  0.06358961],
       ...,
       [ 0.01753419,  0.03672292, -0.10713542, ..., -0.07843342,
         0.05542852,  0.02155759],
       [ 0.09945258,  0.03063244,  0.08098383, ...,  0.00829663,
         0.03753251,  0.03865871],
       [ 0.12247109, -0.13139534,  0.09510626, ..., -0.03166728,
         0.00240346, -0.09556444]], dtype=float32), 'encoder.2.bias': array([ 1.16782658e-01,  7.23347068e-02,  1.07190266e-01, -7.81645328e-02,
       -4.70224917e-02, -1.38050511e-01, -2.83842534e-02,  5.83457649e-02,
       -9.53667685e-02,  2.72458680e-02,  8.25645775e-02, -1.16199069e-01,
       -5.01226000e-02, -6.17450476e-02,  4.44168821e-02,  1.09543927e-01,
       -4.29555401e-02, -1.06755190e-01,  9.18209404e-02,  5.44261113e-02,
       -5.22559956e-02, -7.03682452e-02, -9.46582854e-02, -2.78670043e-02,
        3.62026989e-02,  4.43068817e-02,  1.85596943e-03, -8.39605033e-02,
       -9.54398513e-02, -8.46870691e-02, -8.85350332e-02, -5.05700633e-02,
        3.60183790e-02, -1.56152491e-02,  1.19146816e-02,  9.90243703e-02,
       -7.35728145e-02, -2.97543444e-02, -8.45624357e-02,  1.49123564e-01,
       -8.25297385e-02,  8.31144489e-03,  8.02757964e-02, -6.18136488e-02,
       -1.34108802e-02,  8.19886550e-02,  7.68982023e-02,  2.89748469e-03,
       -7.74626210e-02, -5.64276874e-02, -1.43737225e-02, -3.45162898e-02,
       -8.85639712e-02, -1.02656158e-02,  2.00601341e-03, -9.57119018e-02,
        1.00814596e-01, -1.28760606e-01,  1.96114909e-02,  6.82187602e-02,
       -6.90716207e-02,  1.07768841e-01,  1.30969077e-01,  3.37438076e-04,
       -5.96515387e-02, -2.27341540e-02,  6.77109510e-02,  1.28832683e-01,
       -3.17263603e-03, -1.17575809e-01,  1.18495464e-01, -1.20469723e-02,
       -7.23229274e-02, -5.46491966e-02,  1.20669693e-01, -6.94077276e-03,
       -6.02096915e-02,  1.05436388e-02,  8.16903487e-02,  1.34058580e-01,
       -1.34403497e-01,  9.83315557e-02, -5.06194420e-02,  1.02931641e-01,
        9.80352461e-02, -1.02205172e-01, -1.50308097e-02, -6.01986013e-02,
        1.02377888e-02,  5.21651469e-02, -6.70005679e-02,  1.43659249e-01,
       -8.25681724e-03, -7.06517920e-02, -1.19174123e-01,  1.11967660e-02,
        8.63839537e-02,  1.95116526e-03, -9.30851176e-02, -1.62020307e-02,
        5.77204265e-02,  4.70343418e-02,  1.34260535e-01, -7.55586475e-02,
        4.97313635e-03,  5.18684164e-02,  1.08991444e-01,  2.13939678e-02,
        2.23207586e-02,  8.96039978e-02,  6.90206885e-02, -7.66288862e-03,
       -1.33720979e-01,  1.30694002e-01,  1.14086695e-01,  9.25783440e-02,
       -5.27061671e-02, -7.56018385e-02,  3.38836317e-03, -6.14546705e-03,
        2.08179876e-02,  2.42631622e-02,  1.19806968e-01,  2.71927519e-03,
       -2.76446603e-02,  5.95285036e-02, -1.35012135e-01,  1.06545113e-01,
        6.85137063e-02, -1.46278933e-01,  6.31710291e-02, -6.48273528e-02,
        1.07666649e-01, -1.15836047e-01, -2.83750370e-02,  3.34637687e-02,
        5.70480525e-02,  6.75278381e-02,  4.32666391e-02,  1.10367805e-01,
        2.25250199e-02,  2.73816064e-02,  4.92955521e-02, -4.53410810e-03,
       -1.05771516e-02, -1.43227160e-01, -5.72775118e-03,  2.99814157e-02,
       -8.16154927e-02, -1.14674903e-01, -1.03072580e-02,  2.18382478e-02,
       -5.08872271e-02,  9.70967263e-02, -4.52372991e-03, -1.28224447e-01,
        7.63726309e-02, -5.89028485e-02,  1.20369032e-01, -4.13356312e-02,
       -1.38996299e-02, -1.42596915e-01,  8.46484210e-03, -3.30574848e-02,
        8.56799334e-02, -5.43924868e-02, -4.75734845e-02, -1.02863953e-01,
        7.33807012e-02,  3.64075266e-02, -9.74877179e-02,  5.50315306e-02,
        8.21980610e-02,  3.26860091e-03, -3.84915620e-02, -4.46282662e-02,
       -5.17410040e-02, -5.40970862e-02,  4.39140806e-03,  5.41882850e-02,
        8.97922814e-02, -9.73999267e-05,  4.24002297e-03, -1.26144782e-01,
        7.35133588e-02, -2.25695334e-02,  1.21077143e-01,  6.46712929e-02,
       -1.12311386e-01, -1.15185432e-01,  6.84606880e-02,  3.11314873e-02,
        3.26818302e-02, -8.24401900e-03, -5.36616370e-02, -9.76421088e-02,
       -2.80382782e-02,  4.14765440e-02,  1.64848529e-02,  8.88698082e-03,
       -7.76064992e-02, -6.66513219e-02, -8.62483084e-02,  2.93810992e-03,
        7.58312345e-02, -5.81214111e-03,  1.93995479e-02, -4.73097265e-02,
       -1.00088120e-01, -4.10908610e-02,  6.05889298e-02, -8.14189389e-03,
       -1.78127699e-02,  1.18133187e-01,  1.32162705e-01, -1.41179055e-01,
        8.20187926e-02, -7.95707405e-02, -1.11591011e-01,  3.50219235e-02,
       -1.28682181e-01,  3.45781073e-02,  3.89533974e-02, -7.16514736e-02,
       -8.51450711e-02, -4.19941870e-03,  4.61385548e-02,  1.03371233e-01,
        7.45421052e-02,  4.50124592e-02,  1.02201134e-01,  1.12742089e-01,
        8.68366212e-02, -1.40660778e-01, -2.38385014e-02,  2.96935439e-02,
        1.11441463e-02,  1.47319362e-02, -1.03094295e-01, -7.74888471e-02,
        1.11136854e-01,  1.00035176e-01,  2.91581405e-03,  4.06433456e-02,
        9.97861773e-02,  7.20397979e-02,  6.93196356e-02,  1.00171477e-01,
       -2.99664959e-02, -9.23509598e-02,  1.00946715e-02, -3.10255531e-02,
        1.27809078e-01,  9.93440896e-02, -2.13914551e-02,  1.93264093e-02,
        9.29822177e-02, -7.77189732e-02,  1.31919272e-02, -3.98205072e-02,
        8.62624310e-03, -1.31485052e-02,  2.11371817e-02,  8.58261436e-02,
       -5.51766828e-02,  1.03717312e-01,  1.81957241e-02,  1.25544881e-02,
       -2.13611731e-03,  2.02121697e-02,  1.10855967e-01, -1.20255411e-01,
       -1.03965744e-01,  2.27872059e-02, -2.21711081e-02,  1.07749380e-01,
        8.18358064e-02, -1.44695833e-01,  8.89971107e-02,  2.08421648e-02,
       -6.15556054e-02, -7.70990402e-02,  1.44860623e-02, -6.44409359e-02,
       -1.11052729e-01,  9.08856392e-02,  7.25202411e-02, -1.42221391e-01,
        9.24622118e-02, -4.47840691e-02, -1.38682157e-01, -7.20005035e-02,
        9.17140543e-02, -2.43659597e-04, -3.86203118e-02, -3.28619331e-02,
        6.68511018e-02,  1.19080856e-01, -2.56638471e-02,  4.14419919e-02,
       -6.58153892e-02,  7.34347701e-02, -8.99378583e-02, -1.09615088e-01,
        5.13033792e-02, -1.14142865e-01,  7.97970966e-03, -1.22337472e-02,
       -1.11470029e-01,  3.23690660e-02, -4.52496409e-02, -1.25380009e-01,
       -1.48964196e-01,  5.10860533e-02,  8.50899294e-02,  6.80646524e-02,
        7.80670643e-02, -4.01157141e-02,  1.01304904e-01,  1.39954314e-03,
        1.28855318e-01,  8.03656802e-02, -5.05670086e-02,  5.37951030e-02,
        4.00893278e-02,  8.77268612e-02,  5.35903871e-03,  1.14412820e-02,
       -6.96463808e-02, -1.14958316e-01, -1.20286919e-01,  4.26017568e-02,
       -1.29186422e-01,  4.30995040e-02, -1.03914328e-02,  1.25472486e-01,
       -1.27126146e-02, -3.45539046e-03,  7.11293966e-02, -1.17194101e-01,
        1.09580509e-01, -5.82103692e-02, -3.13240364e-02,  5.76081946e-02,
        8.51375237e-03,  8.75873566e-02, -5.81780337e-02,  6.17098957e-02,
        8.45123902e-02,  1.11957803e-01,  7.22409338e-02, -6.86147586e-02,
        2.65205372e-03, -5.66274226e-02, -8.75898004e-02, -8.22663456e-02,
       -9.20987353e-02,  3.18620577e-02, -6.50354102e-02, -5.05151898e-02,
        6.18456155e-02, -1.48680545e-02, -6.33759052e-02, -1.27632082e-01,
       -1.31068721e-01, -5.99665642e-02,  2.88162287e-03,  1.16453003e-02,
       -2.81931926e-02, -1.41747251e-01,  6.56875148e-02,  6.48816079e-02,
       -2.68495250e-02,  9.00134593e-02,  5.27305454e-02,  4.81417552e-02,
        4.99253273e-02,  1.31319121e-01, -7.47738853e-02, -2.31766403e-02,
       -8.25035349e-02,  9.27569419e-02,  3.56728137e-02, -3.84167060e-02,
        1.29589111e-01,  7.86564723e-02, -9.83088315e-02,  9.77461338e-02,
        3.03087309e-02, -8.46473575e-02,  1.14263818e-01, -3.53043526e-02,
        9.66268629e-02,  4.48896885e-02,  5.75247779e-02,  1.92064047e-02,
        1.02931768e-01, -1.22315899e-01, -5.88811636e-02,  9.69133601e-02,
       -1.79054737e-02,  5.41936457e-02,  1.10816836e-01,  4.19548638e-02,
       -5.01713082e-02, -1.18378185e-01,  6.02772757e-02,  7.11163804e-02,
        6.67210817e-02, -1.11906484e-01,  4.46908101e-02,  4.22908440e-02,
       -2.89860107e-02,  4.38654721e-02,  6.54672086e-02, -1.00529686e-01,
       -2.60729529e-02, -1.78478137e-02,  1.24491468e-01, -4.38640825e-03,
        3.14239413e-02, -9.19367652e-03, -1.40808374e-02,  8.29973072e-02,
        9.88207757e-02,  1.91285424e-02,  7.40986243e-02,  5.01981229e-02,
       -5.29751033e-02,  5.04668653e-02, -1.14216253e-01,  6.05509132e-02,
        6.75593270e-03, -6.76416531e-02,  3.73673923e-02, -6.50004148e-02,
       -6.16561994e-02, -2.02665292e-02, -1.01872236e-01, -2.35952553e-04,
        1.19669028e-01,  1.30712360e-01,  9.04180855e-02, -1.22970957e-02,
       -9.52612422e-03, -1.04485214e-01,  9.47403610e-02, -3.79457846e-02,
       -1.02206878e-01, -2.67821364e-02,  1.02359228e-01, -4.57805879e-02,
       -2.34636720e-02, -7.77875260e-02,  2.73493826e-02,  2.20984928e-02,
       -4.41623852e-02, -4.77809682e-02,  1.14889398e-01, -1.00598060e-01,
       -1.07255846e-01,  6.75836504e-02, -5.23789786e-02,  1.16266519e-01,
        1.00219831e-01, -5.20344684e-03, -1.09358169e-01,  6.19171858e-02,
        7.15953708e-02, -5.19176349e-02, -8.73849466e-02, -1.62868237e-04,
        8.72477219e-02,  3.03191114e-02, -1.33592904e-01, -3.80040146e-02,
       -2.75052264e-02, -1.10986546e-01,  1.12195611e-01,  1.05772302e-01,
        1.25703454e-01, -2.19158102e-02,  4.57295626e-02,  5.01824729e-02,
        3.84195931e-02, -1.31323665e-01, -1.01457313e-01,  3.35344672e-02,
       -4.85869758e-02, -7.92755932e-02, -1.28758982e-01,  1.12357333e-01,
       -9.30905193e-02,  1.31550401e-01, -1.27546191e-01,  2.40598992e-02,
       -1.33968234e-01,  6.31424189e-02,  2.57231891e-02, -1.17185511e-01],
      dtype=float32), 'encoder.4.weight': array([[-0.09302409, -0.10642492, -0.11020846, ...,  0.10937556,
         0.04875587, -0.08343157],
       [ 0.00696579, -0.10305541, -0.13065642, ...,  0.0941835 ,
        -0.0387406 , -0.08182907],
       [-0.03098789,  0.07060737,  0.03962474, ...,  0.12058748,
         0.10238288,  0.04012283],
       ...,
       [-0.12751798,  0.08278787,  0.07199525, ...,  0.10355447,
         0.0781867 , -0.09592173],
       [ 0.04136049,  0.10517655, -0.05698663, ..., -0.11017072,
        -0.025526  , -0.00722337],
       [-0.12693357,  0.11225954, -0.11995026, ..., -0.05976658,
        -0.1333772 , -0.11020672]], dtype=float32), 'encoder.4.bias': array([-0.11735728,  0.0148604 ,  0.12172346, ...,  0.09761615,
       -0.06244246, -0.12761964], dtype=float32), 'encoder.6.weight': array([[-0.0200287 , -0.03469256,  0.04621443, ...,  0.0297048 ,
         0.02742134, -0.03204089],
       [ 0.03560034,  0.02877253,  0.05615544, ..., -0.04617159,
         0.03551682,  0.05172554],
       [-0.04576354, -0.02520007,  0.0443647 , ...,  0.02599237,
        -0.02570708, -0.00258241],
       ...,
       [-0.03339832, -0.0628631 , -0.0117259 , ..., -0.01506657,
         0.02761013, -0.00602824],
       [-0.03974143, -0.04797818, -0.06722057, ...,  0.05702088,
        -0.04638864,  0.04853637],
       [-0.03091826, -0.01942916, -0.03233943, ...,  0.00437016,
        -0.04249889,  0.04819062]], dtype=float32), 'encoder.6.bias': array([ 0.00083321, -0.01139259,  0.01977054,  0.0055992 , -0.02840194,
       -0.03592594, -0.02806812, -0.03520021,  0.0197822 ,  0.00173549],
      dtype=float32), 'decoder.0.weight': array([[-0.44468486,  0.03755141, -0.20487584, ...,  0.6704077 ,
         0.89462894, -0.3900438 ],
       [-0.23320319, -0.16607624, -0.37475455, ..., -0.63049066,
        -0.71969974,  0.8564781 ],
       [-0.5194923 , -0.33640432,  0.24384582, ..., -0.11282295,
        -0.46683192,  0.5181385 ],
       ...,
       [ 0.44230872, -0.2386626 ,  0.71302915, ...,  0.41185892,
        -0.40507472,  0.7330909 ],
       [-0.8771459 ,  0.07341115, -0.7854321 , ..., -0.19715476,
        -0.46685636, -0.89507973],
       [ 0.925529  ,  0.9539474 ,  0.5365161 , ..., -0.38777706,
         0.24385437, -0.00204865]], dtype=float32), 'decoder.0.bias': array([-0.9399893 , -0.25370246,  0.03514218, ...,  0.05557466,
       -0.15430856,  0.52734095], dtype=float32), 'decoder.2.weight': array([[ 0.04420603,  0.02582721, -0.04820943, ...,  0.03941728,
         0.02404331,  0.03847402],
       [ 0.00639368, -0.00725037, -0.02012268, ..., -0.02861924,
        -0.03945807,  0.02121655],
       [ 0.00422376,  0.02898247, -0.04222753, ..., -0.02655863,
         0.03927242,  0.03902923],
       ...,
       [-0.04827749, -0.04946115,  0.02044225, ...,  0.0336639 ,
        -0.05004589,  0.06038522],
       [-0.02218374, -0.06818721,  0.011302  , ..., -0.02130729,
         0.0621334 ,  0.01769771],
       [-0.06963617, -0.05538792,  0.02641967, ...,  0.01841563,
        -0.05022055, -0.06361145]], dtype=float32), 'decoder.2.bias': array([ 1.81409903e-02, -4.00558822e-02, -2.70942003e-02,  2.24801078e-02,
       -7.15304818e-03, -7.05535188e-02, -2.82052997e-02,  1.97075680e-02,
        5.48700318e-02,  3.70736644e-02, -8.42004046e-02, -1.08225774e-02,
        1.89680401e-02,  5.18006459e-02,  2.78052446e-02,  2.66459538e-03,
       -2.62006260e-02, -5.63507564e-02,  2.96365991e-02,  1.00073311e-03,
        1.82047300e-02, -2.18273699e-02,  1.78129598e-02, -1.61291473e-02,
        6.16911892e-03,  4.77753766e-02, -6.73491061e-02, -5.45281218e-03,
       -6.48392513e-02, -4.44231667e-02,  4.89031971e-02, -5.98038770e-02,
        5.86942323e-02,  4.13881242e-02,  7.56868124e-02, -3.08119971e-02,
       -6.38099238e-02,  3.81858200e-02, -9.89369582e-05, -2.23276317e-02,
       -3.46793532e-02, -5.54038584e-02,  5.83404526e-02, -6.36692941e-02,
        1.76741444e-02,  5.05878329e-02,  3.14322067e-03, -2.05254871e-02,
       -6.34399801e-02,  5.97676858e-02,  3.56627181e-02, -3.24072316e-02,
        2.25692522e-04,  4.09596898e-02, -3.94608155e-02, -6.42530546e-02,
       -4.38011438e-02, -2.37391051e-03,  1.87857281e-02, -5.61195146e-03,
       -6.04987741e-02,  5.46327382e-02,  5.42552164e-03,  1.07214041e-02,
       -5.69061860e-02, -6.72755837e-02,  2.79190857e-02, -2.22704038e-02,
       -3.91774997e-02,  2.77621131e-02,  7.14631230e-02,  2.24798988e-03,
        2.52986476e-02, -2.87149055e-03,  3.37738656e-02, -1.84471719e-02,
       -5.48937246e-02, -6.17421828e-02,  5.72035499e-02,  4.47858535e-02,
        4.28305566e-02, -4.03537378e-02, -7.56707266e-02, -6.18448481e-02,
        3.70948389e-02, -6.70410693e-02,  3.05387285e-02,  2.05832087e-02,
        5.94424084e-03,  7.80310365e-04,  2.93036103e-02,  2.75021363e-02,
        3.44382748e-02, -6.40519783e-02, -4.22008485e-02, -6.16900660e-02,
       -4.96202409e-02,  3.73405367e-02, -2.12460533e-02, -3.62073183e-02,
       -1.79230757e-02, -3.83537961e-04, -3.20148952e-02, -4.51024659e-02,
       -1.44894635e-02, -5.67611679e-02,  3.20801772e-02,  4.84102033e-03,
       -2.44111530e-02, -2.21167076e-02,  1.88928097e-02,  2.92855632e-02,
       -4.22196276e-02, -6.95059597e-02, -2.45746374e-02, -3.09642553e-02,
       -4.46001925e-02,  2.48473752e-02, -7.05090687e-02, -6.20202161e-02,
        4.67191786e-02,  8.01830813e-02,  5.50922602e-02, -3.00868116e-02,
        6.18559048e-02,  1.27167748e-02, -4.74613346e-02, -3.21752317e-02,
        5.50311431e-02,  1.92512535e-02,  5.42354695e-02, -6.28675073e-02,
        1.52534246e-02,  5.18000089e-02, -3.04600410e-02,  5.41303903e-02,
        1.57235097e-02, -1.76133811e-02, -6.40458763e-02, -5.64905554e-02,
        8.45810622e-02,  6.40941933e-02, -5.50976247e-02, -1.70997474e-02,
        2.51427870e-02,  6.24821186e-02,  4.94030714e-02,  1.62828658e-02,
        4.07517664e-02, -3.73499021e-02, -7.06482828e-02, -1.63969770e-02,
        5.75523674e-02, -3.99531461e-02, -3.60821337e-02,  2.06983872e-02,
       -3.39135230e-02, -1.29137095e-02, -6.29133880e-02,  9.98859946e-03,
       -3.02353315e-02,  5.04755452e-02,  3.55049893e-02, -3.44310421e-03,
        4.09296900e-02,  5.58943301e-02, -4.85863797e-02,  5.61036803e-02,
        7.06281327e-03,  5.63076884e-02,  6.81531662e-03, -5.06080221e-03,
        4.90516871e-02,  2.32353946e-03, -4.80624512e-02, -6.79243654e-02,
        2.95282416e-02,  2.82386206e-02, -3.72750498e-02,  4.87783179e-02,
        1.67670529e-02, -6.99595958e-02,  6.62904978e-02, -1.46534247e-03,
       -7.17656612e-02,  3.55550945e-02, -6.98364228e-02, -3.10360324e-02,
        1.56847462e-02, -4.87461723e-02, -3.81329954e-02, -5.12985997e-02,
       -6.22334182e-02, -4.60490584e-02,  1.14388473e-04, -5.07554114e-02,
       -1.86394434e-03,  3.37726697e-02,  3.89243639e-03, -5.89051843e-02,
       -5.85024059e-02, -4.93018422e-03,  6.65888786e-02,  3.89802903e-02,
       -5.12109622e-02, -2.10802369e-02, -1.69989411e-02, -3.33438441e-02,
       -7.30998721e-03,  1.45584671e-02, -7.09421337e-02,  1.72333997e-02,
       -3.27244401e-02, -5.98202050e-02, -7.79012963e-03, -7.14268684e-02,
       -4.45767604e-02,  5.57532422e-02,  2.15179729e-03, -2.67214030e-02,
       -4.53040339e-02, -5.49542625e-03, -1.94374807e-02,  6.82289079e-02,
       -5.72634749e-02,  3.79593447e-02, -6.71704784e-02, -2.87998207e-02,
        2.60502622e-02, -5.18458411e-02,  3.41970474e-03,  1.22481631e-02,
       -1.84826832e-02, -5.21704033e-02, -6.05085790e-02,  2.24623103e-02,
       -3.15021686e-02, -3.45089175e-02, -2.32599452e-02, -3.13941985e-02,
       -6.13191351e-02,  1.15798507e-02, -7.76589215e-02, -3.96491736e-02,
        3.83032486e-02,  6.77672075e-03,  1.67616345e-02,  2.89852731e-02,
        5.76045662e-02, -3.87892723e-02,  1.61656886e-02, -4.44149859e-02,
        1.68808643e-02,  8.96595884e-03,  3.66329476e-02,  5.06255180e-02,
       -2.43875943e-02, -5.44613451e-02, -5.38562275e-02, -5.59545234e-02,
        1.16331708e-02, -1.56403352e-02, -2.82831560e-03, -3.10969986e-02,
       -4.72250953e-02, -2.60522366e-02,  9.41540289e-04,  8.69223289e-03,
       -3.81657854e-02, -1.33336596e-02,  2.44315006e-02, -5.51380888e-02,
        3.76304649e-02, -6.64999038e-02,  2.04673596e-02,  2.39486862e-02,
        5.03296684e-03, -4.65135425e-02, -1.75397955e-02,  1.43295126e-02,
       -5.36886742e-03,  4.81118448e-02,  3.29948089e-05,  4.85925376e-02,
        3.56973596e-02,  5.65541461e-02, -6.53414875e-02,  4.16696034e-02,
       -5.85259721e-02,  5.78475068e-04, -2.70151794e-02,  2.46219933e-02,
       -4.45185751e-02, -2.20872797e-02, -2.15656944e-02, -3.02093886e-02,
       -4.60581630e-02, -4.60813679e-02, -3.16220447e-02,  3.36706229e-02,
       -5.18921837e-02, -2.33932603e-02,  5.47951385e-02,  3.31997462e-02,
        1.30988881e-02, -3.37736607e-02,  2.20357366e-02, -1.29113011e-02,
        2.39312071e-02,  4.26657051e-02,  5.72486743e-02, -5.95333427e-02,
       -4.09373976e-02,  2.06527486e-02, -5.14640380e-03, -2.68019103e-02,
        4.03521769e-02,  2.80063110e-03,  1.73904486e-02, -9.50675551e-03,
       -1.56834908e-02, -4.83285971e-02, -2.81812027e-02, -2.14805398e-02,
       -1.89206600e-02, -5.05470764e-03, -7.41218403e-02,  5.18967211e-02,
       -6.64662793e-02,  1.42486263e-02, -4.67589498e-02, -4.30114493e-02,
       -2.90167183e-02, -3.30490922e-03, -2.89480258e-02,  3.91817428e-02,
        6.38079494e-02,  3.06004453e-02, -2.17887238e-02, -3.88506949e-02,
       -3.39453891e-02, -7.37922788e-02,  3.36370268e-03, -4.95377220e-02,
       -7.57960416e-03, -2.05703266e-02, -7.47398436e-02, -8.37881714e-02,
        2.16792454e-03, -7.47372955e-02,  5.23980567e-03, -4.72540930e-02,
        1.02817984e-02,  1.99998617e-02,  3.06173302e-02,  1.04312329e-02,
        4.65552062e-02, -3.53226513e-02, -7.97636509e-02,  4.00382560e-04,
       -1.60132460e-02, -4.16956618e-02,  5.19903451e-02, -1.92381348e-03,
        6.23157620e-02,  3.89642864e-02, -7.02123642e-02,  2.62029544e-02,
       -1.38627179e-02, -4.98218872e-02,  5.80205396e-02, -1.08698234e-02,
       -5.05727008e-02, -5.02292179e-02, -4.24948931e-02,  1.29373912e-02,
       -2.31408924e-02,  5.51692136e-02, -3.25614288e-02,  2.48216242e-02,
       -4.72611189e-02, -2.87584774e-02, -2.96151862e-02, -2.89302859e-02,
       -1.67556740e-02, -6.62849396e-02, -3.99536192e-02, -1.53544508e-02,
        4.53837328e-02,  9.34666395e-03, -7.38663599e-03,  1.41791543e-02,
        7.54051805e-02, -4.49222513e-02,  2.19196156e-02,  2.44239680e-02,
        2.45303567e-02,  5.00681773e-02,  1.71139278e-02,  5.78779355e-03,
       -4.57813218e-02,  3.98825780e-02, -5.03163412e-02,  5.71466163e-02,
        4.20305282e-02,  3.31015810e-02, -2.88575515e-02, -4.65572216e-02,
        7.47674480e-02, -6.07079268e-02, -3.63631919e-02, -4.86790389e-02,
        5.23592904e-02, -4.65628952e-02, -3.06409225e-02,  2.24430356e-02,
        4.10327911e-02,  2.33161752e-03, -5.10717668e-02, -1.65696554e-02,
        1.98612530e-02, -6.44981861e-02,  1.29657481e-02, -5.25797158e-02,
       -2.13790908e-02,  3.54157053e-02, -4.08939607e-02,  1.92627907e-02,
        4.48620459e-03,  4.80527133e-02, -4.87759337e-02,  4.04873826e-02,
        1.10605322e-01, -1.09287798e-02, -4.59060743e-02, -2.57884879e-02,
        9.55825392e-03, -8.13858956e-03, -1.62351225e-02,  4.08213735e-02,
       -2.55144015e-02, -5.47499470e-02, -3.10384724e-02, -5.90239987e-02,
       -8.35866705e-02,  1.85117889e-02, -9.07588983e-05, -4.86438498e-02,
       -3.45923156e-02, -6.56064949e-04,  4.45652418e-02, -4.82085273e-02,
        2.60112323e-02,  5.99208698e-02,  4.09747194e-03,  5.19161858e-02,
        1.58244260e-02, -2.35773325e-02,  3.35829481e-02, -3.36384997e-02,
       -9.30259749e-03, -3.30543295e-02,  6.53011724e-04, -6.56606704e-02,
       -4.90691736e-02,  1.34214442e-02,  2.25688070e-02,  3.77018191e-02,
       -9.03897360e-03,  6.97154850e-02, -2.40380038e-02, -5.75784445e-02,
        4.05656407e-03,  3.70864905e-02, -3.93714420e-02, -5.25137857e-02,
        2.07802989e-02,  3.12594771e-02, -4.85887975e-02,  1.03156473e-02,
        3.97623098e-03,  1.93950348e-02, -2.35492010e-02, -6.96435943e-02,
       -3.15374807e-02,  1.02105290e-02,  2.15684231e-02, -3.94362882e-02,
       -3.08993626e-02, -6.32005408e-02, -6.41819183e-03,  6.65958319e-03,
        1.68522485e-02,  2.38891244e-02,  7.38652274e-02, -2.46568173e-02,
        4.63538952e-02, -7.46680051e-02,  5.75634539e-02,  5.05865738e-03],
      dtype=float32), 'decoder.4.weight': array([[ 0.12609251, -0.04688039,  0.05841254, ..., -0.10986245,
         0.09122275,  0.00618412],
       [ 0.00254704, -0.06868987, -0.10158394, ..., -0.01004789,
        -0.14612629,  0.12657528],
       [-0.02191136, -0.10784668,  0.06302728, ..., -0.00973132,
        -0.09957927,  0.12763985],
       ...,
       [-0.0101373 , -0.05094296,  0.10222367, ..., -0.06437985,
         0.02243101, -0.06668875],
       [ 0.06442967, -0.04938745,  0.07346247, ...,  0.0988868 ,
        -0.02937591,  0.06912019],
       [-0.11437961,  0.07305404,  0.00136781, ...,  0.03484409,
         0.02571316, -0.08563904]], dtype=float32), 'decoder.4.bias': array([-0.04708846,  0.09569517, -0.02606058, -0.07047546, -0.00076215,
        0.11926275, -0.10548425,  0.06701181, -0.0608069 ,  0.00187952,
       -0.12639716,  0.02713887, -0.05341   ,  0.09879808,  0.04782321,
        0.10924765,  0.00712296, -0.06159877, -0.0798362 ,  0.11146899,
        0.10992762, -0.13385928,  0.03872731,  0.02980776, -0.12281451,
       -0.0160231 , -0.03896578,  0.14919442, -0.05212259, -0.10338059,
        0.06559883,  0.08614476,  0.11246499,  0.07312716, -0.05721938,
        0.08138406,  0.1364865 ,  0.07488216, -0.01765022, -0.11270015,
       -0.04420934, -0.04977361, -0.08983321,  0.13276145, -0.02135911,
        0.06915179, -0.06989276, -0.0402119 , -0.13196185, -0.014562  ,
       -0.06475098, -0.07862616,  0.06416098, -0.01915597, -0.02038921,
       -0.01417226, -0.03619943,  0.02902293, -0.12509708, -0.10509369,
       -0.11732475, -0.0817968 , -0.01074883,  0.10482815, -0.0653914 ,
        0.10553446,  0.00303491, -0.10528259, -0.02657592,  0.05044816,
        0.09881695,  0.05383027, -0.04199485, -0.08093051, -0.15513088,
        0.09448671,  0.00828819,  0.03561631, -0.03286072,  0.06609549,
        0.06491798,  0.08300637,  0.16359158, -0.00285143,  0.10427822,
       -0.15380436,  0.00098986,  0.06584021,  0.02294426, -0.04912669,
       -0.04467495,  0.09499432,  0.08585191,  0.08733007,  0.03234633,
       -0.12339338, -0.0885458 ,  0.09342392,  0.09893915, -0.05028857,
        0.09969139,  0.15375915,  0.1496623 , -0.09807838, -0.04681426,
       -0.0803317 , -0.02265345,  0.010011  ,  0.07161525, -0.12267521,
       -0.09756742,  0.11812098,  0.12669462,  0.04472724, -0.11649581,
        0.07468985,  0.01613711,  0.11986393,  0.04999926, -0.11031142,
        0.03081636, -0.04002335,  0.03148568, -0.08852637,  0.09788176,
        0.02032403,  0.05643911, -0.06565449, -0.10914402,  0.09875544,
        0.09876646,  0.00173091, -0.11032525,  0.03096857, -0.12921134,
       -0.00730549, -0.05281693, -0.01269634, -0.08989554, -0.0183172 ,
       -0.12143915, -0.11553444,  0.1142924 , -0.09523438,  0.00279881,
       -0.019894  ,  0.12695067, -0.07763758,  0.03672872,  0.01183218,
        0.03618766,  0.03262544,  0.10766739, -0.08278742,  0.0871914 ,
        0.04850459,  0.08538607,  0.07827327, -0.10670885,  0.08901618,
        0.00347856, -0.07444348, -0.04675399, -0.02044693, -0.1279931 ,
        0.11159082,  0.10047907,  0.14560364,  0.11850114, -0.02131456,
        0.10772215, -0.03747023,  0.08144276, -0.07547076, -0.08755215,
       -0.04027242, -0.08130695,  0.04502054,  0.14519437, -0.06797802,
        0.08847748,  0.04674473,  0.00237938,  0.09774543,  0.07980122,
       -0.07945324, -0.03606591,  0.04461511, -0.04080348,  0.09711163,
       -0.08767629,  0.05770443, -0.00884561,  0.12987788, -0.0230766 ,
        0.14371642, -0.01387678,  0.05995378, -0.02740219,  0.03101282,
        0.07754152,  0.10000691, -0.02837257, -0.09677511, -0.0256023 ,
       -0.03041789,  0.11695368,  0.0406227 ,  0.01051051,  0.00568884,
       -0.02902326,  0.11308086, -0.09848425, -0.03819042,  0.02840814,
       -0.06178011, -0.09022912, -0.07948063, -0.03950155,  0.08883748,
        0.15380767,  0.09567431,  0.0836886 ,  0.03662014, -0.13071564,
        0.10040061,  0.03506739, -0.0909618 ,  0.1312043 , -0.00245897,
       -0.14572358,  0.01408425,  0.01935729,  0.17580448,  0.09070897,
        0.02109708, -0.08345114,  0.06747192, -0.05457205,  0.03441293,
       -0.02036339,  0.00753187,  0.0731153 , -0.11399369, -0.04367248,
        0.023484  ,  0.04650496,  0.06100078,  0.13004024,  0.0247573 ,
       -0.11465557, -0.10881233, -0.11578208, -0.03531497, -0.08224255,
       -0.10876051,  0.01904287,  0.01265054,  0.0936541 ,  0.05305989,
        0.14814217,  0.01031075,  0.03500535,  0.11758903, -0.05567509,
       -0.0935014 , -0.0964967 , -0.1172987 , -0.12308183,  0.03470751,
       -0.08758891,  0.11533265, -0.08543899,  0.1582515 , -0.00652638,
        0.09545138, -0.02673185, -0.07515603,  0.06789228,  0.05460986,
       -0.07151194,  0.06264879, -0.01391657,  0.08778291,  0.02145724,
        0.11627743,  0.09128127,  0.02207742,  0.10901187,  0.01771485,
        0.08392744, -0.03093861, -0.1264539 ,  0.04695871, -0.14554416,
        0.13833281,  0.06326316,  0.04633994,  0.03038622, -0.01364513,
        0.00182591,  0.05554631, -0.07773492, -0.03384265,  0.12300348,
        0.07459048,  0.09687418,  0.05719557, -0.04427631,  0.15112135,
        0.09336324, -0.15054503, -0.08835784, -0.04449471,  0.01721507,
        0.10554585, -0.02220172,  0.11823723, -0.09585334,  0.08279067,
        0.09863736,  0.09597445,  0.07336454, -0.02018543, -0.05683816,
        0.06179754,  0.06017578,  0.08942524, -0.07428271, -0.05357067,
        0.09231256, -0.07777421,  0.10671706, -0.06293857, -0.12571768,
       -0.07076426,  0.15094845, -0.01821545, -0.14414778,  0.06064506,
        0.11538099, -0.10661164,  0.09574372, -0.04702438, -0.06084742,
        0.10719025, -0.09672663,  0.02409959, -0.08431182, -0.00374906,
        0.03353346, -0.01380331,  0.03675861,  0.04079774,  0.02583541,
       -0.06621273,  0.12175108, -0.09284584,  0.1327363 ,  0.06658089,
       -0.13745281,  0.08889097, -0.06580516,  0.06653023,  0.08188502,
        0.03281739, -0.06255618, -0.02360608,  0.14328296,  0.07982516,
        0.08041544,  0.08149856,  0.02116033,  0.05484281, -0.07798164,
       -0.09588116,  0.0899429 , -0.0619408 ,  0.09468134, -0.05223818,
        0.04297899, -0.09461759, -0.02920327, -0.07573192,  0.1166538 ,
       -0.07477294,  0.12395081,  0.11483926, -0.0959605 ,  0.12314529,
        0.11166392, -0.00804192, -0.08607299,  0.11996207,  0.04483764,
       -0.00908312,  0.02242789, -0.10793915, -0.13841905,  0.15093923,
       -0.03847281,  0.09921653,  0.05126854, -0.09228355,  0.1035909 ,
        0.03890149,  0.0748307 ,  0.12198788, -0.02769903, -0.08357862,
       -0.02767827, -0.03549987, -0.06826616, -0.15345591, -0.14289647,
       -0.01953545,  0.12552875,  0.01669764,  0.11234388,  0.12479249,
       -0.01887362,  0.08052764, -0.07496168, -0.01596998,  0.09040909,
       -0.04772206,  0.15211865,  0.00181093, -0.06757643,  0.07748555,
       -0.04151116,  0.14330406,  0.00969249,  0.02976472, -0.10402072,
        0.0113656 ,  0.05749235, -0.01290946,  0.11687695,  0.0963859 ,
        0.00050057, -0.02604304, -0.05040337, -0.03810277, -0.07717214,
        0.08555833,  0.10980347,  0.04617989,  0.01593452, -0.10612866,
       -0.03010304,  0.04438705, -0.00539954, -0.06718177, -0.10577188,
        0.06443769,  0.10429041, -0.06376918,  0.0908199 , -0.11475175,
       -0.01612699, -0.15058106, -0.09104721,  0.12217271, -0.03239209,
       -0.02490231, -0.05260554, -0.01127349,  0.01558961, -0.12242074,
        0.07354037, -0.13978192, -0.07039683,  0.0883961 ,  0.08467309,
        0.14445879,  0.05921272, -0.00448629,  0.02946594,  0.05469205,
        0.08414917,  0.07886302, -0.09665515, -0.02686322, -0.10760198,
       -0.06311689, -0.09590359, -0.1291109 , -0.12894335, -0.03139311,
       -0.1047091 , -0.06181095,  0.12510252,  0.05818655,  0.04251982,
       -0.09862567, -0.10075796,  0.15992558,  0.11190373,  0.13305262],
      dtype=float32), 'decoder.6.weight': array([[ 1.14696704e-01, -3.24032530e-02,  2.35423476e-01, ...,
         2.58505464e-01,  2.63872445e-01,  4.91479672e-02],
       [-4.16938514e-02,  4.38678712e-02, -9.89198685e-02, ...,
         1.20016530e-01,  5.80987111e-02,  1.69038437e-02],
       [-1.06547035e-01,  1.22644827e-01, -1.18721247e-01, ...,
         9.57735116e-04,  9.67953205e-02, -6.42740279e-02],
       ...,
       [-9.71285044e-05,  8.39500651e-02,  7.23570734e-02, ...,
        -8.75612125e-02, -8.40447545e-02, -8.82389694e-02],
       [-7.61209801e-02, -3.37050520e-02, -1.26451522e-01, ...,
        -1.06833301e-01,  9.23022628e-02,  2.82590836e-02],
       [ 5.37985899e-02,  1.33168120e-02, -1.47549465e-01, ...,
        -1.46399932e-02,  2.94434354e-02, -6.11061007e-02]], dtype=float32), 'decoder.6.bias': array([-0.00948631, -0.04221867, -0.01725606, ...,  0.00023725,
        0.09931356,  0.05579299], dtype=float32)}
[Time: 15.01.25 11:46:45] [Level: info] [State: aggregate] Updating global model...
[Time: 15.01.25 11:46:45] [Level: info] [State: aggregate] Autoencoder(
  (encoder): Sequential(
    (0): Linear(in_features=6001, out_features=500, bias=True)
    (1): ReLU()
    (2): Linear(in_features=500, out_features=500, bias=True)
    (3): ReLU()
    (4): Linear(in_features=500, out_features=2000, bias=True)
    (5): ReLU()
    (6): Linear(in_features=2000, out_features=10, bias=True)
  )
  (decoder): Sequential(
    (0): Linear(in_features=10, out_features=2000, bias=True)
    (1): ReLU()
    (2): Linear(in_features=2000, out_features=500, bias=True)
    (3): ReLU()
    (4): Linear(in_features=500, out_features=500, bias=True)
    (5): ReLU()
    (6): Linear(in_features=500, out_features=6001, bias=True)
  )
)
[Time: 15.01.25 11:46:45] [Level: info] [State: aggregate] Broadcasting model...
[Time: 15.01.25 11:46:45] [Level: info] transition: compute
[Time: 15.01.25 11:46:46] [Level: info] state: compute
[Time: 15.01.25 11:46:46] [Level: info] [State: compute] ITERATION 2
[Time: 15.01.25 11:46:46] [Level: info] [State: compute] receiving weights...
[Time: 15.01.25 11:46:46] [Level: info] [State: compute] Loading global weights for model...
[Time: 15.01.25 11:46:46] [Level: info] [State: compute] Updated model with received weights.
[Time: 15.01.25 11:46:46] [Level: info] [State: compute] Loading data...
[Time: 15.01.25 11:46:46] [Level: info] [State: compute] Preparing model training...
[Time: 15.01.25 11:46:46] [Level: info] [State: compute] Training model for one epoch...
[Time: 15.01.25 11:46:47] [Level: info] [State: compute] Local training loss: 3136698.5
[Time: 15.01.25 11:46:47] [Level: info] [State: compute] Training the decoder...
127.0.0.1 - - [15/Jan/2025 11:46:47] "GET /api/status HTTP/1.0" 200 158
[CTRL] GET /data
[Time: 15.01.25 11:46:48] [Level: info] [State: compute] Epoch 10, Total Loss: 14.78149127960205, KL Loss: -6.4074994199359026e-09, Recon Loss: 147.81491088867188
127.0.0.1 - - [15/Jan/2025 11:46:50] "GET /api/data HTTP/1.0" 200 34213092
[Time: 15.01.25 11:46:50] [Level: info] [State: compute] Epoch 20, Total Loss: 0.9592080116271973, KL Loss: 4.3213366218708416e-09, Recon Loss: 9.592080116271973
127.0.0.1 - - [15/Jan/2025 11:46:52] "GET /api/status HTTP/1.0" 200 155
127.0.0.1 - - [15/Jan/2025 11:46:54] "GET /api/status HTTP/1.0" 200 155
[Time: 15.01.25 11:46:54] [Level: info] [State: compute] Epoch 30, Total Loss: 0.6270341277122498, KL Loss: 2.9802322831784522e-09, Recon Loss: 6.270341396331787
127.0.0.1 - - [15/Jan/2025 11:46:56] "GET /api/status HTTP/1.0" 200 155
127.0.0.1 - - [15/Jan/2025 11:46:58] "GET /api/status HTTP/1.0" 200 155
127.0.0.1 - - [15/Jan/2025 11:47:00] "GET /api/status HTTP/1.0" 200 155
127.0.0.1 - - [15/Jan/2025 11:47:02] "GET /api/status HTTP/1.0" 200 155
[Time: 15.01.25 11:47:03] [Level: info] [State: compute] Epoch 40, Total Loss: 0.600357174873352, KL Loss: 8.046627364421965e-09, Recon Loss: 6.003571510314941
127.0.0.1 - - [15/Jan/2025 11:47:04] "GET /api/status HTTP/1.0" 200 155
127.0.0.1 - - [15/Jan/2025 11:47:06] "GET /api/status HTTP/1.0" 200 155
127.0.0.1 - - [15/Jan/2025 11:47:08] "GET /api/status HTTP/1.0" 200 155
[Time: 15.01.25 11:47:10] [Level: info] [State: compute] Epoch 50, Total Loss: 0.5203089118003845, KL Loss: 1.3262033249361593e-08, Recon Loss: 5.203089237213135
127.0.0.1 - - [15/Jan/2025 11:47:10] "GET /api/status HTTP/1.0" 200 155
127.0.0.1 - - [15/Jan/2025 11:47:12] "GET /api/status HTTP/1.0" 200 155
127.0.0.1 - - [15/Jan/2025 11:47:14] "GET /api/status HTTP/1.0" 200 155
[Time: 15.01.25 11:47:15] [Level: info] [State: compute] Epoch 60, Total Loss: 0.4747733175754547, KL Loss: -1.639127722441458e-09, Recon Loss: 4.747733116149902
127.0.0.1 - - [15/Jan/2025 11:47:16] "GET /api/status HTTP/1.0" 200 155
127.0.0.1 - - [15/Jan/2025 11:47:18] "GET /api/status HTTP/1.0" 200 155
127.0.0.1 - - [15/Jan/2025 11:47:20] "GET /api/status HTTP/1.0" 200 155
[Time: 15.01.25 11:47:21] [Level: info] [State: compute] Epoch 70, Total Loss: 0.4232659935951233, KL Loss: -9.53674295089968e-09, Recon Loss: 4.232659816741943
127.0.0.1 - - [15/Jan/2025 11:47:22] "GET /api/status HTTP/1.0" 200 155
127.0.0.1 - - [15/Jan/2025 11:47:24] "GET /api/status HTTP/1.0" 200 155
127.0.0.1 - - [15/Jan/2025 11:47:26] "GET /api/status HTTP/1.0" 200 155
127.0.0.1 - - [15/Jan/2025 11:47:28] "GET /api/status HTTP/1.0" 200 155
127.0.0.1 - - [15/Jan/2025 11:47:30] "GET /api/status HTTP/1.0" 200 155
[Time: 15.01.25 11:47:30] [Level: info] [State: compute] Epoch 80, Total Loss: 0.38057941198349, KL Loss: -4.917383389368979e-09, Recon Loss: 3.8057940006256104
127.0.0.1 - - [15/Jan/2025 11:47:32] "GET /api/status HTTP/1.0" 200 155
127.0.0.1 - - [15/Jan/2025 11:47:34] "GET /api/status HTTP/1.0" 200 155
127.0.0.1 - - [15/Jan/2025 11:47:36] "GET /api/status HTTP/1.0" 200 155
127.0.0.1 - - [15/Jan/2025 11:47:38] "GET /api/status HTTP/1.0" 200 155
[Time: 15.01.25 11:47:40] [Level: info] [State: compute] Epoch 90, Total Loss: 0.35607531666755676, KL Loss: -4.76837147544984e-09, Recon Loss: 3.560753107070923
127.0.0.1 - - [15/Jan/2025 11:47:40] "GET /api/status HTTP/1.0" 200 155
127.0.0.1 - - [15/Jan/2025 11:47:42] "GET /api/status HTTP/1.0" 200 155
127.0.0.1 - - [15/Jan/2025 11:47:44] "GET /api/status HTTP/1.0" 200 155
127.0.0.1 - - [15/Jan/2025 11:47:46] "GET /api/status HTTP/1.0" 200 155
127.0.0.1 - - [15/Jan/2025 11:47:48] "GET /api/status HTTP/1.0" 200 155
[Time: 15.01.25 11:47:49] [Level: info] [State: compute] Epoch 100, Total Loss: 0.34464001655578613, KL Loss: 7.301569127093899e-09, Recon Loss: 3.4464001655578613
[Time: 15.01.25 11:47:49] [Level: info] [State: compute] Saving model and decoder...
[Time: 15.01.25 11:47:49] [Level: info] [State: compute] Scoring model...
[Time: 15.01.25 11:47:50] [Level: info] [State: compute] Adjusted Rand Index (ARI): 0.0
[Time: 15.01.25 11:47:50] [Level: info] [State: compute] Sent updated weights to coordinator.
[Time: 15.01.25 11:47:50] [Level: info] transition: aggregate
127.0.0.1 - - [15/Jan/2025 11:47:50] "GET /api/status HTTP/1.0" 200 157
[Time: 15.01.25 11:47:51] [Level: info] state: aggregate
[Time: 15.01.25 11:47:51] [Level: info] [State: aggregate] Waitig for local models...
127.0.0.1 - - [15/Jan/2025 11:47:52] "GET /api/status HTTP/1.0" 200 157
127.0.0.1 - - [15/Jan/2025 11:47:54] "GET /api/status HTTP/1.0" 200 157
127.0.0.1 - - [15/Jan/2025 11:47:56] "GET /api/status HTTP/1.0" 200 157
127.0.0.1 - - [15/Jan/2025 11:47:58] "GET /api/status HTTP/1.0" 200 157
[CTRL] POST /data
127.0.0.1 - - [15/Jan/2025 11:48:00] "POST /api/data?client=0acb8b8d2e4bd69a&memo=GATHERROUND2 HTTP/1.0" 200 0
[CTRL] POST /data
127.0.0.1 - - [15/Jan/2025 11:48:00] "POST /api/data?client=c8e569c4d209cf1d&memo=GATHERROUND2 HTTP/1.0" 200 0
[Time: 15.01.25 11:48:00] [Level: info] [State: aggregate] {'encoder.0.weight': array([[-0.04089009,  0.00441176,  0.00799305, ..., -0.03249031,
         0.02450693,  0.01705758],
       [ 0.0098347 ,  0.02745953,  0.02622695, ...,  0.01380826,
        -0.02128715,  0.04001265],
       [ 0.01861309, -0.01928081,  0.00510488, ..., -0.00367176,
        -0.02830135, -0.00922109],
       ...,
       [-0.02136184,  0.00685569,  0.00645509, ..., -0.00892   ,
         0.00717227, -0.03098286],
       [ 0.00727517,  0.023043  , -0.01198795, ...,  0.04394972,
        -0.01911195,  0.02800206],
       [ 0.02671294,  0.03153537,  0.00796029, ...,  0.01085805,
         0.01886241,  0.01001959]], dtype=float32), 'encoder.0.bias': array([ 1.67705189e-03, -2.57688239e-02, -1.91126689e-02, -1.30748674e-02,
       -3.06928828e-02,  2.40310328e-03,  2.35525258e-02, -3.16466056e-02,
       -4.64258762e-03, -3.99347022e-02, -2.21799593e-02, -2.91863345e-02,
       -1.10983541e-02,  1.94862001e-02, -4.05358672e-02,  1.65706631e-02,
        3.02484818e-02, -4.43590954e-02,  5.05569996e-03,  3.12299132e-02,
        2.05853712e-02, -3.39686833e-02, -2.16418244e-02, -3.19136940e-02,
        5.78701915e-03, -3.34242173e-02, -4.73951437e-02, -1.39960423e-02,
        1.84828509e-02, -1.71096697e-02,  3.85632133e-03, -1.32822627e-02,
        2.36323886e-02, -3.14654410e-02, -2.83832215e-02, -2.97248568e-02,
       -3.74886766e-02,  2.24037282e-03,  5.36639243e-04,  1.97752602e-02,
       -2.94665992e-03, -2.14028694e-02,  1.58870034e-02,  1.76333021e-02,
        1.51401414e-02,  2.61253044e-02,  4.92272079e-02, -1.07093360e-02,
        1.76101048e-02, -2.80356240e-02, -4.32019234e-02,  7.21301883e-03,
        1.68850925e-02, -6.90379180e-03,  2.59182490e-02,  3.19677102e-03,
       -2.26363689e-02, -2.29421742e-02,  1.98511481e-02, -3.17362733e-02,
       -4.17827889e-02,  1.47240441e-02,  1.75166987e-02,  1.55504877e-02,
       -4.78395261e-03, -1.48720816e-02,  2.69977115e-02, -3.81942950e-02,
       -2.06495244e-02, -2.89028957e-02, -3.68164899e-03,  2.01052730e-03,
        1.48096122e-02, -1.47597129e-02, -1.87608991e-02,  2.54639778e-02,
       -3.26614305e-02, -4.31085229e-02, -2.96982843e-02,  1.71138365e-02,
        2.98892334e-02,  1.75427143e-02,  2.98763160e-02, -1.56844463e-02,
        2.33427305e-02, -4.22267430e-02, -1.08681980e-03, -1.76685471e-02,
       -2.10163221e-02,  1.50488308e-02, -1.52229480e-02,  2.34927926e-02,
       -5.21822786e-03, -3.51917045e-03,  1.66054592e-02,  2.29426753e-02,
        3.51573713e-02, -1.24943815e-02, -7.32305343e-04,  2.80091781e-02,
        1.46218296e-03,  1.88986334e-04, -3.88819464e-02, -4.46933284e-02,
       -3.30718867e-02,  5.80105232e-03, -1.91608500e-02, -2.53690649e-02,
        1.31505216e-02, -4.18936834e-02, -2.57369038e-02, -3.82031687e-02,
       -3.43235955e-02,  5.62953949e-03,  2.28545610e-02, -8.48834682e-03,
       -3.08780815e-03, -3.32099535e-02, -3.08747645e-02, -2.20424626e-02,
       -2.48575173e-02, -3.54636051e-02,  3.26907709e-02, -2.56134551e-02,
       -2.27848850e-02, -8.44921824e-03, -1.82505827e-02,  1.84794720e-02,
        1.38108479e-02, -2.42256243e-02,  1.37205748e-02,  2.27850713e-02,
       -4.41159047e-02,  3.73522080e-02, -4.02163202e-03, -2.58156899e-02,
       -4.59197499e-02, -1.53529821e-02, -3.23994202e-03,  9.03228880e-04,
        4.03489405e-03,  2.89779361e-02,  9.04230867e-03, -3.05535235e-02,
       -1.06906854e-02, -1.25907212e-02,  1.29702669e-02,  1.62170045e-02,
       -1.42484894e-02, -9.36510507e-03,  3.01371459e-02, -4.04867120e-02,
       -2.43082503e-03,  2.30478160e-02,  1.92018524e-02, -3.79100963e-02,
       -2.69482285e-02,  1.58076342e-02, -2.04165429e-02, -7.23632379e-03,
       -2.97055468e-02,  3.45226042e-02, -4.46767919e-02, -2.35907082e-02,
       -3.96415778e-02,  6.50622696e-03, -4.14425358e-02, -3.28625068e-02,
       -4.86083999e-02, -1.66856032e-02, -2.16964800e-02, -4.39875163e-02,
        1.18553815e-02, -5.75490948e-03, -3.60937566e-02,  2.98363678e-02,
        1.99500006e-02, -1.19224368e-02,  1.75204203e-02, -9.29469522e-03,
        4.87290043e-03,  5.18344296e-03, -2.25541508e-03, -4.77136895e-02,
        2.13489532e-02,  1.30378567e-02, -3.64771113e-02,  2.22485717e-02,
        2.52281353e-02,  2.39195582e-02, -2.67049335e-02,  4.21111519e-03,
       -4.62499708e-02, -2.08442993e-02, -5.89228384e-02, -4.56907088e-03,
       -2.05826443e-02, -2.41888054e-02, -2.22942438e-02, -1.34497778e-02,
       -1.40665881e-02,  3.31744626e-02,  9.81722213e-03, -4.20541614e-02,
        2.99524665e-02, -4.29494642e-02,  2.60988846e-02,  3.48830111e-02,
       -1.07270153e-02,  2.10411120e-02,  1.23569313e-02,  2.55414154e-02,
        1.04322722e-02, -3.24856900e-02, -3.36977392e-02, -3.00188009e-02,
       -1.57569174e-03, -3.26083750e-02, -2.79241316e-02, -1.80479903e-02,
        9.78350360e-03,  1.40027488e-02, -2.85559800e-02, -1.61028486e-02,
       -1.59421600e-02,  2.29098946e-02, -3.51786502e-02, -2.55458076e-02,
       -3.29149701e-02, -2.11932324e-02, -4.47852537e-02,  1.78392492e-02,
       -1.12688476e-02,  3.41546908e-03, -2.78843008e-02,  2.01054309e-02,
        2.80416454e-03,  4.08364162e-02,  4.64445092e-02, -9.25147813e-03,
        1.67808887e-02, -3.53115536e-02,  2.65124328e-02,  8.09845701e-03,
       -3.50625291e-02, -4.69402671e-02, -1.95025355e-02, -3.57701629e-02,
       -3.49229090e-02,  5.57112088e-03,  1.49652257e-03, -1.69264358e-02,
        1.42825884e-05, -2.92915944e-03, -2.81009879e-02,  8.58821068e-03,
        1.29925115e-02, -4.54921760e-02,  1.79139581e-02,  2.95670889e-02,
        3.38369906e-02, -3.37044075e-02,  1.02594942e-02, -2.22561378e-02,
       -1.73602272e-02, -8.14313907e-03, -3.89698483e-02,  2.12186854e-02,
        1.64208934e-02, -3.21723633e-02,  2.69441791e-02, -3.99076194e-02,
        7.53313629e-03, -1.54703036e-02, -4.52186652e-02,  1.28785418e-02,
       -4.68581431e-02,  3.05758491e-02, -3.15217935e-02, -4.30984832e-02,
        2.75241137e-02,  1.95300020e-02,  7.23280618e-03, -4.66700969e-03,
       -4.54804637e-02,  2.21802071e-02, -2.91022640e-02,  1.91031937e-02,
        1.66936591e-03, -4.73363996e-02, -3.28931287e-02, -3.63550484e-02,
       -2.20650937e-02, -2.45353542e-02, -8.73573031e-03, -4.24221046e-02,
        2.75397375e-02, -2.83128433e-02,  1.93486232e-02, -3.07279173e-02,
        3.55235487e-03, -2.98700426e-02, -1.65983718e-02, -7.34563824e-03,
       -4.01814952e-02, -4.42023203e-02,  1.07414136e-02, -3.79135758e-02,
       -6.73366431e-03,  1.11086806e-02,  1.93996523e-02, -3.01597547e-02,
       -4.39075753e-02,  5.83800348e-03, -2.79765930e-02, -5.01604192e-02,
       -1.51857622e-02,  3.09399385e-02, -3.63029763e-02, -1.17573300e-02,
       -1.31967813e-02, -2.72046998e-02,  7.80809624e-03, -2.17578318e-02,
       -4.24444303e-02, -3.11894175e-02,  2.46559158e-02, -2.27210037e-02,
        1.02271801e-02,  2.75344215e-02,  2.01731455e-03,  1.59918647e-02,
       -2.03116518e-02,  3.36562134e-02, -4.87231184e-03,  7.99813960e-03,
       -4.30003647e-03, -2.19230689e-02,  2.67339796e-02,  7.08042225e-03,
       -3.96907516e-02,  2.42905822e-02, -1.86430700e-02,  1.64914858e-02,
       -1.38536450e-02,  2.47564688e-02,  3.15240771e-02,  8.63632304e-04,
       -3.17751765e-02,  7.06876349e-03, -4.70610755e-03,  1.62915792e-02,
       -2.99318340e-02, -7.62653863e-03, -3.75577621e-02, -1.88159607e-02,
        3.66792548e-03,  1.77718922e-02,  5.47583262e-03, -1.77190453e-02,
       -6.70208549e-03,  2.71379966e-02, -2.35373266e-02,  1.79283824e-02,
        1.92902386e-02, -1.72786955e-02,  2.01202296e-02,  2.44078841e-02,
       -1.79133434e-02, -3.94713879e-02, -1.67492758e-02, -6.71889447e-03,
       -2.01710686e-02,  1.57484803e-02,  2.28824541e-02,  2.24761013e-02,
       -5.09093329e-03, -1.00093521e-02, -2.53865756e-02, -2.32258849e-02,
       -3.16700488e-02,  1.91859268e-02,  1.42717240e-02, -1.05042858e-02,
       -1.70674976e-02, -1.32684708e-02, -1.83478743e-02,  2.49608513e-02,
       -3.11221811e-03, -4.98529002e-02, -2.28040740e-02,  9.58689954e-03,
       -2.38553411e-03, -1.89926082e-04,  1.13442577e-02,  2.60899849e-02,
        7.86531530e-03, -5.42781577e-02, -1.32559082e-02,  2.42380872e-02,
       -1.98229682e-02, -5.65508194e-03, -4.52873809e-03, -1.28876846e-02,
        1.04793590e-02, -3.31543479e-03,  5.50565892e-04,  2.88520902e-02,
        1.40429856e-02,  2.48803962e-02, -4.54424992e-02,  1.67686734e-02,
       -3.74168009e-02, -7.79517367e-03, -4.50412259e-02,  4.56123091e-02,
       -1.51019376e-02, -2.57347189e-02, -8.56662635e-03,  2.54560765e-02,
       -2.09120344e-02,  1.26549611e-02, -4.03717943e-02, -2.99057718e-02,
        1.30265905e-02,  1.95335150e-02, -1.37640098e-02, -4.65665199e-02,
        2.20580474e-02, -1.90285705e-02, -4.02845629e-02, -1.04693109e-02,
        5.08859614e-03, -6.36137137e-03, -3.77485864e-02, -3.72825265e-02,
        2.61661578e-02, -1.53525556e-02,  1.83722507e-02,  1.29926037e-02,
       -3.55854928e-02, -1.23946760e-02,  1.16491904e-02, -4.41571549e-02,
       -4.06086771e-03, -1.64327342e-02,  1.32318186e-02,  2.97597591e-02,
       -1.85911395e-02,  2.85522621e-02, -3.06957439e-02,  1.55167030e-02,
       -3.74772102e-02,  9.19470284e-03, -2.65123807e-02, -6.50331099e-03,
       -1.78296976e-02,  1.96358413e-02, -1.66354012e-02,  3.42333838e-02,
       -4.09866981e-02, -1.79018229e-02, -6.34367112e-03,  1.28087653e-02,
       -4.01587002e-02, -4.65481542e-02, -2.36012954e-02, -2.99678277e-02,
        2.43164343e-03, -3.87827307e-02, -3.31311077e-02,  1.56321004e-02,
       -3.52865346e-02, -3.91012244e-02,  7.02050142e-03, -1.61576793e-02,
       -2.20870972e-02, -2.42460333e-03, -3.94138806e-02, -1.31707033e-02,
        3.16141509e-02, -3.66440825e-02,  8.27126019e-03,  2.21163049e-04,
       -3.35782133e-02, -3.02119683e-02,  2.95910761e-02, -1.34321749e-02,
       -2.49116980e-02,  2.06344109e-03, -4.56662476e-03,  1.48061598e-02,
       -4.58866823e-03, -1.40333874e-02, -2.73500420e-02,  1.07588191e-02,
       -1.45068187e-02,  1.23357605e-02,  6.52655913e-03, -3.72836217e-02],
      dtype=float32), 'encoder.2.weight': array([[ 0.07095779, -0.07017676, -0.08904036, ...,  0.01099296,
         0.00259343, -0.12215561],
       [-0.0679884 ,  0.05901235, -0.12561408, ...,  0.00522272,
         0.03987316, -0.07997575],
       [ 0.11277445,  0.09292626,  0.13019146, ...,  0.04841039,
         0.08372437,  0.06425875],
       ...,
       [ 0.01817042,  0.03739172, -0.1064663 , ..., -0.07776865,
         0.05609755,  0.02222667],
       [ 0.09883408,  0.0299728 ,  0.08033978, ...,  0.00882611,
         0.03686985,  0.03799269],
       [ 0.12197368, -0.1309386 ,  0.09497198, ..., -0.03225103,
         0.00296268, -0.09604062]], dtype=float32), 'encoder.2.bias': array([ 0.10155015,  0.05880984,  0.12111469, -0.07883211, -0.04756089,
       -0.15056512, -0.04365149,  0.04300606, -0.10635749,  0.04548369,
        0.06744102, -0.11800958, -0.06490819, -0.04542669,  0.05791567,
        0.09622411, -0.04362356, -0.12210433,  0.07933   ,  0.05649468,
       -0.06722898, -0.05937722, -0.10564882, -0.038977  ,  0.05250141,
        0.04495798, -0.01549285, -0.09828556, -0.11014781, -0.09682305,
       -0.07459434, -0.06459513,  0.05316213, -0.02986395, -0.00306904,
        0.09846716, -0.08799431, -0.04548041, -0.097844  ,  0.15829194,
       -0.09459601, -0.00406943,  0.06861981, -0.06235098, -0.013808  ,
        0.06696724,  0.07003669,  0.01098338, -0.07679851, -0.0557371 ,
       -0.01551036, -0.0171994 , -0.08921691, -0.02502927,  0.01798701,
       -0.10911552,  0.09985446, -0.12849662,  0.00277505,  0.06768525,
       -0.0825341 ,  0.10710377,  0.11617628,  0.00108126, -0.06023534,
       -0.02030836,  0.06832703,  0.1285836 ,  0.01074401, -0.09899788,
        0.11782911, -0.02670549, -0.08492246, -0.06953625,  0.10606065,
       -0.00761015, -0.06004313,  0.00546204,  0.06843568,  0.11903165,
       -0.14841402,  0.08456726, -0.04996068,  0.08882502,  0.09737784,
       -0.10286447, -0.02838872, -0.0592638 ,  0.01941306,  0.05182206,
       -0.06950758,  0.12832694, -0.01964955, -0.07130072, -0.11850455,
        0.0268655 ,  0.07394631,  0.00129386, -0.09241764, -0.01535497,
        0.04652915,  0.06357297,  0.12635913, -0.0913768 ,  0.00442423,
        0.03798619,  0.10965902,  0.00342374,  0.02156733,  0.09003912,
        0.06835133, -0.01978497, -0.14666957,  0.13020328,  0.10082841,
        0.08221425, -0.06681861, -0.09350481, -0.00957243,  0.01115066,
        0.00487952,  0.01042194,  0.10598125, -0.01100893, -0.01562686,
        0.04435333, -0.11991611,  0.09136847,  0.06790214, -0.14125903,
        0.06367589, -0.06541993,  0.09961995, -0.11517178, -0.03892508,
        0.05357308,  0.05637977,  0.06819566,  0.03191226,  0.10080608,
        0.01021898,  0.03817395,  0.04855112, -0.00389534, -0.02402841,
       -0.13223681, -0.01033046,  0.04909747, -0.07663427, -0.09643918,
       -0.02427923,  0.00802329, -0.0657925 ,  0.11195011, -0.00373391,
       -0.14058578,  0.06366885, -0.05957245,  0.12826248, -0.05278697,
       -0.01323489, -0.1557424 , -0.00690473, -0.0335573 ,  0.07054743,
       -0.03774009, -0.03842761, -0.10312989,  0.06126076,  0.03573761,
       -0.11251368,  0.04036633,  0.09018103,  0.00260291, -0.04701782,
       -0.04542022, -0.0510721 , -0.06672688,  0.00476888,  0.06858243,
        0.07883067, -0.01393619, -0.00573726, -0.13759628,  0.07284512,
       -0.0232378 ,  0.10583062,  0.04951835, -0.12782252, -0.12186027,
        0.06779044,  0.0163681 ,  0.05348131,  0.00915138, -0.0650895 ,
       -0.10158351, -0.01316648,  0.02384655,  0.01714955,  0.0284436 ,
       -0.09192984, -0.08079439, -0.07072902, -0.01137944,  0.06573123,
       -0.02128314,  0.0079118 , -0.04795859, -0.08332194, -0.05704698,
        0.0614061 ,  0.0088461 , -0.00439095,  0.10710558,  0.1187344 ,
       -0.15379421,  0.09211443, -0.06153835, -0.12606314,  0.02083471,
       -0.12114458,  0.05037805,  0.05300416, -0.08620457, -0.10101461,
       -0.01826769,  0.03453357,  0.09182794,  0.05988504,  0.02818588,
        0.10153188,  0.09774102,  0.071787  , -0.13999322, -0.02316985,
        0.01871597,  0.02536511,  0.00315058, -0.10242484, -0.0923911 ,
        0.09820653,  0.08485451,  0.02149813,  0.03997935,  0.09904849,
        0.07174058,  0.0700005 ,  0.11693729, -0.04276243, -0.09301416,
        0.00942458, -0.01233056,  0.11333544,  0.11552454, -0.03530276,
        0.01877711,  0.07898832, -0.05994802,  0.02782242, -0.03916102,
        0.00807317,  0.00293668,  0.00742038,  0.07086003, -0.03451082,
        0.10305563,  0.00222923,  0.00147504, -0.00162294,  0.02040804,
        0.11152449, -0.13525663, -0.09777214,  0.03754894, -0.03461901,
        0.12907428,  0.08232497, -0.1479207 ,  0.08775164,  0.02017287,
       -0.06155802, -0.06610832,  0.03192202, -0.07927828, -0.12243097,
        0.09022042,  0.08910456, -0.13011593,  0.07783827, -0.02928732,
       -0.13797821, -0.05448259,  0.10701118, -0.00093557, -0.03938675,
       -0.0478855 ,  0.05200768,  0.13149214, -0.0263319 ,  0.02613109,
       -0.04958882,  0.08958493, -0.10167563, -0.12300889,  0.06312873,
       -0.12856437,  0.02584031, -0.02675996, -0.1264578 ,  0.05165112,
       -0.06150968, -0.13991606, -0.1496318 ,  0.03827626,  0.06914382,
        0.05438279,  0.06589881, -0.05515939,  0.11613593,  0.01880736,
        0.14690368,  0.09325992, -0.0656765 ,  0.03834166,  0.02774665,
        0.0883949 ,  0.00468955, -0.00809199, -0.05129233, -0.10063769,
       -0.11961374,  0.0415959 , -0.11308736,  0.03109858, -0.02358313,
        0.11045825, -0.02077113, -0.01390827,  0.06569973, -0.11651105,
        0.08663685, -0.07186102, -0.04020743,  0.04351092,  0.0091321 ,
        0.07325874, -0.07814973,  0.04935447,  0.07085878,  0.0973198 ,
        0.09270674, -0.08367619,  0.01824021, -0.05729137, -0.09153158,
       -0.08466894, -0.10389402,  0.0326059 , -0.04970503, -0.03422204,
        0.05227377, -0.01991631, -0.06404447, -0.10933661, -0.1396674 ,
       -0.06063162,  0.01113707,  0.00125818, -0.04188579, -0.12767132,
        0.07127886,  0.08166215, -0.04099036,  0.0749792 ,  0.07012339,
        0.04885209,  0.04995187,  0.11725248, -0.08998591, -0.00021969,
       -0.08183489,  0.1082106 ,  0.05056492, -0.05563433,  0.11529978,
        0.07933999, -0.09906046,  0.10106748,  0.01573196, -0.08510088,
        0.09955032, -0.05068147,  0.09728848,  0.04451575,  0.07160503,
        0.02982428,  0.09682921, -0.1438799 , -0.07405496,  0.11084069,
       -0.01857456,  0.07035413,  0.11254014,  0.04141118, -0.04340717,
       -0.11311309,  0.04518551,  0.07520709,  0.05351803, -0.11276576,
        0.05938471,  0.0349571 , -0.03016622,  0.03044587,  0.04994655,
       -0.11254302, -0.00939238, -0.03197338,  0.11001591, -0.00427345,
        0.01620744, -0.02339743, -0.01474847,  0.06890179,  0.08657774,
        0.00415193,  0.08999731,  0.04952972, -0.03794957,  0.03468091,
       -0.12938218,  0.07039057, -0.00578868, -0.07983789,  0.02091421,
       -0.0474072 , -0.07345562,  0.00036206, -0.10120403, -0.01122989,
        0.10933959,  0.1313385 ,  0.11333437, -0.01969516, -0.02505349,
       -0.11783769,  0.11042934, -0.03736772, -0.10266382, -0.04195569,
        0.10295824, -0.04473813, -0.02049149, -0.0922758 ,  0.01240988,
        0.0059192 , -0.02851354, -0.04711188,  0.1301064 , -0.11543546,
       -0.10660561,  0.05279878, -0.06690958,  0.12868498,  0.09632172,
       -0.02704048, -0.12360153,  0.04922124,  0.07092715, -0.06660903,
       -0.09874149, -0.00083226,  0.07238191,  0.05381667, -0.11677063,
       -0.01291063, -0.03695369, -0.12577727,  0.12805173,  0.11801029,
        0.12503411, -0.02257315,  0.03112088,  0.03521112,  0.05784146,
       -0.14489281, -0.10079263,  0.04160121, -0.05203925, -0.06180742,
       -0.14433779,  0.11305261, -0.0926202 ,  0.14853825, -0.12821265,
        0.00989286, -0.12914461,  0.04835895,  0.04203552, -0.11659437],
      dtype=float32), 'encoder.4.weight': array([[-0.09236436, -0.10576761, -0.10954028, ...,  0.1100441 ,
         0.04942362, -0.08286109],
       [-0.00417589, -0.10249932, -0.14184588, ...,  0.08302336,
        -0.04987749, -0.08198443],
       [-0.03164124,  0.07055906,  0.03895916, ...,  0.11992895,
         0.10180382,  0.03965235],
       ...,
       [-0.12685013,  0.08214504,  0.07133913, ...,  0.10298379,
         0.07750884, -0.09584003],
       [ 0.03020221,  0.10517655, -0.06797736, ..., -0.12131831,
        -0.03679714, -0.00722337],
       [-0.12629162,  0.11291596, -0.11928206, ..., -0.05909793,
        -0.13270985, -0.1104663 ]], dtype=float32), 'encoder.4.bias': array([-0.1166893 ,  0.00371024,  0.1210554 , ...,  0.09708773,
       -0.07360861, -0.12695037], dtype=float32), 'encoder.6.weight': array([[-0.0206981 , -0.04579865,  0.04554471, ...,  0.02933037,
         0.01635245, -0.03271057],
       [ 0.03626959,  0.03988156,  0.05682509, ..., -0.04547092,
         0.04658028,  0.05239508],
       [-0.0464329 , -0.03415256,  0.04369499, ...,  0.02554928,
        -0.035065  , -0.00325205],
       ...,
       [-0.03272882, -0.05272888, -0.01105618, ..., -0.0146068 ,
         0.0387335 , -0.00535854],
       [-0.04040883, -0.03686638, -0.06788734, ...,  0.05742902,
        -0.03532111,  0.04786861],
       [-0.03158582, -0.02898472, -0.03300982, ...,  0.00356885,
        -0.05205216,  0.04752041]], dtype=float32), 'encoder.6.bias': array([-0.0144636 ,  0.00434366,  0.02569053,  0.02102285, -0.0307339 ,
       -0.01768841, -0.04385972, -0.0239025 ,  0.03547027,  0.0012458 ],
      dtype=float32), 'decoder.0.weight': array([[-0.42318228,  0.0342208 , -0.20753899, ...,  0.6660363 ,
         0.88731825, -0.3759574 ],
       [-0.2441133 , -0.15553781, -0.35807565, ..., -0.6216705 ,
        -0.7129961 ,  0.8304262 ],
       [-0.5318433 , -0.3239582 ,  0.25655624, ..., -0.12653363,
        -0.45431697,  0.50627285],
       ...,
       [ 0.42876095, -0.22499648,  0.72708666, ...,  0.39646575,
        -0.3912723 ,  0.7203034 ],
       [-0.8909403 ,  0.08739873, -0.77096915, ..., -0.21328552,
        -0.4527181 , -0.90774196],
       [ 0.9333564 ,  0.9482456 ,  0.52308095, ..., -0.3767394 ,
         0.23745474, -0.00372804]], dtype=float32), 'decoder.0.bias': array([-0.9603665 , -0.25210837,  0.02184428, ...,  0.04052528,
       -0.17009285,  0.5297099 ], dtype=float32), 'decoder.2.weight': array([[ 0.04420603,  0.02517821, -0.04886901, ...,  0.03874889,
         0.02360412,  0.03780475],
       [ 0.00639294, -0.00725037, -0.02012268, ..., -0.02861924,
        -0.03945879,  0.02121655],
       [-0.01093528,  0.0145239 , -0.05573928, ..., -0.03982458,
         0.024149  ,  0.02474855],
       ...,
       [-0.04827775, -0.05012109,  0.01977334, ...,  0.03299511,
        -0.05057448,  0.05971548],
       [-0.0221863 , -0.06884212, -0.00229486, ..., -0.03461822,
         0.04686626,  0.0170258 ],
       [-0.08026769, -0.06593776,  0.01590956, ...,  0.00786607,
        -0.05035708, -0.07422466]], dtype=float32), 'decoder.2.bias': array([ 1.74710248e-02, -4.00566012e-02, -4.27512303e-02,  1.70946866e-02,
       -2.42787246e-02, -7.24224299e-02, -2.82052997e-02,  8.26138165e-03,
        5.42000048e-02,  2.17823181e-02, -8.42006579e-02, -1.14882551e-02,
        4.74805105e-03,  5.11370152e-02,  1.10184178e-02, -6.73528411e-04,
       -2.68687606e-02, -5.70208021e-02,  2.96363197e-02,  3.30700364e-04,
        7.12925754e-03, -2.24976204e-02,  1.84827168e-02, -1.67974215e-02,
        5.49861835e-03,  4.71054055e-02, -6.80191293e-02, -6.12277584e-03,
       -6.41696900e-02, -4.50931750e-02,  3.93266156e-02, -6.04636259e-02,
        5.93056418e-02,  3.05690672e-02,  5.73214218e-02, -4.27332111e-02,
       -6.38102069e-02,  2.31222082e-02,  5.70959004e-04, -2.35773660e-02,
       -4.45035025e-02, -5.60738407e-02,  3.88730094e-02, -6.43396452e-02,
        1.27438866e-02,  3.63343321e-02,  2.47442746e-03, -2.12013256e-02,
       -6.41916096e-02,  4.41991240e-02,  3.59543413e-02, -5.15101105e-02,
       -1.45388143e-02,  4.02896553e-02, -5.68877682e-02, -6.72760010e-02,
       -4.38011438e-02, -2.37457152e-03,  7.94736668e-03, -1.46424659e-02,
       -6.11688159e-02,  5.33161908e-02,  5.42522827e-03,  1.07211201e-02,
       -5.62369078e-02, -6.66064397e-02,  1.86205376e-02, -3.98089401e-02,
       -4.00285721e-02,  4.12816815e-02,  8.23429972e-02,  2.24760547e-03,
        2.52894443e-02, -1.06584830e-02,  3.31034474e-02, -1.91172082e-02,
       -7.30428696e-02, -7.53265023e-02,  5.71907610e-02,  4.24972251e-02,
        4.28300947e-02, -5.72351441e-02, -7.63407350e-02, -6.18451163e-02,
        3.64248380e-02, -6.63712844e-02,  1.67407598e-02,  1.99127607e-02,
       -8.32295977e-03, -1.04266694e-02,  1.76028460e-02,  2.75018569e-02,
        3.37680429e-02, -6.47219718e-02, -4.22016457e-02, -6.16903342e-02,
       -4.94404212e-02,  3.73405367e-02, -3.19191739e-02, -5.42207696e-02,
       -2.43829302e-02,  2.85998889e-04, -3.20177153e-02, -5.91856502e-02,
       -1.38202794e-02, -6.84205443e-02,  3.27497199e-02, -1.11437831e-02,
       -3.21984068e-02, -2.39720326e-02,  6.05482701e-03,  2.92852875e-02,
       -5.01333773e-02, -6.88365549e-02, -1.72830354e-02, -3.02970409e-02,
       -4.48124185e-02,  2.41774358e-02, -7.21254274e-02, -7.05447346e-02,
        4.67191786e-02,  6.35578334e-02,  5.44221587e-02, -4.61826585e-02,
        6.18553832e-02,  1.20484661e-02, -6.42459765e-02, -4.77357246e-02,
        5.43610938e-02,  1.99209079e-02,  5.35654239e-02, -6.35374710e-02,
        7.76852062e-03,  5.17901294e-02, -3.11283451e-02,  5.34594916e-02,
        1.07414201e-02, -2.31586490e-02, -6.47168607e-02, -5.71595579e-02,
        6.56082332e-02,  4.72259857e-02, -6.61888421e-02, -1.96663551e-02,
        1.35819875e-02,  5.75118959e-02,  3.82828973e-02,  1.69512480e-02,
        4.14215140e-02, -4.91371192e-02, -6.99785203e-02, -1.70670021e-02,
        5.68823218e-02, -4.06243987e-02, -5.20202890e-02,  5.36960317e-03,
       -4.96305451e-02, -2.34636124e-02, -6.36123344e-02,  1.43134044e-02,
       -3.09053771e-02,  5.04903123e-02,  3.48353349e-02, -1.22548761e-02,
        2.48112995e-02,  4.98590320e-02, -5.22927940e-02,  7.08542317e-02,
        6.39211619e-03,  4.88587096e-02,  6.81531662e-03, -5.73071931e-03,
        3.24707031e-02,  2.32325587e-03, -4.87316176e-02, -6.94116876e-02,
        2.88581979e-02,  2.36427244e-02, -4.82657738e-02,  3.77873257e-02,
        1.97410444e-03, -6.99595958e-02,  5.32706976e-02, -1.25993798e-02,
       -7.26357549e-02,  3.48848104e-02, -6.98364228e-02, -4.22742106e-02,
       -1.64668355e-03, -6.52134418e-02, -3.81329954e-02, -6.63088784e-02,
       -7.35732615e-02, -5.72262332e-02,  7.84003700e-04, -5.14261313e-02,
       -2.58825254e-03,  3.37724015e-02,  3.22211208e-03, -5.89054525e-02,
       -7.31122196e-02, -5.60047198e-03,  5.58917448e-02,  2.03587320e-02,
       -6.54076859e-02, -2.46921629e-02, -1.75930038e-02, -4.76937927e-02,
       -7.98002910e-03, -1.31403678e-03, -7.09423348e-02,  1.65627431e-02,
       -3.27247083e-02, -6.05643429e-02, -2.39245947e-02, -7.14268684e-02,
       -4.39065620e-02,  5.33710979e-02, -1.72909573e-02, -3.58427279e-02,
       -4.59740423e-02,  4.27875062e-03, -3.55878361e-02,  6.33945242e-02,
       -5.72637431e-02,  2.34484114e-02, -6.71706572e-02, -4.36288230e-02,
        2.53822338e-02, -6.90030083e-02, -2.03167228e-03,  1.15837501e-02,
       -3.38596068e-02, -6.48804754e-02, -5.88391684e-02,  2.17922628e-02,
       -3.71344723e-02, -3.45091857e-02, -4.06536534e-02, -4.69301306e-02,
       -6.30447194e-02,  1.15732886e-02, -7.69892484e-02, -3.96500453e-02,
        3.28614302e-02,  6.10670634e-03, -1.26366608e-03,  2.82410998e-02,
        5.82743138e-02, -3.80800068e-02, -6.02406170e-03, -4.51591238e-02,
       -5.85589383e-04, -6.43935986e-03,  3.59652713e-02,  4.94951904e-02,
       -2.51303688e-02, -6.93183169e-02, -5.31598479e-02, -5.59547916e-02,
        1.16328960e-02, -1.49705736e-02, -2.18573143e-03, -3.10973078e-02,
       -5.83264939e-02, -2.53825802e-02,  4.51103115e-04, -7.85640907e-03,
       -4.76682335e-02, -2.22708248e-02,  2.44311914e-02, -6.61288127e-02,
        3.99959609e-02, -6.71699196e-02,  1.97950248e-02,  2.46179700e-02,
        4.36294172e-03, -4.58438136e-02, -2.75594834e-02,  3.10809747e-03,
       -5.37006184e-03,  3.73945422e-02, -6.37033023e-04,  5.70337698e-02,
        2.61215158e-02,  4.29729968e-02, -7.84201398e-02,  4.09996621e-02,
       -7.30126277e-02, -9.15613491e-05, -2.63457242e-02,  2.00536679e-02,
       -5.40950894e-02, -2.27570068e-02, -1.99870784e-02, -4.29510698e-02,
       -4.67284434e-02, -5.99174388e-02, -3.99629958e-02,  1.80408191e-02,
       -7.00873956e-02, -2.27343459e-02,  3.79903428e-02,  3.25297043e-02,
       -2.67806416e-03, -5.43848611e-02,  2.20353771e-02, -2.97074653e-02,
        2.32611652e-02,  3.46697643e-02,  5.65786697e-02, -6.02723956e-02,
       -3.52470875e-02,  5.56271290e-03, -1.76327601e-02, -4.15098481e-02,
        4.10219729e-02,  2.13030726e-03,  1.80601999e-02, -9.50713363e-03,
       -2.79933251e-02, -4.83291186e-02, -2.95001194e-02, -3.76386046e-02,
       -1.89209599e-02, -1.60217844e-02, -7.41220936e-02,  5.11523262e-02,
       -6.71368465e-02, -2.35484564e-03, -6.58584386e-02, -4.36816588e-02,
       -4.54633720e-02, -1.44813415e-02, -4.06212248e-02,  5.56469485e-02,
        4.22245972e-02,  1.55351842e-02, -2.24587694e-02, -3.95206474e-02,
       -3.46970968e-02, -7.44621381e-02,  4.02771635e-03, -5.02076559e-02,
       -1.03256749e-02, -2.12402381e-02, -7.47401267e-02, -8.31188038e-02,
       -1.60542931e-02, -7.58288577e-02,  5.82129834e-03, -4.72543910e-02,
       -6.01489330e-03,  1.05566429e-02,  2.04251874e-02,  1.04307598e-02,
        4.65552062e-02, -4.65783477e-02, -7.90939182e-02, -1.43075436e-02,
       -3.00055742e-02, -4.23655920e-02,  4.98054922e-02, -2.59372010e-03,
        4.77929749e-02,  3.89640182e-02, -7.08826184e-02,  2.44262088e-02,
       -1.67552363e-02, -5.04918210e-02,  5.72721995e-02, -1.02389781e-02,
       -5.12406416e-02, -5.08987717e-02, -2.85444502e-02, -2.05588224e-03,
       -2.31412016e-02,  3.96538340e-02, -3.56325172e-02,  2.48216242e-02,
       -4.91810814e-02, -2.87590660e-02, -3.02851982e-02, -2.89307516e-02,
       -2.94434074e-02, -6.69548586e-02, -4.06238995e-02, -3.00278440e-02,
        4.47132997e-02,  9.34638176e-03, -2.24270802e-02,  2.62673721e-02,
        5.83750457e-02, -5.78984655e-02,  8.29477422e-03,  2.44235694e-02,
        1.27351461e-02,  3.40633877e-02,  1.10869445e-02,  5.16326539e-03,
       -4.51117009e-02,  3.92120369e-02, -6.14063293e-02,  5.78095429e-02,
        4.27002162e-02,  3.16185988e-02, -2.81878468e-02, -4.58875746e-02,
        5.84999025e-02, -6.07082546e-02, -4.50210534e-02, -5.92288561e-02,
        4.17447612e-02, -5.68991490e-02, -2.25427318e-02,  8.28821305e-03,
        4.03627604e-02, -8.71626288e-03, -5.04043400e-02, -1.72397047e-02,
        2.05243975e-02, -6.51684105e-02, -8.81294813e-03, -5.24028391e-02,
       -2.07093358e-02,  4.05661277e-02, -4.08942290e-02,  5.54675376e-03,
        3.81616829e-03,  4.73827757e-02, -4.87759337e-02,  2.18153447e-02,
        9.24386308e-02, -1.02590537e-02, -5.89286089e-02, -2.48810519e-02,
        9.55825392e-03, -7.47716427e-03, -1.55653944e-02,  4.01513688e-02,
       -2.61846576e-02, -5.47502376e-02, -3.12058777e-02, -5.90245202e-02,
       -8.42619315e-02,  1.78379565e-02, -1.22906938e-02, -4.79784310e-02,
       -3.52634490e-02, -6.62619248e-04,  4.52348180e-02, -4.76772636e-02,
        8.25684145e-03,  5.00971861e-02, -9.67710186e-03,  5.00607118e-02,
        4.89427056e-03, -3.85512412e-02,  2.33333465e-02, -1.55079281e-02,
        8.14223953e-04, -3.37243862e-02, -2.85282498e-03, -6.56609833e-02,
       -5.87105714e-02,  1.27511211e-02,  2.32383721e-02,  3.70313674e-02,
       -2.08563227e-02,  5.18020466e-02, -2.40383465e-02, -5.75787127e-02,
       -1.11186337e-02,  3.57060470e-02, -5.46865165e-02, -5.18440306e-02,
        2.07802989e-02,  3.19275446e-02, -4.92573678e-02,  1.09849889e-02,
       -9.38651338e-03,  8.40429217e-03, -4.15350832e-02, -6.96435943e-02,
       -4.76990715e-02, -9.23687883e-04,  1.02682179e-02, -4.01063338e-02,
       -4.23665904e-02, -6.32005408e-02, -7.08678178e-03, -5.03990380e-03,
        2.79217353e-03,  7.07881758e-03,  7.46292174e-02, -2.39869691e-02,
        3.52983512e-02, -7.53382817e-02,  4.18463722e-02, -5.56722935e-03],
      dtype=float32), 'decoder.4.weight': array([[ 0.12609251, -0.04688109,  0.05369499, ..., -0.10986245,
         0.08707453, -0.00436503],
       [ 0.00187766, -0.06869058, -0.11204834, ..., -0.0107173 ,
        -0.14679606,  0.12657528],
       [-0.02124149, -0.107846  ,  0.04987745, ..., -0.00906118,
        -0.11311769,  0.11709095],
       ...,
       [-0.00946739, -0.05094234,  0.08845706, ..., -0.06370971,
         0.00819473, -0.05614715],
       [ 0.06509935, -0.04938674,  0.05997555, ...,  0.09955674,
        -0.0432758 ,  0.05857253],
       [-0.11371092,  0.07305404, -0.00909646, ...,  0.03551279,
         0.02638237, -0.08563904]], dtype=float32), 'decoder.4.bias': array([-0.05595048,  0.08269615, -0.04413494, -0.08907887, -0.01551035,
        0.11641956, -0.12713629,  0.01472843, -0.06117167, -0.00429663,
       -0.13862047,  0.02764769, -0.06143792,  0.12307714,  0.02725199,
        0.07883435, -0.01715373, -0.07378127, -0.09077921,  0.12143971,
        0.09247016, -0.15737005,  0.08118849,  0.01292316, -0.13447219,
        0.02143581, -0.05682978,  0.12958361, -0.07660431, -0.11815918,
        0.06015425,  0.05964777,  0.09725188,  0.079373  , -0.08100797,
        0.05735839,  0.12330807,  0.05960244, -0.03283528, -0.134552  ,
       -0.06372552, -0.06665803, -0.10460114,  0.11808072, -0.02933433,
        0.10993795, -0.09468353, -0.05203293, -0.14518102, -0.02607159,
       -0.08115714, -0.09954517,  0.05916485, -0.03718387, -0.01835163,
       -0.03653769, -0.06029813,  0.07103293, -0.14448029, -0.12215655,
       -0.1200761 , -0.10339193, -0.00932909,  0.09770001, -0.08781917,
        0.07826985,  0.01197693, -0.11922511, -0.05259664,  0.03008953,
        0.06550976,  0.03838766, -0.0661834 , -0.09867083, -0.1917898 ,
        0.07464225, -0.00567557,  0.01858113, -0.05150017,  0.11034496,
        0.05037332,  0.06634613,  0.14303066, -0.0223869 ,  0.08938706,
       -0.15649238, -0.01474878,  0.06477986,  0.04891208, -0.06572925,
       -0.06109796,  0.05270062,  0.07080677,  0.07372797,  0.00511808,
       -0.12771203, -0.10242507,  0.08655554,  0.08840194, -0.06716825,
        0.08441322,  0.13921523,  0.13142498, -0.10417799, -0.06775074,
       -0.09956001, -0.03630227, -0.00770965,  0.08825576, -0.10448955,
       -0.11239285,  0.10656517,  0.17505276,  0.08962608, -0.14604679,
        0.1268538 ,  0.02123581,  0.15652214,  0.05910539, -0.12965253,
        0.01985951, -0.06728275, -0.02434528, -0.10351586,  0.07110633,
       -0.00561093,  0.02917161, -0.08924872, -0.10205208,  0.09106235,
        0.08545355,  0.05080736, -0.10819934,  0.01834708, -0.15091152,
       -0.0282278 , -0.07144508, -0.02895826, -0.11808097, -0.04518383,
       -0.13418454, -0.14303772,  0.08859222, -0.11311915, -0.01596452,
       -0.05115156,  0.16771945, -0.10197955,  0.03168594,  0.04508597,
        0.01849786,  0.00976121,  0.10089486, -0.09516658,  0.08368938,
        0.02412535,  0.06167766,  0.05373523, -0.12903623,  0.07204389,
        0.07317512, -0.09717031, -0.00192884, -0.04263102, -0.14125097,
        0.1303476 ,  0.10117158,  0.12455761,  0.12068837,  0.0205564 ,
        0.09062977, -0.05617471,  0.08764631, -0.10746215, -0.10468637,
       -0.05445939, -0.10586954,  0.03777843,  0.11943734, -0.09209058,
        0.09875086,  0.05740563,  0.06874792,  0.14161776,  0.06597065,
       -0.09291039, -0.02495643,  0.0221048 , -0.05754691,  0.082365  ,
       -0.10645255,  0.03773724, -0.02281042,  0.1123874 , -0.03641434,
        0.1233565 , -0.02764103,  0.04782297, -0.04139064,  0.0172691 ,
        0.05936912,  0.10852164, -0.04605862, -0.09773634, -0.05419786,
       -0.05038634,  0.1023581 ,  0.022271  , -0.00702781, -0.01098947,
       -0.05050667,  0.11048771, -0.13566035, -0.05513468,  0.01988156,
       -0.04444569, -0.10858413, -0.09053355, -0.02944852,  0.07971938,
        0.13289963,  0.08815572,  0.04565943,  0.02669943, -0.15140443,
        0.13506626,  0.02091512, -0.1024472 ,  0.13097693, -0.00146566,
       -0.1648044 ,  0.00616119,  0.00314844,  0.16937187,  0.0858811 ,
       -0.00506716, -0.11685166,  0.05248705, -0.0696941 ,  0.01789829,
       -0.04063844,  0.00103116,  0.04315718, -0.13877022, -0.07931908,
        0.00643653,  0.02679822,  0.07183941,  0.11411394,  0.00870304,
       -0.11614888, -0.13374443, -0.1308601 , -0.0303137 , -0.10593849,
       -0.10241621,  0.00765388, -0.00074748,  0.13335943,  0.02667638,
        0.12296455,  0.00489192,  0.07009417,  0.10079582, -0.07163204,
       -0.11072388, -0.11324357, -0.13246308, -0.1500745 ,  0.0375871 ,
       -0.1012468 ,  0.10290217, -0.11417171,  0.13855107, -0.0323511 ,
        0.08866609, -0.03784757, -0.08831486,  0.09614489,  0.0298807 ,
       -0.0866852 ,  0.08983304, -0.03857298,  0.06977482,  0.0139393 ,
        0.08378276,  0.10804185,  0.02373416,  0.15082549,  0.00475087,
        0.0653768 , -0.06147649, -0.14250906,  0.03786735, -0.17670518,
        0.11389098,  0.04226768,  0.01964298,  0.10149433, -0.02511189,
        0.0011137 ,  0.1150452 , -0.10118392, -0.04607069,  0.12612388,
        0.05198053,  0.10429174,  0.04041459, -0.05931944,  0.13158298,
        0.09442587, -0.19140714, -0.11208312, -0.0696762 , -0.00524509,
        0.08256971, -0.04223965,  0.1026079 , -0.08227215,  0.07829098,
        0.08654262,  0.07731473,  0.0551825 , -0.01630658, -0.05727411,
        0.04258904,  0.03760922,  0.07968397, -0.08699304, -0.08420788,
        0.09421764, -0.08912049,  0.08962394, -0.05364623, -0.1542273 ,
       -0.10036156,  0.12822686, -0.02206305, -0.13804817,  0.0398254 ,
        0.15532504, -0.06847522,  0.10397282, -0.06989277, -0.09008234,
        0.09671018, -0.08682939,  0.01501651, -0.0956044 , -0.01482487,
       -0.00154435, -0.03408928,  0.01718839,  0.01439127,  0.00882078,
       -0.08434176,  0.11999586, -0.10215303,  0.13682629,  0.0517381 ,
       -0.1590819 ,  0.07493335, -0.06631623,  0.07307023,  0.06720807,
        0.02785743, -0.0702253 , -0.03136479,  0.12386206,  0.08785193,
        0.06484735,  0.11515681,  0.02650771,  0.04050054, -0.08992784,
       -0.12210485,  0.072392  , -0.08272471,  0.13000157, -0.05466652,
        0.05326401, -0.10449563, -0.0612292 , -0.10505183,  0.10314183,
       -0.09714368,  0.1087174 ,  0.0994321 , -0.11752892,  0.10470092,
        0.09406736, -0.0354101 , -0.10502232,  0.10365865,  0.02475455,
       -0.03336556,  0.01796361, -0.14384025, -0.12384875,  0.15232898,
       -0.06343042,  0.08036038,  0.090603  , -0.11660598,  0.08587869,
        0.01308029,  0.05198037,  0.09766418, -0.04940616, -0.09681926,
       -0.0524273 , -0.04733914, -0.09345863, -0.16348687, -0.15320271,
       -0.03629149,  0.09825087, -0.012378  ,  0.09555177,  0.09588958,
        0.00427301,  0.07912805, -0.07069795, -0.03081267,  0.07150092,
       -0.06087201,  0.13655744, -0.02041553, -0.10189846,  0.07876894,
       -0.06358948,  0.12497906, -0.00232072,  0.07945172, -0.10516509,
       -0.02066765,  0.07512435, -0.04199514,  0.10181567,  0.07782327,
       -0.02131207, -0.07521355, -0.05414464, -0.06368791, -0.07742445,
        0.06603751,  0.09358471,  0.03022653,  0.03432148, -0.12760726,
       -0.05591658,  0.02888502, -0.01799577, -0.09176477, -0.1264091 ,
        0.08011387,  0.08871003, -0.08171313,  0.073064  , -0.12998395,
       -0.02456928, -0.17034526, -0.12421208,  0.10611945, -0.03728585,
       -0.03952494, -0.0501317 , -0.02459258, -0.00727047, -0.14444506,
        0.06920657, -0.1527277 , -0.09422741,  0.07809494,  0.11031382,
        0.12724756,  0.04057842, -0.01843566,  0.03198425,  0.03697342,
        0.06689398,  0.05881071, -0.11323725,  0.00164908, -0.12461694,
       -0.07661881, -0.11828425, -0.1566895 , -0.1449008 , -0.04270225,
       -0.11750006, -0.0847991 ,  0.11328719,  0.04147761,  0.03095821,
       -0.1119219 , -0.12018726,  0.14063075,  0.09455501,  0.12265274],
      dtype=float32), 'decoder.6.weight': array([[ 0.1010488 , -0.04652507,  0.22066861, ...,  0.2435939 ,
         0.24892753,  0.03695985],
       [-0.05249224,  0.05779995, -0.10996701, ...,  0.10897309,
         0.04700122,  0.03121167],
       [-0.11976425,  0.13583852, -0.1328872 , ..., -0.01333814,
         0.08246443, -0.05127966],
       ...,
       [ 0.01331071,  0.09645526,  0.08686429, ..., -0.07288839,
        -0.06935387, -0.07870794],
       [-0.0632295 , -0.03111005, -0.11271406, ..., -0.09297938,
         0.10618715,  0.04259953],
       [ 0.06556901,  0.0174222 , -0.1354133 , ..., -0.0024858 ,
         0.04163938, -0.05475651]], dtype=float32), 'decoder.6.bias': array([-0.0273841 , -0.04089713, -0.03331454, ...,  0.01526581,
        0.11502889,  0.06762233], dtype=float32)}
[Time: 15.01.25 11:48:00] [Level: info] [State: aggregate] {'encoder.0.weight': array([[-0.04155765,  0.00504767,  0.00861216, ..., -0.03186828,
         0.02387048,  0.01767384],
       [ 0.00983446,  0.027464  ,  0.02622653, ...,  0.01379241,
        -0.01995627,  0.04001049],
       [ 0.01861278, -0.01926531,  0.00510895, ..., -0.00366711,
        -0.02830463, -0.00921618],
       ...,
       [-0.02136427,  0.00572524,  0.00520519, ..., -0.00889221,
         0.00712041, -0.02966779],
       [ 0.00727541,  0.0230048 , -0.01330288, ...,  0.04380425,
        -0.01908036,  0.02799106],
       [ 0.02805311,  0.03021726,  0.00923665, ...,  0.00951991,
         0.02018716,  0.0086957 ]], dtype=float32), 'encoder.0.bias': array([ 1.05602737e-03, -2.57550962e-02, -1.91167276e-02, -1.24977529e-02,
       -2.93587390e-02,  2.40003807e-03,  2.35503092e-02, -3.15703414e-02,
       -4.62706480e-03, -4.12674025e-02, -2.21870821e-02, -2.85324976e-02,
       -1.24253500e-02,  1.94735806e-02, -4.04742993e-02,  1.52368601e-02,
        3.09926197e-02, -4.56957556e-02,  4.88956412e-03,  3.12110968e-02,
        2.13295091e-02, -3.32245454e-02, -2.17172019e-02, -3.06042079e-02,
        7.10161449e-03, -3.34273912e-02, -4.60938923e-02, -1.39942961e-02,
        1.98138710e-02, -1.77676622e-02,  2.59151286e-03, -1.26154004e-02,
        2.37263478e-02, -3.21308486e-02, -2.83789150e-02, -2.89807208e-02,
       -3.74568030e-02,  2.31118663e-03, -9.56281030e-04,  1.84385870e-02,
       -3.07372166e-03, -2.13769022e-02,  1.45506058e-02,  1.76295992e-02,
        1.51460292e-02,  2.61206720e-02,  5.01609556e-02, -1.07012242e-02,
        1.76776778e-02, -2.80619375e-02, -4.38658856e-02,  7.21996929e-03,
        1.68835372e-02, -6.24048105e-03,  2.72534955e-02,  3.19793122e-03,
       -2.13761926e-02, -2.29416713e-02,  2.11732257e-02, -3.04003768e-02,
       -4.08625230e-02,  1.33969812e-02,  1.61935072e-02,  1.55582922e-02,
       -5.27093746e-03, -1.48705589e-02,  2.83349883e-02, -3.76461595e-02,
       -1.93275325e-02, -2.82443650e-02, -3.67860566e-03,  2.66440748e-03,
        1.41428430e-02, -1.41089736e-02, -1.87585577e-02,  7.93068111e-03,
       -3.26033384e-02, -4.44196463e-02, -2.97044925e-02,  1.71165131e-02,
        3.05510424e-02,  1.61331501e-02,  2.99191251e-02, -1.56808887e-02,
        2.33394206e-02, -4.22130525e-02, -1.08140754e-03, -1.63416304e-02,
       -2.03883611e-02,  1.50507325e-02, -1.46231297e-02,  2.28359178e-02,
       -5.84675651e-03, -3.52193206e-03,  1.65294856e-02,  2.29451396e-02,
        1.88626703e-02, -1.24985483e-02, -1.38827728e-03,  2.73836851e-02,
        1.46746263e-03,  1.43361313e-03, -3.88825536e-02, -4.33751494e-02,
       -3.30673754e-02,  7.13760778e-03, -1.92300100e-02, -2.67058164e-02,
        1.44857923e-02, -4.18973640e-02, -2.61991322e-02, -3.85398641e-02,
       -3.30108814e-02,  6.95756497e-03,  2.28658803e-02, -9.62034427e-03,
       -3.09169688e-03, -3.38686965e-02, -3.08711044e-02, -2.20576115e-02,
       -2.41992604e-02, -3.54623422e-02,  3.39923166e-02, -2.61765253e-02,
       -2.14570686e-02, -8.45648535e-03, -1.95838232e-02,  1.84779447e-02,
        1.32746603e-02, -2.29116268e-02,  1.37174306e-02,  2.18258444e-02,
       -4.34644967e-02,  3.82840373e-02, -4.02051164e-03, -2.57183220e-02,
       -4.46136072e-02, -1.58198047e-02, -2.49580527e-03,  9.58850142e-04,
        3.95566551e-03,  2.83395648e-02,  7.75081059e-03, -2.96440832e-02,
       -1.01116868e-02, -1.39221130e-02,  1.29750194e-02,  1.55768096e-02,
       -1.23246508e-02, -9.33778100e-03,  3.08812819e-02, -4.05932628e-02,
       -2.42480077e-03,  2.30654739e-02,  1.91884115e-02, -3.86965200e-02,
       -2.82389596e-02,  1.58102475e-02, -2.11914461e-02, -2.62259413e-02,
       -3.10327206e-02,  3.38566527e-02, -4.33545150e-02, -2.49155592e-02,
       -3.89831252e-02,  6.59180246e-03, -4.27376330e-02, -3.28646302e-02,
       -5.01296297e-02, -1.53827695e-02, -2.10768264e-02, -4.40176688e-02,
        1.15837790e-02, -7.09042931e-03, -3.47644500e-02,  2.92298663e-02,
        1.99576989e-02, -1.19204493e-02,  1.74968187e-02, -1.03520183e-02,
        5.49243391e-03,  3.92909208e-03, -2.35486845e-03, -4.75926846e-02,
        2.13498287e-02,  1.23911463e-02, -3.64616215e-02,  2.22442411e-02,
        2.58880835e-02,  2.32824609e-02, -2.70827506e-02,  4.21638833e-03,
       -4.62456942e-02, -2.08397675e-02, -5.89275695e-02, -5.22844773e-03,
       -1.75047275e-02, -2.35247761e-02, -2.22464222e-02, -1.35205295e-02,
       -1.40642086e-02,  3.38360369e-02,  9.15354211e-03, -4.25814763e-02,
        2.92864256e-02, -4.16167453e-02,  2.56200824e-02,  3.84969339e-02,
       -1.13550518e-02,  2.10361369e-02,  1.17248921e-02,  2.55362969e-02,
        1.04282713e-02, -3.17415521e-02, -3.37311476e-02, -2.94777565e-02,
       -2.88432604e-03, -3.12704891e-02, -2.79229097e-02, -1.93852354e-02,
        1.04478784e-02,  1.53052686e-02, -2.83412654e-02, -1.61121767e-02,
       -1.65072177e-02,  2.29487028e-02, -3.58351022e-02, -2.43456718e-02,
       -3.43193375e-02, -2.18102746e-02, -4.54463214e-02,  1.78260766e-02,
       -1.12653160e-02,  4.20634821e-03, -2.78819613e-02,  1.87840611e-02,
        4.11666231e-03,  1.52706932e-02,  4.86255065e-02, -2.78443247e-02,
        1.54457279e-02, -3.58969122e-02,  2.65207533e-02,  7.52526801e-03,
       -3.43183912e-02, -4.56187725e-02, -1.94980986e-02, -4.70880605e-02,
       -3.62000689e-02,  6.90372568e-03,  2.09828420e-03, -1.69113241e-02,
        8.82591121e-06, -3.15343030e-03, -9.52819362e-03,  8.58210772e-03,
        1.23350807e-02, -4.56229076e-02,  1.91330891e-02,  3.08895726e-02,
        3.25272419e-02, -3.36987935e-02,  8.93572904e-03, -2.35868879e-02,
       -1.67279802e-02, -8.14456679e-03, -3.96265872e-02,  2.25484185e-02,
        1.64155830e-02, -3.09354030e-02,  2.69419886e-02, -3.97053361e-02,
        7.53516285e-03, -1.61324199e-02, -4.52178158e-02,  1.34681351e-02,
       -4.68594991e-02,  3.12291943e-02, -3.02641373e-02, -4.33990993e-02,
        2.75226515e-02,  2.08436009e-02,  7.22685875e-03, -5.26400097e-03,
       -4.54754010e-02,  2.28361301e-02, -2.85037253e-02,  1.84616670e-02,
        1.65971485e-03, -4.86492738e-02, -3.28787528e-02, -3.57114710e-02,
       -2.14276668e-02, -2.46400144e-02, -9.37346183e-03, -4.24173176e-02,
        2.75421366e-02, -2.69810297e-02,  1.93466917e-02, -3.20465378e-02,
        3.51387542e-03, -2.92174295e-02, -1.52800418e-02, -6.69258181e-03,
       -4.06641550e-02, -4.42012586e-02,  1.07374834e-02, -3.92361321e-02,
       -5.40573150e-03,  1.11361630e-02,  2.07261611e-02, -2.88271401e-02,
       -4.45642993e-02,  5.81170665e-03, -2.85917222e-02, -5.58165833e-02,
       -1.51810255e-02,  3.15868556e-02, -3.69612649e-02, -1.17636155e-02,
       -1.31942406e-02, -2.71991771e-02,  7.81872775e-03, -2.04591323e-02,
       -4.11800891e-02, -3.11961211e-02,  1.44188851e-02, -2.13936344e-02,
        1.02291955e-02,  2.71674506e-02, -1.67442244e-02,  1.46557437e-02,
       -1.97166186e-02,  3.36538106e-02, -4.84177796e-03,  7.98286777e-03,
       -2.96924962e-03, -2.21269708e-02,  2.73948405e-02,  6.47832081e-03,
       -3.96986604e-02,  2.43462808e-02, -1.86343174e-02,  1.51964687e-02,
       -1.51845571e-02,  2.40930840e-02,  3.01893950e-02,  8.59774183e-04,
       -3.11563089e-02,  7.05774128e-03, -3.39959934e-03,  1.56280622e-02,
       -2.99333204e-02, -7.62758683e-03, -3.75281759e-02, -1.88300833e-02,
        3.66535317e-03,  1.78038012e-02,  5.47179393e-03, -1.63929723e-02,
       -7.29539199e-03,  2.69905441e-02, -2.35304870e-02,  1.65980048e-02,
        1.79624446e-02, -1.28065590e-02,  2.01237965e-02,  2.30816137e-02,
       -1.79921724e-02, -3.89637798e-02, -1.67522132e-02, -6.72111148e-03,
       -1.96044408e-02,  1.57536175e-02,  2.28800029e-02,  2.28989702e-02,
       -5.08765411e-03, -8.68720841e-03, -2.53978577e-02, -2.37610880e-02,
       -3.16821374e-02,  2.03898512e-02,  1.42479166e-02, -1.18293930e-02,
       -1.70648694e-02, -1.36294216e-02,  2.17390968e-03,  2.49710791e-02,
       -3.76765989e-03, -4.98659424e-02, -2.21429188e-02,  9.59132425e-03,
       -3.71780409e-03, -1.82416523e-04,  1.13459118e-02,  2.60551646e-02,
        7.86297675e-03, -5.42841963e-02, -1.45488614e-02,  2.55661383e-02,
       -1.98324993e-02, -5.65815810e-03, -4.53353301e-03, -1.23050986e-02,
        1.04810968e-02, -1.99057511e-03, -9.83334612e-05,  2.88505480e-02,
        1.40377786e-02,  2.48849578e-02, -4.42567617e-02,  1.67794600e-02,
       -3.74079160e-02, -7.05103669e-03, -4.50559780e-02,  4.72454019e-02,
       -1.51396329e-02, -2.57567074e-02, -9.68116522e-03,  2.50707082e-02,
       -2.09032930e-02,  1.19997524e-02, -3.90373915e-02, -2.99015809e-02,
        1.36528956e-02,  1.82140935e-02, -1.24538476e-02, -4.65564393e-02,
        2.20548827e-02, -1.96911320e-02, -3.95404249e-02, -1.18012298e-02,
        5.09970356e-03, -7.01434305e-03, -3.77462879e-02, -3.67400981e-02,
        2.61673480e-02, -1.52839888e-02,  1.97064076e-02,  1.36372698e-02,
       -3.55793796e-02, -1.18180672e-02,  1.03448397e-02, -4.41435277e-02,
       -5.39464969e-03, -1.70878116e-02,  1.32339830e-02,  3.04164514e-02,
       -1.88416131e-02,  2.92963982e-02, -3.20222899e-02,  1.68359522e-02,
       -3.81273814e-02,  2.27760319e-02, -2.58584842e-02, -5.92926890e-03,
       -1.78117603e-02,  1.96751021e-02, -1.65808387e-02,  3.36068943e-02,
       -3.96904722e-02, -8.95796064e-03, -5.68298390e-03,  1.27883460e-02,
       -4.07969132e-02, -4.64863069e-02, -2.28571594e-02, -2.88077220e-02,
        2.42957170e-03, -3.86540554e-02, -3.31350341e-02,  1.42210983e-02,
       -3.52827199e-02, -3.97481620e-02,  7.68556632e-03, -1.61672402e-02,
       -2.07577925e-02, -3.07671633e-03, -3.87467407e-02, -1.45033449e-02,
        3.09544988e-02, -3.72946709e-02,  8.11657216e-03,  2.11225473e-04,
       -3.35814469e-02, -3.08744907e-02,  2.95880660e-02, -1.44345509e-02,
       -2.49028113e-02,  2.05822685e-03, -4.56343265e-03,  1.47620868e-02,
       -4.62661963e-03, -1.40436376e-02, -2.73557045e-02,  1.07626962e-02,
       -1.51333697e-02,  1.22961123e-02,  6.53516315e-03, -3.59488130e-02],
      dtype=float32), 'encoder.2.weight': array([[ 0.07158984, -0.07084159, -0.08970693, ...,  0.01161695,
         0.00193177, -0.12282075],
       [-0.06761726,  0.05837816, -0.12497033, ...,  0.00459655,
         0.04048993, -0.08058549],
       [ 0.11343774,  0.09292729,  0.13019313, ...,  0.04842938,
         0.08372604,  0.0642594 ],
       ...,
       [ 0.01753419,  0.03739266, -0.10646512, ..., -0.0777704 ,
         0.05609828,  0.02222738],
       [ 0.09945258,  0.03130214,  0.08165409, ...,  0.0089415 ,
         0.03820221,  0.03932845],
       [ 0.12247109, -0.13139534,  0.09510626, ..., -0.03166728,
         0.00240346, -0.09556444]], dtype=float32), 'encoder.2.bias': array([ 1.01506166e-01,  8.13897550e-02,  1.23523958e-01, -7.88341984e-02,
       -4.70240898e-02, -1.51416168e-01, -4.43496592e-02,  4.29588892e-02,
       -9.60346907e-02,  4.48197201e-02,  6.71857670e-02, -1.16937675e-01,
       -6.51117936e-02, -4.43752557e-02,  4.50859144e-02,  9.59946513e-02,
       -4.36255857e-02, -1.22033618e-01,  7.39873052e-02,  5.44258431e-02,
       -6.76895529e-02, -5.75626418e-02, -1.07239999e-01, -4.07108516e-02,
        2.57733278e-02,  4.42876928e-02, -1.57896467e-02, -9.91428941e-02,
       -1.19159386e-01, -9.63227823e-02, -7.04934373e-02, -6.33555725e-02,
        4.96214814e-02, -2.85932068e-02, -3.68730421e-03,  9.51272100e-02,
       -8.85265917e-02, -4.45143245e-02, -8.53068009e-02,  1.48111865e-01,
       -9.59874541e-02,  8.29744898e-03,  6.77550286e-02, -7.34224319e-02,
       -1.27422670e-02,  6.65313825e-02,  6.93338513e-02,  2.89720693e-03,
       -7.74626210e-02, -6.77674487e-02, -1.50436386e-02, -1.58169139e-02,
       -8.78958255e-02, -2.51870472e-02,  1.74600333e-02, -1.10044740e-01,
        1.01483680e-01, -1.28111571e-01,  2.15376704e-03,  6.88872710e-02,
       -6.84189275e-02,  1.07768841e-01,  1.16151445e-01,  1.13281803e-02,
       -5.96515387e-02, -2.49474347e-02,  6.35567978e-02,  1.28832683e-01,
       -3.84260342e-03, -1.21469781e-01,  1.19146936e-01, -2.63532698e-02,
       -8.54341686e-02, -7.02035725e-02,  1.05822869e-01, -7.60986516e-03,
       -6.08800575e-02,  9.73538496e-03,  6.75344542e-02,  1.18266329e-01,
       -1.49719954e-01,  8.33512247e-02, -5.06222062e-02,  8.82341191e-02,
        8.70474800e-02, -1.02873847e-01, -2.87199896e-02, -7.10157529e-02,
        2.85169072e-02,  5.14958352e-02, -5.86508401e-02,  1.27901793e-01,
       -2.20580213e-02, -7.13138878e-02, -1.19174406e-01,  2.68388111e-02,
        7.39462525e-02,  1.95116526e-03, -9.24161375e-02, -1.55389840e-02,
        4.59205955e-02,  5.86727597e-02,  1.31838873e-01, -7.91024640e-02,
        6.32514013e-03,  3.66131440e-02,  1.08991161e-01,  2.58615031e-03,
        9.46198869e-03,  7.55970255e-02,  6.83506578e-02, -1.92584973e-02,
       -1.43793508e-01,  1.31357640e-01,  1.05709873e-01,  9.19084176e-02,
       -6.59939721e-02, -8.47798288e-02, -1.10078799e-02,  9.25348885e-03,
        1.57081634e-02,  9.96212941e-03,  1.04776777e-01, -1.18092205e-02,
       -1.13052884e-02,  4.41362374e-02, -1.19321316e-01,  9.06485617e-02,
        5.47372140e-02, -1.46948963e-01,  8.29196647e-02, -7.72530511e-02,
        9.84685123e-02, -1.16505578e-01, -6.23711618e-03,  3.93092930e-02,
        5.63871376e-02,  6.81564435e-02,  5.29427715e-02,  1.11037321e-01,
        8.95000529e-03,  4.07890007e-02,  3.81939113e-02, -5.16850641e-03,
       -2.39898358e-02, -1.30630612e-01, -5.72848925e-03,  5.00146523e-02,
       -8.16154927e-02, -9.61875990e-02, -1.48617523e-02,  1.39499474e-02,
       -6.61956221e-02,  1.13262527e-01, -4.52372991e-03, -1.40261441e-01,
        7.70418048e-02, -5.82335368e-02,  1.20369032e-01, -5.38233630e-02,
       -1.45693310e-02, -1.56535789e-01, -7.77065428e-03, -4.58934829e-02,
        7.12161437e-02, -4.87862080e-02, -4.82427180e-02, -1.02863953e-01,
        5.95947765e-02,  3.63976583e-02, -1.12578049e-01,  4.03193496e-02,
        8.13987628e-02,  2.59946985e-03, -4.70500514e-02, -4.47107404e-02,
       -5.10713793e-02, -5.34677655e-02,  5.05255628e-03,  7.29559660e-02,
        7.65108764e-02, -1.37278317e-02, -6.66741747e-03, -1.38880879e-01,
        7.28432313e-02, -2.32395660e-02,  1.05453901e-01,  4.94288206e-02,
       -1.27825633e-01, -1.32605702e-01,  6.77911863e-02,  1.64599009e-02,
        3.26805636e-02,  1.07925031e-02, -6.68827295e-02, -9.83120576e-02,
       -1.16049526e-02,  2.03136113e-02,  1.71544775e-02,  2.33031157e-02,
       -9.24260393e-02, -7.98280314e-02, -1.02571055e-01, -1.20549146e-02,
        9.01465267e-02, -2.44814511e-02,  8.40880536e-03, -4.66402955e-02,
       -9.94185284e-02, -5.96864894e-02,  5.96732907e-02,  8.42343923e-03,
        2.27580382e-03,  1.05083846e-01,  1.19209841e-01, -1.40511021e-01,
        1.00770302e-01, -6.79482147e-02, -1.26423433e-01,  2.37470288e-02,
       -1.28012538e-01,  5.15932590e-02,  5.03161810e-02, -8.64786357e-02,
       -1.00602381e-01, -1.84575338e-02,  3.51478159e-02,  1.03370585e-01,
        5.91184832e-02,  2.60832980e-02,  1.02867134e-01,  9.73270684e-02,
        7.16031343e-02, -1.39993459e-01, -2.31702756e-02,  2.37970222e-02,
        2.58528013e-02,  2.29013502e-03, -1.02426179e-01, -9.24958289e-02,
        9.66649428e-02,  8.56173187e-02,  2.37135366e-02,  3.99733074e-02,
        9.91192833e-02,  7.13700205e-02,  4.93280254e-02,  1.17475778e-01,
       -3.24999169e-02, -9.29986686e-02,  1.07641239e-02, -8.82548466e-03,
        1.13407508e-01,  9.50692520e-02, -3.58485393e-02,  1.86564382e-02,
        7.96439499e-02, -5.92644066e-02,  2.85574254e-02, -3.91572341e-02,
        9.28951707e-03,  7.30751082e-03,  8.52720067e-03,  7.09194839e-02,
       -3.61541547e-02,  1.04385093e-01,  2.90245912e-03,  5.23716444e-05,
       -1.46710477e-03,  5.42228017e-03,  1.11525312e-01, -1.35573700e-01,
       -1.03618674e-01,  3.90733667e-02, -3.31618413e-02,  9.21065509e-02,
        9.58936810e-02, -1.44027933e-01,  9.85025242e-02,  2.01649889e-02,
       -6.15556054e-02, -6.61083236e-02,  2.89501343e-02, -8.00130963e-02,
       -1.22043446e-01,  9.15497020e-02,  8.92609879e-02, -1.30578235e-01,
        7.78790042e-02, -2.81667579e-02, -1.39352441e-01, -4.70676757e-02,
        1.09370314e-01, -9.12209449e-04, -5.02489544e-02, -4.85289954e-02,
        5.16547523e-02,  1.30071506e-01, -2.49942895e-02,  2.55269930e-02,
       -4.98650707e-02,  9.24451798e-02, -1.01044610e-01, -1.21904783e-01,
        6.67587221e-02, -1.29183471e-01,  2.51570605e-02, -2.79342439e-02,
       -1.27045229e-01,  5.32857776e-02, -6.06547967e-02, -1.39258742e-01,
       -1.48295254e-01,  3.62858064e-02,  6.97699934e-02,  5.27253486e-02,
        6.73557743e-02, -5.48393950e-02,  1.16419598e-01,  1.64726134e-02,
        1.46087945e-01,  7.87260383e-02, -6.56671748e-02,  3.78366038e-02,
        2.73495112e-02,  8.83230567e-02,  6.03248505e-03,  9.93020087e-03,
       -4.99195084e-02, -9.82579887e-02, -1.21617302e-01,  5.49416170e-02,
       -1.11620501e-01,  3.06027662e-02, -1.10495649e-02,  1.08185224e-01,
       -1.33824991e-02, -1.29157500e-02,  9.13920850e-02, -1.16529971e-01,
        8.66410956e-02, -7.17801154e-02, -3.06557659e-02,  4.39344533e-02,
        9.17484798e-03,  7.26635307e-02, -5.88480569e-02,  5.07191680e-02,
        7.02951849e-02,  9.71494466e-02,  8.32400322e-02, -8.41250792e-02,
        2.24126130e-03, -6.76181391e-02, -9.05957446e-02, -8.29363987e-02,
       -1.03125840e-01,  3.25314030e-02, -4.72186245e-02, -3.09452489e-02,
        6.25153258e-02, -2.00105142e-02, -6.40457869e-02, -1.08433895e-01,
       -1.42688230e-01, -6.06280714e-02,  1.09669764e-03,  1.49123203e-02,
       -4.24880013e-02, -1.41088203e-01,  3.82296108e-02,  8.48238394e-02,
       -4.13900986e-02,  7.47314468e-02,  6.05263822e-02,  2.56240927e-02,
        4.99253273e-02,  1.16192237e-01, -9.04074758e-02, -4.50450648e-03,
       -8.18338543e-02,  9.78143215e-02,  5.12072816e-02, -5.72295636e-02,
        1.14580519e-01,  7.74276927e-02, -1.07091822e-01,  9.50493813e-02,
        1.50926309e-02, -8.49488676e-02,  9.86717567e-02, -4.81530987e-02,
        9.72941667e-02,  4.42206413e-02,  7.31923059e-02,  3.50517593e-02,
        1.14607625e-01, -1.44067049e-01, -7.42360577e-02,  8.80051553e-02,
       -1.72358938e-02,  5.41936457e-02,  9.35212672e-02,  4.19548638e-02,
       -5.01715764e-02, -1.17708676e-01,  4.47369032e-02,  7.52197355e-02,
        5.23460209e-02, -1.12576194e-01,  5.95959909e-02,  4.16272432e-02,
       -1.39628313e-02,  2.96231043e-02,  4.99139428e-02, -1.12328954e-01,
       -8.49023834e-03, -3.24355923e-02,  1.10472783e-01, -9.69706569e-03,
        1.60897225e-02, -9.19451285e-03, -1.46876071e-02,  6.82094097e-02,
        8.43271911e-02,  3.17033799e-03,  9.17678624e-02,  5.08691669e-02,
       -3.72434817e-02,  3.49407122e-02, -1.29808858e-01,  8.09110701e-02,
       -6.76167663e-03, -8.20637643e-02,  3.73673923e-02, -4.56299260e-02,
       -7.50662759e-02, -1.98264085e-02, -9.82112139e-02, -1.12870047e-02,
        1.41981527e-01,  1.30712360e-01,  1.00062117e-01, -1.16297351e-02,
       -1.02658197e-02, -1.16266876e-01,  1.14213616e-01, -3.79460528e-02,
       -1.10823758e-01, -4.21939045e-02,  1.02359228e-01, -4.57805879e-02,
       -2.34641507e-02, -7.84574598e-02,  1.19905602e-02,  6.06576912e-03,
       -2.64061093e-02, -4.71113846e-02,  1.29853129e-01, -1.15887813e-01,
       -1.06586516e-01,  5.25021777e-02, -6.72052130e-02,  1.31679311e-01,
        1.00834623e-01,  1.31144458e-02, -1.09358169e-01,  5.05548492e-02,
        7.09257573e-02, -6.52505681e-02, -8.80552679e-02, -8.32917169e-04,
        7.19898939e-02,  3.18240039e-02, -1.27943680e-01, -1.95530914e-02,
       -3.54828946e-02, -1.26204327e-01,  1.28712803e-01,  9.22997221e-02,
        1.26371428e-01, -2.19158102e-02,  3.10161281e-02,  3.48099619e-02,
        3.84136252e-02, -1.44694805e-01, -1.02116689e-01,  5.12327030e-02,
       -5.90504445e-02, -6.49036989e-02, -1.53947100e-01,  1.13026656e-01,
       -8.08285996e-02,  1.51225373e-01, -1.26876697e-01,  8.52018874e-03,
       -1.17958188e-01,  4.78776246e-02,  4.30693552e-02, -1.17185511e-01],
      dtype=float32), 'encoder.4.weight': array([[-0.09302486, -0.10642588, -0.10953877, ...,  0.11004526,
         0.04942558, -0.08343157],
       [-0.00402495, -0.10305852, -0.14164719, ...,  0.08319279,
        -0.04973134, -0.08182907],
       [-0.01599324,  0.07790001,  0.05657752, ...,  0.1322783 ,
         0.11844302,  0.04012283],
       ...,
       [-0.12751798,  0.08278787,  0.07132535, ...,  0.10288455,
         0.0775167 , -0.09592173],
       [ 0.03036974,  0.10517655, -0.06797736, ..., -0.12116144,
        -0.03651673, -0.00722337],
       [-0.126935  ,  0.11225815, -0.11928051, ..., -0.05909685,
        -0.1327074 , -0.11020672]], dtype=float32), 'encoder.4.bias': array([-0.11668755,  0.00386966,  0.13412043, ...,  0.09694625,
       -0.07343318, -0.12694988], dtype=float32), 'encoder.6.weight': array([[-0.0206984 , -0.04568329,  0.03969308, ...,  0.02903455,
         0.0164306 , -0.03271068],
       [ 0.03627003,  0.03976326,  0.04348139, ..., -0.04550139,
         0.04650756,  0.05239532],
       [-0.04643325, -0.03470235,  0.03109702, ...,  0.02532214,
        -0.03520954, -0.00325219],
       ...,
       [-0.03406769, -0.07236383, -0.01082659, ..., -0.01573579,
         0.01810767, -0.00669788],
       [-0.03907287, -0.03698744, -0.07906172, ...,  0.05769031,
        -0.0353979 ,  0.04920604],
       [-0.03024854, -0.0289316 , -0.03293326, ...,  0.00504042,
        -0.05200135,  0.04886043]], dtype=float32), 'encoder.6.bias': array([-0.0148077 ,  0.00472932,  0.03215194,  0.02146783, -0.02696105,
       -0.01520298, -0.0441539 , -0.03007242,  0.03578068, -0.00480029],
      dtype=float32), 'decoder.0.weight': array([[-0.42775726,  0.03445306, -0.21273208, ...,  0.67808783,
         0.88786215, -0.36715493],
       [-0.24517705, -0.16019718, -0.36606777, ..., -0.63552225,
        -0.71262586,  0.838629  ],
       [-0.53221923, -0.32356516,  0.2570365 , ..., -0.125483  ,
        -0.45394406,  0.50575346],
       ...,
       [ 0.42878237, -0.22504136,  0.72708225, ...,  0.39865467,
        -0.39138573,  0.7199598 ],
       [-0.8910282 ,  0.08746119, -0.77089685, ..., -0.2108451 ,
        -0.4527391 , -0.9084787 ],
       [ 0.9415175 ,  0.9394209 ,  0.5226431 , ..., -0.36968455,
         0.22963776, -0.00373779]], dtype=float32), 'decoder.0.bias': array([-0.96102554, -0.24458694,  0.02120302, ...,  0.04078279,
       -0.16995999,  0.51652   ], dtype=float32), 'decoder.2.weight': array([[ 0.04420603,  0.02649635, -0.04753996, ...,  0.04008632,
         0.02467582,  0.03914339],
       [ 0.00639368, -0.00791919, -0.02079211, ..., -0.02928425,
        -0.04010982,  0.02054716],
       [-0.01201573,  0.01290629, -0.05579018, ..., -0.03901949,
         0.02424193,  0.02323352],
       ...,
       [-0.04827749, -0.0501311 ,  0.01977227, ...,  0.03299406,
        -0.05069994,  0.05971527],
       [-0.02218374, -0.06751765, -0.002425  , ..., -0.03370465,
         0.04606998,  0.01836745],
       [-0.08094005, -0.0688931 ,  0.02119086, ...,  0.0042399 ,
        -0.05022055, -0.07660676]], dtype=float32), 'decoder.2.bias': array([ 1.8810825e-02, -4.0725891e-02, -4.2728342e-02,  1.7404241e-02,
       -2.4279818e-02, -7.1223505e-02, -2.8205300e-02,  6.6213459e-03,
        5.4199982e-02,  2.7180610e-02, -8.4200658e-02, -1.1492597e-02,
        6.1035636e-03,  5.1131252e-02,  1.0528812e-02,  1.9942110e-03,
       -2.6200857e-02, -5.7020810e-02,  2.9511610e-02,  3.3067842e-04,
        7.1532386e-03, -2.2497211e-02,  1.8482588e-02, -1.5462398e-02,
        5.4990677e-03,  4.8444569e-02, -6.8019152e-02, -4.7833188e-03,
       -6.4082712e-02, -4.5093209e-02,  4.8159093e-02, -6.0473911e-02,
        5.8693513e-02,  3.2630201e-02,  5.7729155e-02, -4.1268673e-02,
       -6.3810177e-02,  2.3738498e-02,  5.7078490e-04, -2.2327632e-02,
       -4.1784398e-02, -5.4734249e-02,  3.8532097e-02, -6.4339347e-02,
        9.8912269e-03,  3.5903081e-02,  3.8119748e-03, -2.1195788e-02,
       -6.4110011e-02,  4.3826669e-02,  3.8097005e-02, -5.1534656e-02,
       -1.3608986e-02,  3.0378411e-02, -5.7173863e-02, -6.4253055e-02,
       -4.3801442e-02, -2.3739105e-03,  1.8785728e-02, -1.0004116e-02,
       -6.1168827e-02,  5.3962700e-02,  5.4232222e-03,  1.0721119e-02,
       -5.6906186e-02, -6.7275949e-02,  1.9737598e-02, -4.0401727e-02,
       -3.9177500e-02,  3.8830664e-02,  7.7515118e-02,  2.2474674e-03,
        2.5298648e-02, -1.2574875e-02,  3.3102360e-02, -3.1167064e-02,
       -7.3975727e-02, -7.4618652e-02,  5.7203550e-02,  4.4785555e-02,
        4.2830288e-02, -5.7038259e-02, -7.5000949e-02, -6.1845064e-02,
        3.6424786e-02, -6.6400453e-02,  1.6403383e-02,  8.8520851e-03,
       -1.3957792e-03, -1.0524061e-02,  1.8080499e-02,  2.7501857e-02,
        3.3768263e-02, -6.4722121e-02, -4.2200848e-02, -6.1690066e-02,
       -4.9620502e-02,  3.7340537e-02, -3.4319233e-02, -5.4768816e-02,
       -2.5588578e-02,  2.8615934e-04, -3.2014895e-02, -6.0232982e-02,
       -1.5158826e-02, -6.8085022e-02,  3.1411123e-02, -1.2235621e-02,
       -2.5081201e-02, -2.2786755e-02,  6.1296234e-03,  2.9361403e-02,
       -4.6998829e-02, -7.0175983e-02, -1.8557185e-02, -3.1634212e-02,
       -4.5270238e-02,  2.5517505e-02, -7.0509069e-02, -6.4613849e-02,
        4.7388270e-02,  6.2322300e-02,  5.4422207e-02, -4.5302950e-02,
        6.1855905e-02,  1.2046750e-02, -6.5098122e-02, -4.0080160e-02,
        5.4361090e-02,  1.9920992e-02,  5.3565413e-02, -6.3537546e-02,
        3.5931424e-03,  5.1800009e-02, -3.1130008e-02,  5.3460356e-02,
        4.6350374e-03, -2.8139459e-02, -6.4715885e-02, -5.7160456e-02,
        6.5914311e-02,  4.6793159e-02, -7.0557468e-02, -1.7891804e-02,
        1.4060695e-02,  5.6441516e-02,  3.5116203e-02,  1.6282866e-02,
        4.1421551e-02, -3.8019959e-02, -6.9978632e-02, -1.7066957e-02,
        5.6882314e-02, -4.0623199e-02, -5.3080220e-02,  5.5920277e-03,
       -4.9642313e-02, -2.3441277e-02, -6.2243659e-02, -1.3307236e-03,
       -3.0905385e-02,  4.6968065e-02,  3.6174711e-02, -1.2550128e-02,
        2.4608327e-02,  4.9246885e-02, -4.8586648e-02,  6.9658801e-02,
        6.3924766e-03,  5.0266936e-02,  6.7821355e-03, -5.7308264e-03,
        3.2716732e-02,  2.3235395e-03, -4.8733305e-02, -6.8589553e-02,
        2.8858187e-02,  2.8238621e-02, -4.8265759e-02,  3.7787724e-02,
        2.0583135e-03, -6.9959596e-02,  5.4114707e-02, -1.1588800e-02,
       -7.2435714e-02,  3.4884918e-02, -6.9168016e-02, -4.2263810e-02,
       -2.0464596e-03, -6.4820617e-02, -3.8132995e-02, -6.6376083e-02,
       -7.4960180e-02, -5.7226304e-02,  7.8399014e-04, -5.1425457e-02,
       -1.8639443e-03,  3.3772215e-02,  3.2223833e-03, -5.9575237e-02,
       -7.2870433e-02, -4.2606075e-03,  6.2454730e-02,  2.0026898e-02,
       -6.0424991e-02, -3.0613774e-02, -2.7724640e-02, -4.7745015e-02,
       -7.9800384e-03, -1.4188275e-03, -7.0942417e-02,  1.6563365e-02,
       -3.2724630e-02, -6.0524542e-02, -2.6531033e-02, -7.1427748e-02,
       -4.3907020e-02,  5.5083212e-02, -1.3822865e-02, -3.4055088e-02,
       -4.4634111e-02,  2.3126539e-03, -3.5493135e-02,  5.1196966e-02,
       -5.7264280e-02,  2.3348652e-02, -6.7170702e-02, -4.2235296e-02,
        2.6050262e-02, -6.7069374e-02, -7.3489947e-03,  1.2247880e-02,
       -2.9947095e-02, -5.2840456e-02, -6.1178632e-02,  2.1792253e-02,
       -3.5678148e-02, -3.4509502e-02, -4.0399596e-02, -4.6288244e-02,
       -6.2058333e-02,  1.1579851e-02, -7.6989271e-02, -4.9867421e-02,
        3.7633207e-02,  7.4463999e-03, -2.0729443e-03,  2.8241077e-02,
        5.8274474e-02, -3.9459474e-02, -8.9288978e-03, -4.5159131e-02,
       -1.6753913e-03, -4.1190181e-03,  3.5961922e-02,  4.0983777e-02,
       -1.8630695e-02, -6.8122283e-02, -5.3186905e-02, -5.5954739e-02,
        1.1632968e-02, -1.4967037e-02, -3.0909642e-03, -3.1096993e-02,
       -5.8444943e-02, -2.5382770e-02,  9.4154029e-04, -9.5333904e-03,
       -4.8372932e-02, -2.4719095e-02,  2.4430912e-02, -6.6129036e-02,
        2.7583053e-02, -6.7169949e-02,  1.9797305e-02,  2.4635702e-02,
        4.3629128e-03, -4.5843776e-02, -2.7838999e-02,  3.6397576e-03,
       -5.3688674e-03,  3.7404813e-02,  7.0275995e-04,  3.9112881e-02,
        2.6134614e-02,  4.2100564e-02, -7.4700236e-02,  4.0999550e-02,
       -6.8492703e-02, -9.1579626e-05, -2.6345406e-02,  2.2443185e-02,
       -4.3848664e-02, -2.2757314e-02, -1.8877011e-02, -4.7832564e-02,
       -4.6728428e-02, -6.0003396e-02, -4.3243859e-02,  1.8363753e-02,
       -6.2399436e-02, -2.2723738e-02,  3.7281800e-02,  3.2529693e-02,
       -2.7749070e-03, -5.4438855e-02,  2.2035737e-02, -2.9325403e-02,
        2.3260897e-02,  4.1995268e-02,  4.5713834e-02, -6.0203064e-02,
       -4.5291111e-02,  5.6911223e-03, -1.5322732e-02, -4.1455705e-02,
        4.1021984e-02,  2.1305762e-03,  1.8060058e-02, -9.5067555e-03,
       -2.7240274e-02, -4.8508078e-02, -2.7472647e-02, -3.8776051e-02,
       -1.8920660e-02, -1.6045433e-02, -7.4122064e-02,  5.1176298e-02,
       -6.6466279e-02, -2.6901283e-03, -6.5675154e-02, -4.3681502e-02,
       -4.5845728e-02, -1.7168721e-02, -2.9618081e-02,  3.9851725e-02,
        4.4999328e-02,  1.5580512e-02, -2.2458781e-02, -3.9521553e-02,
       -3.4615632e-02, -7.4461430e-02,  3.3637027e-03, -5.0207645e-02,
       -8.8565815e-03, -2.1241246e-02, -7.4739791e-02, -8.3118446e-02,
       -1.6270382e-02, -7.4738190e-02,  5.2395654e-03, -4.7924101e-02,
       -6.1090225e-03,  1.0487867e-02,  1.9277578e-02,  1.0431233e-02,
        4.6555206e-02, -4.5829009e-02, -7.9093918e-02, -1.0677637e-02,
       -3.1093268e-02, -4.2366002e-02,  5.1268689e-02, -1.2540633e-03,
        4.7367334e-02,  3.8964286e-02, -7.0882402e-02,  1.8857652e-02,
       -2.2206979e-02, -5.0755817e-02,  5.7207886e-02, -1.1539868e-02,
       -5.0573278e-02, -5.0899260e-02, -3.1680007e-02, -1.1738747e-03,
       -2.3141172e-02,  4.0016823e-02, -3.7563242e-02,  2.4821416e-02,
       -5.7629716e-02, -2.8758757e-02, -3.9482333e-02, -2.8930286e-02,
       -3.2252338e-02, -6.5615140e-02, -4.0624324e-02, -3.1043205e-02,
        4.6053443e-02,  1.0015876e-02, -2.2815993e-02,  2.5577260e-02,
        5.7208452e-02, -5.9598405e-02,  8.5765151e-03,  2.4423968e-02,
        1.4066495e-02,  3.3506811e-02,  1.7113272e-02, -3.7924864e-03,
       -4.5111619e-02,  3.9212551e-02, -5.7818025e-02,  5.7330515e-02,
        4.2700209e-02,  3.3101313e-02, -2.8187793e-02, -4.5913126e-02,
        5.9250627e-02, -6.0708169e-02, -3.6363192e-02, -5.8446728e-02,
        5.2515060e-02, -5.5486050e-02, -2.1425670e-02,  9.8383045e-03,
        4.0362738e-02, -8.7149832e-03, -5.1071767e-02, -1.7239712e-02,
        2.0530988e-02, -6.5168217e-02, -9.8632779e-03, -5.2579716e-02,
       -2.0709332e-02,  3.0231979e-02, -4.0897138e-02,  4.2543798e-03,
        3.8163532e-03,  4.8052192e-02, -5.8756355e-02,  2.1573728e-02,
        9.2671402e-02, -1.0259021e-02, -5.9325900e-02, -3.5534047e-02,
        9.5581077e-03, -8.1395935e-03, -1.5565465e-02,  4.1491117e-02,
       -2.6187405e-02, -5.4750185e-02, -3.1038472e-02, -5.9024632e-02,
       -8.3586924e-02,  1.7841754e-02, -7.6081377e-04, -4.7974069e-02,
       -3.5262369e-02, -6.5606495e-04,  4.5235034e-02, -4.7538787e-02,
        7.8199925e-03,  4.8744492e-02, -1.0096275e-02,  5.1246136e-02,
        7.9285223e-03, -3.6401920e-02,  2.3248408e-02, -1.8247217e-02,
        4.0348480e-03, -3.2384686e-02,  6.5294903e-04, -6.5660670e-02,
       -6.2144846e-02,  1.2750687e-02,  2.3238583e-02,  3.7031762e-02,
       -2.5155259e-02,  5.1885530e-02, -2.4038004e-02, -5.7579029e-02,
       -1.1160708e-02,  3.7086315e-02, -5.3315930e-02, -5.1844053e-02,
        2.0780299e-02,  3.1259209e-02, -4.7919460e-02,  9.6456017e-03,
       -9.7946599e-03,  8.4042922e-03, -4.1819192e-02, -6.9644697e-02,
       -4.8612196e-02, -9.6585602e-04,  1.0147920e-02, -4.0106338e-02,
       -4.2349041e-02, -6.3200682e-02, -6.4187851e-03, -8.0321608e-03,
        4.7504655e-03,  6.3290554e-03,  8.0736369e-02, -2.5326870e-02,
        3.5501186e-02, -7.5338058e-02,  4.0417347e-02, -8.5402895e-03],
      dtype=float32), 'decoder.4.weight': array([[ 0.12609251, -0.04688039,  0.05287571, ..., -0.10986245,
         0.08604115, -0.00891068],
       [ 0.00187696, -0.06935841, -0.11209116, ..., -0.01071783,
        -0.14679658,  0.12657528],
       [-0.02124173, -0.1071774 ,  0.05003539, ..., -0.00906132,
        -0.11293001,  0.12216654],
       ...,
       [-0.00946766, -0.05027372,  0.08839737, ..., -0.06370985,
         0.00808547, -0.07496109],
       [ 0.06509928, -0.04871837,  0.05957706, ...,  0.0995568 ,
        -0.04373745,  0.05657693],
       [-0.1137125 ,  0.07371562,  0.00136781, ...,  0.03551345,
         0.02638226, -0.09821057]], dtype=float32), 'decoder.4.bias': array([-5.56610078e-02,  8.15582201e-02, -4.30227183e-02, -8.92488360e-02,
       -1.16788112e-02,  9.87256095e-02, -1.21285595e-01,  3.46545130e-02,
       -6.19169548e-02, -5.13630919e-04, -1.36255220e-01,  2.86459411e-03,
       -8.90474021e-02,  9.49747860e-02,  3.10105905e-02,  8.19161087e-02,
       -1.75046306e-02, -7.07900673e-02, -7.02806637e-02,  8.72726515e-02,
        7.71293193e-02, -1.58760056e-01,  1.01141166e-02,  1.18724052e-02,
       -1.49964929e-01, -2.87571903e-02, -5.61735108e-02,  1.31653383e-01,
       -6.10748455e-02, -1.21815525e-01,  6.23344891e-02,  6.01213276e-02,
        9.25404876e-02,  5.65472320e-02, -6.87953383e-02,  6.15489036e-02,
        1.23381361e-01,  6.04806505e-02, -3.41058895e-02, -1.30446389e-01,
       -5.38239665e-02, -6.72442093e-02, -1.06165767e-01,  1.15228452e-01,
       -2.89291441e-02,  5.18290177e-02, -9.03675780e-02, -5.51510863e-02,
       -1.48290306e-01, -3.41489576e-02, -8.11051652e-02, -9.89388898e-02,
        5.12002744e-02, -3.59527469e-02, -1.93303395e-02, -4.17317636e-02,
       -5.71195893e-02,  8.98118876e-03, -1.40091866e-01, -1.20325536e-01,
       -1.07407473e-01, -9.03770849e-02, -1.02877961e-02,  9.52986553e-02,
       -8.63517374e-02,  6.61827028e-02,  8.16274527e-03, -8.47163573e-02,
       -5.42350523e-02,  3.46011072e-02,  8.45275521e-02,  4.00808752e-02,
       -6.72708303e-02, -1.03383847e-01, -1.93598568e-01,  7.11615533e-02,
       -7.38957850e-03,  1.81951020e-02, -4.86497432e-02,  6.33840635e-02,
        5.51651865e-02,  6.58963323e-02,  1.43881142e-01, -1.62735581e-02,
        9.50189382e-02, -1.57227755e-01, -1.48326736e-02,  5.24963737e-02,
        1.11746620e-02, -6.56701922e-02, -6.03831932e-02,  8.24943334e-02,
        7.01352507e-02,  7.74577484e-02,  9.38794669e-03, -1.44539446e-01,
       -1.02090456e-01,  9.14423093e-02,  9.77320597e-02, -6.76693618e-02,
        8.51231292e-02,  1.39849022e-01,  1.32449076e-01, -1.05017565e-01,
       -7.06392229e-02, -9.53183770e-02, -2.17855703e-02, -3.98863712e-03,
        5.70442975e-02, -1.16010673e-01, -1.20456286e-01,  1.06729761e-01,
        1.18870214e-01,  3.28479968e-02, -1.41926557e-01,  4.92472649e-02,
        2.14242898e-02,  1.09484687e-01,  2.90468279e-02, -1.34572208e-01,
        1.90962479e-02, -6.87209964e-02, -7.92292180e-04, -1.14923216e-01,
        6.92090616e-02, -8.97334889e-03,  4.25980687e-02, -5.80342263e-02,
       -1.17197812e-01,  8.35775658e-02,  8.86305124e-02, -1.65524688e-02,
       -1.10700175e-01,  2.90360320e-02, -1.48833439e-01, -2.39951052e-02,
       -7.20150545e-02, -2.77480129e-02, -1.14562102e-01, -3.81430760e-02,
       -1.45981923e-01, -1.28279537e-01,  9.87460092e-02, -1.13614149e-01,
       -1.21805631e-02, -4.74579521e-02,  1.37195483e-01, -1.01543665e-01,
        4.11127731e-02, -6.46681408e-04,  1.78182684e-02,  1.31889135e-02,
        7.68909678e-02, -8.38178694e-02,  6.90310970e-02,  2.34852079e-02,
        6.50195479e-02,  6.03287704e-02, -1.28075212e-01,  7.60441124e-02,
        4.61156160e-04, -9.64142755e-02, -5.11196814e-02, -3.91705222e-02,
       -1.46680415e-01,  9.83793959e-02,  9.06050578e-02,  1.32586598e-01,
        1.04034163e-01, -4.15420346e-02,  1.10463172e-01, -5.53482808e-02,
        7.12563545e-02, -9.54466537e-02, -9.80568156e-02, -5.48019633e-02,
       -1.09244294e-01,  2.75364220e-02,  1.23071119e-01, -8.94568190e-02,
        5.72680160e-02,  5.67677654e-02, -1.23054441e-02,  8.22204277e-02,
        5.98695986e-02, -9.48692337e-02, -2.62402538e-02,  4.76596458e-03,
       -4.01335433e-02,  8.07956755e-02, -9.47078839e-02,  4.37129363e-02,
       -2.94028968e-02,  1.12757944e-01, -4.08716500e-02,  1.25722826e-01,
       -5.33208996e-02,  3.94139066e-02, -4.20110598e-02, -4.16025403e-04,
        6.03036284e-02,  7.53356963e-02, -4.00338322e-02, -8.94703567e-02,
       -4.02647778e-02, -5.05036674e-02,  1.05832070e-01,  4.47912030e-02,
       -7.23671122e-03, -1.07365930e-02, -4.95911464e-02,  1.09617516e-01,
       -1.10004991e-01, -4.48155552e-02,  1.39912898e-02, -4.56054322e-02,
       -1.05081961e-01, -5.29037565e-02, -3.14136967e-02,  6.77674040e-02,
        1.34221315e-01,  7.90763721e-02,  2.51349956e-02,  2.16145068e-02,
       -1.50358364e-01,  8.18891898e-02,  1.95406228e-02, -9.98964310e-02,
        1.14780761e-01, -2.48219492e-03, -1.56404823e-01,  5.09317592e-03,
        2.00194642e-02,  1.67914063e-01,  8.35368708e-02, -6.34923158e-03,
       -9.14999768e-02,  5.23763821e-02, -7.73178786e-02,  1.84594467e-02,
       -3.78710628e-02,  6.38888311e-03,  4.80659753e-02, -1.27336353e-01,
       -7.02456906e-02, -5.18234493e-03,  2.61368304e-02,  7.25911036e-02,
        1.15631282e-01,  1.29538206e-02, -1.17186129e-01, -1.24817424e-01,
       -1.31215632e-01, -5.74254766e-02, -6.42965287e-02, -1.04335286e-01,
       -5.21583436e-03,  1.44896307e-03,  7.72029012e-02,  3.26927714e-02,
        1.26492336e-01, -9.65102008e-05,  2.84434464e-02,  1.01217106e-01,
       -7.11985007e-02, -1.11116968e-01, -1.02177411e-01, -1.32820725e-01,
       -1.54923543e-01,  1.65274814e-02, -1.02753207e-01,  1.01309180e-01,
       -1.11228421e-01,  1.40905738e-01, -2.15673000e-02,  9.65812206e-02,
       -4.09107804e-02, -9.37322155e-02,  1.29673898e-01,  7.30830282e-02,
       -8.56954679e-02,  6.53341338e-02, -4.88317162e-02,  6.99712485e-02,
        1.37832984e-02,  7.95919001e-02,  7.20435828e-02,  1.90434102e-02,
        9.11951885e-02,  4.39248420e-03,  7.13992119e-02, -5.46542145e-02,
       -1.05154090e-01,  2.40434874e-02, -1.61916509e-01,  1.15307659e-01,
        4.31611314e-02,  2.06948742e-02,  9.09416750e-03, -2.41777468e-02,
        7.02378338e-06,  4.44316156e-02, -1.02976456e-01, -4.86334600e-02,
        1.15908399e-01,  5.39186746e-02,  1.05147131e-01,  3.06775663e-02,
       -6.39522970e-02,  1.31514385e-01,  7.99954459e-02, -1.78951442e-01,
       -1.04301289e-01, -6.25414029e-02, -5.03709726e-03,  8.93254355e-02,
       -4.74351496e-02,  1.02877051e-01, -9.81344357e-02,  7.81559050e-02,
        8.63785371e-02,  7.80578628e-02,  5.50055802e-02, -1.55394431e-02,
       -7.42067993e-02,  4.27989103e-02,  3.39115970e-02,  6.48334995e-02,
       -8.63362476e-02, -1.01383954e-01,  7.84050226e-02, -9.56440940e-02,
        8.94192010e-02, -5.24982214e-02, -1.56730786e-01, -1.00266665e-01,
        1.38502106e-01, -2.31962651e-02, -1.56078935e-01,  3.90396304e-02,
        1.15673408e-01, -1.23080604e-01,  8.17068666e-02, -6.90500960e-02,
       -7.17891008e-02,  1.34864688e-01, -8.72997642e-02,  3.71520454e-03,
       -1.01366051e-01, -1.26039647e-02,  1.04338359e-02, -3.22954059e-02,
        1.01402551e-02,  1.72736086e-02,  8.34814087e-03, -7.64779896e-02,
        1.22151241e-01, -1.09117150e-01,  1.07392505e-01,  3.78359556e-02,
       -1.28233150e-01,  6.85868338e-02, -7.72749335e-02,  4.58042920e-02,
        6.37856573e-02,  4.03494649e-02, -7.12660998e-02, -2.56243981e-02,
        1.31321117e-01,  7.67938346e-02,  5.98578490e-02,  8.09929818e-02,
        2.48361155e-02,  5.34810573e-02, -7.81095773e-02, -1.20346941e-01,
        7.21446723e-02, -8.02528635e-02,  8.86231735e-02, -4.19492871e-02,
        1.82277802e-02, -1.02996521e-01, -5.79858422e-02, -9.29173976e-02,
        9.78538990e-02, -9.41564888e-02,  1.09370597e-01,  9.92035493e-02,
       -1.14659801e-01,  1.06226027e-01,  1.00061834e-01, -3.23719345e-02,
       -1.03834674e-01,  1.05692528e-01,  2.60416064e-02,  3.30483839e-02,
        7.68483384e-03, -1.12642124e-01, -1.45933002e-01,  1.49319008e-01,
       -6.35123402e-02,  7.93528780e-02,  2.90349592e-02, -8.03983957e-02,
        8.53030235e-02,  1.21074114e-02,  5.13270199e-02,  9.19623449e-02,
       -4.76246104e-02, -8.28308389e-02, -3.95139717e-02, -3.54998708e-02,
       -8.48125368e-02, -1.55593291e-01, -1.45636946e-01, -3.66009474e-02,
        1.04494147e-01,  3.54156247e-03,  9.60156322e-02,  1.02947585e-01,
       -3.48048285e-02,  6.49819300e-02, -7.84299821e-02, -3.03819831e-02,
        8.59876350e-02, -7.76641667e-02,  1.30749300e-01, -2.59526148e-02,
       -1.01574935e-01,  4.37509269e-02, -6.37855232e-02,  1.25999451e-01,
       -1.79990253e-03,  4.83139697e-03, -1.01428166e-01, -2.40437072e-02,
        5.43581136e-02, -1.15131056e-02,  1.02589622e-01,  7.91828111e-02,
       -1.96936559e-02, -5.17704450e-02, -7.21476972e-02, -6.16634600e-02,
       -9.44566131e-02,  6.64168075e-02,  9.28115845e-02,  3.18582393e-02,
       -1.15379551e-02, -1.37796879e-01, -6.27818480e-02,  2.79782433e-02,
       -9.01081041e-03, -9.36442688e-02, -1.09329350e-01,  7.96808451e-02,
        9.01593938e-02, -7.61214197e-02,  7.38466308e-02, -1.35615259e-01,
       -2.40096841e-02, -1.67640418e-01, -1.18914336e-01,  1.08567141e-01,
       -6.60995841e-02, -4.71424684e-02, -5.42595126e-02, -3.14296000e-02,
       -1.51889985e-02, -1.44780695e-01,  5.20749725e-02, -1.59695774e-01,
       -6.08952008e-02,  7.52743259e-02,  9.99391377e-02,  1.34208158e-01,
        3.93051915e-02, -1.84993427e-02,  2.89593339e-02,  3.67528126e-02,
        6.58250079e-02,  7.72918239e-02, -1.06898829e-01, -4.44911569e-02,
       -1.35331780e-01, -7.32381195e-02, -1.43521234e-01, -1.46173432e-01,
       -1.56305656e-01, -4.26613986e-02, -1.17637970e-01, -7.34679326e-02,
        1.04467474e-01,  4.19865735e-02,  1.54142128e-02, -1.13658682e-01,
       -1.13512449e-01,  1.41057119e-01,  9.44369212e-02,  1.23999767e-01],
      dtype=float32), 'decoder.6.weight': array([[ 0.10084645, -0.04130552,  0.22039449, ...,  0.24328914,
         0.24852462,  0.05457358],
       [-0.05174942,  0.05637749, -0.10879802, ...,  0.11015753,
         0.04820138,  0.02676063],
       [-0.12006847,  0.13481116, -0.13323398, ..., -0.01371562,
         0.08199824, -0.05480075],
       ...,
       [ 0.01321799,  0.09199415,  0.0867467 , ..., -0.07299387,
        -0.0693623 , -0.0917307 ],
       [-0.06313875, -0.02694778, -0.11264635, ..., -0.09289561,
         0.10634644,  0.03182041],
       [ 0.06568932,  0.0110076 , -0.13549604, ..., -0.00257797,
         0.04155678, -0.06295537]], dtype=float32), 'decoder.6.bias': array([-0.02647797, -0.0425137 , -0.03372022, ...,  0.01640537,
        0.11518193,  0.06654416], dtype=float32)}
[Time: 15.01.25 11:48:00] [Level: info] [State: aggregate] {'encoder.0.weight': array([[-0.04155765,  0.00504767,  0.00861216, ..., -0.03186828,
         0.02387048,  0.01767384],
       [ 0.00983436,  0.02745969,  0.02622582, ...,  0.01380874,
        -0.02128842,  0.04001334],
       [ 0.01861278, -0.0192685 ,  0.00510735, ..., -0.00366759,
        -0.02830432, -0.00921692],
       ...,
       [-0.02136425,  0.00567685,  0.00513633, ..., -0.00889633,
         0.00711079, -0.02967478],
       [ 0.00727521,  0.02304908, -0.01198541, ...,  0.04508826,
        -0.020414  ,  0.02799426],
       [ 0.02805305,  0.03154409,  0.0092545 , ...,  0.00952156,
         0.02018247,  0.00870976]], dtype=float32), 'encoder.0.bias': array([ 1.05602737e-03, -2.57700142e-02, -1.91162359e-02, -1.24977529e-02,
       -3.06931883e-02,  2.36674747e-03,  2.35509723e-02, -3.15710865e-02,
       -4.62805480e-03, -4.12659980e-02, -2.21864004e-02, -2.90305018e-02,
       -1.24248751e-02,  1.94614194e-02, -4.05518487e-02,  1.65685602e-02,
        3.03331483e-02, -4.56941612e-02,  5.03776828e-03,  3.12119126e-02,
        2.06775721e-02, -3.38844135e-02, -2.17228681e-02, -3.05992477e-02,
        5.77113498e-03, -3.34270708e-02, -4.60958108e-02, -1.39946407e-02,
        1.85055472e-02, -1.77676622e-02,  2.54555745e-03, -1.32591678e-02,
        2.37256847e-02, -3.14893909e-02, -2.83524003e-02, -2.89807208e-02,
       -3.74616124e-02,  2.25571403e-03,  3.13097524e-04,  1.84418391e-02,
       -3.07311094e-03, -2.13781353e-02,  1.58834718e-02,  1.76301636e-02,
        1.51446750e-02,  2.61217151e-02,  5.01250476e-02, -1.07022310e-02,
        1.76573861e-02, -2.80609056e-02, -4.32156250e-02,  7.21904682e-03,
        1.68833379e-02, -6.74120337e-03,  2.59194095e-02,  3.19753378e-03,
       -2.13171616e-02, -2.29592714e-02,  2.11718492e-02, -3.17367502e-02,
       -4.08765636e-02,  1.34023717e-02,  1.61984432e-02,  1.55563112e-02,
       -4.70216107e-03, -1.48709137e-02,  2.83084027e-02, -3.76461595e-02,
       -1.93280205e-02, -2.85099614e-02, -3.67939030e-03,  2.97066895e-03,
        1.47573361e-02, -1.10615818e-02, -1.87590066e-02,  7.93068111e-03,
       -3.26228142e-02, -4.30974737e-02, -2.97030471e-02,  1.71159767e-02,
        3.02287154e-02,  1.75431110e-02,  2.98776478e-02, -1.56818498e-02,
        2.33407076e-02, -4.22133207e-02, -1.08173944e-03, -1.63525343e-02,
       -2.03883611e-02,  1.50506468e-02, -1.51188998e-02,  2.31997110e-02,
       -5.84675651e-03, -3.52318608e-03,  1.66040380e-02,  2.29621381e-02,
        1.82598028e-02, -1.24979373e-02, -7.60891533e-04,  2.73836851e-02,
        1.46658940e-03,  1.49778638e-03, -3.88837308e-02, -4.47048359e-02,
       -3.30733955e-02,  5.80005860e-03, -1.79334860e-02, -2.53733322e-02,
        1.31518124e-02, -4.18971740e-02, -2.55915634e-02, -3.85398641e-02,
       -3.43179591e-02,  6.95715286e-03,  2.28646379e-02, -9.61929187e-03,
       -3.09081934e-03, -3.32656503e-02, -3.08729131e-02, -2.20571924e-02,
       -2.46128719e-02, -3.54659297e-02,  3.26873213e-02, -2.61765253e-02,
       -2.15093233e-02, -8.45615007e-03, -1.95755083e-02,  1.84786376e-02,
        1.27865626e-02, -2.29123849e-02,  1.37178581e-02,  2.17712894e-02,
       -4.28844839e-02,  3.82494032e-02, -4.02062805e-03, -2.57367752e-02,
       -4.46145572e-02, -1.52394231e-02, -2.49580527e-03,  1.05398160e-03,
        4.03035339e-03,  2.83395648e-02,  9.04122833e-03, -2.97334325e-02,
       -1.01116868e-02, -1.39209824e-02,  1.29695870e-02,  1.49534214e-02,
       -1.23214470e-02, -9.35632456e-03,  3.03695463e-02, -4.04881723e-02,
       -2.42647040e-03,  2.30552014e-02,  1.91897694e-02, -3.79095934e-02,
       -2.82383617e-02,  1.58102605e-02, -1.97930504e-02, -2.67836880e-02,
       -2.96991859e-02,  3.34311128e-02, -4.33704332e-02, -2.35902015e-02,
       -3.85681093e-02,  6.59125252e-03, -4.27219570e-02, -3.28662507e-02,
       -3.52282114e-02, -1.53838731e-02, -2.05408838e-02, -4.39861752e-02,
        1.16442349e-02, -7.08832592e-03, -3.47654447e-02,  2.92298663e-02,
        1.99567880e-02, -1.19205099e-02,  1.75160877e-02, -1.06063783e-02,
        5.49243391e-03,  3.92432977e-03, -2.22623697e-03, -4.75943834e-02,
        2.13497337e-02,  1.23911463e-02, -3.64629850e-02,  2.22446341e-02,
        2.53636055e-02,  2.26686690e-02, -2.69590970e-02,  4.21425933e-03,
       -4.62425500e-02, -2.08407585e-02, -5.89212999e-02, -4.62038303e-03,
       -1.97716467e-02, -2.28692405e-02, -2.22407412e-02, -1.35205295e-02,
       -1.40645374e-02,  3.44313420e-02,  9.71486978e-03, -4.23071869e-02,
        2.99224891e-02, -4.16176990e-02,  2.58745290e-02,  3.63159478e-02,
       -1.13550518e-02,  2.10389141e-02,  1.11497836e-02,  2.55368184e-02,
        1.04304096e-02, -3.23980637e-02, -3.50217596e-02, -2.89636496e-02,
       -2.88387761e-03, -3.26074846e-02, -2.79274844e-02, -1.80483144e-02,
        9.83963441e-03,  1.40403528e-02, -2.83511430e-02, -1.61116216e-02,
       -1.60399619e-02,  2.29173973e-02, -3.61497216e-02, -2.43045073e-02,
       -3.29129025e-02, -2.11918745e-02, -4.60800864e-02,  1.91585124e-02,
       -1.24442773e-02,  4.78305295e-03, -2.78829336e-02,  2.00462621e-02,
        4.11489792e-03,  1.40220094e-02,  4.79707457e-02, -2.78443247e-02,
        1.67792141e-02, -3.53180431e-02,  2.65203230e-02,  7.52526801e-03,
       -3.49352397e-02, -4.69483137e-02, -1.94984078e-02, -3.44425850e-02,
       -3.49400267e-02,  6.85400842e-03,  2.72619328e-03, -1.69115476e-02,
        9.64920036e-06, -3.16965301e-03, -9.02411155e-03,  8.58335942e-03,
        1.18923234e-02, -4.54971008e-02,  1.92282870e-02,  3.08794007e-02,
        3.25285532e-02, -3.36991102e-02,  8.93597957e-03, -2.35846322e-02,
       -1.73802879e-02, -8.14521033e-03, -3.91367078e-02,  2.25450397e-02,
        1.64218768e-02, -3.19482051e-02,  2.69425567e-02, -3.96062359e-02,
        7.53295189e-03, -1.67171098e-02, -4.52172905e-02,  1.34681351e-02,
       -4.68590558e-02,  3.06032188e-02, -3.02544311e-02, -4.33972366e-02,
        2.75231600e-02,  2.08427925e-02,  7.22786784e-03, -5.26400097e-03,
       -4.54744287e-02,  2.21863110e-02, -2.85037253e-02,  1.91034116e-02,
        1.66003476e-03, -4.73636650e-02, -3.28794494e-02, -3.54331955e-02,
       -2.20228415e-02, -2.46386696e-02, -9.81276296e-03, -4.24178094e-02,
        2.75410973e-02, -2.69811805e-02,  1.93514936e-02, -3.20452936e-02,
        3.54158343e-03, -2.98231114e-02, -1.52942967e-02, -7.29963882e-03,
       -3.98318507e-02, -4.42010872e-02,  1.07393144e-02, -3.79167870e-02,
       -5.40584000e-03,  1.11356312e-02,  2.06664465e-02, -3.01527642e-02,
       -4.40083854e-02,  5.81268594e-03, -2.91733183e-02, -5.12662493e-02,
       -1.51815005e-02,  3.09341382e-02, -3.63981575e-02, -1.17567955e-02,
       -1.31946402e-02, -2.71995142e-02,  7.81831238e-03, -2.17572693e-02,
       -3.07975449e-02, -3.11941337e-02,  1.28888572e-02, -2.13906020e-02,
        1.02289720e-02,  2.72686724e-02, -1.67442244e-02,  1.46588953e-02,
       -1.97166186e-02,  3.36541682e-02, -6.09138282e-03,  7.98506662e-03,
       -4.29661293e-03, -2.21187677e-02,  2.73948405e-02,  6.00801688e-03,
       -3.96981165e-02,  2.42879037e-02, -1.99681763e-02,  1.64442472e-02,
       -1.51839238e-02,  2.47309729e-02,  3.01912297e-02,  8.60204280e-04,
       -3.11563089e-02,  7.07071275e-03, -4.72351443e-03,  1.62817985e-02,
       -2.99328212e-02, -7.62852700e-03, -3.75669226e-02, -1.88122112e-02,
        3.66646494e-03,  1.90577060e-02,  5.47291059e-03, -1.77197680e-02,
       -6.87015522e-03,  2.69863829e-02, -2.35312451e-02,  1.65997986e-02,
        1.92888174e-02, -1.44934393e-02,  2.01235209e-02,  2.30824593e-02,
       -1.79167166e-02, -3.89637798e-02, -1.67516787e-02, -6.72126794e-03,
       -1.85799934e-02,  1.57532822e-02,  2.28802133e-02,  2.34765392e-02,
       -5.08804992e-03, -8.68730154e-03, -2.53853481e-02, -2.43187081e-02,
       -3.16809639e-02,  2.03873124e-02,  1.42857917e-02, -1.18275639e-02,
       -1.70656238e-02, -1.31597854e-02,  5.57796936e-03,  2.49697287e-02,
       -3.82782030e-03, -4.98619527e-02, -2.20507104e-02,  9.59045347e-03,
       -3.71656660e-03, -1.82757489e-04,  1.13489265e-02,  2.60557123e-02,
        7.86319561e-03, -5.42834625e-02, -1.45452665e-02,  2.55647600e-02,
       -1.98302884e-02, -5.65792294e-03, -4.52872878e-03, -1.23050986e-02,
        1.04786698e-02, -2.00710609e-03, -9.83334612e-05,  2.88508553e-02,
        1.40380822e-02,  2.48843823e-02, -4.53104116e-02,  1.67755764e-02,
       -3.74005511e-02, -7.05103669e-03, -4.50524502e-02,  4.78781536e-02,
       -1.51647357e-02, -2.56713498e-02, -9.67964623e-03,  2.52538882e-02,
       -2.09036190e-02,  1.25738773e-02, -4.03745472e-02, -2.99023017e-02,
        1.42792966e-02,  1.82181168e-02, -1.25257932e-02, -4.65571955e-02,
        2.20553018e-02, -2.02624407e-02, -3.99671830e-02, -1.18021695e-02,
        5.09924488e-03, -6.71383832e-03, -3.77464890e-02, -3.71507592e-02,
        2.61670724e-02, -1.52850840e-02,  1.97030213e-02,  1.30163655e-02,
       -3.55799347e-02, -1.18180672e-02,  1.03463121e-02, -4.41438705e-02,
       -4.06171242e-03, -1.65235791e-02,  1.32315205e-02,  2.98313983e-02,
       -1.84875838e-02,  2.92963982e-02, -3.20138298e-02,  1.68317147e-02,
       -3.75033468e-02,  8.20672978e-03, -2.63122655e-02, -5.92926890e-03,
       -1.78168733e-02,  1.96452867e-02, -1.54423723e-02,  3.36068943e-02,
       -3.96986455e-02, -8.95674899e-03, -6.34227274e-03,  1.27882380e-02,
       -4.07969132e-02, -4.77887802e-02, -2.34742649e-02, -2.99533419e-02,
        2.42998335e-03, -3.92848477e-02, -3.31344269e-02,  1.56000098e-02,
       -3.52834500e-02, -3.92850228e-02,  8.30830261e-03, -1.61674041e-02,
       -2.07591001e-02, -3.07671633e-03, -3.94115001e-02, -1.31808966e-02,
        3.16080488e-02, -3.66892479e-02,  8.10066145e-03,  2.11046645e-04,
       -3.35786827e-02, -3.02683767e-02,  2.95884628e-02, -1.40738431e-02,
       -2.49036830e-02,  2.06012418e-03, -4.56470437e-03,  1.47625981e-02,
       -5.90985734e-03, -1.40430937e-02, -2.73545757e-02,  1.07628908e-02,
       -1.44682573e-02,  1.23025272e-02,  6.49323780e-03, -3.59537229e-02],
      dtype=float32), 'encoder.2.weight': array([[ 0.07158984, -0.07017614, -0.08903975, ...,  0.01161695,
         0.00259574, -0.12215372],
       [-0.06761726,  0.05771369, -0.12563027, ...,  0.00394965,
         0.03982566, -0.0812523 ],
       [ 0.11343774,  0.09292723,  0.13019286, ...,  0.04843681,
         0.08372597,  0.06425935],
       ...,
       [ 0.01753419,  0.03739256, -0.10646539, ..., -0.07776984,
         0.05609816,  0.02222729],
       [ 0.09945258,  0.03130198,  0.08165375, ...,  0.00895188,
         0.03820203,  0.03932835],
       [ 0.12247109, -0.13139534,  0.09510626, ..., -0.03166728,
         0.00240346, -0.09556444]], dtype=float32), 'encoder.2.bias': array([ 0.10149057,  0.06833956,  0.1228946 , -0.07883639, -0.04703073,
       -0.15148924, -0.04403947,  0.04297271, -0.09607463,  0.0427047 ,
        0.06729489, -0.12718983, -0.06508221, -0.04364469,  0.05975811,
        0.09608334, -0.04362565, -0.12208767,  0.07026982,  0.05378807,
       -0.06752529, -0.05938534, -0.10670874, -0.03964139,  0.03924587,
        0.04483726, -0.01908919, -0.09890847, -0.11982203, -0.09621527,
       -0.07087849, -0.06416777,  0.03756624, -0.02945862, -0.0034077 ,
        0.08564319, -0.08826776, -0.0448857 , -0.086403  ,  0.1677341 ,
       -0.09563003,  0.00896864,  0.06750425, -0.07016127, -0.01407935,
        0.06674268,  0.07219981,  0.00288565, -0.07803115, -0.0674184 ,
       -0.01504355, -0.01366971, -0.08925156, -0.02513609,  0.01807643,
       -0.10977904,  0.08963361, -0.12941249,  0.00452591,  0.0857788 ,
       -0.06973308,  0.10841497,  0.11637471,  0.01132818, -0.05905389,
       -0.02519249,  0.06800036,  0.12880827, -0.00384191, -0.11232974,
        0.1178301 , -0.02663212, -0.08525085, -0.06996691,  0.10586447,
       -0.00761035, -0.06087875,  0.01377768,  0.06778075,  0.11846469,
       -0.14927146,  0.08383637, -0.05002283,  0.08838393,  0.09742934,
       -0.10287339, -0.02815727, -0.07745116,  0.02734374,  0.05149541,
       -0.07055061,  0.12811914, -0.02156304, -0.07131581, -0.1198007 ,
        0.02693275,  0.07382875,  0.00129128, -0.09374486, -0.01553506,
        0.04609329,  0.06648831,  0.12916589, -0.07366242, -0.01007961,
        0.0370646 ,  0.10964343,  0.00143396,  0.01133045,  0.07832921,
        0.06835057, -0.01950363, -0.14550498,  0.13135874,  0.10572905,
        0.07554439, -0.06658374, -0.08989094, -0.01047934,  0.00999525,
       -0.00497664,  0.01041229,  0.10515646, -0.01238171, -0.01366263,
        0.04444049, -0.11955125,  0.09097091,  0.05474646, -0.14694871,
        0.05615959, -0.07267976,  0.09861342, -0.1165049 , -0.02094692,
        0.02905262,  0.05731428,  0.08455414,  0.06517617,  0.09433027,
        0.00986693,  0.04167947,  0.03830481, -0.00519886, -0.02421352,
       -0.13166142, -0.01201934,  0.04998286, -0.08161549, -0.09481842,
       -0.02031656,  0.00659636, -0.06598353,  0.11667289, -0.00391328,
       -0.14042622,  0.06214257, -0.05957258,  0.13010903, -0.05246416,
       -0.01456804, -0.15617876, -0.00747139, -0.03239147,  0.07092734,
       -0.03841246, -0.04824249, -0.10286457,  0.0600211 ,  0.03580693,
       -0.11261138,  0.03999075,  0.0815291 ,  0.00259919, -0.04837028,
       -0.04463218, -0.05107097, -0.06272309,  0.00505097,  0.06819191,
        0.09045381, -0.01404036, -0.00637817, -0.13759716,  0.07284353,
       -0.02323933,  0.10571431,  0.04946689, -0.12772238, -0.1304801 ,
        0.06779119,  0.01627473,  0.04598872,  0.00894083, -0.06613231,
       -0.09831209, -0.01215831,  0.01851736,  0.01715419,  0.03019678,
       -0.09251919, -0.08057752, -0.09861208, -0.01183793,  0.09121373,
       -0.02229556,  0.00794927, -0.04664097, -0.08261991, -0.05847473,
        0.06446548,  0.00795347, -0.00280226,  0.10577738,  0.11891821,
       -0.15075819,  0.10273858, -0.05923999, -0.12613614,  0.02159109,
       -0.12801766,  0.05063903,  0.05183601, -0.08632445, -0.10030334,
       -0.01835189,  0.03382674,  0.10270578,  0.05939017,  0.03430286,
        0.10153466,  0.09749918,  0.07180505, -0.13999504, -0.02318737,
        0.01841795,  0.02572183,  0.00285062, -0.10242632, -0.09246663,
        0.09795159,  0.08538915,  0.02281423,  0.03960665,  0.09851965,
        0.07136179,  0.05132205,  0.11590291, -0.04543199, -0.09301446,
        0.0234102 , -0.00937862,  0.11340401,  0.10702267, -0.03582263,
        0.00351415,  0.07756581, -0.05912992,  0.02809185, -0.03915512,
        0.00796202, -0.00190016,  0.00824453,  0.0711425 , -0.03592505,
        0.10304842,  0.00211119,  0.00038338, -0.00146728,  0.0147354 ,
        0.11152536, -0.13542566, -0.10868448,  0.03878747, -0.03404779,
        0.11146103,  0.08250482, -0.14402768,  0.08966647,  0.03075874,
       -0.06155561, -0.06367128,  0.03435441, -0.07973001, -0.12218446,
        0.0902189 ,  0.08895831, -0.12984666,  0.07779943, -0.02856037,
       -0.13935207, -0.05420316,  0.10824099, -0.00091157, -0.04980526,
       -0.04821857,  0.05191828,  0.1313113 , -0.02499665,  0.02591634,
       -0.05002927,  0.09052944, -0.10044061, -0.12245598,  0.07224554,
       -0.12905039,  0.02709497, -0.0280326 , -0.12669922,  0.05355741,
       -0.06071898, -0.13982463, -0.14963101,  0.03767961,  0.06905168,
        0.05340379,  0.06739617, -0.05493918,  0.11658259,  0.01552037,
        0.14668888,  0.07992753, -0.06536569,  0.03829335,  0.02674662,
        0.07795503, -0.00562405, -0.00329208, -0.05090961, -0.09805991,
       -0.11961932,  0.04983954, -0.11271182,  0.03088778, -0.01106043,
        0.11012301, -0.01338249, -0.01486814,  0.05474423, -0.11652555,
        0.08741639, -0.07196748, -0.03065495,  0.04374042,  0.00857314,
        0.07286294, -0.05884749,  0.05058795,  0.07080626,  0.09723367,
        0.0935577 , -0.08391961,  0.02027355, -0.06761815, -0.10362904,
       -0.08293538, -0.10349023,  0.03261608, -0.04851817, -0.03291277,
        0.06252693, -0.01249168, -0.06404474, -0.10849857, -0.11772155,
       -0.06063344,  0.0008143 ,  0.03549904, -0.04244733, -0.1410795 ,
        0.04327863,  0.0822445 , -0.04144674,  0.07483808,  0.07224049,
        0.02915471,  0.04974159,  0.1163765 , -0.09022223, -0.00289674,
       -0.08183411,  0.1124026 ,  0.05064944, -0.05770221,  0.11235217,
        0.07799597, -0.10287178,  0.08926178,  0.01550814, -0.08396631,
        0.09912682, -0.0446686 ,  0.09728894,  0.04422289,  0.07280958,
        0.0372204 ,  0.09628915, -0.13739584, -0.07408461,  0.10763959,
       -0.01724071,  0.05418637,  0.09886891,  0.04195419, -0.05082464,
       -0.11771444,  0.04490253,  0.08300841,  0.05410897, -0.11257552,
        0.05974211,  0.04163077, -0.0297063 ,  0.02996186,  0.04993927,
       -0.1123057 , -0.00860999, -0.03224884,  0.11033533, -0.00711189,
        0.01618499, -0.00979812,  0.00164844,  0.06853836,  0.08535219,
        0.00241541,  0.09548147,  0.049529  , -0.03760234,  0.03484098,
       -0.12960729,  0.07805251, -0.00625171, -0.08177803,  0.02620529,
       -0.04495782, -0.0746554 ,  0.00039801, -0.10120304, -0.01129555,
        0.14454779,  0.13137718,  0.10618083, -0.01162929, -0.01019567,
       -0.11688393,  0.11496085, -0.03791965, -0.09345376, -0.04214995,
        0.10235923, -0.04638062, -0.02281206, -0.07845727,  0.0121698 ,
        0.00606816, -0.02817721, -0.04711156,  0.13038269, -0.11553634,
       -0.10658647,  0.05254937, -0.06710913,  0.1304708 ,  0.09108887,
        0.01078917, -0.11968623,  0.05006269,  0.07090422, -0.06654644,
       -0.08805617, -0.00083262,  0.07218292,  0.04743876, -0.12325136,
       -0.01457025, -0.0394011 , -0.12600516,  0.12902007,  0.10286442,
        0.12637155, -0.02191612,  0.03088257,  0.03511117,  0.05419818,
       -0.14496762, -0.10079461,  0.05625834, -0.04921406, -0.05678243,
       -0.14797963,  0.11302672, -0.08032047,  0.15057638, -0.12689397,
        0.00879918, -0.11104081,  0.04812676,  0.04295312, -0.11718551],
      dtype=float32), 'encoder.4.weight': array([[-0.09240374, -0.1057768 , -0.10953901, ...,  0.11004195,
         0.0494254 , -0.08343157],
       [-0.00415104, -0.10257305, -0.14183347, ...,  0.08304564,
        -0.04985369, -0.08182907],
       [-0.02164041,  0.06692176,  0.05777735, ...,  0.12415003,
         0.1176067 ,  0.04012283],
       ...,
       [-0.13766553,  0.08222038,  0.06099252, ...,  0.09254551,
         0.07751817, -0.09592173],
       [ 0.03033012,  0.10517655, -0.06797736, ..., -0.12120505,
        -0.03656595, -0.00722337],
       [-0.12628846,  0.1129089 , -0.11928067, ..., -0.05909696,
        -0.13270755, -0.11020672]], dtype=float32), 'encoder.4.bias': array([-0.11669623,  0.00373835,  0.12490233, ...,  0.08660835,
       -0.07347133, -0.12694995], dtype=float32), 'encoder.6.weight': array([[-0.0206975 , -0.04572208,  0.03619839, ...,  0.01870053,
         0.01632114, -0.03271063],
       [ 0.03627881,  0.03980085,  0.05096621, ..., -0.03516701,
         0.04660772,  0.05239526],
       [-0.04643365, -0.03311011,  0.04009257, ...,  0.01498833,
        -0.01366018, -0.00325215],
       ...,
       [-0.03271819, -0.0538212 , -0.02130549, ..., -0.00406199,
         0.03976376, -0.00535854],
       [-0.04038476, -0.03694869, -0.09631195, ...,  0.06669373,
        -0.03529234,  0.04786604],
       [-0.03025178, -0.02895303, -0.02814449, ...,  0.01537406,
        -0.05198207,  0.04886037]], dtype=float32), 'encoder.6.bias': array([-0.01482924,  0.00449504,  0.03425433,  0.02126011, -0.02866978,
       -0.01713917, -0.04401508, -0.03109861,  0.03558476, -0.00237696],
      dtype=float32), 'decoder.0.weight': array([[-0.4307144 ,  0.03446421, -0.20976487, ...,  0.673018  ,
         0.88896894, -0.37422806],
       [-0.2487635 , -0.1620353 , -0.36625484, ..., -0.6325612 ,
        -0.71472496,  0.83251643],
       [-0.5321679 , -0.32364216,  0.25688002, ..., -0.12685877,
        -0.4540143 ,  0.50590956],
       ...,
       [ 0.42859733, -0.22486907,  0.7272362 , ...,  0.3962759 ,
        -0.39119706,  0.7200306 ],
       [-0.8910321 ,  0.08747441, -0.7709741 , ..., -0.2131356 ,
        -0.45270205, -0.9081189 ],
       [ 0.9326681 ,  0.9384372 ,  0.5243527 , ..., -0.36853823,
         0.22790359, -0.01513604]], dtype=float32), 'decoder.0.bias': array([-0.9572344 , -0.24880843,  0.02137356, ...,  0.04018834,
       -0.17019713,  0.5191132 ], dtype=float32), 'decoder.2.weight': array([[ 0.04420603,  0.02649594, -0.04753984, ...,  0.04008608,
         0.02460358,  0.03914374],
       [ 0.00639368, -0.00791648, -0.02079141, ..., -0.02928312,
        -0.03945807,  0.02054741],
       [-0.01089941,  0.01854904, -0.05579421, ..., -0.03991446,
         0.02418458,  0.02713126],
       ...,
       [-0.04827749, -0.05013096,  0.01977238, ...,  0.03299393,
        -0.05068306,  0.05971527],
       [-0.02218374, -0.06752277, -0.00231279, ..., -0.03468052,
         0.04673529,  0.01836737],
       [-0.07646876, -0.06702944,  0.02641967, ...,  0.00511353,
        -0.03964487, -0.07428339]], dtype=float32), 'decoder.2.bias': array([ 1.8810747e-02, -4.0725838e-02, -4.2763151e-02,  1.7956374e-02,
       -2.4597475e-02, -7.1223482e-02, -2.8205300e-02,  8.8557694e-03,
        5.4199994e-02,  2.4409633e-02, -8.4200658e-02, -1.1492511e-02,
        7.9935894e-04,  5.2331492e-02,  1.1297814e-02,  1.9943623e-03,
       -2.6868027e-02, -5.7020810e-02,  2.9636320e-02,  3.3068028e-04,
        1.8204730e-02, -2.2497676e-02,  1.8482726e-02, -1.5461227e-02,
        5.4092193e-03,  4.7109611e-02, -6.8019152e-02, -4.7831964e-03,
       -6.4169645e-02, -4.5093209e-02,  3.9326645e-02, -6.0473766e-02,
        5.9363782e-02,  4.0402211e-02,  5.7834197e-02, -4.1960292e-02,
       -6.3810326e-02,  2.3894077e-02,  5.7053653e-04, -2.2327632e-02,
       -3.4679353e-02, -5.4734237e-02,  3.8717419e-02, -6.4339340e-02,
        1.1266774e-02,  3.8917974e-02,  3.8118311e-03, -2.1195777e-02,
       -6.4110376e-02,  4.4246078e-02,  4.1066289e-02, -5.1524844e-02,
       -1.3883879e-02,  4.0289637e-02, -5.7262514e-02, -6.4253055e-02,
       -4.3802619e-02, -2.3739105e-03,  1.8785728e-02, -1.0889232e-02,
       -6.1168823e-02,  5.3962693e-02,  5.4252371e-03,  1.0721119e-02,
       -5.6239780e-02, -6.7275785e-02,  1.8974546e-02, -3.9838724e-02,
       -3.9179359e-02,  3.9882381e-02,  8.0512650e-02,  2.2478828e-03,
        2.5298648e-02, -1.0209824e-02,  3.3103812e-02, -1.9117221e-02,
       -7.2142161e-02, -7.5020410e-02,  5.7203550e-02,  4.4785853e-02,
        4.2830147e-02, -5.6801103e-02, -7.5001091e-02, -6.1845116e-02,
        3.6424790e-02, -6.6372991e-02,  1.6433952e-02,  1.9913157e-02,
       -4.5417082e-03, -1.0479235e-02,  1.8050507e-02,  2.7501857e-02,
        3.3768401e-02, -6.4722180e-02, -4.2201556e-02, -6.1690334e-02,
       -4.9620509e-02,  3.7339989e-02, -2.8934380e-02, -5.4307185e-02,
       -2.8995024e-02,  2.8614615e-04, -3.2014895e-02, -6.0279146e-02,
       -1.5159339e-02, -6.8451203e-02,  3.1410210e-02, -1.1369306e-02,
       -2.5081197e-02, -2.2786744e-02,  5.4454142e-03,  2.0350711e-02,
       -5.1414471e-02, -7.0177317e-02, -1.9269321e-02, -3.0294783e-02,
       -4.5270234e-02,  2.5517244e-02, -7.0509069e-02, -6.6206224e-02,
        4.7388248e-02,  6.2766403e-02,  5.4422218e-02, -4.5947336e-02,
        6.1855905e-02,  1.2046784e-02, -6.5347701e-02, -4.4952277e-02,
        5.4361090e-02,  1.9921018e-02,  5.3565416e-02, -6.3537538e-02,
        5.5061141e-03,  5.1799592e-02, -3.1129623e-02,  5.3460348e-02,
        1.2757414e-02, -2.8162269e-02, -6.4715788e-02, -5.7160441e-02,
        6.5594345e-02,  4.7074668e-02, -6.6188522e-02, -1.9824002e-02,
        1.3660621e-02,  5.7625800e-02,  3.6815800e-02,  1.5615220e-02,
        4.1421548e-02, -3.8019955e-02, -6.9978423e-02, -1.7067015e-02,
        5.6882314e-02, -4.0623195e-02, -5.2385725e-02,  5.4088072e-03,
       -4.9723223e-02, -2.3463503e-02, -6.3582405e-02,  9.3185594e-03,
       -3.0905383e-02,  5.1280953e-02,  3.4835644e-02, -1.3308471e-02,
        2.3537548e-02,  5.1289983e-02, -4.8586637e-02,  6.9678992e-02,
        6.3924859e-03,  5.2774247e-02,  6.8147248e-03, -5.7308031e-03,
        3.2549225e-02,  2.3230044e-03, -4.8732426e-02, -6.8593606e-02,
        2.8858189e-02,  2.8238621e-02, -4.8265785e-02,  3.7787735e-02,
        3.0146562e-03, -6.9959819e-02,  5.2802395e-02, -1.2581899e-02,
       -7.2435714e-02,  3.4884967e-02, -6.9168940e-02, -4.5735471e-02,
       -2.1754815e-03, -6.4813599e-02, -3.8132995e-02, -6.1963286e-02,
       -7.2518580e-02, -5.7226371e-02,  7.8412879e-04, -5.1425446e-02,
       -1.8639443e-03,  3.3772405e-02,  3.2221740e-03, -5.9575204e-02,
       -7.3173836e-02, -5.6004673e-03,  5.9416164e-02,  2.0218205e-02,
       -6.2933631e-02, -2.8465714e-02, -2.7361205e-02, -4.7424421e-02,
       -1.8442299e-02, -1.1685967e-03, -7.0942134e-02,  1.6563375e-02,
       -3.2724734e-02, -6.0565036e-02, -2.4120377e-02, -7.1426868e-02,
       -4.3907017e-02,  5.5083208e-02, -1.6750516e-02, -3.7316620e-02,
       -4.5973733e-02, -2.3018981e-03, -3.5619192e-02,  5.3764559e-02,
       -5.7264838e-02,  2.3535494e-02, -6.7170739e-02, -4.3904506e-02,
        2.6049741e-02, -6.3640170e-02, -7.3739807e-03,  1.2247957e-02,
       -2.9953711e-02, -5.2840449e-02, -6.1178621e-02,  2.1792255e-02,
       -4.2168699e-02, -3.4509476e-02, -4.1151665e-02, -4.6522856e-02,
       -6.1989166e-02,  1.1579646e-02, -7.6989219e-02, -3.9649513e-02,
        3.7633207e-02,  6.1068377e-03, -1.8018649e-03,  2.8241089e-02,
        5.8274373e-02, -3.9455835e-02, -6.3875508e-03, -4.5159128e-02,
       -1.2925396e-03, -3.1159155e-03,  3.5963301e-02,  5.0625518e-02,
       -2.2817481e-02, -6.8485223e-02, -5.3186670e-02, -5.5954754e-02,
        1.1632960e-02, -1.4970455e-02, -7.2324337e-03, -3.1097200e-02,
       -5.8401521e-02, -2.5382806e-02,  9.4154029e-04, -8.7660309e-03,
       -4.7668234e-02, -2.4376644e-02,  2.4431296e-02, -6.6128813e-02,
        3.3675134e-02, -6.7169949e-02,  1.9797305e-02,  2.4618607e-02,
        4.3629184e-03, -4.5843817e-02, -1.8209632e-02,  3.2704887e-03,
       -5.3688674e-03,  3.7437011e-02, -6.3697097e-04,  5.3310364e-02,
        2.6122162e-02,  4.3302614e-02, -7.5741030e-02,  4.0999558e-02,
       -7.3230825e-02, -9.1576774e-05, -2.6344970e-02,  1.9804500e-02,
       -5.3040113e-02, -2.2757260e-02, -1.8012080e-02, -4.4794597e-02,
       -4.6728477e-02, -6.0108118e-02, -4.0744927e-02,  1.7868055e-02,
       -6.2356573e-02, -2.2723669e-02,  3.7964229e-02,  3.2529693e-02,
       -3.0031432e-03, -5.3384829e-02,  2.2035442e-02, -2.9394899e-02,
        2.3260850e-02,  4.1995682e-02,  5.6578640e-02, -5.9534103e-02,
       -3.7679560e-02,  5.1363758e-03, -1.9233255e-02, -4.1775960e-02,
        4.1021936e-02,  2.1305787e-03,  1.8060196e-02, -9.5070405e-03,
       -2.7092719e-02, -4.8329331e-02, -2.7511414e-02, -3.8441043e-02,
       -1.8920887e-02, -1.6044201e-02, -7.4121937e-02,  5.1152322e-02,
       -6.7135587e-02, -2.0055054e-03, -6.5979429e-02, -4.3681797e-02,
       -4.4942874e-02, -1.5235470e-02, -2.9618077e-02,  5.4822329e-02,
        4.2300221e-02,  1.5184977e-02, -2.2458779e-02, -3.9521206e-02,
       -3.4615681e-02, -7.4461333e-02,  3.3632424e-03, -5.0207842e-02,
       -9.3853967e-03, -2.1240357e-02, -7.4740127e-02, -8.3118618e-02,
       -1.5855918e-02, -7.4737847e-02, -2.6559925e-03, -4.7254361e-02,
       -5.8659269e-03,  1.2025492e-02,  2.0208620e-02,  1.0431233e-02,
        4.6555206e-02, -4.9522143e-02, -7.9093926e-02, -1.1853560e-02,
       -3.0709743e-02, -4.2365972e-02,  5.1246192e-02, -1.2541078e-03,
        4.7877464e-02,  3.8964286e-02, -7.0882410e-02,  1.4531204e-02,
       -1.8430883e-02, -5.0491627e-02,  5.7268005e-02, -1.1539803e-02,
       -5.0572701e-02, -5.0899241e-02, -2.9220972e-02, -2.0774463e-03,
       -2.3141172e-02,  4.3225020e-02, -4.3316789e-02,  2.4821345e-02,
       -4.7931172e-02, -2.8760782e-02, -3.0283730e-02, -2.8930545e-02,
       -3.1156499e-02, -6.5615058e-02, -4.0395573e-02, -3.0851828e-02,
        4.6053607e-02,  8.6786961e-03, -2.2872154e-02,  2.6065359e-02,
        5.8055207e-02, -5.9193954e-02,  9.9744452e-03,  2.4423968e-02,
        1.4077727e-02,  3.3772442e-02,  1.7113928e-02,  5.7877935e-03,
       -4.5084052e-02,  3.9212544e-02, -4.9268242e-02,  5.7816602e-02,
        4.2700291e-02,  3.3101581e-02, -2.8187808e-02, -4.5887541e-02,
        5.8732204e-02, -6.0708143e-02, -3.6363192e-02, -6.0603350e-02,
        5.2359022e-02, -5.6961890e-02, -2.0962643e-02,  8.2653621e-03,
        4.0362742e-02, -8.7163756e-03, -5.1738173e-02, -1.7239710e-02,
        2.0530919e-02, -6.5168209e-02, -8.9283176e-03, -5.1911004e-02,
       -2.0709338e-02,  4.0147018e-02, -4.0893961e-02,  4.5803515e-03,
        3.8162116e-03,  4.7382742e-02, -4.8775934e-02,  2.1362526e-02,
        9.2255585e-02, -1.0259026e-02, -5.8512941e-02, -3.4978222e-02,
        9.5579987e-03, -8.1385896e-03, -1.5565457e-02,  4.0150706e-02,
       -2.6228392e-02, -5.4750223e-02, -3.1038472e-02, -5.9423953e-02,
       -8.4257551e-02,  1.7841790e-02, -7.6081097e-04, -4.7974207e-02,
       -3.5263289e-02, -6.5606495e-04,  4.5264363e-02, -4.7538742e-02,
        7.9415860e-03,  5.9250839e-02, -9.5923627e-03,  5.1245250e-02,
        6.0315072e-03, -3.6717288e-02,  2.3396041e-02, -1.6201334e-02,
        1.1460268e-03, -3.2223333e-02,  6.5278978e-04, -6.5660670e-02,
       -5.9379090e-02,  1.2751404e-02,  2.3238581e-02,  3.7031766e-02,
       -1.2437901e-02,  5.2431811e-02, -2.4708971e-02, -5.7578821e-02,
       -9.9984780e-03,  3.7086278e-02, -5.3231120e-02, -5.1672082e-02,
        2.0780299e-02,  3.1259209e-02, -4.7920037e-02,  9.6456381e-03,
       -9.8587833e-03,  8.4041217e-03, -4.1650992e-02, -6.9645852e-02,
       -4.8038147e-02, -9.2363212e-04,  2.0898420e-02, -4.0106338e-02,
       -4.2724039e-02, -6.3200764e-02, -6.4185732e-03, -1.0621471e-02,
        7.9952832e-03,  5.7971762e-03,  7.5164765e-02, -2.5326865e-02,
        3.5659894e-02, -7.5338304e-02,  4.1489236e-02, -6.4286464e-03],
      dtype=float32), 'decoder.4.weight': array([[ 0.12609279, -0.04688039,  0.05136152, ..., -0.10986245,
         0.08443539, -0.00864803],
       [ 0.0018769 , -0.0693524 , -0.11313717, ..., -0.01071777,
        -0.14679651,  0.12657528],
       [-0.02124173, -0.10717965,  0.0501155 , ..., -0.00906106,
        -0.11293995,  0.11086472],
       ...,
       [-0.00946767, -0.0502762 ,  0.08822718, ..., -0.06370962,
         0.00781385, -0.08229844],
       [ 0.06509928, -0.04872129,  0.05985878, ...,  0.09955701,
        -0.04349833,  0.05828802],
       [-0.11371294,  0.07241884,  0.00136298, ...,  0.03551331,
         0.02638011, -0.10164189]], dtype=float32), 'decoder.4.bias': array([-5.46572171e-02,  8.43423009e-02, -4.39143591e-02, -8.79201218e-02,
       -1.29803298e-02,  1.10545523e-01, -1.25897259e-01,  1.61363650e-02,
       -6.07224964e-02,  1.26772560e-03, -1.40248224e-01,  1.22911371e-02,
       -7.24352747e-02,  9.67438594e-02,  2.42687035e-02,  8.68125930e-02,
       -1.47382841e-02, -4.98685054e-02, -9.33986381e-02,  9.07368213e-02,
        9.05954689e-02, -1.65642068e-01,  1.86329801e-02,  1.22334743e-02,
       -1.07011586e-01,  1.38024241e-02, -5.50295636e-02,  1.31604657e-01,
       -7.29291588e-02, -9.23000500e-02,  5.80428652e-02,  6.11067936e-02,
        9.20599476e-02,  5.24314716e-02, -7.50619993e-02,  6.01336733e-02,
        1.23646088e-01,  5.96995726e-02, -3.35073620e-02, -1.33293748e-01,
       -6.24736473e-02, -6.68920055e-02, -1.05132669e-01,  1.12334259e-01,
       -3.05693783e-02,  5.53380437e-02, -9.25508589e-02, -5.88051602e-02,
       -1.50073841e-01, -2.90720742e-02, -8.07794631e-02, -9.82482731e-02,
        6.11999556e-02, -3.42973247e-02, -1.92920417e-02, -3.77579257e-02,
       -4.89235371e-02,  3.91471349e-02, -1.31379247e-01, -1.20042302e-01,
       -1.28970534e-01, -8.74265805e-02, -1.21417819e-02,  9.64338556e-02,
       -8.97396430e-02,  7.57856593e-02,  1.18945558e-02, -1.06288701e-01,
       -5.12235947e-02,  3.21738198e-02,  6.46343157e-02,  3.82604077e-02,
       -6.62985891e-02, -9.35941935e-02, -2.15851903e-01,  7.27301762e-02,
       -8.25468078e-03,  1.89471319e-02, -5.89583367e-02,  9.80893597e-02,
        5.98463118e-02,  6.63526654e-02,  1.43712327e-01, -2.05205157e-02,
        9.29999501e-02, -1.65188611e-01, -1.87380556e-02,  4.43759747e-02,
        5.39889326e-03, -6.55397773e-02, -6.06009178e-02,  7.85601586e-02,
        6.98900148e-02,  7.74785057e-02,  7.58904684e-03, -1.42562881e-01,
       -1.02149203e-01,  9.07964036e-02,  8.47860351e-02, -6.70010075e-02,
        8.40399191e-02,  1.39160708e-01,  1.32198781e-01, -1.04077168e-01,
       -6.85172677e-02, -9.76568907e-02, -3.29309516e-02, -7.36738276e-03,
        6.39918149e-02, -1.43102318e-01, -1.19680308e-01,  1.03720695e-01,
        1.36468410e-01,  2.70353369e-02, -1.58141255e-01,  9.00487006e-02,
        2.11750399e-02,  1.26222014e-01,  3.76906805e-02, -1.27974778e-01,
        1.92351211e-02, -6.63034841e-02, -2.79980805e-02, -1.07161880e-01,
        7.04364255e-02, -2.68295594e-03,  4.16390263e-02, -8.23571905e-02,
       -1.18695602e-01,  8.68216306e-02,  8.74871239e-02, -1.58160198e-02,
       -1.17101960e-01,  2.88798753e-02, -1.53381735e-01, -2.79623624e-02,
       -7.10243508e-02, -2.83744670e-02, -1.30888879e-01, -4.15320173e-02,
       -1.47746846e-01, -1.11909278e-01,  1.04155138e-01, -1.11451536e-01,
       -8.75552651e-03, -5.06905615e-02,  1.46141693e-01, -1.05637588e-01,
        3.54595371e-02, -5.37100062e-03,  1.89272016e-02,  1.30294841e-02,
        9.40362960e-02, -9.66676921e-02,  6.68464899e-02,  2.19834764e-02,
        6.23014458e-02,  5.43330908e-02, -1.28607437e-01,  7.12744817e-02,
        5.48129482e-03, -9.65960696e-02, -2.26565339e-02, -3.09232380e-02,
       -1.52677715e-01,  1.37314498e-01,  9.51993912e-02,  1.26840889e-01,
        1.55538559e-01, -3.82632799e-02,  9.73546132e-02, -5.70597686e-02,
        6.76243082e-02, -1.00683339e-01, -8.57435539e-02, -5.25555909e-02,
       -1.01009570e-01,  2.91693565e-02,  1.21909276e-01, -9.15998295e-02,
        6.58373162e-02,  5.67107201e-02, -1.90274995e-02,  8.95103738e-02,
        6.36544600e-02, -9.93200690e-02, -2.60531958e-02,  1.90138947e-02,
       -3.24340910e-02,  8.10696408e-02, -1.03051223e-01,  4.18577306e-02,
       -2.64696013e-02,  1.12653814e-01, -4.13107909e-02,  1.24699578e-01,
       -3.31283174e-02,  6.23911433e-02, -6.58505708e-02,  1.17236227e-02,
        5.99958226e-02,  9.64589268e-02, -4.62333784e-02, -1.14463627e-01,
       -4.67688926e-02, -5.04187569e-02,  1.08545259e-01,  2.21534371e-02,
       -7.36109260e-03, -1.06425323e-02, -5.15264086e-02,  1.09462686e-01,
       -1.25247106e-01, -6.16237223e-02,  1.53074618e-02, -7.45588243e-02,
       -1.08137079e-01, -9.83811170e-02, -3.04360054e-02,  6.41477779e-02,
        1.33627057e-01,  7.89690018e-02,  4.89790328e-02,  2.49337386e-02,
       -1.53739363e-01,  1.03580900e-01,  1.92307048e-02, -1.00999936e-01,
        1.31995201e-01,  1.07246067e-03, -1.64850265e-01,  4.96065943e-03,
        2.10353881e-02,  1.64571747e-01,  8.05218518e-02, -4.66475356e-03,
       -1.02621555e-01,  4.94700782e-02, -6.58158436e-02,  1.82448551e-02,
       -3.45612690e-02, -1.94105115e-02,  5.13339192e-02, -1.29238546e-01,
       -8.51605088e-02,  6.37780037e-03,  3.26026604e-02,  7.23367408e-02,
        1.14614598e-01,  1.03413630e-02, -1.18904822e-01, -1.24875322e-01,
       -1.34737208e-01, -2.93580908e-02, -1.05727293e-01, -9.83294770e-02,
        4.09938220e-04,  9.57666663e-04,  8.40532035e-02,  3.06715090e-02,
        1.24643214e-01,  4.76652477e-03,  5.88182136e-02,  1.01012044e-01,
       -7.19443038e-02, -1.10916212e-01, -1.11500658e-01, -1.21942565e-01,
       -1.46653831e-01,  1.37446355e-02, -1.02889463e-01,  8.61926377e-02,
       -1.08852617e-01,  1.40331522e-01, -2.22183056e-02,  1.17903657e-01,
       -1.51422219e-02, -9.30015445e-02,  6.53509796e-02,  5.81553988e-02,
       -8.67660865e-02,  7.62423128e-02, -4.00857255e-02,  6.94712847e-02,
        1.29960561e-02,  8.32796171e-02,  1.03985682e-01,  2.32958179e-02,
        1.20571852e-01,  3.56906583e-03,  7.24243224e-02, -4.66022268e-02,
       -1.42866850e-01,  1.78918168e-02, -1.82763591e-01,  1.14307486e-01,
        4.22235392e-02,  2.04444844e-02,  2.82564778e-02, -2.68458854e-02,
        3.59149308e-05,  1.55371297e-02, -9.89862606e-02, -4.78832722e-02,
        1.33666337e-01,  5.69377132e-02,  1.04974106e-01,  2.09747180e-02,
       -6.52670413e-02,  1.31149754e-01,  7.63575956e-02, -1.92591026e-01,
       -1.11841783e-01, -5.80851920e-02, -5.04656695e-03,  8.80899727e-02,
       -4.47844528e-02,  1.01978421e-01, -1.05452277e-01,  8.06263387e-02,
        8.59924853e-02,  7.71684349e-02,  4.58453186e-02, -1.41276410e-02,
       -6.52159899e-02,  4.21291888e-02,  3.91812176e-02,  7.34047592e-02,
       -8.68680179e-02, -7.61338100e-02,  8.85913074e-02, -9.43760872e-02,
        8.97582173e-02, -5.30985892e-02, -1.49926096e-01, -1.00894295e-01,
        1.25594288e-01, -2.40471382e-02, -1.58175737e-01,  3.95766236e-02,
        1.32661492e-01, -1.20560780e-01,  8.15482587e-02, -6.32040203e-02,
       -8.44038576e-02,  9.24370065e-02, -8.69980603e-02,  8.23012553e-03,
       -9.91252065e-02, -1.16383173e-02, -1.95155293e-02, -3.14532071e-02,
        1.28933424e-02,  1.54324509e-02,  9.32323467e-03, -7.95367435e-02,
        1.15833119e-01, -1.15629040e-01,  1.16821870e-01,  4.49720360e-02,
       -1.52304381e-01,  7.33698383e-02, -8.79218429e-02,  8.14483836e-02,
        6.71224594e-02,  5.14698029e-02, -7.37191066e-02, -2.35194005e-02,
        1.28108755e-01,  9.65272039e-02,  6.48942515e-02,  8.29736590e-02,
        2.67053284e-02,  4.62397262e-02, -8.28145817e-02, -1.04023598e-01,
        7.23132640e-02, -7.96299800e-02,  1.01086423e-01, -5.40005080e-02,
        2.32140515e-02, -1.03766784e-01, -5.92688397e-02, -9.67593640e-02,
        9.95936245e-02, -9.72722992e-02,  1.09868899e-01,  9.93954465e-02,
       -1.16071679e-01,  1.02487609e-01,  9.88263935e-02, -3.55213620e-02,
       -1.03851810e-01,  1.06480785e-01,  2.50557382e-02, -2.37576850e-02,
        7.86357187e-03, -1.21665254e-01, -1.48399442e-01,  1.48999885e-01,
       -5.89641891e-02,  7.99409151e-02,  4.73066382e-02, -1.03453346e-01,
        8.57652500e-02,  1.38040548e-02,  5.13327867e-02,  9.57222879e-02,
       -4.89298850e-02, -8.61595720e-02, -5.09096943e-02, -4.63570431e-02,
       -1.12423308e-01, -1.65814757e-01, -1.55853927e-01, -3.67711857e-02,
        9.72142518e-02,  3.92847089e-03,  9.56818759e-02,  9.54685137e-02,
       -3.53998914e-02,  6.11469522e-02, -8.56576338e-02, -3.08573470e-02,
        7.89307207e-02, -8.06652382e-02,  1.31938651e-01, -2.12135781e-02,
       -9.54608098e-02,  5.41183539e-02, -6.03349172e-02,  1.26308024e-01,
       -4.64597298e-03,  1.68306865e-02, -1.06632121e-01, -2.44268365e-02,
        4.59400937e-02, -3.79614346e-02,  1.02373280e-01,  7.78383389e-02,
       -1.60318129e-02, -7.31904581e-02, -6.59818873e-02, -8.24855641e-02,
       -9.40776169e-02,  6.55628145e-02,  8.68711695e-02,  2.87580416e-02,
       -3.03014480e-02, -1.30706534e-01, -5.26275188e-02,  2.90323514e-02,
       -4.69949882e-05, -7.34462515e-02, -1.12912290e-01,  7.93007165e-02,
        9.73531306e-02, -8.23128372e-02,  7.37361461e-02, -1.39683664e-01,
       -2.50094831e-02, -1.69713065e-01, -1.27140105e-01,  1.06925920e-01,
       -4.84401099e-02, -4.39770445e-02, -4.73075546e-02, -2.71299891e-02,
       -1.01006124e-02, -1.42389163e-01,  5.54683022e-02, -1.36149183e-01,
       -7.89851397e-02,  9.17430744e-02,  6.92712069e-02,  1.32105917e-01,
        8.50940570e-02, -1.89871844e-02,  2.94213090e-02,  3.66968401e-02,
        4.73106652e-02,  7.37529993e-02, -1.07789390e-01, -2.77414788e-02,
       -1.69101506e-01, -7.94821680e-02, -1.23914510e-01, -1.47915840e-01,
       -1.51234940e-01, -4.27579023e-02, -1.33978337e-01, -7.41264671e-02,
        1.03598863e-01,  4.15190384e-02,  2.20103059e-02, -1.13936201e-01,
       -1.13300137e-01,  1.41118050e-01,  9.42999721e-02,  1.16728917e-01],
      dtype=float32), 'decoder.6.weight': array([[ 0.10061876, -0.04131624,  0.22053233, ...,  0.24336393,
         0.24872872,  0.05097915],
       [-0.05282922,  0.05379772, -0.10994845, ...,  0.10893613,
         0.04699133,  0.0330815 ],
       [-0.12025237,  0.13252854, -0.13310549, ..., -0.01364565,
         0.08218795, -0.04693425],
       ...,
       [ 0.01326788,  0.09333927,  0.08642626, ..., -0.07326091,
        -0.06975821, -0.10148934],
       [-0.06291188, -0.04504152, -0.11264598, ..., -0.09283654,
         0.10630461,  0.03807829],
       [ 0.06601414,  0.02329765, -0.13507468, ..., -0.00208193,
         0.04202215, -0.07617721]], dtype=float32), 'decoder.6.bias': array([-0.02701693, -0.04062238, -0.03329992, ...,  0.01541185,
        0.11520968,  0.0686251 ], dtype=float32)}
[Time: 15.01.25 11:48:00] [Level: info] [State: aggregate] {'encoder.0.weight': array([[-0.12400539,  0.01450711,  0.02521736, ..., -0.09622687,
         0.07224789,  0.05240526],
       [ 0.02950352,  0.08238322,  0.07867931, ...,  0.04140941,
        -0.06253184,  0.12003648],
       [ 0.05583865, -0.05781462,  0.01532118, ..., -0.01100646,
        -0.0849103 , -0.02765419],
       ...,
       [-0.06409036,  0.01825777,  0.01679661, ..., -0.02670854,
         0.02140347, -0.09032543],
       [ 0.02182579,  0.06909688, -0.03727625, ...,  0.13284223,
        -0.0586063 ,  0.08398738],
       [ 0.0828191 ,  0.09329672,  0.02645145, ...,  0.02989952,
         0.05923204,  0.02742504]], dtype=float32), 'encoder.0.bias': array([ 3.78910662e-03, -7.72939324e-02, -5.73456362e-02, -3.80703732e-02,
       -9.07448083e-02,  7.16988929e-03,  7.06538111e-02, -9.47880298e-02,
       -1.38977077e-02, -1.22468099e-01, -6.65534437e-02, -8.67493302e-02,
       -3.59485783e-02,  5.84211983e-02, -1.21562012e-01,  4.83760834e-02,
        9.15742517e-02, -1.35749012e-01,  1.49830319e-02,  9.36529189e-02,
        6.25924543e-02, -1.01077639e-01, -6.50818944e-02, -9.31171477e-02,
        1.86597686e-02, -1.00278676e-01, -1.39584839e-01, -4.19849791e-02,
        5.68022691e-02, -5.26449904e-02,  8.99339095e-03, -3.91568318e-02,
        7.10844249e-02, -9.50856805e-02, -8.51145387e-02, -8.76863003e-02,
       -1.12407088e-01,  6.80727372e-03, -1.06544263e-04,  5.66556901e-02,
       -9.09349229e-03, -6.41579106e-02,  4.63210791e-02,  5.28930649e-02,
        4.54308465e-02,  7.83676878e-02,  1.49513215e-01, -3.21127921e-02,
        5.29451668e-02, -8.41584653e-02, -1.30283445e-01,  2.16520354e-02,
        5.06519675e-02, -1.98854767e-02,  7.90911540e-02,  9.59223602e-03,
       -6.53297231e-02, -6.88431188e-02,  6.21962212e-02, -9.38733965e-02,
       -1.23521879e-01,  4.15233970e-02,  4.99086455e-02,  4.66650911e-02,
       -1.47570511e-02, -4.46135551e-02,  8.36410969e-02, -1.13486618e-01,
       -5.93050793e-02, -8.56572241e-02, -1.10396445e-02,  7.64560373e-03,
        4.37097922e-02, -3.99302691e-02, -5.62784597e-02,  4.13253382e-02,
       -9.78875831e-02, -1.30625635e-01, -8.91058296e-02,  5.13463281e-02,
        9.06689912e-02,  5.12189753e-02,  8.96730870e-02, -4.70471829e-02,
        7.00228587e-02, -1.26653120e-01, -3.24996701e-03, -5.03627136e-02,
       -6.17930442e-02,  4.51502092e-02, -4.49649766e-02,  6.95284158e-02,
       -1.69117413e-02, -1.05642881e-02,  4.97389808e-02,  6.88499510e-02,
        7.22798407e-02, -3.74908671e-02, -2.88147409e-03,  8.27765465e-02,
        4.39623510e-03,  3.12038581e-03, -1.16648227e-01, -1.32773310e-01,
       -9.92126614e-02,  1.87387187e-02, -5.63243479e-02, -7.74482116e-02,
        4.07881252e-02, -1.25688225e-01, -7.75275975e-02, -1.15282901e-01,
       -1.01652429e-01,  1.95442569e-02,  6.85850829e-02, -2.77279839e-02,
       -9.27032437e-03, -1.00344300e-01, -9.26187783e-02, -6.61572665e-02,
       -7.36696497e-02, -1.06391877e-01,  9.93704051e-02, -7.79665038e-02,
       -6.57512769e-02, -2.53618527e-02, -5.74099123e-02,  5.54360524e-02,
        3.98720726e-02, -7.00496361e-02,  4.11558636e-02,  6.63822070e-02,
       -1.30464882e-01,  1.13885649e-01, -1.20627712e-02, -7.72707909e-02,
       -1.35147914e-01, -4.64122072e-02, -8.23155232e-03,  2.91606062e-03,
        1.20209130e-02,  8.56570676e-02,  2.58343481e-02, -8.99310410e-02,
       -3.09140570e-02, -4.04338166e-02,  3.89148742e-02,  4.67472374e-02,
       -3.88945863e-02, -2.80592106e-02,  9.13879722e-02, -1.21568143e-01,
       -7.28209596e-03,  6.91684932e-02,  5.75800315e-02, -1.14516214e-01,
       -8.34255517e-02,  4.74281386e-02, -6.14010394e-02, -6.02459535e-02,
       -9.04374495e-02,  1.01810366e-01, -1.31401747e-01, -7.20964670e-02,
       -1.17192812e-01,  1.96892824e-02, -1.26902133e-01, -9.85933840e-02,
       -1.33966237e-01, -4.74522449e-02, -6.33141920e-02, -1.31991357e-01,
        3.50833982e-02, -1.99336652e-02, -1.05623655e-01,  8.82961005e-02,
        5.98644912e-02, -3.57633978e-02,  5.25333248e-02, -3.02530918e-02,
        1.58577673e-02,  1.30368648e-02, -6.83652051e-03, -1.42900765e-01,
        6.40485138e-02,  3.78201492e-02, -1.09401718e-01,  6.67374432e-02,
        7.64798224e-02,  6.98706880e-02, -8.07467848e-02,  1.26417633e-02,
       -1.38738215e-01, -6.25248253e-02, -1.76771700e-01, -1.44179016e-02,
       -5.78590184e-02, -7.05828220e-02, -6.67814091e-02, -4.04908359e-02,
       -4.21953350e-02,  1.01441845e-01,  2.86856350e-02, -1.26942828e-01,
        8.91613811e-02, -1.26183897e-01,  7.75934905e-02,  1.09695897e-01,
       -3.34371179e-02,  6.31161630e-02,  3.52316052e-02,  7.66145289e-02,
        3.12909521e-02, -9.66252983e-02, -1.02450646e-01, -8.84602070e-02,
       -7.34389527e-03, -9.64863449e-02, -8.37745219e-02, -5.54815382e-02,
        3.00710164e-02,  4.33483720e-02, -8.52483884e-02, -4.83266488e-02,
       -4.84893396e-02,  6.87759966e-02, -1.07163474e-01, -7.41959885e-02,
       -1.00147210e-01, -6.41953796e-02, -1.36311665e-01,  5.48238382e-02,
       -3.49784419e-02,  1.24048702e-02, -8.36491957e-02,  5.89357540e-02,
        1.10357245e-02,  7.01291189e-02,  1.43040761e-01, -6.49401248e-02,
        4.90058288e-02, -1.06526509e-01,  7.95535147e-02,  2.31489930e-02,
       -1.04316160e-01, -1.39507353e-01, -5.84990419e-02, -1.17300808e-01,
       -1.06063001e-01,  1.93288550e-02,  6.32099994e-03, -5.07493056e-02,
        3.27577000e-05, -9.25224274e-03, -4.66532931e-02,  2.57536769e-02,
        3.72199155e-02, -1.36612192e-01,  5.62753342e-02,  9.13360640e-02,
        9.88927782e-02, -1.01102307e-01,  2.81312019e-02, -6.94276616e-02,
       -5.14684990e-02, -2.44329162e-02, -1.17733143e-01,  6.63121417e-02,
        4.92583513e-02, -9.50559676e-02,  8.08287263e-02, -1.19219191e-01,
        2.26012506e-02, -4.83198352e-02, -1.35653764e-01,  3.98148112e-02,
       -1.40576690e-01,  9.24082622e-02, -9.20403600e-02, -1.29894823e-01,
        8.25699270e-02,  6.12163916e-02,  2.16875337e-02, -1.51950121e-02,
       -1.36430293e-01,  6.72026500e-02, -8.61097127e-02,  5.66682704e-02,
        4.98911552e-03, -1.43349335e-01, -9.86513272e-02, -1.07499711e-01,
       -6.55156001e-02, -7.38140345e-02, -2.79219542e-02, -1.27257228e-01,
        8.26229751e-02, -8.22750553e-02,  5.80468066e-02, -9.48197544e-02,
        1.06078135e-02, -8.89105797e-02, -4.71727103e-02, -2.13378593e-02,
       -1.20677501e-01, -1.32604674e-01,  3.22182104e-02, -1.15066491e-01,
       -1.75452363e-02,  3.33804749e-02,  6.07922599e-02, -8.91396552e-02,
       -1.32480264e-01,  1.74623951e-02, -8.57416391e-02, -1.57243252e-01,
       -4.55482900e-02,  9.34609324e-02, -1.09662399e-01, -3.52777429e-02,
       -3.95856611e-02, -8.16033930e-02,  2.34451368e-02, -6.39742315e-02,
       -1.14422068e-01, -9.35796723e-02,  5.19636571e-02, -6.55052364e-02,
        3.06853466e-02,  8.19705427e-02, -3.14711332e-02,  4.53065038e-02,
       -5.97448871e-02,  1.00964189e-01, -1.58054717e-02,  2.39660740e-02,
       -1.15658995e-02, -6.61688074e-02,  8.15236568e-02,  1.95667595e-02,
       -1.19087525e-01,  7.29247630e-02, -5.72455600e-02,  4.81321998e-02,
       -4.42221239e-02,  7.35805258e-02,  9.19046998e-02,  2.58361083e-03,
       -9.40877944e-02,  2.11972184e-02, -1.28292209e-02,  4.82014418e-02,
       -8.97979736e-02, -2.28826515e-02, -1.12652861e-01, -5.64582571e-02,
        1.09997438e-02,  5.46334013e-02,  1.64205357e-02, -5.18317856e-02,
       -2.08676327e-02,  8.11149254e-02, -7.05990568e-02,  5.11261821e-02,
        5.65415025e-02, -4.45786938e-02,  6.03675470e-02,  7.05719590e-02,
       -5.38222343e-02, -1.17398947e-01, -5.02531677e-02, -2.01612730e-02,
       -5.83555028e-02,  4.72553819e-02,  6.86426684e-02,  6.88516125e-02,
       -1.52666373e-02, -2.73838639e-02, -7.61697814e-02, -7.13056847e-02,
       -9.50331464e-02,  5.99630922e-02,  4.28054333e-02, -3.41612399e-02,
       -5.11979908e-02, -4.00576778e-02, -1.05959950e-02,  7.49016553e-02,
       -1.07076988e-02, -1.49580792e-01, -6.69976994e-02,  2.87686773e-02,
       -9.81990434e-03, -5.55100094e-04,  3.40390950e-02,  7.82008618e-02,
        2.35914867e-02, -1.62845820e-01, -4.23500352e-02,  7.53689855e-02,
       -5.94857559e-02, -1.69711635e-02, -1.35910008e-02, -3.74978818e-02,
        3.14391255e-02, -7.31311645e-03,  3.53898969e-04,  8.65534917e-02,
        4.21188474e-02,  7.46497363e-02, -1.35009676e-01,  5.03237098e-02,
       -1.12225272e-01, -2.18972471e-02, -1.35149658e-01,  1.40735865e-01,
       -4.54063080e-02, -7.71627724e-02, -2.79274359e-02,  7.57806748e-02,
       -6.27189428e-02,  3.72285917e-02, -1.19783729e-01, -8.97096545e-02,
        4.09587845e-02,  5.59657216e-02, -3.87436524e-02, -1.39680147e-01,
        6.61682338e-02, -5.89821413e-02, -1.19792163e-01, -3.40727121e-02,
        1.52875446e-02, -2.00895518e-02, -1.13241360e-01, -1.11173376e-01,
        7.85005763e-02, -4.59216312e-02,  5.77816814e-02,  3.96462381e-02,
       -1.06744811e-01, -3.60308103e-02,  3.23403403e-02, -1.32444561e-01,
       -1.35172289e-02, -5.00441268e-02,  3.96973230e-02,  9.00076032e-02,
       -5.59203364e-02,  8.71450603e-02, -9.47318673e-02,  4.91843708e-02,
       -1.13107935e-01,  4.01774645e-02, -7.86831304e-02, -1.83618478e-02,
       -5.34583330e-02,  5.89562282e-02, -4.86586094e-02,  1.01447172e-01,
       -1.20375812e-01, -3.58165316e-02, -1.83689278e-02,  3.83853465e-02,
       -1.21752523e-01, -1.40823245e-01, -6.99327141e-02, -8.87288898e-02,
        7.29119871e-03, -1.16721638e-01, -9.94005650e-02,  4.54532094e-02,
       -1.05852708e-01, -1.18134409e-01,  2.30143704e-02, -4.84923199e-02,
       -6.36039898e-02, -8.57803598e-03, -1.17572121e-01, -4.08549458e-02,
        9.41766948e-02, -1.10628009e-01,  2.44884938e-02,  6.43435167e-04,
       -1.00738347e-01, -9.13548395e-02,  8.87676030e-02, -4.19405699e-02,
       -7.47181922e-02,  6.18179189e-03, -1.36947613e-02,  4.43308465e-02,
       -1.51251452e-02, -4.21201177e-02, -8.20603222e-02,  3.22844088e-02,
       -4.41084467e-02,  3.69343981e-02,  1.95549615e-02, -1.09186158e-01],
      dtype=float32), 'encoder.2.weight': array([[ 0.21413748, -0.21119449, -0.26778704, ...,  0.03422686,
         0.00712094, -0.36713007],
       [-0.20322293,  0.1751042 , -0.37621468, ...,  0.01376893,
         0.12018875, -0.24181354],
       [ 0.33964995,  0.27878076,  0.39057744, ...,  0.14527658,
         0.2511764 ,  0.1927775 ],
       ...,
       [ 0.0532388 ,  0.11217695, -0.31939682, ..., -0.23330888,
         0.16829398,  0.06668134],
       [ 0.29773924,  0.09257691,  0.2436476 , ...,  0.02671948,
         0.1132741 ,  0.11664949],
       [ 0.36691585, -0.39372927,  0.2851845 , ..., -0.09558558,
         0.0077696 , -0.28716952]], dtype=float32), 'encoder.2.bias': array([ 0.3045469 ,  0.20853916,  0.36753327, -0.2365027 , -0.14161572,
       -0.45347053, -0.13204062,  0.12893766, -0.2984668 ,  0.13300811,
        0.20192167, -0.36213708, -0.19510221, -0.13344663,  0.16275969,
        0.2883021 , -0.1308748 , -0.3662256 ,  0.22358713,  0.1647086 ,
       -0.20244384, -0.1763252 , -0.31959754, -0.11932924,  0.1175206 ,
        0.13408294, -0.05037169, -0.29633695, -0.34912923, -0.28936112,
       -0.21596627, -0.19211847,  0.14034986, -0.08791577, -0.01016404,
        0.27923757, -0.2647887 , -0.13488044, -0.26955378,  0.4741379 ,
       -0.28621352,  0.01319666,  0.20387909, -0.20593469, -0.04062962,
        0.2002413 ,  0.21157035,  0.01676624, -0.23229226, -0.19092295,
       -0.04559755, -0.04668602, -0.26636428, -0.07535242,  0.05352347,
       -0.3289393 ,  0.29097176, -0.38602066,  0.00945473,  0.22235133,
       -0.22068611,  0.32328758,  0.34870243,  0.02373762, -0.17894077,
       -0.07044829,  0.19988419,  0.38622457,  0.00305949, -0.3327974 ,
        0.35480615, -0.07969088, -0.2556075 , -0.20970672,  0.31774798,
       -0.02283037, -0.18180194,  0.02897511,  0.20375088,  0.35576266,
       -0.44740543,  0.25175485, -0.15060571,  0.2654431 ,  0.28185466,
       -0.30861172, -0.08526598, -0.20773071,  0.07527371,  0.1548133 ,
       -0.19870903,  0.3843479 , -0.06327061, -0.21393041, -0.35747966,
        0.08063706,  0.22172132,  0.00453631, -0.27857864, -0.04642901,
        0.13854304,  0.18873404,  0.3873639 , -0.2441417 ,  0.00066976,
        0.11166392,  0.32829362,  0.00744385,  0.04235977,  0.24396536,
        0.20505255, -0.05854709, -0.43596807,  0.39291966,  0.31226733,
        0.24966705, -0.19939633, -0.2681756 , -0.03105965,  0.0303994 ,
        0.01561104,  0.03079636,  0.31591448, -0.03519985, -0.04059478,
        0.13293006, -0.35878867,  0.27298793,  0.17738582, -0.4351567 ,
        0.20275514, -0.21535274,  0.29670188, -0.34818226, -0.06610911,
        0.121935  ,  0.1700812 ,  0.22090623,  0.15003121,  0.30617368,
        0.02903591,  0.12064242,  0.12504984, -0.01426272, -0.07223176,
       -0.39452884, -0.02807828,  0.14909498, -0.23986526, -0.2874452 ,
       -0.05945754,  0.02856959, -0.19797166,  0.3418855 , -0.01217093,
       -0.42127344,  0.20285322, -0.17737857,  0.37874055, -0.1590745 ,
       -0.04237226, -0.46845698, -0.02214678, -0.11184226,  0.2126909 ,
       -0.12493876, -0.13491282, -0.30885842,  0.18087663,  0.10794219,
       -0.3377031 ,  0.12067642,  0.2531089 ,  0.00780157, -0.14243814,
       -0.13476314, -0.15321445, -0.18291774,  0.01487241,  0.2097303 ,
        0.24579537, -0.04170438, -0.01878285, -0.4140743 ,  0.21853188,
       -0.06971669,  0.31699884,  0.14841405, -0.38337052, -0.38494605,
        0.20337282,  0.04910273,  0.1321506 ,  0.02888471, -0.19810453,
       -0.29820764, -0.03692975,  0.06267752,  0.05145821,  0.0819435 ,
       -0.27687508, -0.24119994, -0.27191216, -0.03527229,  0.24709147,
       -0.06806014,  0.02426988, -0.14123985, -0.2653604 , -0.17520821,
        0.18554486,  0.02522301, -0.0049174 ,  0.31796682,  0.35686246,
       -0.4450634 ,  0.2956233 , -0.18872654, -0.3786227 ,  0.06617282,
       -0.3771748 ,  0.15261033,  0.15515636, -0.25900766, -0.30192035,
       -0.05507711,  0.10350813,  0.2979043 ,  0.17839369,  0.08857204,
        0.30593368,  0.29256728,  0.21519518, -0.41998172, -0.06952749,
        0.06093094,  0.07693975,  0.00829133, -0.30727732, -0.27735355,
        0.29282308,  0.25586098,  0.0680259 ,  0.1195593 ,  0.29668742,
        0.21447238,  0.17065057,  0.350316  , -0.12069434, -0.27902728,
        0.0435989 , -0.03053466,  0.34014696,  0.31761646, -0.10697393,
        0.0409477 ,  0.2361981 , -0.17834236,  0.08447169, -0.11747337,
        0.02532471,  0.00834404,  0.02419211,  0.212922  , -0.10659003,
        0.31048915,  0.00724288,  0.0019108 , -0.00455733,  0.04056572,
        0.33457518, -0.406256  , -0.31007528,  0.11540978, -0.10182865,
        0.33264184,  0.26072347, -0.4359763 ,  0.27592063,  0.07109661,
       -0.18466923, -0.19588792,  0.09522657, -0.23902139, -0.36665887,
        0.27198902,  0.26732385, -0.3905408 ,  0.23351672, -0.08601445,
       -0.41668272, -0.15575342,  0.32462248, -0.00275935, -0.13944097,
       -0.14463305,  0.15558071,  0.39287496, -0.07632284,  0.07757442,
       -0.14948316,  0.27255955, -0.30316085, -0.36736965,  0.202133  ,
       -0.3867982 ,  0.07809234, -0.08272679, -0.38020223,  0.15849431,
       -0.18288346, -0.41899943, -0.44755805,  0.11224168,  0.2079655 ,
        0.16051194,  0.20065075, -0.16493796,  0.34913814,  0.05080035,
        0.43968052,  0.2519135 , -0.19670936,  0.11447161,  0.08184278,
        0.25467297,  0.00509799, -0.00145386, -0.15212145, -0.2969556 ,
       -0.36085036,  0.14637706, -0.3374197 ,  0.09258913, -0.04569312,
        0.32876647, -0.04753612, -0.04169216,  0.21183605, -0.34956658,
        0.26069432, -0.21560863, -0.10151815,  0.1311858 ,  0.02688009,
        0.21878521, -0.19584528,  0.15066159,  0.21196023,  0.29170293,
        0.2695045 , -0.25172088,  0.04075502, -0.19252765, -0.28575635,
       -0.25054073, -0.3105101 ,  0.09775338, -0.14544183, -0.09808005,
        0.17731601, -0.05241851, -0.192135  , -0.32626906, -0.4000772 ,
       -0.18189313,  0.01304806,  0.05166954, -0.12682112, -0.40983903,
        0.1527871 ,  0.2487305 , -0.1238272 ,  0.22454873,  0.20289028,
        0.1036309 ,  0.14961877,  0.3498212 , -0.2706156 , -0.00762094,
       -0.24550286,  0.3184275 ,  0.15242164, -0.17056611,  0.34223247,
        0.23476365, -0.30902407,  0.28537863,  0.04633272, -0.25401607,
        0.2973489 , -0.14350316,  0.29187158,  0.13295928,  0.2176069 ,
        0.10209645,  0.307726  , -0.4253428 , -0.22237563,  0.3064854 ,
       -0.05305116,  0.17873415,  0.30493033,  0.12532024, -0.14440338,
       -0.3485362 ,  0.13482493,  0.23343524,  0.15997301, -0.33791745,
        0.17872281,  0.11821511, -0.07383536,  0.09003083,  0.14979976,
       -0.33717766, -0.0264926 , -0.09665781,  0.33082402, -0.0210824 ,
        0.04848215, -0.04239006, -0.02778764,  0.20564955,  0.25625712,
        0.00973768,  0.27724665,  0.14992788, -0.1127954 ,  0.10446261,
       -0.38879833,  0.22935414, -0.01880207, -0.24367967,  0.0844869 ,
       -0.13799495, -0.2231773 , -0.01906633, -0.3006183 , -0.03381244,
        0.3958689 ,  0.39342803,  0.31957734, -0.04295418, -0.04551498,
       -0.3509885 ,  0.3396038 , -0.11323342, -0.30694133, -0.12629955,
        0.3076767 , -0.13689932, -0.06676771, -0.24919054,  0.03657023,
        0.01805312, -0.08309686, -0.14133483,  0.3903422 , -0.3468596 ,
       -0.31977862,  0.15785034, -0.20122394,  0.3908351 ,  0.2882452 ,
       -0.00313686, -0.35264593,  0.14983878,  0.21275714, -0.19840604,
       -0.27485293, -0.0024978 ,  0.21655473,  0.13307944, -0.3679657 ,
       -0.04703397, -0.11183769, -0.3779868 ,  0.3857846 ,  0.31317443,
        0.3777771 , -0.06640509,  0.09301957,  0.10513224,  0.15045325,
       -0.43455523, -0.30370393,  0.14909224, -0.16030374, -0.18349354,
       -0.4462645 ,  0.33910596, -0.25376928,  0.45034   , -0.3819833 ,
        0.02721223, -0.3581436 ,  0.14436333,  0.128058  , -0.35096538],
      dtype=float32), 'encoder.4.weight': array([[-0.27779296, -0.31797028, -0.32861805, ...,  0.33013132,
         0.14827462, -0.24972424],
       [-0.01235189, -0.30813092, -0.42532653, ...,  0.2492618 ,
        -0.14946252, -0.24564257],
       [-0.06927489,  0.21538085,  0.15331404, ...,  0.3763573 ,
         0.33785355,  0.11989801],
       ...,
       [-0.39203364,  0.24715328,  0.203657  , ...,  0.29841384,
         0.2325437 , -0.2876835 ],
       [ 0.09090206,  0.31552964, -0.20393208, ..., -0.3636848 ,
        -0.10987981, -0.0216701 ],
       [-0.3795151 ,  0.338083  , -0.35784325, ..., -0.17729174,
        -0.3981248 , -0.33087975]], dtype=float32), 'encoder.4.bias': array([-0.3500731 ,  0.01131825,  0.38007817, ...,  0.28064233,
       -0.22051314, -0.3808502 ], dtype=float32), 'encoder.6.weight': array([[-0.062094  , -0.13720402,  0.12143618, ...,  0.07706545,
         0.0491042 , -0.09813189],
       [ 0.10881843,  0.11944567,  0.1512727 , ..., -0.12613933,
         0.13969557,  0.15718566],
       [-0.1392998 , -0.10196503,  0.11488459, ...,  0.06585974,
        -0.08393471, -0.0097564 ],
       ...,
       [-0.09951471, -0.17891392, -0.04318826, ..., -0.03440458,
         0.09660493, -0.01741496],
       [-0.11986647, -0.11080252, -0.24326101, ...,  0.18181306,
        -0.10601136,  0.14494067],
       [-0.09208614, -0.08686935, -0.09408756, ...,  0.02398333,
        -0.15603557,  0.14524122]], dtype=float32), 'encoder.6.bias': array([-0.04410053,  0.01356802,  0.09209681,  0.06375079, -0.08636472,
       -0.05003057, -0.1320287 , -0.08507353,  0.10683571, -0.00593145],
      dtype=float32), 'decoder.0.weight': array([[-1.2816539 ,  0.10313807, -0.63003594, ...,  2.017142  ,
         2.6641493 , -1.1173403 ],
       [-0.73805386, -0.47777027, -1.0903982 , ..., -1.8897539 ,
        -2.140347  ,  2.5015717 ],
       [-1.5962305 , -0.97116554,  0.77047276, ..., -0.3788754 ,
        -1.3622754 ,  1.5179359 ],
       ...,
       [ 1.2861407 , -0.6749069 ,  2.181405  , ...,  1.1913964 ,
        -1.1738551 ,  2.1602938 ],
       [-2.6730008 ,  0.26233432, -2.3128402 , ..., -0.6372662 ,
        -1.3581593 , -2.7243395 ],
       [ 2.8075418 ,  2.8261037 ,  1.5700767 , ..., -1.1149622 ,
         0.6949961 , -0.02260187]], dtype=float32), 'decoder.0.bias': array([-2.8786263 , -0.7455037 ,  0.06442086, ...,  0.12149641,
       -0.51025   ,  1.565343  ], dtype=float32), 'decoder.2.weight': array([[ 0.1326181 ,  0.07817051, -0.14394882, ...,  0.1189213 ,
         0.07288352,  0.11609188],
       [ 0.01918029, -0.02308604, -0.0617062 , ..., -0.08718662,
        -0.11902667,  0.06231111],
       [-0.03385042,  0.04597922, -0.16732368, ..., -0.11875853,
         0.07257551,  0.07511333],
       ...,
       [-0.14483273, -0.15038314,  0.05931799, ...,  0.0989831 ,
        -0.15195748,  0.17914602],
       [-0.06655378, -0.20388255, -0.00703264, ..., -0.10300338,
         0.13967153,  0.05376063],
       [-0.2376765 , -0.20186031,  0.06352009, ...,  0.01721951,
        -0.1402225 , -0.22511481]], dtype=float32), 'decoder.2.bias': array([ 5.50925955e-02, -1.21508330e-01, -1.28242731e-01,  5.24553061e-02,
       -7.31560141e-02, -2.14869425e-01, -8.46159011e-02,  2.37384960e-02,
        1.62599981e-01,  7.33725578e-02, -2.52601981e-01, -3.44733633e-02,
        1.16509730e-02,  1.54599756e-01,  3.28450426e-02,  3.31504503e-03,
       -7.99376443e-02, -1.71062425e-01,  8.87842476e-02,  9.92059009e-04,
        3.24872285e-02, -6.74925074e-02,  5.54480292e-02, -4.77210432e-02,
        1.64069049e-02,  1.42659575e-01, -2.04057425e-01, -1.56892911e-02,
       -1.92422047e-01, -1.35279596e-01,  1.26812354e-01, -1.81411311e-01,
        1.77362934e-01,  1.03601478e-01,  1.72884777e-01, -1.25962168e-01,
       -1.91430718e-01,  7.07547814e-02,  1.71228056e-03, -6.82326257e-02,
       -1.20967254e-01, -1.65542334e-01,  1.16122529e-01, -1.93018332e-01,
        3.39018852e-02,  1.11155391e-01,  1.00982338e-02, -6.35928884e-02,
       -1.92411989e-01,  1.32271871e-01,  1.15117639e-01, -1.54569611e-01,
       -4.20316793e-02,  1.10957697e-01, -1.71324149e-01, -1.95782125e-01,
       -1.31405205e-01, -7.12239277e-03,  4.55188230e-02, -3.55358124e-02,
       -1.83506459e-01,  1.61241591e-01,  1.62736885e-02,  3.21633592e-02,
       -1.69382870e-01, -2.01158166e-01,  5.73326834e-02, -1.20049395e-01,
       -1.18385434e-01,  1.19994730e-01,  2.40370750e-01,  6.74295612e-03,
        7.58867413e-02, -3.34431827e-02,  9.93096232e-02, -6.94014952e-02,
       -2.19160765e-01, -2.24965572e-01,  1.71597853e-01,  1.32068634e-01,
        1.28490537e-01, -1.71074510e-01, -2.26342767e-01, -1.85535297e-01,
        1.09274417e-01, -1.99144721e-01,  4.95780930e-02,  4.86780033e-02,
       -1.42604467e-02, -3.14299650e-02,  5.37338518e-02,  8.25055689e-02,
        1.01304710e-01, -1.94166273e-01, -1.26604050e-01, -1.85070738e-01,
       -1.48681432e-01,  1.12021059e-01, -9.51727852e-02, -1.63296759e-01,
       -7.89665282e-02,  8.58304440e-04, -9.60475057e-02, -1.79697782e-01,
       -4.41384427e-02, -2.04956770e-01,  9.55710486e-02, -3.47487107e-02,
       -8.23608041e-02, -6.95455298e-02,  1.76298656e-02,  7.89974034e-02,
       -1.48546681e-01, -2.09189862e-01, -5.51095419e-02, -9.22260359e-02,
       -1.35352895e-01,  7.52121806e-02, -2.13143557e-01, -2.01364815e-01,
        1.41495705e-01,  1.88646540e-01,  1.63266584e-01, -1.37432933e-01,
        1.85567200e-01,  3.61419991e-02, -1.94691807e-01, -1.32768154e-01,
        1.63083270e-01,  5.97629175e-02,  1.60696253e-01, -1.90612555e-01,
        1.68677773e-02,  1.55389726e-01, -9.33879763e-02,  1.60380200e-01,
        2.81338729e-02, -7.94603750e-02, -1.94148526e-01, -1.71480447e-01,
        1.97116882e-01,  1.41093820e-01, -2.02934831e-01, -5.73821627e-02,
        4.13033031e-02,  1.71579212e-01,  1.10214897e-01,  4.88493331e-02,
        1.24264613e-01, -1.25177026e-01, -2.09935576e-01, -5.12009747e-02,
        1.70646951e-01, -1.21870793e-01, -1.57486230e-01,  1.63704380e-02,
       -1.48996085e-01, -7.03683943e-02, -1.89438403e-01,  2.23012399e-02,
       -9.27161425e-02,  1.48739338e-01,  1.05845690e-01, -3.81134748e-02,
        7.29571730e-02,  1.50395900e-01, -1.49466082e-01,  2.10192025e-01,
        1.91770792e-02,  1.51899889e-01,  2.04121768e-02, -1.71923488e-02,
        9.77366641e-02,  6.96979975e-03, -1.46197349e-01, -2.06594840e-01,
        8.65745693e-02,  8.01199675e-02, -1.44797325e-01,  1.13362789e-01,
        7.04707438e-03, -2.09879011e-01,  1.60187796e-01, -3.67700793e-02,
       -2.17507184e-01,  1.04654692e-01, -2.08173379e-01, -1.30273491e-01,
       -5.86862490e-03, -1.94847658e-01, -1.14398986e-01, -1.94648251e-01,
       -2.21052021e-01, -1.71678916e-01,  2.35212268e-03, -1.54277027e-01,
       -6.31614123e-03,  1.01317018e-01,  9.66666918e-03, -1.78055897e-01,
       -2.19156489e-01, -1.54615473e-02,  1.77762643e-01,  6.06038347e-02,
       -1.88766301e-01, -8.37716460e-02, -7.26788491e-02, -1.42863229e-01,
       -3.44023667e-02, -3.90146067e-03, -2.12826878e-01,  4.96894829e-02,
       -9.81740803e-02, -1.81653917e-01, -7.45760053e-02, -2.14281484e-01,
       -1.31720603e-01,  1.63537517e-01, -4.78643402e-02, -1.07214436e-01,
       -1.36581883e-01,  4.28950693e-03, -1.06700160e-01,  1.68356061e-01,
       -1.71792865e-01,  7.03325570e-02, -2.01512098e-01, -1.29768625e-01,
        7.74822384e-02, -1.99712545e-01, -1.67546477e-02,  3.60795856e-02,
       -9.37604085e-02, -1.70561373e-01, -1.81196421e-01,  6.53767735e-02,
       -1.14981316e-01, -1.03528172e-01, -1.22204915e-01, -1.39741227e-01,
       -1.87092215e-01,  3.47327851e-02, -2.30967745e-01, -1.29166976e-01,
        1.08127847e-01,  1.96599439e-02, -5.13847545e-03,  8.47232640e-02,
        1.74823165e-01, -1.16995320e-01, -2.13405099e-02, -1.35477379e-01,
       -3.55352042e-03, -1.36742936e-02,  1.07890487e-01,  1.41104490e-01,
       -6.65785447e-02, -2.05925822e-01, -1.59533426e-01, -1.67864293e-01,
        3.48988250e-02, -4.49080653e-02, -1.25091299e-02, -9.32915062e-02,
       -1.75172955e-01, -7.61481524e-02,  2.33418378e-03, -2.61558313e-02,
       -1.43709391e-01, -7.13665634e-02,  7.32934028e-02, -1.98386669e-01,
        1.01254150e-01, -2.01509818e-01,  5.93896359e-02,  7.38722831e-02,
        1.30887730e-02, -1.37531400e-01, -7.36081153e-02,  1.00183431e-02,
       -1.61077976e-02,  1.12236366e-01, -5.71244047e-04,  1.49457008e-01,
        7.83782899e-02,  1.28376171e-01, -2.28861392e-01,  1.22998774e-01,
       -2.14736164e-01, -2.74717750e-04, -7.90361017e-02,  6.23013526e-02,
       -1.50983870e-01, -6.82715848e-02, -5.68761714e-02, -1.35578230e-01,
       -1.40185356e-01, -1.80028945e-01, -1.23951778e-01,  5.42726293e-02,
       -1.94843411e-01, -6.81817532e-02,  1.13236368e-01,  9.75890905e-02,
       -8.45611468e-03, -1.62208542e-01,  6.61065578e-02, -8.84277672e-02,
        6.97829127e-02,  1.18660711e-01,  1.58871144e-01, -1.80009559e-01,
       -1.18217759e-01,  1.63902119e-02, -5.21887466e-02, -1.24741510e-01,
        1.23065896e-01,  6.39146240e-03,  5.41804545e-02, -2.85209306e-02,
       -8.23263153e-02, -1.45166516e-01, -8.44841748e-02, -1.14855707e-01,
       -5.67625053e-02, -4.81114164e-02, -2.22366095e-01,  1.53480947e-01,
       -2.00738713e-01, -7.05047930e-03, -1.97513014e-01, -1.31044954e-01,
       -1.36251971e-01, -4.68855314e-02, -9.98573825e-02,  1.50321007e-01,
        1.29524142e-01,  4.63006720e-02, -6.73763305e-02, -1.18563399e-01,
       -1.03928410e-01, -2.23384917e-01,  1.07546616e-02, -1.50623143e-01,
       -2.85676531e-02, -6.37218356e-02, -2.24220052e-01, -2.49355868e-01,
       -4.81805950e-02, -2.25304902e-01,  8.40487145e-03, -1.42432854e-01,
       -1.79898441e-02,  3.30700018e-02,  5.99113852e-02,  3.12932245e-02,
        1.39665619e-01, -1.41929507e-01, -2.37281770e-01, -3.68387401e-02,
       -9.18085873e-02, -1.27097562e-01,  1.52320370e-01, -5.10189123e-03,
        1.43037766e-01,  1.16892591e-01, -2.12647438e-01,  5.78150637e-02,
       -5.73930964e-02, -1.51739269e-01,  1.71748087e-01, -3.33186500e-02,
       -1.52386621e-01, -1.52697265e-01, -8.94454271e-02, -5.30720316e-03,
       -6.94235414e-02,  1.22895673e-01, -1.16512544e-01,  7.44643807e-02,
       -1.54741973e-01, -8.62786025e-02, -1.00051269e-01, -8.67915824e-02,
       -9.28522497e-02, -1.98185056e-01, -1.21643797e-01, -9.19228792e-02,
        1.36820346e-01,  2.80409530e-02, -6.81152269e-02,  7.79099911e-02,
        1.73638701e-01, -1.76690817e-01,  2.68457346e-02,  7.32715055e-02,
        4.08793688e-02,  1.01342633e-01,  4.53141443e-02,  7.15857279e-03,
       -1.35307372e-01,  1.17637128e-01, -1.68492600e-01,  1.72956660e-01,
        1.28100723e-01,  9.78214964e-02, -8.45634490e-02, -1.37688249e-01,
        1.76482737e-01, -1.82124555e-01, -1.17747433e-01, -1.78278938e-01,
        1.46618843e-01, -1.69347093e-01, -6.49310425e-02,  2.63918787e-02,
        1.21088237e-01, -2.61476226e-02, -1.53214276e-01, -5.17191291e-02,
        6.15863055e-02, -1.95504844e-01, -2.76045427e-02, -1.56893551e-01,
       -6.21280074e-02,  1.10945120e-01, -1.22685328e-01,  1.43814851e-02,
        1.14487335e-02,  1.42817706e-01, -1.56308234e-01,  6.47516027e-02,
        2.77365625e-01, -3.07771005e-02, -1.76767454e-01, -9.53933150e-02,
        2.86743604e-02, -2.37553474e-02, -4.66963165e-02,  1.21793196e-01,
       -7.86004514e-02, -1.64250642e-01, -9.32828188e-02, -1.77473098e-01,
       -2.52106398e-01,  5.35215028e-02, -1.38123194e-02, -1.43926710e-01,
       -1.05789110e-01, -1.97474915e-03,  1.35734215e-01, -1.42754793e-01,
        2.40184180e-02,  1.58092529e-01, -2.93657407e-02,  1.52552098e-01,
        1.88542996e-02, -1.11670449e-01,  6.99777901e-02, -4.99564782e-02,
        5.99509897e-03, -9.83324051e-02, -1.54708605e-03, -1.96982324e-01,
       -1.80234507e-01,  3.82532105e-02,  6.97155297e-02,  1.11094892e-01,
       -5.84494844e-02,  1.56119391e-01, -7.27853179e-02, -1.72736555e-01,
       -3.22778188e-02,  1.09878644e-01, -1.61233574e-01, -1.55360162e-01,
        6.23408966e-02,  9.44459587e-02, -1.45096868e-01,  3.02762277e-02,
       -2.90399566e-02,  2.52127051e-02, -1.25005275e-01, -2.08934143e-01,
       -1.44349426e-01, -2.81317602e-03,  4.13145572e-02, -1.20319009e-01,
       -1.27439678e-01, -1.89601988e-01, -1.99241396e-02, -2.36935355e-02,
        1.55379223e-02,  1.92050487e-02,  2.30530351e-01, -7.46407062e-02,
        1.06459431e-01, -2.26014644e-01,  1.23752959e-01, -2.05361657e-02],
      dtype=float32), 'decoder.4.weight': array([[ 0.3782778 , -0.14064188,  0.15793222, ..., -0.32958737,
         0.25755107, -0.02192374],
       [ 0.00563152, -0.20740137, -0.3372767 , ..., -0.0321529 ,
        -0.44038916,  0.3797258 ],
       [-0.06372495, -0.32220304,  0.15002833, ..., -0.02718356,
        -0.33898765,  0.3501222 ],
       ...,
       [-0.02840272, -0.15149225,  0.2650816 , ..., -0.19112918,
         0.02409406, -0.21340668],
       [ 0.1952979 , -0.1468264 ,  0.17941138, ...,  0.29867056,
        -0.13051158,  0.17343749],
       [-0.34113637,  0.2191885 , -0.00636567, ...,  0.10653956,
         0.07914475, -0.2854915 ]], dtype=float32), 'decoder.4.bias': array([-0.1662687 ,  0.24859667, -0.13107203, -0.26624784, -0.04016949,
        0.3256907 , -0.37431914,  0.0655193 , -0.18381111, -0.00354254,
       -0.41512394,  0.04280343, -0.2229206 ,  0.3147958 ,  0.08253129,
        0.24756303, -0.04939665, -0.19443984, -0.25445852,  0.2994492 ,
        0.26019496, -0.48177218,  0.10993558,  0.03702904, -0.3914487 ,
        0.00648104, -0.16803285,  0.39284164, -0.21060832, -0.33227476,
        0.1805316 ,  0.1808759 ,  0.2818523 ,  0.18835169, -0.22486532,
        0.17904097,  0.37033552,  0.17978266, -0.10044853, -0.39829212,
       -0.18002313, -0.20079425, -0.31589958,  0.34564343, -0.08883286,
        0.21710502, -0.27760196, -0.16598918, -0.44354516, -0.08929262,
       -0.24304177, -0.29673234,  0.17156509, -0.10743394, -0.05697402,
       -0.11602738, -0.16634126,  0.11916125, -0.4159514 , -0.3625244 ,
       -0.3564541 , -0.28119558, -0.03175867,  0.28943253, -0.26391056,
        0.22023821,  0.03203423, -0.31023017, -0.15805529,  0.09686446,
        0.21467164,  0.11672895, -0.19975282, -0.29564887, -0.6012403 ,
        0.218534  , -0.02131983,  0.05572336, -0.15910825,  0.2718184 ,
        0.16538483,  0.19859514,  0.43062413, -0.05918098,  0.27740595,
       -0.47890875, -0.04831951,  0.1616522 ,  0.06548563, -0.19693923,
       -0.18208207,  0.21375512,  0.21083203,  0.22866422,  0.02209507,
       -0.41481435, -0.3066647 ,  0.26879427,  0.27092004, -0.20183861,
        0.25357628,  0.41822493,  0.39607283, -0.3132727 , -0.20690723,
       -0.2925353 , -0.0910188 , -0.01906567,  0.20929188, -0.36360255,
       -0.35252944,  0.31701562,  0.43039137,  0.14950942, -0.4461146 ,
        0.26614976,  0.06383514,  0.39222884,  0.1258429 , -0.39219952,
        0.05819088, -0.20230722, -0.05313566, -0.32560095,  0.2107518 ,
       -0.01726723,  0.11340871, -0.22964013, -0.3379455 ,  0.26146156,
        0.2615712 ,  0.01843887, -0.3360015 ,  0.07626299, -0.4531267 ,
       -0.08018527, -0.21448448, -0.08508074, -0.36353195, -0.12485892,
       -0.4279133 , -0.3832265 ,  0.29149336, -0.33818483, -0.03690061,
       -0.14930007,  0.45105666, -0.3091608 ,  0.10825825,  0.03906829,
        0.05524333,  0.03597961,  0.27182212, -0.27565214,  0.21956697,
        0.06959403,  0.18899865,  0.1683971 , -0.38571888,  0.2193625 ,
        0.07911757, -0.29018065, -0.07570505, -0.11272478, -0.4406091 ,
        0.36604148,  0.28697604,  0.3839851 ,  0.3802611 , -0.05924892,
        0.29844755, -0.16858277,  0.22652698, -0.30359215, -0.28848675,
       -0.16181694, -0.3161234 ,  0.09448421,  0.36441773, -0.27314723,
        0.2218562 ,  0.17088412,  0.03741497,  0.31334856,  0.1894947 ,
       -0.28709972, -0.07724988,  0.04588466, -0.13011454,  0.24423033,
       -0.30421165,  0.12330791, -0.07868292,  0.33779916, -0.11859678,
        0.37377888, -0.11409025,  0.14962803, -0.14925227,  0.0285767 ,
        0.17966858,  0.28031626, -0.13232583, -0.3016703 , -0.14123152,
       -0.15130877,  0.31673545,  0.08921564, -0.02162562, -0.03236859,
       -0.15162422,  0.3295679 , -0.37091243, -0.16157395,  0.04918031,
       -0.16460995, -0.32180315, -0.24181843, -0.09129822,  0.21163455,
        0.400748  ,  0.2462011 ,  0.11977345,  0.07324768, -0.45550215,
        0.32053635,  0.05968645, -0.3033436 ,  0.3777529 , -0.0028754 ,
       -0.4860595 ,  0.01621503,  0.04420329,  0.5018577 ,  0.24993983,
       -0.01608114, -0.3109732 ,  0.15433352, -0.21282783,  0.05460259,
       -0.11307076, -0.01199047,  0.14255708, -0.39534512, -0.23472528,
        0.00763198,  0.08553771,  0.21676725,  0.34435982,  0.03199822,
       -0.35223985, -0.38343716, -0.39681292, -0.11709727, -0.27596232,
       -0.30508098,  0.00284798,  0.00165914,  0.29461554,  0.09004066,
        0.3741001 ,  0.00956194,  0.15735583,  0.30302498, -0.21477485,
       -0.33275706, -0.32692164, -0.3872264 , -0.45165187,  0.06785922,
       -0.30688947,  0.290404  , -0.33425274,  0.4197883 , -0.07613671,
        0.30315095, -0.09390058, -0.2750486 ,  0.29116976,  0.16111912,
       -0.25914675,  0.23140948, -0.12749043,  0.20921735,  0.04071865,
        0.24665427,  0.28407112,  0.0660734 ,  0.36259252,  0.01271242,
        0.20920032, -0.16273293, -0.39053   ,  0.07980265, -0.52138525,
        0.34350613,  0.12765236,  0.06078234,  0.13884497, -0.07613552,
        0.00115663,  0.17501394, -0.30314663, -0.14258742,  0.37569863,
        0.16283691,  0.31441295,  0.09206687, -0.18853877,  0.3942471 ,
        0.2507789 , -0.5629496 , -0.3282262 , -0.19030279, -0.01532876,
        0.25998512, -0.13445926,  0.30746338, -0.28585887,  0.23707321,
        0.25891364,  0.23254102,  0.1560334 , -0.04597366, -0.19669689,
        0.12751713,  0.11070204,  0.21792223, -0.2601973 , -0.26172563,
        0.26121396, -0.27914068,  0.26880136, -0.15924305, -0.46088418,
       -0.30152252,  0.39232326, -0.06930646, -0.45230284,  0.11844166,
        0.40365994, -0.31211662,  0.26722795, -0.20214689, -0.24627529,
        0.32401186, -0.26112723,  0.02696184, -0.29609567, -0.03906715,
       -0.01062604, -0.0978379 ,  0.04022199,  0.04709733,  0.02649216,
       -0.24035648,  0.35798022, -0.32689923,  0.36104065,  0.13454609,
       -0.43961945,  0.21689   , -0.23151301,  0.2003229 ,  0.19811618,
        0.11967669, -0.2152105 , -0.08050859,  0.3832919 ,  0.26117295,
        0.18959945,  0.27912346,  0.07804915,  0.14022133, -0.250852  ,
       -0.3464754 ,  0.21684994, -0.24260756,  0.31971115, -0.15061632,
        0.09470584, -0.3112589 , -0.17848387, -0.29472858,  0.30058935,
       -0.28857246,  0.32795691,  0.2980311 , -0.3482604 ,  0.31341457,
        0.29295558, -0.10330339, -0.3127088 ,  0.31583196,  0.07585189,
       -0.02407486,  0.03351202, -0.3781476 , -0.4181812 ,  0.4506479 ,
       -0.18590695,  0.23965417,  0.1669446 , -0.30045772,  0.25694695,
        0.03899176,  0.15464017,  0.28534883, -0.14596066, -0.26580966,
       -0.14285097, -0.12919605, -0.29069448, -0.48489493, -0.4546936 ,
       -0.10966363,  0.29995927, -0.00490797,  0.28724927,  0.29430568,
       -0.06593171,  0.20525694, -0.23478556, -0.09205201,  0.23641928,
       -0.21920142,  0.39924538, -0.06758172, -0.2989342 ,  0.17663822,
       -0.18770993,  0.37728655, -0.0087666 ,  0.10111381, -0.31322536,
       -0.0691382 ,  0.17542255, -0.09146968,  0.30677858,  0.23484442,
       -0.05703754, -0.20017445, -0.19227421, -0.20783693, -0.26595867,
        0.19801712,  0.27326748,  0.09084281, -0.00751793, -0.39611065,
       -0.17132595,  0.08589561, -0.02705357, -0.25885528, -0.34865075,
        0.23909543,  0.27622256, -0.24014738,  0.22064678, -0.40528286,
       -0.07358845, -0.5076988 , -0.37026653,  0.32161254, -0.15182555,
       -0.13064444, -0.15169877, -0.08315217, -0.03256008, -0.43161494,
        0.17674984, -0.44857264, -0.23410775,  0.24511233,  0.27952415,
        0.39356163,  0.16497767, -0.05592218,  0.0903649 ,  0.11042307,
        0.18002965,  0.20985553, -0.32792547, -0.07058355, -0.42905024,
       -0.2293391 , -0.38571998, -0.45077878, -0.4524414 , -0.12812154,
       -0.36911637, -0.23239349,  0.32135352,  0.12498321,  0.06838273,
       -0.33951676, -0.34699985,  0.4228059 ,  0.2832919 ,  0.36338145],
      dtype=float32), 'decoder.6.weight': array([[ 0.30251402, -0.12914683,  0.66159546, ...,  0.73024696,
         0.7461809 ,  0.14251257],
       [-0.15707088,  0.16797516, -0.32871348, ...,  0.32806677,
         0.14219393,  0.0910538 ],
       [-0.3600851 ,  0.40317822, -0.39922667, ..., -0.04069941,
         0.24665062, -0.15301466],
       ...,
       [ 0.03979658,  0.28178868,  0.26003724, ..., -0.21914318,
        -0.20847437, -0.27192798],
       [-0.18928012, -0.10309935, -0.33800638, ..., -0.27871153,
         0.3188382 ,  0.11249822],
       [ 0.19727248,  0.05172745, -0.405984  , ..., -0.0071457 ,
         0.12521832, -0.1938891 ]], dtype=float32), 'decoder.6.bias': array([-0.080879  , -0.12403321, -0.10033468, ...,  0.04708303,
        0.34542048,  0.2027916 ], dtype=float32)}
[Time: 15.01.25 11:48:00] [Level: info] [State: aggregate] Updating global model...
[Time: 15.01.25 11:48:00] [Level: info] [State: aggregate] Autoencoder(
  (encoder): Sequential(
    (0): Linear(in_features=6001, out_features=500, bias=True)
    (1): ReLU()
    (2): Linear(in_features=500, out_features=500, bias=True)
    (3): ReLU()
    (4): Linear(in_features=500, out_features=2000, bias=True)
    (5): ReLU()
    (6): Linear(in_features=2000, out_features=10, bias=True)
  )
  (decoder): Sequential(
    (0): Linear(in_features=10, out_features=2000, bias=True)
    (1): ReLU()
    (2): Linear(in_features=2000, out_features=500, bias=True)
    (3): ReLU()
    (4): Linear(in_features=500, out_features=500, bias=True)
    (5): ReLU()
    (6): Linear(in_features=500, out_features=6001, bias=True)
  )
)
[Time: 15.01.25 11:48:00] [Level: info] [State: aggregate] Broadcasting model...
[Time: 15.01.25 11:48:00] [Level: info] transition: compute
127.0.0.1 - - [15/Jan/2025 11:48:00] "GET /api/status HTTP/1.0" 200 158
[CTRL] GET /data
[Time: 15.01.25 11:48:01] [Level: info] state: compute
[Time: 15.01.25 11:48:01] [Level: info] [State: compute] ITERATION 3
[Time: 15.01.25 11:48:01] [Level: info] [State: compute] receiving weights...
[Time: 15.01.25 11:48:01] [Level: info] [State: compute] Loading global weights for model...
[Time: 15.01.25 11:48:01] [Level: info] [State: compute] Updated model with received weights.
[Time: 15.01.25 11:48:01] [Level: info] [State: compute] Loading data...
[Time: 15.01.25 11:48:01] [Level: info] [State: compute] Preparing model training...
[Time: 15.01.25 11:48:01] [Level: info] [State: compute] Training model for one epoch...
[Time: 15.01.25 11:48:02] [Level: info] [State: compute] Local training loss: 372020544.0
[Time: 15.01.25 11:48:02] [Level: info] [State: compute] Training the decoder...
127.0.0.1 - - [15/Jan/2025 11:48:03] "GET /api/data HTTP/1.0" 200 34213092
[Time: 15.01.25 11:48:03] [Level: info] [State: compute] Epoch 10, Total Loss: 0.5903559327125549, KL Loss: 8.642673243741683e-09, Recon Loss: 5.90355920791626
127.0.0.1 - - [15/Jan/2025 11:48:05] "GET /api/status HTTP/1.0" 200 155
127.0.0.1 - - [15/Jan/2025 11:48:07] "GET /api/status HTTP/1.0" 200 155
127.0.0.1 - - [15/Jan/2025 11:48:09] "GET /api/status HTTP/1.0" 200 155
[Time: 15.01.25 11:48:09] [Level: info] [State: compute] Epoch 20, Total Loss: 0.5888109803199768, KL Loss: -3.1292437530083816e-09, Recon Loss: 5.8881096839904785
127.0.0.1 - - [15/Jan/2025 11:48:11] "GET /api/status HTTP/1.0" 200 155
127.0.0.1 - - [15/Jan/2025 11:48:13] "GET /api/status HTTP/1.0" 200 155
127.0.0.1 - - [15/Jan/2025 11:48:15] "GET /api/status HTTP/1.0" 200 155
127.0.0.1 - - [15/Jan/2025 11:48:17] "GET /api/status HTTP/1.0" 200 155
127.0.0.1 - - [15/Jan/2025 11:48:19] "GET /api/status HTTP/1.0" 200 155
127.0.0.1 - - [15/Jan/2025 11:48:21] "GET /api/status HTTP/1.0" 200 155
127.0.0.1 - - [15/Jan/2025 11:48:23] "GET /api/status HTTP/1.0" 200 155
127.0.0.1 - - [15/Jan/2025 11:48:25] "GET /api/status HTTP/1.0" 200 155
127.0.0.1 - - [15/Jan/2025 11:48:27] "GET /api/status HTTP/1.0" 200 155
[Time: 15.01.25 11:48:28] [Level: info] [State: compute] Epoch 30, Total Loss: 0.5800479650497437, KL Loss: -2.2053718851111626e-08, Recon Loss: 5.800479412078857
127.0.0.1 - - [15/Jan/2025 11:48:29] "GET /api/status HTTP/1.0" 200 155
127.0.0.1 - - [15/Jan/2025 11:48:31] "GET /api/status HTTP/1.0" 200 155
127.0.0.1 - - [15/Jan/2025 11:48:33] "GET /api/status HTTP/1.0" 200 155
127.0.0.1 - - [15/Jan/2025 11:48:35] "GET /api/status HTTP/1.0" 200 155
127.0.0.1 - - [15/Jan/2025 11:48:37] "GET /api/status HTTP/1.0" 200 155
127.0.0.1 - - [15/Jan/2025 11:48:39] "GET /api/status HTTP/1.0" 200 155
127.0.0.1 - - [15/Jan/2025 11:48:41] "GET /api/status HTTP/1.0" 200 155
[Time: 15.01.25 11:48:42] [Level: info] [State: compute] Epoch 40, Total Loss: 0.5683702826499939, KL Loss: -2.0414590906625563e-08, Recon Loss: 5.6837029457092285
127.0.0.1 - - [15/Jan/2025 11:48:43] "GET /api/status HTTP/1.0" 200 155
127.0.0.1 - - [15/Jan/2025 11:48:45] "GET /api/status HTTP/1.0" 200 155
127.0.0.1 - - [15/Jan/2025 11:48:47] "GET /api/status HTTP/1.0" 200 155
127.0.0.1 - - [15/Jan/2025 11:48:50] "GET /api/status HTTP/1.0" 200 155
[Time: 15.01.25 11:48:51] [Level: info] [State: compute] Epoch 50, Total Loss: 0.5560125708580017, KL Loss: -5.364418242947977e-09, Recon Loss: 5.560125827789307
127.0.0.1 - - [15/Jan/2025 11:48:52] "GET /api/status HTTP/1.0" 200 155
127.0.0.1 - - [15/Jan/2025 11:48:54] "GET /api/status HTTP/1.0" 200 155
127.0.0.1 - - [15/Jan/2025 11:48:56] "GET /api/status HTTP/1.0" 200 155
127.0.0.1 - - [15/Jan/2025 11:48:58] "GET /api/status HTTP/1.0" 200 155
127.0.0.1 - - [15/Jan/2025 11:49:00] "GET /api/status HTTP/1.0" 200 155
127.0.0.1 - - [15/Jan/2025 11:49:02] "GET /api/status HTTP/1.0" 200 155
[Time: 15.01.25 11:49:03] [Level: info] [State: compute] Epoch 60, Total Loss: 0.5441072583198547, KL Loss: -1.5199184133507515e-08, Recon Loss: 5.441072463989258
127.0.0.1 - - [15/Jan/2025 11:49:04] "GET /api/status HTTP/1.0" 200 155
127.0.0.1 - - [15/Jan/2025 11:49:06] "GET /api/status HTTP/1.0" 200 155
127.0.0.1 - - [15/Jan/2025 11:49:08] "GET /api/status HTTP/1.0" 200 155
127.0.0.1 - - [15/Jan/2025 11:49:10] "GET /api/status HTTP/1.0" 200 155
127.0.0.1 - - [15/Jan/2025 11:49:12] "GET /api/status HTTP/1.0" 200 155
127.0.0.1 - - [15/Jan/2025 11:49:14] "GET /api/status HTTP/1.0" 200 155
127.0.0.1 - - [15/Jan/2025 11:49:16] "GET /api/status HTTP/1.0" 200 155
[Time: 15.01.25 11:49:17] [Level: info] [State: compute] Epoch 70, Total Loss: 0.5332742929458618, KL Loss: -8.046627364421965e-09, Recon Loss: 5.332742691040039
127.0.0.1 - - [15/Jan/2025 11:49:18] "GET /api/status HTTP/1.0" 200 155
127.0.0.1 - - [15/Jan/2025 11:49:20] "GET /api/status HTTP/1.0" 200 155
127.0.0.1 - - [15/Jan/2025 11:49:22] "GET /api/status HTTP/1.0" 200 155
127.0.0.1 - - [15/Jan/2025 11:49:24] "GET /api/status HTTP/1.0" 200 155
127.0.0.1 - - [15/Jan/2025 11:49:26] "GET /api/status HTTP/1.0" 200 155
[Time: 15.01.25 11:49:27] [Level: info] [State: compute] Epoch 80, Total Loss: 0.5238358378410339, KL Loss: -6.705522359595761e-09, Recon Loss: 5.238358020782471
127.0.0.1 - - [15/Jan/2025 11:49:28] "GET /api/status HTTP/1.0" 200 155
127.0.0.1 - - [15/Jan/2025 11:49:30] "GET /api/status HTTP/1.0" 200 155
127.0.0.1 - - [15/Jan/2025 11:49:32] "GET /api/status HTTP/1.0" 200 155
127.0.0.1 - - [15/Jan/2025 11:49:34] "GET /api/status HTTP/1.0" 200 155
127.0.0.1 - - [15/Jan/2025 11:49:36] "GET /api/status HTTP/1.0" 200 155
127.0.0.1 - - [15/Jan/2025 11:49:38] "GET /api/status HTTP/1.0" 200 155
127.0.0.1 - - [15/Jan/2025 11:49:40] "GET /api/status HTTP/1.0" 200 155
127.0.0.1 - - [15/Jan/2025 11:49:42] "GET /api/status HTTP/1.0" 200 155
[Time: 15.01.25 11:49:42] [Level: info] [State: compute] Epoch 90, Total Loss: 0.5159026980400085, KL Loss: -1.1324882365215672e-08, Recon Loss: 5.159027099609375
127.0.0.1 - - [15/Jan/2025 11:49:44] "GET /api/status HTTP/1.0" 200 155
127.0.0.1 - - [15/Jan/2025 11:49:46] "GET /api/status HTTP/1.0" 200 155
127.0.0.1 - - [15/Jan/2025 11:49:48] "GET /api/status HTTP/1.0" 200 155
127.0.0.1 - - [15/Jan/2025 11:49:50] "GET /api/status HTTP/1.0" 200 155
127.0.0.1 - - [15/Jan/2025 11:49:52] "GET /api/status HTTP/1.0" 200 155
127.0.0.1 - - [15/Jan/2025 11:49:54] "GET /api/status HTTP/1.0" 200 155
[Time: 15.01.25 11:49:56] [Level: info] [State: compute] Epoch 100, Total Loss: 0.5094249248504639, KL Loss: -8.940697071579962e-09, Recon Loss: 5.094249248504639
[Time: 15.01.25 11:49:56] [Level: info] [State: compute] Saving model and decoder...
[Time: 15.01.25 11:49:56] [Level: info] [State: compute] Scoring model...
127.0.0.1 - - [15/Jan/2025 11:49:56] "GET /api/status HTTP/1.0" 200 155
[Time: 15.01.25 11:49:56] [Level: info] [State: compute] Adjusted Rand Index (ARI): 0.0
[Time: 15.01.25 11:49:56] [Level: info] [State: compute] Sent updated weights to coordinator.
[Time: 15.01.25 11:49:56] [Level: info] transition: aggregate
[Time: 15.01.25 11:49:57] [Level: info] state: aggregate
[Time: 15.01.25 11:49:57] [Level: info] [State: aggregate] Waitig for local models...
127.0.0.1 - - [15/Jan/2025 11:49:58] "GET /api/status HTTP/1.0" 200 157
127.0.0.1 - - [15/Jan/2025 11:50:00] "GET /api/status HTTP/1.0" 200 157
127.0.0.1 - - [15/Jan/2025 11:50:02] "GET /api/status HTTP/1.0" 200 157
[CTRL] POST /data
127.0.0.1 - - [15/Jan/2025 11:50:02] "POST /api/data?client=c8e569c4d209cf1d&memo=GATHERROUND3 HTTP/1.0" 200 0
127.0.0.1 - - [15/Jan/2025 11:50:04] "GET /api/status HTTP/1.0" 200 157
[CTRL] POST /data
127.0.0.1 - - [15/Jan/2025 11:50:04] "POST /api/data?client=0acb8b8d2e4bd69a&memo=GATHERROUND3 HTTP/1.0" 200 0
[Time: 15.01.25 11:50:04] [Level: info] [State: aggregate] {'encoder.0.weight': array([[-0.12348952,  0.01402083,  0.02474656, ..., -0.09670034,
         0.07273466,  0.05193706],
       [ 0.02898559,  0.08289352,  0.07919451, ...,  0.04192637,
        -0.06304777,  0.12055098],
       [ 0.05532072, -0.05731211,  0.01583439, ..., -0.01049278,
        -0.08542518, -0.02714113],
       ...,
       [-0.06460573,  0.01866927,  0.01730284, ..., -0.02621881,
         0.02094641, -0.09082626],
       [ 0.02234359,  0.06960458, -0.03676443, ...,  0.13245602,
        -0.05811858,  0.08348117],
       [ 0.08230117,  0.09379605,  0.02597167, ...,  0.03041585,
         0.05872812,  0.02792845]], dtype=float32), 'encoder.0.bias': array([ 4.26166365e-03, -7.78095499e-02, -5.78597523e-02, -3.85026969e-02,
       -9.12590995e-02,  7.67405983e-03,  7.01386556e-02, -9.43410173e-02,
       -1.33950822e-02, -1.21956684e-01, -6.70644641e-02, -8.72520134e-02,
       -3.54425050e-02,  5.89284003e-02, -1.22061461e-01,  4.88903597e-02,
        9.09990296e-02, -1.35233238e-01,  1.54864611e-02,  9.31529477e-02,
        6.20172359e-02, -1.01652861e-01, -6.55172765e-02, -9.36190337e-02,
        1.81620289e-02, -1.00793339e-01, -1.40066922e-01, -4.14688885e-02,
        5.62889278e-02, -5.21381274e-02,  9.49512329e-03, -3.96717638e-02,
        7.15157241e-02, -9.45718437e-02, -8.56290236e-02, -8.82615224e-02,
       -1.11921795e-01,  6.30377233e-03,  3.89698893e-04,  5.71714863e-02,
       -9.49433167e-03, -6.36662170e-02,  4.68367785e-02,  5.23787178e-02,
        4.59428318e-02,  7.78549537e-02,  1.55847862e-01, -3.16036716e-02,
        5.33766225e-02, -8.46508071e-02, -1.29770979e-01,  2.21629255e-02,
        5.11681065e-02, -2.03970578e-02,  7.85766169e-02,  1.01088379e-02,
       -6.58387616e-02, -6.93379790e-02,  6.16945326e-02, -9.43883955e-02,
       -1.23995706e-01,  4.20311503e-02,  5.04229553e-02,  4.71751578e-02,
       -1.44021511e-02, -4.40973938e-02,  8.31248388e-02, -1.13893405e-01,
       -5.98062165e-02, -8.61643106e-02, -1.05249863e-02,  7.14288419e-03,
        4.42249216e-02, -4.04300503e-02, -5.57630807e-02,  3.44303064e-02,
       -9.74267423e-02, -1.30128875e-01, -8.96176547e-02,  5.18614985e-02,
        9.01588276e-02,  5.17358743e-02,  8.91582891e-02, -4.65337709e-02,
        6.95089549e-02, -1.26148328e-01, -2.73745484e-03, -5.08724712e-02,
       -6.22715615e-02,  4.56661582e-02, -4.54179533e-02,  7.00342283e-02,
       -1.64322890e-02, -1.10750692e-02,  4.92227972e-02,  6.93443492e-02,
        6.71815798e-02, -3.80049050e-02, -2.37649889e-03,  8.32532048e-02,
        4.90880478e-03,  2.62003276e-03, -1.17162779e-01, -1.33271217e-01,
       -9.97271910e-02,  1.82235520e-02, -5.67693748e-02, -7.69328550e-02,
        4.02733013e-02, -1.26201645e-01, -7.71933496e-02, -1.15048610e-01,
       -1.02162234e-01,  1.90330949e-02,  6.90917447e-02, -2.73932405e-02,
       -9.78322886e-03, -9.98367369e-02, -9.21046436e-02, -6.66594803e-02,
       -7.41764754e-02, -1.06906377e-01,  9.88616273e-02, -7.75460750e-02,
       -6.62640035e-02, -2.58726627e-02, -5.68972714e-02,  5.49196266e-02,
        4.02689353e-02, -7.05440566e-02,  4.06410657e-02,  6.66389465e-02,
       -1.30965292e-01,  1.22758642e-01, -1.15463119e-02, -7.78460130e-02,
       -1.35635048e-01, -4.60741483e-02, -8.88019241e-03,  3.28772492e-03,
        1.15078241e-02,  8.61456245e-02,  2.63481513e-02, -9.01361257e-02,
       -3.13480608e-02, -3.99231240e-02,  3.94270048e-02,  4.72375490e-02,
       -3.83195914e-02, -2.85662077e-02,  9.08127502e-02, -1.22082271e-01,
       -6.77059079e-03,  6.96689487e-02,  5.70757650e-02, -1.14002623e-01,
       -8.29529762e-02,  4.79424447e-02, -6.50981367e-02, -6.40222356e-02,
       -8.99291858e-02,  1.02324709e-01, -1.31907791e-01, -7.15826824e-02,
       -1.17699824e-01,  2.01252215e-02, -1.26420721e-01, -9.91061851e-02,
       -1.34542137e-01, -4.79359701e-02, -6.37849346e-02, -1.31478950e-01,
        3.43977921e-02, -1.94189660e-02, -1.06131963e-01,  8.87554064e-02,
        6.03746176e-02, -3.52491103e-02,  5.30381911e-02, -2.97476053e-02,
        1.53869428e-02,  1.35421045e-02, -6.37784321e-03, -1.42493635e-01,
        6.45651072e-02,  3.83164808e-02, -1.08900167e-01,  6.62238672e-02,
        7.59714097e-02,  7.03580603e-02, -8.13225135e-02,  1.31537300e-02,
       -1.38231322e-01, -6.20119087e-02, -1.77284762e-01, -1.39097385e-02,
       -6.00364096e-02, -7.10950792e-02, -6.63252026e-02, -4.04451042e-02,
       -4.16806191e-02,  1.00931898e-01,  2.91978624e-02, -1.26553595e-01,
        8.96758139e-02, -1.26695871e-01,  7.70177543e-02,  1.12615995e-01,
       -3.29581201e-02,  6.26032427e-02,  3.57142948e-02,  7.61016458e-02,
        3.18064876e-02, -9.72005203e-02, -1.01936884e-01, -8.88608024e-02,
       -6.84731035e-03, -9.70030278e-02, -8.42882395e-02, -5.49657680e-02,
        2.95584314e-02,  4.28368300e-02, -8.49209353e-02, -4.88354452e-02,
       -4.79920134e-02,  6.82621747e-02, -1.06658071e-01, -7.46398717e-02,
       -9.96323004e-02, -6.37264699e-02, -1.35801926e-01,  5.43190166e-02,
       -3.44657376e-02,  9.77294426e-03, -8.31338316e-02,  5.94499521e-02,
        1.05397161e-02,  6.33122474e-02,  1.40343308e-01, -7.24621490e-02,
        4.95202802e-02, -1.06086276e-01,  8.00634846e-02,  2.35783737e-02,
       -1.04891382e-01, -1.40014574e-01, -5.79855070e-02, -1.17814600e-01,
       -1.05558380e-01,  1.88172292e-02,  5.86655224e-03, -5.02462648e-02,
       -4.79462615e-04, -9.55159497e-03, -3.60755026e-02,  2.52419263e-02,
        3.77263203e-02, -1.36107579e-01,  5.57690226e-02,  9.08324942e-02,
        9.93911177e-02, -1.00590527e-01,  2.86350101e-02, -6.89175129e-02,
       -5.19508123e-02, -2.49473490e-02, -1.17227465e-01,  6.58035874e-02,
        4.97727841e-02, -9.55688357e-02,  8.03129897e-02, -1.18974321e-01,
        2.20846720e-02, -4.78090867e-02, -1.35138720e-01,  3.93711366e-02,
       -1.41093269e-01,  9.19060409e-02, -9.24976915e-02, -1.30152971e-01,
        8.20537731e-02,  6.07197285e-02,  2.11757105e-02, -1.47443078e-02,
       -1.35921925e-01,  6.66980147e-02, -8.65612552e-02,  5.71597479e-02,
        4.48044948e-03, -1.42841071e-01, -9.81472209e-02, -1.07992537e-01,
       -6.60028830e-02, -7.42358565e-02, -2.74339952e-02, -1.26744092e-01,
        8.31374452e-02, -8.27876255e-02,  5.75322621e-02, -9.43212360e-02,
        1.11192912e-02, -8.94121155e-02, -4.76717353e-02, -2.18398068e-02,
       -1.20471597e-01, -1.32089168e-01,  3.17056403e-02, -1.14550933e-01,
       -1.80529803e-02,  3.38721015e-02,  6.02852106e-02, -8.96526128e-02,
       -1.31974593e-01,  1.69697441e-02, -8.52744728e-02, -1.56754270e-01,
       -4.50351685e-02,  9.29647759e-02, -1.09155267e-01, -3.57892066e-02,
       -3.90705466e-02, -8.10909495e-02,  2.39488538e-02, -6.44847229e-02,
       -1.14997648e-01, -9.40907449e-02,  5.24720848e-02, -6.60158098e-02,
        3.12012862e-02,  8.13948065e-02, -3.95907462e-02,  4.58212607e-02,
       -6.01934530e-02,  1.00452013e-01, -1.53271891e-02,  2.34634839e-02,
       -1.20821223e-02, -6.67445436e-02,  8.10143799e-02,  2.00220812e-02,
       -1.19598001e-01,  7.24133030e-02, -5.67397401e-02,  4.86342907e-02,
       -4.37122174e-02,  7.40924627e-02,  9.24188346e-02,  2.07026349e-03,
       -9.45578218e-02,  2.06905548e-02, -1.33290654e-02,  4.87134941e-02,
       -9.03140754e-02, -2.33950764e-02, -1.13140330e-01, -5.59479371e-02,
        1.04853986e-02,  5.41333705e-02,  1.59070119e-02, -5.23439646e-02,
       -2.04202514e-02,  7.13911429e-02, -7.00883418e-02,  5.16363829e-02,
        5.70522361e-02, -6.35758117e-02,  6.08819947e-02,  7.10776895e-02,
       -5.43357059e-02, -1.17770851e-01, -5.07673882e-02, -2.06749849e-02,
       -6.48513362e-02,  4.77683023e-02,  6.81270957e-02,  6.85500428e-02,
       -1.47519456e-02, -2.78862212e-02, -7.56555200e-02, -7.09096566e-02,
       -9.55393016e-02,  5.95657974e-02,  4.23364230e-02, -3.36560383e-02,
       -5.06832562e-02, -3.96427922e-02, -2.05407664e-02,  7.54087195e-02,
       -1.02032321e-02, -1.50086090e-01, -6.75072521e-02,  2.92812269e-02,
       -9.30862501e-03, -4.46490012e-05,  3.35258394e-02,  7.77174309e-02,
        2.30758209e-02, -1.63357720e-01, -4.18733098e-02,  7.48617947e-02,
       -5.99761158e-02, -1.74846742e-02, -1.41033363e-02, -3.79352681e-02,
        3.09230406e-02, -7.81756360e-03,  8.52257479e-04,  8.60373229e-02,
        4.16068248e-02,  7.51628205e-02, -1.35507196e-01,  5.08299805e-02,
       -1.11735500e-01, -2.24724673e-02, -1.35651514e-01,  1.21023297e-01,
       -4.58582118e-02, -7.76578113e-02, -2.76067797e-02,  7.46224523e-02,
       -6.22102432e-02,  3.77328433e-02, -1.20297268e-01, -8.91960710e-02,
        4.04819511e-02,  5.64653017e-02, -3.92586403e-02, -1.39171928e-01,
        6.56532869e-02, -5.84709756e-02, -1.20367385e-01, -3.35587077e-02,
        1.57947280e-02, -1.95873939e-02, -1.12726375e-01, -1.11575179e-01,
        7.90168568e-02, -4.54674512e-02,  5.72685748e-02,  3.91524173e-02,
       -1.06234267e-01, -3.64626870e-02,  3.28498632e-02, -1.31940946e-01,
       -1.30038997e-02, -4.95400019e-02,  4.02114727e-02,  8.95022452e-02,
       -5.57504110e-02,  8.65698382e-02, -9.42249224e-02,  4.86836582e-02,
       -1.12608410e-01,  4.06300984e-02, -7.91858658e-02, -1.87914427e-02,
       -5.29639050e-02,  5.84433861e-02, -4.91705947e-02,  1.01924740e-01,
       -1.20856471e-01, -3.53338309e-02, -1.88780390e-02,  3.78891826e-02,
       -1.21264137e-01, -1.40366063e-01, -7.05786645e-02, -8.92392322e-02,
        6.77668396e-03, -1.16805598e-01, -9.99147296e-02,  4.48775925e-02,
       -1.05338812e-01, -1.17637902e-01,  2.25011334e-02, -4.90000322e-02,
       -6.41120076e-02, -8.07668362e-03, -1.18087314e-01, -4.03406098e-02,
        9.46851000e-02, -1.10128097e-01,  2.49950700e-02,  1.35788461e-04,
       -1.01248085e-01, -9.08437148e-02,  8.82528499e-02, -4.25162800e-02,
       -7.42094964e-02,  5.66946762e-03, -1.31822918e-02,  4.38547134e-02,
       -1.46091767e-02, -4.26278748e-02, -8.25725645e-02,  3.27966288e-02,
       -4.36308160e-02,  3.64602394e-02,  2.00639814e-02, -1.09699577e-01],
      dtype=float32), 'encoder.2.weight': array([[ 0.21365532, -0.21068136, -0.26727238, ...,  0.03375168,
         0.0076322 , -0.36661524],
       [-0.20348366,  0.1755886 , -0.37670794, ...,  0.01424593,
         0.11972138, -0.24135083],
       [ 0.33913866,  0.27929744,  0.391094  , ...,  0.14576575,
         0.25169274,  0.19329485],
       ...,
       [ 0.05372537,  0.11269371, -0.31887975, ..., -0.23279613,
         0.16881125,  0.06719866],
       [ 0.29726952,  0.09206878,  0.24315408, ...,  0.02711014,
         0.11276341,  0.11613563],
       [ 0.36655265, -0.3933998 ,  0.28509653, ..., -0.09602411,
         0.00818664, -0.28751487]], dtype=float32), 'encoder.2.bias': array([ 3.11599314e-01,  2.01667681e-01,  3.53198618e-01, -2.37018049e-01,
       -1.42013684e-01, -4.67901856e-01, -1.18763752e-01,  1.35940522e-01,
       -2.99042314e-01,  1.27678871e-01,  2.01345950e-01, -3.62712294e-01,
       -2.09541932e-01, -1.42072991e-01,  1.69580922e-01,  2.87726492e-01,
       -1.31390542e-01, -3.66801292e-01,  2.23082602e-01,  1.65370926e-01,
       -2.03019559e-01, -1.75749645e-01, -3.20173055e-01, -1.19904816e-01,
        1.07015423e-01,  1.34589344e-01, -4.37332913e-02, -2.96912611e-01,
       -3.49704891e-01, -2.89936662e-01, -2.06765175e-01, -1.92694157e-01,
        1.57959431e-01, -8.84912461e-02, -1.07398201e-02,  2.78720289e-01,
       -2.65364349e-01, -1.35456190e-01, -2.70072401e-01,  4.70958918e-01,
       -2.86789060e-01,  1.27529334e-02,  2.03303516e-01, -2.06452176e-01,
       -4.11458537e-02,  1.99465781e-01,  2.10994989e-01,  1.62990838e-02,
       -2.31779650e-01, -1.90407604e-01, -4.61148694e-02, -4.34343927e-02,
       -2.66865849e-01, -7.59281516e-02,  4.45407145e-02, -3.29514891e-01,
        2.90455401e-01, -3.86055917e-01,  1.50099695e-02,  2.21836209e-01,
       -2.21204817e-01,  3.22781980e-01,  3.48126769e-01,  2.43128408e-02,
       -1.79379076e-01, -8.55468288e-02,  2.00401440e-01,  3.86220396e-01,
        2.52641481e-03, -3.19993168e-01,  3.54292005e-01, -9.25660059e-02,
       -2.67746180e-01, -2.10282445e-01,  3.17172319e-01, -2.33473834e-02,
       -1.81286037e-01,  2.83997618e-02,  2.03175232e-01,  3.47306728e-01,
       -4.47981060e-01,  2.51179248e-01, -1.50098130e-01,  2.64867455e-01,
        2.81348646e-01, -3.09121251e-01, -7.73611367e-02, -2.07228675e-01,
        7.04107508e-02,  1.54295906e-01, -1.96902558e-01,  3.83772224e-01,
       -6.38462156e-02, -2.14427739e-01, -3.56987387e-01,  9.01546255e-02,
        2.21145704e-01,  4.03109007e-03, -2.78067291e-01, -4.59143110e-02,
        1.37967482e-01,  1.95503920e-01,  3.90996814e-01, -2.53380775e-01,
        1.55057001e-04,  1.11088216e-01,  3.28809500e-01,  6.86793867e-03,
        4.17845473e-02,  2.35355139e-01,  2.04535261e-01, -5.91227263e-02,
       -4.36543643e-01,  3.92404914e-01,  3.14680040e-01,  2.49149129e-01,
       -1.99972034e-01, -2.73747861e-01, -3.16353254e-02,  3.91594358e-02,
        3.61209661e-02,  3.02206334e-02,  3.15338880e-01, -2.63806693e-02,
       -4.00191471e-02,  1.40426055e-01, -3.51676196e-01,  2.72412241e-01,
        1.76871687e-01, -4.34649616e-01,  2.02179924e-01, -2.15868101e-01,
        2.96126515e-01, -3.47669512e-01, -6.66846707e-02,  1.22511022e-01,
        1.69565871e-01,  2.21422508e-01,  1.39405623e-01,  3.06678653e-01,
        2.84602605e-02,  1.21217445e-01,  1.24474622e-01, -1.37737971e-02,
       -7.28074461e-02, -3.93953323e-01, -2.11770404e-02,  1.56806692e-01,
       -2.40445361e-01, -2.79509485e-01, -5.10911644e-02,  2.79938746e-02,
       -1.98547378e-01,  3.51044267e-01, -1.16723916e-02, -4.21848983e-01,
        2.02277601e-01, -1.77895814e-01,  3.79253566e-01, -1.59650072e-01,
       -4.18590382e-02, -4.69032556e-01, -2.50937641e-02, -1.12329632e-01,
        2.12115183e-01, -1.16939515e-01, -1.24472953e-01, -3.09485167e-01,
        1.80301026e-01,  1.07425041e-01, -3.38278770e-01,  1.20100684e-01,
        2.66471714e-01,  7.28802336e-03, -1.53183028e-01, -1.35266617e-01,
       -1.52697325e-01, -1.93228811e-01,  1.53879123e-02,  2.00907394e-01,
        2.45279714e-01, -4.22800854e-02, -1.93584114e-02, -4.14648950e-01,
        2.18015641e-01, -7.02329576e-02,  2.96068370e-01,  1.47838324e-01,
       -3.83946240e-01, -3.89909595e-01,  2.02859089e-01,  4.85269763e-02,
        1.32733703e-01,  3.79806757e-02, -1.98680103e-01, -2.98727512e-01,
       -4.28059399e-02,  6.78140521e-02,  5.19724004e-02,  9.94157568e-02,
       -2.77450740e-01, -2.41775617e-01, -2.77943611e-01, -3.58480141e-02,
        2.38799050e-01, -7.14571178e-02,  2.36942600e-02, -1.41744807e-01,
       -2.64842331e-01, -1.56999335e-01,  1.92305237e-01,  3.32280323e-02,
       -1.08650718e-02,  3.17391306e-01,  3.56286854e-01, -4.44549680e-01,
        3.01954955e-01, -1.84444040e-01, -3.72908533e-01,  5.26525117e-02,
       -3.76691818e-01,  1.56500041e-01,  1.55732021e-01, -2.59583324e-01,
       -3.09569389e-01, -5.56528382e-02,  1.02932520e-01,  2.97387004e-01,
        1.77817971e-01,  6.82064295e-02,  3.05417061e-01,  2.91991621e-01,
        2.11823151e-01, -4.19465870e-01, -6.90117627e-02,  6.90055415e-02,
        8.13665017e-02,  7.71569787e-03, -3.06760639e-01, -2.77929217e-01,
        2.92247504e-01,  2.55285293e-01,  7.60449916e-02,  1.19047359e-01,
        2.96177208e-01,  2.14231849e-01,  1.86491013e-01,  3.69049847e-01,
       -1.15085565e-01, -2.79538482e-01,  4.30815779e-02, -5.15491366e-02,
        3.39571297e-01,  3.08013260e-01, -1.07549638e-01,  4.04355600e-02,
        2.29602158e-01, -1.83080897e-01,  8.50473419e-02, -1.16965108e-01,
        2.48092785e-02,  1.03000237e-03,  2.36163922e-02,  2.12346286e-01,
       -8.67612287e-02,  3.09974313e-01,  2.53854971e-02,  1.33518630e-03,
       -4.18023812e-03,  3.02321576e-02,  3.35091949e-01, -3.96808326e-01,
       -3.17144603e-01,  1.34530768e-01, -1.02404296e-01,  3.24359328e-01,
        2.61239022e-01, -4.36472535e-01,  2.75408685e-01,  7.05795661e-02,
       -1.84669226e-01, -1.95312366e-01,  1.00090779e-01, -2.39597112e-01,
       -3.67234379e-01,  2.71475911e-01,  2.69950897e-01, -3.89965266e-01,
        2.32941002e-01, -7.99170509e-02, -4.16173041e-01, -1.58636183e-01,
        3.15476626e-01, -3.27526266e-03, -1.40016183e-01, -1.45208776e-01,
        1.55004993e-01,  3.93450499e-01, -7.68383667e-02,  6.32333681e-02,
       -1.49115443e-01,  2.81487405e-01, -3.07775795e-01, -3.67945254e-01,
        2.18007460e-01, -3.87373865e-01,  5.90696745e-02, -8.33025277e-02,
       -3.82095367e-01,  1.61249891e-01, -1.82371691e-01, -4.19575095e-01,
       -4.48073447e-01,  1.11666024e-01,  2.07787916e-01,  1.59936279e-01,
        2.00075105e-01, -1.73851922e-01,  3.42678428e-01,  4.14924435e-02,
        4.31802660e-01,  2.51338840e-01, -1.97285086e-01,  1.13895833e-01,
        8.12671408e-02,  2.54160166e-01,  4.58088052e-03, -2.02983269e-03,
       -1.66223750e-01, -2.96379924e-01, -3.60335469e-01,  1.46952167e-01,
       -3.50221872e-01,  9.20135081e-02, -4.62092087e-02,  3.11722815e-01,
       -4.70236242e-02, -4.22674492e-02,  2.30951369e-01, -3.49050134e-01,
        2.60175973e-01, -2.16184288e-01, -1.01027243e-01,  1.30610228e-01,
        2.73916088e-02,  2.18209520e-01, -1.96362630e-01,  1.50085971e-01,
        2.11384565e-01,  2.91127264e-01,  2.52260685e-01, -2.52296567e-01,
        5.04414439e-02, -1.93039551e-01, -2.77398914e-01, -2.50465572e-01,
       -3.11085612e-01,  9.83285978e-02, -1.48215741e-01, -1.03455722e-01,
        1.77832693e-01, -4.30309176e-02, -1.92651272e-01, -3.40698034e-01,
       -3.91349465e-01, -1.82406202e-01,  6.73670555e-03,  4.54763360e-02,
       -1.27396777e-01, -4.09246147e-01,  1.47289068e-01,  2.28521630e-01,
       -1.24402918e-01,  2.26082981e-01,  1.99736103e-01,  9.83753502e-02,
        1.49170399e-01,  3.49245578e-01, -2.76282340e-01, -1.39849950e-02,
       -2.44985670e-01,  3.06706727e-01,  1.59403518e-01, -1.77329466e-01,
        3.41656804e-01,  2.35278815e-01, -3.09533149e-01,  2.74896652e-01,
        4.57569808e-02, -2.56989509e-01,  2.96773225e-01, -1.24232218e-01,
        2.92381823e-01,  1.32696763e-01,  2.18182564e-01,  1.15113430e-01,
        2.98796862e-01, -4.25849169e-01, -2.22951353e-01,  3.27308983e-01,
       -5.35681956e-02,  1.81878388e-01,  2.91234910e-01,  1.24805495e-01,
       -1.37478039e-01, -3.67216170e-01,  1.34249210e-01,  2.54242927e-01,
        1.59397364e-01, -3.38433623e-01,  1.79298535e-01,  1.11163087e-01,
       -8.82991925e-02,  8.94551426e-02,  1.53257281e-01, -3.28142554e-01,
       -2.12571081e-02, -9.72335339e-02,  3.21050048e-01, -2.16575265e-02,
        4.79063764e-02, -4.18891087e-02, -2.83030346e-02,  2.05073893e-01,
        2.55681574e-01,  9.16190632e-03,  2.60843217e-01,  1.49411768e-01,
       -1.26545325e-01,  1.14652351e-01, -3.78992677e-01,  2.12139472e-01,
       -1.93777289e-02, -2.44255275e-01,  8.39119032e-02, -1.46374360e-01,
       -2.23752871e-01, -9.51541122e-03, -3.00101817e-01, -3.43880318e-02,
        3.87446582e-01,  3.93905252e-01,  3.15221667e-01, -4.34720702e-02,
       -4.60333601e-02, -3.51564109e-01,  3.31311733e-01, -1.12734422e-01,
       -2.91776538e-01, -1.26875266e-01,  3.08129370e-01, -1.37419283e-01,
       -8.39088708e-02, -2.49708831e-01,  3.59944664e-02,  2.29192059e-02,
       -7.99994916e-02, -1.40817523e-01,  3.90917897e-01, -3.60678345e-01,
       -3.19261402e-01,  1.46864861e-01, -2.01799661e-01,  3.91410649e-01,
        2.88613468e-01, -7.00035132e-03, -3.59236687e-01,  1.49263158e-01,
        2.12240919e-01, -1.88347057e-01, -2.75402218e-01, -3.01482994e-03,
        2.15979010e-01,  1.52429625e-01, -3.78517300e-01, -5.32224029e-02,
       -1.11558333e-01, -3.86515260e-01,  3.73098046e-01,  3.21874470e-01,
        3.77259821e-01, -6.69107661e-02,  9.24438387e-02,  1.08111367e-01,
        1.40825883e-01, -4.43167299e-01, -3.03190798e-01,  1.44292772e-01,
       -1.60786465e-01, -1.91057488e-01, -4.46840227e-01,  3.39622945e-01,
       -2.53251940e-01,  4.51975763e-01, -3.82499754e-01,  3.24773602e-02,
       -3.64141494e-01,  1.52177140e-01,  1.35160655e-01, -3.50519985e-01],
      dtype=float32), 'encoder.4.weight': array([[-0.27728438, -0.31746435, -0.32810146, ...,  0.33064842,
         0.14879067, -0.24929728],
       [-0.01292749, -0.3077169 , -0.42590204, ...,  0.24868624,
        -0.15003808, -0.24574478],
       [-0.06977684,  0.21534996,  0.1528006 , ...,  0.37585047,
         0.33741948,  0.11955742],
       ...,
       [-0.39166084,  0.24666087,  0.2031441 , ...,  0.29790053,
         0.23204252, -0.28763077],
       [ 0.09032647,  0.31552964, -0.20450763, ..., -0.36426032,
        -0.1104554 , -0.0216701 ],
       [-0.37902328,  0.3385881 , -0.35732678, ..., -0.17677483,
        -0.39760917, -0.33105588]], dtype=float32), 'encoder.4.bias': array([-0.3495556 ,  0.01074264,  0.3795624 , ...,  0.28012636,
       -0.22108869, -0.38033274], dtype=float32), 'encoder.6.weight': array([[-0.06261166, -0.13777958,  0.12091826, ...,  0.07654779,
         0.04852861, -0.09864977],
       [ 0.10933583,  0.12002125,  0.15179056, ..., -0.12562175,
         0.14027113,  0.1577034 ],
       [-0.13981742, -0.10139014,  0.11436668, ...,  0.06534278,
        -0.08335984, -0.01027426],
       ...,
       [-0.09899696, -0.17833841, -0.04267033, ..., -0.03388685,
         0.09718052, -0.01689705],
       [-0.12038103, -0.11022694, -0.24377616, ...,  0.18232936,
        -0.10543578,  0.1444246 ],
       [-0.09260359, -0.08629449, -0.09460545, ...,  0.02346587,
        -0.1554607 ,  0.14472343]], dtype=float32), 'encoder.6.bias': array([-0.03190442,  0.00069288,  0.10084569,  0.06377379, -0.10415581,
       -0.04392799, -0.1423303 , -0.09465516,  0.11470009, -0.00876586],
      dtype=float32), 'decoder.0.weight': array([[-1.2671895 ,  0.08867425, -0.6444994 , ...,  2.0026774 ,
         2.6496847 , -1.1318047 ],
       [-0.73128814, -0.46025917, -1.0731784 , ..., -1.8967301 ,
        -2.1265745 ,  2.494692  ],
       [-1.5968057 , -0.97059005,  0.77104825, ..., -0.379451  ,
        -1.3617002 ,  1.5173607 ],
       ...,
       [ 1.3060441 , -0.664687  ,  2.1919487 , ...,  1.171592  ,
        -1.1889127 ,  2.1404436 ],
       [-2.673576  ,  0.26290953, -2.312265  , ..., -0.6378416 ,
        -1.3575838 , -2.7249148 ],
       [ 2.808051  ,  2.8266196 ,  1.570591  , ..., -1.1145443 ,
         0.6944879 , -0.02311865]], dtype=float32), 'decoder.0.bias': array([-2.8930898 , -0.75181717,  0.06384517, ...,  0.10139056,
       -0.5108241 ,  1.5648253 ], dtype=float32), 'decoder.2.weight': array([[ 0.1326181 ,  0.07767235, -0.1444569 , ...,  0.11840492,
         0.07256845,  0.11557467],
       [ 0.01918029, -0.02308604, -0.0617062 , ..., -0.08718662,
        -0.11902667,  0.06231111],
       [-0.03385138,  0.0459783 , -0.16789934, ..., -0.11933421,
         0.07199975,  0.07511243],
       ...,
       [-0.14483273, -0.15089154,  0.05880112, ...,  0.09846635,
        -0.15234733,  0.17862837],
       [-0.06655378, -0.20438623, -0.00760836, ..., -0.10357907,
         0.13909581,  0.05324331],
       [-0.23767725, -0.20186105,  0.06351932, ...,  0.01721871,
        -0.1402225 , -0.22511555]], dtype=float32), 'decoder.2.bias': array([ 0.05457473, -0.12150833, -0.12881848,  0.05188001, -0.0737319 ,
       -0.2153871 , -0.0846159 ,  0.02316289,  0.16208206,  0.07285388,
       -0.25260198, -0.03498615,  0.01107516,  0.15408808,  0.03226917,
        0.00331492, -0.08045378, -0.17158037,  0.08878425,  0.00047413,
        0.0324841 , -0.06801036,  0.05596597, -0.04823731,  0.01588898,
        0.1421417 , -0.20457534, -0.01620716, -0.1919041 , -0.1357975 ,
        0.12732992, -0.18191954,  0.17788082,  0.1041761 ,  0.17230886,
       -0.12653774, -0.19143072,  0.07017902,  0.00223022, -0.06823265,
       -0.1209693 , -0.16606022,  0.11554655, -0.19353628,  0.03441925,
        0.11063734,  0.00958147, -0.06411079, -0.19292979,  0.13169612,
        0.11453743, -0.15514559, -0.04260746,  0.11043976, -0.17189999,
       -0.19578218, -0.1314052 , -0.00712239,  0.04551717, -0.03496102,
       -0.18402441,  0.16072364,  0.01627369,  0.03216336, -0.16886525,
       -0.20064071,  0.05733157, -0.12062528, -0.11838543,  0.12057037,
        0.24094601,  0.00674296,  0.07588674, -0.03286814,  0.09879167,
       -0.06991943, -0.21973665, -0.2255412 ,  0.17159785,  0.1320686 ,
        0.12849054, -0.17165032, -0.22686067, -0.1855353 ,  0.10875651,
       -0.19862679,  0.04900238,  0.04816007, -0.01483657, -0.03194756,
        0.05315822,  0.08250557,  0.10078708, -0.19468395, -0.12660405,
       -0.18507074, -0.14868143,  0.11202106, -0.09574836, -0.16387261,
       -0.0794847 ,  0.00137603, -0.09604751, -0.17912261, -0.04362116,
       -0.20553234,  0.09608877, -0.03532452, -0.0828796 , -0.07006432,
        0.01705419,  0.0789974 , -0.14906532, -0.20867203, -0.05453413,
       -0.09171051, -0.13587113,  0.07469434, -0.21314356, -0.20084728,
        0.1414957 ,  0.18807073,  0.16274886, -0.13800871,  0.1855672 ,
        0.0356257 , -0.19526762, -0.13328888,  0.16256532,  0.06028074,
        0.1601783 , -0.19113043,  0.01686712,  0.15538973, -0.09390427,
        0.1598623 ,  0.02761512, -0.07946053, -0.19466582, -0.1719972 ,
        0.19654092,  0.14051801, -0.20345324, -0.05738241,  0.04072158,
        0.17215416,  0.10969649,  0.0493662 ,  0.12478255, -0.12628987,
       -0.20941766, -0.0517189 ,  0.170129  , -0.12238873, -0.15806201,
        0.01579465, -0.14957184, -0.07036918, -0.18995515,  0.02178309,
       -0.09323408,  0.14873934,  0.10532811, -0.03753868,  0.07238133,
        0.15091257, -0.14946617,  0.21076037,  0.01865914,  0.1513248 ,
        0.02041218, -0.01771017,  0.09716085,  0.0069698 , -0.14671446,
       -0.20711245,  0.08605663,  0.08011984, -0.14537288,  0.11278722,
        0.00647133, -0.20987901,  0.15961216, -0.03728836, -0.21802512,
        0.10413677, -0.20817338, -0.13084906, -0.0064445 , -0.19542344,
       -0.11439899, -0.19464897, -0.22105289, -0.17219745,  0.00287004,
       -0.15479484, -0.00631617,  0.10131702,  0.00914873, -0.1780559 ,
       -0.21973221, -0.01597945,  0.1772438 ,  0.06002788, -0.1892852 ,
       -0.08434697, -0.07319679, -0.14343892, -0.03492031, -0.00447728,
       -0.21282688,  0.04917158, -0.09817408, -0.18222913, -0.07515206,
       -0.21428148, -0.13120274,  0.16301958, -0.04844039, -0.1077899 ,
       -0.13709979, -0.01017473, -0.10727598,  0.16778083, -0.17179286,
        0.06975684, -0.2015121 , -0.12976952,  0.0769662 , -0.20028861,
       -0.01675584,  0.03556696, -0.09428027, -0.17208342, -0.18067862,
        0.06485882, -0.11498176, -0.10352817, -0.12278079, -0.14031698,
       -0.18761015,  0.03473279, -0.23044981, -0.12916698,  0.10760978,
        0.0191423 , -0.00571441,  0.08414802,  0.1753411 , -0.11647746,
       -0.02191687, -0.1360526 , -0.00412941, -0.01367542,  0.10737503,
        0.14110449, -0.06715406, -0.20650154, -0.15901572, -0.1678643 ,
        0.03489882, -0.04439015, -0.01308508, -0.09329151, -0.17569143,
       -0.07563026,  0.00233417, -0.02673168, -0.14313452, -0.07188552,
        0.0732934 , -0.19896223,  0.10125415, -0.20202774,  0.05887169,
        0.07439023,  0.01257085, -0.1370135 , -0.07309108,  0.00944277,
       -0.0161078 ,  0.11223516, -0.00108917,  0.14997514,  0.07889588,
        0.12780051, -0.22886214,  0.12248093, -0.2153116 , -0.00079265,
       -0.07851816,  0.06172562, -0.1504663 , -0.06878923, -0.05630092,
       -0.13615382, -0.14070329, -0.1806046 , -0.12337678,  0.05369683,
       -0.19484538, -0.06766397,  0.11266053,  0.09707115, -0.00903192,
       -0.16278455,  0.06610656, -0.08900359,  0.06926497,  0.11814225,
        0.15835324, -0.18000956, -0.11764224,  0.01581445, -0.0527645 ,
       -0.12531723,  0.12358379,  0.00587352,  0.05469839, -0.02852093,
       -0.08290192, -0.14516652, -0.08500174, -0.11543152, -0.05676251,
       -0.048687  , -0.2223661 ,  0.15290573, -0.20125619, -0.00762634,
       -0.19808893, -0.13156284, -0.13682775, -0.04740415, -0.10037784,
        0.15081748,  0.12894781,  0.0457249 , -0.06789427, -0.11908126,
       -0.1044476 , -0.22390269,  0.01126717, -0.15114073, -0.02799266,
       -0.06423965, -0.22422005, -0.24883796, -0.04875653, -0.2253049 ,
        0.00892281, -0.14243285, -0.01856569,  0.03249451,  0.05939266,
        0.03129322,  0.13966562, -0.14193016, -0.23676383, -0.03741449,
       -0.09238428, -0.12761539,  0.1517451 , -0.0056197 ,  0.14246204,
        0.11689259, -0.21316531,  0.05781494, -0.05796831, -0.15225711,
        0.17116962, -0.03280304, -0.15290257, -0.15321474, -0.10261206,
       -0.00588298, -0.06942354,  0.12238286, -0.1159362 ,  0.07446438,
       -0.15526064, -0.0862786 , -0.10056918, -0.08679158, -0.0933711 ,
       -0.19870289, -0.12216174, -0.0924986 ,  0.13630265,  0.02804095,
       -0.06869099,  0.06462152,  0.17306289, -0.17726645,  0.02627   ,
        0.07327151,  0.0408787 ,  0.10076685,  0.04531395,  0.00715856,
       -0.13478951,  0.11711921, -0.16901104,  0.17347458,  0.12861858,
        0.09782147, -0.08404553, -0.13717034,  0.17590693, -0.18212456,
       -0.1177501 , -0.17827968,  0.14661781, -0.16992259, -0.06435568,
        0.02581613,  0.12057031, -0.02666608, -0.15269855, -0.05223708,
        0.06210418, -0.19602272, -0.02818068, -0.15689355, -0.06161007,
        0.11146311, -0.12268533,  0.01380577,  0.0109308 ,  0.14229986,
       -0.15630823,  0.06417564,  0.2629064 , -0.03025919, -0.17734307,
       -0.0948771 ,  0.02867436, -0.02324546, -0.04617842,  0.12127529,
       -0.07911836, -0.16425064, -0.09328282, -0.1774731 , -0.2526242 ,
        0.0530041 , -0.01433147, -0.14340878, -0.10630704, -0.00197475,
        0.136252  , -0.14223686,  0.02344251,  0.1586097 , -0.02994145,
        0.1520342 ,  0.01937131, -0.11167139,  0.06997743, -0.04938061,
        0.00651333, -0.09885013, -0.00154721, -0.19698232, -0.18081   ,
        0.03773527,  0.0702334 ,  0.11057695, -0.05902511,  0.15554349,
       -0.07278532, -0.17273656, -0.0328536 ,  0.10987862, -0.1618093 ,
       -0.15484221,  0.0623409 ,  0.09496228, -0.14561342,  0.03079378,
       -0.02961564,  0.02463711, -0.12558116, -0.20893414, -0.1449252 ,
       -0.0033316 ,  0.04079567, -0.12083695, -0.12795907, -0.18960199,
       -0.02044071, -0.02426938,  0.01553705,  0.01862919,  0.23104829,
       -0.07412277,  0.10588385, -0.22653256,  0.12317718, -0.02053696],
      dtype=float32), 'decoder.4.weight': array([[ 0.3782778 , -0.14064188,  0.1585073 , ..., -0.32958737,
         0.25812626, -0.02192453],
       [ 0.00511421, -0.20740137, -0.33727726, ..., -0.03267024,
        -0.44090685,  0.3797258 ],
       [-0.06320717, -0.32220304,  0.14945269, ..., -0.0266658 ,
        -0.33956325,  0.3501215 ],
       ...,
       [-0.02788491, -0.15149225,  0.264506  , ..., -0.19061139,
         0.02351832, -0.21340594],
       [ 0.1958155 , -0.1468264 ,  0.17883572, ...,  0.29918817,
        -0.13108724,  0.17343675],
       [-0.3406197 ,  0.2191885 , -0.00636632, ...,  0.10705624,
         0.07966191, -0.2854915 ]], dtype=float32), 'decoder.4.bias': array([-0.17198211,  0.2328984 , -0.12038748, -0.2622212 , -0.04070893,
        0.3008197 , -0.37380254,  0.05106124, -0.19832902, -0.01800577,
       -0.43598977,  0.0286225 , -0.20955473,  0.30024296,  0.06866091,
        0.22316062, -0.0499391 , -0.17997608, -0.2514466 ,  0.28445315,
        0.24572885, -0.4639946 ,  0.3405589 ,  0.0226342 , -0.37698504,
        0.02114826, -0.18789871,  0.37820724, -0.22847417, -0.34673846,
        0.1783234 ,  0.16171716,  0.30699247,  0.16731073, -0.2248675 ,
        0.16459602,  0.36526772,  0.16526426, -0.10096739, -0.39886823,
       -0.17944895, -0.17976834, -0.31590334,  0.32472223, -0.09696963,
        0.40594456, -0.28820345, -0.17987332, -0.44406584, -0.08981072,
       -0.2435607 , -0.31113455,  0.16340825, -0.12183903, -0.07028239,
       -0.13049084, -0.16705006,  0.33816645, -0.430415  , -0.37583303,
       -0.35710192, -0.28068012, -0.04506738,  0.27486533, -0.27779484,
        0.2107733 ,  0.02083608, -0.31023207, -0.17252427,  0.08599815,
        0.20019178,  0.10226054, -0.20032886, -0.2956545 , -0.60745984,
        0.20396256, -0.03577884,  0.05619026, -0.15911098,  0.49911556,
        0.15081288,  0.18546398,  0.4232377 , -0.05970033,  0.29154694,
       -0.47890955, -0.06423126,  0.1471521 ,  0.0802423 , -0.20271733,
       -0.1718784 ,  0.20491627,  0.15674737,  0.21451959,  0.00224827,
       -0.41533244, -0.3072407 ,  0.24783735,  0.25694278, -0.19205719,
        0.2674844 ,  0.415136  ,  0.41671795, -0.32715186, -0.20742717,
       -0.3064195 , -0.09053341, -0.01958814,  0.19491224, -0.3776549 ,
       -0.3525207 ,  0.38520658,  0.59979165,  0.38882893, -0.46057823,
        0.28036907,  0.06206696,  0.37785447,  0.30153036, -0.4060838 ,
        0.04488641, -0.21619195, -0.06760272, -0.33949664,  0.22342718,
       -0.03679705,  0.06668708, -0.24410395, -0.35240403,  0.21446016,
        0.24706036,  0.03299947, -0.3360006 ,  0.05641598, -0.46701095,
       -0.09355255, -0.21506037, -0.08508203, -0.37799558, -0.12511773,
       -0.4219744 , -0.39769042,  0.19525735, -0.3376682 , -0.05136402,
       -0.16977859,  0.43641287, -0.3224684 ,  0.12270663,  0.0225824 ,
        0.04073612,  0.0216017 ,  0.25741675, -0.27565464,  0.20492223,
        0.05090956,  0.1755919 ,  0.15390345, -0.39998123,  0.18033513,
        0.06523714, -0.30463862, -0.06124022, -0.09935917, -0.44061   ,
        0.51799077,  0.33190545,  0.3694524 ,  0.3657371 , -0.04478505,
        0.2839202 , -0.18298486,  0.21318333, -0.3180571 , -0.2884889 ,
       -0.16233982, -0.3300077 ,  0.08073658,  0.3497608 , -0.2726315 ,
        0.20786348,  0.16817895,  0.21850346,  0.4521712 ,  0.21731652,
       -0.28767565, -0.09126846,  0.0331238 , -0.12960042,  0.22973394,
       -0.290328  ,  0.13477565, -0.07911114,  0.3377834 , -0.13306046,
        0.35924575, -0.1279746 ,  0.13572493, -0.16321331,  0.01417338,
        0.18821958,  0.43145782, -0.13232888, -0.3016704 , -0.14192207,
       -0.13802107,  0.30512848,  0.05224964, -0.00834498, -0.0142732 ,
       -0.15220161,  0.32340786, -0.38536596, -0.17494035,  0.07683541,
       -0.16460614, -0.342688  , -0.25933826, -0.10566223,  0.1972227 ,
        0.3862414 ,  0.22581758,  0.11694027,  0.11838368, -0.45550334,
        0.5464291 ,  0.04509319, -0.3166524 ,  0.38641605,  0.00966532,
       -0.5005233 ,  0.000697  ,  0.2041835 ,  0.48620364,  0.23127167,
       -0.01931164, -0.31980634,  0.13977405, -0.21334945,  0.04037283,
       -0.11307207, -0.0264535 ,  0.10836811, -0.3959166 , -0.24918953,
        0.01852296,  0.07921804,  0.19624121,  0.32316947,  0.03180275,
       -0.35166493, -0.38343894, -0.3973969 , -0.11710338, -0.29042593,
       -0.30565605, -0.00370436, -0.01267284,  0.43951026,  0.08217896,
        0.37234783,  0.19288355,  0.143008  ,  0.28836212, -0.23431121,
       -0.33275807, -0.32744223, -0.38722813, -0.45773867,  0.08257767,
       -0.30637234,  0.2756742 , -0.34871596,  0.40641433, -0.07570916,
        0.27878493, -0.08082482, -0.28945056,  0.29270908,  0.1464753 ,
       -0.2704571 ,  0.21713084, -0.10651523,  0.19481054,  0.05507261,
        0.22795011,  0.2695434 ,  0.05189032,  0.5114899 , -0.00128781,
        0.19476989, -0.17717454, -0.404996  ,  0.06541172, -0.535849  ,
        0.33871424,  0.11327941,  0.04028765,  0.15299419, -0.09059414,
       -0.01325168,  0.40982622, -0.29220942, -0.14207011,  0.36116785,
        0.14929338,  0.29990283,  0.081538  , -0.18905765,  0.39987957,
        0.31105167, -0.5774131 , -0.32822844, -0.19119318, -0.0159048 ,
        0.24548697, -0.14886147,  0.29296476, -0.28585517,  0.22257365,
        0.2451237 ,  0.21804725,  0.14154191, -0.05927573, -0.19669645,
        0.11307915,  0.12354873,  0.20364071, -0.27466625, -0.2756095 ,
        0.28784475, -0.27965966,  0.25429237, -0.17359203, -0.45452738,
       -0.3159853 ,  0.36810306, -0.06873289, -0.46629563,  0.1039118 ,
        0.3891883 , -0.32658   ,  0.25438944, -0.20240113, -0.23768921,
        0.32650775, -0.26485112,  0.01309974, -0.31049773, -0.05351803,
       -0.02508953, -0.09841506,  0.04796958,  0.06633189,  0.01224854,
       -0.24047539,  0.34430388, -0.3269022 ,  0.3467551 ,  0.12018906,
       -0.42207295,  0.20253326, -0.23202643,  0.4390641 ,  0.18348175,
        0.10647456, -0.21093062, -0.07999218,  0.39582223,  0.32935604,
        0.18885091,  0.46965808,  0.07257167,  0.33820143, -0.26531607,
       -0.34647712,  0.2378413 , -0.256492  ,  0.5089812 , -0.16450089,
        0.08059268, -0.29705173, -0.16526008, -0.30861336,  0.286184  ,
       -0.28286138,  0.32649547,  0.2987596 , -0.3482618 ,  0.29954025,
        0.2613696 , -0.1177665 , -0.326593  ,  0.2605371 ,  0.08408418,
       -0.00970554,  0.18182865, -0.39261147, -0.41863108,  0.42937297,
       -0.20030907,  0.23433858,  0.40110683, -0.28657475,  0.24252416,
        0.04320401,  0.14131334,  0.2646006 , -0.15984507, -0.26539138,
       -0.15731476, -0.12919717, -0.3116081 , -0.49877906, -0.45469412,
       -0.12409975,  0.2612175 , -0.01931009,  0.27813074,  0.27704102,
       -0.08039492,  0.18225726, -0.23529664, -0.08302043,  0.22605768,
       -0.2047332 ,  0.3857385 , -0.0819846 , -0.2855715 ,  0.15563306,
       -0.19399737,  0.3883747 , -0.02265071,  0.08675615, -0.3138029 ,
       -0.08360256,  0.3004603 , -0.10593345,  0.32767212,  0.1901369 ,
       -0.05652101, -0.21463838, -0.1789209 , -0.2223005 , -0.2670561 ,
        0.21721911,  0.20801811,  0.07625993, -0.02776304, -0.4156266 ,
       -0.17184758,  0.08392347, -0.04151788, -0.24155332, -0.34865323,
        0.2245518 ,  0.26088598, -0.2406673 ,  0.20589808, -0.41916746,
       -0.07301334, -0.5076999 , -0.3558022 ,  0.30711558, -0.16570978,
       -0.13116138, -0.16500746, -0.09135683, -0.04644431, -0.425267  ,
        0.16527863, -0.46303618, -0.24799229,  0.26529443,  0.26489192,
        0.36331293,  0.145305  , -0.07037862,  0.08807021,  0.12332785,
        0.16560201,  0.21437147, -0.3279269 , -0.0561191 , -0.44351357,
       -0.22882268, -0.39271465, -0.45078057, -0.46690494, -0.142596  ,
       -0.38878366, -0.23291275,  0.30791232,  0.11061473,  0.05408137,
       -0.33951756, -0.36088413,  0.4082803 ,  0.26898542,  0.39386773],
      dtype=float32), 'decoder.6.weight': array([[ 0.28319213, -0.12615274,  0.65900207, ...,  0.7157958 ,
         0.7321983 ,  0.22247835],
       [-0.15797518,  0.16756287, -0.3359265 , ...,  0.34252378,
         0.12890872,  0.09390063],
       [-0.3445457 ,  0.4026348 , -0.391773  , ..., -0.03674939,
         0.25993705, -0.15405403],
       ...,
       [ 0.06071708,  0.28013805,  0.27291876, ..., -0.20467663,
        -0.19401762, -0.30504373],
       [-0.19468208, -0.10457325, -0.3365091 , ..., -0.29269567,
         0.3303681 , -0.01663023],
       [ 0.19534785,  0.0492629 , -0.41432157, ...,  0.00732229,
         0.11192461, -0.2275476 ]], dtype=float32), 'decoder.6.bias': array([-0.10009956, -0.1260588 , -0.08692796, ...,  0.06780642,
        0.34216255,  0.19978972], dtype=float32)}
[Time: 15.01.25 11:50:04] [Level: info] [State: aggregate] {'encoder.0.weight': array([[-0.12400539,  0.01450711,  0.02521736, ..., -0.09622687,
         0.07224789,  0.05240526],
       [ 0.02898557,  0.08289338,  0.07919315, ...,  0.04192653,
        -0.06304867,  0.12055134],
       [ 0.05532069, -0.05730041,  0.01583662, ..., -0.01048875,
        -0.08542781, -0.02713716],
       ...,
       [-0.06460828,  0.01778129,  0.01628697, ..., -0.02619644,
         0.02088931, -0.08982032],
       [ 0.02234362,  0.06961032, -0.03676203, ...,  0.13330847,
        -0.05911879,  0.08347385],
       [ 0.08333705,  0.09380424,  0.02696467, ...,  0.0293834 ,
         0.0597451 ,  0.0269211 ]], dtype=float32), 'encoder.0.bias': array([ 3.78910662e-03, -7.78103843e-02, -5.78630231e-02, -3.80703732e-02,
       -9.12593901e-02,  7.66760949e-03,  7.01371878e-02, -9.42713618e-02,
       -1.33814160e-02, -1.22984536e-01, -6.70705438e-02, -8.71132612e-02,
       -3.64658833e-02,  5.89053109e-02, -1.22076765e-01,  4.88883890e-02,
        9.10662860e-02, -1.36264458e-01,  1.54697467e-02,  9.31360200e-02,
        6.20915554e-02, -1.01585977e-01, -6.55917749e-02, -9.26070437e-02,
        1.81471165e-02, -1.00796036e-01, -1.39069170e-01, -4.14675660e-02,
        5.63104749e-02, -5.26449904e-02,  8.48657079e-03, -3.96501087e-02,
        7.16013014e-02, -9.45942774e-02, -8.55999216e-02, -8.76863003e-02,
       -1.11896530e-01,  6.31807791e-03,  3.48115951e-04,  5.61416186e-02,
       -9.60929971e-03, -6.36430457e-02,  4.68334295e-02,  5.23760431e-02,
        4.59471121e-02,  7.78515637e-02,  1.54715672e-01, -3.15969884e-02,
        5.34193441e-02, -8.46745968e-02, -1.29783839e-01,  2.21685991e-02,
        5.11664525e-02, -2.02516336e-02,  7.85777122e-02,  1.01095447e-02,
       -6.48223087e-02, -6.93539977e-02,  6.27124235e-02, -9.43888500e-02,
       -1.23051301e-01,  4.10123579e-02,  4.94076498e-02,  4.71806563e-02,
       -1.43314786e-02, -4.40962985e-02,  8.41334015e-02, -1.13486618e-01,
       -5.87878488e-02, -8.58377516e-02, -1.05228387e-02,  7.85680488e-03,
        4.41763699e-02, -5.10794371e-02, -5.57613112e-02,  3.74684148e-02,
       -9.73911956e-02, -1.30118549e-01, -8.96221474e-02,  5.18635027e-02,
        9.04461220e-02,  5.17362319e-02,  8.91595483e-02, -4.65313271e-02,
        6.95070401e-02, -1.26135692e-01, -2.73264572e-03, -4.98590060e-02,
       -6.17930442e-02,  4.56678718e-02, -4.53270152e-02,  6.97836429e-02,
       -1.69117413e-02, -1.10788578e-02,  4.92214523e-02,  6.93625808e-02,
        6.84697852e-02, -3.80081534e-02, -2.40306859e-03,  8.27765465e-02,
        4.91296221e-03,  3.62643343e-03, -1.17164463e-01, -1.33282006e-01,
       -9.97286141e-02,  1.82226114e-02, -5.58376797e-02, -7.69368932e-02,
        4.02748138e-02, -1.26204953e-01, -7.70673230e-02, -1.15282901e-01,
       -1.02156937e-01,  2.00574696e-02,  6.91012293e-02, -2.82441042e-02,
       -9.78607312e-03, -9.98881385e-02, -9.21029076e-02, -6.66734651e-02,
       -7.39640221e-02, -1.06908292e-01,  9.88583714e-02, -7.79665038e-02,
       -6.52878433e-02, -2.58792527e-02, -5.79188317e-02,  5.49188368e-02,
        3.95165011e-02, -6.95334300e-02,  4.06387933e-02,  6.58852234e-02,
       -1.30029425e-01,  1.20247714e-01, -1.15453657e-02, -7.77841806e-02,
       -1.34631842e-01, -4.59763408e-02, -8.23155232e-03,  3.42250988e-03,
        1.15035325e-02,  8.56570676e-02,  2.63471268e-02, -8.95469338e-02,
       -3.09140570e-02, -4.09500077e-02,  3.94263417e-02,  4.62727919e-02,
       -3.94084342e-02, -2.85579823e-02,  9.10123736e-02, -1.22083373e-01,
       -6.76649064e-03,  6.96758702e-02,  5.70643917e-02, -1.14002161e-01,
       -8.39425698e-02,  4.79449406e-02, -6.44010082e-02, -5.11801243e-02,
       -8.99231881e-02,  1.01506390e-01, -1.30903378e-01, -7.15822205e-02,
       -1.16897076e-01,  2.02032812e-02, -1.27399772e-01, -9.91097242e-02,
       -1.34541735e-01, -4.69359979e-02, -6.29029274e-02, -1.31477684e-01,
        2.13782545e-02, -2.04485841e-02, -1.05107211e-01,  8.82961005e-02,
        6.03810363e-02, -3.52472998e-02,  5.30341379e-02, -3.07570118e-02,
        1.58577673e-02,  1.25811500e-02, -6.35051075e-03, -1.42385200e-01,
        6.45658374e-02,  3.78201492e-02, -1.08886890e-01,  6.62201419e-02,
        7.60934129e-02,  6.94050267e-02, -8.13225210e-02,  1.31566897e-02,
       -1.38224334e-01, -6.20085783e-02, -1.77283168e-01, -1.39571782e-02,
       -5.70870601e-02, -7.00782612e-02, -6.62758872e-02, -4.04908359e-02,
       -4.16786931e-02,  1.01891011e-01,  2.91045699e-02, -1.26755461e-01,
        8.96477774e-02, -1.25667572e-01,  7.70177394e-02,  9.08476934e-02,
       -3.34371179e-02,  6.26011640e-02,  3.48007828e-02,  7.60973021e-02,
        3.18047218e-02, -9.71304849e-02, -1.02957599e-01, -8.80823135e-02,
       -7.85348006e-03, -9.70021859e-02, -8.42914060e-02, -5.49660586e-02,
        2.96104047e-02,  4.28719707e-02, -8.47407281e-02, -4.88437228e-02,
       -4.81509045e-02,  6.82692379e-02, -1.07380517e-01, -7.36954436e-02,
       -9.96303558e-02, -6.37252256e-02, -1.36795387e-01,  5.53352386e-02,
       -3.53533514e-02,  1.57369282e-02, -8.31325501e-02,  5.93951419e-02,
        1.15481149e-02,  6.54572994e-02,  1.46029696e-01, -6.88164383e-02,
        4.95186746e-02, -1.06092013e-01,  8.00709128e-02,  2.31489930e-02,
       -1.04784615e-01, -1.40022442e-01, -5.79816289e-02, -1.16790280e-01,
       -1.05574340e-01,  1.98000278e-02,  6.79987855e-03, -5.02322540e-02,
       -4.83839249e-04, -9.76128597e-03, -2.87606362e-02,  2.52373442e-02,
        3.69021185e-02, -1.36112198e-01,  5.67808896e-02,  9.18424651e-02,
        9.83847529e-02, -1.00585535e-01,  2.76144464e-02, -6.99427277e-02,
       -5.19697480e-02, -2.49490123e-02, -1.17375821e-01,  6.68264851e-02,
        4.97736931e-02, -9.53718722e-02,  8.03114548e-02, -1.18718110e-01,
        2.20844932e-02, -4.87591140e-02, -1.35137424e-01,  3.98148112e-02,
       -1.41094059e-01,  9.19314772e-02, -9.15293172e-02, -1.30409673e-01,
        8.20528716e-02,  6.17299117e-02,  2.11710464e-02, -1.51950121e-02,
       -1.35916233e-01,  6.67037293e-02, -8.61097127e-02,  5.71599379e-02,
        4.47164383e-03, -1.42866477e-01, -9.81343463e-02, -1.07309394e-01,
       -6.59643859e-02, -7.43303224e-02, -2.82371081e-02, -1.26740038e-01,
        8.31387267e-02, -8.17594454e-02,  5.75352609e-02, -9.53360349e-02,
        1.11091752e-02, -8.93688649e-02, -4.66697626e-02, -2.17973925e-02,
       -1.20179199e-01, -1.32088020e-01,  3.17036584e-02, -1.14553966e-01,
       -1.70283858e-02,  3.38973515e-02,  6.12531751e-02, -8.96457434e-02,
       -1.32066146e-01,  1.69459973e-02, -8.61782432e-02, -1.57581061e-01,
       -4.50311713e-02,  9.29592997e-02, -1.09241948e-01, -3.57885621e-02,
       -3.90685387e-02, -8.10860544e-02,  2.39584465e-02, -6.44839033e-02,
       -1.13916643e-01, -9.40952003e-02,  5.25329635e-02, -6.49887994e-02,
        3.12029626e-02,  8.13947842e-02, -3.68695967e-02,  4.47918251e-02,
       -5.97448871e-02,  1.00450084e-01, -1.62509512e-02,  2.34508868e-02,
       -1.20788878e-02, -6.67445436e-02,  8.15236568e-02,  1.92263331e-02,
       -1.19604811e-01,  7.24107698e-02, -5.77614903e-02,  4.85907383e-02,
       -4.47391272e-02,  7.40686134e-02,  9.13895220e-02,  2.06731679e-03,
       -9.40877944e-02,  2.06923839e-02, -1.33453626e-02,  4.87042964e-02,
       -9.03150067e-02, -2.33969539e-02, -1.13149121e-01, -5.59444129e-02,
        1.04840184e-02,  5.51183559e-02,  1.59042496e-02, -5.23443557e-02,
       -2.05636490e-02,  7.92132765e-02, -7.00826049e-02,  5.06112501e-02,
        5.70508912e-02, -6.22518919e-02,  6.08850829e-02,  7.00553507e-02,
       -5.43388948e-02, -1.17398947e-01, -5.07696569e-02, -2.06772275e-02,
       -6.40615001e-02,  4.77728248e-02,  6.81252703e-02,  6.92849010e-02,
       -1.47492252e-02, -2.68673599e-02, -7.56543651e-02, -7.17210397e-02,
       -9.55495909e-02,  6.04757257e-02,  4.23490740e-02, -3.46763432e-02,
       -5.06815016e-02, -3.95437628e-02, -2.01720465e-02,  7.54170716e-02,
       -1.07460907e-02, -1.50094390e-01, -6.69378266e-02,  2.92845760e-02,
       -1.03359595e-02, -3.78924306e-05,  3.35302390e-02,  7.76851103e-02,
        2.30741147e-02, -1.63362741e-01, -4.28620726e-02,  7.58853033e-02,
       -5.99829443e-02, -1.74873583e-02, -1.41030289e-02, -3.74978818e-02,
        3.09225675e-02, -6.81148656e-03,  3.53898969e-04,  8.60361531e-02,
        4.16021943e-02,  7.51666129e-02, -1.35388926e-01,  5.08364737e-02,
       -1.11720368e-01, -2.18972471e-02, -1.35662332e-01,  1.23163238e-01,
       -4.59164158e-02, -7.76000023e-02, -2.84427796e-02,  7.50271678e-02,
       -6.22023232e-02,  3.76588106e-02, -1.20299876e-01, -8.91928226e-02,
        4.14362773e-02,  5.54523729e-02, -3.83162461e-02, -1.39163151e-01,
        6.56509474e-02, -5.94093129e-02, -1.20097131e-01, -3.45878378e-02,
        1.58047713e-02, -1.98826808e-02, -1.12724386e-01, -1.11465141e-01,
        7.90177360e-02, -4.54050601e-02,  5.82959279e-02,  3.91740724e-02,
       -1.06229022e-01, -3.60308103e-02,  3.18489484e-02, -1.31928459e-01,
       -1.30047081e-02, -4.96226735e-02,  4.02111858e-02,  8.95680487e-02,
       -5.56726940e-02,  8.71450603e-02, -9.52403247e-02,  4.96958904e-02,
       -1.12632595e-01,  3.99030559e-02, -7.90101513e-02, -1.83618478e-02,
       -5.29519245e-02,  5.84522709e-02, -4.82676700e-02,  1.01447172e-01,
       -1.19869016e-01, -3.63328643e-02, -1.88767239e-02,  3.78699191e-02,
       -1.21752523e-01, -1.41309500e-01, -7.04014003e-02, -8.92256573e-02,
        6.77511469e-03, -1.17202893e-01, -9.99176428e-02,  4.48775925e-02,
       -1.05335921e-01, -1.17799371e-01,  2.34884992e-02, -4.90092039e-02,
       -6.30875602e-02, -8.57803598e-03, -1.18085071e-01, -4.03502248e-02,
        9.46793780e-02, -1.10169604e-01,  2.48434749e-02,  1.26245664e-04,
       -1.01248525e-01, -9.08958837e-02,  8.82503837e-02, -4.25163060e-02,
       -7.42019489e-02,  5.66633558e-03, -1.31804813e-02,  4.38140966e-02,
       -1.56272631e-02, -4.26373295e-02, -8.25768486e-02,  3.28004211e-02,
       -4.35948968e-02,  3.64292003e-02,  2.00329646e-02, -1.08673349e-01],
      dtype=float32), 'encoder.2.weight': array([[ 0.21413748, -0.21068051, -0.26727182, ...,  0.03422686,
         0.00763438, -0.36661345],
       [-0.20322293,  0.17459153, -0.37672308, ...,  0.01327273,
         0.11967731, -0.24232766],
       [ 0.33964995,  0.27929863,  0.39109534, ...,  0.14579068,
         0.25169426,  0.19329542],
       ...,
       [ 0.0532388 ,  0.11269479, -0.31887895, ..., -0.23279704,
         0.16881181,  0.06719925],
       [ 0.29773924,  0.09309465,  0.24416539, ...,  0.02722349,
         0.11379182,  0.11716733],
       [ 0.36691585, -0.39372927,  0.2851845 , ..., -0.09558558,
         0.0077696 , -0.28716952]], dtype=float32), 'encoder.2.bias': array([ 3.08912218e-01,  2.04784125e-01,  3.71594042e-01, -2.37019226e-01,
       -1.41615719e-01, -4.65668768e-01, -1.19358659e-01,  1.20917760e-01,
       -2.98984110e-01,  1.25115737e-01,  2.01345950e-01, -3.62712592e-01,
       -2.07873911e-01, -1.42276779e-01,  1.48296028e-01,  2.87726492e-01,
       -1.31392092e-01, -3.66801292e-01,  2.23586097e-01,  1.64220884e-01,
       -2.03019559e-01, -1.75749645e-01, -3.20173085e-01, -1.19904846e-01,
        1.01712584e-01,  1.34474784e-01, -6.48362562e-02, -2.96912611e-01,
       -3.49647939e-01, -2.89936632e-01, -2.12591410e-01, -1.92694128e-01,
        1.48016378e-01, -8.84914771e-02, -1.07398340e-02,  2.79752940e-01,
       -2.65364349e-01, -1.35456160e-01, -2.70071179e-01,  4.69147980e-01,
       -2.86789119e-01,  1.37024932e-02,  2.03303471e-01, -2.06476301e-01,
       -4.11463380e-02,  1.90358371e-01,  2.10994989e-01,  1.67662371e-02,
       -2.32717246e-01, -1.91498503e-01, -4.61152829e-02, -4.27767672e-02,
       -2.66880989e-01, -7.59281740e-02,  4.57430668e-02, -3.29514921e-01,
        2.90453583e-01, -3.86521518e-01,  1.24082752e-02,  2.22927168e-01,
       -2.21195683e-01,  3.23783070e-01,  3.48126769e-01,  2.43132189e-02,
       -1.78472623e-01, -6.67767301e-02,  2.00401321e-01,  3.86224568e-01,
        2.54257373e-03, -3.27768326e-01,  3.54292899e-01, -9.37324092e-02,
       -2.70073652e-01, -2.10282445e-01,  3.17172319e-01, -2.33475976e-02,
       -1.82318956e-01,  2.84001082e-02,  2.03175217e-01,  3.45151156e-01,
       -4.47981089e-01,  2.51179188e-01, -1.50155351e-01,  2.64867425e-01,
        2.81396180e-01, -3.09127659e-01, -7.81319439e-02, -2.07732350e-01,
        7.16893449e-02,  1.54295921e-01, -2.00215846e-01,  3.88704717e-01,
       -6.38462976e-02, -2.14442328e-01, -3.57956767e-01,  8.78869593e-02,
        2.21145704e-01,  4.02824860e-03, -2.79086590e-01, -4.59136404e-02,
        1.37967467e-01,  1.93013906e-01,  3.81802619e-01, -2.52171904e-01,
        1.79089911e-04,  1.11088172e-01,  3.28794837e-01,  1.30457012e-02,
        4.17841747e-02,  2.36032844e-01,  2.04534903e-01, -5.91227151e-02,
       -4.36543584e-01,  3.93432587e-01,  3.18541437e-01,  2.49091238e-01,
       -1.99971989e-01, -2.72555441e-01, -3.16353627e-02,  3.01895682e-02,
        3.65897715e-02,  2.47033350e-02,  3.15338820e-01, -2.80032698e-02,
       -5.49164861e-02,  1.38073668e-01, -3.53359193e-01,  2.72412211e-01,
        1.76867589e-01, -4.35674161e-01,  2.02179775e-01, -2.14872137e-01,
        2.96126455e-01, -3.48699093e-01, -6.66838512e-02,  1.22452512e-01,
        1.70262635e-01,  2.35365137e-01,  1.50645301e-01,  3.06690216e-01,
        2.84602344e-02,  1.21218145e-01,  1.24474265e-01, -1.47753581e-02,
       -7.28074685e-02, -3.93953323e-01, -1.41943935e-02,  1.53680995e-01,
       -2.39865258e-01, -2.81980038e-01, -5.31576499e-02,  2.79938076e-02,
       -1.98547378e-01,  3.45984638e-01, -1.16647063e-02, -4.21848983e-01,
        2.02277526e-01, -1.77895948e-01,  3.92110705e-01, -1.59650058e-01,
       -4.28886563e-02, -4.69032586e-01, -8.96281842e-03, -1.11327849e-01,
        2.12115183e-01, -1.21212669e-01, -1.25167578e-01, -3.08858424e-01,
        1.80300966e-01,  1.07488751e-01, -3.38278800e-01,  1.20100662e-01,
        2.66476303e-01,  7.28451880e-03, -1.62337422e-01, -1.34763137e-01,
       -1.52696759e-01, -1.69791743e-01,  1.53864063e-02,  2.05429792e-01,
        2.46305540e-01, -4.22800928e-02, -1.93584450e-02, -4.14649814e-01,
        2.18014404e-01, -7.02341050e-02,  3.09996575e-01,  1.47838324e-01,
       -3.83946240e-01, -3.94104183e-01,  2.02855662e-01,  4.85269725e-02,
        1.32729143e-01,  3.67064476e-02, -1.98680148e-01, -2.98725247e-01,
       -5.09797782e-02,  6.51802495e-02,  5.19757420e-02,  9.80815589e-02,
       -2.77450740e-01, -2.41775602e-01, -2.72949249e-01, -3.58480513e-02,
        2.38864794e-01, -4.77653965e-02,  2.36942619e-02, -1.40722871e-01,
       -2.64782429e-01, -1.59030288e-01,  1.90532073e-01,  3.17593031e-02,
       -9.59496386e-03,  3.17391276e-01,  3.56286854e-01, -4.44548130e-01,
        2.94894308e-01, -1.85032830e-01, -3.74168336e-01,  5.19544147e-02,
       -3.76657546e-01,  1.55363634e-01,  1.55731976e-01, -2.59583324e-01,
       -2.83182174e-01, -5.56528382e-02,  1.02932490e-01,  2.97390699e-01,
        1.77817971e-01,  7.04165250e-02,  3.05419117e-01,  2.91991591e-01,
        2.12320879e-01, -4.19467598e-01, -6.90270811e-02,  6.58588037e-02,
        8.23756009e-02,  7.71568622e-03, -3.06761086e-01, -2.77929217e-01,
        2.92248756e-01,  2.55285323e-01,  7.49649256e-02,  1.19041674e-01,
        2.96170443e-01,  2.14146182e-01,  1.63921997e-01,  3.51321995e-01,
       -1.20862089e-01, -2.79537618e-01,  4.30821851e-02, -3.45734879e-02,
        3.39571297e-01,  3.07954907e-01, -1.07549667e-01,  4.04263660e-02,
        2.31071249e-01, -1.78362682e-01,  8.50474462e-02, -1.16959549e-01,
        2.48125643e-02,  1.91568455e-03,  2.36164257e-02,  2.12346286e-01,
       -8.57091770e-02,  3.09972554e-01,  2.66396347e-02,  1.33514090e-03,
       -4.04024683e-03,  2.21744645e-02,  3.35092753e-01, -3.98343801e-01,
       -3.10272187e-01,  1.34543225e-01, -1.02404274e-01,  3.28462303e-01,
        2.61240780e-01, -4.35459912e-01,  2.76438206e-01,  8.55604410e-02,
       -1.84669226e-01, -1.95312262e-01,  9.89640579e-02, -2.39597112e-01,
       -3.67234379e-01,  2.71474212e-01,  2.69594520e-01, -3.89965266e-01,
        2.32941002e-01, -8.28795955e-02, -4.17200327e-01, -1.58801317e-01,
        3.15151662e-01, -3.27521563e-03, -1.40016526e-01, -1.45208776e-01,
        1.55004993e-01,  3.93450499e-01, -7.58055449e-02,  6.77821338e-02,
       -1.43881634e-01,  2.81205595e-01, -3.06788683e-01, -3.67945224e-01,
        2.11949423e-01, -3.87373865e-01,  5.88786155e-02, -8.33025873e-02,
       -3.74100268e-01,  1.62634417e-01, -1.83384866e-01, -4.19575095e-01,
       -4.48072672e-01,  1.11665994e-01,  2.17864037e-01,  1.59936219e-01,
        2.00075179e-01, -1.78951144e-01,  3.44227940e-01,  5.84644265e-02,
        4.36225891e-01,  2.51338273e-01, -1.97285086e-01,  1.13617636e-01,
        8.12670961e-02,  2.55171031e-01,  4.52239020e-03, -8.79379804e-04,
       -1.49603769e-01, -2.96379745e-01, -3.60334486e-01,  1.46952435e-01,
       -3.56087059e-01,  9.20134932e-02, -4.62097749e-02,  3.30964357e-01,
       -4.80535962e-02, -4.22677658e-02,  2.26299867e-01, -3.49049747e-01,
        2.52976120e-01, -2.16184288e-01, -1.01000823e-01,  1.30610138e-01,
        2.73901969e-02,  2.18209490e-01, -1.96362391e-01,  1.50086030e-01,
        2.11384565e-01,  2.91127264e-01,  2.48784810e-01, -2.52296567e-01,
        4.93487306e-02, -1.93103209e-01, -2.79774457e-01, -2.51057476e-01,
       -3.11085612e-01,  9.83285978e-02, -1.49613470e-01, -9.57388952e-02,
        1.77833632e-01, -4.33323011e-02, -1.92651793e-01, -3.39481771e-01,
       -3.92976373e-01, -1.82408065e-01,  6.84443489e-03,  4.87638228e-02,
       -1.27396807e-01, -4.09323007e-01,  1.49233699e-01,  2.48059303e-01,
       -1.24402933e-01,  2.29096189e-01,  2.03956902e-01,  1.03936769e-01,
        1.49618775e-01,  3.49245548e-01, -2.72482514e-01, -1.17721716e-02,
       -2.44985268e-01,  3.34884405e-01,  1.57443121e-01, -1.72875106e-01,
        3.41656685e-01,  2.34254971e-01, -3.09507966e-01,  2.74835378e-01,
        4.57569622e-02, -2.52618313e-01,  2.96773195e-01, -1.34943068e-01,
        2.92382330e-01,  1.32444665e-01,  2.17318088e-01,  1.08099811e-01,
        3.00261378e-01, -4.25796896e-01, -2.22951353e-01,  3.25894207e-01,
       -5.25379293e-02,  1.81733489e-01,  3.09174538e-01,  1.25320241e-01,
       -1.40006870e-01, -3.48019660e-01,  1.34249181e-01,  2.54435599e-01,
        1.59397393e-01, -3.38434428e-01,  1.79298535e-01,  1.32522270e-01,
       -9.08082426e-02,  8.94551203e-02,  1.55712664e-01, -3.33244324e-01,
       -2.32728813e-02, -9.72335413e-02,  3.30248386e-01, -2.16576327e-02,
        4.79063764e-02, -4.28102277e-02, -2.72125173e-02,  2.05073863e-01,
        2.55681515e-01,  9.16182064e-03,  2.60416538e-01,  1.49411097e-01,
       -1.26105398e-01,  1.13583609e-01, -3.82165223e-01,  2.10490689e-01,
       -1.93777513e-02, -2.44255334e-01,  8.44864994e-02, -1.46646559e-01,
       -2.23752931e-01, -1.00400799e-03, -3.00100863e-01, -3.43880355e-02,
        3.90658259e-01,  3.93933386e-01,  3.17271203e-01, -4.24380600e-02,
       -4.60324548e-02, -3.51564050e-01,  3.32441479e-01, -1.13209121e-01,
       -3.07516187e-01, -1.26875296e-01,  3.07676703e-01, -1.22435495e-01,
       -8.46402347e-02, -2.49708205e-01,  3.59944589e-02,  2.12847367e-02,
       -8.07070658e-02, -1.40817210e-01,  3.90917897e-01, -3.61323774e-01,
       -3.19261074e-01,  1.43547043e-01, -2.01799661e-01,  3.91410708e-01,
        2.88762093e-01, -3.81388795e-03, -3.52646470e-01,  1.49263203e-01,
        2.12239891e-01, -1.88827798e-01, -2.75370538e-01, -3.01519199e-03,
        2.15979010e-01,  1.54117629e-01, -3.78635734e-01, -5.14751114e-02,
       -1.12354010e-01, -3.75618845e-01,  3.73629630e-01,  3.18268389e-01,
        3.78293693e-01, -6.64050877e-02,  9.24438238e-02,  1.14170663e-01,
        1.42843589e-01, -4.40131664e-01, -3.03192705e-01,  1.44970313e-01,
       -1.60781577e-01, -1.88694775e-01, -4.46265221e-01,  3.39623511e-01,
       -2.53193706e-01,  4.46661383e-01, -3.81469548e-01,  2.28759274e-02,
       -3.61545116e-01,  1.52581066e-01,  1.33469135e-01, -3.50965381e-01],
      dtype=float32), 'encoder.4.weight': array([[-0.2773123 , -0.31747293, -0.32810038, ...,  0.33064908,
         0.14879234, -0.24972424],
       [-0.01292749, -0.30778018, -0.42590204, ...,  0.24868624,
        -0.15003808, -0.24564257],
       [-0.05481106,  0.22984466,  0.15278873, ...,  0.3908211 ,
         0.3523174 ,  0.11989801],
       ...,
       [-0.39189604,  0.24672921,  0.20314032, ...,  0.29789692,
         0.23202744, -0.2876835 ],
       [ 0.09032648,  0.31552964, -0.20450763, ..., -0.36426032,
        -0.11045539, -0.0216701 ],
       [-0.3790203 ,  0.3385815 , -0.35732546, ..., -0.17677392,
        -0.397607  , -0.33087975]], dtype=float32), 'encoder.4.bias': array([-0.3495553 ,  0.01074265,  0.39454198, ...,  0.28012517,
       -0.22108869, -0.38033235], dtype=float32), 'encoder.6.weight': array([[-0.06261183, -0.13777958,  0.10825036, ...,  0.07654728,
         0.0485286 , -0.09864982],
       [ 0.10933615,  0.12002125,  0.13681547, ..., -0.12562135,
         0.14027113,  0.15770358],
       [-0.13981766, -0.1013901 ,  0.10042075, ...,  0.06534155,
        -0.08335909, -0.01027434],
       ...,
       [-0.09899709, -0.17833845, -0.02872449, ..., -0.03388676,
         0.09718056, -0.01689705],
       [-0.12038396, -0.11022694, -0.25772482, ...,  0.18129666,
        -0.10543578,  0.1444228 ],
       [-0.09156828, -0.08629449, -0.07962373, ...,  0.02450147,
        -0.1554607 ,  0.14575915]], dtype=float32), 'encoder.6.bias': array([-0.06136148,  0.0264111 ,  0.09755392,  0.06333886, -0.09738509,
       -0.04950757, -0.14271256, -0.09398212,  0.11249124, -0.00413566],
      dtype=float32), 'decoder.0.weight': array([[-1.2671895 ,  0.08867424, -0.6444996 , ...,  2.0026774 ,
         2.6496847 , -1.1318047 ],
       [-0.74246544, -0.4581582 , -1.0715746 , ..., -1.8865234 ,
        -2.1259816 ,  2.5050976 ],
       [-1.5968057 , -0.97059   ,  0.7710483 , ..., -0.37945104,
        -1.3617002 ,  1.5173607 ],
       ...,
       [ 1.3072196 , -0.666099  ,  2.190932  , ...,  1.1703602 ,
        -1.1882951 ,  2.13924   ],
       [-2.673576  ,  0.26290995, -2.312265  , ..., -0.63784146,
        -1.3575841 , -2.7249148 ],
       [ 2.8080585 ,  2.8266206 ,  1.570593  , ..., -1.1144446 ,
         0.6944781 , -0.02312025]], dtype=float32), 'decoder.0.bias': array([-2.8930907 , -0.7409245 ,  0.06384516, ...,  0.10040554,
       -0.5108253 ,  1.5648247 ], dtype=float32), 'decoder.2.weight': array([[ 0.1326181 ,  0.0786875 , -0.1434313 , ...,  0.11943835,
         0.07330143,  0.11660951],
       [ 0.01918029, -0.02360026, -0.0622229 , ..., -0.08769874,
        -0.11902667,  0.06179403],
       [-0.03385138,  0.04597853, -0.16789934, ..., -0.11933421,
         0.07199975,  0.0751126 ],
       ...,
       [-0.14483273, -0.1509006 ,  0.05880022, ...,  0.09846548,
        -0.15244439,  0.17862818],
       [-0.06655378, -0.20336592, -0.00760836, ..., -0.10357907,
         0.13909578,  0.0542782 ],
       [-0.2376772 , -0.2018615 ,  0.06352009, ...,  0.01721813,
        -0.14022167, -0.22511588]], dtype=float32), 'decoder.2.bias': array([ 0.05561052, -0.12202619, -0.12881848,  0.05188011, -0.0737319 ,
       -0.2153873 , -0.0846159 ,  0.02316292,  0.16208205,  0.07285395,
       -0.25260198, -0.0349912 ,  0.01107491,  0.15511744,  0.03226918,
        0.00279722, -0.08045308, -0.17158037,  0.08878425,  0.00047411,
        0.03248723, -0.06801043,  0.05596597, -0.04720486,  0.01588896,
        0.14214568, -0.20457537, -0.01517148, -0.1919041 , -0.13579753,
        0.12732995, -0.18192911,  0.17788063,  0.10417667,  0.1723089 ,
       -0.1265377 , -0.19143072,  0.07017908,  0.00223022, -0.06823263,
       -0.12096725, -0.1650244 ,  0.11554655, -0.19353628,  0.03338341,
        0.11063685,  0.01061505, -0.0641108 , -0.19292992,  0.13169615,
        0.11454286, -0.15514557, -0.04260743,  0.11043975, -0.17189999,
       -0.19578212, -0.1314052 , -0.00712239,  0.04551882, -0.03496072,
       -0.18402441,  0.16072364,  0.01627369,  0.03216336, -0.16886793,
       -0.20115817,  0.05733143, -0.12062528, -0.11838543,  0.12057032,
        0.24094608,  0.00674296,  0.07588674, -0.03286796,  0.09879167,
       -0.06991944, -0.2197366 , -0.22554147,  0.17159785,  0.13206863,
        0.12849054, -0.17165029, -0.22582497, -0.1855353 ,  0.10875647,
       -0.19862679,  0.04900236,  0.04816005, -0.01483636, -0.03194874,
        0.05315824,  0.08250557,  0.10078692, -0.19468416, -0.12660405,
       -0.18507074, -0.14868143,  0.11202106, -0.09574827, -0.16387263,
       -0.0794845 ,  0.00137622, -0.09604751, -0.17912203, -0.04465623,
       -0.20553234,  0.09505317, -0.03532454, -0.08287875, -0.07006346,
        0.01705417,  0.07950562, -0.14906533, -0.20970777, -0.05453422,
       -0.0917082 , -0.13587083,  0.07573008, -0.21314356, -0.20084706,
        0.142013  ,  0.18807068,  0.16274865, -0.13800871,  0.1855672 ,
        0.03562411, -0.19526769, -0.13328758,  0.16256532,  0.06028082,
        0.1601783 , -0.19113049,  0.01686669,  0.15538973, -0.09390548,
        0.15986226,  0.02761481, -0.07946116, -0.19466634, -0.17199823,
        0.19654092,  0.140518  , -0.20345305, -0.05738267,  0.04072771,
        0.17215416,  0.10969633,  0.04833366,  0.12478256, -0.12569498,
       -0.20941764, -0.05171891,  0.170129  , -0.12238874, -0.15806201,
        0.01579465, -0.14957187, -0.07036918, -0.18995537,  0.0217833 ,
       -0.09323409,  0.14873934,  0.10532841, -0.03753874,  0.07238124,
        0.15091358, -0.14946608,  0.21076763,  0.01865913,  0.1524802 ,
        0.02041218, -0.01771025,  0.09716087,  0.0069698 , -0.14671522,
       -0.20711203,  0.08605662,  0.08011997, -0.14537288,  0.11278725,
        0.00647136, -0.20987901,  0.15961215, -0.03728857, -0.21802513,
        0.10413682, -0.20765762, -0.1308494 , -0.00644451, -0.19542344,
       -0.11439899, -0.19464882, -0.22105291, -0.17219749,  0.00287005,
       -0.15479496, -0.00631614,  0.10131702,  0.00914872, -0.17857382,
       -0.21973222, -0.01597945,  0.1772435 ,  0.06002787, -0.18928547,
       -0.08434743, -0.073198  , -0.1434389 , -0.03492095, -0.00447727,
       -0.21282688,  0.04917156, -0.09817408, -0.18222913, -0.0751521 ,
       -0.21428148, -0.13120273,  0.16301958, -0.04844036, -0.10778996,
       -0.1370995 , -0.01017476, -0.10727598,  0.16778053, -0.17179286,
        0.06975684, -0.2015121 , -0.12976955,  0.07748224, -0.20028836,
       -0.01675615,  0.03607959, -0.09427986, -0.17107932, -0.18171437,
        0.06485882, -0.1149824 , -0.10352817, -0.12278078, -0.14031698,
       -0.18761015,  0.03473279, -0.23044986, -0.12916698,  0.10760991,
        0.01914242, -0.00571444,  0.084148  ,  0.1753411 , -0.11750969,
       -0.02191689, -0.13605261, -0.00412944, -0.01419203,  0.10737292,
        0.14110449, -0.06715424, -0.20650145, -0.1590157 , -0.1678643 ,
        0.03489882, -0.04439012, -0.01308431, -0.09329151, -0.17569156,
       -0.07563023,  0.00233418, -0.02673172, -0.14313452, -0.07188594,
        0.0732934 , -0.19896223,  0.10125367, -0.20202777,  0.05887168,
        0.07439023,  0.01257083, -0.13701351, -0.07412586,  0.00944279,
       -0.0161078 ,  0.11223528, -0.00108911,  0.14997496,  0.07889588,
        0.12780052, -0.22886193,  0.12248083, -0.21531181, -0.00079267,
       -0.07851815,  0.06172568, -0.15046622, -0.06878947, -0.05630223,
       -0.1361539 , -0.1407033 , -0.1806046 , -0.12337676,  0.05369683,
       -0.19484401, -0.06766396,  0.11266055,  0.09707114, -0.00903193,
       -0.1627845 ,  0.06610656, -0.08900353,  0.06926496,  0.11814279,
        0.15835321, -0.18000956, -0.11764223,  0.01581445, -0.05276454,
       -0.12531723,  0.12358382,  0.00587351,  0.05469838, -0.02852093,
       -0.08290185, -0.14516652, -0.0839663 , -0.11543152, -0.05676251,
       -0.04868699, -0.2223661 ,  0.15290573, -0.20125596, -0.00762632,
       -0.19808893, -0.1315629 , -0.13682775, -0.04740076, -0.10037533,
        0.15083966,  0.12894769,  0.04572489, -0.06789429, -0.11908135,
       -0.10444636, -0.22390166,  0.01075466, -0.15114091, -0.02799256,
       -0.06423976, -0.22422005, -0.24883795, -0.0487565 , -0.2253049 ,
        0.00892179, -0.14243285, -0.01856567,  0.03249461,  0.05939196,
        0.03129322,  0.13966562, -0.14193037, -0.23676383, -0.03741437,
       -0.09238429, -0.1276155 ,  0.15174514, -0.004584  ,  0.14246207,
        0.11689259, -0.21316537,  0.05781405, -0.05796835, -0.15225692,
        0.17116638, -0.03383653, -0.15238662, -0.15321518, -0.10166091,
       -0.00588297, -0.06942354,  0.12289494, -0.11708543,  0.07446438,
       -0.15525992, -0.0862786 , -0.1005678 , -0.08679158, -0.09337124,
       -0.19766712, -0.12216175, -0.09249864,  0.13733827,  0.02752497,
       -0.068691  ,  0.06460138,  0.17306288, -0.1772665 ,  0.02627008,
        0.07327151,  0.04087873,  0.10076683,  0.04531414,  0.00715857,
       -0.13478948,  0.11711919, -0.16797556,  0.17347461,  0.12861866,
        0.0978215 , -0.08404552, -0.1371704 ,  0.17590696, -0.18212456,
       -0.11774743, -0.17828001,  0.14661884, -0.16992258, -0.06435557,
        0.02581612,  0.12057029, -0.02666607, -0.15372878, -0.05223708,
        0.06210421, -0.19602276, -0.02818068, -0.15637669, -0.06161007,
        0.11146315, -0.12268533,  0.01380573,  0.01093084,  0.14229983,
       -0.15630823,  0.06417562,  0.26290715, -0.03025916, -0.17734307,
       -0.09487594,  0.02867436, -0.02375535, -0.04617842,  0.12127528,
       -0.0791183 , -0.16425064, -0.09328282, -0.1774731 , -0.25262427,
        0.0530036 , -0.01433027, -0.14340876, -0.10630706, -0.00197475,
        0.13625214, -0.14223684,  0.02344249,  0.1575746 , -0.02994145,
        0.15203415,  0.01937151, -0.11167125,  0.06997739, -0.04938068,
        0.00651318, -0.09781446, -0.00154709, -0.19698232, -0.18080999,
        0.03773527,  0.07023348,  0.11057694, -0.0590246 ,  0.15554354,
       -0.07330117, -0.17273656, -0.03285354,  0.10987864, -0.1618093 ,
       -0.15484221,  0.0623409 ,  0.09444596, -0.14457989,  0.02975832,
       -0.02961566,  0.02463711, -0.12558116, -0.20893414, -0.14492519,
       -0.00333158,  0.04079665, -0.12083696, -0.12796141, -0.18960199,
       -0.01992414, -0.02426964,  0.01553731,  0.01862911,  0.23104814,
       -0.07515866,  0.10588387, -0.2265326 ,  0.12317717, -0.02053737],
      dtype=float32), 'decoder.4.weight': array([[ 0.3782778 , -0.14064188,  0.1585072 , ..., -0.32958737,
         0.2581261 , -0.02192516],
       [ 0.00511385, -0.2079122 , -0.33727732, ..., -0.03267069,
        -0.44090706,  0.3797258 ],
       [-0.06320712, -0.32168794,  0.14945272, ..., -0.02666568,
        -0.33956325,  0.3501208 ],
       ...,
       [-0.02788489, -0.1509774 ,  0.26450598, ..., -0.1906113 ,
         0.02351831, -0.21340801],
       [ 0.1958157 , -0.14631213,  0.17883572, ...,  0.29918844,
        -0.13108724,  0.17343652],
       [-0.34062135,  0.21870317, -0.00636567, ...,  0.10705647,
         0.07966232, -0.28549284]], dtype=float32), 'decoder.4.bias': array([-0.16900773,  0.20872457, -0.13063008, -0.2555331 , -0.04068793,
        0.3451203 , -0.37483886,  0.05099442, -0.20285176, -0.01858716,
       -0.43329456,  0.02866687, -0.20955509,  0.3003027 ,  0.06873394,
        0.14219517, -0.04992006, -0.17997603, -0.25765467,  0.2842302 ,
        0.24531908, -0.46131206,  0.36640838,  0.02294691, -0.37698486,
        0.02031681, -0.1887808 ,  0.37842754, -0.22939305, -0.34673855,
        0.19102214,  0.16414508,  0.29413095,  0.16859828, -0.22486696,
        0.16494183,  0.3702527 ,  0.1654142 , -0.10096758, -0.39886823,
       -0.17944892, -0.18136133, -0.31590047,  0.3289275 , -0.0939945 ,
        0.13872617, -0.2873919 , -0.180391  , -0.44406587, -0.0898101 ,
       -0.24356082, -0.3111345 ,  0.17392328, -0.12183387, -0.07028102,
       -0.13049096, -0.16686253,  0.36672384, -0.43041506, -0.3758319 ,
       -0.35697415, -0.28067818, -0.04506567,  0.2751077 , -0.27779487,
        0.2264797 ,  0.01136214, -0.3102297 , -0.17252605,  0.08328709,
        0.20022   ,  0.10251435, -0.20032859, -0.2817654 , -0.6153043 ,
        0.20736676, -0.03577902,  0.05946624, -0.15911144,  0.25780794,
        0.15108098,  0.21162277,  0.44025594, -0.05970016,  0.28461304,
       -0.47891018, -0.06283439,  0.14712697,  0.08223937, -0.21583085,
       -0.16511449,  0.20081313,  0.18215851,  0.2143006 ,  0.00487852,
       -0.41533455, -0.30724055,  0.28779355,  0.25733894, -0.18846865,
        0.27416894,  0.41920707,  0.412046  , -0.32644874, -0.20742998,
       -0.30641943, -0.09050183, -0.01958591,  0.19498862, -0.37180817,
       -0.35253173,  0.2978408 ,  0.51935065,  0.13431767, -0.4605783 ,
        0.2800804 ,  0.07545302,  0.37761688,  0.19701214, -0.40594393,
        0.04502912, -0.21619149, -0.06760234, -0.340002  ,  0.22617912,
       -0.03613088,  0.10358166, -0.244104  , -0.3524054 ,  0.19607982,
        0.24722776,  0.03293765, -0.33600435,  0.05669216, -0.46701092,
       -0.0945875 , -0.21506034, -0.09784408, -0.37794566, -0.12492172,
       -0.43941164, -0.3976904 ,  0.25030446, -0.33870396, -0.05142495,
       -0.17003739,  0.43653294, -0.32246724,  0.12208807,  0.02468806,
        0.04148574,  0.0216229 ,  0.25743365, -0.2756534 ,  0.23046711,
        0.05987749,  0.17573547,  0.15422961, -0.40017164,  0.22239514,
        0.06510277, -0.30463508, -0.06124124, -0.09935986, -0.44061303,
        0.58532166,  0.22036247,  0.36956125,  0.3661353 , -0.04478509,
        0.28404132, -0.18298395,  0.20766197, -0.31805623, -0.28848636,
       -0.16233589, -0.33000603,  0.08066684,  0.34788164, -0.27366674,
        0.20850073,  0.17319998,  0.30013335,  0.4285633 ,  0.19297649,
       -0.2865254 , -0.09124605,  0.03451189, -0.12959659,  0.22970192,
       -0.29032895,  0.11195991, -0.07920726,  0.33935302, -0.13306047,
        0.35786214, -0.12797458,  0.16339605, -0.16436622,  0.01415643,
        0.16248657,  0.517439  , -0.11897956, -0.30167124, -0.14071742,
       -0.16318357,  0.32018584,  0.12380379, -0.00852805, -0.0119516 ,
       -0.15220033,  0.33654532, -0.3891674 , -0.17494042,  0.07732634,
       -0.15079409, -0.33792654, -0.2514904 , -0.10566479,  0.19721702,
        0.39334399,  0.22897707,  0.10446436,  0.05982061, -0.4555037 ,
        0.5567577 ,  0.04460831, -0.3166524 ,  0.49867654,  0.01208716,
       -0.5005229 ,  0.00112967,  0.25183436,  0.4874297 ,  0.22982667,
       -0.00712479, -0.3181017 ,  0.13716756, -0.21334715,  0.06780244,
       -0.11307169, -0.02645398,  0.13011198, -0.395346  , -0.24918953,
        0.00706581,  0.09947599,  0.19569899,  0.3292489 ,  0.04729374,
       -0.35166526, -0.36956072, -0.39733687, -0.11709721, -0.290426  ,
       -0.30565593, -0.01170513, -0.01262324,  0.4894621 ,  0.08484705,
        0.3794976 ,  0.04238021,  0.1429983 ,  0.28886184, -0.22001064,
       -0.33275807, -0.3274415 , -0.38722587, -0.45704436,  0.08839558,
       -0.3212843 ,  0.27567768, -0.34871653,  0.40650237, -0.07562   ,
        0.5376281 , -0.08072376, -0.288415  ,  0.29252824,  0.14746034,
       -0.27347657,  0.21673808, -0.10706468,  0.1952961 ,  0.02941378,
        0.22547737,  0.26956144,  0.05231153,  0.34766594, -0.00120388,
        0.19632147, -0.17716931, -0.4049935 ,  0.06537452, -0.5358486 ,
        0.34674847,  0.11447885,  0.04575622,  0.15299478, -0.09057702,
       -0.01329715,  0.43044835, -0.2892826 , -0.15669823,  0.36140606,
        0.14961062,  0.30008897,  0.08578473, -0.18905805,  0.38959333,
        0.23642312, -0.5774132 , -0.3282295 , -0.17693731, -0.01622326,
        0.24551827, -0.14886142,  0.29311183, -0.27200168,  0.22280839,
        0.297952  ,  0.21814539,  0.14158276, -0.05928206, -0.19669792,
        0.11350383,  0.11650094,  0.20274986, -0.27466688, -0.27560964,
        0.40825891, -0.2796603 ,  0.25467974, -0.17359692, -0.45295396,
       -0.31598613,  0.38422197, -0.06873167, -0.46618715,  0.10152338,
        0.38838604, -0.32658017,  0.25265613, -0.20214935, -0.25417346,
        0.3197657 , -0.26362878,  0.01270568, -0.31049782, -0.05351611,
       -0.02508987, -0.10546738,  0.04717091,  0.05606426,  0.01427373,
       -0.22647375,  0.34482622, -0.326903  ,  0.34690928,  0.12026566,
       -0.4207045 ,  0.2025561 , -0.23203473,  0.44826224,  0.1821357 ,
        0.10751908, -0.22555165, -0.07999065,  0.3979907 ,  0.495291  ,
        0.19629768,  0.26535067,  0.09272183,  0.40307358, -0.26531583,
       -0.36029968,  0.23579885, -0.25649184,  0.26906124, -0.16450049,
        0.08032481, -0.29706252, -0.16554216, -0.30861294,  0.28609174,
       -0.289463  ,  0.3334182 ,  0.2974274 , -0.34826165,  0.29965335,
        0.18881656, -0.11776618, -0.32659063,  0.3309406 ,  0.06120722,
       -0.0096733 ,  0.20472592, -0.39261144, -0.43206537,  0.4462124 ,
       -0.20030902,  0.23664053,  0.41015077, -0.28657418,  0.24318762,
        0.02709094,  0.14140324,  0.2684139 , -0.159845  , -0.26529238,
       -0.15731479, -0.12919724, -0.30195376, -0.49877912, -0.45521215,
       -0.12391569,  0.30101725, -0.01827349,  0.2775962 ,  0.27782428,
       -0.08039524,  0.10970315, -0.23530528, -0.09821817,  0.22685273,
       -0.20473704,  0.3848779 , -0.0819735 , -0.28556874,  0.15910566,
       -0.17627877,  0.38830552, -0.02264941,  0.08672805, -0.31380057,
       -0.08239724,  0.2124029 , -0.10593352,  0.32469013,  0.21810317,
       -0.07039721, -0.21463846, -0.17890874, -0.22230065, -0.2664789 ,
        0.21150191,  0.16500089,  0.07629327, -0.00250002, -0.41717604,
       -0.1718469 ,  0.08803179, -0.04174739, -0.24140447, -0.3625348 ,
        0.22490944,  0.34852275, -0.24066755,  0.2063862 , -0.41916728,
       -0.07301316, -0.5076999 , -0.35563   ,  0.30724117, -0.1657068 ,
       -0.13514389, -0.16500676, -0.10403144, -0.04644419, -0.4440814 ,
        0.33846518, -0.46303624, -0.22022387,  0.26624286,  0.2650538 ,
        0.38981634,  0.14449018, -0.07033438,  0.09352156,  0.09770268,
        0.16564327,  0.20791623, -0.3279262 , -0.05611955, -0.44351384,
       -0.22882244, -0.38823494, -0.45077986, -0.466905  , -0.14259245,
       -0.38621578, -0.23291233,  0.30701157,  0.11147957,  0.05414207,
       -0.33951783, -0.36088344,  0.40844074,  0.29661024,  0.35234287],
      dtype=float32), 'decoder.6.weight': array([[ 0.28710926, -0.1202562 ,  0.660994  , ...,  0.7157913 ,
         0.74159527,  0.12940773],
       [-0.1449056 ,  0.16749533, -0.32826367, ...,  0.34252632,
         0.13152711,  0.10442182],
       [-0.343755  ,  0.40267184, -0.39967084, ..., -0.03615042,
         0.25714317, -0.13964692],
       ...,
       [ 0.05888589,  0.28004304,  0.26093945, ..., -0.20467612,
        -0.1941872 , -0.25856888],
       [-0.20827125, -0.1074588 , -0.33741912, ..., -0.29274032,
         0.31585062,  0.09912331],
       [ 0.20850365,  0.04893459, -0.40555027, ...,  0.00732402,
         0.11376446, -0.2083064 ]], dtype=float32), 'decoder.6.bias': array([-0.09663185, -0.115932  , -0.0869808 , ...,  0.06808097,
        0.32690176,  0.20865859], dtype=float32)}
[Time: 15.01.25 11:50:04] [Level: info] [State: aggregate] {'encoder.0.weight': array([[-0.12400539,  0.01450711,  0.02521736, ..., -0.09622687,
         0.07224789,  0.05240526],
       [ 0.02898562,  0.08289748,  0.07919385, ...,  0.0419112 ,
        -0.06202032,  0.12054869],
       [ 0.05532069, -0.05729777,  0.01583797, ..., -0.01048865,
        -0.08542802, -0.02713674],
       ...,
       [-0.0646083 ,  0.01782507,  0.01635033, ..., -0.02619256,
         0.02089837, -0.08981375],
       [ 0.02234375,  0.06956919, -0.03777656, ...,  0.13232477,
        -0.05808906,  0.08347088],
       [ 0.08333705,  0.09278093,  0.02694797, ...,  0.02938189,
         0.05974947,  0.02690791]], dtype=float32), 'encoder.0.bias': array([ 3.78910662e-03, -7.77963772e-02, -5.78633323e-02, -3.80703732e-02,
       -9.02285725e-02,  7.67110661e-03,  7.01365545e-02, -9.42706615e-02,
       -1.33805135e-02, -1.22985587e-01, -6.70709983e-02, -8.67493302e-02,
       -3.64663340e-02,  5.89166358e-02, -1.22005083e-01,  4.78601307e-02,
        9.15742517e-02, -1.36265859e-01,  1.53389350e-02,  9.31352451e-02,
        6.25924543e-02, -1.01077639e-01, -6.55864477e-02, -9.26117152e-02,
        1.91739481e-02, -1.00796342e-01, -1.39067352e-01, -4.14672494e-02,
        5.73164858e-02, -5.26449904e-02,  8.52917414e-03, -3.91568318e-02,
        7.16019198e-02, -9.50856805e-02, -8.56249630e-02, -8.76863003e-02,
       -1.11892015e-01,  6.36861054e-03, -6.22333493e-04,  5.61385453e-02,
       -9.60987713e-03, -6.36418909e-02,  4.58040982e-02,  5.23755066e-02,
        4.59483042e-02,  7.78505802e-02,  1.50487468e-01, -3.15960720e-02,
        5.34380786e-02, -8.46755728e-02, -1.30283445e-01,  2.21694559e-02,
        5.11666350e-02, -1.98854767e-02,  7.96081349e-02,  1.01099042e-02,
       -6.48767129e-02, -6.93375170e-02,  6.27136976e-02, -9.33562145e-02,
       -1.23038456e-01,  4.10072692e-02,  4.94027324e-02,  4.71824668e-02,
       -1.47570511e-02, -4.40959819e-02,  8.41583163e-02, -1.13486618e-01,
       -5.87874092e-02, -8.56572241e-02, -1.05221085e-02,  7.64560373e-03,
        4.37097922e-02, -3.99302691e-02, -5.57609014e-02,  4.61565219e-02,
       -9.73729417e-02, -1.31137520e-01, -8.96232277e-02,  5.18639907e-02,
        9.06689912e-02,  5.05792312e-02,  8.91984478e-02, -4.65304442e-02,
        6.95058256e-02, -1.26135439e-01, -2.73234257e-03, -4.98488173e-02,
       -6.17930442e-02,  4.56680208e-02, -4.49649766e-02,  6.95284158e-02,
       -1.69117413e-02, -1.10776732e-02,  4.91637476e-02,  6.93466291e-02,
        7.54080564e-02, -3.80085446e-02, -2.88147409e-03,  8.27765465e-02,
        4.91375849e-03,  3.56743974e-03, -1.17163353e-01, -1.32255971e-01,
       -9.97229367e-02,  1.92559920e-02, -5.68329766e-02, -7.79656246e-02,
        4.13048826e-02, -1.26205131e-01, -7.75275975e-02, -1.15282901e-01,
       -1.01151884e-01,  2.00578440e-02,  6.91023842e-02, -2.82451008e-02,
       -9.78690293e-03, -1.00344300e-01, -9.21012312e-02, -6.66738600e-02,
       -7.36696497e-02, -1.06904916e-01,  9.98615623e-02, -7.79665038e-02,
       -6.52394369e-02, -2.58795284e-02, -5.79266883e-02,  5.49184754e-02,
        3.98720726e-02, -6.95327744e-02,  4.06383537e-02,  6.59352168e-02,
       -1.30464882e-01,  1.11610807e-01, -1.15452902e-02, -7.77668655e-02,
       -1.34631008e-01, -4.64122072e-02, -8.23155232e-03,  3.33590736e-03,
        1.14456927e-02,  8.56570676e-02,  2.53576711e-02, -8.94679129e-02,
       -3.09140570e-02, -4.09510769e-02,  3.94314639e-02,  4.67472374e-02,
       -3.94114777e-02, -2.85407659e-02,  9.13879722e-02, -1.22240417e-01,
       -6.76493067e-03,  6.96855411e-02,  5.70631064e-02, -1.14595175e-01,
       -8.39431360e-02,  4.79449183e-02, -5.68850450e-02, -3.93421315e-02,
       -9.09528881e-02,  1.01810366e-01, -1.30888462e-01, -7.26041868e-02,
       -1.17192812e-01,  2.02038102e-02, -1.27414763e-01, -9.91079435e-02,
       -1.34542257e-01, -4.69349660e-02, -6.33141920e-02, -1.31507099e-01,
        2.17727143e-02, -2.04505622e-02, -1.05106287e-01,  8.82961005e-02,
        6.03818148e-02, -3.52472588e-02,  5.30161522e-02, -3.05372179e-02,
        1.58577673e-02,  1.25854565e-02, -6.46228297e-03, -1.42383590e-01,
        6.45658821e-02,  3.78201492e-02, -1.08885624e-01,  6.62197769e-02,
        7.64798224e-02,  6.98706880e-02, -8.13225359e-02,  1.31586492e-02,
       -1.38227299e-01, -6.20076507e-02, -1.77289099e-01, -1.44179016e-02,
       -5.23723140e-02, -7.05828220e-02, -6.62812144e-02, -4.04908359e-02,
       -4.16783802e-02,  1.01441845e-01,  2.86856350e-02, -1.26942828e-01,
        8.91613811e-02, -1.25666663e-01,  7.70177320e-02,  1.29117250e-01,
       -3.34371179e-02,  6.25987500e-02,  3.52316052e-02,  7.60971010e-02,
        3.18026394e-02, -9.66252983e-02, -1.01968102e-01, -8.84602070e-02,
       -7.85390195e-03, -9.59692821e-02, -8.42868611e-02, -5.59989884e-02,
        3.00710164e-02,  4.38377000e-02, -8.47314298e-02, -4.88439538e-02,
       -4.84893396e-02,  6.82984293e-02, -1.07163474e-01, -7.37334266e-02,
       -1.13377258e-01, -6.41953796e-02, -1.36311665e-01,  5.43066040e-02,
       -3.44624370e-02,  2.20387597e-02, -8.31317008e-02,  5.84314354e-02,
        1.15497820e-02,  7.20364451e-02,  1.35073498e-01, -6.15888163e-02,
        4.84890565e-02, -1.06526509e-01,  8.00712705e-02,  2.31489930e-02,
       -1.04316160e-01, -1.38996214e-01, -5.79813644e-02, -1.17876433e-01,
       -1.06535748e-01,  1.98463146e-02,  6.32099994e-03, -5.02320491e-02,
       -4.84618358e-04, -9.74610262e-03, -2.68931370e-02,  2.52364129e-02,
        3.72199155e-02, -1.36225075e-01,  5.66942841e-02,  9.18520391e-02,
        9.83835161e-02, -1.00585245e-01,  2.76142098e-02, -6.99448586e-02,
       -5.14684990e-02, -2.49484181e-02, -1.17733143e-01,  6.68295994e-02,
        4.97677512e-02, -9.46273506e-02,  8.03111121e-02, -1.18807867e-01,
        2.20865719e-02, -4.83198352e-02, -1.35137931e-01,  3.98148112e-02,
       -1.41094297e-01,  9.24082622e-02, -9.15384293e-02, -1.30411431e-01,
        8.20523873e-02,  6.17306568e-02,  2.11700909e-02, -1.51950121e-02,
       -1.35917142e-01,  6.72026500e-02, -8.61097127e-02,  5.66682704e-02,
        4.47134115e-03, -1.43851593e-01, -9.81336981e-02, -1.07499711e-01,
       -6.55156001e-02, -7.43315741e-02, -2.79219542e-02, -1.26739591e-01,
        8.31396952e-02, -8.17593113e-02,  5.75304329e-02, -9.53372195e-02,
        1.10834753e-02, -8.89105797e-02, -4.66563664e-02, -2.13378593e-02,
       -1.20799378e-01, -1.32088155e-01,  3.17019261e-02, -1.15570568e-01,
       -1.70282796e-02,  3.38978618e-02,  6.13085404e-02, -8.86235237e-02,
       -1.32480264e-01,  1.69450715e-02, -8.57416391e-02, -1.56905562e-01,
       -4.50307056e-02,  9.34609324e-02, -1.09662399e-01, -3.57950106e-02,
       -3.90681587e-02, -8.10857862e-02,  2.39588302e-02, -6.34873956e-02,
       -1.14039384e-01, -9.40971002e-02,  5.24804480e-02, -6.49916828e-02,
        3.12031601e-02,  8.13947842e-02, -3.01716812e-02,  4.47888449e-02,
       -5.97448871e-02,  1.00449748e-01, -1.52988341e-02,  2.34488081e-02,
       -1.10547757e-02, -6.67445436e-02,  8.15236568e-02,  1.95667595e-02,
       -1.19605221e-01,  7.24651143e-02, -5.67315519e-02,  4.76404689e-02,
       -4.47397269e-02,  7.35805258e-02,  9.13877860e-02,  2.06689863e-03,
       -9.40877944e-02,  2.06801612e-02, -1.23247169e-02,  4.82014418e-02,
       -9.03154016e-02, -2.33960655e-02, -1.13113448e-01, -5.59611991e-02,
        1.04829669e-02,  5.41626066e-02,  1.59031935e-02, -5.13210520e-02,
       -2.08676327e-02,  7.17927739e-02, -7.00818822e-02,  5.06096706e-02,
        5.60276806e-02, -6.17299192e-02,  6.08853027e-02,  7.00545460e-02,
       -5.43974601e-02, -1.17398947e-01, -5.07701635e-02, -2.06770804e-02,
       -6.87829033e-02,  4.77731153e-02,  6.81250691e-02,  6.88516125e-02,
       -1.47488806e-02, -2.68673003e-02, -7.56661519e-02, -7.13056847e-02,
       -9.55507010e-02,  6.04780987e-02,  4.23143245e-02, -3.46780717e-02,
       -5.06808311e-02, -3.99268530e-02, -1.34061277e-02,  7.54183382e-02,
       -1.07076988e-02, -1.50098145e-01, -6.69976994e-02,  2.92854086e-02,
       -1.03371674e-02, -3.75985983e-05,  3.35274003e-02,  7.76845887e-02,
        2.30738949e-02, -1.63363442e-01, -4.28654663e-02,  7.58865848e-02,
       -5.99850267e-02, -1.74875818e-02, -1.41075682e-02, -3.74978818e-02,
        3.09249628e-02, -6.79593068e-03,  3.53898969e-04,  8.60358626e-02,
        4.16019075e-02,  7.51671344e-02, -1.34611651e-01,  5.08401655e-02,
       -1.11727238e-01, -2.18972471e-02, -1.35665670e-01,  1.23324297e-01,
       -4.58929725e-02, -7.76787400e-02, -2.84440387e-02,  6.68875128e-02,
       -6.22019954e-02,  3.72285917e-02, -1.19266532e-01, -8.91921669e-02,
        4.09587845e-02,  5.54485694e-02, -3.82509045e-02, -1.39162436e-01,
        6.56505600e-02, -5.89821413e-02, -1.19792163e-01, -3.45869064e-02,
        1.58052128e-02, -2.00895518e-02, -1.12724163e-01, -1.11173376e-01,
        7.90179968e-02, -4.54040505e-02,  5.82990684e-02,  3.96462381e-02,
       -1.06228516e-01, -3.60308103e-02,  3.18472870e-02, -1.31928116e-01,
       -1.40341092e-02, -5.00441268e-02,  4.02134992e-02,  9.00076032e-02,
       -5.59203364e-02,  8.71450603e-02, -9.52483043e-02,  4.96998727e-02,
       -1.13107935e-01,  3.04084904e-02, -7.86831304e-02, -1.83618478e-02,
       -5.29471263e-02,  5.84799461e-02, -4.91197892e-02,  1.01447172e-01,
       -1.19861268e-01, -3.63341644e-02, -1.83689278e-02,  3.78700048e-02,
       -1.21752523e-01, -1.40308827e-01, -6.99327141e-02, -8.83646309e-02,
        6.77502388e-03, -1.16721638e-01, -9.99181941e-02,  4.48775366e-02,
       -1.05335236e-01, -1.18134409e-01,  2.30143704e-02, -4.90090512e-02,
       -6.30863458e-02, -8.57803598e-03, -1.17572121e-01, -4.13694717e-02,
        9.41766948e-02, -1.10628009e-01,  2.48569120e-02,  1.26114697e-04,
       -1.01251133e-01, -9.13548395e-02,  8.82501230e-02, -4.25163209e-02,
       -7.42011964e-02,  5.66454092e-03, -1.31793004e-02,  4.38136086e-02,
       -1.46446601e-02, -4.26378436e-02, -8.25779289e-02,  3.28002386e-02,
       -4.41084467e-02,  3.64231691e-02,  2.00720392e-02, -1.08668759e-01],
      dtype=float32), 'encoder.2.weight': array([[ 0.21413748, -0.21119449, -0.26778704, ...,  0.03422686,
         0.00712094, -0.36713007],
       [-0.20322293,  0.1751042 , -0.37621468, ...,  0.01376893,
         0.12018875, -0.24181354],
       [ 0.33964995,  0.2792987 ,  0.39109537, ...,  0.14578368,
         0.2516943 ,  0.19329543],
       ...,
       [ 0.0532388 ,  0.11269488, -0.3188789 , ..., -0.23279758,
         0.16881192,  0.06719928],
       [ 0.29773924,  0.0930948 ,  0.24416551, ...,  0.02721379,
         0.11379197,  0.11716741],
       [ 0.36691585, -0.39372927,  0.2851845 , ..., -0.09558558,
         0.0077696 , -0.28716952]], dtype=float32), 'encoder.2.bias': array([ 0.3018586 ,  0.21170896,  0.35682958, -0.23702   , -0.14161572,
       -0.4653559 , -0.1326164 ,  0.12817131, -0.29898405,  0.13262168,
        0.20134594, -0.3627123 , -0.19567794, -0.14599636,  0.1632769 ,
        0.2877265 , -0.13139246, -0.3668013 ,  0.22358625,  0.1647086 ,
       -0.20301959, -0.1757495 , -0.32017308, -0.11990489,  0.10152542,
        0.13408294, -0.05088976, -0.29691264, -0.34964842, -0.28993663,
       -0.22131473, -0.19269413,  0.14523004, -0.08849144, -0.01073985,
        0.28224325, -0.26536435, -0.13545616, -0.270129  ,  0.47893015,
       -0.28678912,  0.01319666,  0.20330347, -0.20645481, -0.04011276,
        0.18809748,  0.19710283,  0.01676624, -0.23229226, -0.19149852,
       -0.04611537, -0.04738943, -0.26584792, -0.07592817,  0.05064443,
       -0.32951495,  0.291489  , -0.38552228,  0.00351524,  0.22286804,
       -0.22018427,  0.32328758,  0.34812677,  0.02431322, -0.17894077,
       -0.07806231,  0.20044434,  0.38622457,  0.00254191, -0.3199342 ,
        0.35530686, -0.08026661, -0.27000317, -0.21028247,  0.31717232,
       -0.02334717, -0.18231972,  0.02839992,  0.2031752 ,  0.35518694,
       -0.44798112,  0.2511792 , -0.15060571,  0.26486742,  0.28127915,
       -0.30912784, -0.08327007, -0.20773439,  0.07822416,  0.15429628,
       -0.19321918,  0.40060744, -0.06384632, -0.21444085, -0.35747966,
        0.09771498,  0.2211457 ,  0.00453631, -0.27806145, -0.04591727,
        0.13796747,  0.18603295,  0.37785554, -0.24686918, -0.01379396,
        0.11108816,  0.32829362,  0.00744301,  0.04178409,  0.23685157,
        0.20453489, -0.0591227 , -0.43654352,  0.39343154,  0.3097103 ,
        0.2491501 , -0.19997197, -0.26471865, -0.03163539,  0.02561418,
        0.03668841,  0.01769949,  0.31533882, -0.03155102, -0.05434504,
        0.13115948, -0.35920498,  0.2724122 ,  0.17686872, -0.43567443,
        0.20218192, -0.21486418,  0.29612646, -0.34869972, -0.06668343,
        0.12245296,  0.16956368,  0.22142409,  0.14349751,  0.30669135,
        0.0284602 ,  0.12121811,  0.12447426, -0.01474704, -0.07280745,
       -0.3939533 , -0.02807828,  0.14735934, -0.23986526, -0.28867477,
       -0.05651313,  0.02799412, -0.19854738,  0.3500161 , -0.01217093,
       -0.42184898,  0.2033706 , -0.1768611 ,  0.3787406 , -0.15965012,
       -0.04288988, -0.46903262, -0.03650117, -0.11132727,  0.21211521,
       -0.12671566, -0.1242319 , -0.30885842,  0.18030097,  0.10794219,
       -0.3382788 ,  0.12010068,  0.23834482,  0.00728476, -0.1633135 ,
       -0.13476314, -0.15269662, -0.18243757,  0.01538195,  0.20733206,
        0.24631207, -0.04228009, -0.01935845, -0.41464987,  0.21801412,
       -0.07023434,  0.3023466 ,  0.14783832, -0.38394624, -0.37975973,
        0.2028556 ,  0.04852699,  0.1321506 ,  0.03221642, -0.19868018,
       -0.29872525, -0.05105713,  0.05471151,  0.051976  ,  0.08811051,
       -0.27745074, -0.24177559, -0.269389  , -0.03584806,  0.242419  ,
       -0.04895438,  0.02369428, -0.14072227, -0.26484263, -0.16474469,
        0.18353917,  0.0260709 ,  0.00113929,  0.31739122,  0.35628688,
       -0.444548  ,  0.28457773, -0.19160824, -0.37735242,  0.06559725,
       -0.37665704,  0.14902397,  0.15573193, -0.25958332, -0.28907847,
       -0.05565284,  0.10293255,  0.2979043 ,  0.17781794,  0.06915456,
        0.3064483 ,  0.2919916 ,  0.21461946, -0.41946614, -0.06901104,
        0.05939034,  0.08628376,  0.00771566, -0.30676097, -0.27792922,
        0.3033111 ,  0.25528532,  0.07048506,  0.11904164,  0.2961727 ,
        0.21369348,  0.16547804,  0.3608014 , -0.11204863, -0.27952397,
        0.04411653, -0.0418978 ,  0.3395713 ,  0.310213  , -0.10754967,
        0.04042982,  0.23917323, -0.18745507,  0.08504746, -0.11696155,
        0.02583655,  0.0070028 ,  0.02361644,  0.21234629, -0.08573578,
        0.31100518,  0.02467833,  0.00133513, -0.00404001,  0.01964506,
        0.3350927 , -0.4011438 , -0.30888876,  0.12531479, -0.10240423,
        0.31460118,  0.26129907, -0.43546018,  0.27648568,  0.07057893,
       -0.18466923, -0.19531237,  0.09272628, -0.23959714, -0.36723438,
        0.27250132,  0.26053154, -0.3899653 ,  0.232941  , -0.0897789 ,
       -0.41720057, -0.15358354,  0.30813208, -0.00327558, -0.14001654,
       -0.1452088 ,  0.155005  ,  0.39345047, -0.07580512,  0.07699863,
       -0.14964893,  0.27791682, -0.2975117 , -0.3679452 ,  0.20698273,
       -0.38737386,  0.05933763, -0.08330259, -0.38340622,  0.15327935,
       -0.18341225, -0.41957504, -0.44704095,  0.11166593,  0.21691966,
        0.1599362 ,  0.18643472, -0.1789589 ,  0.3532807 ,  0.05631239,
        0.43111193,  0.25133827, -0.19728509,  0.10018703,  0.08126713,
        0.25512296,  0.00561548, -0.00087884, -0.16056773, -0.29735464,
       -0.36034456,  0.14695267, -0.3565276 ,  0.09201349, -0.04621066,
        0.31851423, -0.04805361, -0.04226767,  0.21001002, -0.34905395,
        0.262903  , -0.21618429, -0.10100159,  0.13061014,  0.02738987,
        0.21820949, -0.19636293,  0.15008603,  0.21138453,  0.29112726,
        0.24856447, -0.2522966 ,  0.04442566, -0.19310321, -0.28366736,
       -0.25105843, -0.3110856 ,  0.09827092, -0.14174013, -0.0947754 ,
        0.17783378, -0.04790476, -0.19265239, -0.34071755, -0.3946829 ,
       -0.18240301,  0.00130732,  0.05545331, -0.1273968 , -0.40933123,
        0.15511578,  0.23125902, -0.12440293,  0.223973  ,  0.20871899,
        0.09751306,  0.14961877,  0.34924552, -0.28210366, -0.00595804,
       -0.24498506,  0.31585392,  0.15184954, -0.16881941,  0.3416568 ,
        0.23424563, -0.30904245,  0.28486356,  0.04575695, -0.26422662,
        0.29677317, -0.14328377,  0.29238823,  0.13244252,  0.2166527 ,
        0.11542358,  0.30807108, -0.4253442 , -0.22295138,  0.32414517,
       -0.05253341,  0.17841728,  0.2970671 ,  0.12532024, -0.14648755,
       -0.34801853,  0.13424918,  0.25373104,  0.15939732, -0.33843473,
        0.17929853,  0.11769886, -0.08317707,  0.08945511,  0.15310054,
       -0.34162846, -0.02816043, -0.09723355,  0.3302484 , -0.02165774,
        0.04790637, -0.04239006, -0.02824665,  0.20507383,  0.25568146,
        0.00916186,  0.25989112,  0.15044369, -0.12664288,  0.10793552,
       -0.38937405,  0.21367922, -0.01937777, -0.24425536,  0.0844869 ,
       -0.1465937 , -0.22375296,  0.00190667, -0.29066804, -0.03438804,
        0.38519326,  0.39342803,  0.3257848 , -0.04243848, -0.04603303,
       -0.35156402,  0.3381457 , -0.11323342, -0.30751675, -0.1268753 ,
        0.3076767 , -0.13689932, -0.05288376, -0.24970838,  0.03599445,
        0.01505078, -0.08898278, -0.14081731,  0.39091787, -0.36085162,
       -0.31926113,  0.14358981, -0.20179966,  0.39141086,  0.28876287,
        0.0028106 , -0.35264593,  0.1492632 ,  0.21223961, -0.19137886,
       -0.2753707 , -0.00301548,  0.21597901,  0.1538152 , -0.3855199 ,
       -0.04381241, -0.09847669, -0.38565433,  0.3856939 ,  0.31061473,
        0.3782948 , -0.06640509,  0.09244384,  0.1182833 ,  0.15045325,
       -0.4432521 , -0.30421183,  0.15365778, -0.16030434, -0.18262765,
       -0.4462658 ,  0.3396237 , -0.25319374,  0.44192603, -0.38146567,
        0.02663644, -0.3538866 ,  0.15096553,  0.1291113 , -0.35096538],
      dtype=float32), 'encoder.4.weight': array([[-0.27779296, -0.31797028, -0.32810017, ...,  0.3306492 ,
         0.1487925 , -0.24972424],
       [-0.01292749, -0.30813092, -0.42590204, ...,  0.24868624,
        -0.15003808, -0.24564257],
       [-0.05666293,  0.22713658,  0.16761887, ...,  0.38905394,
         0.3505829 ,  0.11989801],
       ...,
       [-0.39203364,  0.24715328,  0.20313942, ...,  0.29789624,
         0.23202606, -0.2876835 ],
       [ 0.09032648,  0.31552964, -0.20450763, ..., -0.36426032,
        -0.11045539, -0.0216701 ],
       [-0.3795151 ,  0.338083  , -0.35732535, ..., -0.17677382,
        -0.39760688, -0.33087975]], dtype=float32), 'encoder.4.bias': array([-0.34955522,  0.01074265,  0.39261988, ...,  0.28012475,
       -0.22108869, -0.3803323 ], dtype=float32), 'encoder.6.weight': array([[-0.0626119 , -0.13777958,  0.14129809, ...,  0.07654758,
         0.04852861, -0.09864984],
       [ 0.10933632,  0.12002125,  0.13376255, ..., -0.12562148,
         0.14027113,  0.15770361],
       [-0.1398177 , -0.10139016,  0.10234684, ...,  0.06534188,
        -0.08335984, -0.01027435],
       ...,
       [-0.10003232, -0.17833905, -0.0312722 , ..., -0.03492147,
         0.09717979, -0.01793286],
       [-0.11934964, -0.11022694, -0.25612095, ...,  0.18233018,
        -0.10543578,  0.14545858],
       [-0.09156822, -0.08629449, -0.08049407, ...,  0.02450121,
        -0.1554607 ,  0.14575917]], dtype=float32), 'encoder.6.bias': array([-5.2207123e-02, -6.4457608e-03,  9.2196658e-02,  5.6045063e-02,
       -1.0092049e-01, -5.3528894e-02, -1.4363477e-01, -8.9745544e-02,
        1.0675435e-01, -5.9084370e-05], dtype=float32), 'decoder.0.weight': array([[-1.2671895 ,  0.08867424, -0.6444996 , ...,  2.0026774 ,
         2.6496847 , -1.1318047 ],
       [-0.74548095, -0.45669603, -1.0698813 , ..., -1.8848099 ,
        -2.1257267 ,  2.507245  ],
       [-1.5968057 , -0.97059   ,  0.77104825, ..., -0.37945098,
        -1.3617002 ,  1.5173607 ],
       ...,
       [ 1.3060797 , -0.67285085,  2.1874046 , ...,  1.1706808 ,
        -1.1880047 ,  2.139763  ],
       [-2.673576  ,  0.26290995, -2.312265  , ..., -0.63784176,
        -1.3575841 , -2.7249148 ],
       [ 2.8080606 ,  2.8266206 ,  1.5705943 , ..., -1.1144449 ,
         0.6944776 , -0.02312318]], dtype=float32), 'decoder.0.bias': array([-2.8930907 , -0.7391596 ,  0.06384522, ...,  0.10114394,
       -0.51082563,  1.5648241 ], dtype=float32), 'decoder.2.weight': array([[ 0.1326181 ,  0.07868785, -0.14343143, ...,  0.11943823,
         0.07336637,  0.11660918],
       [ 0.01918029, -0.02360283, -0.06222356, ..., -0.08769979,
        -0.11952739,  0.06179379],
       [-0.03385159,  0.04597806, -0.16789934, ..., -0.11933418,
         0.07199975,  0.0751122 ],
       ...,
       [-0.14483273, -0.150901  ,  0.05880011, ...,  0.09846535,
        -0.15246037,  0.17862818],
       [-0.06655378, -0.20336485, -0.00760837, ..., -0.10357902,
         0.13909575,  0.05427828],
       [-0.23767762, -0.20186163,  0.06351975, ...,  0.01721806,
        -0.1402225 , -0.22511609]], dtype=float32), 'decoder.2.bias': array([ 5.56105152e-02, -1.22026242e-01, -1.28818482e-01,  5.18800877e-02,
       -7.37318769e-02, -2.15387315e-01, -8.46159011e-02,  2.31628343e-02,
        1.62082031e-01,  7.28533566e-02, -2.52601981e-01, -3.49912830e-02,
        1.10752424e-02,  1.54082432e-01,  3.22691463e-02,  2.79710465e-03,
       -7.99376443e-02, -1.71580374e-01,  8.87842476e-02,  4.74105473e-04,
        3.24834175e-02, -6.80104494e-02,  5.59659787e-02, -4.72059771e-02,
        1.58889554e-02,  1.43176913e-01, -2.04575360e-01, -1.51714142e-02,
       -1.91904098e-01, -1.35797545e-01,  1.26239389e-01, -1.81929246e-01,
        1.77362934e-01,  1.04176290e-01,  1.72308877e-01, -1.26537666e-01,
       -1.91430718e-01,  7.01790899e-02,  2.23018904e-03, -6.82326257e-02,
       -1.20969355e-01, -1.65024385e-01,  1.15546532e-01, -1.93536282e-01,
        3.33833396e-02,  1.10636391e-01,  1.06150312e-02, -6.41108081e-02,
       -1.92929924e-01,  1.31696120e-01,  1.14542753e-01, -1.55145541e-01,
       -4.26074415e-02,  1.10436954e-01, -1.71899974e-01, -1.95782125e-01,
       -1.31405205e-01, -7.12239277e-03,  4.55188230e-02, -3.49604227e-02,
       -1.84024408e-01,  1.60723656e-01,  1.62736885e-02,  3.21633592e-02,
       -1.69382870e-01, -2.01158166e-01,  5.73316328e-02, -1.20625302e-01,
       -1.18385434e-01,  1.20569386e-01,  2.40946278e-01,  6.74295612e-03,
        7.58867413e-02, -3.40174660e-02,  9.87916738e-02, -6.99727461e-02,
       -2.19736695e-01, -2.25541189e-01,  1.71597853e-01,  1.32068634e-01,
        1.28490537e-01, -1.71650320e-01, -2.25824833e-01, -1.85535297e-01,
        1.08756468e-01, -1.98626816e-01,  4.90023568e-02,  4.81566004e-02,
       -1.48363039e-02, -3.19488570e-02,  5.31582497e-02,  8.25055689e-02,
        1.00786798e-01, -1.94684163e-01, -1.26604050e-01, -1.85070738e-01,
       -1.48681432e-01,  1.12021059e-01, -9.57485065e-02, -1.63872644e-01,
       -7.94849247e-02,  1.37622922e-03, -9.60475057e-02, -1.79121912e-01,
       -4.46557403e-02, -2.05532327e-01,  9.50540453e-02, -3.53245735e-02,
       -8.28787535e-02, -7.00634792e-02,  1.70541909e-02,  7.89974034e-02,
       -1.49065346e-01, -2.09707782e-01, -5.45341671e-02, -9.27438959e-02,
       -1.35870844e-01,  7.57301226e-02, -2.13143557e-01, -2.00846985e-01,
        1.42012849e-01,  1.88070700e-01,  1.62748635e-01, -1.38008639e-01,
        1.85567200e-01,  3.56240720e-02, -1.95267662e-01, -1.33287534e-01,
        1.62565321e-01,  6.02808371e-02,  1.60178304e-01, -1.91130489e-01,
        1.68664325e-02,  1.55389726e-01, -9.39058438e-02,  1.59862265e-01,
        2.76152790e-02, -7.94611499e-02, -1.94666430e-01, -1.71998262e-01,
        1.96540952e-01,  1.40517980e-01, -2.03452021e-01, -5.73827885e-02,
        4.07277755e-02,  1.72154084e-01,  1.09696105e-01,  4.88493331e-02,
        1.24782562e-01, -1.25694975e-01, -2.09417641e-01, -5.17188571e-02,
        1.70129001e-01, -1.22388743e-01, -1.58062041e-01,  1.57946534e-02,
       -1.49571940e-01, -7.03691691e-02, -1.88920498e-01,  2.17819568e-02,
       -9.32340920e-02,  1.48739144e-01,  1.06363513e-01, -3.81138846e-02,
        7.23813251e-02,  1.50913134e-01, -1.49466082e-01,  2.10767582e-01,
        1.86591260e-02,  1.52475134e-01,  2.04121768e-02, -1.77102741e-02,
        9.71608758e-02,  6.96979975e-03, -1.46715224e-01, -2.07108185e-01,
        8.60566124e-02,  8.01199675e-02, -1.45372882e-01,  1.12787269e-01,
        6.47133682e-03, -2.09879011e-01,  1.59612209e-01, -3.72886918e-02,
       -2.18025133e-01,  1.04136802e-01, -2.07656860e-01, -1.30849063e-01,
       -6.44449750e-03, -1.95423424e-01, -1.14398986e-01, -1.94649085e-01,
       -2.21053168e-01, -1.72197521e-01,  2.87004258e-03, -1.54794976e-01,
       -6.31614123e-03,  1.01317018e-01,  9.14871693e-03, -1.78573847e-01,
       -2.19732195e-01, -1.49437767e-02,  1.77302003e-01,  6.00278638e-02,
       -1.89285025e-01, -8.32541138e-02, -7.31980652e-02, -1.43438935e-01,
       -3.49203162e-02, -4.47728345e-03, -2.12826878e-01,  4.91715483e-02,
       -9.81740803e-02, -1.82229131e-01, -7.51523152e-02, -2.14281484e-01,
       -1.31202698e-01,  1.63019583e-01, -4.84401844e-02, -1.07789814e-01,
       -1.36063948e-01, -1.01747131e-02, -1.07275978e-01,  1.67780787e-01,
       -1.71792865e-01,  6.97568282e-02, -2.01512098e-01, -1.29769430e-01,
        7.74822384e-02, -2.00288549e-01, -1.67559963e-02,  3.60795856e-02,
       -9.42798555e-02, -1.71079323e-01, -1.81714371e-01,  6.48588166e-02,
       -1.14981636e-01, -1.03528172e-01, -1.22780748e-01, -1.40316978e-01,
       -1.87610105e-01,  3.47327851e-02, -2.30449811e-01, -1.29167691e-01,
        1.07609905e-01,  2.01778114e-02, -5.71445096e-03,  8.41479972e-02,
        1.75341085e-01, -1.17513247e-01, -2.19172090e-02, -1.36052608e-01,
       -4.12943168e-03, -1.41930357e-02,  1.07373588e-01,  1.41102895e-01,
       -6.71542138e-02, -2.06501424e-01, -1.59015909e-01, -1.67864293e-01,
        3.48988250e-02, -4.43901122e-02, -1.30842961e-02, -9.32915062e-02,
       -1.75691649e-01, -7.56302103e-02,  2.33418378e-03, -2.67317444e-02,
       -1.43709734e-01, -7.18857199e-02,  7.32934028e-02, -1.98962227e-01,
        1.01253487e-01, -2.02027768e-01,  5.88716827e-02,  7.43902400e-02,
        1.25708198e-02, -1.37013465e-01, -7.41271153e-02,  9.44282208e-03,
       -1.61077976e-02,  1.12235159e-01, -5.33220009e-05,  1.49974480e-01,
        7.88958818e-02,  1.27800494e-01, -2.28861988e-01,  1.22480825e-01,
       -2.15311632e-01, -7.92671402e-04, -7.85181522e-02,  6.17260560e-02,
       -1.50465921e-01, -6.87895194e-02, -5.63016869e-02, -1.36154041e-01,
       -1.40703306e-01, -1.80604607e-01, -1.23376831e-01,  5.36968485e-02,
       -1.94844082e-01, -6.76640421e-02,  1.12660520e-01,  9.70711336e-02,
       -9.03192721e-03, -1.62784576e-01,  6.61065578e-02, -8.90035033e-02,
        6.92649633e-02,  1.18142948e-01,  1.58351436e-01, -1.80527195e-01,
       -1.17642529e-01,  1.58144999e-02, -5.27643971e-02, -1.25317231e-01,
        1.23583838e-01,  5.87350875e-03,  5.46983741e-02, -2.85209306e-02,
       -8.29018354e-02, -1.45166516e-01, -8.39662328e-02, -1.15431525e-01,
       -5.67625053e-02, -4.86869738e-02, -2.22366095e-01,  1.52905732e-01,
       -2.00738713e-01, -7.62634771e-03, -1.98088929e-01, -1.31562904e-01,
       -1.36827782e-01, -4.68866937e-02, -1.00375339e-01,  1.50838956e-01,
        1.28947586e-01,  4.57249098e-02, -6.78942874e-02, -1.19081348e-01,
       -1.04446359e-01, -2.23901778e-01,  1.07546616e-02, -1.51140839e-01,
       -2.79925168e-02, -6.42397851e-02, -2.24220052e-01, -2.48837933e-01,
       -4.87565249e-02, -2.25304902e-01,  8.40487145e-03, -1.42950624e-01,
       -1.85656901e-02,  3.24945673e-02,  5.93923517e-02,  3.12932245e-02,
        1.39665619e-01, -1.41930178e-01, -2.36763850e-01, -3.74143049e-02,
       -9.23843011e-02, -1.27615511e-01,  1.51745200e-01, -4.58395574e-03,
        1.42462075e-01,  1.16892591e-01, -2.13165373e-01,  5.78143857e-02,
       -5.79684936e-02, -1.51739970e-01,  1.71171889e-01, -3.38365957e-02,
       -1.52386621e-01, -1.53215200e-01, -1.02690071e-01, -5.88292116e-03,
       -6.94235414e-02,  1.22894630e-01, -1.17087141e-01,  7.44643807e-02,
       -1.55261233e-01, -8.62786025e-02, -9.95341688e-02, -8.67915824e-02,
       -9.33713242e-02, -1.97667196e-01, -1.22161753e-01, -9.24985930e-02,
        1.37338296e-01,  2.85583790e-02, -6.86909854e-02,  6.46017492e-02,
        1.73062876e-01, -1.77266523e-01,  2.62699891e-02,  7.32715055e-02,
        4.08787318e-02,  1.00766823e-01,  4.53141443e-02,  7.67259812e-03,
       -1.34789437e-01,  1.17119201e-01, -1.67975143e-01,  1.73472568e-01,
        1.28618658e-01,  9.78214964e-02, -8.40455145e-02, -1.37170538e-01,
        1.75906956e-01, -1.82124555e-01, -1.17747433e-01, -1.78280011e-01,
        1.46618843e-01, -1.69922501e-01, -6.43555969e-02,  2.58161929e-02,
        1.20570287e-01, -2.66659968e-02, -1.53214276e-01, -5.22370860e-02,
        6.21042140e-02, -1.96022779e-01, -2.81807370e-02, -1.56893551e-01,
       -6.16100691e-02,  1.11462720e-01, -1.22685328e-01,  1.38057237e-02,
        1.09309722e-02,  1.42817706e-01, -1.56312436e-01,  6.41756356e-02,
        2.62907863e-01, -3.02591566e-02, -1.77343115e-01, -9.48759764e-02,
        2.86743604e-02, -2.37553474e-02, -4.61783931e-02,  1.22311108e-01,
       -7.91183636e-02, -1.64250642e-01, -9.32828188e-02, -1.77473098e-01,
       -2.52106398e-01,  5.30035682e-02, -1.43302735e-02, -1.43408760e-01,
       -1.06307060e-01, -1.97474915e-03,  1.36252135e-01, -1.42236844e-01,
        2.34424900e-02,  1.57573909e-01, -2.99414732e-02,  1.52034149e-01,
        1.93671007e-02, -1.11671336e-01,  6.99773431e-02, -4.93838452e-02,
        6.51346752e-03, -9.78144556e-02, -1.54708605e-03, -1.96982324e-01,
       -1.80810079e-01,  3.77352834e-02,  7.02334866e-02,  1.10576935e-01,
       -5.90253733e-02,  1.55543506e-01, -7.27853179e-02, -1.72736555e-01,
       -3.28535959e-02,  1.09878644e-01, -1.61809221e-01, -1.54842213e-01,
        6.23408966e-02,  9.44459587e-02, -1.44579336e-01,  2.97582820e-02,
       -2.96156444e-02,  2.46371068e-02, -1.25581160e-01, -2.08934143e-01,
       -1.44925252e-01, -3.33097484e-03,  4.07951176e-02, -1.20836958e-01,
       -1.27959415e-01, -1.89601988e-01, -1.99241396e-02, -2.42694449e-02,
        1.55371614e-02,  1.86291356e-02,  2.31048182e-01, -7.51586556e-02,
        1.05883859e-01, -2.26532593e-01,  1.23177119e-01, -2.05375608e-02],
      dtype=float32), 'decoder.4.weight': array([[ 0.3782778 , -0.14064188,  0.15850727, ..., -0.32958737,
         0.2581262 , -0.02192508],
       [ 0.00511384, -0.20791788, -0.33727732, ..., -0.03267075,
        -0.4409071 ,  0.3797258 ],
       [-0.06320712, -0.32168582,  0.14945269, ..., -0.02666566,
        -0.33956325,  0.35012195],
       ...,
       [-0.0278849 , -0.15097506,  0.264506  , ..., -0.19061127,
         0.02351831, -0.21340728],
       [ 0.1958157 , -0.14630936,  0.17883572, ...,  0.29918846,
        -0.13108727,  0.17343646],
       [-0.34062093,  0.21969844, -0.00636567, ...,  0.10705686,
         0.07966254, -0.28549263]], dtype=float32), 'decoder.4.bias': array([-0.16312572,  0.17110692, -0.12919958, -0.2545054 , -0.04068781,
        0.48244578, -0.3748386 ,  0.05095847, -0.1995488 , -0.01810111,
       -0.4320943 ,  0.02886518, -0.20955998,  0.3003458 ,  0.06880751,
        0.11854633, -0.04974082, -0.17997603, -0.26221615,  0.2835809 ,
        0.24534918, -0.46150583,  0.3207413 ,  0.02334518, -0.37698486,
        0.02157171, -0.18890148,  0.37857586, -0.23026887, -0.34673858,
        0.20121387,  0.16512378,  0.4014682 ,  0.17043062, -0.22486633,
        0.16588838,  0.37602133,  0.16574302, -0.10096754, -0.39886814,
       -0.17944852, -0.18235017, -0.31590065,  0.32843044, -0.0898658 ,
        0.29438698, -0.2867294 , -0.17987356, -0.44406635, -0.08929437,
       -0.24356084, -0.31113455,  0.17956428, -0.12183595, -0.0702784 ,
       -0.13049108, -0.166862  ,  0.3191565 , -0.4304152 , -0.3758282 ,
       -0.35648578, -0.2806785 , -0.04506481,  0.2752741 , -0.2777949 ,
        0.2200907 ,  0.01314246, -0.31022632, -0.1725262 ,  0.08702742,
        0.20024964,  0.10267224, -0.20032859, -0.295656  , -0.6147337 ,
        0.19953837, -0.03577662,  0.06206752, -0.15911059,  0.50014454,
        0.15129699,  0.21164607,  0.43767568, -0.05970037,  0.29126891,
       -0.47942728, -0.06298671,  0.14738382,  0.08136885, -0.21195282,
       -0.16762066,  0.20078693,  0.19548126,  0.21442871,  0.0035386 ,
       -0.4153348 , -0.30724055,  0.3116998 ,  0.25841925, -0.1884339 ,
        0.27010602,  0.42279622,  0.41367486, -0.32696658, -0.20742874,
       -0.30641943, -0.09050087, -0.01958783,  0.19502036, -0.37556347,
       -0.3525323 ,  0.43415987,  0.6313823 ,  0.11471889, -0.46057844,
        0.2809014 ,  0.08577859,  0.3778128 ,  0.31341034, -0.4060831 ,
        0.04530628, -0.21619129, -0.06759939, -0.34000355,  0.22585702,
       -0.03696407,  0.15819947, -0.24410392, -0.3524093 ,  0.1537414 ,
        0.24749324,  0.03294136, -0.3360015 ,  0.05569892, -0.46701077,
       -0.09458749, -0.2150604 , -0.0850827 , -0.37799576, -0.12486218,
       -0.43750077, -0.39769033,  0.3727298 , -0.3387042 , -0.05136359,
       -0.17002423,  0.43662128, -0.32246253,  0.12233812,  0.02438021,
        0.04196401,  0.02163598,  0.25740996, -0.27565247,  0.20921634,
        0.05719364,  0.1759867 ,  0.15471618, -0.4001204 ,  0.28953615,
        0.06489771, -0.3046247 , -0.06124124, -0.09832361, -0.44061148,
        0.55670893,  0.19459143,  0.36964884,  0.36619955, -0.04478509,
        0.2841367 , -0.1829846 ,  0.21200779, -0.31805584, -0.28848737,
       -0.16233632, -0.3300086 ,  0.0805383 ,  0.35012215, -0.27366653,
        0.20855808,  0.17725667,  0.30322537,  0.27912486,  0.15700825,
       -0.28652522, -0.09127901,  0.03265879, -0.12959659,  0.22968966,
       -0.29032797,  0.13264838, -0.07921504,  0.3462814 , -0.1330606 ,
        0.35928467, -0.12797827,  0.16168478, -0.16370453,  0.01416434,
        0.16368693,  0.47669458, -0.11895989, -0.30109504, -0.14071575,
       -0.13952696,  0.33432752,  0.15541027, -0.00876161, -0.0118211 ,
       -0.15220252,  0.3366986 , -0.3861123 , -0.17494036,  0.08732491,
       -0.16460463, -0.33895862, -0.25389183, -0.10567804,  0.1972058 ,
        0.38983807,  0.22793639,  0.10672557,  0.16541173, -0.45550328,
        0.5507837 ,  0.04549992, -0.31665152,  0.6133459 ,  0.0113779 ,
       -0.50052315,  0.00111883,  0.24970181,  0.49918374,  0.22924814,
       -0.00664759, -0.31450588,  0.13819757, -0.21335036,  0.05254432,
       -0.11307192, -0.02645413,  0.15383936, -0.39534602, -0.24918899,
        0.13909988,  0.09450136,  0.19677015,  0.3288963 ,  0.05859815,
       -0.35166496, -0.38343817, -0.39733183, -0.11709897, -0.290426  ,
       -0.3056558 , -0.01118194, -0.01155032,  0.3101332 ,  0.0897504 ,
        0.38478404,  0.19919746,  0.14297798,  0.28920618, -0.23155142,
       -0.33275807, -0.3274402 , -0.38722846, -0.4506061 ,  0.08876174,
       -0.3210093 ,  0.27578762, -0.34871656,  0.4066993 , -0.07562027,
        0.5350537 , -0.08097686, -0.28844377,  0.28687105,  0.14808734,
       -0.27238497,  0.21576473, -0.10648637,  0.19615681,  0.04562624,
        0.22540066,  0.26961118,  0.05254823,  0.34660146, -0.00124495,
        0.19712691, -0.17719595, -0.40499273,  0.06534165, -0.5358489 ,
        0.35453492,  0.11525638,  0.04538147,  0.15309718, -0.09057671,
       -0.01323917,  0.42335132, -0.2893476 , -0.14310607,  0.361562  ,
        0.150142  ,  0.30022192,  0.08044195, -0.18905805,  0.39911827,
        0.23586325, -0.57741326, -0.3282279 , -0.19082274, -0.01590453,
        0.24554074, -0.14886263,  0.29319763, -0.28585836,  0.22295207,
        0.3632201 ,  0.21834418,  0.1416151 , -0.05928056, -0.19721952,
        0.1137571 ,  0.11996786,  0.20217025, -0.27466774, -0.27610204,
        0.44776577, -0.27966025,  0.25579077, -0.17359875, -0.4494536 ,
       -0.31598622,  0.39566198, -0.06873165, -0.4661875 ,  0.10398169,
        0.3891763 , -0.32658044,  0.2516223 , -0.20214948, -0.24918205,
        0.3157315 , -0.25654617,  0.01218435, -0.31049803, -0.05351858,
       -0.02508989, -0.09841388,  0.04392768,  0.0337435 ,  0.01375044,
       -0.22647324,  0.34554145, -0.32690218,  0.34690797,  0.12012628,
       -0.42033896,  0.2032678 , -0.23203549,  0.41540524,  0.18423669,
        0.10798977, -0.22444893, -0.0799911 ,  0.3989471 ,  0.5022404 ,
        0.19950522,  0.27429038,  0.1069553 ,  0.394723  , -0.26531583,
       -0.34647706,  0.23445016, -0.25649214,  0.49200696, -0.16447923,
        0.07980057, -0.29699516, -0.1656676 , -0.30861273,  0.2859279 ,
       -0.28087494,  0.34011304,  0.30623215, -0.34826142,  0.29980204,
        0.12803063, -0.11776672, -0.32659128,  0.35003364,  0.06166518,
       -0.00962626,  0.23432086, -0.39261144, -0.4320657 ,  0.46952468,
       -0.20031102,  0.2433046 ,  0.40375346, -0.28649294,  0.24298288,
        0.08703379,  0.141507  ,  0.26764607, -0.16036296, -0.26529232,
       -0.15731478, -0.12919605, -0.30552718, -0.49877924, -0.4552119 ,
       -0.12379567,  0.31596437, -0.01827058,  0.2815553 ,  0.27874753,
       -0.08039555,  0.02712193, -0.23530304, -0.09538822,  0.22765888,
       -0.20473768,  0.3850266 , -0.0819868 , -0.28555396,  0.15936778,
       -0.17869376,  0.38899544, -0.02265068,  0.08670254, -0.31380057,
       -0.08361367,  0.3343288 , -0.10593349,  0.324021  ,  0.24120405,
       -0.07007904, -0.21463828, -0.17890932, -0.22230075, -0.26647958,
        0.21385744,  0.37287074,  0.0763314 , -0.01677825, -0.41685188,
       -0.17170173,  0.09297062, -0.04151715, -0.24104801, -0.36253333,
        0.22512138,  0.40471846, -0.24066758,  0.20677035, -0.41916737,
       -0.07301295, -0.5076997 , -0.3558027 ,  0.3073274 , -0.165711  ,
       -0.13116325, -0.16500613, -0.10062737, -0.04644657, -0.44051808,
        0.05400103, -0.46303648, -0.2479868 ,  0.26663503,  0.264924  ,
        0.40449497,  0.14393985, -0.07033548,  0.09920356,  0.110673  ,
        0.16567387,  0.20537002, -0.32792604, -0.05611973, -0.44351405,
       -0.22933966, -0.38308144, -0.45078003, -0.46690524, -0.14259636,
       -0.38515136, -0.2329123 ,  0.30722898,  0.11194141,  0.05407413,
       -0.33951765, -0.36088356,  0.40854585,  0.28210816,  0.34573653],
      dtype=float32), 'decoder.6.weight': array([[ 0.28762135, -0.10935626,  0.6609554 , ...,  0.71578324,
         0.7424662 ,  0.12929563],
       [-0.1435409 ,  0.167471  , -0.32843646, ...,  0.34252897,
         0.1328152 ,  0.10442115],
       [-0.34286293,  0.4026348 , -0.3994773 , ..., -0.03503769,
         0.25622305, -0.13964663],
       ...,
       [ 0.05634979,  0.28065273,  0.26135597, ..., -0.20467602,
        -0.19448237, -0.2585639 ],
       [-0.20488943, -0.1055914 , -0.33740047, ..., -0.29289734,
         0.31828618,  0.09911776],
       [ 0.21024196,  0.04888866, -0.4057792 , ...,  0.00732634,
         0.11449732, -0.20830874]], dtype=float32), 'decoder.6.bias': array([-0.09560066, -0.11413769, -0.08705106, ...,  0.06677376,
        0.3311536 ,  0.21154362], dtype=float32)}
[Time: 15.01.25 11:50:05] [Level: info] [State: aggregate] {'encoder.0.weight': array([[-0.3715003 ,  0.04303505,  0.07518128, ..., -0.28915408,
         0.21723044,  0.15674758],
       [ 0.08695678,  0.24868438,  0.2375815 , ...,  0.1257641 ,
        -0.18811674,  0.361651  ],
       [ 0.1659621 , -0.17191029,  0.04750898, ..., -0.03147019,
        -0.25628102, -0.08141503],
       ...,
       [-0.1938223 ,  0.05427562,  0.04994014, ..., -0.07860781,
         0.06273409, -0.2704603 ],
       [ 0.06703095,  0.20878409, -0.11130302, ...,  0.39808923,
        -0.17532644,  0.2504259 ],
       [ 0.24897526,  0.2803812 ,  0.07988432, ...,  0.08918115,
         0.17822269,  0.08175746]], dtype=float32), 'encoder.0.bias': array([ 1.18398769e-02, -2.33416319e-01, -1.73586100e-01, -1.14643447e-01,
       -2.72747040e-01,  2.30127759e-02,  2.10412383e-01, -2.82883048e-01,
       -4.01570126e-02, -3.67926806e-01, -2.01205999e-01, -2.61114597e-01,
       -1.08374715e-01,  1.76750347e-01, -3.66143316e-01,  1.45638883e-01,
        2.73639560e-01, -4.07763541e-01,  4.62951437e-02,  2.79424220e-01,
        1.86701238e-01, -3.04316491e-01, -1.96695507e-01, -2.78837800e-01,
        5.54830953e-02, -3.02385718e-01, -4.18203443e-01, -1.24403700e-01,
        1.69915885e-01, -1.57428116e-01,  2.65108682e-02, -1.18478708e-01,
        2.14718938e-01, -2.84251809e-01, -2.56853908e-01, -2.63634115e-01,
       -3.35710347e-01,  1.89904608e-02,  1.15481322e-04,  1.69451654e-01,
       -2.87135094e-02, -1.90951154e-01,  1.39474303e-01,  1.57130271e-01,
        1.37838244e-01,  2.33557105e-01,  4.61050987e-01, -9.47967321e-02,
        1.60234049e-01, -2.54000992e-01, -3.89838248e-01,  6.65009767e-02,
        1.53501198e-01, -6.05341680e-02,  2.36762464e-01,  3.03282887e-02,
       -1.95537776e-01, -2.08029494e-01,  1.87120646e-01, -2.82133460e-01,
       -3.70085478e-01,  1.24050781e-01,  1.49233341e-01,  1.41538277e-01,
       -4.34906818e-02, -1.32289678e-01,  2.51416564e-01, -3.40866625e-01,
       -1.77381471e-01, -2.57659286e-01, -3.15699354e-02,  2.26452928e-02,
        1.32111073e-01, -1.31439760e-01, -1.67285293e-01,  1.18055239e-01,
       -2.92190880e-01, -3.91384929e-01, -2.68863022e-01,  1.55588984e-01,
        2.71273941e-01,  1.54051334e-01,  2.67516285e-01, -1.39595538e-01,
        2.08521828e-01, -3.78419459e-01, -8.20244290e-03, -1.50580287e-01,
       -1.85857654e-01,  1.37002051e-01, -1.35709941e-01,  2.09346280e-01,
       -5.02557717e-02, -3.32316011e-02,  1.47607997e-01,  2.08053559e-01,
        2.11059421e-01, -1.14021599e-01, -7.66104180e-03,  2.48806298e-01,
        1.47355255e-02,  9.81390569e-03, -3.51490587e-01, -3.98809195e-01,
       -2.99178720e-01,  5.57021536e-02, -1.69440031e-01, -2.31835365e-01,
        1.21852994e-01, -3.78611743e-01, -2.31788263e-01, -3.45614403e-01,
       -3.05471063e-01,  5.91484085e-02,  2.07295358e-01, -8.38824436e-02,
       -2.93562040e-02, -3.00069183e-01, -2.76308775e-01, -2.00006798e-01,
       -2.21810132e-01, -3.20719600e-01,  2.97581553e-01, -2.33479083e-01,
       -1.96791291e-01, -7.76314437e-02, -1.72742784e-01,  1.64756939e-01,
        1.19657509e-01, -2.09610254e-01,  1.21918216e-01,  1.98459387e-01,
       -3.91459614e-01,  3.54617149e-01, -3.46369669e-02, -2.33397067e-01,
       -4.04897898e-01, -1.38462692e-01, -2.53432970e-02,  1.00461422e-02,
        3.44570503e-02,  2.57459760e-01,  7.80529529e-02, -2.69150972e-01,
       -9.31761712e-02, -1.21824205e-01,  1.18284807e-01,  1.40257582e-01,
       -1.17139503e-01, -8.56649578e-02,  2.73213089e-01, -3.66406053e-01,
       -2.03020126e-02,  2.09030360e-01,  1.71203256e-01, -3.42599958e-01,
       -2.50838667e-01,  1.43832296e-01, -1.86384186e-01, -1.54544488e-01,
       -2.70805240e-01,  3.05641472e-01, -3.93699646e-01, -2.15769082e-01,
       -3.51789713e-01,  6.05323128e-02, -3.81235242e-01, -2.97323853e-01,
       -4.03626114e-01, -1.41806930e-01, -1.90002054e-01, -3.94463718e-01,
        7.75487572e-02, -6.03181124e-02, -3.16345453e-01,  2.65347600e-01,
        1.81137472e-01, -1.05743669e-01,  1.59088477e-01, -9.10418332e-02,
        4.71024774e-02,  3.87087129e-02, -1.91906374e-02, -4.27262425e-01,
        1.93696827e-01,  1.13956779e-01, -3.26672673e-01,  1.98663786e-01,
        2.28544652e-01,  2.09633768e-01, -2.43967578e-01,  3.94690707e-02,
       -4.14682925e-01, -1.86028138e-01, -5.31857014e-01, -4.22848165e-02,
       -1.69495791e-01, -2.11756155e-01, -1.98882297e-01, -1.21426776e-01,
       -1.25037700e-01,  3.04264754e-01,  8.69880691e-02, -3.80251884e-01,
        2.68484950e-01, -3.78030121e-01,  2.31053233e-01,  3.32580924e-01,
       -9.98323560e-02,  1.87803164e-01,  1.05746686e-01,  2.28296041e-01,
        9.54138488e-02, -2.90956318e-01, -3.06862593e-01, -2.65403330e-01,
       -2.25546919e-02, -2.89974511e-01, -2.52866507e-01, -1.65930808e-01,
        8.92398506e-02,  1.29546493e-01, -2.54393101e-01, -1.46523118e-01,
       -1.44632250e-01,  2.04829842e-01, -3.21202040e-01, -2.22068727e-01,
       -3.12639892e-01, -1.91647068e-01, -4.08908963e-01,  1.63960859e-01,
       -1.04281530e-01,  4.75486293e-02, -2.49398082e-01,  1.77276522e-01,
        3.36376131e-02,  2.00805992e-01,  4.21446502e-01, -2.02867419e-01,
        1.47528023e-01, -3.18704784e-01,  2.40205675e-01,  6.98763579e-02,
       -3.13992143e-01, -4.19033229e-01, -1.73948497e-01, -3.52481306e-01,
       -3.17668468e-01,  5.84635735e-02,  1.89874303e-02, -1.50710568e-01,
       -1.44792022e-03, -2.90589835e-02, -9.17292759e-02,  7.57156834e-02,
        1.11848354e-01, -4.08444852e-01,  1.69244200e-01,  2.74527013e-01,
        2.96159387e-01, -3.01761299e-01,  8.38636607e-02, -2.08805099e-01,
       -1.55389071e-01, -7.48447776e-02, -3.52336437e-01,  1.99459672e-01,
        1.49314225e-01, -2.85568058e-01,  2.40935564e-01, -3.56500298e-01,
        6.62557334e-02, -1.44888029e-01, -4.05414045e-01,  1.19000763e-01,
       -4.23281640e-01,  2.76245773e-01, -2.75565445e-01, -3.90974104e-01,
        2.46159017e-01,  1.84180290e-01,  6.35168478e-02, -4.51343320e-02,
       -4.07755315e-01,  2.00604409e-01, -2.58780658e-01,  1.70987949e-01,
        1.34234345e-02, -4.29559112e-01, -2.94415265e-01, -3.22801650e-01,
       -1.97482884e-01, -2.22897768e-01, -8.35930556e-02, -3.80223721e-01,
        2.49415874e-01, -2.46306390e-01,  1.72597960e-01, -2.84994483e-01,
        3.33119407e-02, -2.67691553e-01, -1.40997872e-01, -6.49750605e-02,
       -3.61450195e-01, -3.96265358e-01,  9.51112211e-02, -3.44675481e-01,
       -5.21096438e-02,  1.01667315e-01,  1.82846934e-01, -2.67921865e-01,
       -3.96521002e-01,  5.08608148e-02, -2.57194340e-01, -4.71240908e-01,
       -1.35097057e-01,  2.79385030e-01, -3.28059614e-01, -1.07372783e-01,
       -1.17207244e-01, -2.43262783e-01,  7.18661323e-02, -1.92456022e-01,
       -3.42953682e-01, -2.82283038e-01,  1.57485500e-01, -1.95996284e-01,
        9.36074108e-02,  2.44184375e-01, -1.06632024e-01,  1.35401934e-01,
       -1.79683238e-01,  3.01351845e-01, -4.68769744e-02,  7.03631788e-02,
       -3.52157876e-02, -2.00233638e-01,  2.44061694e-01,  5.88151738e-02,
       -3.58808041e-01,  2.17289180e-01, -1.71232790e-01,  1.44865498e-01,
       -1.33191064e-01,  2.21741617e-01,  2.75196135e-01,  6.20447891e-03,
       -2.82733411e-01,  6.20630980e-02, -3.89991440e-02,  1.45619228e-01,
       -2.70944476e-01, -7.01880977e-02, -3.39402914e-01, -1.67853549e-01,
        3.14523838e-02,  1.63414329e-01,  4.77144532e-02, -1.56009376e-01,
       -6.18515313e-02,  2.22397208e-01, -2.10252821e-01,  1.52857304e-01,
        1.70130804e-01, -1.87557623e-01,  1.82652384e-01,  2.11187586e-01,
       -1.63072065e-01, -3.52568746e-01, -1.52307212e-01, -6.20292947e-02,
       -1.97695732e-01,  1.43314242e-01,  2.04377443e-01,  2.06686556e-01,
       -4.42500487e-02, -8.16208795e-02, -2.26976037e-01, -2.13936388e-01,
       -2.86639571e-01,  1.80519611e-01,  1.26999825e-01, -1.03010453e-01,
       -1.52045593e-01, -1.19113415e-01, -5.41189387e-02,  2.26244137e-01,
       -3.16570215e-02, -4.50278640e-01, -2.01442778e-01,  8.78512114e-02,
       -2.99817510e-02, -1.20140030e-04,  1.00583479e-01,  2.33087122e-01,
        6.92238286e-02, -4.90083933e-01, -1.27600849e-01,  2.26633668e-01,
       -1.79944083e-01, -5.24596162e-02, -4.23139334e-02, -1.12931028e-01,
        9.27705690e-02, -2.14249808e-02,  1.56005542e-03,  2.58109331e-01,
        1.24810934e-01,  2.25496575e-01, -4.05507803e-01,  1.52506620e-01,
       -3.35183114e-01, -6.62669614e-02, -4.06979501e-01,  3.67510825e-01,
       -1.37667596e-01, -2.32936561e-01, -8.44935998e-02,  2.16537133e-01,
       -1.86614558e-01,  1.12620242e-01, -3.59863669e-01, -2.67581046e-01,
        1.22877009e-01,  1.67366236e-01, -1.15825787e-01, -4.17497516e-01,
        1.96954787e-01, -1.76862419e-01, -3.60256672e-01, -1.02733448e-01,
        4.74047139e-02, -5.95596284e-02, -3.38174909e-01, -3.34213674e-01,
        2.37052590e-01, -1.36276558e-01,  1.73863575e-01,  1.17972732e-01,
       -3.18691790e-01, -1.08524308e-01,  9.65460986e-02, -3.95797521e-01,
       -4.00427170e-02, -1.49206802e-01,  1.20636150e-01,  2.69077897e-01,
       -1.67343438e-01,  2.60859966e-01, -2.84713566e-01,  1.48079425e-01,
       -3.38348925e-01,  1.10941648e-01, -2.36879140e-01, -5.55151366e-02,
       -1.58862948e-01,  1.75375611e-01, -1.46558046e-01,  3.04819077e-01,
       -3.60586762e-01, -1.08000860e-01, -5.61236888e-02,  1.13629103e-01,
       -3.64769191e-01, -4.21984404e-01, -2.10912779e-01, -2.66829520e-01,
        2.03268230e-02, -3.50730121e-01, -2.99750566e-01,  1.34632722e-01,
       -3.16009969e-01, -3.53571683e-01,  6.90039992e-02, -1.47018284e-01,
       -1.90285906e-01, -2.52327546e-02, -3.53744507e-01, -1.22060299e-01,
        2.83541173e-01, -3.30925703e-01,  7.46954530e-02,  3.88148823e-04,
       -3.03747743e-01, -2.73094445e-01,  2.64753371e-01, -1.27548903e-01,
       -2.22612649e-01,  1.70003437e-02, -3.95420715e-02,  1.31482422e-01,
       -4.48810980e-02, -1.27903044e-01, -2.47727349e-01,  9.83972847e-02,
       -1.31334156e-01,  1.09312609e-01,  6.01689853e-02, -3.27041686e-01],
      dtype=float32), 'encoder.2.weight': array([[ 0.6419303 , -0.6325563 , -0.80233127, ...,  0.1022054 ,
         0.02238751, -1.1003587 ],
       [-0.6099295 ,  0.5252843 , -1.1296457 , ...,  0.04128759,
         0.35958743, -0.725492  ],
       [ 1.0184386 ,  0.8378948 ,  1.1732848 , ...,  0.43734008,
         0.7550813 ,  0.5798857 ],
       ...,
       [ 0.16020298,  0.3380834 , -0.9566376 , ..., -0.6983907 ,
         0.506435  ,  0.20159718],
       [ 0.892748  ,  0.2782582 ,  0.731485  , ...,  0.08154742,
         0.3403472 ,  0.35047036],
       [ 1.1003844 , -1.1808584 ,  0.85546553, ..., -0.28719527,
         0.02372584, -0.8618539 ]], dtype=float32), 'encoder.2.bias': array([ 0.92237014,  0.6181608 ,  1.0816222 , -0.7110573 , -0.42524514,
       -1.3989265 , -0.3707388 ,  0.3850296 , -0.89701045,  0.3854163 ,
        0.6040378 , -1.0881371 , -0.6130938 , -0.43034613,  0.48115385,
        0.86317945, -0.3941751 , -1.1004039 ,  0.67025495,  0.49430043,
       -0.60905874, -0.5272488 , -0.96051925, -0.35971457,  0.31025344,
        0.40314707, -0.15945931, -0.8907379 , -1.0490012 , -0.86981   ,
       -0.6406713 , -0.57808244,  0.45120585, -0.26547417, -0.0322195 ,
        0.8407165 , -0.79609305, -0.4063685 , -0.8102726 ,  1.419037  ,
       -0.8603673 ,  0.03965209,  0.6099104 , -0.6193833 , -0.12240495,
        0.5779216 ,  0.6190928 ,  0.04983155, -0.69678915, -0.5734046 ,
       -0.13834552, -0.1336006 , -0.79959476, -0.22778451,  0.14092821,
       -0.9885448 ,  0.872398  , -1.1580997 ,  0.03093348,  0.6676314 ,
       -0.6625848 ,  0.9698527 ,  1.0443803 ,  0.07293928, -0.53679246,
       -0.23038587,  0.6012471 ,  1.1586695 ,  0.00761089, -0.96769565,
        1.0638918 , -0.26656502, -0.80782306, -0.63084733,  0.951517  ,
       -0.07004215, -0.5459247 ,  0.0851998 ,  0.6095256 ,  1.0476449 ,
       -1.3439432 ,  0.75353765, -0.4508592 ,  0.7946023 ,  0.844024  ,
       -0.92737675, -0.23876315, -0.62269545,  0.22032425,  0.46288812,
       -0.5903376 ,  1.1730844 , -0.19153884, -0.6433109 , -1.0724238 ,
        0.27575657,  0.6634371 ,  0.01259565, -0.83521533, -0.13774522,
        0.4139024 ,  0.57455075,  1.150655  , -0.75242186, -0.01345981,
        0.33326456,  0.98589796,  0.02735665,  0.12535281,  0.70823956,
        0.613605  , -0.17736813, -1.3096308 ,  1.1792691 ,  0.9429318 ,
        0.74739045, -0.599916  , -0.8110219 , -0.09490608,  0.09496319,
        0.10939915,  0.07262345,  0.94601655, -0.08593497, -0.14928067,
        0.4096592 , -1.0642403 ,  0.81723666,  0.530608  , -1.3059982 ,
        0.60654163, -0.64560443,  0.88837945, -1.0450683 , -0.20005196,
        0.3674165 ,  0.50939214,  0.67821175,  0.43354845,  0.9200602 ,
        0.0853807 ,  0.3636537 ,  0.37342316, -0.0432962 , -0.21842237,
       -1.18186   , -0.06344972,  0.45784703, -0.72017586, -0.8501643 ,
       -0.16076195,  0.0839818 , -0.59564215,  1.047045  , -0.03550802,
       -1.2655469 ,  0.6079258 , -0.53265285,  1.1501049 , -0.47895023,
       -0.12763757, -1.4070978 , -0.07055776, -0.33498475,  0.63634557,
       -0.36486784, -0.37387243, -0.927202  ,  0.540903  ,  0.32285598,
       -1.0148363 ,  0.36030203,  0.7712928 ,  0.02185731, -0.47883397,
       -0.4047929 , -0.45809072, -0.5454581 ,  0.04615627,  0.6136693 ,
        0.73789734, -0.12684026, -0.05807531, -1.2439486 ,  0.65404415,
       -0.2107014 ,  0.9084115 ,  0.44351497, -1.1518388 , -1.1637735 ,
        0.60857034,  0.14558093,  0.39761347,  0.10690355, -0.5960404 ,
       -0.896178  , -0.14484285,  0.18770581,  0.15592414,  0.2856078 ,
       -0.8323522 , -0.7253268 , -0.82028186, -0.10754412,  0.7200829 ,
       -0.16817689,  0.0710828 , -0.42318994, -0.7944674 , -0.48077428,
        0.56637645,  0.09105824, -0.01932075,  0.95217377,  1.0688605 ,
       -1.3336458 ,  0.881427  , -0.5610851 , -1.1244292 ,  0.17020418,
       -1.1300064 ,  0.4608876 ,  0.46719593, -0.77874994, -0.88183004,
       -0.16695851,  0.30879757,  0.892682  ,  0.5334539 ,  0.20777752,
        0.9172845 ,  0.8759748 ,  0.6387635 , -1.2583996 , -0.20704988,
        0.1942547 ,  0.25002587,  0.02314705, -0.92028266, -0.8337877 ,
        0.88780737,  0.76585597,  0.22149497,  0.35713068,  0.88852036,
        0.64207155,  0.5158911 ,  1.0811732 , -0.3479963 , -0.83860004,
        0.13028029, -0.12802042,  1.018714  ,  0.9261812 , -0.32264897,
        0.12129175,  0.6998466 , -0.54889864,  0.25514224, -0.3508862 ,
        0.07545839,  0.00994848,  0.07084925,  0.6370388 , -0.2582062 ,
        0.930952  ,  0.07670346,  0.00400545, -0.01226049,  0.07205168,
        1.0052774 , -1.196296  , -0.9363055 ,  0.3943888 , -0.3072128 ,
        0.96742284,  0.78377885, -1.3073926 ,  0.82833254,  0.22671893,
       -0.55400765, -0.585937  ,  0.29178113, -0.71879137, -1.1017032 ,
        0.8154515 ,  0.80007696, -1.1698959 ,  0.698823  , -0.25257555,
       -1.2505739 , -0.47102106,  0.9387604 , -0.00982606, -0.42004925,
       -0.43562636,  0.465015  ,  1.1803515 , -0.22844905,  0.20801413,
       -0.442646  ,  0.8406098 , -0.9120762 , -1.1038357 ,  0.63693964,
       -1.1621215 ,  0.17728592, -0.2499077 , -1.139602  ,  0.47716367,
       -0.5491688 , -1.2587252 , -1.3431871 ,  0.33499795,  0.6425716 ,
        0.4798087 ,  0.58658504, -0.53176194,  1.040187  ,  0.15626925,
        1.2991405 ,  0.7540153 , -0.5918553 ,  0.3277005 ,  0.24380136,
        0.7644542 ,  0.01471876, -0.00378805, -0.47639525, -0.8901143 ,
       -1.0810145 ,  0.4408573 , -1.0628365 ,  0.2760405 , -0.13862965,
        0.9612014 , -0.14313082, -0.12680289,  0.66726124, -1.0471538 ,
        0.7760551 , -0.6485529 , -0.30302966,  0.3918305 ,  0.08217167,
        0.6546285 , -0.58908796,  0.45025802,  0.63415366,  0.8733818 ,
        0.74960995, -0.7568897 ,  0.14421582, -0.579246  , -0.8408407 ,
       -0.7525815 , -0.93325686,  0.2949281 , -0.43956935, -0.29397002,
        0.53350013, -0.13426799, -0.5779555 , -1.0208974 , -1.1790087 ,
       -0.5472173 ,  0.01488846,  0.14969346, -0.3821904 , -1.2279004 ,
        0.45163855,  0.70783997, -0.3732088 ,  0.67915213,  0.612412  ,
        0.29982516,  0.44840795,  1.0477366 , -0.8308685 , -0.0317152 ,
       -0.73495597,  0.957445  ,  0.46869618, -0.519024  ,  1.0249703 ,
        0.70377946, -0.92808354,  0.83459556,  0.1372709 , -0.7738344 ,
        0.8903196 , -0.40245908,  0.8771523 ,  0.39758396,  0.6521534 ,
        0.33863682,  0.90712935, -1.2769903 , -0.6688541 ,  0.9773483 ,
       -0.15863954,  0.54202914,  0.89747655,  0.37544596, -0.42397243,
       -1.0632544 ,  0.40274757,  0.76240957,  0.4781921 , -1.0153028 ,
        0.5378956 ,  0.3613842 , -0.26228452,  0.26836535,  0.46207047,
       -1.0030153 , -0.07269042, -0.2917006 ,  0.98154676, -0.06497289,
        0.14371912, -0.1270894 , -0.0837622 ,  0.6152216 ,  0.76704454,
        0.02748558,  0.78115094,  0.44926655, -0.37929362,  0.33617148,
       -1.1505319 ,  0.6363094 , -0.05813325, -0.732766  ,  0.2528853 ,
       -0.4396146 , -0.67125875, -0.00861275, -0.8908707 , -0.10316411,
        1.1632981 ,  1.1812667 ,  0.9582777 , -0.1283486 , -0.13809884,
       -1.0546921 ,  1.0018989 , -0.33917695, -0.9068095 , -0.38062584,
        0.9234828 , -0.39675412, -0.22143286, -0.7491254 ,  0.10798338,
        0.05925473, -0.24968933, -0.42245206,  1.1727537 , -1.0828538 ,
       -0.95778364,  0.43400168, -0.605399  ,  1.1742322 ,  0.8661384 ,
       -0.00800364, -1.0645292 ,  0.44778955,  0.6367204 , -0.5685537 ,
       -0.8261435 , -0.0090455 ,  0.64793706,  0.46036243, -1.1426729 ,
       -0.14850992, -0.32238904, -1.1477884 ,  1.1324216 ,  0.9507576 ,
        1.1338483 , -0.19972095,  0.2773315 ,  0.34056532,  0.43412274,
       -1.3265511 , -0.9105953 ,  0.44292086, -0.48187238, -0.56237996,
       -1.3393712 ,  1.0188701 , -0.7596394 ,  1.3405632 , -1.145435  ,
        0.08198973, -1.0795732 ,  0.4557237 ,  0.39774108, -1.0524508 ],
      dtype=float32), 'encoder.4.weight': array([[-0.8323896 , -0.95290756, -0.98430204, ...,  0.9919467 ,
         0.44637552, -0.7487458 ],
       [-0.03878248, -0.92362803, -1.2777061 , ...,  0.7460587 ,
        -0.45011425, -0.7370299 ],
       [-0.18125084,  0.6723312 ,  0.4732082 , ...,  1.1557255 ,
         1.0403197 ,  0.35935342],
       ...,
       [-1.1755905 ,  0.74054337,  0.6094239 , ...,  0.8936937 ,
         0.696096  , -0.8629978 ],
       [ 0.27097943,  0.94658893, -0.6135229 , ..., -1.092781  ,
        -0.33136618, -0.06501031],
       [-1.1375587 ,  1.0152526 , -1.0719776 , ..., -0.53032255,
        -1.192823  , -0.9928154 ]], dtype=float32), 'encoder.4.bias': array([-1.0486661 ,  0.03222794,  1.1667242 , ...,  0.84037626,
       -0.66326606, -1.1409974 ], dtype=float32), 'encoder.6.weight': array([[-0.1878354 , -0.41333872,  0.3704667 , ...,  0.22964264,
         0.14558582, -0.29594943],
       [ 0.3280083 ,  0.36006376,  0.4223686 , ..., -0.3768646 ,
         0.42081338,  0.4731106 ],
       [-0.4194528 , -0.3041704 ,  0.31713426, ...,  0.1960262 ,
        -0.25007877, -0.03082295],
       ...,
       [-0.29802638, -0.53501594, -0.10266702, ..., -0.10269509,
         0.29154086, -0.05172696],
       [-0.36011463, -0.33068082, -0.7576219 , ...,  0.5459562 ,
        -0.31630734,  0.43430597],
       [-0.2757401 , -0.25888348, -0.25472325, ...,  0.07246855,
        -0.4663821 ,  0.43624175]], dtype=float32), 'encoder.6.bias': array([-0.14547302,  0.02065822,  0.29059625,  0.18315771, -0.3024614 ,
       -0.14696445, -0.42867765, -0.2783828 ,  0.3339457 , -0.0129606 ],
      dtype=float32), 'decoder.0.weight': array([[-3.8015685 ,  0.26602274, -1.9334986 , ...,  6.0080323 ,
         7.949054  , -3.395414  ],
       [-2.2192345 , -1.3751134 , -3.2146344 , ..., -5.668063  ,
        -6.3782825 ,  7.507035  ],
       [-4.790417  , -2.9117699 ,  2.313145  , ..., -1.1383531 ,
        -4.0851007 ,  4.552082  ],
       ...,
       [ 3.9193435 , -2.0036368 ,  6.5702853 , ...,  3.512633  ,
        -3.5652125 ,  6.419447  ],
       [-8.020728  ,  0.7887294 , -6.9367948 , ..., -1.9135249 ,
        -4.072752  , -8.174745  ],
       [ 8.4241705 ,  8.47986   ,  4.711778  , ..., -3.3434339 ,
         2.0834436 , -0.06936209]], dtype=float32), 'decoder.0.bias': array([-8.679272  , -2.2319012 ,  0.19153555, ...,  0.30294   ,
       -1.532475  ,  4.694474  ], dtype=float32), 'decoder.2.weight': array([[ 0.3978543 ,  0.2350477 , -0.43131962, ...,  0.3572815 ,
         0.21923625,  0.34879336],
       [ 0.05754088, -0.07028913, -0.18615267, ..., -0.26258516,
        -0.35758072,  0.18589893],
       [-0.10155435,  0.1379349 , -0.503698  , ..., -0.3580026 ,
         0.21599925,  0.22533724],
       ...,
       [-0.4344982 , -0.45269316,  0.17640145, ...,  0.2953972 ,
        -0.4572521 ,  0.53588474],
       [-0.19966134, -0.611117  , -0.02282508, ..., -0.31073716,
         0.41728735,  0.16179979],
       [-0.71303207, -0.6055842 ,  0.19055915, ...,  0.05165489,
        -0.4206667 , -0.6753475 ]], dtype=float32), 'decoder.2.bias': array([ 0.16579577, -0.36556077, -0.38645545,  0.15564021, -0.22119567,
       -0.6461617 , -0.25384772,  0.06948864,  0.4862461 ,  0.21856117,
       -0.75780594, -0.10496864,  0.03322531,  0.46328795,  0.09680749,
        0.00890925, -0.24084452, -0.5147411 ,  0.26635274,  0.00142234,
        0.09745474, -0.20403124,  0.16789792, -0.14264816,  0.0476669 ,
        0.4274643 , -0.6137261 , -0.04655006, -0.5757123 , -0.40739256,
        0.38089925, -0.5457779 ,  0.5331244 ,  0.31252906,  0.51692665,
       -0.3796131 , -0.5742922 ,  0.21053718,  0.00669063, -0.2046979 ,
       -0.36290592, -0.496109  ,  0.34663963, -0.58060884,  0.10118599,
        0.33191058,  0.03081156, -0.19233242, -0.57878965,  0.39508837,
        0.34362304, -0.4654367 , -0.12782232,  0.33131647, -0.5157    ,
       -0.58734643, -0.3942156 , -0.02136718,  0.1365548 , -0.10488215,
       -0.55207324,  0.48217094,  0.04882107,  0.09649008, -0.5071161 ,
       -0.602957  ,  0.17199463, -0.36187586, -0.3551563 ,  0.36171007,
        0.7228384 ,  0.02022887,  0.22766022, -0.09975357,  0.29637504,
       -0.20981163, -0.65920997, -0.6766239 ,  0.5147936 ,  0.39620587,
        0.3854716 , -0.51495093, -0.6785105 , -0.5566059 ,  0.32626945,
       -0.5958804 ,  0.1470071 ,  0.14447673, -0.04450923, -0.09584516,
        0.15947472,  0.2475167 ,  0.3023608 , -0.58405226, -0.37981215,
       -0.5552122 , -0.4460443 ,  0.33606318, -0.28724515, -0.49161792,
       -0.23845412,  0.00412847, -0.2881425 , -0.53736657, -0.13293312,
       -0.616597  ,  0.286196  , -0.10597363, -0.2486371 , -0.21019125,
        0.05116256,  0.23750043, -0.44719598, -0.6280876 , -0.16360252,
       -0.2761626 , -0.4076128 ,  0.22615454, -0.63943064, -0.6025413 ,
        0.42552155,  0.56421214,  0.48824614, -0.41402608,  0.5567016 ,
        0.10687387, -0.585803  , -0.39986402,  0.48769596,  0.1808424 ,
        0.4805349 , -0.57339144,  0.05060025,  0.46616918, -0.2817156 ,
        0.47958684,  0.08284521, -0.23838285, -0.5839986 , -0.5159937 ,
        0.5896228 ,  0.421554  , -0.61035836, -0.17214787,  0.12217706,
        0.5164624 ,  0.32908893,  0.1465492 ,  0.3743477 , -0.37767982,
       -0.6282529 , -0.15515667,  0.510387  , -0.36716622, -0.47418606,
        0.04738396, -0.44871563, -0.21110754, -0.568831  ,  0.06534835,
       -0.27970228,  0.44621783,  0.31702003, -0.11319131,  0.2171439 ,
        0.4527393 , -0.44839835,  0.63229555,  0.05597739,  0.4562801 ,
        0.06123653, -0.0531307 ,  0.2914826 ,  0.0209094 , -0.4401449 ,
       -0.62133265,  0.25816986,  0.24035978, -0.43611866,  0.33836174,
        0.01941403, -0.629637  ,  0.4788365 , -0.11186562, -0.6540754 ,
        0.31241038, -0.62348783, -0.39254755, -0.01933351, -0.58627033,
       -0.34319696, -0.5839469 , -0.66315895, -0.51659244,  0.00861014,
       -0.4643848 , -0.01894845,  0.30395105,  0.02744617, -0.5352036 ,
       -0.6591966 , -0.04690268,  0.5317893 ,  0.1800836 , -0.5678557 ,
       -0.25194854, -0.21959285, -0.43031675, -0.10476159, -0.01343183,
       -0.63848066,  0.14751469, -0.29452223, -0.54668736, -0.22545648,
       -0.64284444, -0.39360815,  0.48905873, -0.14532094, -0.32336968,
       -0.41026324, -0.03052419, -0.32182795,  0.50334215, -0.5153786 ,
        0.2092705 , -0.6045363 , -0.3893085 ,  0.23193069, -0.6008655 ,
       -0.05026799,  0.10772613, -0.28283998, -0.51424205, -0.5441074 ,
        0.19457647, -0.3449458 , -0.31058452, -0.3683423 , -0.42095095,
       -0.5628304 ,  0.10419835, -0.69134945, -0.38750166,  0.32282957,
        0.05846253, -0.0171433 ,  0.25244403,  0.52602327, -0.3515004 ,
       -0.06575097, -0.40815783, -0.01238829, -0.04206048,  0.32212153,
        0.4233119 , -0.20146252, -0.61950445, -0.47704732, -0.50359285,
        0.10469647, -0.13317037, -0.03925369, -0.2798745 , -0.52707464,
       -0.22689071,  0.00700254, -0.08019514, -0.4299788 , -0.21565719,
        0.21988021, -0.5968867 ,  0.3037613 , -0.6060833 ,  0.17661506,
        0.2231707 ,  0.03771249, -0.41104046, -0.22134405,  0.02832837,
       -0.04832339,  0.3367056 , -0.00223161,  0.4499246 ,  0.23668765,
        0.38340154, -0.686586  ,  0.3674426 , -0.64593506, -0.00237799,
       -0.23555446,  0.18517736, -0.45139843, -0.20636821, -0.16890484,
       -0.40846175, -0.4221099 , -0.54181385, -0.37013036,  0.16109051,
       -0.58453345, -0.20299198,  0.3379816 ,  0.29121342, -0.02709578,
       -0.4883536 ,  0.19831967, -0.26701063,  0.20779489,  0.354428  ,
        0.4750579 , -0.5405463 , -0.352927  ,  0.0474434 , -0.15829344,
       -0.3759517 ,  0.37075144,  0.01762054,  0.16409513, -0.0855628 ,
       -0.24870561, -0.43549955, -0.25293428, -0.34629458, -0.17028752,
       -0.14606097, -0.6670983 ,  0.4587172 , -0.60325086, -0.02287901,
       -0.5942668 , -0.39468867, -0.4104833 , -0.14169161, -0.3011285 ,
        0.4524961 ,  0.3868431 ,  0.1371747 , -0.20368284, -0.35724396,
       -0.3133403 , -0.6717061 ,  0.0327765 , -0.4534225 , -0.08397774,
       -0.1927192 , -0.6726602 , -0.74651384, -0.14626956, -0.6759147 ,
        0.02624947, -0.42781633, -0.05569705,  0.09748369,  0.17817697,
        0.09387967,  0.41899687, -0.42579073, -0.7102915 , -0.11224316,
       -0.27715287, -0.38284642,  0.45523542, -0.01478766,  0.4273862 ,
        0.3506778 , -0.6394961 ,  0.17344338, -0.17390515, -0.456254  ,
        0.5135079 , -0.10047617, -0.4576758 , -0.45964512, -0.30696303,
       -0.01764887, -0.20827062,  0.3681724 , -0.3501088 ,  0.22339314,
       -0.4657818 , -0.2588358 , -0.30067116, -0.26037475, -0.28011367,
       -0.5940372 , -0.36648524, -0.27749583,  0.4109792 ,  0.0841243 ,
       -0.20607297,  0.19382465,  0.51918864, -0.5317995 ,  0.07881007,
        0.21981451,  0.12263615,  0.3023005 ,  0.13594225,  0.02198973,
       -0.40436843,  0.3513576 , -0.5049617 ,  0.52042174,  0.3858559 ,
        0.29346445, -0.2521366 , -0.4115113 ,  0.5277208 , -0.54637367,
       -0.35324496, -0.5348397 ,  0.43985552, -0.50976765, -0.19306685,
        0.07744845,  0.3617109 , -0.07999815, -0.4596416 , -0.15671125,
        0.18631262, -0.58806825, -0.0845421 , -0.4701638 , -0.18483022,
        0.33438897, -0.368056  ,  0.04141722,  0.03279261,  0.4274174 ,
       -0.4689289 ,  0.1925269 ,  0.78872144, -0.09077751, -0.5320293 ,
       -0.28462902,  0.08602308, -0.07075616, -0.13853523,  0.36486167,
       -0.23735502, -0.49275193, -0.27984846, -0.5324193 , -0.75735486,
        0.15901127, -0.04299202, -0.43022633, -0.31892115, -0.00592425,
        0.4087563 , -0.42671055,  0.0703275 ,  0.4737582 , -0.08982438,
        0.4561025 ,  0.05810992, -0.33501396,  0.20993216, -0.14814514,
        0.01953997, -0.29447907, -0.00464138, -0.590947  , -0.5424301 ,
        0.11320583,  0.21070036,  0.3317308 , -0.17707507,  0.46663052,
       -0.2188718 , -0.5182097 , -0.09856074,  0.32963592, -0.4854278 ,
       -0.46452665,  0.18702269,  0.2838542 , -0.43477267,  0.09031038,
       -0.08884694,  0.07391132, -0.3767435 , -0.62680244, -0.43477565,
       -0.00999415,  0.12238744, -0.36251086, -0.3838799 , -0.56880593,
       -0.06028899, -0.07280847,  0.04661152,  0.05588744,  0.6931446 ,
       -0.22444008,  0.31765157, -0.67959774,  0.36953145, -0.0616119 ],
      dtype=float32), 'decoder.4.weight': array([[ 1.1348335 , -0.42192566,  0.4755218 , ..., -0.98876214,
         0.7743786 , -0.06577477],
       [ 0.01534189, -0.6232315 , -1.0118319 , ..., -0.09801169,
        -1.322721  ,  1.1391774 ],
       [-0.18962142, -0.96557677,  0.4483581 , ..., -0.07999714,
        -1.0186898 ,  1.0503643 ],
       ...,
       [-0.08365471, -0.45344472,  0.79351795, ..., -0.57183397,
         0.07055493, -0.64022124],
       [ 0.58744687, -0.43944788,  0.5365071 , ...,  0.8975651 ,
        -0.39326176,  0.52030975],
       [-1.021862  ,  0.6575901 , -0.01909765, ...,  0.32116956,
         0.23898676, -0.856477  ]], dtype=float32), 'decoder.4.bias': array([-0.5041156 ,  0.6127299 , -0.38021713, -0.7722597 , -0.12208468,
        1.1283858 , -1.12348   ,  0.15301412, -0.6007296 , -0.05469405,
       -1.3013786 ,  0.08615454, -0.6286698 ,  0.9008914 ,  0.20620236,
        0.48390213, -0.14959998, -0.53992814, -0.7713174 ,  0.8522643 ,
        0.7363971 , -1.3868124 ,  1.0277085 ,  0.06892629, -1.1309547 ,
        0.06303677, -0.56558096,  1.1352106 , -0.6881361 , -1.0402156 ,
        0.5705594 ,  0.490986  ,  1.0025916 ,  0.5063396 , -0.6746008 ,
        0.49542624,  1.1115417 ,  0.4964215 , -0.30290252, -1.1966046 ,
       -0.5383464 , -0.54347986, -0.94770443,  0.9820801 , -0.28082994,
        0.8390577 , -0.8623248 , -0.5401379 , -1.3321981 , -0.2689152 ,
       -0.7306824 , -0.9334036 ,  0.51689583, -0.36550885, -0.2108418 ,
       -0.39147288, -0.5007746 ,  1.0240468 , -1.2912452 , -1.1274931 ,
       -1.0705619 , -0.84203684, -0.13519786,  0.8252471 , -0.8333846 ,
        0.6573437 ,  0.04534069, -0.9306881 , -0.5175765 ,  0.25631267,
        0.6006614 ,  0.30744714, -0.600986  , -0.87307584, -1.8374978 ,
        0.6108677 , -0.10733446,  0.17772402, -0.477333  ,  1.257068  ,
        0.45319086,  0.6087328 ,  1.3011694 , -0.17910086,  0.8674289 ,
       -1.437247  , -0.19005236,  0.4416629 ,  0.24385051, -0.630501  ,
       -0.5046135 ,  0.60651636,  0.5343871 ,  0.6432489 ,  0.01066538,
       -1.2460018 , -0.92172176,  0.8473307 ,  0.772701  , -0.5689597 ,
        0.81175935,  1.2571393 ,  1.2424388 , -0.98056716, -0.6222859 ,
       -0.91925836, -0.2715361 , -0.05876188,  0.58492124, -1.1250266 ,
       -1.0575848 ,  1.1172073 ,  1.7505245 ,  0.63786554, -1.381735  ,
        0.8413509 ,  0.22329858,  1.1332841 ,  0.8119528 , -1.2181108 ,
        0.13522181, -0.6485747 , -0.20280445, -1.0195022 ,  0.6754633 ,
       -0.109892  ,  0.3284682 , -0.73231184, -1.0572188 ,  0.5642814 ,
        0.74178135,  0.09887847, -1.0080065 ,  0.16880706, -1.4010326 ,
       -0.28272754, -0.6451811 , -0.26800883, -1.133937  , -0.37490165,
       -1.2988868 , -1.1930711 ,  0.81829166, -1.0150764 , -0.15415257,
       -0.5098402 ,  1.3095671 , -0.96739817,  0.3671328 ,  0.07165067,
        0.12418586,  0.06486058,  0.7722603 , -0.8269605 ,  0.6446057 ,
        0.16798069,  0.52731407,  0.46284926, -1.2002733 ,  0.69226646,
        0.19523764, -0.91389835, -0.18372269, -0.29704264, -1.3218346 ,
        1.6600214 ,  0.7468593 ,  1.1086625 ,  1.098072  , -0.13435523,
        0.8520982 , -0.5489534 ,  0.6328531 , -0.95416915, -0.8654626 ,
       -0.48701203, -0.9900223 ,  0.24194172,  1.0477645 , -0.81996477,
        0.6249223 ,  0.51863563,  0.8218622 ,  1.1598594 ,  0.5673013 ,
       -0.86072624, -0.27379352,  0.10029448, -0.3887936 ,  0.68912554,
       -0.8709849 ,  0.37938395, -0.23753345,  1.0234178 , -0.39918151,
        1.0763925 , -0.38392746,  0.46080574, -0.49128407,  0.04249415,
        0.5143931 ,  1.4255915 , -0.37026834, -0.9044367 , -0.42335525,
       -0.44073159,  0.9596419 ,  0.3314637 , -0.02563464, -0.03804591,
       -0.45660445,  0.99665177, -1.1606457 , -0.5248211 ,  0.24148667,
       -0.48000488, -1.0195732 , -0.7647205 , -0.31700504,  0.5916455 ,
        1.1694235 ,  0.68273103,  0.3281302 ,  0.343616  , -1.3665104 ,
        1.6539705 ,  0.13520142, -0.9499563 ,  1.4984386 ,  0.03313038,
       -1.5015693 ,  0.00294551,  0.70571965,  1.4728171 ,  0.6903465 ,
       -0.03308401, -0.9524139 ,  0.41513917, -0.64004695,  0.16071959,
       -0.3392157 , -0.07936163,  0.39231944, -1.1866087 , -0.747568  ,
        0.16468866,  0.2731954 ,  0.58871037,  0.98131466,  0.13769463,
       -1.0549951 , -1.1364379 , -1.1920656 , -0.35129958, -0.8712779 ,
       -0.91696775, -0.02659143, -0.0368464 ,  1.2391056 ,  0.25677642,
        1.1366295 ,  0.43446124,  0.42898425,  0.86643016, -0.68587327,
       -0.9982742 , -0.98232394, -1.1616825 , -1.3653891 ,  0.259735  ,
       -0.948666  ,  0.8271395 , -1.046149  ,  1.2196159 , -0.22694942,
        1.3514667 , -0.24252544, -0.8663094 ,  0.87210834,  0.44202298,
       -0.81631863,  0.64963365, -0.32006627,  0.5862634 ,  0.13011263,
        0.6788281 ,  0.808716  ,  0.15675008,  1.2057574 , -0.00373664,
        0.5882183 , -0.5315398 , -1.2149823 ,  0.19612789, -1.6075466 ,
        1.0399976 ,  0.34301466,  0.13142534,  0.45908615, -0.2717479 ,
       -0.039788  ,  1.2636259 , -0.8708396 , -0.4418744 ,  1.0841359 ,
        0.44904602,  0.9002137 ,  0.24776468, -0.5671738 ,  1.1885912 ,
        0.78333807, -1.7322395 , -0.9846858 , -0.5589532 , -0.04803259,
        0.736546  , -0.4465855 ,  0.87927425, -0.8437152 ,  0.6683341 ,
        0.9062958 ,  0.65453684,  0.42473978, -0.17783836, -0.59061384,
        0.34034008,  0.36001754,  0.6085608 , -0.82400084, -0.8273212 ,
        1.1438694 , -0.8389802 ,  0.7647629 , -0.5207877 , -1.3569349 ,
       -0.94795763,  1.147987  , -0.2061962 , -1.3986703 ,  0.3094169 ,
        1.1667507 , -0.9797406 ,  0.7586678 , -0.60669994, -0.7410447 ,
        0.9620049 , -0.7850261 ,  0.03798978, -0.9314935 , -0.16055271,
       -0.0752693 , -0.30229634,  0.13906817,  0.15613964,  0.04027271,
       -0.6934224 ,  1.0346715 , -0.9807074 ,  1.0405724 ,  0.36058098,
       -1.2631165 ,  0.6083572 , -0.69609666,  1.3027316 ,  0.54985416,
        0.3219834 , -0.66093117, -0.23997393,  1.19276   ,  1.3268875 ,
        0.5846538 ,  1.009299  ,  0.2722488 ,  1.135998  , -0.79594773,
       -1.0532539 ,  0.7080903 , -0.76947594,  1.2700493 , -0.4934806 ,
        0.24071807, -0.8911094 , -0.49646983, -0.92583907,  0.85820365,
       -0.85319936,  1.0000267 ,  0.90241915, -1.0447848 ,  0.89899564,
        0.5782168 , -0.35329938, -0.97977495,  0.94151133,  0.20695657,
       -0.02900511,  0.6208754 , -1.1778343 , -1.2827622 ,  1.34511   ,
       -0.6009291 ,  0.7142837 ,  1.2150111 , -0.8596419 ,  0.7286947 ,
        0.15732875,  0.42422357,  0.8006606 , -0.480053  , -0.79597604,
       -0.47194433, -0.38759047, -0.9190891 , -1.4963374 , -1.3651181 ,
       -0.3718111 ,  0.8781991 , -0.05585416,  0.83728224,  0.8336128 ,
       -0.24118571,  0.31908235, -0.70590496, -0.27662683,  0.6805693 ,
       -0.6142079 ,  1.155643  , -0.2459449 , -0.8566942 ,  0.4741065 ,
       -0.5489699 ,  1.1656756 , -0.06795081,  0.26018673, -0.94140404,
       -0.24961346,  0.84719205, -0.31780046,  0.9763832 ,  0.6494441 ,
       -0.19699726, -0.6439151 , -0.53673893, -0.6669019 , -0.8000146 ,
        0.6425785 ,  0.7458897 ,  0.22888461, -0.04704131, -1.2496545 ,
       -0.51539624,  0.26492587, -0.12478243, -0.7240058 , -1.0737214 ,
        0.6745826 ,  1.0141273 , -0.72200245,  0.6190546 , -1.2575021 ,
       -0.21903944, -1.5230995 , -1.067235  ,  0.92168415, -0.4971276 ,
       -0.3974685 , -0.49502036, -0.29601565, -0.13933507, -1.3098664 ,
        0.55774486, -1.3891089 , -0.716203  ,  0.79817235,  0.7948697 ,
        1.1576242 ,  0.433735  , -0.21104848,  0.28079534,  0.33170354,
        0.49691916,  0.6276577 , -0.98377913, -0.16835839, -1.3305414 ,
       -0.6869848 , -1.164031  , -1.3523405 , -1.4007151 , -0.4277848 ,
       -1.1601508 , -0.6987374 ,  0.9221529 ,  0.3340357 ,  0.16229758,
       -1.018553  , -1.0826511 ,  1.2252669 ,  0.8477038 ,  1.0919471 ],
      dtype=float32), 'decoder.6.weight': array([[ 0.8579228 , -0.3557652 ,  1.9809515 , ...,  2.1473703 ,
         2.2162597 ,  0.48118174],
       [-0.44642168,  0.5025292 , -0.99262667, ...,  1.0275791 ,
         0.393251  ,  0.30274358],
       [-1.0311637 ,  1.2079415 , -1.1909211 , ..., -0.1079375 ,
         0.7733033 , -0.43334758],
       ...,
       [ 0.17595276,  0.8408338 ,  0.7952142 , ..., -0.61402875,
        -0.5826872 , -0.82217646],
       [-0.60784274, -0.31762344, -1.0113287 , ..., -0.87833333,
         0.9645049 ,  0.18161084],
       [ 0.6140935 ,  0.14708616, -1.225651  , ...,  0.02197265,
         0.34018642, -0.6441628 ]], dtype=float32), 'decoder.6.bias': array([-0.29233208, -0.35612848, -0.26095983, ...,  0.20266116,
        1.0002179 ,  0.6199919 ], dtype=float32)}
[Time: 15.01.25 11:50:05] [Level: info] [State: aggregate] Updating global model...
[Time: 15.01.25 11:50:05] [Level: info] [State: aggregate] Autoencoder(
  (encoder): Sequential(
    (0): Linear(in_features=6001, out_features=500, bias=True)
    (1): ReLU()
    (2): Linear(in_features=500, out_features=500, bias=True)
    (3): ReLU()
    (4): Linear(in_features=500, out_features=2000, bias=True)
    (5): ReLU()
    (6): Linear(in_features=2000, out_features=10, bias=True)
  )
  (decoder): Sequential(
    (0): Linear(in_features=10, out_features=2000, bias=True)
    (1): ReLU()
    (2): Linear(in_features=2000, out_features=500, bias=True)
    (3): ReLU()
    (4): Linear(in_features=500, out_features=500, bias=True)
    (5): ReLU()
    (6): Linear(in_features=500, out_features=6001, bias=True)
  )
)
[Time: 15.01.25 11:50:05] [Level: info] [State: aggregate] Broadcasting model...
[Time: 15.01.25 11:50:05] [Level: info] transition: compute
[Time: 15.01.25 11:50:06] [Level: info] state: compute
[Time: 15.01.25 11:50:06] [Level: info] [State: compute] ITERATION 4
[Time: 15.01.25 11:50:06] [Level: info] [State: compute] receiving weights...
[Time: 15.01.25 11:50:06] [Level: info] [State: compute] Loading global weights for model...
[Time: 15.01.25 11:50:06] [Level: info] [State: compute] Updated model with received weights.
[Time: 15.01.25 11:50:06] [Level: info] [State: compute] Loading data...
[Time: 15.01.25 11:50:06] [Level: info] [State: compute] Preparing model training...
[Time: 15.01.25 11:50:06] [Level: info] [State: compute] Training model for one epoch...
[Time: 15.01.25 11:50:06] [Level: info] [State: compute] Local training loss: 55.32125473022461
[Time: 15.01.25 11:50:06] [Level: info] [State: compute] Training the decoder...
127.0.0.1 - - [15/Jan/2025 11:50:06] "GET /api/status HTTP/1.0" 200 158
[CTRL] GET /data
127.0.0.1 - - [15/Jan/2025 11:50:07] "GET /api/data HTTP/1.0" 200 34213092
[Time: 15.01.25 11:50:08] [Level: info] [State: compute] Epoch 10, Total Loss: 4.472606182098389, KL Loss: -4.61936000561991e-09, Recon Loss: 44.72605895996094
[Time: 15.01.25 11:50:10] [Level: info] [State: compute] Epoch 20, Total Loss: 3.3246095180511475, KL Loss: -7.301569127093899e-09, Recon Loss: 33.24609375
127.0.0.1 - - [15/Jan/2025 11:50:11] "GET /api/status HTTP/1.0" 200 155
127.0.0.1 - - [15/Jan/2025 11:50:13] "GET /api/status HTTP/1.0" 200 155
127.0.0.1 - - [15/Jan/2025 11:50:15] "GET /api/status HTTP/1.0" 200 155
127.0.0.1 - - [15/Jan/2025 11:50:17] "GET /api/status HTTP/1.0" 200 155
127.0.0.1 - - [15/Jan/2025 11:50:19] "GET /api/status HTTP/1.0" 200 155
127.0.0.1 - - [15/Jan/2025 11:50:21] "GET /api/status HTTP/1.0" 200 155
127.0.0.1 - - [15/Jan/2025 11:50:23] "GET /api/status HTTP/1.0" 200 155
[Time: 15.01.25 11:50:25] [Level: info] [State: compute] Epoch 30, Total Loss: 2.5262675285339355, KL Loss: -7.301569127093899e-09, Recon Loss: 25.26267433166504
127.0.0.1 - - [15/Jan/2025 11:50:25] "GET /api/status HTTP/1.0" 200 155
127.0.0.1 - - [15/Jan/2025 11:50:27] "GET /api/status HTTP/1.0" 200 155
127.0.0.1 - - [15/Jan/2025 11:50:29] "GET /api/status HTTP/1.0" 200 155
127.0.0.1 - - [15/Jan/2025 11:50:31] "GET /api/status HTTP/1.0" 200 155
127.0.0.1 - - [15/Jan/2025 11:50:33] "GET /api/status HTTP/1.0" 200 155
127.0.0.1 - - [15/Jan/2025 11:50:35] "GET /api/status HTTP/1.0" 200 155
127.0.0.1 - - [15/Jan/2025 11:50:37] "GET /api/status HTTP/1.0" 200 155
127.0.0.1 - - [15/Jan/2025 11:50:39] "GET /api/status HTTP/1.0" 200 155
127.0.0.1 - - [15/Jan/2025 11:50:41] "GET /api/status HTTP/1.0" 200 155
[Time: 15.01.25 11:50:43] [Level: info] [State: compute] Epoch 40, Total Loss: 1.9934347867965698, KL Loss: -5.513429712777906e-09, Recon Loss: 19.93434715270996
127.0.0.1 - - [15/Jan/2025 11:50:43] "GET /api/status HTTP/1.0" 200 155
127.0.0.1 - - [15/Jan/2025 11:50:45] "GET /api/status HTTP/1.0" 200 155
127.0.0.1 - - [15/Jan/2025 11:50:47] "GET /api/status HTTP/1.0" 200 155
127.0.0.1 - - [15/Jan/2025 11:50:49] "GET /api/status HTTP/1.0" 200 155
127.0.0.1 - - [15/Jan/2025 11:50:51] "GET /api/status HTTP/1.0" 200 155
127.0.0.1 - - [15/Jan/2025 11:50:54] "GET /api/status HTTP/1.0" 200 155
127.0.0.1 - - [15/Jan/2025 11:50:56] "GET /api/status HTTP/1.0" 200 155
127.0.0.1 - - [15/Jan/2025 11:50:58] "GET /api/status HTTP/1.0" 200 155
[Time: 15.01.25 11:50:59] [Level: info] [State: compute] Epoch 50, Total Loss: 1.626550316810608, KL Loss: -9.38773148106975e-09, Recon Loss: 16.2655029296875
127.0.0.1 - - [15/Jan/2025 11:51:00] "GET /api/status HTTP/1.0" 200 155
127.0.0.1 - - [15/Jan/2025 11:51:02] "GET /api/status HTTP/1.0" 200 155
127.0.0.1 - - [15/Jan/2025 11:51:04] "GET /api/status HTTP/1.0" 200 155
127.0.0.1 - - [15/Jan/2025 11:51:06] "GET /api/status HTTP/1.0" 200 155
127.0.0.1 - - [15/Jan/2025 11:51:08] "GET /api/status HTTP/1.0" 200 155
127.0.0.1 - - [15/Jan/2025 11:51:10] "GET /api/status HTTP/1.0" 200 155
127.0.0.1 - - [15/Jan/2025 11:51:12] "GET /api/status HTTP/1.0" 200 155
127.0.0.1 - - [15/Jan/2025 11:51:14] "GET /api/status HTTP/1.0" 200 155
[Time: 15.01.25 11:51:15] [Level: info] [State: compute] Epoch 60, Total Loss: 1.3630788326263428, KL Loss: -5.9604645663569045e-09, Recon Loss: 13.63078784942627
127.0.0.1 - - [15/Jan/2025 11:51:16] "GET /api/status HTTP/1.0" 200 155
127.0.0.1 - - [15/Jan/2025 11:51:18] "GET /api/status HTTP/1.0" 200 155
127.0.0.1 - - [15/Jan/2025 11:51:20] "GET /api/status HTTP/1.0" 200 155
127.0.0.1 - - [15/Jan/2025 11:51:22] "GET /api/status HTTP/1.0" 200 155
127.0.0.1 - - [15/Jan/2025 11:51:24] "GET /api/status HTTP/1.0" 200 155
127.0.0.1 - - [15/Jan/2025 11:51:26] "GET /api/status HTTP/1.0" 200 155
127.0.0.1 - - [15/Jan/2025 11:51:28] "GET /api/status HTTP/1.0" 200 155
[Time: 15.01.25 11:51:28] [Level: info] [State: compute] Epoch 70, Total Loss: 1.1668071746826172, KL Loss: -3.1292437530083816e-09, Recon Loss: 11.668071746826172
127.0.0.1 - - [15/Jan/2025 11:51:30] "GET /api/status HTTP/1.0" 200 155
127.0.0.1 - - [15/Jan/2025 11:51:32] "GET /api/status HTTP/1.0" 200 155
127.0.0.1 - - [15/Jan/2025 11:51:34] "GET /api/status HTTP/1.0" 200 155
127.0.0.1 - - [15/Jan/2025 11:51:36] "GET /api/status HTTP/1.0" 200 155
127.0.0.1 - - [15/Jan/2025 11:51:38] "GET /api/status HTTP/1.0" 200 155
[Time: 15.01.25 11:51:39] [Level: info] [State: compute] Epoch 80, Total Loss: 1.0163891315460205, KL Loss: -8.791684713571613e-09, Recon Loss: 10.163890838623047
127.0.0.1 - - [15/Jan/2025 11:51:40] "GET /api/status HTTP/1.0" 200 155
127.0.0.1 - - [15/Jan/2025 11:51:42] "GET /api/status HTTP/1.0" 200 155
127.0.0.1 - - [15/Jan/2025 11:51:44] "GET /api/status HTTP/1.0" 200 155
127.0.0.1 - - [15/Jan/2025 11:51:46] "GET /api/status HTTP/1.0" 200 155
127.0.0.1 - - [15/Jan/2025 11:51:48] "GET /api/status HTTP/1.0" 200 155
127.0.0.1 - - [15/Jan/2025 11:51:50] "GET /api/status HTTP/1.0" 200 155
127.0.0.1 - - [15/Jan/2025 11:51:52] "GET /api/status HTTP/1.0" 200 155
127.0.0.1 - - [15/Jan/2025 11:51:54] "GET /api/status HTTP/1.0" 200 155
127.0.0.1 - - [15/Jan/2025 11:51:56] "GET /api/status HTTP/1.0" 200 155
127.0.0.1 - - [15/Jan/2025 11:51:58] "GET /api/status HTTP/1.0" 200 155
[Time: 15.01.25 11:51:58] [Level: info] [State: compute] Epoch 90, Total Loss: 0.898662269115448, KL Loss: -5.364418242947977e-09, Recon Loss: 8.98662281036377
127.0.0.1 - - [15/Jan/2025 11:52:00] "GET /api/status HTTP/1.0" 200 155
127.0.0.1 - - [15/Jan/2025 11:52:02] "GET /api/status HTTP/1.0" 200 155
127.0.0.1 - - [15/Jan/2025 11:52:04] "GET /api/status HTTP/1.0" 200 155
127.0.0.1 - - [15/Jan/2025 11:52:06] "GET /api/status HTTP/1.0" 200 155
127.0.0.1 - - [15/Jan/2025 11:52:08] "GET /api/status HTTP/1.0" 200 155
127.0.0.1 - - [15/Jan/2025 11:52:10] "GET /api/status HTTP/1.0" 200 155
127.0.0.1 - - [15/Jan/2025 11:52:12] "GET /api/status HTTP/1.0" 200 155
127.0.0.1 - - [15/Jan/2025 11:52:14] "GET /api/status HTTP/1.0" 200 155
127.0.0.1 - - [15/Jan/2025 11:52:16] "GET /api/status HTTP/1.0" 200 155
[Time: 15.01.25 11:52:17] [Level: info] [State: compute] Epoch 100, Total Loss: 0.8051666617393494, KL Loss: -4.917383389368979e-09, Recon Loss: 8.051666259765625
[Time: 15.01.25 11:52:17] [Level: info] [State: compute] Saving model and decoder...
[Time: 15.01.25 11:52:17] [Level: info] [State: compute] Scoring model...
[Time: 15.01.25 11:52:17] [Level: info] [State: compute] Adjusted Rand Index (ARI): 0.003128608733333182
[Time: 15.01.25 11:52:17] [Level: info] [State: compute] Sent updated weights to coordinator.
[Time: 15.01.25 11:52:17] [Level: info] transition: aggregate
[Time: 15.01.25 11:52:18] [Level: info] state: aggregate
[Time: 15.01.25 11:52:18] [Level: info] [State: aggregate] Waitig for local models...
127.0.0.1 - - [15/Jan/2025 11:52:18] "GET /api/status HTTP/1.0" 200 157
127.0.0.1 - - [15/Jan/2025 11:52:20] "GET /api/status HTTP/1.0" 200 157
127.0.0.1 - - [15/Jan/2025 11:52:22] "GET /api/status HTTP/1.0" 200 157
[CTRL] POST /data
127.0.0.1 - - [15/Jan/2025 11:52:23] "POST /api/data?client=c8e569c4d209cf1d&memo=GATHERROUND4 HTTP/1.0" 200 0
127.0.0.1 - - [15/Jan/2025 11:52:24] "GET /api/status HTTP/1.0" 200 157
[CTRL] POST /data
127.0.0.1 - - [15/Jan/2025 11:52:25] "POST /api/data?client=0acb8b8d2e4bd69a&memo=GATHERROUND4 HTTP/1.0" 200 0
[Time: 15.01.25 11:52:26] [Level: info] [State: aggregate] {'encoder.0.weight': array([[-0.371078  ,  0.04264046,  0.074801  , ..., -0.28953683,
         0.21762548,  0.15636969],
       [ 0.08653253,  0.24910143,  0.23800318, ...,  0.12618744,
        -0.1885391 ,  0.36207202],
       [ 0.16553785, -0.17150055,  0.04792878, ..., -0.03104995,
        -0.2567024 , -0.08099537],
       ...,
       [-0.19424413,  0.05460229,  0.05035336, ..., -0.07821001,
         0.06236639, -0.27086845],
       [ 0.06745508,  0.2091987 , -0.11088453, ...,  0.39778486,
        -0.17493051,  0.2500127 ],
       [ 0.24855101,  0.28078794,  0.07949576, ...,  0.08960389,
         0.17781164,  0.08216803]], dtype=float32), 'encoder.0.bias': array([ 1.22217787e-02, -2.33838379e-01, -1.74006745e-01, -1.14988737e-01,
       -2.73167849e-01,  2.34240647e-02,  2.09990755e-01, -2.82524496e-01,
       -3.97471711e-02, -3.67508709e-01, -2.01623723e-01, -2.61524498e-01,
       -1.07961640e-01,  1.77164480e-01, -3.66550177e-01,  1.46059677e-01,
        2.73168385e-01, -4.07341331e-01,  4.67057377e-02,  2.79016882e-01,
        1.86230049e-01, -3.04787666e-01, -1.97043553e-01, -2.79246956e-01,
        5.50778285e-02, -3.02806884e-01, -4.18594152e-01, -1.23981185e-01,
        1.69495970e-01, -1.57014295e-01,  2.69198716e-02, -1.18900128e-01,
        2.15063304e-01, -2.83831418e-01, -2.57274896e-01, -2.64105290e-01,
       -3.35316658e-01,  1.85797997e-02,  5.19343244e-04,  1.69873893e-01,
       -2.90307365e-02, -1.90551534e-01,  1.39896452e-01,  1.56709403e-01,
        1.38256878e-01,  2.33137757e-01,  4.60529447e-01, -9.43807885e-02,
        1.60578549e-01, -2.54401237e-01, -3.89419138e-01,  6.69185817e-02,
        1.53923750e-01, -6.09524287e-02,  2.36341417e-01,  3.07512861e-02,
       -1.95953637e-01, -2.08432078e-01,  1.86711684e-01, -2.82554954e-01,
       -3.70468557e-01,  1.24465436e-01,  1.49654180e-01,  1.41955107e-01,
       -4.32134941e-02, -1.31867096e-01,  2.50993878e-01, -3.41189116e-01,
       -1.77789912e-01, -2.58073300e-01, -3.11487745e-02,  2.22353637e-02,
        1.32532671e-01, -1.31846935e-01, -1.66863456e-01,  1.18578218e-01,
       -2.91819721e-01, -3.90980572e-01, -2.69281507e-01,  1.56010628e-01,
        2.70857006e-01,  1.54474616e-01,  2.67095000e-01, -1.39175549e-01,
        2.08101377e-01, -3.78007591e-01, -7.78330723e-03, -1.50996819e-01,
       -1.86245054e-01,  1.37424439e-01, -1.36073917e-01,  2.09759116e-01,
       -4.98675071e-02, -3.36491056e-02,  1.47185400e-01,  2.08455712e-01,
        2.11582422e-01, -1.14442177e-01, -7.24899769e-03,  2.49191985e-01,
        1.51547156e-02,  9.40619502e-03, -3.51911634e-01, -3.99214625e-01,
       -2.99599767e-01,  5.52805141e-02, -1.69796780e-01, -2.31413543e-01,
        1.21431679e-01, -3.79031748e-01, -2.31528729e-01, -3.45437497e-01,
       -3.05887640e-01,  5.87305464e-02,  2.07708985e-01, -8.36224928e-02,
       -2.97757108e-02, -2.99654722e-01, -2.75888115e-01, -2.00416252e-01,
       -2.22223908e-01, -3.21140617e-01,  2.97165930e-01, -2.33144462e-01,
       -1.97210625e-01, -7.80489743e-02, -1.72323525e-01,  1.64334103e-01,
        1.19971231e-01, -2.10012421e-01,  1.21496923e-01,  1.98654443e-01,
       -3.91867369e-01,  3.54096085e-01, -3.42141055e-02, -2.33868256e-01,
       -4.05293286e-01, -1.38199925e-01, -2.58746240e-02,  1.03378184e-02,
        3.40373702e-02,  2.57856458e-01,  7.84733072e-02, -2.69304574e-01,
       -9.35229659e-02, -1.21406786e-01,  1.18703581e-01,  1.40655920e-01,
       -1.16668321e-01, -8.60789046e-02,  2.72741914e-01, -3.66826713e-01,
       -1.98838264e-02,  2.09438175e-01,  1.70791879e-01, -3.42179805e-01,
       -2.50456750e-01,  1.44253120e-01, -1.85861021e-01, -1.55067861e-01,
       -2.70390093e-01,  3.06062341e-01, -3.94112676e-01, -2.15348750e-01,
       -3.52203667e-01,  6.08808547e-02, -3.80845159e-01, -2.97743261e-01,
       -4.04097289e-01, -1.42199159e-01, -1.90382287e-01, -3.94044667e-01,
        7.69875795e-02, -5.98969124e-02, -3.16760629e-01,  2.65717357e-01,
        1.81554362e-01, -1.05322860e-01,  1.59500420e-01, -9.06293094e-02,
        4.67221700e-02,  3.91210057e-02, -1.88214649e-02, -4.26939636e-01,
        1.94119811e-01,  1.14360727e-01, -3.26263845e-01,  1.98243648e-01,
        2.28129372e-01,  2.10029364e-01, -2.44438767e-01,  3.98876928e-02,
       -4.14269090e-01, -1.85608625e-01, -5.32276690e-01, -4.18697782e-02,
       -1.68972418e-01, -2.12175056e-01, -1.98515385e-01, -1.21393956e-01,
       -1.24616481e-01,  3.03848028e-01,  8.74069333e-02, -3.79944891e-01,
        2.68905908e-01, -3.78448755e-01,  2.30582044e-01,  3.32060397e-01,
       -9.94445086e-02,  1.87383637e-01,  1.06137946e-01,  2.27876559e-01,
        9.58358347e-02, -2.91427493e-01, -3.06442291e-01, -2.65720338e-01,
       -2.21505053e-02, -2.90397584e-01, -2.53286779e-01, -1.65508598e-01,
        8.88206437e-02,  1.29128277e-01, -2.54139334e-01, -1.46938756e-01,
       -1.44227371e-01,  2.04409465e-01, -3.20789605e-01, -2.22424448e-01,
       -3.12218487e-01, -1.91268519e-01, -4.08492446e-01,  1.63548961e-01,
       -1.03862211e-01,  4.80779372e-02, -2.48976260e-01,  1.77697256e-01,
        3.32339630e-02,  2.01328918e-01,  4.20924604e-01, -2.02344447e-01,
        1.47948995e-01, -3.18352371e-01,  2.40622416e-01,  7.02190027e-02,
       -3.14463317e-01, -4.19447392e-01, -1.73528388e-01, -3.52901638e-01,
       -3.17256749e-01,  5.80452718e-02,  1.86221171e-02, -1.50300339e-01,
       -1.86678092e-03, -2.92891394e-02, -9.22492594e-02,  7.52972662e-02,
        1.12261742e-01, -4.08033162e-01,  1.68830901e-01,  2.74116278e-01,
        2.96565205e-01, -3.01342845e-01,  8.42746124e-02, -2.08388194e-01,
       -1.55779988e-01, -7.52657279e-02, -3.51923734e-01,  1.99044257e-01,
        1.49735168e-01, -2.85987526e-01,  2.40513384e-01, -3.56314868e-01,
        6.58327565e-02, -1.44470558e-01, -4.04992521e-01,  1.18645236e-01,
       -4.23704624e-01,  2.75836319e-01, -2.75933385e-01, -3.91170323e-01,
        2.45736450e-01,  1.83776036e-01,  6.30983636e-02, -4.47724238e-02,
       -4.07340080e-01,  2.00192690e-01, -2.59143323e-01,  1.71387374e-01,
        1.30079212e-02, -4.29143965e-01, -2.94004023e-01, -3.23202312e-01,
       -1.97878405e-01, -2.23233640e-01, -8.31969082e-02, -3.79803985e-01,
        2.49836862e-01, -2.46725574e-01,  1.72176898e-01, -2.84588486e-01,
        3.37301008e-02, -2.68100381e-01, -1.41404346e-01, -6.53842688e-02,
       -3.61295938e-01, -3.95843387e-01,  9.46920291e-02, -3.44253480e-01,
       -5.25242910e-02,  1.02066875e-01,  1.82432935e-01, -2.68341422e-01,
       -3.96108299e-01,  5.04602976e-02, -2.56817400e-01, -4.70843822e-01,
       -1.34677351e-01,  2.78981239e-01, -3.27645540e-01, -1.07790932e-01,
       -1.16785653e-01, -2.42843717e-01,  7.22769946e-02, -1.92873254e-01,
       -3.43424857e-01, -2.82700807e-01,  1.57900795e-01, -1.96413592e-01,
        9.40297842e-02,  2.43713185e-01, -1.06109187e-01,  1.35823190e-01,
       -1.80043206e-01,  3.00933033e-01, -4.64897901e-02,  6.99533746e-02,
       -3.56384255e-02, -2.00704828e-01,  2.43645608e-01,  5.91812842e-02,
       -3.59225273e-01,  2.16871038e-01, -1.70819953e-01,  1.45274833e-01,
       -1.32774383e-01,  2.22160205e-01,  2.75616795e-01,  5.78455534e-03,
       -2.83112973e-01,  6.16494678e-02, -3.94063778e-02,  1.46037936e-01,
       -2.71366984e-01, -7.06071481e-02, -3.39798599e-01, -1.67436481e-01,
        3.10315192e-02,  1.63006917e-01,  4.72943634e-02, -1.56428203e-01,
       -6.14926443e-02,  2.21837312e-01, -2.09835380e-01,  1.53274268e-01,
        1.70548260e-01, -1.88079759e-01,  1.83073342e-01,  2.11600348e-01,
       -1.63492098e-01, -3.52860630e-01, -1.52727962e-01, -6.24495633e-02,
       -1.98219001e-01,  1.43733770e-01,  2.03955427e-01,  2.06454545e-01,
       -4.38288562e-02, -8.20304677e-02, -2.26555243e-01, -2.13623405e-01,
       -2.87052721e-01,  1.80205509e-01,  1.26621187e-01, -1.02598198e-01,
       -1.51624367e-01, -1.18783735e-01, -5.35961837e-02,  2.26658136e-01,
       -3.12454551e-02, -4.50690985e-01, -2.01859131e-01,  8.82703811e-02,
       -2.95637771e-02,  2.97053426e-04,  1.00163639e-01,  2.32695177e-01,
        6.88017160e-02, -4.90502506e-01, -1.27215102e-01,  2.26219550e-01,
       -1.80342466e-01, -5.28796948e-02, -4.27329019e-02, -1.13280877e-01,
        9.23480615e-02, -2.18365286e-02,  1.96590042e-03,  2.57686734e-01,
        1.24392264e-01,  2.25916252e-01, -4.05912876e-01,  1.52919888e-01,
       -3.34785283e-01, -6.67381436e-02, -4.07388628e-01,  3.66987199e-01,
       -1.38030589e-01, -2.33339310e-01, -8.42455775e-02,  2.16004476e-01,
       -1.86199009e-01,  1.13031603e-01, -3.60283762e-01, -2.67160892e-01,
        1.22491166e-01,  1.67773217e-01, -1.16247259e-01, -4.17082429e-01,
        1.96533352e-01, -1.76444560e-01, -3.60727847e-01, -1.02312908e-01,
        4.78188321e-02, -5.91502264e-02, -3.37753445e-01, -3.34531754e-01,
        2.37475291e-01, -1.35911494e-01,  1.73443884e-01,  1.17571123e-01,
       -3.18274498e-01, -1.08869188e-01,  9.69624221e-02, -3.95386755e-01,
       -3.96228097e-02, -1.48795560e-01,  1.21056832e-01,  2.68665493e-01,
       -1.67217374e-01,  2.60388792e-01, -2.84299672e-01,  1.47671372e-01,
       -3.37942004e-01,  1.11305311e-01, -2.37289086e-01, -5.58579713e-02,
       -1.58460781e-01,  1.74956158e-01, -1.46976680e-01,  3.05205613e-01,
       -3.60976130e-01, -1.07609242e-01, -5.65396212e-02,  1.13225311e-01,
       -3.64372641e-01, -4.21616584e-01, -2.11441904e-01, -2.67246604e-01,
        1.99057981e-02, -3.50790977e-01, -3.00171256e-01,  1.34161532e-01,
       -3.15589517e-01, -3.53167564e-01,  6.85841814e-02, -1.47432894e-01,
       -1.90700814e-01, -2.48241071e-02, -3.54166180e-01, -1.21639445e-01,
        2.83956438e-01, -3.30518395e-01,  7.51089975e-02, -2.64055270e-05,
       -3.04164261e-01, -2.72676617e-01,  2.64332116e-01, -1.28020093e-01,
       -2.22197101e-01,  1.65813845e-02, -3.91229764e-02,  1.31097227e-01,
       -4.44586985e-02, -1.28317699e-01, -2.48146236e-01,  9.88161415e-02,
       -1.30947575e-01,  1.08929232e-01,  6.05848320e-02, -3.27461690e-01],
      dtype=float32), 'encoder.2.weight': array([[ 0.6415395 , -0.6321366 , -0.8019101 , ...,  0.10182107,
         0.02280547, -1.0999374 ],
       [-0.6101278 ,  0.52567714, -1.1300467 , ...,  0.04167359,
         0.3592103 , -0.7251191 ],
       [ 1.0180206 ,  0.8383179 ,  1.1737077 , ...,  0.43773735,
         0.7555041 ,  0.58030945],
       ...,
       [ 0.16059783,  0.33850655, -0.9562142 , ..., -0.69797134,
         0.5068586 ,  0.20202085],
       [ 0.89236873,  0.2778432 ,  0.7310837 , ...,  0.08185567,
         0.3399298 ,  0.35004994],
       [ 1.1001    , -1.1806029 ,  0.8554017 , ..., -0.28754613,
         0.02405744, -0.8621229 ]], dtype=float32), 'encoder.2.bias': array([ 0.92184216,  0.6186839 ,  1.0811332 , -0.7114791 , -0.42555982,
       -1.3994712 , -0.3712095 ,  0.38449833, -0.8974816 ,  0.38594124,
        0.60356665, -1.0886084 , -0.6136343 , -0.4298234 ,  0.48063087,
        0.8627083 , -0.3945973 , -1.1008751 ,  0.6698438 ,  0.49389198,
       -0.6095299 , -0.5267776 , -0.9609904 , -0.36018574,  0.31077677,
        0.40356046, -0.15998666, -0.89120907, -1.0494725 , -0.87028116,
       -0.6411917 , -0.5785536 ,  0.4517296 , -0.26594535, -0.03269069,
        0.8402929 , -0.7965642 , -0.40683967, -0.8106963 ,  1.4195603 ,
       -0.8608385 ,  0.03929991,  0.60943925, -0.6198071 , -0.1228276 ,
        0.5772868 ,  0.61862165,  0.04941902, -0.69636995, -0.5729828 ,
       -0.1387692 , -0.1341225 , -0.8000036 , -0.2282557 ,  0.14145105,
       -0.989016  ,  0.87197524, -1.1581249 ,  0.03040889,  0.6672098 ,
       -0.66300696,  0.96944004,  1.0439091 ,  0.07341046, -0.5371431 ,
       -0.23091021,  0.6016707 ,  1.1586695 ,  0.00718905, -0.9671722 ,
        1.0634711 , -0.26709753, -0.8084285 , -0.6313185 ,  0.9510458 ,
       -0.07046554, -0.54550236,  0.08472861,  0.60905445,  1.0469552 ,
       -1.3444145 ,  0.7530665 , -0.4504447 ,  0.7941311 ,  0.843611  ,
       -0.9277931 , -0.23928721, -0.62228614,  0.22084723,  0.46246436,
       -0.5898143 ,  1.1726131 , -0.19201003, -0.6437158 , -1.0720236 ,
        0.27523553,  0.66296595,  0.01218337, -0.83479726, -0.13732402,
        0.41343123,  0.5740278 ,  1.1501317 , -0.7518989 , -0.01388102,
        0.33279338,  0.98632026,  0.02688546,  0.12488163,  0.7087625 ,
        0.61318135, -0.17783932, -1.310102  ,  1.1788478 ,  0.9424074 ,
        0.7469671 , -0.60038716, -0.8104988 , -0.09537726,  0.09444197,
        0.10992311,  0.07215227,  0.9455454 , -0.08645923, -0.14880948,
        0.4091294 , -1.0647612 ,  0.8167655 ,  0.5301873 , -1.3055757 ,
        0.60607046, -0.64602625,  0.8879083 , -1.0446489 , -0.20052315,
        0.36788768,  0.5089703 ,  0.67863446,  0.43302497,  0.9204727 ,
        0.08490951,  0.36412486,  0.37295198, -0.04289915, -0.21889356,
       -1.1813887 , -0.0639728 ,  0.4573244 , -0.72059804, -0.8506873 ,
       -0.16128537,  0.08351062, -0.5961133 ,  1.0475683 , -0.03510201,
       -1.2660182 ,  0.6074546 , -0.53307647,  1.150525  , -0.4794214 ,
       -0.12721775, -1.407569  , -0.07124014, -0.33538035,  0.6358744 ,
       -0.36539063, -0.37439525, -0.9276122 ,  0.5404318 ,  0.32243246,
       -1.0153075 ,  0.35983086,  0.77087   ,  0.0214372 , -0.4795188 ,
       -0.40520355, -0.45766723, -0.54493517,  0.04657826,  0.61419225,
        0.73747575, -0.12731145, -0.05854649, -1.2444198 ,  0.6536215 ,
       -0.21112408,  0.90787697,  0.4430438 , -1.15231   , -1.1632502 ,
        0.60815006,  0.14510974,  0.39808464,  0.1063811 , -0.5965116 ,
       -0.8966016 , -0.1453611 ,  0.18718226,  0.15634486,  0.28613177,
       -0.8328234 , -0.72579795, -0.8197588 , -0.10801531,  0.72060585,
       -0.1676917 ,  0.07061162, -0.42360196, -0.79404354, -0.4802574 ,
        0.56585336,  0.09053713, -0.01879746,  0.9517026 ,  1.0683893 ,
       -1.333225  ,  0.8809039 , -0.5616082 , -1.1249566 ,  0.1695963 ,
       -1.129584  ,  0.4603682 ,  0.4676671 , -0.7792211 , -0.8823982 ,
       -0.1674297 ,  0.3083264 ,  0.8922604 ,  0.5329827 ,  0.20725359,
        0.9168615 ,  0.8755036 ,  0.6381718 , -1.2579774 , -0.2066277 ,
        0.19373073,  0.24950807,  0.02267586, -0.9198596 , -0.83425885,
        0.8873362 ,  0.7653848 ,  0.22097233,  0.35671207,  0.88810337,
        0.6425948 ,  0.5153682 ,  1.0816966 , -0.3485193 , -0.8390179 ,
        0.1298566 , -0.12854439,  1.0182427 ,  0.9267041 , -0.32312015,
        0.12087297,  0.7003697 , -0.5494215 ,  0.25561342, -0.35047105,
        0.0750365 ,  0.01047134,  0.07037807,  0.63656765, -0.2576823 ,
        0.93053067,  0.07722443,  0.00353427, -0.01196409,  0.07257443,
        1.0057006 , -1.1968282 , -0.9357825 ,  0.39492506, -0.30768397,
        0.9679458 ,  0.78420085, -1.3077964 ,  0.82791394,  0.22629552,
       -0.55400765, -0.58546585,  0.2912578 , -0.71926254, -1.1021744 ,
        0.8150318 ,  0.7995549 , -1.1694247 ,  0.6983518 , -0.25309622,
       -1.2501574 , -0.47049722,  0.9392932 , -0.0102484 , -0.42052042,
       -0.43609753,  0.46454382,  1.1808227 , -0.22887103,  0.20754243,
       -0.4431677 ,  0.84008896, -0.91155297, -1.1043069 ,  0.6364168 ,
       -1.1625928 ,  0.17676237, -0.25037888, -1.1401403 ,  0.47664064,
       -0.5487497 , -1.2591964 , -1.343609  ,  0.33452678,  0.64309007,
        0.4793375 ,  0.58611387, -0.53244734,  1.0407104 ,  0.15679732,
        1.2996638 ,  0.75354415, -0.59232646,  0.32722932,  0.24333017,
        0.76403475,  0.01429527, -0.00425924, -0.47684178, -0.88964313,
       -1.0805931 ,  0.44132847, -1.0633569 ,  0.27556932, -0.13905105,
        0.9606727 , -0.14271075, -0.12727408,  0.667785  , -1.046731  ,
        0.775632  , -0.64902407, -0.30260625,  0.39135933,  0.08258987,
        0.65415734, -0.58951026,  0.44978684,  0.6336825 ,  0.8729106 ,
        0.74908626, -0.7573609 ,  0.14369301, -0.5796645 , -0.84136367,
       -0.7530048 , -0.93372804,  0.29539928, -0.43904462, -0.2934471 ,
        0.5339235 , -0.13479082, -0.57837814, -1.0214225 , -1.179532  ,
       -0.547637  ,  0.01436506,  0.1502164 , -0.38266158, -1.2274804 ,
        0.45216155,  0.70731646, -0.37367997,  0.67860746,  0.61293554,
        0.2993019 ,  0.44807875,  1.0472654 , -0.8315415 , -0.03119231,
       -0.7345324 ,  0.9569214 ,  0.46817407, -0.518501  ,  1.024499  ,
        0.7042011 , -0.92849946,  0.8351185 ,  0.13679971, -0.7743577 ,
        0.8898484 , -0.40193525,  0.8775693 ,  0.3973842 ,  0.65262455,
        0.33916038,  0.9076523 , -1.2774025 , -0.6693253 ,  0.97787213,
       -0.15906294,  0.5415059 ,  0.89695305,  0.37502474, -0.4244954 ,
       -1.0637778 ,  0.4022764 ,  0.7629334 ,  0.47772092, -1.0157254 ,
        0.5383668 ,  0.36190718, -0.26280814,  0.26789418,  0.46154478,
       -1.0035422 , -0.07321304, -0.29217178,  0.9808803 , -0.06544407,
        0.14324793, -0.12668054, -0.08418406,  0.61475044,  0.76657337,
        0.0270144 ,  0.7816738 ,  0.44884402, -0.37980843,  0.3356234 ,
       -1.1512247 ,  0.63578594, -0.05860444, -0.73323715,  0.25241414,
       -0.43909168, -0.6717299 , -0.00913549, -0.8904478 , -0.10363529,
        1.1627748 ,  1.1816529 ,  0.9588009 , -0.12877154, -0.13852271,
       -1.0551634 ,  1.0024222 , -0.3387705 , -0.90728027, -0.38109702,
        0.9238465 , -0.39715785, -0.22195666, -0.7495487 ,  0.1075122 ,
        0.05873054, -0.2502103 , -0.4220284 ,  1.1732249 , -1.0834346 ,
       -0.9573601 ,  0.43343797, -0.6058702 ,  1.1747035 ,  0.86656135,
       -0.00748065, -1.0640059 ,  0.44731838,  0.63629776, -0.5690839 ,
       -0.8265661 , -0.0094689 ,  0.6474659 ,  0.46088627, -1.1421496 ,
       -0.14798698, -0.32217494, -1.1483203 ,  1.1318992 ,  0.95023465,
        1.1334246 , -0.20013365,  0.27686033,  0.34105036,  0.4346456 ,
       -1.3260943 , -0.91017556,  0.4434439 , -0.48226348, -0.5618569 ,
       -1.3398424 ,  1.0192934 , -0.7592157 ,  1.3400406 , -1.1458578 ,
        0.08143491, -1.0790498 ,  0.4551941 ,  0.39721897, -1.0520936 ],
      dtype=float32), 'encoder.4.weight': array([[-0.83197415, -0.9524946 , -0.9838791 , ...,  0.9923702 ,
         0.446798  , -0.74840534],
       [-0.03925366, -0.92329913, -1.2781774 , ...,  0.7455875 ,
        -0.45058542, -0.73710436],
       [-0.18166004,  0.6723091 ,  0.47278818, ...,  1.1553117 ,
         1.0399728 ,  0.35908848],
       ...,
       [-1.1752979 ,  0.74014306,  0.6090044 , ...,  0.8932738 ,
         0.69568753, -0.86295986],
       [ 0.27050826,  0.94658893, -0.61399406, ..., -1.0932522 ,
        -0.33183736, -0.06501031],
       [-1.137159  ,  1.0156647 , -1.0715548 , ..., -0.52989924,
        -1.1924009 , -0.99294627]], dtype=float32), 'encoder.4.bias': array([-1.0482423 ,  0.03175675,  1.166302  , ...,  0.83995384,
       -0.66373724, -1.1405736 ], dtype=float32), 'encoder.6.weight': array([[-0.1882594 , -0.4138099 ,  0.37004247, ...,  0.22921866,
         0.14511463, -0.29637364],
       [ 0.32843205,  0.36053494,  0.42279276, ..., -0.37644067,
         0.42128456,  0.47353467],
       [-0.41987675, -0.30369923,  0.31671003, ...,  0.19560286,
        -0.24960758, -0.03124714],
       ...,
       [-0.2976023 , -0.53454477, -0.10224277, ..., -0.10227101,
         0.29201204, -0.05130272],
       [-0.3605357 , -0.33020964, -0.7580435 , ...,  0.5463789 ,
        -0.31583616,  0.43388346],
       [-0.27616388, -0.2584123 , -0.25514746, ...,  0.07204474,
        -0.4659109 ,  0.43581763]], dtype=float32), 'encoder.6.bias': array([-0.14503841,  0.0202715 ,  0.2900734 ,  0.18264557, -0.30298635,
       -0.14748555, -0.42822894, -0.2778543 ,  0.33344117, -0.01243746],
      dtype=float32), 'decoder.0.weight': array([[-3.8010452 ,  0.26549911, -1.934022  , ...,  6.007509  ,
         7.9485307 , -3.3959374 ],
       [-2.2197578 , -1.37459   , -3.214111  , ..., -5.66754   ,
        -6.3777595 ,  7.507558  ],
       [-4.7908883 , -2.9112988 ,  2.313616  , ..., -1.1388243 ,
        -4.0846295 ,  4.551611  ],
       ...,
       [ 3.9198658 , -2.0041554 ,  6.5697646 , ...,  3.5121098 ,
        -3.5657344 ,  6.4189234 ],
       [-8.021199  ,  0.7892006 , -6.9363236 , ..., -1.9139961 ,
        -4.072281  , -8.175216  ],
       [ 8.424586  ,  8.480283  ,  4.7121997 , ..., -3.3431015 ,
         2.0830288 , -0.06978553]], dtype=float32), 'decoder.0.bias': array([-8.679795  , -2.2313778 ,  0.19106436, ...,  0.3024067 ,
       -1.5329462 ,  4.6940503 ], dtype=float32), 'decoder.2.weight': array([[ 0.3978543 ,  0.23464204, -0.4317346 , ...,  0.35685873,
         0.21899295,  0.34836978],
       [ 0.05754088, -0.07028913, -0.18615267, ..., -0.26258516,
        -0.35758072,  0.18589893],
       [-0.10155435,  0.1379349 , -0.50416917, ..., -0.35847378,
         0.21552806,  0.22533724],
       ...,
       [-0.4344982 , -0.45310843,  0.1759782 , ...,  0.29497406,
        -0.45755962,  0.53546077],
       [-0.19966134, -0.61152786, -0.02329627, ..., -0.31120834,
         0.41681617,  0.16137612],
       [-0.71303207, -0.6055842 ,  0.19055915, ...,  0.05165489,
        -0.4206667 , -0.6753475 ]], dtype=float32), 'decoder.2.bias': array([ 0.16537158, -0.36556077, -0.38692662,  0.15516904, -0.22166686,
       -0.6465857 , -0.25384772,  0.06901745,  0.48582187,  0.2181369 ,
       -0.75780594, -0.10538804,  0.03275413,  0.4628696 ,  0.09633631,
        0.00890925, -0.24126707, -0.5151654 ,  0.26635274,  0.00099808,
        0.09745474, -0.20445542,  0.16832219, -0.14307085,  0.04724266,
        0.4270401 , -0.61415035, -0.04697425, -0.57528806, -0.4078168 ,
        0.3813235 , -0.546193  ,  0.5335486 ,  0.31300014,  0.5164555 ,
       -0.38008428, -0.5742922 ,  0.21006599,  0.0071149 , -0.2046979 ,
       -0.36290592, -0.49653322,  0.34616846, -0.5810331 ,  0.10161021,
        0.33148694,  0.03038841, -0.19275665, -0.5792138 ,  0.3946172 ,
        0.34315187, -0.46590787, -0.12829351,  0.3308922 , -0.51617116,
       -0.58734643, -0.3942156 , -0.02136718,  0.1365548 , -0.10441098,
       -0.5524975 ,  0.48174667,  0.04882107,  0.09649008, -0.5066921 ,
       -0.6025332 ,  0.17199463, -0.36234704, -0.3551563 ,  0.36218128,
        0.7233096 ,  0.02022887,  0.22766022, -0.09928228,  0.29595077,
       -0.2102359 , -0.65968114, -0.67709506,  0.5147936 ,  0.39620587,
        0.3854716 , -0.5154221 , -0.6789347 , -0.5566059 ,  0.3258452 ,
       -0.5954561 ,  0.1465359 ,  0.14405248, -0.0449804 , -0.09626835,
        0.15900353,  0.2475167 ,  0.30193684, -0.5844763 , -0.37981215,
       -0.5552122 , -0.4460443 ,  0.33606318, -0.28771636, -0.4920891 ,
       -0.23887761,  0.00455253, -0.2881425 , -0.536895  , -0.13250948,
       -0.6170682 ,  0.28662005, -0.10644481, -0.24906135, -0.21061538,
        0.05069137,  0.23750043, -0.44762024, -0.62766343, -0.16313133,
       -0.27574062, -0.40803707,  0.22573036, -0.63943064, -0.60211706,
        0.42552155,  0.56374097,  0.4878221 , -0.41449726,  0.5567016 ,
        0.10645115, -0.58627415, -0.40028828,  0.4872717 ,  0.18126656,
        0.48011065, -0.57381564,  0.05060025,  0.46616918, -0.28213832,
        0.4791626 ,  0.08242097, -0.23838285, -0.5844223 , -0.51641685,
        0.5891516 ,  0.42108282, -0.61078256, -0.17214787,  0.12170589,
        0.51693356,  0.3286648 ,  0.14697245,  0.37477195, -0.3781041 ,
       -0.62782866, -0.15558092,  0.50996274, -0.3675905 , -0.47465724,
        0.04691277, -0.4491868 , -0.21110754, -0.56925416,  0.06492411,
       -0.28012654,  0.44621783,  0.31659612, -0.11272012,  0.2166727 ,
        0.45316353, -0.44839835,  0.6327667 ,  0.05555313,  0.45580944,
        0.06123653, -0.05355486,  0.29101142,  0.0209094 , -0.4405684 ,
       -0.6217566 ,  0.2577456 ,  0.24035978, -0.43658984,  0.33789057,
        0.01894286, -0.629637  ,  0.47836533, -0.11228961, -0.65449965,
        0.31198615, -0.62348783, -0.39301872, -0.01980468, -0.5867415 ,
       -0.34319696, -0.5839469 , -0.66315895, -0.51701665,  0.00903438,
       -0.46480894, -0.01894845,  0.30395105,  0.0270219 , -0.5352036 ,
       -0.6596678 , -0.04732691,  0.53136504,  0.17961241, -0.56828   ,
       -0.25241974, -0.22001712, -0.43078792, -0.10518585, -0.01390302,
       -0.63848066,  0.14709046, -0.29452223, -0.54715854, -0.2259277 ,
       -0.64284444, -0.39318398,  0.48863447, -0.14579213, -0.32384086,
       -0.41068748, -0.03104826, -0.32229912,  0.5028711 , -0.5153786 ,
        0.20879933, -0.6045363 , -0.3893085 ,  0.23150823, -0.60133666,
       -0.05026799,  0.1073069 , -0.28326425, -0.5146663 , -0.54368323,
        0.1941522 , -0.3449458 , -0.31058452, -0.36881348, -0.42142215,
       -0.56325465,  0.10419835, -0.6909252 , -0.38750166,  0.3224053 ,
        0.05803854, -0.01761448,  0.25197282,  0.52644753, -0.35107622,
       -0.06622216, -0.408629  , -0.01285946, -0.04206048,  0.32169962,
        0.4233119 , -0.2019338 , -0.6199756 , -0.47662327, -0.50359285,
        0.10469647, -0.13274612, -0.03972482, -0.2798745 , -0.52749884,
       -0.22646649,  0.00700254, -0.08066633, -0.4295076 , -0.21608146,
        0.21988021, -0.59735787,  0.3037613 , -0.60650754,  0.1761908 ,
        0.22359496,  0.03728824, -0.41061622, -0.22091989,  0.0278572 ,
       -0.04832339,  0.3367056 , -0.00265586,  0.45034885,  0.23711191,
        0.38293037, -0.686586  ,  0.36701843, -0.64640605, -0.00280225,
       -0.23513019,  0.18470617, -0.4509742 , -0.20679219, -0.16843365,
       -0.40893292, -0.42253417, -0.542285  , -0.36965913,  0.16061932,
       -0.58453345, -0.20256786,  0.33751044,  0.29078916, -0.02756696,
       -0.4888248 ,  0.19831967, -0.2674818 ,  0.20737062,  0.35400376,
        0.47463366, -0.5405463 , -0.35245574,  0.04697222, -0.15876463,
       -0.37642288,  0.37117565,  0.01719628,  0.16451938, -0.0855628 ,
       -0.24917679, -0.43549955, -0.2533582 , -0.34676576, -0.17028752,
       -0.14653216, -0.6670983 ,  0.45824602, -0.6036747 , -0.02335019,
       -0.59473795, -0.39511287, -0.41095448, -0.14211585, -0.30155277,
        0.45292038,  0.38637185,  0.1367035 , -0.2041071 , -0.35766813,
       -0.31376457, -0.67213017,  0.03319563, -0.45384642, -0.08350655,
       -0.19314335, -0.6726602 , -0.74608964, -0.14674075, -0.6759147 ,
        0.02667373, -0.42781633, -0.05616824,  0.09701251,  0.17775272,
        0.09387967,  0.41899687, -0.42579073, -0.70986724, -0.11271435,
       -0.27762404, -0.3832706 ,  0.4547642 , -0.0152118 ,  0.42691502,
        0.3506778 , -0.6399203 ,  0.17344338, -0.17437631, -0.45667818,
        0.51303405, -0.10005411, -0.4580982 , -0.46006894, -0.3064923 ,
       -0.01812005, -0.20827062,  0.36775386, -0.34963664,  0.22339314,
       -0.46620607, -0.2588358 , -0.3010954 , -0.26037475, -0.28053793,
       -0.5944613 , -0.3669095 , -0.277967  ,  0.41055518,  0.0841243 ,
       -0.20654416,  0.19429533,  0.51871747, -0.53227067,  0.07833889,
        0.21981451,  0.12263615,  0.30182934,  0.13594225,  0.02198973,
       -0.40394422,  0.35093337, -0.50538594,  0.520846  ,  0.3862801 ,
        0.29346445, -0.25171235, -0.41108707,  0.52724963, -0.54637367,
       -0.35324496, -0.5348397 ,  0.43985552, -0.5102388 , -0.19259566,
        0.07697725,  0.36128664, -0.0804224 , -0.45921943, -0.15713552,
        0.18673682, -0.58849245, -0.08501328, -0.4701638 , -0.18440597,
        0.3348132 , -0.368056  ,  0.04094603,  0.03236835,  0.42699322,
       -0.4689289 ,  0.19205572,  0.78824985, -0.09035327, -0.53250045,
       -0.2842048 ,  0.08602308, -0.0703395 , -0.13811101,  0.36443743,
       -0.23777926, -0.49275193, -0.27984846, -0.5324193 , -0.757779  ,
        0.15858752, -0.04341628, -0.42980206, -0.3193454 , -0.00592425,
        0.4091804 , -0.42628628,  0.06985631,  0.47418237, -0.09029556,
        0.45567825,  0.05853415, -0.33501396,  0.20993216, -0.14767395,
        0.01996423, -0.29490313, -0.00464138, -0.590947  , -0.5429013 ,
        0.11278156,  0.21112455,  0.33130655, -0.17754626,  0.46615934,
       -0.2188718 , -0.5182097 , -0.09903193,  0.32963592, -0.48589897,
       -0.4641024 ,  0.18702269,  0.28427693, -0.43519562,  0.09073427,
       -0.08931811,  0.07344014, -0.37721467, -0.62680244, -0.43524683,
       -0.01041826,  0.1219632 , -0.36293513, -0.38430414, -0.56880593,
       -0.06071195, -0.0732796 ,  0.04661152,  0.05541625,  0.6935689 ,
       -0.22401583,  0.3171804 , -0.680022  ,  0.36906025, -0.0616119 ],
      dtype=float32), 'decoder.4.weight': array([[ 1.1348335 , -0.42192566,  0.47599298, ..., -0.98876214,
         0.7748498 , -0.06577477],
       [ 0.01491823, -0.6232315 , -1.0118319 , ..., -0.09843538,
        -1.323145  ,  1.1391774 ],
       [-0.1891973 , -0.96557677,  0.4478869 , ..., -0.07957304,
        -1.019161  ,  1.0503643 ],
       ...,
       [-0.08323057, -0.45344472,  0.7930468 , ..., -0.5714098 ,
         0.07008375, -0.64022124],
       [ 0.58787084, -0.43944788,  0.53603595, ...,  0.8979891 ,
        -0.39373294,  0.52030975],
       [-1.021439  ,  0.6575901 , -0.01909765, ...,  0.32159263,
         0.23941028, -0.856477  ]], dtype=float32), 'decoder.4.bias': array([-0.5035912 ,  0.44205418, -0.38068792, -0.7717579 , -0.12250894,
        1.054617  , -1.1230557 ,  0.15341935, -0.6012451 , -0.05521777,
       -1.3019022 ,  0.08400582, -0.62909365,  0.8968399 ,  0.2054296 ,
        0.56255835, -0.15002425, -0.53940463, -0.7718407 ,  0.84888434,
        0.7329747 , -1.3862891 ,  0.88296485,  0.06845615, -1.1304314 ,
        0.06053827, -0.5661047 ,  1.1349128 , -0.6886598 , -1.0407389 ,
        0.59877235,  0.49015975,  1.0587226 ,  0.5035526 , -0.6746008 ,
        0.49570993,  1.1121335 ,  0.4966819 , -0.3033268 , -1.1970758 ,
       -0.53787524, -0.5429744 , -0.94770443,  0.9801158 , -0.2802835 ,
        0.70446   , -0.861895  , -0.5401383 , -1.3326224 , -0.26933903,
       -0.73110664, -0.9338283 ,  0.5513831 , -0.3659336 , -0.21037114,
       -0.3919965 , -0.5011989 ,  0.8840056 , -1.2917686 , -1.1270219 ,
       -1.0709862 , -0.8416126 , -0.13472718,  0.82681924, -0.833385  ,
        0.6569152 ,  0.05311015, -0.9306881 , -0.5181072 ,  0.41384926,
        0.5999552 ,  0.3102216 , -0.601457  , -0.87307584, -1.8380212 ,
        0.60452735, -0.10780618,  0.19075607, -0.477333  ,  1.1103002 ,
        0.45208272,  0.61179113,  1.3018732 , -0.17952512,  0.86844707,
       -1.437247  , -0.1905761 ,  0.43481538,  0.2338006 , -0.6310447 ,
       -0.504114  ,  0.607841  ,  0.4268764 ,  0.6433767 ,  0.01031643,
       -1.2464261 , -0.92219293,  0.8817166 ,  0.77064073, -0.5684495 ,
        0.8155757 ,  1.2235252 ,  1.243759  , -0.9805676 , -0.62271017,
       -0.9192588 , -0.2711124 , -0.05918615,  0.58081424, -1.1255499 ,
       -1.0575848 ,  1.1315686 ,  1.6090941 ,  0.6096944 , -1.3822583 ,
        0.8389459 ,  0.23074776,  1.1275631 ,  0.7294273 , -1.2181108 ,
        0.13647299, -0.6485751 , -0.20332813, -1.0195022 ,  0.6779975 ,
       -0.11041592,  0.60909784, -0.73283535, -1.0577421 ,  0.4051271 ,
        0.741213  ,  0.09540793, -1.0080065 ,  0.17015213, -1.4010326 ,
       -0.2823046 , -0.6456523 , -0.26800883, -1.1344603 , -0.37490165,
       -1.2994101 , -1.1935945 ,  0.78712064, -1.0146521 , -0.15467572,
       -0.51037145,  1.2977145 , -0.9669274 ,  0.36531022,  0.06669314,
        0.12608747,  0.06525444,  0.7681575 , -0.8269605 ,  0.6055012 ,
        0.17018169,  0.5276873 ,  0.46241164, -1.2007445 ,  0.5612875 ,
        0.16869323, -0.91436994, -0.18319902, -0.29746637, -1.3218346 ,
        1.5085241 ,  0.5621435 ,  1.1078659 ,  1.0954633 , -0.13383155,
        0.8496728 , -0.5493781 ,  0.63042825, -0.95469266, -0.8654626 ,
       -0.4874363 , -0.9900227 ,  0.23827522,  1.0480936 , -0.8195407 ,
        0.6236102 ,  0.55985236,  0.70448506,  1.0233911 ,  0.38191456,
       -0.8611974 , -0.27419868,  0.09731244, -0.38836932,  0.68560225,
       -0.8709845 ,  0.4862305 , -0.23795772,  1.0255623 , -0.39970514,
        1.0730802 , -0.38392794,  0.4407221 , -0.49180767,  0.04189778,
        0.52513754,  1.2678573 , -0.37026834, -0.9044367 , -0.4237794 ,
       -0.44120225,  0.8875125 ,  0.26403114, -0.02610525, -0.03761683,
       -0.45707557,  0.99659616, -1.161169  , -0.52439725,  0.08162572,
       -0.48000488, -1.0200968 , -0.7652442 , -0.31749102,  0.5874914 ,
        1.170883  ,  0.68137985,  0.32677323,  0.16249098, -1.3665104 ,
        1.4991759 ,  0.13873492, -0.94948554,  1.4052975 ,  0.03603726,
       -1.5020926 ,  0.00584271,  0.9278158 ,  1.287249  ,  0.69022286,
       -0.0325707 , -0.95189095,  0.40634477, -0.6404712 ,  0.16192606,
       -0.3392157 , -0.07988533,  0.60647106, -1.1870328 , -0.7480915 ,
        0.16366968,  0.2747191 ,  0.5883534 ,  0.98106164,  0.26817498,
       -1.0545238 , -1.1364379 , -1.1924899 , -0.35129958, -0.87180144,
       -0.9174389 , -0.0274475 , -0.03727122,  1.1028835 ,  0.25828382,
        0.96790946,  0.68603057,  0.4240817 ,  0.86736804, -0.6865142 ,
       -0.9982742 , -0.9827482 , -1.1616825 , -1.3648658 ,  0.2583542 ,
       -0.9482417 ,  0.82436544, -1.0466723 ,  1.2197897 , -0.22652529,
        1.2422768 , -0.24304833, -0.8667339 ,  0.8691662 ,  0.45178103,
       -0.81679004,  0.64041466, -0.31954238,  0.58710736,  0.13342583,
        0.67730004,  0.794848  ,  0.15357631,  1.0531517 , -0.00373721,
        0.5891717 , -0.5320633 , -1.2155056 ,  0.19231437, -1.6080699 ,
        0.9970474 ,  0.34463423,  0.1329053 ,  0.4468314 , -0.27221954,
       -0.04027674,  1.1134386 , -0.87083936, -0.44145015,  1.0800155 ,
        0.44390973,  0.9003956 ,  0.24564691, -0.56759804,  1.1921136 ,
        0.6108576 , -1.7327628 , -0.9846858 , -0.5593775 , -0.04850367,
        0.7349142 , -0.44701025,  0.8804541 , -0.8437152 ,  0.670672  ,
        0.76363254,  0.653348  ,  0.4236118 , -0.17736767, -0.59061384,
        0.34013999,  0.3559314 ,  0.5985659 , -0.8245336 , -0.8273216 ,
        0.9893216 , -0.83940446,  0.7652577 , -0.5212604 , -1.3564116 ,
       -0.94848114,  0.9988852 , -0.20572501, -1.3986703 ,  0.307791  ,
        1.1559966 , -0.9802641 ,  0.5901028 , -0.60669994, -0.7415677 ,
        0.95954984, -0.7844986 ,  0.03604038, -0.9319182 , -0.16106889,
       -0.07579301, -0.30276752,  0.13925447, -0.00480118,  0.03702439,
       -0.6934224 ,  1.0180942 , -0.9807074 ,  1.0373641 ,  0.35764918,
       -1.2625932 ,  0.5870212 , -0.6965209 ,  1.1515448 ,  0.55176675,
        0.32022616, -0.6614544 , -0.23954993,  1.1571287 ,  1.2542042 ,
        0.5863487 ,  0.88686156,  0.14064457,  1.0975423 , -0.79647124,
       -1.0532539 ,  0.70933044, -0.76947635,  1.1256413 , -0.49348107,
        0.23742545, -0.8906387 , -0.49694052, -0.9258395 ,  0.8554176 ,
       -0.852697  ,  0.99390435,  0.90786874, -1.0447848 ,  0.8972957 ,
        0.4211709 , -0.353823  , -0.97977537,  0.86851114,  0.03854822,
       -0.0285803 ,  0.56670195, -1.1783576 , -1.2827622 ,  1.3025525 ,
       -0.60135376,  0.71595335,  1.0589128 , -0.8596415 ,  0.7286039 ,
        0.17122528,  0.42434245,  0.79805297, -0.48005348, -0.795552  ,
       -0.47246796, -0.38759047, -0.9196129 , -1.4963374 , -1.3651181 ,
       -0.37228274,  0.7644622 , -0.05627896,  0.8428589 ,  0.81045675,
       -0.2417094 ,  0.2597154 , -0.7063292 , -0.2773193 ,  0.6803993 ,
       -0.6136844 ,  1.1233337 , -0.24636969, -0.85711807,  0.4708295 ,
       -0.54844683,  1.1631036 , -0.06795134,  0.25130275, -0.9418752 ,
       -0.2501371 ,  0.72693634, -0.3183241 ,  0.9782221 ,  0.5720915 ,
       -0.19657299, -0.6444386 , -0.5371628 , -0.6674254 , -0.8004387 ,
        0.6445138 ,  0.58567965,  0.23203205, -0.04756527, -1.250178  ,
       -0.5158205 ,  0.21035379, -0.12530611, -0.72348213, -1.0737214 ,
        0.6757228 ,  0.9153971 , -0.7224267 ,  0.622528  , -1.2575021 ,
       -0.21856809, -1.5230995 , -1.0667117 ,  0.92259675, -0.49712807,
       -0.39789128, -0.49454966, -0.29651755, -0.13933557, -1.3103898 ,
        0.45459002, -1.3896322 , -0.7162034 ,  0.7982857 ,  0.7895961 ,
        0.98980165,  0.43107292, -0.21152018,  0.2578512 ,  0.33792013,
        0.49658287,  0.62553924, -0.98377913, -0.16783471, -1.3310647 ,
       -0.6865605 , -1.1635077 , -1.3523405 , -1.4012384 , -0.42831838,
       -1.1606742 , -0.69916165,  0.9078873 ,  0.33280224,  0.16033086,
       -1.018553  , -1.0826511 ,  1.2246431 ,  0.8493376 ,  1.0462354 ],
      dtype=float32), 'decoder.6.weight': array([[ 0.85739726, -0.35748485,  1.9804803 , ...,  2.146836  ,
         2.2157886 ,  0.42074263],
       [-0.44589812,  0.5048439 , -0.99215555, ...,  1.0281044 ,
         0.39372176,  0.3699762 ],
       [-1.0317101 ,  1.210011  , -1.1913923 , ..., -0.108579  ,
         0.7728325 , -0.38923162],
       ...,
       [ 0.17647727,  0.87652403,  0.79568565, ..., -0.61350167,
        -0.5822156 , -0.6201064 ],
       [-0.6083587 , -0.3534971 , -1.0108575 , ..., -0.87880874,
         0.96497625, -0.02792938],
       [ 0.6146183 ,  0.14785005, -1.2251798 , ...,  0.0225059 ,
         0.34065711, -0.6426193 ]], dtype=float32), 'decoder.6.bias': array([-0.29296073, -0.35519966, -0.26159132, ...,  0.20394841,
        0.99659574,  0.62055063], dtype=float32)}
[Time: 15.01.25 11:52:26] [Level: info] [State: aggregate] {'encoder.0.weight': array([[-0.3715003 ,  0.04303505,  0.07518128, ..., -0.28915408,
         0.21723044,  0.15674758],
       [ 0.08653251,  0.2491013 ,  0.2380019 , ...,  0.1261876 ,
        -0.18853995,  0.36207235],
       [ 0.16553782, -0.17148954,  0.04793088, ..., -0.03104614,
        -0.25670487, -0.08099162],
       ...,
       [-0.19424653,  0.0538901 ,  0.04952371, ..., -0.07818907,
         0.0623134 , -0.27004814],
       [ 0.06745511,  0.2092041 , -0.11088227, ...,  0.39846534,
        -0.17574556,  0.2500058 ],
       [ 0.24939953,  0.28079563,  0.08030413, ...,  0.08875861,
         0.17864233,  0.08134639]], dtype=float32), 'encoder.0.bias': array([ 1.18398769e-02, -2.33839169e-01, -1.74009845e-01, -1.14643447e-01,
       -2.73168117e-01,  2.34180242e-02,  2.09989369e-01, -2.82459974e-01,
       -3.97343077e-02, -3.68349642e-01, -2.01629475e-01, -2.61399567e-01,
       -1.08798377e-01,  1.77142933e-01, -3.66564572e-01,  1.46057829e-01,
        2.73224711e-01, -4.08185452e-01,  4.66901362e-02,  2.79000938e-01,
        1.86293021e-01, -3.04731697e-01, -1.97112158e-01, -2.78420925e-01,
        5.50638288e-02, -3.02809447e-01, -4.17781323e-01, -1.23979934e-01,
        1.69516161e-01, -1.57428116e-01,  2.60970909e-02, -1.18879810e-01,
        2.15142190e-01, -2.83852458e-01, -2.57247657e-01, -2.63634115e-01,
       -3.35293055e-01,  1.85931604e-02,  4.80988499e-04,  1.69031054e-01,
       -2.91357562e-02, -1.90529794e-01,  1.39893278e-01,  1.56706885e-01,
        1.38260931e-01,  2.33134553e-01,  4.60530192e-01, -9.43744928e-02,
        1.60617441e-01, -2.54423529e-01, -3.89431238e-01,  6.69239387e-02,
        1.53922200e-01, -6.08210713e-02,  2.36342445e-01,  3.07519548e-02,
       -1.95123434e-01, -2.08447099e-01,  1.87543258e-01, -2.82555372e-01,
       -3.69705409e-01,  1.23633035e-01,  1.48825034e-01,  1.41960293e-01,
       -4.31514569e-02, -1.31866053e-01,  2.51816750e-01, -3.40866625e-01,
       -1.76957875e-01, -2.57793605e-01, -3.11467461e-02,  2.28037499e-02,
        1.32487476e-01, -1.31963164e-01, -1.66861773e-01,  1.18578255e-01,
       -2.91786879e-01, -3.90970886e-01, -2.69285738e-01,  1.56012520e-01,
        2.71106184e-01,  1.54474944e-01,  2.67096192e-01, -1.39173239e-01,
        2.08099574e-01, -3.77995670e-01, -7.77876517e-03, -1.50169432e-01,
       -1.85857654e-01,  1.37426049e-01, -1.35993287e-01,  2.09540099e-01,
       -5.02557717e-02, -3.36526781e-02,  1.47184119e-01,  2.08472803e-01,
        2.11582467e-01, -1.14445239e-01, -7.27374479e-03,  2.48806298e-01,
        1.51586412e-02,  1.02269575e-02, -3.51913244e-01, -3.99224728e-01,
       -2.99601108e-01,  5.52796237e-02, -1.69045076e-01, -2.31417358e-01,
        1.21433102e-01, -3.79034847e-01, -2.31417626e-01, -3.45614403e-01,
       -3.05882663e-01,  5.95682077e-02,  2.07717925e-01, -8.43049884e-02,
       -2.97783948e-02, -2.99702317e-01, -2.75886476e-01, -2.00429410e-01,
       -2.22036138e-01, -3.21142435e-01,  2.97162861e-01, -2.33479083e-01,
       -1.96417779e-01, -7.80551955e-02, -1.73158541e-01,  1.64333358e-01,
        1.19379744e-01, -2.09187627e-01,  1.21494778e-01,  1.98054835e-01,
       -3.91111523e-01,  3.54095340e-01, -3.42132077e-02, -2.33817026e-01,
       -4.04475391e-01, -1.38114214e-01, -2.53432970e-02,  1.04595711e-02,
        3.40333171e-02,  2.57459760e-01,  7.84723386e-02, -2.68848449e-01,
       -9.31761712e-02, -1.22246817e-01,  1.18702956e-01,  1.39873937e-01,
       -1.17559895e-01, -8.60711858e-02,  2.72917986e-01, -3.66827756e-01,
       -1.98799577e-02,  2.09444657e-01,  1.70781165e-01, -3.42179358e-01,
       -2.51262069e-01,  1.44255474e-01, -1.85860738e-01, -1.55067325e-01,
       -2.70384461e-01,  3.05407465e-01, -3.93293798e-01, -2.15348303e-01,
       -3.51562560e-01,  6.09528497e-02, -3.81640404e-01, -2.97746599e-01,
       -4.04097289e-01, -1.41384274e-01, -1.89675599e-01, -3.94043475e-01,
        7.69475251e-02, -6.07395209e-02, -3.15922618e-01,  2.65347600e-01,
        1.81560412e-01, -1.05321147e-01,  1.59496620e-01, -9.14528891e-02,
        4.71024774e-02,  3.83422449e-02, -1.87962968e-02, -4.26840395e-01,
        1.94120511e-01,  1.13956779e-01, -3.26251358e-01,  1.98240131e-01,
        2.28240117e-01,  2.09258199e-01, -2.44438767e-01,  3.98904830e-02,
       -4.14262503e-01, -1.85605481e-01, -5.32275200e-01, -4.19137739e-02,
       -1.68972373e-01, -2.11344495e-01, -1.98469743e-01, -1.21426776e-01,
       -1.24614663e-01,  3.04625273e-01,  8.73213634e-02, -3.80112231e-01,
        2.68879652e-01, -3.77607375e-01,  2.30582044e-01,  3.32065135e-01,
       -9.98323560e-02,  1.87381685e-01,  1.05402753e-01,  2.27872461e-01,
        9.58341733e-02, -2.91368574e-01, -3.07276487e-01, -2.65106231e-01,
       -2.29710694e-02, -2.90396780e-01, -2.53289759e-01, -1.65508866e-01,
        8.88689086e-02,  1.29161045e-01, -2.53978521e-01, -1.46946564e-01,
       -1.44369155e-01,  2.04416126e-01, -3.21365148e-01, -2.21660838e-01,
       -3.12216669e-01, -1.91267386e-01, -4.09301192e-01,  1.64378941e-01,
       -1.04576029e-01,  4.80753370e-02, -2.48975053e-01,  1.77646339e-01,
        3.40566337e-02,  2.01329008e-01,  4.20924485e-01, -2.02344373e-01,
        1.47947475e-01, -3.18357527e-01,  2.40629435e-01,  6.98763579e-02,
       -3.14370275e-01, -4.19454783e-01, -1.73524737e-01, -3.52064043e-01,
       -3.17271680e-01,  5.88442013e-02,  1.93751641e-02, -1.50287151e-01,
       -1.87091285e-03, -2.94748507e-02, -9.22452733e-02,  7.52929449e-02,
        1.11602746e-01, -4.08037484e-01,  1.69656783e-01,  2.74940401e-01,
        2.95744479e-01, -3.01338136e-01,  8.34405199e-02, -2.09226638e-01,
       -1.55797616e-01, -7.52673000e-02, -3.52057159e-01,  1.99880540e-01,
        1.49736032e-01, -2.85812080e-01,  2.40511939e-01, -3.56091917e-01,
        6.58325925e-02, -1.45239577e-01, -4.04991299e-01,  1.19000763e-01,
       -4.23705369e-01,  2.75859982e-01, -2.75147706e-01, -3.91395450e-01,
        2.45735586e-01,  1.84600383e-01,  6.30939603e-02, -4.51343320e-02,
       -4.07334715e-01,  2.00198039e-01, -2.58780658e-01,  1.71387553e-01,
        1.29996147e-02, -4.29167688e-01, -2.93991923e-01, -3.22659671e-01,
       -1.97843045e-01, -2.23320469e-01, -8.38364437e-02, -3.79800171e-01,
        2.49838069e-01, -2.45884329e-01,  1.72179729e-01, -2.85417169e-01,
        3.37205976e-02, -2.68060356e-01, -1.40587732e-01, -6.53450117e-02,
       -3.61044407e-01, -3.95842314e-01,  9.46901590e-02, -3.44256341e-01,
       -5.16864099e-02,  1.02090575e-01,  1.83218151e-01, -2.68334955e-01,
       -3.96192014e-01,  5.04380092e-02, -2.57543474e-01, -4.71503466e-01,
       -1.34673566e-01,  2.78976113e-01, -3.27724963e-01, -1.07790321e-01,
       -1.16783753e-01, -2.42839083e-01,  7.22860172e-02, -1.92872480e-01,
       -3.42541218e-01, -2.82705009e-01,  1.57956690e-01, -1.95573449e-01,
        9.40313637e-02,  2.43713185e-01, -1.06109068e-01,  1.34980753e-01,
       -1.79683238e-01,  3.00931215e-01, -4.72341366e-02,  6.99415207e-02,
       -3.56353708e-02, -2.00704828e-01,  2.44061694e-01,  5.85503839e-02,
       -3.59231681e-01,  2.16868654e-01, -1.71655148e-01,  1.45234540e-01,
       -1.33614436e-01,  2.22137883e-01,  2.74774492e-01,  5.78177255e-03,
       -2.82733411e-01,  6.16511852e-02, -3.94217074e-02,  1.46029279e-01,
       -2.71367878e-01, -7.06089213e-02, -3.39806795e-01, -1.67433158e-01,
        3.10302153e-02,  1.63807690e-01,  4.72917557e-02, -1.56428576e-01,
       -6.16175085e-02,  2.21855864e-01, -2.09829971e-01,  1.52435884e-01,
        1.70546994e-01, -1.88076511e-01,  1.83076262e-01,  2.10764587e-01,
       -1.63495123e-01, -3.52568746e-01, -1.52730107e-01, -6.24516793e-02,
       -1.98218882e-01,  1.43738031e-01,  2.03953698e-01,  2.07032710e-01,
       -4.38262857e-02, -8.11979771e-02, -2.26554155e-01, -2.14266494e-01,
       -2.87062407e-01,  1.80938855e-01,  1.26632765e-01, -1.03432037e-01,
       -1.51622698e-01, -1.18692957e-01, -5.35961017e-02,  2.26666018e-01,
       -3.16845216e-02, -4.50698793e-01, -2.01399654e-01,  8.82735401e-02,
       -3.04042324e-02,  3.03430046e-04,  1.00167789e-01,  2.32664928e-01,
        6.88000992e-02, -4.90507215e-01, -1.28019542e-01,  2.27056399e-01,
       -1.80348828e-01, -5.28822280e-02, -4.27326113e-02, -1.12931028e-01,
        9.23476145e-02, -2.10160743e-02,  1.56005542e-03,  2.57685632e-01,
        1.24387890e-01,  2.25919828e-01, -4.05806094e-01,  1.52925998e-01,
       -3.34771127e-01, -6.62669614e-02, -4.07398790e-01,  3.66987109e-01,
       -1.38084471e-01, -2.33286262e-01, -8.49154070e-02,  2.16007426e-01,
       -1.86191544e-01,  1.12963632e-01, -3.60286236e-01, -2.67157823e-01,
        1.23263463e-01,  1.66946307e-01, -1.15484916e-01, -4.17074144e-01,
        1.96531147e-01, -1.77203074e-01, -3.60491514e-01, -1.03155047e-01,
        4.78283018e-02, -5.94046041e-02, -3.37751567e-01, -3.34437519e-01,
        2.37476110e-01, -1.35853589e-01,  1.74284354e-01,  1.17591187e-01,
       -3.18269551e-01, -1.08524308e-01,  9.61467549e-02, -3.95374984e-01,
       -3.96235734e-02, -1.48871258e-01,  1.21056564e-01,  2.68726110e-01,
       -1.67155758e-01,  2.60859966e-01, -2.85128891e-01,  1.48497626e-01,
       -3.37964475e-01,  1.10732138e-01, -2.37132534e-01, -5.55151366e-02,
       -1.58449560e-01,  1.74964517e-01, -1.46249533e-01,  3.04819077e-01,
       -3.60173017e-01, -1.08423598e-01, -5.65383844e-02,  1.13207214e-01,
       -3.64769191e-01, -4.22378957e-01, -2.11291119e-01, -2.67233878e-01,
        1.99043155e-02, -3.51120055e-01, -3.00173998e-01,  1.34161532e-01,
       -3.15586805e-01, -3.53311479e-01,  6.93873465e-02, -1.47441551e-01,
       -1.89863071e-01, -2.52327546e-02, -3.54164064e-01, -1.21648490e-01,
        2.83951074e-01, -3.30556780e-01,  7.49727115e-02, -3.54040239e-05,
       -3.04164678e-01, -2.72725016e-01,  2.64329791e-01, -1.28020093e-01,
       -2.22189993e-01,  1.65784284e-02, -3.91212665e-02,  1.31059289e-01,
       -4.52904627e-02, -1.28326610e-01, -2.48150274e-01,  9.88197252e-02,
       -1.30914032e-01,  1.08900353e-01,  6.05559088e-02, -3.26622277e-01],
      dtype=float32), 'encoder.2.weight': array([[ 0.6419303 , -0.6321358 , -0.80190957, ...,  0.1022054 ,
         0.02280752, -1.0999358 ],
       [-0.6099295 ,  0.52486503, -1.130061  , ...,  0.04088376,
         0.3591693 , -0.72591263],
       [ 1.0184386 ,  0.838319  ,  1.173709  , ...,  0.4377607 ,
         0.7555055 ,  0.58031   ],
       ...,
       [ 0.16020298,  0.33850756, -0.9562134 , ..., -0.69797224,
         0.5068591 ,  0.2020214 ],
       [ 0.892748  ,  0.2786823 ,  0.73190916, ...,  0.08195855,
         0.34077126,  0.35089454],
       [ 1.1003844 , -1.1808584 ,  0.85546553, ..., -0.28719527,
         0.02372584, -0.8618539 ]], dtype=float32), 'encoder.2.bias': array([ 0.9218415 ,  0.61868405,  1.081108  , -0.7114802 , -0.42524514,
       -1.3994566 , -0.37120953,  0.3844844 , -0.8974341 ,  0.38594222,
        0.60356665, -1.0886084 , -0.61370313, -0.42982474,  0.4806303 ,
        0.8627083 , -0.39459875, -1.1008751 ,  0.67025495,  0.4939045 ,
       -0.6095299 , -0.5267776 , -0.9609904 , -0.36018574,  0.31077623,
        0.40345636, -0.15998363, -0.89120907, -1.0494252 , -0.87028116,
       -0.64119333, -0.5785536 ,  0.45172912, -0.26594535, -0.03269069,
        0.8411395 , -0.7965642 , -0.40683967, -0.8106963 ,  1.4195603 ,
       -0.8608385 ,  0.04006493,  0.60943925, -0.6198074 , -0.12282806,
        0.5773074 ,  0.61862165,  0.04983155, -0.6971278 , -0.5738758 ,
       -0.1387696 , -0.13412336, -0.80001783, -0.2282557 ,  0.14145109,
       -0.989016  ,  0.8719748 , -1.1585078 ,  0.03040816,  0.66810256,
       -0.6630012 ,  0.97025585,  1.0439091 ,  0.07341046, -0.5364146 ,
       -0.23090968,  0.6016706 ,  1.1586695 ,  0.0071876 , -0.9671724 ,
        1.0634719 , -0.26719043, -0.8083498 , -0.6313185 ,  0.9510458 ,
       -0.07046574, -0.5463481 ,  0.08472861,  0.60905445,  1.0469484 ,
       -1.3444145 ,  0.7530665 , -0.4504976 ,  0.7941311 ,  0.843655  ,
       -0.9277991 , -0.23928724, -0.62269545,  0.22084731,  0.4624644 ,
       -0.5898143 ,  1.172678  , -0.19201003, -0.6437295 , -1.0728099 ,
        0.2752398 ,  0.66296595,  0.0121807 , -0.8356302 , -0.13732338,
        0.41343123,  0.57402754,  1.1501317 , -0.7518988 , -0.01385733,
        0.33279338,  0.9863065 ,  0.0268858 ,  0.12488163,  0.7087626 ,
        0.61318105, -0.17783932, -1.310102  ,  1.1796886 ,  0.942408  ,
        0.7469193 , -0.60038716, -0.8104987 , -0.09537726,  0.09444228,
        0.10992312,  0.07195117,  0.9455454 , -0.08645914, -0.14972588,
        0.40913025, -1.0647608 ,  0.8167655 ,  0.53018403, -1.306422  ,
        0.60607046, -0.6452142 ,  0.8879083 , -1.0454915 , -0.20052315,
        0.36784065,  0.50952715,  0.67868334,  0.4330252 ,  0.92048377,
        0.08490951,  0.36412486,  0.37295198, -0.04371545, -0.21889356,
       -1.1813887 , -0.06344918,  0.4573241 , -0.72017586, -0.85068744,
       -0.16128524,  0.08351062, -0.5961133 ,  1.0475683 , -0.03509481,
       -1.2660182 ,  0.6074546 , -0.5330766 ,  1.1497394 , -0.4794214 ,
       -0.12806037, -1.407569  , -0.07112847, -0.33456382,  0.6358744 ,
       -0.3653909 , -0.37439525, -0.927202  ,  0.5404318 ,  0.3224916 ,
       -1.0153075 ,  0.35983086,  0.77087027,  0.02143389, -0.4793918 ,
       -0.4047929 , -0.4576667 , -0.54493463,  0.04657681,  0.6141925 ,
        0.7383143 , -0.12731145, -0.05854649, -1.2444198 ,  0.6536203 ,
       -0.21112517,  0.9078786 ,  0.4430438 , -1.15231   , -1.1632516 ,
        0.6081468 ,  0.14510974,  0.39808464,  0.10638089, -0.5965116 ,
       -0.896602  , -0.14536214,  0.18718271,  0.15634802,  0.28613165,
       -0.8328234 , -0.72579795, -0.8197586 , -0.10801531,  0.72060585,
       -0.16766565,  0.07061162, -0.4227666 , -0.7939962 , -0.48135772,
        0.56585324,  0.09053726, -0.01879724,  0.9517026 ,  1.0683893 ,
       -1.3332238 ,  0.8809037 , -0.5616084 , -1.1249578 ,  0.16959287,
       -1.1295828 ,  0.46036714,  0.4676671 , -0.7792211 , -0.882464  ,
       -0.1674297 ,  0.3083264 ,  0.89226186,  0.5329827 ,  0.20725366,
        0.9168634 ,  0.8755036 ,  0.63820773, -1.2579789 , -0.2066421 ,
        0.19373104,  0.24950959,  0.02267586, -0.91986   , -0.83425885,
        0.8873362 ,  0.7653848 ,  0.2209723 ,  0.35670686,  0.888097  ,
        0.6425948 ,  0.5153678 ,  1.0816965 , -0.34851956, -0.8390171 ,
        0.12985691, -0.12854357,  1.0182427 ,  0.9267041 , -0.32312015,
        0.12086769,  0.7003698 , -0.54942155,  0.25561342, -0.35046583,
        0.0750396 ,  0.01047137,  0.07037807,  0.63656765, -0.25768226,
        0.930529  ,  0.07722311,  0.00353427, -0.01183704,  0.07152782,
        1.0057013 , -1.1968273 , -0.93578225,  0.39499432, -0.30768397,
        0.9679461 ,  0.7842025 , -1.3069698 ,  0.82875645,  0.22724262,
       -0.55400765, -0.58546585,  0.2912578 , -0.71926254, -1.1021744 ,
        0.8150302 ,  0.79955465, -1.1694247 ,  0.6983518 , -0.25309628,
       -1.2509978 , -0.47049767,  0.93929565, -0.01024836, -0.42052042,
       -0.43609753,  0.46454382,  1.1808227 , -0.22802539,  0.20754263,
       -0.4431669 ,  0.8400878 , -0.9115529 , -1.1043069 ,  0.6364168 ,
       -1.1625928 ,  0.17676279, -0.25037888, -1.1401403 ,  0.47664067,
       -0.5495733 , -1.2591964 , -1.3436083 ,  0.33452678,  0.6430931 ,
        0.4793375 ,  0.58611387, -0.53233814,  1.0407109 ,  0.1567968 ,
        1.2986171 ,  0.75354415, -0.59232646,  0.32700142,  0.24333017,
        0.7648602 ,  0.01424757, -0.00331687, -0.47691306, -0.88964313,
       -1.0805922 ,  0.44132847, -1.0633577 ,  0.27556932, -0.13905269,
        0.96067435, -0.14355466, -0.12727408,  0.66778475, -1.0467306 ,
        0.7765781 , -0.64902407, -0.302606  ,  0.39135933,  0.08258864,
        0.65415734, -0.58951145,  0.44978684,  0.6336825 ,  0.8729106 ,
        0.7490863 , -0.7573609 ,  0.14369299, -0.57971716, -0.8413638 ,
       -0.7530046 , -0.93372804,  0.29539928, -0.4390453 , -0.2934469 ,
        0.5339241 , -0.13479082, -0.5783787 , -1.0204262 , -1.179532  ,
       -0.5476387 ,  0.01436506,  0.15021655, -0.38266158, -1.2274779 ,
        0.45216164,  0.7073172 , -0.37367997,  0.678505  ,  0.6129353 ,
        0.2993019 ,  0.44840795,  1.0472654 , -0.83141434, -0.03119222,
       -0.734532  ,  0.9569225 ,  0.468174  , -0.51850086,  1.024499  ,
        0.70336396, -0.92847574,  0.8351185 ,  0.13679971, -0.7743577 ,
        0.8898484 , -0.40298218,  0.8775698 ,  0.39716285,  0.6519164 ,
        0.33916008,  0.9076524 , -1.2773544 , -0.6693253 ,  0.97682744,
       -0.15821972,  0.5415059 ,  0.89695334,  0.37544596, -0.4244955 ,
       -1.0628314 ,  0.4022764 ,  0.7629334 ,  0.47772092, -1.0157261 ,
        0.5383668 ,  0.3619078 , -0.26280826,  0.26789418,  0.46154472,
       -1.0035405 , -0.07321319, -0.29217178,  0.9810756 , -0.06544407,
        0.14324793, -0.1274238 , -0.08329102,  0.61475044,  0.76657337,
        0.0270144 ,  0.7816738 ,  0.4488434 , -0.37980932,  0.33563226,
       -1.1511354 ,  0.63578624, -0.05860444, -0.73323715,  0.2528853 ,
       -0.4390917 , -0.6717299 , -0.00808878, -0.8904469 , -0.10363529,
        1.1627748 ,  1.1816791 ,  0.958801  , -0.12792605, -0.13852265,
       -1.0551634 ,  1.0024222 , -0.3391596 , -0.9072807 , -0.38109702,
        0.9234828 , -0.3962305 , -0.2219567 , -0.74954945,  0.1075122 ,
        0.05873041, -0.25021034, -0.4220281 ,  1.1732249 , -1.0833861 ,
       -0.95735973,  0.43344408, -0.6058702 ,  1.1747035 ,  0.8665622 ,
       -0.00748052, -1.0645292 ,  0.44731838,  0.6362968 , -0.56908214,
       -0.8265674 , -0.00946924,  0.6474659 ,  0.46088633, -1.1421496 ,
       -0.1479869 , -0.32281113, -1.148319  ,  1.1319    ,  0.9502345 ,
        1.1342713 , -0.19972095,  0.27686033,  0.34104663,  0.43464676,
       -1.3260771 , -0.91017735,  0.44344392, -0.48225915, -0.5618568 ,
       -1.3393712 ,  1.019294  , -0.7591682 ,  1.3400401 , -1.1450146 ,
        0.08144321, -1.0790498 ,  0.45519304,  0.39721918, -1.0524508 ],
      dtype=float32), 'encoder.4.weight': array([[-0.83200026, -0.95250267, -0.983878  , ...,  0.9923708 ,
         0.44679958, -0.7487458 ],
       [-0.03925366, -0.9233544 , -1.2781774 , ...,  0.7455875 ,
        -0.45058542, -0.7370299 ],
       [-0.18072715,  0.6728547 ,  0.47278574, ...,  1.1562488 ,
         1.040843  ,  0.35935342],
       ...,
       [-1.1754891 ,  0.74020547,  0.6090012 , ...,  0.89327073,
         0.69567335, -0.8629978 ],
       [ 0.27050826,  0.94658893, -0.61399406, ..., -1.0932522 ,
        -0.33183736, -0.06501031],
       [-1.1371561 ,  1.0156586 , -1.0715535 , ..., -0.5298984 ,
        -1.1923989 , -0.9928154 ]], dtype=float32), 'encoder.4.bias': array([-1.048242  ,  0.03175675,  1.1672475 , ...,  0.83995306,
       -0.66373724, -1.1405733 ], dtype=float32), 'encoder.6.weight': array([[-0.18825956, -0.4138099 ,  0.37098962, ...,  0.22921859,
         0.14511463, -0.2963737 ],
       [ 0.32843235,  0.36053494,  0.42184496, ..., -0.37644073,
         0.42128456,  0.47353482],
       [-0.41987696, -0.30369923,  0.31661063, ...,  0.19560213,
        -0.24960758, -0.03124721],
       ...,
       [-0.29760242, -0.53454477, -0.10214331, ..., -0.10227136,
         0.29201204, -0.05130273],
       [-0.36053848, -0.33020964, -0.7581454 , ...,  0.545533  ,
        -0.31583616,  0.43388176],
       [-0.2753159 , -0.2584123 , -0.25419962, ...,  0.07289255,
        -0.4659109 ,  0.436666  ]], dtype=float32), 'encoder.6.bias': array([-0.14503862,  0.02021594,  0.29007345,  0.18264598, -0.30298612,
       -0.14748545, -0.42825043, -0.27785504,  0.33344102, -0.01243723],
      dtype=float32), 'decoder.0.weight': array([[-3.8010452 ,  0.26549911, -1.934022  , ...,  6.007509  ,
         7.9485307 , -3.3959374 ],
       [-2.2197578 , -1.3745899 , -3.214111  , ..., -5.66754   ,
        -6.3777595 ,  7.507558  ],
       [-4.7908883 , -2.9112988 ,  2.313616  , ..., -1.1388243 ,
        -4.0846295 ,  4.551611  ],
       ...,
       [ 3.9198656 , -2.0041564 ,  6.569765  , ...,  3.5121098 ,
        -3.5657341 ,  6.4189234 ],
       [-8.021199  ,  0.7892006 , -6.9363236 , ..., -1.9139961 ,
        -4.072281  , -8.175216  ],
       [ 8.424594  ,  8.480284  ,  4.7122016 , ..., -3.343011  ,
         2.0830202 , -0.06978609]], dtype=float32), 'decoder.0.bias': array([-8.679795  , -2.2313778 ,  0.19106437, ...,  0.3024064 ,
       -1.5329462 ,  4.69405   ], dtype=float32), 'decoder.2.weight': array([[ 0.3978543 ,  0.23547105, -0.43089578, ...,  0.35770494,
         0.21956864,  0.34921733],
       [ 0.05754088, -0.07070988, -0.18657576, ..., -0.26300392,
        -0.35758072,  0.18547547],
       [-0.10155435,  0.1379349 , -0.50416917, ..., -0.35847378,
         0.21552806,  0.22533724],
       ...,
       [-0.4344982 , -0.45311698,  0.17597735, ...,  0.29497322,
        -0.45764726,  0.53546053],
       [-0.19966134, -0.610694  , -0.02329627, ..., -0.31120834,
         0.41681617,  0.16222371],
       [-0.71303207, -0.6055842 ,  0.19055915, ...,  0.05165489,
        -0.4206667 , -0.6753475 ]], dtype=float32), 'decoder.2.bias': array([ 0.16622002, -0.36598495, -0.38692662,  0.15516907, -0.22166686,
       -0.6465859 , -0.25384772,  0.06901746,  0.48582184,  0.2181369 ,
       -0.75780594, -0.10539281,  0.03275413,  0.46371198,  0.09633631,
        0.0084851 , -0.24126641, -0.5151654 ,  0.26635274,  0.00099806,
        0.09745474, -0.2044555 ,  0.16832219, -0.14222556,  0.04724264,
        0.42704386, -0.61415035, -0.04612592, -0.57528806, -0.40781683,
        0.38132352, -0.54620206,  0.5335484 ,  0.31300023,  0.5164555 ,
       -0.38008428, -0.5742922 ,  0.210066  ,  0.0071149 , -0.2046979 ,
       -0.36290592, -0.49568474,  0.34616846, -0.5810331 ,  0.10076178,
        0.33148637,  0.03123475, -0.19275665, -0.5792139 ,  0.3946172 ,
        0.34315193, -0.46590787, -0.12829353,  0.3308922 , -0.51617116,
       -0.58734643, -0.3942156 , -0.02136718,  0.1365548 , -0.10441089,
       -0.5524975 ,  0.48174667,  0.04882107,  0.09649008, -0.5066947 ,
       -0.602957  ,  0.17199463, -0.36234704, -0.3551563 ,  0.36218128,
        0.7233096 ,  0.02022887,  0.22766022, -0.09928209,  0.29595077,
       -0.2102359 , -0.65968114, -0.67709506,  0.5147936 ,  0.39620587,
        0.3854716 , -0.5154221 , -0.67808634, -0.5566059 ,  0.32584518,
       -0.5954561 ,  0.1465359 ,  0.14405246, -0.0449805 , -0.09626938,
        0.15900353,  0.2475167 ,  0.3019367 , -0.5844765 , -0.37981215,
       -0.5552122 , -0.4460443 ,  0.33606318, -0.28771636, -0.4920891 ,
       -0.23887788,  0.00455271, -0.2881425 , -0.5368945 , -0.13335724,
       -0.6170682 ,  0.2857718 , -0.10644481, -0.24906136, -0.21061552,
        0.05069137,  0.23791638, -0.44762024, -0.6285118 , -0.16313133,
       -0.27573842, -0.40803707,  0.22657876, -0.63943064, -0.60211706,
        0.4259452 ,  0.56374097,  0.48782188, -0.41449726,  0.5567016 ,
        0.10644965, -0.58627415, -0.40028828,  0.4872717 ,  0.18126664,
        0.48011065, -0.5738157 ,  0.05060025,  0.46616918, -0.28213945,
        0.47916257,  0.08242095, -0.23838285, -0.58442277, -0.51641786,
        0.5891516 ,  0.42108282, -0.6107824 , -0.17214787,  0.1217059 ,
        0.51693356,  0.32866466,  0.14612707,  0.37477195, -0.3781041 ,
       -0.62782866, -0.15558094,  0.50996274, -0.3675905 , -0.47465724,
        0.04691277, -0.4491868 , -0.21110754, -0.5692544 ,  0.06492408,
       -0.28012654,  0.44621783,  0.3165964 , -0.11272012,  0.2166727 ,
        0.4531635 , -0.44839835,  0.6327667 ,  0.05555312,  0.45675564,
        0.06123653, -0.05355493,  0.29101142,  0.0209094 , -0.4405691 ,
       -0.6217562 ,  0.2577456 ,  0.24035978, -0.43658984,  0.3378906 ,
        0.01894286, -0.629637  ,  0.47836533, -0.11228981, -0.65449965,
        0.31198618, -0.62306565, -0.39301872, -0.01980467, -0.5867415 ,
       -0.34319696, -0.5839469 , -0.66315895, -0.51701665,  0.0090344 ,
       -0.46480906, -0.01894845,  0.30395105,  0.02702189, -0.53562784,
       -0.6596678 , -0.0473269 ,  0.53136504,  0.17961241, -0.56828   ,
       -0.25241998, -0.22001712, -0.43078792, -0.10518586, -0.01390302,
       -0.63848066,  0.14709044, -0.29452223, -0.54715854, -0.22592771,
       -0.64284444, -0.39318395,  0.48863447, -0.14579213, -0.32384086,
       -0.4106872 , -0.03104827, -0.32229912,  0.5028712 , -0.5153786 ,
        0.20879933, -0.6045363 , -0.3893085 ,  0.23193069, -0.60133666,
       -0.05026799,  0.10772613, -0.28326425, -0.5146663 , -0.54453164,
        0.19415219, -0.3449458 , -0.31058452, -0.36881348, -0.42142215,
       -0.56325465,  0.10419835, -0.69092524, -0.38750166,  0.3224053 ,
        0.05803866, -0.01761448,  0.25197282,  0.52644753, -0.3519213 ,
       -0.06622218, -0.408629  , -0.01285944, -0.04248388,  0.32169762,
        0.4233119 , -0.20193395, -0.6199756 , -0.47662327, -0.50359285,
        0.10469647, -0.1327461 , -0.03972464, -0.2798745 , -0.5274989 ,
       -0.22646646,  0.00700254, -0.08066633, -0.4295076 , -0.21608146,
        0.21988021, -0.59735787,  0.3037613 , -0.60650754,  0.17619078,
        0.22359498,  0.03728822, -0.41061625, -0.22176814,  0.02785722,
       -0.04832339,  0.3367056 , -0.0026558 ,  0.45034885,  0.23711193,
        0.38293037, -0.686586  ,  0.36701834, -0.6464062 , -0.00280227,
       -0.23513019,  0.18470617, -0.45097417, -0.20679241, -0.16843365,
       -0.4089329 , -0.42253417, -0.542285  , -0.3696591 ,  0.16061932,
       -0.58453345, -0.20256786,  0.33751044,  0.29078916, -0.02756695,
       -0.4888248 ,  0.19831967, -0.26748177,  0.20737062,  0.35400376,
        0.47463363, -0.5405463 , -0.35245565,  0.04697223, -0.15876462,
       -0.37642288,  0.3711757 ,  0.01719627,  0.16451938, -0.0855628 ,
       -0.24917677, -0.43549955, -0.25251007, -0.34676576, -0.17028752,
       -0.14653215, -0.6670983 ,  0.45824602, -0.6036745 , -0.02335019,
       -0.59473795, -0.39511293, -0.41095448, -0.14211258, -0.30155277,
        0.45292038,  0.38637173,  0.1367035 , -0.20410712, -0.35766822,
       -0.31376457, -0.6721292 ,  0.0327765 , -0.45384657, -0.08350655,
       -0.19314346, -0.6726602 , -0.7460896 , -0.14674072, -0.6759147 ,
        0.02667372, -0.42781633, -0.05616824,  0.09701253,  0.1777527 ,
        0.09387967,  0.41899687, -0.42579073, -0.70986724, -0.11271434,
       -0.277624  , -0.38327068,  0.45476422, -0.01436344,  0.42691502,
        0.3506778 , -0.63992035,  0.17344338, -0.17437628, -0.456678  ,
        0.5130314 , -0.10090037, -0.4576758 , -0.46006936, -0.30649227,
       -0.01812005, -0.20827062,  0.3681724 , -0.3505778 ,  0.22339314,
       -0.46620607, -0.2588358 , -0.30109408, -0.26037475, -0.28053793,
       -0.5936129 , -0.3669095 , -0.277967  ,  0.41140345,  0.08370189,
       -0.20654415,  0.19429535,  0.51871747, -0.53227067,  0.07833889,
        0.21981451,  0.12263615,  0.30182934,  0.13594225,  0.02198973,
       -0.40394422,  0.35093334, -0.5045383 ,  0.520846  ,  0.38628018,
        0.29346445, -0.25171235, -0.41108713,  0.52724963, -0.54637367,
       -0.35324496, -0.5348397 ,  0.43985552, -0.5102388 , -0.19259566,
        0.07697725,  0.36128664, -0.08042239, -0.46006262, -0.15713553,
        0.18673685, -0.5884925 , -0.08501328, -0.46974054, -0.18440597,
        0.33481324, -0.368056  ,  0.04094604,  0.03236838,  0.4269932 ,
       -0.4689289 ,  0.19205572,  0.78824985, -0.09035325, -0.53250045,
       -0.28420478,  0.08602308, -0.07075616, -0.13811101,  0.36443743,
       -0.2377792 , -0.49275193, -0.27984846, -0.5324193 , -0.75777906,
        0.15858705, -0.04341629, -0.42980206, -0.3193454 , -0.00592425,
        0.40918052, -0.42628628,  0.06985631,  0.47333393, -0.09029556,
        0.45567822,  0.05853418, -0.33501396,  0.20993216, -0.14767395,
        0.01996424, -0.2940548 , -0.00464138, -0.590947  , -0.5429013 ,
        0.11278156,  0.21112463,  0.33130655, -0.17754626,  0.46615934,
       -0.2192941 , -0.5182097 , -0.09903193,  0.32963592, -0.48589897,
       -0.4641024 ,  0.18702269,  0.2838542 , -0.43434933,  0.08988614,
       -0.08931811,  0.07344014, -0.37721467, -0.62680244, -0.43524683,
       -0.01041824,  0.12196321, -0.36293513, -0.38430414, -0.56880593,
       -0.06028899, -0.07327954,  0.04661152,  0.05541625,  0.6935689 ,
       -0.22486435,  0.3171804 , -0.680022  ,  0.36906028, -0.0616119 ],
      dtype=float32), 'decoder.4.weight': array([[ 1.1348335 , -0.42192566,  0.47599298, ..., -0.98876214,
         0.7748498 , -0.06577477],
       [ 0.01491789, -0.62364906, -1.0118319 , ..., -0.0984358 ,
        -1.3231453 ,  1.1391774 ],
       [-0.18919726, -0.9651552 ,  0.4478869 , ..., -0.07957293,
        -1.019161  ,  1.0503643 ],
       ...,
       [-0.08323055, -0.45302337,  0.7930468 , ..., -0.57140976,
         0.07008375, -0.64022124],
       [ 0.587871  , -0.43902707,  0.53603595, ...,  0.89798933,
        -0.39373294,  0.52030975],
       [-1.0214405 ,  0.6571964 , -0.01909765, ...,  0.32159284,
         0.23941068, -0.856477  ]], dtype=float32), 'decoder.4.bias': array([-0.5035909 ,  0.43261337, -0.38068822, -0.7717585 , -0.12250895,
        1.0702354 , -1.1239042 ,  0.15318768, -0.60124505, -0.0552178 ,
       -1.301902  ,  0.08235776, -0.62909365,  0.89735466,  0.2053217 ,
        0.57538897, -0.15002427, -0.53940463, -0.7718407 ,  0.8426369 ,
        0.69381505, -1.3862889 ,  0.8796674 ,  0.0691833 , -1.1304314 ,
        0.0617403 , -0.56610477,  1.1354535 , -0.68865985, -1.0407389 ,
        0.63498116,  0.49042916,  0.9728294 ,  0.5027482 , -0.6746008 ,
        0.49666426,  1.1131479 ,  0.497462  , -0.3033268 , -1.1970758 ,
       -0.53787524, -0.5429751 , -0.94770443,  0.97929794, -0.28028238,
        0.6421931 , -0.86189497, -0.5405622 , -1.3326224 , -0.26933795,
       -0.73110664, -0.9338283 ,  0.5504073 , -0.3659336 , -0.21037114,
       -0.3919965 , -0.5011989 ,  0.8811015 , -1.2917686 , -1.1270219 ,
       -1.0709862 , -0.8416126 , -0.13472718,  0.8275684 , -0.833385  ,
        0.6488138 ,  0.04918723, -0.9306881 , -0.5181074 ,  0.26793146,
        0.6001621 ,  0.3109793 , -0.6014568 , -0.8730754 , -1.8380212 ,
        0.42809305, -0.10780618,  0.20335442, -0.477333  ,  1.1446595 ,
        0.4533125 ,  0.6212854 ,  1.304779  , -0.17952514,  0.8692352 ,
       -1.437247  , -0.19057605,  0.435659  ,  0.20421363, -0.6310458 ,
       -0.5041147 ,  0.6084841 ,  0.4208357 ,  0.6437865 ,  0.01082418,
       -1.2464261 , -0.92219293,  0.95402545,  0.7702496 , -0.56844974,
        0.817044  ,  1.2385116 ,  1.2456584 , -0.9805675 , -0.62271017,
       -0.9192588 , -0.27111197, -0.05918615,  0.58144724, -1.1255499 ,
       -1.0575848 ,  1.0142947 ,  1.5994481 ,  0.59954816, -1.3822583 ,
        0.84036314,  0.27120215,  1.127831  ,  0.6395751 , -1.2181108 ,
        0.13730395, -0.6485751 , -0.20332813, -1.0199264 ,  0.67875004,
       -0.1104159 ,  0.38344753, -0.73283535, -1.0577421 ,  0.379951  ,
        0.7420598 ,  0.0957481 , -1.0080065 ,  0.17049238, -1.4010326 ,
       -0.28315228, -0.6456523 , -0.26800925, -1.1344603 , -0.37490165,
       -1.2994101 , -1.1935945 ,  0.82358915, -1.0155007 , -0.15467562,
       -0.51037174,  1.2988013 , -0.9669274 ,  0.36285523,  0.0669928 ,
        0.12883568,  0.06548621,  0.7621739 , -0.8269605 ,  0.5503821 ,
        0.17105767,  0.5280694 ,  0.46364245, -1.2007445 ,  0.5876808 ,
        0.1697179 , -0.91436994, -0.183199  , -0.29746622, -1.3218346 ,
        1.5116385 ,  0.5478083 ,  1.108327  ,  1.0966011 , -0.13383155,
        0.850408  , -0.5493781 ,  0.63187104, -0.95469266, -0.8654626 ,
       -0.4874363 , -0.9900227 ,  0.23789492,  1.0491599 , -0.82038903,
        0.6235635 ,  0.57492214,  0.7158528 ,  1.0235857 ,  0.36567762,
       -0.86025506, -0.27419618,  0.09763491, -0.38836932,  0.68565536,
       -0.8709845 ,  0.39743152, -0.23795773,  1.026421  , -0.39970514,
        1.0736489 , -0.38392794,  0.42760614, -0.49180773,  0.04198661,
        0.52190435,  1.273239  , -0.37069145, -0.9044367 , -0.42293102,
       -0.4412031 ,  0.9371331 ,  0.4089844 , -0.02610523, -0.0376204 ,
       -0.45707554,  0.9966608 , -1.1611692 , -0.52439725,  0.06708389,
       -0.4800044 , -1.0200965 , -0.76524377, -0.31748953,  0.5876817 ,
        1.2033504 ,  0.6806437 ,  0.32623982,  0.29047737, -1.3665104 ,
        1.4920895 ,  0.13928948, -0.94948554,  1.423566  ,  0.03628838,
       -1.5020926 ,  0.00913747,  0.98349804,  1.4361161 ,  0.6910137 ,
       -0.03257051, -0.9518909 ,  0.29429176, -0.6404712 ,  0.18575972,
       -0.3392157 , -0.07988533,  0.6484211 , -1.1866087 , -0.7480915 ,
        0.12782812,  0.2774804 ,  0.5882238 ,  0.98300964,  0.2570932 ,
       -1.0545238 , -1.1364379 , -1.1924899 , -0.35129958, -0.87180144,
       -0.9174389 , -0.02701627, -0.03727119,  1.1177374 ,  0.25916377,
        0.96419096,  0.43475977,  0.42434672,  0.8691735 , -0.68651724,
       -0.9982742 , -0.9827482 , -1.1616825 , -1.3648658 ,  0.26156816,
       -0.94909066,  0.8247794 , -1.0466723 ,  1.2198633 , -0.22652516,
        1.3335142 , -0.24304833, -0.8658856 ,  0.8706541 ,  0.45502168,
       -0.81679016,  0.5354631 , -0.3195424 ,  0.589847  ,  0.14307852,
        0.6745345 ,  0.7960032 ,  0.15435342,  1.1710674 , -0.0037372 ,
        0.591336  , -0.53206336, -1.2155056 ,  0.19243401, -1.6080699 ,
        1.0271986 ,  0.3544669 ,  0.13393204,  0.44797814, -0.27221954,
       -0.04027512,  1.1076199 , -0.8708392 , -0.44229913,  1.0812014 ,
        0.44817838,  0.90105003,  0.24603425, -0.56759804,  1.1914288 ,
        0.7600413 , -1.7327628 , -0.9846858 , -0.559377  , -0.04850355,
        0.7351139 , -0.44701025,  0.88095385, -0.84371483,  0.6714264 ,
        0.7699511 ,  0.65329444,  0.42386094, -0.17736767, -0.59061384,
        0.34179604,  0.32533628,  0.4807031 , -0.82453394, -0.8273216 ,
        1.0096965 , -0.83940446,  0.7665788 , -0.52125794, -1.3564116 ,
       -0.94848114,  0.9966644 , -0.20572501, -1.3986703 ,  0.3083886 ,
        1.1564922 , -0.9802641 ,  0.7419953 , -0.60669994, -0.74156797,
        0.95916677, -0.7844948 ,  0.0340963 , -0.9319182 , -0.1610686 ,
       -0.07579301, -0.30276772,  0.13973157, -0.01079643,  0.01027876,
       -0.69342196,  1.0327479 , -0.9807074 ,  1.0261664 ,  0.3409693 ,
       -1.262593  ,  0.603699  , -0.6965209 ,  1.1479121 ,  0.55323845,
        0.3212255 , -0.66145444, -0.23954967,  1.1875196 ,  1.289895  ,
        0.5874366 ,  0.9598145 ,  0.17429265,  1.1668725 , -0.79647124,
       -1.0532539 ,  0.71021414, -0.76947635,  1.1003995 , -0.49348107,
        0.21965705, -0.8906409 , -0.49694052, -0.9258395 ,  0.8506171 ,
       -0.85269755,  1.0207409 ,  0.9090695 , -1.0447848 ,  0.8962321 ,
        0.44843072, -0.35382304, -0.97977537,  0.92477214,  0.15602337,
       -0.02858027,  0.50477016, -1.1783576 , -1.2827622 ,  1.3499025 ,
       -0.60135376,  0.71668845,  1.0504467 , -0.8596415 ,  0.7294778 ,
        0.16598356,  0.42351645,  0.79578143, -0.48005348, -0.7955523 ,
       -0.47246796, -0.38759047, -0.9196124 , -1.4963374 , -1.365542  ,
       -0.37228268,  0.81279457, -0.05543052,  0.8422093 ,  0.81426615,
       -0.2417094 ,  0.1380787 , -0.7063292 , -0.27732143,  0.6802595 ,
       -0.6136845 ,  1.1486726 , -0.24636969, -0.85711807,  0.4692808 ,
       -0.5484466 ,  1.1687185 , -0.06795134,  0.25184473, -0.9418752 ,
       -0.25013703,  0.7300395 , -0.3183241 ,  0.97915804,  0.6235849 ,
       -0.1965735 , -0.6444386 , -0.5371628 , -0.6674254 , -0.8004389 ,
        0.64650625,  0.6589569 ,  0.23181093, -0.04756427, -1.2501781 ,
       -0.5158205 ,  0.23164573, -0.12530613, -0.72348213, -1.0737214 ,
        0.6766117 ,  0.9681481 , -0.7224267 ,  0.62409824, -1.2575021 ,
       -0.21856794, -1.5230995 , -1.0667117 ,  0.9229889 , -0.49712807,
       -0.3978928 , -0.49454966, -0.29651812, -0.13933557, -1.3103898 ,
        0.54643303, -1.3896322 , -0.71620256,  0.7991814 ,  0.7805235 ,
        1.0488399 ,  0.43027222, -0.21152018,  0.26404047,  0.3446064 ,
        0.49679983,  0.6267218 , -0.98377913, -0.16783471, -1.3310647 ,
       -0.68656063, -1.1635077 , -1.3523405 , -1.4012384 , -0.42831868,
       -1.1606741 , -0.69916165,  0.9174498 ,  0.33225378,  0.1537935 ,
       -1.018553  , -1.0826511 ,  1.225259  ,  0.8590301 ,  0.89017636],
      dtype=float32), 'decoder.6.weight': array([[ 0.8573973 , -0.34046102,  1.9804803 , ...,  2.1468353 ,
         2.2157886 ,  0.48225918],
       [-0.44589776,  0.5040771 , -0.9921555 , ...,  1.0281048 ,
         0.39372197,  0.3034783 ],
       [-1.0317117 ,  1.2102484 , -1.1913923 , ..., -0.10858565,
         0.7728324 , -0.43273488],
       ...,
       [ 0.17647724,  0.8745764 ,  0.79568535, ..., -0.6135013 ,
        -0.58221555, -0.8214914 ],
       [-0.6083587 , -0.4495657 , -1.0108575 , ..., -0.8788047 ,
         0.9649761 ,  0.18080507],
       [ 0.6146185 ,  0.14950953, -1.2251798 , ...,  0.02250683,
         0.34065723, -0.6435777 ]], dtype=float32), 'decoder.6.bias': array([-0.2921696 , -0.35514733, -0.26137587, ...,  0.20414911,
        0.99728626,  0.62058854], dtype=float32)}
[Time: 15.01.25 11:52:26] [Level: info] [State: aggregate] {'encoder.0.weight': array([[-0.3715003 ,  0.04303505,  0.07518128, ..., -0.28915408,
         0.21723044,  0.15674758],
       [ 0.08653256,  0.24910516,  0.23800255, ...,  0.12617315,
        -0.18769854,  0.36206985],
       [ 0.16553782, -0.17148705,  0.04793216, ..., -0.03104605,
        -0.25670508, -0.08099123],
       ...,
       [-0.19424656,  0.05393   ,  0.04958225, ..., -0.07818539,
         0.06232192, -0.27004194],
       [ 0.06745523,  0.20916575, -0.11171069, ...,  0.3976654 ,
        -0.17490284,  0.250003  ],
       [ 0.24939954,  0.27995896,  0.08028845, ...,  0.08875718,
         0.17864648,  0.08133396]], dtype=float32), 'encoder.0.bias': array([ 1.18398769e-02, -2.33825982e-01, -1.74010128e-01, -1.14643447e-01,
       -2.72324383e-01,  2.34212968e-02,  2.09988773e-01, -2.82459319e-01,
       -3.97334546e-02, -3.68350625e-01, -2.01629892e-01, -2.61114597e-01,
       -1.08798802e-01,  1.77153468e-01, -3.66498291e-01,  1.45216495e-01,
        2.73639560e-01, -4.08186764e-01,  4.65731956e-02,  2.79000223e-01,
        1.86701238e-01, -3.04316491e-01, -1.97107151e-01, -2.78425336e-01,
        5.59038036e-02, -3.02809715e-01, -4.17779624e-01, -1.23979636e-01,
        1.70336634e-01, -1.57428116e-01,  2.61366293e-02, -1.18478708e-01,
        2.15142787e-01, -2.84251809e-01, -2.57271081e-01, -2.63634115e-01,
       -3.35288793e-01,  1.86394621e-02, -3.06747854e-04,  1.69028148e-01,
       -2.91363019e-02, -1.90528706e-01,  1.39050946e-01,  1.56706363e-01,
        1.38262048e-01,  2.33133629e-01,  4.60530758e-01, -9.43736210e-02,
        1.60634801e-01, -2.54424453e-01, -3.89838248e-01,  6.69247508e-02,
        1.53922364e-01, -6.05341680e-02,  2.37185821e-01,  3.07522938e-02,
       -1.95173770e-01, -2.08431631e-01,  1.87544465e-01, -2.81709909e-01,
       -3.69693547e-01,  1.23628229e-01,  1.48820415e-01,  1.41962007e-01,
       -4.34906818e-02, -1.31865755e-01,  2.51840144e-01, -3.40866625e-01,
       -1.76957458e-01, -2.57659286e-01, -3.11460551e-02,  2.26452928e-02,
        1.32111073e-01, -1.31439760e-01, -1.66861400e-01,  1.18578561e-01,
       -2.91769743e-01, -3.91803473e-01, -2.69286782e-01,  1.56012982e-01,
        2.71273941e-01,  1.53527290e-01,  2.67132461e-01, -1.39172405e-01,
        2.08098426e-01, -3.77995431e-01, -7.77847879e-03, -1.50159851e-01,
       -1.85857654e-01,  1.37426198e-01, -1.35709941e-01,  2.09346280e-01,
       -5.02557717e-02, -3.36515605e-02,  1.47136793e-01,  2.08457828e-01,
        2.11582705e-01, -1.14445612e-01, -7.66104180e-03,  2.48806298e-01,
        1.51593946e-02,  1.01724975e-02, -3.51912200e-01, -3.98385495e-01,
       -2.99595743e-01,  5.61257862e-02, -1.69855505e-01, -2.32259125e-01,
        1.22276142e-01, -3.79035026e-01, -2.31788263e-01, -3.45614403e-01,
       -3.05063188e-01,  5.95685579e-02,  2.07719013e-01, -8.43059272e-02,
       -2.97791790e-02, -3.00069183e-01, -2.75884867e-01, -2.00429782e-01,
       -2.21810132e-01, -3.21139216e-01,  2.97980696e-01, -2.33479083e-01,
       -1.96372792e-01, -7.80554563e-02, -1.73165947e-01,  1.64333016e-01,
        1.19657509e-01, -2.09187016e-01,  1.21494360e-01,  1.98100850e-01,
       -3.91459614e-01,  3.54094863e-01, -3.42131369e-02, -2.33800784e-01,
       -4.04474616e-01, -1.38462692e-01, -2.53432970e-02,  1.03802467e-02,
        3.39858644e-02,  2.57459760e-01,  7.76672512e-02, -2.68777728e-01,
       -9.31761712e-02, -1.22247823e-01,  1.18707791e-01,  1.40257582e-01,
       -1.17562778e-01, -8.60551670e-02,  2.73213089e-01, -3.66956741e-01,
       -1.98784824e-02,  2.09453776e-01,  1.70779958e-01, -3.42657119e-01,
       -2.51262575e-01,  1.44255459e-01, -1.85859963e-01, -1.54020533e-01,
       -2.71227151e-01,  3.05641472e-01, -3.93279791e-01, -2.16183707e-01,
       -3.51789713e-01,  6.09533526e-02, -3.81654501e-01, -2.97744930e-01,
       -4.04097289e-01, -1.41383290e-01, -1.90002054e-01, -3.94071013e-01,
        7.69655928e-02, -6.07413873e-02, -3.15921724e-01,  2.65347600e-01,
        1.81561157e-01, -1.05321109e-01,  1.59479871e-01, -9.12593529e-02,
        4.71024774e-02,  3.83461677e-02, -1.88967250e-02, -4.26838875e-01,
        1.94120541e-01,  1.13956779e-01, -3.26250166e-01,  1.98239774e-01,
        2.28544652e-01,  2.09633768e-01, -2.44438767e-01,  3.98923345e-02,
       -4.14265305e-01, -1.85604602e-01, -5.32280743e-01, -4.22848165e-02,
       -1.68972388e-01, -2.11756155e-01, -1.98474735e-01, -1.21426776e-01,
       -1.24614365e-01,  3.04264754e-01,  8.69880691e-02, -3.80251884e-01,
        2.68484950e-01, -3.77606541e-01,  2.30582044e-01,  3.33106756e-01,
       -9.98323560e-02,  1.87379405e-01,  1.05746686e-01,  2.27872267e-01,
        9.58322063e-02, -2.90956318e-01, -3.06471467e-01, -2.65403330e-01,
       -2.29714662e-02, -2.89551079e-01, -2.53285468e-01, -1.66354612e-01,
        8.92398506e-02,  1.29943922e-01, -2.53969759e-01, -1.46946788e-01,
       -1.44632250e-01,  2.04443321e-01, -3.21202040e-01, -2.21696004e-01,
       -3.12152892e-01, -1.91647068e-01, -4.08908963e-01,  1.63537264e-01,
       -1.03859097e-01,  4.80749533e-02, -2.48974234e-01,  1.76865101e-01,
        3.40582058e-02,  2.01329276e-01,  4.20923710e-01, -2.02344134e-01,
        1.47104859e-01, -3.18704784e-01,  2.40629762e-01,  6.98763579e-02,
       -3.13992143e-01, -4.18615401e-01, -1.73524484e-01, -3.52952480e-01,
       -3.18050534e-01,  5.88873811e-02,  1.89874303e-02, -1.50286958e-01,
       -1.87164953e-03, -2.94606276e-02, -9.22369659e-02,  7.52920583e-02,
        1.11848354e-01, -4.08139706e-01,  1.69577509e-01,  2.74949431e-01,
        2.95743316e-01, -3.01337868e-01,  8.34402964e-02, -2.09228665e-01,
       -1.55389071e-01, -7.52667338e-02, -3.52336437e-01,  1.99883476e-01,
        1.49730429e-01, -2.85226107e-01,  2.40511611e-01, -3.56173784e-01,
        6.58345520e-02, -1.44888029e-01, -4.04991776e-01,  1.19000763e-01,
       -4.23705608e-01,  2.76245773e-01, -2.75156260e-01, -3.91397119e-01,
        2.45735139e-01,  1.84601083e-01,  6.30930588e-02, -4.51343320e-02,
       -4.07335579e-01,  2.00604409e-01, -2.58780658e-01,  1.70987949e-01,
        1.29993279e-02, -4.29968596e-01, -2.93991297e-01, -3.22801650e-01,
       -1.97482884e-01, -2.23321646e-01, -8.35930556e-02, -3.79799753e-01,
        2.49838978e-01, -2.45884210e-01,  1.72175184e-01, -2.85418302e-01,
        3.36967036e-02, -2.67691553e-01, -1.40575126e-01, -6.49750605e-02,
       -3.61539453e-01, -3.95842433e-01,  9.46885273e-02, -3.45086694e-01,
       -5.16863130e-02,  1.02091052e-01,  1.83269635e-01, -2.67499298e-01,
       -3.96521002e-01,  5.04371338e-02, -2.57194340e-01, -4.70958889e-01,
       -1.34673133e-01,  2.79385030e-01, -3.28059614e-01, -1.07796408e-01,
       -1.16783395e-01, -2.42838830e-01,  7.22863823e-02, -1.92060918e-01,
       -3.42652082e-01, -2.82706827e-01,  1.57909021e-01, -1.95576161e-01,
        9.40315500e-02,  2.43713185e-01, -1.06108800e-01,  1.34977937e-01,
       -1.79683238e-01,  3.00930887e-01, -4.64633703e-02,  6.99395537e-02,
       -3.47979590e-02, -2.00704828e-01,  2.44061694e-01,  5.88151738e-02,
       -3.59232068e-01,  2.16919124e-01, -1.70812234e-01,  1.44465834e-01,
       -1.33615002e-01,  2.21741617e-01,  2.74772853e-01,  5.78137720e-03,
       -2.82733411e-01,  6.16396703e-02, -3.85875404e-02,  1.45619228e-01,
       -2.71368265e-01, -7.06080869e-02, -3.39773834e-01, -1.67448923e-01,
        3.10292207e-02,  1.63034052e-01,  4.72907573e-02, -1.55591920e-01,
       -6.18515313e-02,  2.21858621e-01, -2.09829286e-01,  1.52434394e-01,
        1.69710428e-01, -1.88071832e-01,  1.83076471e-01,  2.10763827e-01,
       -1.63543254e-01, -3.52568746e-01, -1.52730584e-01, -6.24515414e-02,
       -1.98218793e-01,  1.43738315e-01,  2.03953505e-01,  2.06686556e-01,
       -4.38259579e-02, -8.11979175e-02, -2.26565257e-01, -2.13936388e-01,
       -2.87063479e-01,  1.80941105e-01,  1.26600742e-01, -1.03433669e-01,
       -1.51622072e-01, -1.19017377e-01, -5.35958782e-02,  2.26667210e-01,
       -3.16570215e-02, -4.50702339e-01, -2.01442778e-01,  8.82743299e-02,
       -3.04053742e-02,  3.03707959e-04,  1.00165114e-01,  2.32664436e-01,
        6.87998980e-02, -4.90507901e-01, -1.28022745e-01,  2.27057606e-01,
       -1.80350780e-01, -5.28824404e-02, -4.27368991e-02, -1.12931028e-01,
        9.23498794e-02, -2.10014321e-02,  1.56005542e-03,  2.57685363e-01,
        1.24387614e-01,  2.25920334e-01, -4.05193061e-01,  1.52929470e-01,
       -3.34777564e-01, -6.62669614e-02, -4.07401949e-01,  3.66987526e-01,
       -1.38062552e-01, -2.33358964e-01, -8.49165991e-02,  2.16009080e-01,
       -1.86191231e-01,  1.12620242e-01, -3.59440118e-01, -2.67157197e-01,
        1.22877009e-01,  1.66942716e-01, -1.15425184e-01, -4.17073488e-01,
        1.96530774e-01, -1.76862419e-01, -3.60256672e-01, -1.03154168e-01,
        4.78287190e-02, -5.95596284e-02, -3.37751359e-01, -3.34213674e-01,
        2.37476364e-01, -1.35852635e-01,  1.74287319e-01,  1.17972732e-01,
       -3.18269074e-01, -1.08524308e-01,  9.61452052e-02, -3.95374686e-01,
       -4.04659770e-02, -1.49206802e-01,  1.21058747e-01,  2.69077897e-01,
       -1.67343438e-01,  2.60859966e-01, -2.85136402e-01,  1.48501381e-01,
       -3.38348925e-01,  1.11542463e-01, -2.36879140e-01, -5.55151366e-02,
       -1.58445045e-01,  1.74990281e-01, -1.46929502e-01,  3.04819077e-01,
       -3.60165715e-01, -1.08424827e-01, -5.61236888e-02,  1.13207296e-01,
       -3.64769191e-01, -4.21563476e-01, -2.10912779e-01, -2.66544253e-01,
        1.99042298e-02, -3.50730121e-01, -3.00174534e-01,  1.34161532e-01,
       -3.15586150e-01, -3.53571683e-01,  6.90039992e-02, -1.47441402e-01,
       -1.89861923e-01, -2.52327546e-02, -3.53744507e-01, -1.22481339e-01,
        2.83541173e-01, -3.30925703e-01,  7.49843121e-02, -3.55278898e-05,
       -3.04167151e-01, -2.73094445e-01,  2.64329553e-01, -1.28020093e-01,
       -2.22189277e-01,  1.65767334e-02, -3.91201526e-02,  1.31058827e-01,
       -4.44918796e-02, -1.28327101e-01, -2.48151302e-01,  9.88195539e-02,
       -1.31334156e-01,  1.08894683e-01,  6.05924316e-02, -3.26617926e-01],
      dtype=float32), 'encoder.2.weight': array([[ 0.6419303 , -0.6325563 , -0.80233127, ...,  0.1022054 ,
         0.02238751, -1.1003587 ],
       [-0.6099295 ,  0.5252843 , -1.1296457 , ...,  0.04128759,
         0.35958743, -0.725492  ],
       [ 1.0184386 ,  0.83831906,  1.173709  , ...,  0.43775412,
         0.75550556,  0.58031   ],
       ...,
       [ 0.16020298,  0.33850765, -0.95621336, ..., -0.6979727 ,
         0.50685924,  0.20202145],
       [ 0.892748  ,  0.2786824 ,  0.7319092 , ...,  0.08194948,
         0.3407714 ,  0.3508946 ],
       [ 1.1003844 , -1.1808584 ,  0.85546553, ..., -0.28719527,
         0.02372584, -0.8618539 ]], dtype=float32), 'encoder.2.bias': array([ 0.92184114,  0.61868405,  1.0811018 , -0.711481  , -0.42524514,
       -1.3994534 , -0.37120998,  0.3844023 , -0.89743406,  0.38594118,
        0.60356665, -1.0886084 , -0.61356497, -0.4308863 ,  0.48157743,
        0.8627083 , -0.3945991 , -1.1008751 ,  0.67025495,  0.49430043,
       -0.6095299 , -0.5267776 , -0.9609904 , -0.36018574,  0.31077623,
        0.40314707, -0.15988275, -0.89120907, -1.0494254 , -0.87028116,
       -0.641194  , -0.5785536 ,  0.45068446, -0.26594535, -0.03269069,
        0.8411405 , -0.7965642 , -0.40683967, -0.81074375,  1.4195603 ,
       -0.8608385 ,  0.03965209,  0.60943925, -0.6198075 , -0.1219817 ,
        0.57735765,  0.6185593 ,  0.04983155, -0.69678915, -0.5738758 ,
       -0.13876967, -0.13412383, -0.799172  , -0.2282557 ,  0.1414513 ,
       -0.989016  ,  0.8728216 , -1.1576937 ,  0.0304069 ,  0.66805446,
       -0.66217566,  0.9698527 ,  1.0439091 ,  0.07341046, -0.53679246,
       -0.23091017,  0.601665  ,  1.1586695 ,  0.00718696, -0.9671722 ,
        1.0642998 , -0.2670362 , -0.80834776, -0.6313185 ,  0.9510458 ,
       -0.07046533, -0.5463488 ,  0.08472861,  0.60905445,  1.0471736 ,
       -1.3444145 ,  0.7530665 , -0.4508592 ,  0.7941311 ,  0.8435528 ,
       -0.9277993 , -0.23928733, -0.62269545,  0.22084753,  0.46246472,
       -0.5898143 ,  1.1732967 , -0.19201003, -0.6437281 , -1.0724238 ,
        0.27527142,  0.66296595,  0.01259565, -0.8347918 , -0.1373268 ,
        0.41343123,  0.5740275 ,  1.1501318 , -0.7518986 , -0.01398355,
        0.33279338,  0.98589796,  0.02735665,  0.12488163,  0.7087626 ,
        0.613181  , -0.17783932, -1.310102  ,  1.1796876 ,  0.94240814,
        0.74696714, -0.60038716, -0.81049865, -0.09537726,  0.09444288,
        0.10992312,  0.07205024,  0.9455454 , -0.08645917, -0.14976081,
        0.40913144, -1.0647618 ,  0.8167655 ,  0.5301841 , -1.3064222 ,
        0.60607046, -0.64521104,  0.8879083 , -1.045492  , -0.20052315,
        0.3678407 ,  0.5089683 ,  0.67863595,  0.43302518,  0.92048424,
        0.08490951,  0.36412486,  0.37295198, -0.04368897, -0.21889356,
       -1.1813887 , -0.06344972,  0.4573235 , -0.72017586, -0.85068756,
       -0.16128509,  0.08351062, -0.5961133 ,  1.0475683 , -0.03550802,
       -1.2660182 ,  0.6083495 , -0.53222907,  1.1501049 , -0.4794214 ,
       -0.12806152, -1.407569  , -0.07108964, -0.3345628 ,  0.6358744 ,
       -0.3653911 , -0.37429523, -0.927202  ,  0.5404318 ,  0.32285598,
       -1.0153075 ,  0.35983086,  0.77086914,  0.02143412, -0.4793908 ,
       -0.4047929 , -0.45766658, -0.54506916,  0.04657261,  0.61419255,
        0.73832107, -0.12731145, -0.05854649, -1.2444198 ,  0.65362006,
       -0.21112539,  0.90787894,  0.4430438 , -1.15231   , -1.1632502 ,
        0.6081467 ,  0.14510974,  0.39761347,  0.10638057, -0.5965116 ,
       -0.896602  , -0.14536266,  0.18718238,  0.15634826,  0.2850846 ,
       -0.8328234 , -0.72579795, -0.8197586 , -0.10801531,  0.7206061 ,
       -0.16765393,  0.07061162, -0.422766  , -0.7940433 , -0.4812971 ,
        0.5658532 ,  0.09053641, -0.01879723,  0.9517026 ,  1.0683893 ,
       -1.3332239 ,  0.88090366, -0.5616084 , -1.1249584 ,  0.16973299,
       -1.1295823 ,  0.46036592,  0.4676671 , -0.7792211 , -0.88237065,
       -0.1674297 ,  0.3083264 ,  0.892682  ,  0.5329827 ,  0.20725362,
        0.9177056 ,  0.8755036 ,  0.6382923 , -1.2579776 , -0.20662703,
        0.19373137,  0.24951652,  0.02267586, -0.9198599 , -0.83425885,
        0.88726103,  0.7653848 ,  0.22097193,  0.35670668,  0.88809913,
        0.6425948 ,  0.5153678 ,  1.0816965 , -0.34851918, -0.83900434,
        0.13070425, -0.12854394,  1.0182427 ,  0.9267042 , -0.32312015,
        0.12086755,  0.7003699 , -0.5494215 ,  0.25561342, -0.3504677 ,
        0.0758769 ,  0.01047158,  0.07037807,  0.63656765, -0.2576823 ,
        0.9313745 ,  0.07607638,  0.00353427, -0.01183681,  0.0715277 ,
        1.0057013 , -1.1968281 , -0.93578225,  0.39388734, -0.30768397,
        0.96689916,  0.78425   , -1.30697   ,  0.82875675,  0.22629492,
       -0.55400765, -0.58546585,  0.2912577 , -0.71926254, -1.1021744 ,
        0.8158704 ,  0.79955447, -1.1694247 ,  0.6983518 , -0.25309664,
       -1.250998  , -0.4704978 ,  0.9382926 , -0.0102487 , -0.42052042,
       -0.43609753,  0.46454382,  1.1808227 , -0.22802499,  0.20754294,
       -0.44316635,  0.8400868 , -0.9115529 , -1.1043069 ,  0.63641644,
       -1.1625928 ,  0.17676318, -0.25037888, -1.1401417 ,  0.4766404 ,
       -0.5495916 , -1.2591964 , -1.3427637 ,  0.33452678,  0.64309394,
        0.4793375 ,  0.5860605 , -0.53229344,  1.0407113 ,  0.15679638,
        1.2986171 ,  0.75354415, -0.59232646,  0.32716432,  0.24333017,
        0.76481545,  0.01514259, -0.00331687, -0.4769168 , -0.8904418 ,
       -1.0806017 ,  0.44132847, -1.063357  ,  0.27556932, -0.13905352,
        0.96067744, -0.14355466, -0.12727408,  0.66726124, -1.0467346 ,
        0.77657837, -0.64902407, -0.3026067 ,  0.39135933,  0.08258823,
        0.65415734, -0.58951193,  0.44978684,  0.6336825 ,  0.8729106 ,
        0.74908614, -0.7573609 ,  0.14369278, -0.57971716, -0.84136397,
       -0.7530055 , -0.93372804,  0.29535198, -0.43904585, -0.29344687,
        0.5339242 , -0.134791  , -0.5783792 , -1.0214152 , -1.179532  ,
       -0.54763395,  0.01436484,  0.15021674, -0.38266158, -1.2274857 ,
        0.45216182,  0.70731694, -0.37367997,  0.67868096,  0.61293525,
        0.2993019 ,  0.44840795,  1.0472654 , -0.83140224, -0.03119198,
       -0.7345318 ,  0.9579683 ,  0.46817392, -0.51850075,  1.024499  ,
        0.7033554 , -0.92808354,  0.83417493,  0.13679971, -0.7743577 ,
        0.8898484 , -0.40229267,  0.87757534,  0.3971608 ,  0.6516695 ,
        0.33916038,  0.9076526 , -1.2769903 , -0.6693253 ,  0.977872  ,
       -0.15821545,  0.5415059 ,  0.8969533 ,  0.37544596, -0.4244957 ,
       -1.0628303 ,  0.4022764 ,  0.7629334 ,  0.47772092, -1.0157264 ,
        0.5383668 ,  0.36096156, -0.26176167,  0.26789418,  0.4615438 ,
       -1.0035403 , -0.07321289, -0.29217178,  0.9810756 , -0.06544407,
        0.14324793, -0.1270894 , -0.08413167,  0.61475044,  0.76657337,
        0.0270144 ,  0.7816737 ,  0.4496888 , -0.37981176,  0.33563453,
       -1.1510031 ,  0.63683254, -0.05860444, -0.73323715,  0.2528853 ,
       -0.4390917 , -0.6717299 , -0.00808875, -0.8913936 , -0.10363529,
        1.1627748 ,  1.1812667 ,  0.958801  , -0.12792645, -0.13852271,
       -1.0551634 ,  1.0024222 , -0.33917695, -0.9072807 , -0.38109702,
        0.9234828 , -0.39675412, -0.22143236, -0.74954957,  0.1075122 ,
        0.05873021, -0.25021163, -0.42202818,  1.1732249 , -1.0833809 ,
       -0.9573598 ,  0.43343592, -0.6058702 ,  1.1747035 ,  0.8665624 ,
       -0.00748025, -1.0645292 ,  0.44731838,  0.6362966 , -0.5690834 ,
       -0.8265676 , -0.00946951,  0.6474659 ,  0.4608863 , -1.1431962 ,
       -0.14798664, -0.32281083, -1.1483166 ,  1.1319056 ,  0.95023435,
        1.1342723 , -0.19972095,  0.27686033,  0.34104475,  0.43412274,
       -1.3262213 , -0.9110101 ,  0.44344413, -0.48187238, -0.5618567 ,
       -1.3393712 ,  1.0192941 , -0.7591682 ,  1.3400401 , -1.145011  ,
        0.08151855, -1.0790498 ,  0.45519307,  0.397219  , -1.0524508 ],
      dtype=float32), 'encoder.4.weight': array([[-0.8323896 , -0.95290756, -0.98387784, ...,  0.9923709 ,
         0.44679973, -0.7487458 ],
       [-0.03925366, -0.92362803, -1.2781774 , ...,  0.7455875 ,
        -0.45058542, -0.7370299 ],
       [-0.18072721,  0.6728546 ,  0.4737318 , ...,  1.1562488 ,
         1.040843  ,  0.35935342],
       ...,
       [-1.1755905 ,  0.74054337,  0.60899997, ...,  0.8932698 ,
         0.69567204, -0.8629978 ],
       [ 0.27050826,  0.94658893, -0.61399406, ..., -1.0932522 ,
        -0.33183736, -0.06501031],
       [-1.1375587 ,  1.0152526 , -1.0715533 , ..., -0.5298983 ,
        -1.1923988 , -0.9928154 ]], dtype=float32), 'encoder.4.bias': array([-1.048242  ,  0.03175675,  1.1672475 , ...,  0.83995235,
       -0.66373724, -1.1405731 ], dtype=float32), 'encoder.6.weight': array([[-0.18825962, -0.4138099 ,  0.37099054, ...,  0.22921845,
         0.14511463, -0.2963737 ],
       [ 0.3284325 ,  0.36053494,  0.4218448 , ..., -0.37644044,
         0.42128456,  0.47353485],
       [-0.41987702, -0.30369923,  0.31661072, ...,  0.19560201,
        -0.24960758, -0.03124722],
       ...,
       [-0.29845032, -0.53454477, -0.10214341, ..., -0.10311836,
         0.29201204, -0.05215119],
       [-0.3596914 , -0.33020964, -0.75814533, ...,  0.5463797 ,
        -0.31583616,  0.4347302 ],
       [-0.27531585, -0.2584123 , -0.25419968, ...,  0.07289276,
        -0.4659109 ,  0.436666  ]], dtype=float32), 'encoder.6.bias': array([-0.1449968 ,  0.02017773,  0.29007322,  0.18264535, -0.30298623,
       -0.14748554, -0.4282729 , -0.27785635,  0.3334392 , -0.01243705],
      dtype=float32), 'decoder.0.weight': array([[-3.8010452 ,  0.26549911, -1.934022  , ...,  6.007509  ,
         7.9485307 , -3.3959374 ],
       [-2.2197578 , -1.3745898 , -3.214111  , ..., -5.66754   ,
        -6.3777595 ,  7.507558  ],
       [-4.7908883 , -2.9112988 ,  2.313616  , ..., -1.1388243 ,
        -4.0846295 ,  4.551611  ],
       ...,
       [ 3.9198656 , -2.0041573 ,  6.569764  , ...,  3.5121098 ,
        -3.5657344 ,  6.4189234 ],
       [-8.021199  ,  0.7892006 , -6.9363236 , ..., -1.9139961 ,
        -4.072281  , -8.175216  ],
       [ 8.424594  ,  8.480284  ,  4.712202  , ..., -3.3430102 ,
         2.0830197 , -0.06978624]], dtype=float32), 'decoder.0.bias': array([-8.679795  , -2.2313778 ,  0.19106437, ...,  0.30240688,
       -1.5329462 ,  4.69405   ], dtype=float32), 'decoder.2.weight': array([[ 0.3978543 ,  0.2354714 , -0.43089586, ...,  0.35770482,
         0.21962766,  0.34921703],
       [ 0.05754088, -0.07071231, -0.18657638, ..., -0.26300493,
        -0.35798877,  0.18547525],
       [-0.10155435,  0.1379349 , -0.50416917, ..., -0.35847378,
         0.21552806,  0.22533724],
       ...,
       [-0.4344982 , -0.45311734,  0.17597724, ...,  0.2949731 ,
        -0.45766217,  0.5354606 ],
       [-0.19966134, -0.610693  , -0.02329627, ..., -0.31120834,
         0.41681617,  0.16222379],
       [-0.71303207, -0.6055842 ,  0.19055915, ...,  0.05165489,
        -0.4206667 , -0.6753475 ]], dtype=float32), 'decoder.2.bias': array([ 0.16622001, -0.365985  , -0.38692662,  0.1551691 , -0.22166686,
       -0.6465859 , -0.25384772,  0.06901747,  0.48582184,  0.21813689,
       -0.75780594, -0.10539288,  0.03275413,  0.46286428,  0.09633631,
        0.00848499, -0.24084452, -0.5151654 ,  0.26635274,  0.00099806,
        0.09745474, -0.20445551,  0.16832219, -0.14222662,  0.04724263,
        0.427888  , -0.61415035, -0.04612586, -0.57528806, -0.40781683,
        0.38042992, -0.5462022 ,  0.5331244 ,  0.31300026,  0.5164555 ,
       -0.38008428, -0.5742922 ,  0.21006602,  0.00711487, -0.2046979 ,
       -0.36290592, -0.49568474,  0.34616846, -0.5810331 ,  0.10076173,
        0.3314864 ,  0.03123474, -0.19275667, -0.5792139 ,  0.3946172 ,
        0.343152  , -0.46590787, -0.12829353,  0.3308922 , -0.51617116,
       -0.58734643, -0.3942156 , -0.02136718,  0.1365548 , -0.10441067,
       -0.5524975 ,  0.48174667,  0.04882107,  0.09649008, -0.5071161 ,
       -0.602957  ,  0.17199463, -0.36234704, -0.3551563 ,  0.36218128,
        0.72330964,  0.02022887,  0.22766022, -0.10022364,  0.29595077,
       -0.21023591, -0.65968114, -0.67709506,  0.5147936 ,  0.39620587,
        0.3854716 , -0.5154221 , -0.6780862 , -0.5566059 ,  0.32584518,
       -0.5954562 ,  0.1465359 ,  0.14405245, -0.04498057, -0.0962694 ,
        0.15900353,  0.2475167 ,  0.30193657, -0.5844765 , -0.37981215,
       -0.5552122 , -0.4460443 ,  0.33606318, -0.2877164 , -0.4920891 ,
       -0.238878  ,  0.00455272, -0.2881425 , -0.5368944 , -0.13335678,
       -0.6170682 ,  0.28577262, -0.10644481, -0.24906136, -0.21061552,
        0.05069137,  0.23750043, -0.44762024, -0.62851185, -0.16313131,
       -0.27658677, -0.40803707,  0.2265788 , -0.63943064, -0.60211706,
        0.42594507,  0.56374097,  0.48782188, -0.41449726,  0.5567016 ,
        0.10644962, -0.58627415, -0.40028828,  0.4872717 ,  0.18126664,
        0.48011065, -0.5738157 ,  0.05060025,  0.46616918, -0.2821398 ,
        0.47916257,  0.08242094, -0.23838285, -0.5844228 , -0.51641786,
        0.5891516 ,  0.42108282, -0.6107811 , -0.17214787,  0.1217059 ,
        0.51693356,  0.32866466,  0.1465492 ,  0.37477195, -0.3781041 ,
       -0.62782866, -0.15558088,  0.50996274, -0.3675905 , -0.47465724,
        0.04691277, -0.4491868 , -0.21110754, -0.5684068 ,  0.06492408,
       -0.28012654,  0.44621783,  0.31744418, -0.11319131,  0.2166727 ,
        0.45316344, -0.44839835,  0.6327667 ,  0.05555312,  0.45675164,
        0.06123653, -0.05355495,  0.29101142,  0.0209094 , -0.4405691 ,
       -0.62175256,  0.2577456 ,  0.24035978, -0.43658984,  0.3378906 ,
        0.01894286, -0.629637  ,  0.47836533, -0.11228979, -0.65449965,
        0.31198618, -0.62306494, -0.39301872, -0.01980466, -0.5867415 ,
       -0.34319696, -0.5839469 , -0.66315895, -0.5170167 ,  0.00903438,
       -0.46480906, -0.01894845,  0.30395105,  0.02702189, -0.53562784,
       -0.6596678 , -0.04647858,  0.53136504,  0.17961241, -0.56828   ,
       -0.25152433, -0.2200171 , -0.43078795, -0.10518586, -0.01390302,
       -0.63848066,  0.14709044, -0.29452223, -0.54715854, -0.22592776,
       -0.64284444, -0.39318392,  0.48863447, -0.14579213, -0.32384086,
       -0.40983897, -0.03104825, -0.32229912,  0.5028715 , -0.5153786 ,
        0.20879933, -0.6045363 , -0.3893085 ,  0.23193069, -0.60133666,
       -0.05026799,  0.10772613, -0.28326425, -0.5146663 , -0.54453164,
        0.19415219, -0.3449458 , -0.31058452, -0.36881348, -0.42142215,
       -0.5632546 ,  0.10419835, -0.6909252 , -0.38750166,  0.3224053 ,
        0.05888673, -0.01761448,  0.2519728 ,  0.52644753, -0.35192463,
       -0.0662222 , -0.40862903, -0.01285943, -0.04248469,  0.32169825,
        0.4233119 , -0.20193411, -0.61997557, -0.47662348, -0.50359285,
        0.10469647, -0.13274609, -0.03972394, -0.2798745 , -0.5274989 ,
       -0.22646645,  0.00700254, -0.08066632, -0.4299788 , -0.21608147,
        0.21988021, -0.59735787,  0.3037613 , -0.60650754,  0.17619078,
        0.22359498,  0.03728822, -0.4106162 , -0.22176829,  0.02785723,
       -0.04832339,  0.3367056 , -0.00180736,  0.45034885,  0.23711193,
        0.38293037, -0.686586  ,  0.36701834, -0.64640623, -0.00280227,
       -0.23513018,  0.18470617, -0.45097417, -0.20679246, -0.1684336 ,
       -0.4089329 , -0.42253417, -0.542285  , -0.36965904,  0.16061932,
       -0.58453345, -0.20256793,  0.33751044,  0.29078916, -0.02756695,
       -0.4888248 ,  0.19831967, -0.26748174,  0.20737061,  0.3540039 ,
        0.4746337 , -0.54097027, -0.35245562,  0.04697224, -0.1587646 ,
       -0.37642288,  0.3711757 ,  0.01719627,  0.16451938, -0.0855628 ,
       -0.24917674, -0.43549955, -0.25251   , -0.34676573, -0.17028752,
       -0.14653213, -0.6670983 ,  0.45824602, -0.60325086, -0.02335019,
       -0.59473795, -0.39511293, -0.41095448, -0.14169161, -0.30155277,
        0.45292038,  0.38637155,  0.13670352, -0.20410712, -0.35766822,
       -0.31376457, -0.67212933,  0.0327765 , -0.4538465 , -0.08350655,
       -0.19314349, -0.6726602 , -0.7460896 , -0.14674072, -0.6759147 ,
        0.02624947, -0.42824042, -0.05616824,  0.09701255,  0.1777527 ,
        0.09387967,  0.41899687, -0.42579073, -0.70986724, -0.11271432,
       -0.277624  , -0.38327068,  0.45476428, -0.0143634 ,  0.42691505,
        0.3506778 , -0.63992035,  0.17344338, -0.17437626, -0.456254  ,
        0.5130359 , -0.10090043, -0.4576758 , -0.4600694 , -0.30649233,
       -0.01812004, -0.20827062,  0.3681724 , -0.3505793 ,  0.22339314,
       -0.46620607, -0.2588358 , -0.30024695, -0.26037475, -0.28053793,
       -0.59361297, -0.3669095 , -0.27796698,  0.41140348,  0.08454808,
       -0.20654415,  0.19429535,  0.5187175 , -0.53227067,  0.07833889,
        0.21981451,  0.12263615,  0.30182934,  0.13594225,  0.02241065,
       -0.40394416,  0.35093334, -0.5045375 ,  0.520846  ,  0.38628018,
        0.29346445, -0.25171232, -0.41108724,  0.52724963, -0.54637367,
       -0.35324496, -0.5348397 ,  0.43985552, -0.5102388 , -0.19259566,
        0.07697725,  0.36128664, -0.08042233, -0.4596416 , -0.15713553,
        0.18673685, -0.5884925 , -0.08501328, -0.4701638 , -0.18440595,
        0.33481324, -0.368056  ,  0.04094604,  0.03236851,  0.4274174 ,
       -0.4689289 ,  0.19205572,  0.78824985, -0.09035324, -0.53250045,
       -0.2842048 ,  0.08602308, -0.07075616, -0.13811098,  0.3652859 ,
       -0.23777926, -0.49275193, -0.27984846, -0.5324193 , -0.75735486,
        0.15858702, -0.0434163 , -0.42980206, -0.3193454 , -0.00592425,
        0.40918052, -0.42628628,  0.06985631,  0.47333393, -0.09029556,
        0.45567822,  0.05853419, -0.33501396,  0.20993216, -0.14767395,
        0.01996424, -0.2940548 , -0.00464138, -0.590947  , -0.5429012 ,
        0.11278158,  0.21112464,  0.33130655, -0.17754625,  0.46615934,
       -0.2188718 , -0.5182097 , -0.09903193,  0.32963592, -0.48589897,
       -0.4641024 ,  0.18702269,  0.2838542 , -0.4343488 ,  0.08988611,
       -0.0893181 ,  0.07344014, -0.37721467, -0.62680244, -0.43524683,
       -0.0104176 ,  0.12196331, -0.36293513, -0.38430417, -0.56880593,
       -0.06028899, -0.07327951,  0.04661152,  0.05541625,  0.69356847,
       -0.22486436,  0.3171804 , -0.680022  ,  0.36906028, -0.0616119 ],
      dtype=float32), 'decoder.4.weight': array([[ 1.1348335 , -0.42192566,  0.47599298, ..., -0.98876214,
         0.7748498 , -0.06577477],
       [ 0.01491788, -0.62365437, -1.0118319 , ..., -0.09843586,
        -1.3231453 ,  1.1391774 ],
       [-0.18919726, -0.96515316,  0.4478869 , ..., -0.07957291,
        -1.019161  ,  1.0503643 ],
       ...,
       [-0.08323056, -0.45302117,  0.7930468 , ..., -0.57140976,
         0.07008375, -0.64022124],
       [ 0.587871  , -0.43902448,  0.53603595, ...,  0.89798933,
        -0.39373294,  0.52030975],
       [-1.0214401 ,  0.6580068 , -0.01909765, ...,  0.3215932 ,
         0.23941088, -0.856477  ]], dtype=float32), 'decoder.4.bias': array([-0.5035909 ,  0.43594766, -0.3806882 , -0.77175754, -0.12250896,
        1.0983549 , -1.1239042 ,  0.15279241, -0.6012452 , -0.05521778,
       -1.3019019 ,  0.08139079, -0.6290936 ,  0.8982449 ,  0.20545302,
        0.57363194, -0.15002427, -0.53940463, -0.7718407 ,  0.8410482 ,
        0.7187318 , -1.3862889 ,  0.8815237 ,  0.07056303, -1.1304314 ,
        0.06326485, -0.56610477,  1.1358902 , -0.68865985, -1.0407389 ,
        0.6588136 ,  0.49081036,  1.10341   ,  0.50330555, -0.6746008 ,
        0.5005339 ,  1.1140972 ,  0.49928123, -0.3033268 , -1.1970758 ,
       -0.53787524, -0.5429746 , -0.94770443,  0.98017657, -0.28028277,
        0.7054757 , -0.86188996, -0.5401383 , -1.3326224 , -0.2689152 ,
       -0.73110664, -0.9338283 ,  0.56950766, -0.3659336 , -0.21037114,
       -0.3919965 , -0.5011989 ,  0.87706316, -1.2917686 , -1.1270219 ,
       -1.0709862 , -0.8416126 , -0.13472718,  0.82750076, -0.833385  ,
        0.65217215,  0.05159622, -0.9306881 , -0.5181073 ,  0.30526626,
        0.60025764,  0.31074405, -0.60145676, -0.87307584, -1.8380212 ,
        0.5567951 , -0.10780618,  0.21081346, -0.477333  ,  1.1120288 ,
        0.45389363,  0.63214993,  1.3055552 , -0.17952514,  0.8695329 ,
       -1.437671  , -0.19057606,  0.43700334,  0.21332385, -0.6310449 ,
       -0.5041141 ,  0.6081434 ,  0.43898883,  0.64390653,  0.01112352,
       -1.2464261 , -0.92219293,  0.98869216,  0.7700506 , -0.5684493 ,
        0.81865215,  1.2553724 ,  1.2458555 , -0.9805675 , -0.62271017,
       -0.9192588 , -0.27111188, -0.05918612,  0.5824856 , -1.1255499 ,
       -1.0575848 ,  1.1137813 ,  1.6149038 ,  0.4556591 , -1.3822583 ,
        0.8415954 ,  0.30002877,  1.1291846 ,  0.71674424, -1.2181108 ,
        0.13876429, -0.6485751 , -0.20332813, -1.0199264 ,  0.6786632 ,
       -0.11041593,  0.46004695, -0.73283535, -1.0577421 ,  0.38115412,
        0.7428556 ,  0.09669238, -1.0080065 ,  0.17278074, -1.4010326 ,
       -0.28315228, -0.6456523 , -0.26800883, -1.1344603 , -0.37490165,
       -1.2994101 , -1.1935945 ,  0.88617975, -1.0155007 , -0.15467557,
       -0.51037157,  1.301752  , -0.9669274 ,  0.3636716 ,  0.06807512,
        0.12985377,  0.0652684 ,  0.7600932 , -0.8269605 ,  0.4556767 ,
        0.17071894,  0.52871054,  0.46527395, -1.2007445 ,  0.6660478 ,
        0.17615603, -0.91436994, -0.183199  , -0.2966179 , -1.3218346 ,
        1.5168642 ,  0.5483402 ,  1.1085887 ,  1.0974942 , -0.13383155,
        0.8510227 , -0.5493781 ,  0.6329286 , -0.95469266, -0.8654626 ,
       -0.4874363 , -0.9900227 ,  0.23441081,  1.0497894 , -0.82038903,
        0.62354755,  0.5775429 ,  0.72408617,  0.99183565,  0.36902463,
       -0.86025506, -0.27420172,  0.09824068, -0.38836932,  0.6863337 ,
       -0.8709845 ,  0.4857797 , -0.23795773,  1.0272305 , -0.39970514,
        1.0745511 , -0.38392794,  0.4018571 , -0.4918077 ,  0.04199338,
        0.5421861 ,  1.2740309 , -0.3706918 , -0.90396553, -0.422931  ,
       -0.44120228,  0.9798632 ,  0.32217145, -0.02610522, -0.03761698,
       -0.45707554,  0.997654  , -1.161169  , -0.52439725,  0.07590449,
       -0.48000488, -1.0200965 , -0.7652439 , -0.3174908 ,  0.58861643,
        1.187689  ,  0.68139464,  0.3262217 ,  0.16542767, -1.3665104 ,
        1.4994737 ,  0.13876297, -0.94948554,  1.4569707 ,  0.03588498,
       -1.5020926 ,  0.01147414,  0.80896956,  1.3183626 ,  0.6917554 ,
       -0.03257018, -0.95189065,  0.36621386, -0.6404712 ,  0.1947534 ,
       -0.3392157 , -0.07988534,  0.6403458 , -1.1866087 , -0.7480915 ,
        0.35205537,  0.27693537,  0.5881948 ,  0.9839597 ,  0.2705287 ,
       -1.0545238 , -1.1364379 , -1.1924899 , -0.35129958, -0.87180144,
       -0.9174386 , -0.02701627, -0.03642276,  1.1083734 ,  0.25999612,
        0.9832885 ,  0.6745452 ,  0.4254894 ,  0.86983865, -0.6865155 ,
       -0.9982742 , -0.9827482 , -1.1616825 , -1.3648658 ,  0.27223986,
       -0.9490906 ,  0.82525617, -1.0466723 ,  1.2204428 , -0.22652516,
        1.3645399 , -0.24304833, -0.86588556,  0.8720142 ,  0.45424122,
       -0.81679016,  0.5988545 , -0.31954238,  0.5934936 ,  0.18691052,
        0.67490923,  0.7992956 ,  0.15263866,  1.0452777 , -0.00373721,
        0.59376895, -0.5320634 , -1.2155056 ,  0.19320542, -1.6080699 ,
        1.0564153 ,  0.35579416,  0.1337735 ,  0.45088488, -0.27221954,
       -0.04027593,  1.1152345 , -0.87083924, -0.44229868,  1.0825696 ,
        0.44997975,  0.90126115,  0.24624878, -0.56759804,  1.193931  ,
        0.70007217, -1.7327628 , -0.9846858 , -0.5593773 , -0.04850345,
        0.7354315 , -0.44701   ,  0.8807684 , -0.8437152 ,  0.67112446,
        0.8308081 ,  0.65348375,  0.42406207, -0.17736767, -0.591038  ,
        0.3425994 ,  0.33714908,  0.54990405, -0.82453364, -0.8277458 ,
        1.0198681 , -0.83940446,  0.770572  , -0.5212591 , -1.3564116 ,
       -0.94848114,  1.0997579 , -0.20572501, -1.3986703 ,  0.30892026,
        1.1590956 , -0.9802641 ,  0.7097704 , -0.60669994, -0.74156797,
        0.9597714 , -0.7844884 ,  0.03132546, -0.9319182 , -0.16106884,
       -0.07579301, -0.30276752,  0.14010781, -0.01132313,  0.02807673,
       -0.69342196,  1.0314994 , -0.9807074 ,  1.0296443 ,  0.34850535,
       -1.262593  ,  0.59780055, -0.6965209 ,  1.1527975 ,  0.55357224,
        0.32223487, -0.66145444, -0.23954967,  1.1873809 ,  1.3139356 ,
        0.5875674 ,  0.8352966 ,  0.24013574,  1.1573907 , -0.79647124,
       -1.0532539 ,  0.7104416 , -0.76947635,  1.1273109 , -0.49348107,
        0.22669174, -0.8906392 , -0.4969405 , -0.9258395 ,  0.84939724,
       -0.8526967 ,  1.0418352 ,  0.911694  , -1.0447848 ,  0.89601177,
        0.4344358 , -0.35382304, -0.97977537,  0.9507687 ,  0.03051835,
       -0.02858027,  0.6046629 , -1.1783576 , -1.2827622 ,  1.4167327 ,
       -0.60135376,  0.717579  ,  1.0565473 , -0.8596415 ,  0.7298348 ,
        0.27974442,  0.42420566,  0.79685926, -0.4804777 , -0.7955524 ,
       -0.47246796, -0.38759047, -0.91961265, -1.4963374 , -1.3655424 ,
       -0.37228265,  0.89985216, -0.05543045,  0.84872025,  0.8196979 ,
       -0.2417094 ,  0.22549027, -0.7063292 , -0.27731958,  0.68084776,
       -0.6136845 ,  1.1405817 , -0.24636969, -0.85711807,  0.4704194 ,
       -0.54844666,  1.1764202 , -0.06795134,  0.25392425, -0.9418752 ,
       -0.2501371 ,  0.7386786 , -0.3183241 ,  0.9789733 ,  0.63956213,
       -0.19657351, -0.6444386 , -0.5371628 , -0.6674254 , -0.8004389 ,
        0.6473076 ,  0.756179  ,  0.23100382, -0.04756482, -1.2501781 ,
       -0.5158205 ,  0.24386393, -0.12530611, -0.72348213, -1.0737214 ,
        0.6770495 ,  0.9945644 , -0.7224267 ,  0.6241073 , -1.2575021 ,
       -0.2185678 , -1.5230995 , -1.0667117 ,  0.92288154, -0.49712807,
       -0.39789277, -0.49454966, -0.29651925, -0.13933557, -1.3103898 ,
        0.501543  , -1.3896322 , -0.7162034 ,  0.8002618 ,  0.7794962 ,
        1.0984511 ,  0.4295272 , -0.21152018,  0.2897442 ,  0.37969983,
        0.4968636 ,  0.62847584, -0.98377913, -0.16783471, -1.3310647 ,
       -0.6869848 , -1.1635077 , -1.3523405 , -1.4012384 , -0.4283184 ,
       -1.1606741 , -0.69916165,  0.9129607 ,  0.33423212,  0.15562928,
       -1.018553  , -1.0826511 ,  1.2255936 ,  0.8760668 ,  0.8942702 ],
      dtype=float32), 'decoder.6.weight': array([[ 0.8573975 , -0.31061858,  1.9804803 , ...,  2.146836  ,
         2.2157886 ,  0.48208958],
       [-0.4458977 ,  0.50439847, -0.9921555 , ...,  1.028105  ,
         0.39372197,  0.30334646],
       [-1.0317097 ,  1.2101867 , -1.1913923 , ..., -0.10857971,
         0.77283233, -0.43276298],
       ...,
       [ 0.1764771 ,  0.8709806 ,  0.79568535, ..., -0.61350155,
        -0.5822155 , -0.8215642 ],
       [-0.6083591 , -0.40208942, -1.0108575 , ..., -0.8788085 ,
         0.9649761 ,  0.18086936],
       [ 0.6146185 ,  0.14807966, -1.2251798 , ...,  0.02250625,
         0.34065726, -0.6435882 ]], dtype=float32), 'decoder.6.bias': array([-0.29169068, -0.3552788 , -0.26147178, ...,  0.20416257,
        0.99713176,  0.6205521 ], dtype=float32)}
[Time: 15.01.25 11:52:26] [Level: info] [State: aggregate] {'encoder.0.weight': array([[-1.1140786 ,  0.12871055,  0.22516355, ..., -0.86784494,
         0.6520864 ,  0.46986485],
       [ 0.2595976 ,  0.7473079 ,  0.7140076 , ...,  0.3785482 ,
        -0.5647776 ,  1.0862142 ],
       [ 0.4966135 , -0.51447713,  0.14379182, ..., -0.09314214,
        -0.7701123 , -0.24297822],
       ...,
       [-0.5827372 ,  0.16242239,  0.14945933, ..., -0.23458447,
         0.1870017 , -0.8109585 ],
       [ 0.20236541,  0.62756854, -0.3334775 , ...,  1.1939156 ,
        -0.5255789 ,  0.75002146],
       [ 0.7473501 ,  0.84154254,  0.24008834, ...,  0.26711968,
         0.53510046,  0.24484837]], dtype=float32), 'encoder.0.bias': array([ 3.59015316e-02, -7.01503515e-01, -5.22026718e-01, -3.44275624e-01,
       -8.18660319e-01,  7.02633858e-02,  6.29968882e-01, -8.47443759e-01,
       -1.19214937e-01, -1.10420895e+00, -6.04883075e-01, -7.84038663e-01,
       -3.25558811e-01,  5.31460881e-01, -1.09961295e+00,  4.37334001e-01,
        8.20032656e-01, -1.22371352e+00,  1.39969066e-01,  8.37018073e-01,
        5.59224308e-01, -9.13835883e-01, -5.91262877e-01, -8.36093187e-01,
        1.66045457e-01, -9.08426046e-01, -1.25415516e+00, -3.71940762e-01,
        5.09348750e-01, -4.71870512e-01,  7.91535899e-02, -3.56258661e-01,
        6.45348310e-01, -8.51935685e-01, -7.71793604e-01, -7.91373491e-01,
       -1.00589848e+00,  5.58124185e-02,  6.93583861e-04,  5.07933080e-01,
       -8.73027965e-02, -5.71610034e-01,  4.18840706e-01,  4.70122665e-01,
        4.14779842e-01,  6.99405909e-01,  1.38159037e+00, -2.83128887e-01,
        4.81830776e-01, -7.63249218e-01, -1.16868865e+00,  2.00767279e-01,
        4.61768329e-01, -1.82307661e-01,  7.09869683e-01,  9.22555327e-02,
       -5.86250842e-01, -6.25310779e-01,  5.61799407e-01, -8.46820235e-01,
       -1.10986745e+00,  3.71726692e-01,  4.47299600e-01,  4.25877392e-01,
       -1.29855633e-01, -3.95598888e-01,  7.54650712e-01, -1.02292228e+00,
       -5.31705260e-01, -7.73526192e-01, -9.34415758e-02,  6.76844046e-02,
        3.97131205e-01, -3.95249844e-01, -5.00586629e-01,  3.55735034e-01,
       -8.75376344e-01, -1.17375493e+00, -8.07854056e-01,  4.68036145e-01,
        8.13237190e-01,  4.62476850e-01,  8.01323652e-01, -4.17521209e-01,
        6.24299347e-01, -1.13399863e+00, -2.33405512e-02, -4.51326072e-01,
       -5.57960391e-01,  4.12276685e-01, -4.07777131e-01,  6.28645480e-01,
       -1.50379047e-01, -1.00953341e-01,  4.41506326e-01,  6.25386357e-01,
        6.34747624e-01, -3.43333006e-01, -2.21837834e-02,  7.46804595e-01,
        4.54727523e-02,  2.98056491e-02, -1.05573702e+00, -1.19682491e+00,
       -8.98796558e-01,  1.66685924e-01, -5.08697391e-01, -6.95090055e-01,
        3.65140915e-01, -1.13710165e+00, -6.94734633e-01, -1.03666627e+00,
       -9.16833460e-01,  1.77867308e-01,  6.23145938e-01, -2.52233386e-01,
       -8.93332884e-02, -8.99426222e-01, -8.27659488e-01, -6.01275444e-01,
       -6.66070223e-01, -9.63422298e-01,  8.92309427e-01, -7.00102627e-01,
       -5.90001225e-01, -2.34159634e-01, -5.18648028e-01,  4.93000478e-01,
        3.59008491e-01, -6.28387094e-01,  3.64486068e-01,  5.94810128e-01,
       -1.17443848e+00,  1.06228626e+00, -1.02640450e-01, -7.01486051e-01,
       -1.21424329e+00, -4.14776832e-01, -7.65612200e-02,  3.11776362e-02,
        1.02056548e-01,  7.72776008e-01,  2.34612897e-01, -8.06930780e-01,
       -2.79875308e-01, -3.65901411e-01,  3.56114328e-01,  4.20787454e-01,
       -3.51790994e-01, -2.58205265e-01,  8.18872988e-01, -1.10061121e+00,
       -5.96422702e-02,  6.28336608e-01,  5.12353003e-01, -1.02701628e+00,
       -7.52981424e-01,  4.32764053e-01, -5.57581723e-01, -4.64155734e-01,
       -8.12001705e-01,  9.17111278e-01, -1.18068624e+00, -6.46880746e-01,
       -1.05555594e+00,  1.82787061e-01, -1.14414001e+00, -8.93234789e-01,
       -1.21229184e+00, -4.24966723e-01, -5.70059896e-01, -1.18215919e+00,
        2.30900705e-01, -1.81377828e-01, -9.48605001e-01,  7.96412587e-01,
        5.44675946e-01, -3.15965116e-01,  4.78476882e-01, -2.73341566e-01,
        1.40927121e-01,  1.15809426e-01, -5.65144867e-02, -1.28061891e+00,
        5.82360864e-01,  3.42274278e-01, -9.78765368e-01,  5.94723582e-01,
        6.84914112e-01,  6.28921330e-01, -7.33316302e-01,  1.19670510e-01,
       -1.24279690e+00, -5.56818724e-01, -1.59683251e+00, -1.26068369e-01,
       -5.06917179e-01, -6.35275722e-01, -5.95459819e-01, -3.64247501e-01,
       -3.73845518e-01,  9.12738085e-01,  2.61716366e-01, -1.14030898e+00,
        8.06270480e-01, -1.13366270e+00,  6.91746116e-01,  9.97232318e-01,
       -2.99109221e-01,  5.62144756e-01,  3.17287385e-01,  6.83621287e-01,
        2.87502199e-01, -8.73752415e-01, -9.20190215e-01, -7.96229899e-01,
       -6.80930391e-02, -8.70345414e-01, -7.59862006e-01, -4.97372091e-01,
        2.66929388e-01,  3.88233244e-01, -7.62087584e-01, -4.40832108e-01,
       -4.33228761e-01,  6.13268912e-01, -9.63356793e-01, -6.65781319e-01,
       -9.36588049e-01, -5.74182987e-01, -1.22670257e+00,  4.91465151e-01,
       -3.12297344e-01,  1.44228220e-01, -7.46925592e-01,  5.32208681e-01,
        1.01348802e-01,  6.03987217e-01,  1.26277280e+00, -6.07032955e-01,
        4.43001330e-01, -9.55414712e-01,  7.21881628e-01,  2.09971711e-01,
       -9.42825735e-01, -1.25751758e+00, -5.20577610e-01, -1.05791819e+00,
       -9.52578902e-01,  1.75776854e-01,  5.69847152e-02, -4.50874448e-01,
       -5.60934329e-03, -8.82246196e-02, -2.76731491e-01,  2.25882262e-01,
        3.35712850e-01, -1.22421038e+00,  5.08065224e-01,  8.24006081e-01,
        8.88053060e-01, -9.04018879e-01,  2.51155436e-01, -6.26843452e-01,
       -4.66966689e-01, -2.25799754e-01, -1.05631733e+00,  5.98808289e-01,
        4.49201643e-01, -8.57025743e-01,  7.21536934e-01, -1.06858051e+00,
        1.97499901e-01, -4.34598148e-01, -1.21497560e+00,  3.56646776e-01,
       -1.27111554e+00,  8.27942073e-01, -8.26237321e-01, -1.17396283e+00,
        7.37207174e-01,  5.52977502e-01,  1.89285398e-01, -1.35041088e-01,
       -1.22201037e+00,  6.00995183e-01, -7.76704609e-01,  5.13762891e-01,
        3.90068665e-02, -1.28828025e+00, -8.81987214e-01, -9.68663633e-01,
       -5.93204319e-01, -6.69875741e-01, -2.50626385e-01, -1.13940394e+00,
        7.49513865e-01, -7.38494158e-01,  5.16531825e-01, -8.55423927e-01,
        1.01147406e-01, -8.03852260e-01, -4.22567189e-01, -1.95704341e-01,
       -1.08387983e+00, -1.18752813e+00,  2.84070730e-01, -1.03359652e+00,
       -1.55897021e-01,  3.06248486e-01,  5.48920691e-01, -8.04175735e-01,
       -1.18882132e+00,  1.51335448e-01, -7.71555245e-01, -1.41330624e+00,
       -4.04024065e-01,  8.37342381e-01, -9.83430088e-01, -3.23377669e-01,
       -3.50352824e-01, -7.28521585e-01,  2.16849402e-01, -5.77806652e-01,
       -1.02861810e+00, -8.48112702e-01,  4.73766506e-01, -5.87563157e-01,
        2.82092690e-01,  7.31139541e-01, -3.18327069e-01,  4.05781865e-01,
       -5.39409637e-01,  9.02795076e-01, -1.40187293e-01,  2.09834456e-01,
       -1.06071755e-01, -6.02114499e-01,  7.31769025e-01,  1.76546842e-01,
       -1.07768905e+00,  6.50658846e-01, -5.13287365e-01,  4.34975207e-01,
       -4.00003850e-01,  6.66039705e-01,  8.25164199e-01,  1.73477046e-02,
       -8.48579764e-01,  1.84940323e-01, -1.17415622e-01,  4.37686443e-01,
       -8.14103127e-01, -2.11824149e-01, -1.01937914e+00, -5.02318561e-01,
        9.30909514e-02,  4.89848644e-01,  1.41876876e-01, -4.68448699e-01,
       -1.84961677e-01,  6.65551782e-01, -6.29494607e-01,  4.58144546e-01,
        5.10805726e-01, -5.64228117e-01,  5.49226046e-01,  6.33128762e-01,
       -4.90530461e-01, -1.05799818e+00, -4.58188653e-01, -1.87352777e-01,
       -5.94656706e-01,  4.31210101e-01,  6.11862659e-01,  6.20173812e-01,
       -1.31481096e-01, -2.44426370e-01, -6.79674625e-01, -6.41826272e-01,
       -8.61178637e-01,  5.42085469e-01,  3.79854679e-01, -3.09463918e-01,
       -4.54869151e-01, -3.56494069e-01, -1.60788164e-01,  6.79991364e-01,
       -9.45869982e-02, -1.35209215e+00, -6.04701579e-01,  2.64818251e-01,
       -9.03733820e-02,  9.04191460e-04,  3.00496519e-01,  6.98024511e-01,
        2.06401721e-01, -1.47151756e+00, -3.83257389e-01,  6.80333555e-01,
       -5.41042089e-01, -1.58644363e-01, -1.28202409e-01, -3.39142919e-01,
        2.77045548e-01, -6.38540387e-02,  5.08601125e-03,  7.73057759e-01,
        3.73167783e-01,  6.77756429e-01, -1.21691203e+00,  4.58775342e-01,
       -1.00433397e+00, -1.99272066e-01, -1.22218931e+00,  1.10096192e+00,
       -4.14177597e-01, -6.99984550e-01, -2.54077584e-01,  6.48020983e-01,
       -5.58581829e-01,  3.38615477e-01, -1.08001006e+00, -8.01475883e-01,
        3.68631631e-01,  5.01662254e-01, -3.47157359e-01, -1.25123000e+00,
        5.89595258e-01, -5.30510068e-01, -1.08147597e+00, -3.08622122e-01,
        1.43475860e-01, -1.78114459e-01, -1.01325643e+00, -1.00318289e+00,
        7.12427735e-01, -4.07617718e-01,  5.22015572e-01,  3.53135049e-01,
       -9.54813123e-01, -3.25917780e-01,  2.89254397e-01, -1.18613636e+00,
       -1.19712368e-01, -4.46873605e-01,  3.63172144e-01,  8.06469500e-01,
       -5.01716554e-01,  7.82108724e-01, -8.54564965e-01,  4.44670379e-01,
       -1.01425540e+00,  3.33579898e-01, -7.11300731e-01, -1.66888252e-01,
       -4.75355387e-01,  5.24910986e-01, -4.40155715e-01,  9.14843798e-01,
       -1.08131480e+00, -3.24457645e-01, -1.69201702e-01,  3.39639843e-01,
       -1.09391105e+00, -1.26555908e+00, -6.33645773e-01, -8.01024675e-01,
        5.97143434e-02, -1.05264115e+00, -9.00519788e-01,  4.02484596e-01,
       -9.46762502e-01, -1.06005073e+00,  2.06975520e-01, -4.42315817e-01,
       -5.70425808e-01, -7.52896145e-02, -1.06207478e+00, -3.65769267e-01,
        8.51448655e-01, -9.92000878e-01,  2.25066021e-01, -9.73374408e-05,
       -9.12496090e-01, -8.18496108e-01,  7.92991459e-01, -3.84060264e-01,
       -6.66576385e-01,  4.97365482e-02, -1.17364392e-01,  3.93215358e-01,
       -1.34241045e-01, -3.84971410e-01, -7.44447827e-01,  2.96455413e-01,
       -3.93195778e-01,  3.26724261e-01,  1.81733176e-01, -9.80701923e-01],
      dtype=float32), 'encoder.2.weight': array([[ 1.9254    , -1.8968288 , -2.4061508 , ...,  0.30623186,
         0.0680005 , -3.300232  ],
       [-1.8299868 ,  1.5758264 , -3.3897533 , ...,  0.12384494,
         1.077967  , -2.1765237 ],
       [ 3.0548978 ,  2.514956  ,  3.5211258 , ...,  1.3132522 ,
         2.2665153 ,  1.7409295 ],
       ...,
       [ 0.4810038 ,  1.0155218 , -2.868641  , ..., -2.0939164 ,
         1.520577  ,  0.6060637 ],
       [ 2.6778646 ,  0.8352079 ,  2.1949022 , ...,  0.24576369,
         1.0214725 ,  1.0518391 ],
       [ 3.3008685 , -3.5423195 ,  2.5663328 , ..., -0.8619366 ,
         0.07150912, -2.5858307 ]], dtype=float32), 'encoder.2.bias': array([ 2.7655249 ,  1.8560519 ,  3.2433429 , -2.1344404 , -1.2760501 ,
       -4.1983814 , -1.113629  ,  1.153385  , -2.6923497 ,  1.1578246 ,
        1.8106999 , -3.2658253 , -1.8409023 , -1.2905344 ,  1.4428385 ,
        2.5881248 , -1.1837951 , -3.3026254 ,  2.0103536 ,  1.4820969 ,
       -1.8285897 , -1.5803329 , -2.8829713 , -1.0805572 ,  0.93232924,
        1.210164  , -0.47985306, -2.6736271 , -3.148323  , -2.6108434 ,
       -1.9235791 , -1.7356608 ,  1.3541431 , -0.79783607, -0.09807207,
        2.522573  , -2.3896928 , -1.2205191 , -2.4321363 ,  4.258681  ,
       -2.5825155 ,  0.11901693,  1.8283178 , -1.859422  , -0.36763737,
        1.7319518 ,  1.8558025 ,  0.14908212, -2.0902867 , -1.7207344 ,
       -0.41630846, -0.4023697 , -2.3991933 , -0.6847671 ,  0.42435342,
       -2.967048  ,  2.6167717 , -3.4743266 ,  0.09122395,  2.003367  ,
       -1.9881837 ,  2.9095485 ,  3.1317272 ,  0.22023138, -1.6103501 ,
       -0.69273007,  1.8050063 ,  3.4760084 ,  0.02156361, -2.9015167 ,
        3.191243  , -0.8013241 , -2.425126  , -1.8939555 ,  2.8531375 ,
       -0.2113966 , -1.6381993 ,  0.25418586,  1.8271633 ,  3.141077  ,
       -4.033243  ,  2.2591994 , -1.3518015 ,  2.3823934 ,  2.530819  ,
       -2.7833915 , -0.7178618 , -1.867677  ,  0.6625421 ,  1.3873935 ,
       -1.7694429 ,  3.5185878 , -0.5760301 , -1.9311733 , -3.2172575 ,
        0.8257468 ,  1.9888978 ,  0.03695972, -2.5052192 , -0.41197422,
        1.2402937 ,  1.7220829 ,  3.450395  , -2.2556963 , -0.0417219 ,
        0.9983802 ,  2.9585247 ,  0.0811279 ,  0.3746449 ,  2.1262877 ,
        1.8395435 , -0.53351796, -3.930306  ,  3.5382237 ,  2.8272235 ,
        2.2408535 , -1.8011615 , -2.4314961 , -0.28613177,  0.28332713,
        0.32976937,  0.21615368,  2.836636  , -0.25937754, -0.44829616,
        1.2273911 , -3.1942835 ,  2.4502964 ,  1.5905554 , -3.9184198 ,
        1.8182113 , -1.9364514 ,  2.663725  , -3.1356325 , -0.6015695 ,
        1.103569  ,  1.5274658 ,  2.0359538 ,  1.2990754 ,  2.7614408 ,
        0.25472856,  1.0923746 ,  1.118856  , -0.13030358, -0.6566807 ,
       -3.544166  , -0.19087169,  1.371972  , -2.1609497 , -2.5520623 ,
       -0.48385572,  0.25053185, -1.78834   ,  3.142705  , -0.10570484,
       -3.7980545 ,  1.8232586 , -1.5983821 ,  3.4503694 , -1.4382643 ,
       -0.38333964, -4.2227073 , -0.21345825, -1.004507  ,  1.9076232 ,
       -1.0961727 , -1.1230857 , -2.7820163 ,  1.6212955 ,  0.96778   ,
       -3.0459228 ,  1.0794926 ,  2.3126092 ,  0.06430521, -1.4383013 ,
       -1.2147894 , -1.3730005 , -1.634939  ,  0.13972768,  1.8425772 ,
        2.214111  , -0.38193434, -0.17563948, -3.7332594 ,  1.9608619 ,
       -0.63337463,  2.7236345 ,  1.3291314 , -3.4569302 , -3.489752  ,
        1.8244436 ,  0.43532923,  1.1937828 ,  0.31914258, -1.7895348 ,
       -2.6898055 , -0.43608588,  0.56154734,  0.46904114,  0.857348  ,
       -2.4984703 , -2.177394  , -2.459276  , -0.32404593,  2.1618178 ,
       -0.5030113 ,  0.21183485, -1.2691345 , -2.382083  , -1.4429122 ,
        1.6975598 ,  0.2716108 , -0.05639193,  2.8551078 ,  3.2051678 ,
       -3.999673  ,  2.6427114 , -1.684825  , -3.3748727 ,  0.50892216,
       -3.3887491 ,  1.3811013 ,  1.4030013 , -2.3376634 , -2.6472328 ,
       -0.5022891 ,  0.9249792 ,  2.6772044 ,  1.5989481 ,  0.6217609 ,
        2.7514305 ,  2.6265109 ,  1.9146719 , -3.773934  , -0.6198968 ,
        0.58119315,  0.7485342 ,  0.06802759, -2.7595794 , -2.5027766 ,
        2.6619334 ,  2.2961545 ,  0.66291654,  1.0701256 ,  2.6642995 ,
        1.9277844 ,  1.5461037 ,  3.2450895 , -1.0455581 , -2.5170393 ,
        0.39041778, -0.3856319 ,  3.054728  ,  2.7801125 , -0.9693605 ,
        0.3626082 ,  2.1011093 , -1.6482646 ,  0.7668402 , -1.0514046 ,
        0.22595301,  0.03141429,  0.21113423,  1.909703  , -0.77304685,
        2.7924342 ,  0.23052391,  0.01060281, -0.03563794,  0.21562995,
        3.0171032 , -3.5904837 , -2.807347  ,  1.1838067 , -0.92305195,
        2.902791  ,  2.3526535 , -3.9217362 ,  2.4854271 ,  0.67983305,
       -1.662023  , -1.7563975 ,  0.87377334, -2.1577876 , -3.3065233 ,
        2.4459324 ,  2.398664  , -3.508274  ,  2.0950553 , -0.75928915,
       -3.7521532 , -1.4114926 ,  2.8168817 , -0.03074547, -1.2615613 ,
       -1.3082926 ,  1.3936315 ,  3.542468  , -0.6849214 ,  0.62262803,
       -1.3295009 ,  2.5202637 , -2.7346587 , -3.3129208 ,  1.90925   ,
       -3.4877782 ,  0.53028834, -0.75113666, -3.4204223 ,  1.4299216 ,
       -1.6479146 , -3.7775893 , -4.0299807 ,  1.0035803 ,  1.9292771 ,
        1.4380126 ,  1.7582883 , -1.5970789 ,  3.1221328 ,  0.4703905 ,
        3.896898  ,  2.2606325 , -1.7769794 ,  0.981395  ,  0.7299905 ,
        2.2937102 ,  0.04368544, -0.01089298, -1.4306717 , -2.669728  ,
       -3.241787  ,  1.3239853 , -3.1900716 ,  0.82670796, -0.41715726,
        2.8820245 , -0.42982006, -0.38182223,  2.002831  , -3.140196  ,
        2.3287885 , -1.9470723 , -0.9078189 ,  1.174078  ,  0.24776673,
        1.962472  , -1.7685337 ,  1.3493605 ,  1.9010475 ,  2.618732  ,
        2.2472587 , -2.2720826 ,  0.4310788 , -1.7390988 , -2.5240915 ,
       -2.2590148 , -2.8011842 ,  0.88615054, -1.3171358 , -0.88034093,
        1.6017718 , -0.40437263, -1.735136  , -3.063264  , -3.5385962 ,
       -1.6429095 ,  0.04309496,  0.45064968, -1.1479847 , -3.682444  ,
        1.356485  ,  2.1219506 , -1.1210399 ,  2.0357933 ,  1.8388062 ,
        0.8979057 ,  1.3448946 ,  3.141796  , -2.494358  , -0.09357651,
       -2.2035964 ,  2.871812  ,  1.404522  , -1.5555027 ,  3.0734973 ,
        2.1109204 , -2.7850587 ,  2.504412  ,  0.41039914, -2.323073  ,
        2.6695452 , -1.2072101 ,  2.6327145 ,  1.1917078 ,  1.9562104 ,
        1.0174809 ,  2.7229574 , -3.831747  , -2.0079758 ,  2.9325714 ,
       -0.47549814,  1.6245177 ,  2.6908598 ,  1.1259167 , -1.2734866 ,
       -3.1894398 ,  1.2068292 ,  2.2888002 ,  1.4331627 , -3.0471778 ,
        1.6151004 ,  1.0847765 , -0.7873781 ,  0.80368257,  1.3846333 ,
       -3.010623  , -0.21963912, -0.8765153 ,  2.9430315 , -0.19633222,
        0.4297438 , -0.3811937 , -0.25160676,  1.8442514 ,  2.29972   ,
        0.0810432 ,  2.3450212 ,  1.3473762 , -1.1394296 ,  1.0068903 ,
       -3.4533632 ,  1.9084046 , -0.17581332, -2.1997113 ,  0.7581848 ,
       -1.317275  , -2.0151896 , -0.02531303, -2.6722884 , -0.31090587,
        3.4883244 ,  3.5445986 ,  2.8764029 , -0.38462406, -0.41556808,
       -3.1654902 ,  3.0072665 , -1.017107  , -2.7218416 , -1.143291  ,
        2.770812  , -1.1901425 , -0.66534567, -2.2486477 ,  0.3225366 ,
        0.17619117, -0.7506323 , -1.2660847 ,  3.5196748 , -3.2502015 ,
       -2.8720796 ,  1.300318  , -1.8176105 ,  3.5241103 ,  2.599686  ,
       -0.02244142, -3.1930642 ,  1.3419552 ,  1.9088912 , -1.7072494 ,
       -2.479701  , -0.02840766,  1.9423976 ,  1.382659  , -3.4274955 ,
       -0.44396055, -0.96779686, -3.444956  ,  3.3957047 ,  2.8507035 ,
        3.4019682 , -0.5995755 ,  0.83058095,  1.0231417 ,  1.3034151 ,
       -3.9783926 , -2.731363  ,  1.3303319 , -1.4463949 , -1.6855705 ,
       -4.0185847 ,  3.0578818 , -2.2775521 ,  4.0201206 , -3.4358835 ,
        0.24439667, -3.2371495 ,  1.3655802 ,  1.1916571 , -3.1569953 ],
      dtype=float32), 'encoder.4.weight': array([[-2.496364  , -2.857905  , -2.951635  , ...,  2.9771118 ,
         1.3403974 , -2.2458968 ],
       [-0.11776099, -2.7702816 , -3.8345323 , ...,  2.2367625 ,
        -1.3517563 , -2.211164  ],
       [-0.5431144 ,  2.0180185 ,  1.4193057 , ...,  3.4678094 ,
         3.1216588 ,  1.0777953 ],
       ...,
       [-3.5263774 ,  2.220892  ,  1.8270056 , ...,  2.6798143 ,
         2.0870328 , -2.5889554 ],
       [ 0.81152475,  2.8397667 , -1.8419821 , ..., -3.2797565 ,
        -0.99551207, -0.19503093],
       [-3.4118738 ,  3.046576  , -3.2146616 , ..., -1.5896959 ,
        -3.5771987 , -2.9785771 ]], dtype=float32), 'encoder.4.bias': array([-3.1447263 ,  0.09527026,  3.500797  , ...,  2.5198593 ,
       -1.9912117 , -3.42172   ], dtype=float32), 'encoder.6.weight': array([[-0.56477857, -1.2414297 ,  1.1120226 , ...,  0.6876557 ,
         0.4353439 , -0.88912106],
       [ 0.9852969 ,  1.0816048 ,  1.2664826 , ..., -1.1293218 ,
         1.2638537 ,  1.4206043 ],
       [-1.2596308 , -0.91109765,  0.9499314 , ...,  0.586807  ,
        -0.74882275, -0.09374158],
       ...,
       [-0.89365506, -1.6036344 , -0.3065295 , ..., -0.30766073,
         0.8760361 , -0.15475664],
       [-1.0807656 , -0.99062896, -2.2743342 , ...,  1.6382916 ,
        -0.94750845,  1.3024954 ],
       [-0.8267957 , -0.7752369 , -0.76354676, ...,  0.21783005,
        -1.3977327 ,  1.3091496 ]], dtype=float32), 'encoder.6.bias': array([-0.43507385,  0.06066518,  0.87022007,  0.5479369 , -0.9089587 ,
       -0.44245654, -1.2847524 , -0.8335657 ,  1.0003214 , -0.03731174],
      dtype=float32), 'decoder.0.weight': array([[-11.403135  ,   0.79649734,  -5.802066  , ...,  18.022528  ,
         23.845592  , -10.187813  ],
       [ -6.659273  ,  -4.1237698 ,  -9.642333  , ..., -17.00262   ,
        -19.133278  ,  22.522675  ],
       [-14.372665  ,  -8.733896  ,   6.9408484 , ...,  -3.416473  ,
        -12.253889  ,  13.654833  ],
       ...,
       [ 11.759597  ,  -6.0124693 ,  19.709293  , ...,  10.536329  ,
        -10.697203  ,  19.256771  ],
       [-24.063599  ,   2.3676019 , -20.808971  , ...,  -5.741988  ,
        -12.216843  , -24.525646  ],
       [ 25.273773  ,  25.440851  ,  14.136603  , ..., -10.029122  ,
          6.2490687 ,  -0.20935784]], dtype=float32), 'decoder.0.bias': array([-26.039387 ,  -6.6941338,   0.5731931, ...,   0.90722  ,
        -4.598839 ,  14.0821495], dtype=float32), 'decoder.2.weight': array([[ 1.1935629 ,  0.7055845 , -1.2935262 , ...,  1.0722685 ,
         0.65818924,  1.0468042 ],
       [ 0.17262265, -0.21171132, -0.5593048 , ..., -0.788594  ,
        -1.0731502 ,  0.55684966],
       [-0.30466306,  0.41380468, -1.5125074 , ..., -1.0754213 ,
         0.64658415,  0.6760117 ],
       ...,
       [-1.3034946 , -1.3593428 ,  0.52793276, ...,  0.88492036,
        -1.372869  ,  1.6063819 ],
       [-0.598984  , -1.8329148 , -0.0698888 , ..., -0.933625  ,
         1.2504485 ,  0.4858236 ],
       [-2.1390963 , -1.8167527 ,  0.57167745, ...,  0.15496467,
        -1.2620001 , -2.0260425 ]], dtype=float32), 'decoder.2.bias': array([ 0.49781162, -1.0975307 , -1.1607798 ,  0.4655072 , -0.66500056,
       -1.9397576 , -0.76154315,  0.20705238,  1.4574655 ,  0.6544107 ,
       -2.273418  , -0.31617373,  0.09826238,  1.3894459 ,  0.28900892,
        0.02587934, -0.723378  , -1.5454962 ,  0.7990582 ,  0.00299421,
        0.29236424, -0.6133664 ,  0.50496656, -0.42752302,  0.14172792,
        1.2819719 , -1.8424511 , -0.13922603, -1.7258642 , -1.2234504 ,
        1.1430769 , -1.6385972 ,  1.6002214 ,  0.93900067,  1.5493665 ,
       -1.1402528 , -1.7228765 ,  0.630198  ,  0.02134466, -0.6140937 ,
       -1.0887177 , -1.4879026 ,  1.0385053 , -1.7430993 ,  0.30313373,
        0.9944597 ,  0.0928579 , -0.57826996, -1.7376416 ,  1.1838516 ,
        1.0294558 , -1.3977237 , -0.38488054,  0.9926766 , -1.5485134 ,
       -1.7620393 , -1.1826469 , -0.06410153,  0.40966442, -0.31323254,
       -1.6574925 ,  1.44524   ,  0.1464632 ,  0.28947023, -1.5205028 ,
       -1.8084472 ,  0.5159839 , -1.0870411 , -1.0654689 ,  1.0865438 ,
        2.1699288 ,  0.0606866 ,  0.68298066, -0.298788  ,  0.8878523 ,
       -0.6307077 , -1.9790435 , -2.0312853 ,  1.5443807 ,  1.1886176 ,
        1.1564149 , -1.5462663 , -2.0351074 , -1.6698177 ,  0.97753555,
       -1.7863684 ,  0.4396077 ,  0.4321574 , -0.13494147, -0.28880712,
        0.47701058,  0.74255013,  0.90581006, -1.7534292 , -1.1394365 ,
       -1.6656365 , -1.3381329 ,  1.0081896 , -0.8631491 , -1.4762673 ,
       -0.7166335 ,  0.01365796, -0.8644275 , -1.6106839 , -0.3992235 ,
       -1.8512045 ,  0.8581645 , -0.31933445, -0.74718404, -0.6318464 ,
        0.15207413,  0.7129172 , -1.3428607 , -1.8846872 , -0.48939395,
       -0.8280658 , -1.2241112 ,  0.67888796, -1.9182919 , -1.8063512 ,
        1.2774118 ,  1.6912229 ,  1.4634659 , -1.2434918 ,  1.6701047 ,
        0.31935042, -1.7588224 , -1.2008648 ,  1.4618151 ,  0.5437999 ,
        1.4403319 , -1.7214471 ,  0.15180074,  1.3985076 , -0.84641755,
        1.4374877 ,  0.24726287, -0.71514857, -1.7532679 , -1.5492526 ,
        1.7674549 ,  1.2632484 , -1.8323461 , -0.5164436 ,  0.36511767,
        1.5508007 ,  0.9859941 ,  0.43964872,  1.1243159 , -1.1343123 ,
       -1.883486  , -0.46674275,  1.5298882 , -1.1027715 , -1.4239717 ,
        0.14073831, -1.3475604 , -0.6333226 , -1.7069154 ,  0.19477226,
       -0.8403796 ,  1.3386536 ,  0.95063674, -0.33863157,  0.6500181 ,
        1.3594904 , -1.345195  ,  1.8983002 ,  0.16665936,  1.3693168 ,
        0.18370959, -0.16066474,  0.87303424,  0.0627282 , -1.3217065 ,
       -1.8652654 ,  0.77323675,  0.72107935, -1.3097695 ,  1.0136718 ,
        0.05682858, -1.888911  ,  1.435096  , -0.3368692 , -1.963499  ,
        0.9359585 , -1.8696184 , -1.1790562 , -0.05941402, -1.7602246 ,
       -1.0295908 , -1.7518406 , -1.9894769 , -1.55105   ,  0.02710316,
       -1.3944271 , -0.05684535,  0.9118532 ,  0.08106569, -1.6064593 ,
       -1.9790034 , -0.14113238,  1.5940951 ,  0.53883725, -1.70484   ,
       -0.75636405, -0.66005135, -1.2923638 , -0.31555757, -0.04170905,
       -1.915442  ,  0.44127133, -0.8835667 , -1.6414757 , -0.6777832 ,
       -1.9285333 , -1.1795518 ,  1.4659034 , -0.43737638, -0.97152257,
       -1.2312136 , -0.09314477, -0.96689737,  1.5086138 , -1.5461358 ,
        0.62639797, -1.8136089 , -1.1679256 ,  0.6953696 , -1.8040099 ,
       -0.15080395,  0.32275915, -0.8497927 , -1.543999  , -1.6327465 ,
        0.5824566 , -1.0348374 , -0.9317535 , -1.1064404 , -1.2642665 ,
       -1.6897639 ,  0.31259507, -2.0727756 , -1.1625049 ,  0.9672159 ,
        0.17496394, -0.05284345,  0.75591844,  1.5793426 , -1.0549221 ,
       -0.19866654, -1.2258871 , -0.03857832, -0.12702906,  0.96509546,
        1.2699356 , -0.6058019 , -1.8599268 , -1.42987   , -1.5107785 ,
        0.31408942, -0.3982383 , -0.11917339, -0.8396235 , -1.5824966 ,
       -0.6793994 ,  0.02100761, -0.24199897, -1.2889941 , -0.6482444 ,
        0.6596406 , -1.7920736 ,  0.9112839 , -1.8195226 ,  0.5285724 ,
        0.6707849 ,  0.11186469, -1.2318486 , -0.66445637,  0.08357164,
       -0.14497018,  1.0101168 , -0.00711903,  1.3510466 ,  0.7113358 ,
        1.1487911 , -2.0597582 ,  1.1010551 , -1.9392185 , -0.00840679,
       -0.7053906 ,  0.5541185 , -1.3529224 , -0.62037706, -0.5053009 ,
       -1.2267988 , -1.2676024 , -1.6268551 , -1.1089773 ,  0.48185796,
       -1.7536004 , -0.6077037 ,  1.0125313 ,  0.8723675 , -0.08270086,
       -1.4664744 ,  0.594959  , -0.80244535,  0.62211186,  1.0620115 ,
        1.423901  , -1.6220629 , -1.057367  ,  0.14091669, -0.47629386,
       -1.1292686 ,  1.113527  ,  0.05158882,  0.49355817, -0.2566884 ,
       -0.7475303 , -1.3064986 , -0.75837827, -1.0402973 , -0.5108626 ,
       -0.4395964 , -2.0012949 ,  1.3747381 , -1.8106    , -0.07005058,
       -1.7842138 , -1.1853387 , -1.2328634 , -0.42592007, -0.9046583 ,
        1.3587611 ,  1.1591151 ,  0.41011053, -0.6123213 , -1.0730045 ,
       -0.9412937 , -2.0163887 ,  0.09874863, -1.3615396 , -0.25051966,
       -0.5794303 , -2.0179806 , -2.2382689 , -0.4402222 , -2.027744  ,
        0.07959692, -1.2838731 , -0.16850471,  0.2910376 ,  0.5332581 ,
        0.281639  ,  1.2569907 , -1.2773721 , -2.1296017 , -0.338143  ,
       -0.83287203, -1.149812  ,  1.3642926 , -0.04393864,  1.280745  ,
        1.0520334 , -1.9197611 ,  0.52033013, -0.52312887, -1.3696102 ,
        1.5391014 , -0.3018549 , -1.3734498 , -1.3802077 , -0.91947687,
       -0.05436014, -0.6248119 ,  1.1040987 , -1.0507938 ,  0.6701794 ,
       -1.3986182 , -0.7765074 , -0.90243644, -0.78112423, -0.84161377,
       -1.7816873 , -1.1007285 , -0.833901  ,  1.2333622 ,  0.2523743 ,
       -0.6196325 ,  0.58288604,  1.5561525 , -1.596812  ,  0.23501667,
        0.6594435 ,  0.36790848,  0.905488  ,  0.40782675,  0.06639011,
       -1.2118326 ,  1.0528    , -1.5144618 ,  1.562538  ,  1.1588404 ,
        0.8803934 , -0.755137  , -1.2332615 ,  1.581749  , -1.639121  ,
       -1.0597348 , -1.6045191 ,  1.3195665 , -1.5307164 , -0.577787  ,
        0.23093176,  1.0838599 , -0.24126713, -1.3789237 , -0.47140658,
        0.5602105 , -1.7654775 , -0.25503984, -1.4100682 , -0.5532179 ,
        1.0044397 , -1.1041679 ,  0.12283811,  0.09710524,  1.2814038 ,
       -1.4067867 ,  0.57616717,  2.3647494 , -0.27105978, -1.5975013 ,
       -0.8526144 ,  0.25806922, -0.21185184, -0.414333  ,  1.0941608 ,
       -0.7133377 , -1.4782557 , -0.83954537, -1.597258  , -2.272913  ,
        0.4757616 , -0.13024886, -1.2894062 , -0.95803624, -0.01777274,
        1.2275414 , -1.2788589 ,  0.20956892,  1.4208503 , -0.2708867 ,
        1.3670347 ,  0.17560253, -1.0050418 ,  0.6297965 , -0.44302183,
        0.05989271, -0.8830127 , -0.01392414, -1.772841  , -1.6287038 ,
        0.3383447 ,  0.63337386,  0.9939196 , -0.5326388 ,  1.398478  ,
       -0.65703773, -1.5546291 , -0.29709578,  0.98890775, -1.4576969 ,
       -1.3923072 ,  0.56106806,  0.8519853 , -1.3038938 ,  0.27050653,
       -0.26795432,  0.22032043, -1.131644  , -1.8804073 , -1.3057405 ,
       -0.0312541 ,  0.36588973, -1.0888054 , -1.1529124 , -1.7064178 ,
       -0.18128994, -0.21983865,  0.13983457,  0.16624875,  2.0807061 ,
       -0.67374456,  0.9515412 , -2.040066  ,  1.1071808 , -0.1848357 ],
      dtype=float32), 'decoder.4.weight': array([[ 3.4045005 , -1.265777  ,  1.427979  , ..., -2.9662864 ,
         2.3245492 , -0.1973243 ],
       [ 0.044754  , -1.8705349 , -3.0354958 , ..., -0.29530704,
        -3.9694357 ,  3.4175324 ],
       [-0.5675918 , -2.8958852 ,  1.3436607 , ..., -0.23871887,
        -3.057483  ,  3.1510928 ],
       ...,
       [-0.24969167, -1.3594892 ,  2.3791404 , ..., -1.7142293 ,
         0.21025126, -1.9206637 ],
       [ 1.763613  , -1.3174994 ,  1.6081078 , ...,  2.6939678 ,
        -1.1811988 ,  1.5609293 ],
       [-3.0643196 ,  1.9727932 , -0.05729296, ...,  0.96477866,
         0.71823186, -2.569431  ]], dtype=float32), 'decoder.4.bias': array([-1.510773  ,  1.3106152 , -1.1420643 , -2.315274  , -0.36752683,
        3.2232075 , -3.3708642 ,  0.4593994 , -1.8037353 , -0.16565333,
       -3.905706  ,  0.24775437, -1.887281  ,  2.6924396 ,  0.6162043 ,
        1.7115793 , -0.4500728 , -1.6182139 , -2.3155222 ,  2.5325694 ,
        2.1455216 , -4.158867  ,  2.644156  ,  0.20820248, -3.3912942 ,
        0.18554342, -1.6983143 ,  3.4062564 , -2.0659795 , -3.1222167 ,
        1.892567  ,  1.4713993 ,  3.134962  ,  1.5096064 , -2.0238023 ,
        1.492908  ,  3.3393784 ,  1.4934251 , -0.90998036, -3.5912275 ,
       -1.6136258 , -1.6289241 , -2.8431134 ,  2.9395905 , -0.8408487 ,
        2.0521288 , -2.58568   , -1.6208389 , -3.997867  , -0.80759215,
       -2.1933198 , -2.8014848 ,  1.671298  , -1.0978007 , -0.6311134 ,
       -1.1759895 , -1.5035967 ,  2.6421704 , -3.8753057 , -3.3810658 ,
       -3.2129583 , -2.5248377 , -0.40418154,  2.4818885 , -2.500155  ,
        1.957901  ,  0.15389359, -2.7920642 , -1.5543219 ,  0.98704696,
        1.800375  ,  0.93194497, -1.8043705 , -2.619227  , -5.5140634 ,
        1.5894156 , -0.32341856,  0.60492396, -1.431999  ,  3.3669884 ,
        1.3592888 ,  1.8652265 ,  3.9122076 , -0.5385754 ,  2.6072152 ,
       -4.3121653 , -0.5717282 ,  1.3074777 ,  0.6513381 , -1.8931353 ,
       -1.5123427 ,  1.8244684 ,  1.286701  ,  1.9310699 ,  0.03226413,
       -3.7392783 , -2.7665787 ,  2.8244343 ,  2.310941  , -1.7053485 ,
        2.451272  ,  3.7174091 ,  3.735273  , -2.9417026 , -1.8681304 ,
       -2.7577763 , -0.81333625, -0.17755842,  1.7447472 , -3.3766499 ,
       -3.1727543 ,  3.2596445 ,  4.8234463 ,  1.6649017 , -4.146775  ,
        2.5209045 ,  0.8019787 ,  3.3845787 ,  2.0857465 , -3.6543324 ,
        0.41254124, -1.9457254 , -0.6099844 , -3.0593553 ,  2.035411  ,
       -0.33124775,  1.4525924 , -2.198506  , -3.1732264 ,  1.1662322 ,
        2.2261283 ,  0.2878484 , -3.0240192 ,  0.51342523, -4.203098  ,
       -0.84860915, -1.9369569 , -0.8040269 , -3.4033809 , -1.124705  ,
       -3.8982303 , -3.5807834 ,  2.4968896 , -3.0456533 , -0.4640269 ,
       -1.5311147 ,  3.8982677 , -2.900782  ,  1.091837  ,  0.20176107,
        0.38477695,  0.19600904,  2.2904246 , -2.4808815 ,  1.61156   ,
        0.5119583 ,  1.5844672 ,  1.3913281 , -3.6022334 ,  1.8150162 ,
        0.51456714, -2.7431097 , -0.549597  , -0.8915504 , -3.9655037 ,
        4.537027  ,  1.6582919 ,  3.3247817 ,  3.2895584 , -0.40149462,
        2.5511036 , -1.6481342 ,  1.8952279 , -2.864078  , -2.5963879 ,
       -1.4623089 , -2.9700682 ,  0.71058095,  3.1470428 , -2.4603188 ,
        1.8707213 ,  1.7123173 ,  2.144424  ,  3.0388124 ,  1.1166168 ,
       -2.5817075 , -0.82259655,  0.29318804, -1.165108  ,  2.0575912 ,
       -2.6129534 ,  1.3694417 , -0.71387315,  3.0792139 , -1.1991154 ,
        3.22128   , -1.1517838 ,  1.2701854 , -1.4754231 ,  0.12587777,
        1.5892279 ,  3.8151271 , -1.1116515 , -2.712839  , -1.2696414 ,
       -1.3236077 ,  2.8045087 ,  0.995187  , -0.0783157 , -0.11285421,
       -1.3712265 ,  2.990911  , -3.4835072 , -1.5731918 ,  0.2246141 ,
       -1.4400141 , -3.0602899 , -2.295732  , -0.9524714 ,  1.7637894 ,
        3.5619226 ,  2.0434182 ,  0.97923476,  0.61839604, -4.099531  ,
        4.490739  ,  0.4167874 , -2.8484566 ,  4.2858343 ,  0.10821062,
       -4.506278  ,  0.02645432,  2.7202833 ,  4.0417275 ,  2.0729918 ,
       -0.0977114 , -2.8556726 ,  1.0668504 , -1.9214137 ,  0.54243916,
       -1.017647  , -0.239656  ,  1.8952379 , -3.5602503 , -2.2442746 ,
        0.64355314,  0.8291348 ,  1.7647719 ,  2.948031  ,  0.7957969 ,
       -3.1635714 , -3.4093137 , -3.5774696 , -1.0538988 , -2.6154044 ,
       -2.7523165 , -0.08148004, -0.11096518,  3.3289943 ,  0.7774437 ,
        2.915389  ,  1.7953355 ,  1.2739178 ,  2.6063802 , -2.059547  ,
       -2.9948225 , -2.9482446 , -3.4850473 , -4.0945973 ,  0.79216224,
       -2.8464231 ,  2.474401  , -3.140017  ,  3.6600957 , -0.67957556,
        3.9403307 , -0.729145  , -2.598505  ,  2.6118345 ,  1.3610439 ,
       -2.4503703 ,  1.7747324 , -0.9586272 ,  1.770448  ,  0.46341485,
        2.026744  ,  2.390147  ,  0.46056843,  3.269497  , -0.01121162,
        1.7742766 , -1.5961902 , -3.6465168 ,  0.5779538 , -4.8242097 ,
        3.0806613 ,  1.0548953 ,  0.40061086,  1.3456944 , -0.8166586 ,
       -0.12082778,  3.3362927 , -2.6125178 , -1.3260479 ,  3.2437866 ,
        1.3420678 ,  2.7027068 ,  0.73792994, -1.7027941 ,  3.5774736 ,
        2.070971  , -5.1982884 , -2.9540572 , -1.6781318 , -0.14551067,
        2.2054596 , -1.3410305 ,  2.6421764 , -2.531145  ,  2.013223  ,
        2.3643918 ,  1.9601263 ,  1.2715348 , -0.532103  , -1.7722657 ,
        1.0245354 ,  1.0184168 ,  1.629173  , -2.473601  , -2.482389  ,
        3.018886  , -2.5182133 ,  2.3024085 , -1.5637774 , -4.069235  ,
       -2.8454435 ,  3.0953076 , -0.61717504, -4.196011  ,  0.92509985,
        3.4715843 , -2.9407923 ,  2.0418684 , -1.8200998 , -2.2247038 ,
        2.878488  , -2.3534818 ,  0.10146215, -2.7957547 , -0.48320633,
       -0.22737904, -0.9083028 ,  0.41909385, -0.02692073,  0.07537988,
       -2.0802665 ,  3.0823414 , -2.9421222 ,  3.0931747 ,  1.0471238 ,
       -3.787779  ,  1.7885208 , -2.089563  ,  3.4522545 ,  1.6585774 ,
        0.9636865 , -1.9843633 , -0.71864927,  3.5320292 ,  3.858035  ,
        1.7613528 ,  2.6819727 ,  0.55507296,  3.4218054 , -2.3894138 ,
       -3.1597617 ,  2.1299863 , -2.308429  ,  3.3533516 , -1.4804432 ,
        0.68377423, -2.6719189 , -1.4908216 , -2.7775185 ,  2.5554318 ,
       -2.5580912 ,  3.0564804 ,  2.7286322 , -3.1343544 ,  2.6895397 ,
        1.3040375 , -1.0614691 , -2.939326  ,  2.744052  ,  0.22508994,
       -0.08574085,  1.6761351 , -3.5350728 , -3.8482866 ,  4.0691876 ,
       -1.8040613 ,  2.1502209 ,  3.165907  , -2.5789244 ,  2.1879165 ,
        0.61695325,  1.2720646 ,  2.3906937 , -1.4405847 , -2.3866568 ,
       -1.4174039 , -1.1627715 , -2.758838  , -4.4890122 , -4.096203  ,
       -1.1168481 ,  2.477109  , -0.16713993,  2.5337884 ,  2.4444208 ,
       -0.7251282 ,  0.6232844 , -2.1189876 , -0.8319603 ,  2.0415068 ,
       -1.8410532 ,  3.4125881 , -0.73910904, -2.5713542 ,  1.4105297 ,
       -1.6453401 ,  3.5082421 , -0.20385402,  0.75707173, -2.8256257 ,
       -0.7504112 ,  2.1956544 , -0.95497227,  2.9363534 ,  1.8352386 ,
       -0.58972   , -1.9333159 , -1.6114883 , -2.0022762 , -2.4013164 ,
        1.9383276 ,  2.0008154 ,  0.6948468 , -0.14269435, -3.7505343 ,
       -1.5474615 ,  0.68586344, -0.3759184 , -2.1704464 , -3.2211642 ,
        2.0293841 ,  2.8781095 , -2.1672802 ,  1.8707335 , -3.7725062 ,
       -0.65570384, -4.5692987 , -3.200135  ,  2.7684672 , -1.4913843 ,
       -1.193677  , -1.483649  , -0.889555  , -0.41800672, -3.9311693 ,
        1.5025661 , -4.1688967 , -2.1486094 ,  2.397729  ,  2.3496158 ,
        3.1370926 ,  1.2908723 , -0.6345605 ,  0.8116359 ,  1.0622263 ,
        1.4902463 ,  1.8807368 , -2.9513373 , -0.50350416, -3.993194  ,
       -2.0601058 , -3.490523  , -4.057021  , -4.2037153 , -1.2849555 ,
       -3.4820223 , -2.097485  ,  2.7382977 ,  0.9992881 ,  0.46975362,
       -3.055659  , -3.2479534 ,  3.6754956 ,  2.5844345 ,  2.830682  ],
      dtype=float32), 'decoder.6.weight': array([[ 2.5721922 , -1.0085645 ,  5.941441  , ...,  6.440508  ,
         6.6473656 ,  1.3850913 ],
       [-1.3376936 ,  1.5133194 , -2.9764667 , ...,  3.084314  ,
         1.1811657 ,  0.976801  ],
       [-3.0951314 ,  3.6304462 , -3.5741768 , ..., -0.32574436,
         2.3184972 , -1.2547295 ],
       ...,
       [ 0.5294316 ,  2.622081  ,  2.3870564 , ..., -1.8405045 ,
        -1.7466466 , -2.2631621 ],
       [-1.8250765 , -1.2051523 , -3.0325723 , ..., -2.636422  ,
         2.8949285 ,  0.33374506],
       [ 1.8438554 ,  0.44543925, -3.6755395 , ...,  0.06751897,
         1.0219716 , -1.9297851 ]], dtype=float32), 'decoder.6.bias': array([-0.87682104, -1.0656258 , -0.78443897, ...,  0.6122601 ,
        2.9910138 ,  1.8616912 ], dtype=float32)}
[Time: 15.01.25 11:52:26] [Level: info] [State: aggregate] Updating global model...
[Time: 15.01.25 11:52:26] [Level: info] [State: aggregate] Autoencoder(
  (encoder): Sequential(
    (0): Linear(in_features=6001, out_features=500, bias=True)
    (1): ReLU()
    (2): Linear(in_features=500, out_features=500, bias=True)
    (3): ReLU()
    (4): Linear(in_features=500, out_features=2000, bias=True)
    (5): ReLU()
    (6): Linear(in_features=2000, out_features=10, bias=True)
  )
  (decoder): Sequential(
    (0): Linear(in_features=10, out_features=2000, bias=True)
    (1): ReLU()
    (2): Linear(in_features=2000, out_features=500, bias=True)
    (3): ReLU()
    (4): Linear(in_features=500, out_features=500, bias=True)
    (5): ReLU()
    (6): Linear(in_features=500, out_features=6001, bias=True)
  )
)
[Time: 15.01.25 11:52:26] [Level: info] [State: aggregate] Broadcasting model...
[Time: 15.01.25 11:52:26] [Level: info] transition: compute
127.0.0.1 - - [15/Jan/2025 11:52:26] "GET /api/status HTTP/1.0" 200 158
[CTRL] GET /data
127.0.0.1 - - [15/Jan/2025 11:52:26] "GET /api/data HTTP/1.0" 200 34213092
[Time: 15.01.25 11:52:27] [Level: info] state: compute
[Time: 15.01.25 11:52:27] [Level: info] [State: compute] ITERATION 5
[Time: 15.01.25 11:52:27] [Level: info] [State: compute] receiving weights...
[Time: 15.01.25 11:52:27] [Level: info] [State: compute] Loading global weights for model...
[Time: 15.01.25 11:52:27] [Level: info] [State: compute] Updated model with received weights.
[Time: 15.01.25 11:52:27] [Level: info] [State: compute] Loading data...
[Time: 15.01.25 11:52:27] [Level: info] [State: compute] Preparing model training...
[Time: 15.01.25 11:52:27] [Level: info] [State: compute] Training model for one epoch...
[Time: 15.01.25 11:52:27] [Level: info] [State: compute] Local training loss: 980.813720703125
[Time: 15.01.25 11:52:27] [Level: info] [State: compute] Training the decoder...
[Time: 15.01.25 11:52:30] [Level: info] [State: compute] Epoch 10, Total Loss: 84.4183349609375, KL Loss: 0.0, Recon Loss: 844.183349609375
127.0.0.1 - - [15/Jan/2025 11:52:31] "GET /api/status HTTP/1.0" 200 155
127.0.0.1 - - [15/Jan/2025 11:52:33] "GET /api/status HTTP/1.0" 200 155
127.0.0.1 - - [15/Jan/2025 11:52:35] "GET /api/status HTTP/1.0" 200 155
127.0.0.1 - - [15/Jan/2025 11:52:37] "GET /api/status HTTP/1.0" 200 155
127.0.0.1 - - [15/Jan/2025 11:52:39] "GET /api/status HTTP/1.0" 200 155
127.0.0.1 - - [15/Jan/2025 11:52:41] "GET /api/status HTTP/1.0" 200 155
127.0.0.1 - - [15/Jan/2025 11:52:43] "GET /api/status HTTP/1.0" 200 155
127.0.0.1 - - [15/Jan/2025 11:52:45] "GET /api/status HTTP/1.0" 200 155
[Time: 15.01.25 11:52:46] [Level: info] [State: compute] Epoch 20, Total Loss: 70.01171112060547, KL Loss: 0.0, Recon Loss: 700.1170654296875
127.0.0.1 - - [15/Jan/2025 11:52:47] "GET /api/status HTTP/1.0" 200 155
127.0.0.1 - - [15/Jan/2025 11:52:49] "GET /api/status HTTP/1.0" 200 155
127.0.0.1 - - [15/Jan/2025 11:52:51] "GET /api/status HTTP/1.0" 200 155
127.0.0.1 - - [15/Jan/2025 11:52:53] "GET /api/status HTTP/1.0" 200 155
127.0.0.1 - - [15/Jan/2025 11:52:55] "GET /api/status HTTP/1.0" 200 155
127.0.0.1 - - [15/Jan/2025 11:52:57] "GET /api/status HTTP/1.0" 200 155
[Time: 15.01.25 11:52:59] [Level: info] [State: compute] Epoch 30, Total Loss: 59.5010871887207, KL Loss: 0.0, Recon Loss: 595.0108642578125
127.0.0.1 - - [15/Jan/2025 11:52:59] "GET /api/status HTTP/1.0" 200 155
127.0.0.1 - - [15/Jan/2025 11:53:01] "GET /api/status HTTP/1.0" 200 155
127.0.0.1 - - [15/Jan/2025 11:53:03] "GET /api/status HTTP/1.0" 200 155
127.0.0.1 - - [15/Jan/2025 11:53:05] "GET /api/status HTTP/1.0" 200 155
127.0.0.1 - - [15/Jan/2025 11:53:07] "GET /api/status HTTP/1.0" 200 155
127.0.0.1 - - [15/Jan/2025 11:53:09] "GET /api/status HTTP/1.0" 200 155
127.0.0.1 - - [15/Jan/2025 11:53:11] "GET /api/status HTTP/1.0" 200 155
127.0.0.1 - - [15/Jan/2025 11:53:13] "GET /api/status HTTP/1.0" 200 155
127.0.0.1 - - [15/Jan/2025 11:53:15] "GET /api/status HTTP/1.0" 200 155
127.0.0.1 - - [15/Jan/2025 11:53:17] "GET /api/status HTTP/1.0" 200 155
[Time: 15.01.25 11:53:19] [Level: info] [State: compute] Epoch 40, Total Loss: 51.9041862487793, KL Loss: 0.0, Recon Loss: 519.0418701171875
127.0.0.1 - - [15/Jan/2025 11:53:19] "GET /api/status HTTP/1.0" 200 155
127.0.0.1 - - [15/Jan/2025 11:53:21] "GET /api/status HTTP/1.0" 200 155
127.0.0.1 - - [15/Jan/2025 11:53:23] "GET /api/status HTTP/1.0" 200 155
127.0.0.1 - - [15/Jan/2025 11:53:25] "GET /api/status HTTP/1.0" 200 155
127.0.0.1 - - [15/Jan/2025 11:53:27] "GET /api/status HTTP/1.0" 200 155
127.0.0.1 - - [15/Jan/2025 11:53:29] "GET /api/status HTTP/1.0" 200 155
127.0.0.1 - - [15/Jan/2025 11:53:31] "GET /api/status HTTP/1.0" 200 155
[Time: 15.01.25 11:53:33] [Level: info] [State: compute] Epoch 50, Total Loss: 46.244850158691406, KL Loss: 0.0, Recon Loss: 462.448486328125
127.0.0.1 - - [15/Jan/2025 11:53:33] "GET /api/status HTTP/1.0" 200 155
127.0.0.1 - - [15/Jan/2025 11:53:35] "GET /api/status HTTP/1.0" 200 155
127.0.0.1 - - [15/Jan/2025 11:53:37] "GET /api/status HTTP/1.0" 200 155
127.0.0.1 - - [15/Jan/2025 11:53:39] "GET /api/status HTTP/1.0" 200 155
127.0.0.1 - - [15/Jan/2025 11:53:41] "GET /api/status HTTP/1.0" 200 155
127.0.0.1 - - [15/Jan/2025 11:53:43] "GET /api/status HTTP/1.0" 200 155
127.0.0.1 - - [15/Jan/2025 11:53:45] "GET /api/status HTTP/1.0" 200 155
127.0.0.1 - - [15/Jan/2025 11:53:47] "GET /api/status HTTP/1.0" 200 155
[Time: 15.01.25 11:53:49] [Level: info] [State: compute] Epoch 60, Total Loss: 41.87678146362305, KL Loss: 0.0, Recon Loss: 418.7677917480469
127.0.0.1 - - [15/Jan/2025 11:53:49] "GET /api/status HTTP/1.0" 200 155
127.0.0.1 - - [15/Jan/2025 11:53:51] "GET /api/status HTTP/1.0" 200 155
127.0.0.1 - - [15/Jan/2025 11:53:53] "GET /api/status HTTP/1.0" 200 155
127.0.0.1 - - [15/Jan/2025 11:53:55] "GET /api/status HTTP/1.0" 200 155
127.0.0.1 - - [15/Jan/2025 11:53:57] "GET /api/status HTTP/1.0" 200 155
127.0.0.1 - - [15/Jan/2025 11:53:59] "GET /api/status HTTP/1.0" 200 155
[Time: 15.01.25 11:54:01] [Level: info] [State: compute] Epoch 70, Total Loss: 38.399539947509766, KL Loss: 0.0, Recon Loss: 383.9953918457031
127.0.0.1 - - [15/Jan/2025 11:54:01] "GET /api/status HTTP/1.0" 200 155
127.0.0.1 - - [15/Jan/2025 11:54:03] "GET /api/status HTTP/1.0" 200 155
127.0.0.1 - - [15/Jan/2025 11:54:05] "GET /api/status HTTP/1.0" 200 155
127.0.0.1 - - [15/Jan/2025 11:54:08] "GET /api/status HTTP/1.0" 200 155
127.0.0.1 - - [15/Jan/2025 11:54:10] "GET /api/status HTTP/1.0" 200 155
127.0.0.1 - - [15/Jan/2025 11:54:12] "GET /api/status HTTP/1.0" 200 155
[Time: 15.01.25 11:54:13] [Level: info] [State: compute] Epoch 80, Total Loss: 35.56141662597656, KL Loss: 0.0, Recon Loss: 355.6141662597656
127.0.0.1 - - [15/Jan/2025 11:54:14] "GET /api/status HTTP/1.0" 200 155
127.0.0.1 - - [15/Jan/2025 11:54:16] "GET /api/status HTTP/1.0" 200 155
127.0.0.1 - - [15/Jan/2025 11:54:18] "GET /api/status HTTP/1.0" 200 155
127.0.0.1 - - [15/Jan/2025 11:54:20] "GET /api/status HTTP/1.0" 200 155
[Time: 15.01.25 11:54:21] [Level: info] [State: compute] Epoch 90, Total Loss: 33.19829559326172, KL Loss: 0.0, Recon Loss: 331.9829406738281
127.0.0.1 - - [15/Jan/2025 11:54:22] "GET /api/status HTTP/1.0" 200 155
127.0.0.1 - - [15/Jan/2025 11:54:24] "GET /api/status HTTP/1.0" 200 155
127.0.0.1 - - [15/Jan/2025 11:54:26] "GET /api/status HTTP/1.0" 200 155
[Time: 15.01.25 11:54:27] [Level: info] [State: compute] Epoch 100, Total Loss: 31.19891357421875, KL Loss: 0.0, Recon Loss: 311.9891357421875
[Time: 15.01.25 11:54:27] [Level: info] [State: compute] Saving model and decoder...
[Time: 15.01.25 11:54:27] [Level: info] [State: compute] Scoring model...
[Time: 15.01.25 11:54:27] [Level: info] [State: compute] Adjusted Rand Index (ARI): 0.0
[Time: 15.01.25 11:54:27] [Level: info] [State: compute] Sent updated weights to coordinator.
[Time: 15.01.25 11:54:27] [Level: info] transition: aggregate
127.0.0.1 - - [15/Jan/2025 11:54:28] "GET /api/status HTTP/1.0" 200 157
[Time: 15.01.25 11:54:28] [Level: info] state: aggregate
[Time: 15.01.25 11:54:28] [Level: info] [State: aggregate] Waitig for local models...
127.0.0.1 - - [15/Jan/2025 11:54:30] "GET /api/status HTTP/1.0" 200 157
127.0.0.1 - - [15/Jan/2025 11:54:32] "GET /api/status HTTP/1.0" 200 157
127.0.0.1 - - [15/Jan/2025 11:54:34] "GET /api/status HTTP/1.0" 200 157
[CTRL] POST /data
127.0.0.1 - - [15/Jan/2025 11:54:34] "POST /api/data?client=c8e569c4d209cf1d&memo=GATHERROUND5 HTTP/1.0" 200 0
[CTRL] POST /data
127.0.0.1 - - [15/Jan/2025 11:54:34] "POST /api/data?client=0acb8b8d2e4bd69a&memo=GATHERROUND5 HTTP/1.0" 200 0
[Time: 15.01.25 11:54:35] [Level: info] [State: aggregate] {'encoder.0.weight': array([[-1.1137218 ,  0.12837978,  0.22484602, ..., -0.8681647 ,
         0.6524176 ,  0.4695495 ],
       [ 0.25923902,  0.7476597 ,  0.71436375, ...,  0.37890592,
        -0.5651344 ,  1.0865697 ],
       [ 0.49625492, -0.5141322 ,  0.1441462 , ..., -0.09278735,
        -0.7704681 , -0.24262397],
       ...,
       [-0.5830935 ,  0.16269118,  0.14980753, ..., -0.2342507 ,
         0.18669574, -0.81130195],
       [ 0.20272388,  0.62791806, -0.33312437, ...,  1.1936667 ,
        -0.5252469 ,  0.7496733 ],
       [ 0.7469915 ,  0.8418847 ,  0.23976316, ...,  0.26747683,
         0.5347543 ,  0.24519408]], dtype=float32), 'encoder.0.bias': array([ 3.62205543e-02, -7.01860011e-01, -5.22381902e-01, -3.44561189e-01,
       -8.19015682e-01,  7.06097633e-02,  6.29612744e-01, -8.47146153e-01,
       -1.18869916e-01, -1.10385621e+00, -6.05235517e-01, -7.84383714e-01,
       -3.25210750e-01,  5.31809926e-01, -1.09995520e+00,  4.37689334e-01,
        8.19634378e-01, -1.22335684e+00,  1.40314788e-01,  8.36675406e-01,
        5.58826029e-01, -9.14234161e-01, -5.91550946e-01, -8.36437583e-01,
        1.65704727e-01, -9.08781707e-01, -1.25448227e+00, -3.71583819e-01,
        5.08994281e-01, -4.71521765e-01,  7.94978216e-02, -3.56614560e-01,
        6.45633042e-01, -8.51580739e-01, -7.72149146e-01, -7.91771770e-01,
       -1.00556850e+00,  5.54666296e-02,  1.03300682e-03,  5.08289754e-01,
       -8.75631496e-02, -5.71274579e-01,  4.19197291e-01,  4.69767272e-01,
        4.15133119e-01,  6.99051976e-01,  1.38114929e+00, -2.82778144e-01,
        4.82115626e-01, -7.63585269e-01, -1.16833496e+00,  2.01119602e-01,
        4.62125331e-01, -1.82660595e-01,  7.09514141e-01,  9.26129371e-02,
       -5.86601496e-01, -6.25648975e-01,  5.61455190e-01, -8.47176194e-01,
       -1.11018753e+00,  3.72076243e-01,  4.47654963e-01,  4.26228970e-01,
       -1.29630581e-01, -3.95241886e-01,  7.54293621e-01, -1.02318728e+00,
       -5.32049000e-01, -7.73875117e-01, -9.30859074e-02,  6.73393011e-02,
        3.97487283e-01, -3.95592362e-01, -5.00230312e-01,  3.56177390e-01,
       -8.75067234e-01, -1.17341506e+00, -8.08207214e-01,  4.68392283e-01,
        8.12885523e-01,  4.62834507e-01,  8.00967872e-01, -4.17166650e-01,
        6.23944342e-01, -1.13365173e+00, -2.29867939e-02, -4.51677382e-01,
       -5.58284521e-01,  4.12633508e-01, -4.08079684e-01,  6.28993332e-01,
       -1.50054142e-01, -1.01305559e-01,  4.41149294e-01,  6.25724196e-01,
        6.35189891e-01, -3.43688130e-01, -2.18366962e-02,  7.47127116e-01,
        4.58265617e-02,  2.94626243e-02, -1.05609262e+00, -1.19716585e+00,
       -8.99152100e-01,  1.66329801e-01, -5.08993328e-01, -6.94733739e-01,
        3.64785105e-01, -1.13745618e+00, -6.94524884e-01, -1.03652644e+00,
       -9.17184830e-01,  1.77514747e-01,  6.23494506e-01, -2.52023309e-01,
       -8.96873921e-02, -8.99076879e-01, -8.27304304e-01, -6.01620078e-01,
       -6.66418970e-01, -9.63777840e-01,  8.91958952e-01, -6.99826717e-01,
       -5.90355158e-01, -2.34511882e-01, -5.18294156e-01,  4.92643237e-01,
        3.59265715e-01, -6.28724933e-01,  3.64130288e-01,  5.94965100e-01,
       -1.17478156e+00,  1.06184554e+00, -1.02283172e-01, -7.01884329e-01,
       -1.21457481e+00, -4.14564312e-01, -7.70103112e-02,  3.14153768e-02,
        1.01702280e-01,  7.73108780e-01,  2.34967798e-01, -8.07051480e-01,
       -2.80162245e-01, -3.65549266e-01,  3.56467754e-01,  4.21121716e-01,
       -3.51392746e-01, -2.58554131e-01,  8.18474710e-01, -1.10096645e+00,
       -5.92894070e-02,  6.28679752e-01,  5.12006521e-01, -1.02666152e+00,
       -7.52662361e-01,  4.33119416e-01, -5.57139337e-01, -4.64597940e-01,
       -8.11651707e-01,  9.17466640e-01, -1.18103421e+00, -6.46525860e-01,
       -1.05590487e+00,  1.83075562e-01, -1.14381337e+00, -8.93588781e-01,
       -1.21269011e+00, -4.25295293e-01, -5.70377350e-01, -1.18180549e+00,
        2.30426386e-01, -1.81022123e-01, -9.48955059e-01,  7.96720445e-01,
        5.45027614e-01, -3.15609783e-01,  4.78823870e-01, -2.72994041e-01,
        1.40609562e-01,  1.16156749e-01, -5.62071763e-02, -1.28035355e+00,
        5.82718253e-01,  3.42613786e-01, -9.78421271e-01,  5.94368875e-01,
        6.84563994e-01,  6.29253030e-01, -7.33714581e-01,  1.20023787e-01,
       -1.24244809e+00, -5.56464612e-01, -1.59718680e+00, -1.25718459e-01,
       -5.06474674e-01, -6.35629237e-01, -5.95154583e-01, -3.64222497e-01,
       -3.73489797e-01,  9.12386596e-01,  2.62069881e-01, -1.14005768e+00,
        8.06625962e-01, -1.13401604e+00,  6.91347837e-01,  9.96792257e-01,
       -2.98784703e-01,  5.61790645e-01,  3.17615062e-01,  6.83267176e-01,
        2.87858635e-01, -8.74150693e-01, -9.19835329e-01, -7.96490073e-01,
       -6.77533150e-02, -8.70702863e-01, -7.60216832e-01, -4.97015417e-01,
        2.66575575e-01,  3.87880355e-01, -7.61882842e-01, -4.41182584e-01,
       -4.32888389e-01,  6.12913966e-01, -9.63009298e-01, -6.66076362e-01,
       -9.36232150e-01, -5.73867083e-01, -1.22635126e+00,  4.91118193e-01,
       -3.11943412e-01,  1.44675791e-01, -7.46569276e-01,  5.32563925e-01,
        1.01009578e-01,  6.04429483e-01,  1.26233172e+00, -6.06590569e-01,
        4.43356812e-01, -9.55122709e-01,  7.22233117e-01,  2.10254878e-01,
       -9.43224013e-01, -1.25786662e+00, -5.20222962e-01, -1.05827308e+00,
       -9.52232122e-01,  1.75423875e-01,  5.66809364e-02, -4.50529069e-01,
       -5.96284214e-03, -8.84091631e-02, -2.77171433e-01,  2.25529179e-01,
        3.36061209e-01, -1.22386360e+00,  5.07716954e-01,  8.23660254e-01,
        8.88394296e-01, -9.03665781e-01,  2.51501501e-01, -6.26491785e-01,
       -4.67294067e-01, -2.26155221e-01, -1.05596960e+00,  5.98458052e-01,
        4.49557096e-01, -8.57379794e-01,  7.21180320e-01, -1.06843352e+00,
        1.97142527e-01, -4.34245944e-01, -1.21461964e+00,  3.56351912e-01,
       -1.27147293e+00,  8.27597439e-01, -8.26543510e-01, -1.17411876e+00,
        7.36850202e-01,  5.52637696e-01,  1.88932255e-01, -1.34740427e-01,
       -1.22166026e+00,  6.00648403e-01, -7.77005970e-01,  5.14098167e-01,
        3.86565179e-02, -1.28793025e+00, -8.81640911e-01, -9.69000101e-01,
       -5.93535960e-01, -6.70152783e-01, -2.50294149e-01, -1.13904965e+00,
        7.49869347e-01, -7.38847971e-01,  5.16176283e-01, -8.55082512e-01,
        1.01500243e-01, -8.04196298e-01, -4.22909051e-01, -1.96048766e-01,
       -1.08375859e+00, -1.18717170e+00,  2.83716917e-01, -1.03324008e+00,
       -1.56246558e-01,  3.06583881e-01,  5.48571765e-01, -8.04529905e-01,
       -1.18847358e+00,  1.50999144e-01, -7.71240771e-01, -1.41297317e+00,
       -4.03669775e-01,  8.37003052e-01, -9.83081102e-01, -3.23730499e-01,
       -3.49996746e-01, -7.28167892e-01,  2.17195377e-01, -5.78158617e-01,
       -1.02901638e+00, -8.48465204e-01,  4.74116653e-01, -5.87915182e-01,
        2.82449514e-01,  7.30741262e-01, -3.17884773e-01,  4.06137615e-01,
       -5.39708555e-01,  9.02441621e-01, -1.39863387e-01,  2.09489465e-01,
       -1.06428817e-01, -6.02512777e-01,  7.31418133e-01,  1.76851347e-01,
       -1.07804096e+00,  6.50306046e-01, -5.12939513e-01,  4.35319752e-01,
       -3.99652392e-01,  6.66392922e-01,  8.25519383e-01,  1.69932041e-02,
       -8.48896623e-01,  1.84591740e-01, -1.17758200e-01,  4.38039780e-01,
       -8.14460099e-01, -2.12177828e-01, -1.01971090e+00, -5.01966774e-01,
        9.27355587e-02,  4.89505917e-01,  1.41522214e-01, -4.68802154e-01,
       -1.84663773e-01,  6.65078759e-01, -6.29142463e-01,  4.58496243e-01,
        5.11157930e-01, -5.64668953e-01,  5.49581528e-01,  6.33476496e-01,
       -4.90885079e-01, -1.05823612e+00, -4.58543926e-01, -1.87707603e-01,
       -5.95098913e-01,  4.31564212e-01,  6.11506164e-01,  6.19987667e-01,
       -1.31125405e-01, -2.44771153e-01, -6.79319322e-01, -6.41569674e-01,
       -8.61526787e-01,  5.41827917e-01,  3.79538655e-01, -3.09116632e-01,
       -4.54513401e-01, -3.56222570e-01, -1.60345882e-01,  6.80340290e-01,
       -9.42403600e-02, -1.35243952e+00, -6.05052710e-01,  2.65172035e-01,
       -9.00207162e-02,  1.25611969e-03,  3.00142109e-01,  6.97696209e-01,
        2.06045151e-01, -1.47187078e+00, -3.82934809e-01,  6.79984510e-01,
       -5.41376412e-01, -1.58999011e-01, -1.28556013e-01, -3.39432597e-01,
        2.76688606e-01, -6.42006621e-02,  5.42728836e-03,  7.72700727e-01,
        3.72814447e-01,  6.78110719e-01, -1.21725261e+00,  4.59123582e-01,
       -1.00400019e+00, -1.99670330e-01, -1.22253370e+00,  1.10051978e+00,
       -4.14479256e-01, -7.00322926e-01, -2.53877759e-01,  6.47570729e-01,
       -5.58231473e-01,  3.38961929e-01, -1.08036470e+00, -8.01121175e-01,
        3.68308961e-01,  5.02004623e-01, -3.47513318e-01, -1.25088000e+00,
        5.89239359e-01, -5.30157506e-01, -1.08187425e+00, -3.08267027e-01,
        1.43824890e-01, -1.77769855e-01, -1.01290047e+00, -1.00344396e+00,
        7.12784827e-01, -4.07314152e-01,  5.21661282e-01,  3.52797717e-01,
       -9.54461098e-01, -3.26202959e-01,  2.89605498e-01, -1.18579054e+00,
       -1.19357884e-01, -4.46527272e-01,  3.63527358e-01,  8.06122065e-01,
       -5.01618207e-01,  7.81710446e-01, -8.54216158e-01,  4.44327027e-01,
       -1.01391315e+00,  3.33882153e-01, -7.11645842e-01, -1.67171583e-01,
       -4.75017548e-01,  5.24556935e-01, -4.40508991e-01,  9.15167093e-01,
       -1.08164072e+00, -3.24129641e-01, -1.69552445e-01,  3.39300483e-01,
       -1.09357846e+00, -1.26525307e+00, -6.34092987e-01, -8.01376522e-01,
        5.93588017e-02, -1.05268788e+00, -9.00875032e-01,  4.02086347e-01,
       -9.46407497e-01, -1.05971110e+00,  2.06621110e-01, -4.42665309e-01,
       -5.70775568e-01, -7.49457106e-02, -1.06243098e+00, -3.65413874e-01,
        8.51798773e-01, -9.91658211e-01,  2.25414515e-01, -4.46782738e-04,
       -9.12847400e-01, -8.18143606e-01,  7.92635739e-01, -3.84458512e-01,
       -6.66226029e-01,  4.93829586e-02, -1.17010675e-01,  3.92893285e-01,
       -1.33884206e-01, -3.85320961e-01, -7.44801342e-01,  2.96808898e-01,
       -3.92872423e-01,  3.26403886e-01,  1.82083830e-01, -9.81056511e-01],
      dtype=float32), 'encoder.2.weight': array([[ 1.9250728 , -1.8964745 , -2.405795  , ...,  0.3059106 ,
         0.06835314, -3.2998762 ],
       [-1.8301445 ,  1.5761555 , -3.3900902 , ...,  0.12416775,
         1.0776525 , -2.176213  ],
       [ 3.0545452 ,  2.5153134 ,  3.5214832 , ...,  1.3135855 ,
         2.2668724 ,  1.7412876 ],
       ...,
       [ 0.4813348 ,  1.0158793 , -2.868283  , ..., -2.0935624 ,
         1.5209349 ,  0.60642177],
       [ 2.677548  ,  0.834858  ,  2.194565  , ...,  0.24601607,
         1.0211203 ,  1.0514841 ],
       [ 3.3006372 , -3.5421133 ,  2.5662837 , ..., -0.86222726,
         0.07178234, -2.5860486 ]], dtype=float32), 'encoder.2.bias': array([ 2.7650783 ,  1.8564942 ,  3.2429297 , -2.1347966 , -1.2763082 ,
       -4.198842  , -1.1140273 ,  1.1529357 , -2.6927478 ,  1.1582686 ,
        1.8103017 , -3.2662234 , -1.841359  , -1.2900922 ,  1.4423963 ,
        2.5877266 , -1.1841518 , -3.3030236 ,  2.0100074 ,  1.4817532 ,
       -1.828988  , -1.5799346 , -2.8833694 , -1.0809555 ,  0.9327719 ,
        1.2105123 , -0.4802991 , -2.6740253 , -3.1487212 , -2.6112416 ,
       -1.9240192 , -1.7360591 ,  1.3545854 , -0.79823434, -0.09847032,
        2.522215  , -2.390091  , -1.2209173 , -2.4324944 ,  4.2591233 ,
       -2.5829136 ,  0.11872513,  1.8279195 , -1.8597802 , -0.36799443,
        1.7314153 ,  1.8554043 ,  0.14873458, -2.089933  , -1.720378  ,
       -0.4166665 , -0.40281102, -2.3995373 , -0.6851654 ,  0.42479572,
       -2.967446  ,  2.6164145 , -3.474346  ,  0.09078026,  2.0030107 ,
       -1.9885404 ,  2.909201  ,  3.131329  ,  0.22062965, -1.6106405 ,
       -0.6931729 ,  1.8053643 ,  3.4760084 ,  0.0212073 , -2.9010744 ,
        3.1908877 , -0.80177397, -2.4256377 , -1.8943537 ,  2.8527393 ,
       -0.21175438, -1.6378425 ,  0.2537876 ,  1.8267651 ,  3.140494  ,
       -4.0336413 ,  2.2588012 , -1.3514521 ,  2.3819952 ,  2.5304708 ,
       -2.7837427 , -0.71830505, -1.8673325 ,  0.6629844 ,  1.3870354 ,
       -1.7690006 ,  3.5181897 , -0.57642835, -1.9315137 , -3.2169216 ,
        0.82530606,  1.9884995 ,  0.03661242, -2.5048666 , -0.41161853,
        1.2398955 ,  1.7216407 ,  3.4499528 , -2.255254  , -0.04207761,
        0.9979819 ,  2.9588814 ,  0.08072965,  0.37424666,  2.12673   ,
        1.8391855 , -0.53391623, -3.930704  ,  3.537868  ,  2.8267803 ,
        2.2404957 , -1.8015598 , -2.4310539 , -0.28653002,  0.28288618,
        0.33021167,  0.21575542,  2.836238  , -0.25982106, -0.4478979 ,
        1.226943  , -3.1947236 ,  2.4498982 ,  1.5902002 , -3.918063  ,
        1.817813  , -1.9368078 ,  2.6633267 , -3.1352785 , -0.60196775,
        1.1039673 ,  1.5271095 ,  2.036311  ,  1.2986331 ,  2.7617881 ,
        0.2543303 ,  1.0927728 ,  1.1184577 , -0.12997052, -0.657079  ,
       -3.543768  , -0.19131413,  1.3715299 , -2.1613064 , -2.5525045 ,
       -0.4842985 ,  0.2501336 , -1.7887383 ,  3.1431472 , -0.10536341,
       -3.7984526 ,  1.8228604 , -1.5987401 ,  3.450724  , -1.4386625 ,
       -0.38298526, -4.2231054 , -0.21403499, -1.0048387 ,  1.9072249 ,
       -1.0966148 , -1.123528  , -2.7823617 ,  1.6208972 ,  0.9674221 ,
       -3.046321  ,  1.0790943 ,  2.3122516 ,  0.06395053, -1.4388798 ,
       -1.2151352 , -1.3726426 , -1.6344967 ,  0.14008413,  1.8430195 ,
        2.2137551 , -0.3823326 , -0.17603774, -3.7336576 ,  1.9605049 ,
       -0.6337317 ,  2.7231832 ,  1.3287331 , -3.4573283 , -3.4893098 ,
        1.8240887 ,  0.43493098,  1.1941811 ,  0.31870058, -1.7899331 ,
       -2.6901634 , -0.43652388,  0.5611046 ,  0.46939638,  0.85779047,
       -2.4988685 , -2.177792  , -2.4588337 , -0.32444417,  2.16226   ,
       -0.502601  ,  0.21143658, -1.2694815 , -2.3817246 , -1.4424758 ,
        1.6971176 ,  0.27117   , -0.05594932,  2.8547096 ,  3.2047696 ,
       -3.9993176 ,  2.6422691 , -1.6852671 , -3.3753185 ,  0.5084087 ,
       -3.3883922 ,  1.3806621 ,  1.4033996 , -2.3380616 , -2.6477127 ,
       -0.5026874 ,  0.92458093,  2.6768482 ,  1.5985498 ,  0.62131864,
        2.7510731 ,  2.6261127 ,  1.9141718 , -3.7735772 , -0.6195402 ,
        0.5807499 ,  0.7480963 ,  0.06762933, -2.759222  , -2.5031748 ,
        2.6615353 ,  2.2957563 ,  0.66247445,  1.0697724 ,  2.6639478 ,
        1.9282267 ,  1.5456614 ,  3.2455318 , -1.0460004 , -2.517392  ,
        0.39005974, -0.3860742 ,  3.0543299 ,  2.7805548 , -0.96975875,
        0.36225477,  2.1015515 , -1.6487066 ,  0.7672385 , -1.0510546 ,
        0.22559665,  0.03185657,  0.21073596,  1.9093047 , -0.7726045 ,
        2.7920785 ,  0.23096375,  0.01020455, -0.03539605,  0.21607223,
        3.0174608 , -3.5909336 , -2.8069048 ,  1.1842594 , -0.92345023,
        2.9032333 ,  2.35301   , -3.9220755 ,  2.4850738 ,  0.67947525,
       -1.662023  , -1.7559992 ,  0.8733308 , -2.1581857 , -3.3069215 ,
        2.445578  ,  2.3982227 , -3.507876  ,  2.0946572 , -0.75972944,
       -3.751802  , -1.4110497 ,  2.8173323 , -0.03110225, -1.2619596 ,
       -1.3086909 ,  1.3932332 ,  3.5428662 , -0.6852778 ,  0.62222975,
       -1.3299419 ,  2.5198233 , -2.7342165 , -3.313319  ,  1.9088078 ,
       -3.4881763 ,  0.5298463 , -0.75153494, -3.4208775 ,  1.4294794 ,
       -1.6475608 , -3.7779875 , -4.030337  ,  1.003182  ,  1.9297153 ,
        1.4376143 ,  1.75789   , -1.5976583 ,  3.1225753 ,  0.4708372 ,
        3.8973403 ,  2.2602344 , -1.7773777 ,  0.9809967 ,  0.7295922 ,
        2.2933562 ,  0.04332758, -0.01129123, -1.4310489 , -2.66933   ,
       -3.241431  ,  1.3243836 , -3.1905115 ,  0.8263097 , -0.41751316,
        2.881578  , -0.4294654 , -0.38222048,  2.0032732 , -3.139839  ,
        2.3284311 , -1.9474705 , -0.90746117,  1.1736797 ,  0.24811961,
        1.9620737 , -1.7688904 ,  1.3489622 ,  1.9006492 ,  2.6183338 ,
        2.2468164 , -2.2724807 ,  0.4306365 , -1.739452  , -2.5245337 ,
       -2.2593725 , -2.8015823 ,  0.8865488 , -1.3166921 , -0.8798987 ,
        1.6021296 , -0.40481493, -1.7354932 , -3.0637078 , -3.5390384 ,
       -1.6432638 ,  0.04265267,  0.45109197, -1.148383  , -3.6820896 ,
        1.3569273 ,  2.1215086 , -1.1214381 ,  2.035333  ,  1.8392487 ,
        0.89746344,  1.3446236 ,  3.141398  , -2.494927  , -0.09313422,
       -2.2032385 ,  2.8713698 ,  1.4040804 , -1.5550604 ,  3.0730991 ,
        2.1112766 , -2.7854095 ,  2.5048542 ,  0.4100009 , -2.3235152 ,
        2.669147  , -1.2067678 ,  2.6330662 ,  1.191549  ,  1.9566087 ,
        1.0179231 ,  2.7233996 , -3.8320942 , -2.008374  ,  2.9330137 ,
       -0.47585592,  1.6240754 ,  2.6904175 ,  1.125561  , -1.2739289 ,
       -3.189882  ,  1.2064309 ,  2.2892425 ,  1.4327644 , -3.047535  ,
        1.6154987 ,  1.0852188 , -0.78782034,  0.8032843 ,  1.3841888 ,
       -3.0110683 , -0.22008114, -0.8769136 ,  2.9424684 , -0.19673048,
        0.42934555, -0.3808496 , -0.25196308,  1.8438531 ,  2.299322  ,
        0.08064494,  2.3454635 ,  1.3470193 , -1.1398644 ,  1.0064267 ,
       -3.4539487 ,  1.9079624 , -0.17621158, -2.2001095 ,  0.7577865 ,
       -1.3168328 , -2.0155878 , -0.0257553 , -2.671931  , -0.31130412,
        3.4878821 ,  3.5449216 ,  2.8768451 , -0.38498142, -0.4159263 ,
       -3.1658883 ,  3.0077088 , -1.0167651 , -2.7222397 , -1.1436893 ,
        2.7711143 , -1.1904818 , -0.66578794, -2.2490053 ,  0.32213834,
        0.17574784, -0.75107276, -1.2657267 ,  3.520073  , -3.2506924 ,
       -2.8717217 ,  1.2998418 , -1.8180088 ,  3.5245085 ,  2.6000433 ,
       -0.02199913, -3.192622  ,  1.3415569 ,  1.9085342 , -1.7076979 ,
       -2.4800582 , -0.02876544,  1.9419993 ,  1.3831012 , -3.4270532 ,
       -0.44351825, -0.9676259 , -3.4454057 ,  3.3952632 ,  2.8502612 ,
        3.4016101 , -0.59992325,  0.8301827 ,  1.0235517 ,  1.3038573 ,
       -3.9780064 , -2.7310088 ,  1.3307742 , -1.4467224 , -1.6851282 ,
       -4.018983  ,  3.0582395 , -2.277194  ,  4.019679  , -3.436241  ,
        0.24392745, -3.2367072 ,  1.3651323 ,  1.1912155 , -3.156699  ],
      dtype=float32), 'encoder.4.weight': array([[-2.4960139 , -2.857557  , -2.9512775 , ...,  2.9774697 ,
         1.3407543 , -2.2456157 ],
       [-0.11815924, -2.7700107 , -3.8349304 , ...,  2.2363644 ,
        -1.3521546 , -2.2112212 ],
       [-0.5434588 ,  2.0180018 ,  1.4189512 , ...,  3.4674606 ,
         3.1213717 ,  1.0775808 ],
       ...,
       [-3.5261388 ,  2.2205558 ,  1.8266516 , ...,  2.6794598 ,
         2.086689  , -2.5889266 ],
       [ 0.8111265 ,  2.8397667 , -1.8423804 , ..., -3.2801547 ,
        -0.99591035, -0.19503093],
       [-3.4115381 ,  3.0469232 , -3.2143042 , ..., -1.5893383 ,
        -3.5768423 , -2.9786794 ]], dtype=float32), 'encoder.4.bias': array([-3.1443682 ,  0.09487201,  3.5004404 , ...,  2.5195024 ,
       -1.9916099 , -3.421362  ], dtype=float32), 'encoder.6.weight': array([[-0.5651369 , -1.241828  ,  1.111664  , ...,  0.68729734,
         0.43494564, -0.8894796 ],
       [ 0.985655  ,  1.0820031 ,  1.2668412 , ..., -1.1289636 ,
         1.264252  ,  1.4209628 ],
       [-1.2599891 , -0.91069937,  0.9495728 , ...,  0.58644927,
        -0.7484245 , -0.0941001 ],
       ...,
       [-0.89329666, -1.6032361 , -0.3061709 , ..., -0.30730233,
         0.8764344 , -0.15439807],
       [-1.0811212 , -0.9902307 , -2.2746904 , ...,  1.6386487 ,
        -0.9471102 ,  1.3021384 ],
       [-0.82715386, -0.7748386 , -0.7639053 , ...,  0.21747188,
        -1.3973345 ,  1.3087912 ]], dtype=float32), 'encoder.6.bias': array([-0.43470693,  0.06033878,  0.8697778 ,  0.54750395, -0.90940195,
       -0.44289726, -1.2843727 , -0.8331186 ,  0.9998947 , -0.03686936],
      dtype=float32), 'decoder.0.weight': array([[-11.402693  ,   0.7960551 ,  -5.8025084 , ...,  18.022085  ,
         23.84515   , -10.188255  ],
       [ -6.6597157 ,  -4.1233273 ,  -9.641891  , ..., -17.002178  ,
        -19.132835  ,  22.523117  ],
       [-14.373064  ,  -8.733498  ,   6.9412465 , ...,  -3.416871  ,
        -12.25349   ,  13.654434  ],
       ...,
       [ 11.760038  ,  -6.0129075 ,  19.708853  , ...,  10.535887  ,
        -10.697644  ,  19.256329  ],
       [-24.063997  ,   2.368     , -20.808573  , ...,  -5.7423863 ,
        -12.216444  , -24.526045  ],
       [ 25.274124  ,  25.441208  ,  14.136959  , ..., -10.028849  ,
          6.248719  ,  -0.20971566]], dtype=float32), 'decoder.0.bias': array([-26.03983  ,  -6.6936913,   0.5727948, ...,   0.9067697,
        -4.599237 ,  14.081791 ], dtype=float32), 'decoder.2.weight': array([[ 1.1935629 ,  0.7052434 , -1.293876  , ...,  1.0719113 ,
         0.6579935 ,  1.0464462 ],
       [ 0.17262265, -0.21171132, -0.5593048 , ..., -0.788594  ,
        -1.0731502 ,  0.55684966],
       [-0.30466306,  0.41380468, -1.5129057 , ..., -1.0758196 ,
         0.6461859 ,  0.6760117 ],
       ...,
       [-1.3034946 , -1.3596929 ,  0.52757514, ...,  0.88456285,
        -1.3731208 ,  1.6060236 ],
       [-0.598984  , -1.8332608 , -0.07028706, ..., -0.93402326,
         1.2500502 ,  0.48546556],
       [-2.1390963 , -1.8167527 ,  0.57167745, ...,  0.15496467,
        -1.2620001 , -2.0260425 ]], dtype=float32), 'decoder.2.bias': array([ 0.4974531 , -1.0975307 , -1.1611781 ,  0.46510896, -0.66539884,
       -1.9401159 , -0.76154315,  0.20665413,  1.457107  ,  0.65405214,
       -2.273418  , -0.31652772,  0.09786413,  1.3890929 ,  0.28861067,
        0.02587934, -0.723735  , -1.5458548 ,  0.7990582 ,  0.00263562,
        0.29236424, -0.61372495,  0.50532514, -0.4278801 ,  0.14136934,
        1.2816133 , -1.8428097 , -0.13958457, -1.7255056 , -1.223809  ,
        1.1434355 , -1.6389472 ,  1.60058   ,  0.9393988 ,  1.5489682 ,
       -1.1406511 , -1.7228765 ,  0.6297997 ,  0.02170325, -0.6140937 ,
       -1.0887177 , -1.4882612 ,  1.038107  , -1.7434579 ,  0.30349228,
        0.9941017 ,  0.09250036, -0.57862854, -1.738     ,  1.1834533 ,
        1.0290575 , -1.398122  , -0.38527882,  0.99231803, -1.5489117 ,
       -1.7620393 , -1.1826469 , -0.06410153,  0.40966442, -0.3128343 ,
       -1.6578511 ,  1.4448814 ,  0.1464632 ,  0.28947023, -1.5201445 ,
       -1.808089  ,  0.5159839 , -1.0874394 , -1.0654689 ,  1.0869421 ,
        2.170327  ,  0.0606866 ,  0.68298066, -0.29838967,  0.8874937 ,
       -0.63106626, -1.9794418 , -2.0316834 ,  1.5443807 ,  1.1886176 ,
        1.1564149 , -1.5466646 , -2.035466  , -1.6698177 ,  0.97717696,
       -1.7860098 ,  0.43920946,  0.43179882, -0.1353397 , -0.28916472,
        0.47661233,  0.74255013,  0.9054517 , -1.7537875 , -1.1394365 ,
       -1.6656365 , -1.3381329 ,  1.0081896 , -0.8635474 , -1.4766656 ,
       -0.71699136,  0.01401636, -0.8644275 , -1.6102853 , -0.3988655 ,
       -1.8516028 ,  0.8585229 , -0.3197327 , -0.7475426 , -0.6322049 ,
        0.15167588,  0.7129172 , -1.3432193 , -1.8843287 , -0.4889957 ,
       -0.8277094 , -1.2244698 ,  0.67852944, -1.9182919 , -1.8059926 ,
        1.2774118 ,  1.6908246 ,  1.4631076 , -1.24389   ,  1.6701047 ,
        0.3189933 , -1.7592207 , -1.2012234 ,  1.4614565 ,  0.5441584 ,
        1.4399734 , -1.7218057 ,  0.15180074,  1.3985076 , -0.8467747 ,
        1.4371291 ,  0.24690428, -0.71514857, -1.7536259 , -1.5496101 ,
        1.7670566 ,  1.2628502 , -1.8327047 , -0.5164436 ,  0.36471942,
        1.551199  ,  0.98563564,  0.44000635,  1.1246744 , -1.1346709 ,
       -1.8831275 , -0.46710134,  1.5295296 , -1.1031301 , -1.4243699 ,
        0.14034005, -1.3479587 , -0.6333226 , -1.7072729 ,  0.19441368,
       -0.8407382 ,  1.3386536 ,  0.95027846, -0.33823332,  0.6496198 ,
        1.359849  , -1.345195  ,  1.8986984 ,  0.16630076,  1.368919  ,
        0.18370959, -0.16102323,  0.87263596,  0.0627282 , -1.3220644 ,
       -1.8656237 ,  0.77287817,  0.72107935, -1.3101678 ,  1.0132735 ,
        0.05643034, -1.888911  ,  1.4346977 , -0.33722755, -1.9638575 ,
        0.9355999 , -1.8696184 , -1.1794544 , -0.05981227, -1.7606229 ,
       -1.0295908 , -1.7518406 , -1.9894769 , -1.5514085 ,  0.02746174,
       -1.3947855 , -0.05684535,  0.9118532 ,  0.0807071 , -1.6064593 ,
       -1.9794017 , -0.14149095,  1.5937365 ,  0.538439  , -1.7051985 ,
       -0.7567623 , -0.6604099 , -1.292762  , -0.31591618, -0.04210731,
       -1.915442  ,  0.44091278, -0.8835667 , -1.641874  , -0.67818147,
       -1.9285333 , -1.1791933 ,  1.4655448 , -0.43777463, -0.97192085,
       -1.2315722 , -0.09358735, -0.96729565,  1.5082157 , -1.5461358 ,
        0.6259997 , -1.8136089 , -1.1679256 ,  0.6950127 , -1.8044082 ,
       -0.15080395,  0.3224053 , -0.8501513 , -1.5443575 , -1.632388  ,
        0.582098  , -1.0348374 , -0.9317535 , -1.1068387 , -1.2646648 ,
       -1.6901225 ,  0.31259507, -2.072417  , -1.1625049 ,  0.9668573 ,
        0.17460561, -0.05324171,  0.75552016,  1.5797012 , -1.0545635 ,
       -0.1990648 , -1.2262853 , -0.03897657, -0.12702906,  0.9647391 ,
        1.2699356 , -0.6062002 , -1.8603251 , -1.4295117 , -1.5107785 ,
        0.31408942, -0.39787972, -0.1195716 , -0.8396235 , -1.5828552 ,
       -0.6790408 ,  0.02100761, -0.24239723, -1.2885958 , -0.64860296,
        0.6596406 , -1.7924719 ,  0.9112839 , -1.8198812 ,  0.5282138 ,
        0.6711435 ,  0.1115061 , -1.23149   , -0.66409785,  0.08317339,
       -0.14497018,  1.0101168 , -0.00747761,  1.3514051 ,  0.71169436,
        1.1483928 , -2.0597582 ,  1.1006967 , -1.9396166 , -0.00876538,
       -0.705032  ,  0.55372024, -1.3525639 , -0.6207354 , -0.5049026 ,
       -1.227197  , -1.267961  , -1.6272534 , -1.108579  ,  0.4814597 ,
       -1.7536004 , -0.6073452 ,  1.012133  ,  0.8720089 , -0.08309912,
       -1.4668727 ,  0.594959  , -0.8028436 ,  0.6217533 ,  1.0616529 ,
        1.4235424 , -1.6220629 , -1.0569687 ,  0.14051844, -0.4766921 ,
       -1.1296669 ,  1.1138856 ,  0.05123022,  0.49391675, -0.2566884 ,
       -0.74792856, -1.3064986 , -0.75873655, -1.0406955 , -0.5108626 ,
       -0.43999466, -2.0012949 ,  1.3743398 , -1.8109583 , -0.07044884,
       -1.784612  , -1.1856973 , -1.2332617 , -0.42627865, -0.9050169 ,
        1.3591197 ,  1.1587168 ,  0.40971228, -0.6126799 , -1.0733631 ,
       -0.9416523 , -2.016747  ,  0.09910239, -1.361898  , -0.2501214 ,
       -0.57978874, -2.0179806 , -2.2379103 , -0.44062045, -2.027744  ,
        0.07995552, -1.2838731 , -0.16890298,  0.29063934,  0.5328995 ,
        0.281639  ,  1.2569907 , -1.2773721 , -2.1292431 , -0.33854124,
       -0.83327025, -1.1501704 ,  1.3638943 , -0.04429713,  1.2803468 ,
        1.0520334 , -1.9201196 ,  0.52033013, -0.5235271 , -1.3699687 ,
        1.5387008 , -0.30149838, -1.3738066 , -1.3805659 , -0.9190786 ,
       -0.0547584 , -0.6248119 ,  1.1037455 , -1.0503947 ,  0.6701794 ,
       -1.3989768 , -0.7765074 , -0.902795  , -0.78112423, -0.84197235,
       -1.7820457 , -1.1010871 , -0.83429927,  1.2330039 ,  0.2523743 ,
       -0.62003076,  0.5832843 ,  1.5557542 , -1.5972103 ,  0.23461841,
        0.6594435 ,  0.36790848,  0.90508974,  0.40782675,  0.06639011,
       -1.2114741 ,  1.0524415 , -1.5148203 ,  1.5628966 ,  1.159199  ,
        0.8803934 , -0.75477844, -1.2329029 ,  1.5813507 , -1.639121  ,
       -1.0597348 , -1.6045191 ,  1.3195665 , -1.5311147 , -0.5773887 ,
        0.2305335 ,  1.0835013 , -0.24162573, -1.378567  , -0.4717652 ,
        0.56056905, -1.7658361 , -0.2554381 , -1.4100682 , -0.5528593 ,
        1.0047983 , -1.1041679 ,  0.12243985,  0.09674665,  1.2810453 ,
       -1.4067867 ,  0.5757689 ,  2.3643513 , -0.2707012 , -1.5978996 ,
       -0.8522559 ,  0.25806922, -0.2115004 , -0.41397443,  1.0938022 ,
       -0.7136963 , -1.4782557 , -0.83954537, -1.597258  , -2.2732716 ,
        0.4754035 , -0.13060746, -1.2890476 , -0.9583948 , -0.01777274,
        1.2278999 , -1.2785003 ,  0.20917065,  1.4212087 , -0.27128494,
        1.3666761 ,  0.17596109, -1.0050418 ,  0.6297965 , -0.4426236 ,
        0.06025131, -0.8833711 , -0.01392414, -1.772841  , -1.6291021 ,
        0.33798608,  0.6337324 ,  0.993561  , -0.53303707,  1.3980798 ,
       -0.65703773, -1.5546291 , -0.29749402,  0.98890775, -1.4580952 ,
       -1.3919486 ,  0.56106806,  0.8523424 , -1.3042512 ,  0.27086478,
       -0.26835257,  0.21992217, -1.1320423 , -1.8804073 , -1.3061388 ,
       -0.03161255,  0.36553115, -1.089164  , -1.153271  , -1.7064178 ,
       -0.18164732, -0.22023685,  0.13983457,  0.16585049,  2.0810647 ,
       -0.673386  ,  0.9511429 , -2.0404246 ,  1.1067826 , -0.1848357 ],
      dtype=float32), 'decoder.4.weight': array([[ 3.4045005 , -1.265777  ,  1.4283773 , ..., -2.9662864 ,
         2.3249474 , -0.1973243 ],
       [ 0.04439596, -1.8705349 , -3.0354958 , ..., -0.2956651 ,
        -3.969794  ,  3.4175324 ],
       [-0.5672333 , -2.8958852 ,  1.3432624 , ..., -0.23836042,
        -3.057881  ,  3.1510928 ],
       ...,
       [-0.24933319, -1.3594892 ,  2.3787422 , ..., -1.7138709 ,
         0.209853  , -1.9206637 ],
       [ 1.7639713 , -1.3174994 ,  1.6077095 , ...,  2.6943262 ,
        -1.1815971 ,  1.5609293 ],
       [-3.0639622 ,  1.9727932 , -0.05729296, ...,  0.9651361 ,
         0.7185898 , -2.569431  ]], dtype=float32), 'decoder.4.bias': array([-1.5103296 ,  1.1829756 , -1.1424625 , -2.3148499 , -0.36788544,
        3.452892  , -3.3705056 ,  0.4769585 , -1.8041707 , -0.16609561,
       -3.9061482 ,  0.22755562, -1.8876395 ,  2.638499  ,  0.6122888 ,
        1.9541066 , -0.4504314 , -1.6177716 , -2.3159645 ,  2.500919  ,
        2.1125429 , -4.1584244 ,  2.469935  ,  0.20549743, -3.390852  ,
        0.12868059, -1.6987566 ,  3.4060116 , -2.0664217 , -3.122659  ,
        1.651386  ,  1.4654833 ,  3.3636074 ,  1.482108  , -2.0238023 ,
        1.47328   ,  3.3267221 ,  1.491701  , -0.91033894, -3.5916257 ,
       -1.6132275 , -1.6284974 , -2.8431134 ,  2.9181936 , -0.8403865 ,
        1.9057943 , -2.5853164 , -1.6208389 , -3.9982257 , -0.8079503 ,
       -2.1936784 , -2.8018434 ,  1.7282575 , -1.0981593 , -0.6307152 ,
       -1.1764318 , -1.5039552 ,  2.4725947 , -3.875748  , -3.3806677 ,
       -3.213317  , -2.5244792 , -0.4037833 ,  2.4809136 , -2.500155  ,
        1.9541237 ,  0.24423046, -2.7920642 , -1.5547702 ,  1.1757712 ,
        1.7913444 ,  0.96178526, -1.8047686 , -2.619227  , -5.514506  ,
        1.5424246 , -0.3238168 ,  0.5864875 , -1.431999  ,  3.1720715 ,
        1.3117217 ,  1.8344524 ,  3.897491  , -0.538934  ,  2.600283  ,
       -4.3121653 , -0.5721705 ,  1.2128463 ,  0.54248583, -1.8935949 ,
       -1.5119205 ,  1.8353875 ,  1.5771643 ,  1.9238911 ,  0.04256005,
       -3.739637  , -2.7669768 ,  2.5502145 ,  2.2869506 , -1.7049172 ,
        2.45116   ,  3.4859583 ,  3.739276  , -2.9417026 , -1.868489  ,
       -2.7577763 , -0.8129782 , -0.17791702,  1.6899946 , -3.3770921 ,
       -3.1727543 ,  3.498539  ,  4.6865106 ,  1.625221  , -4.1472173 ,
        2.4646513 ,  0.54865426,  3.3236558 ,  2.2693932 , -3.6543324 ,
        0.42158443, -1.9457254 , -0.61042666, -3.0593553 ,  2.0475795 ,
       -0.33169004,  1.7080867 , -2.1989484 , -3.1736686 ,  1.063774  ,
        2.220589  ,  0.2371287 , -3.0240192 ,  0.5279256 , -4.203098  ,
       -0.84825134, -1.9373552 , -0.8040269 , -3.4038231 , -1.124705  ,
       -3.8986726 , -3.5812256 ,  2.720324  , -3.0452948 , -0.46446875,
       -1.5315633 ,  3.7829595 , -2.900384  ,  1.0632069 ,  0.14751163,
        0.35286534,  0.19524841,  2.253108  , -2.4808815 ,  1.4194752 ,
        0.51514137,  1.571292  ,  1.386025  , -3.6026316 ,  1.9616492 ,
        0.34102777, -2.7435079 , -0.54915476, -0.89190894, -3.9655037 ,
        4.3603745 ,  1.4688823 ,  3.310092  ,  3.2384253 , -0.40105233,
        2.5070846 , -1.6484928 ,  1.8426845 , -2.8645203 , -2.5963879 ,
       -1.4626675 , -2.9700682 ,  0.6737008 ,  3.1437967 , -2.4599605 ,
        1.8556536 ,  1.7414616 ,  2.1069982 ,  2.9635763 ,  0.9145461 ,
       -2.5821056 , -0.82293874,  0.25756788, -1.1647494 ,  2.0220509 ,
       -2.6129534 ,  1.1645913 , -0.7142317 ,  3.089862  , -1.1995577 ,
        3.177244  , -1.1517838 ,  1.1162417 , -1.4758654 ,  0.11451986,
        1.6429193 ,  3.631024  , -1.1116515 , -2.712839  , -1.2699999 ,
       -1.324006  ,  2.5340517 ,  1.274789  , -0.07871395, -0.11249205,
       -1.3716247 ,  2.9790862 , -3.4839494 , -1.5728332 ,  0.0890521 ,
       -1.4400141 , -3.0607321 , -2.2961743 , -0.9528819 ,  1.7225562 ,
        3.5648708 ,  2.0287867 ,  0.9706158 ,  0.42023292, -4.099531  ,
        4.3022313 ,  0.44699073, -2.8480585 ,  4.485757  ,  0.12807435,
       -4.5067205 ,  0.04592826,  2.928519  ,  3.8083127 ,  2.0769322 ,
       -0.09727733, -2.8552303 ,  0.9847252 , -1.9217722 ,  0.5394813 ,
       -1.017647  , -0.24009828,  2.1537027 , -3.5606089 , -2.244717  ,
        0.915476  ,  0.83776456,  1.7734476 ,  2.9179742 ,  0.9238957 ,
       -3.1631732 , -3.4093137 , -3.5778282 , -1.0538988 , -2.6158466 ,
       -2.7527146 , -0.08183865, -0.11132377,  3.3931897 ,  0.7853121 ,
        2.698217  ,  2.028806  ,  1.2197149 ,  2.5812504 , -2.0600882 ,
       -2.9948225 , -2.9486032 , -3.4850473 , -4.094155  ,  0.798047  ,
       -2.8460646 ,  2.431045  , -3.1404593 ,  3.6525307 , -0.6792171 ,
        4.1517296 , -0.72958726, -2.5988634 ,  2.5555942 ,  1.4241686 ,
       -2.4507685 ,  1.6854464 , -0.95818496,  1.7745347 ,  0.44127586,
        2.0128074 ,  2.250328  ,  0.40235543,  3.0726683 , -0.01121162,
        1.7563437 , -1.5966325 , -3.646959  ,  0.53997463, -4.824652  ,
        2.8367727 ,  1.0615735 ,  0.4186135 ,  1.2081985 , -0.8170569 ,
       -0.1212405 ,  3.1435635 , -2.6125178 , -1.3256893 ,  3.1693497 ,
        1.1999764 ,  2.6971784 ,  0.70854753, -1.7031527 ,  3.5988545 ,
        1.8691648 , -5.198731  , -2.9540572 , -1.6784904 , -0.14590885,
        2.189005  , -1.3413891 ,  2.647337  , -2.531145  ,  2.0283787 ,
        2.264697  ,  1.9494976 ,  1.26275   , -0.5317047 , -1.7722657 ,
        0.99455374,  0.99317926,  1.5420423 , -2.4740512 , -2.482389  ,
        2.9382887 , -2.5185719 ,  2.295281  , -1.5641768 , -4.0687923 ,
       -2.8458858 ,  2.8436503 , -0.61677676, -4.196011  ,  0.88564557,
        3.3622985 , -2.9412346 ,  1.8329034 , -1.8200998 , -2.225146  ,
        2.8513176 , -2.353036  ,  0.09631746, -2.7961133 , -0.48364228,
       -0.22782134, -0.90870106,  0.4297384 , -0.02959014,  0.04669168,
       -2.0802665 ,  2.927627  , -2.9421222 ,  3.0578406 ,  1.015354  ,
       -3.7873368 ,  1.6261741 , -2.0899215 ,  3.258801  ,  1.6660984 ,
        0.92888683, -1.9848056 , -0.7182909 ,  3.329895  ,  4.0602126 ,
        1.766572  ,  2.5028622 ,  0.33216983,  3.638289  , -2.389856  ,
       -3.1597617 ,  2.1329358 , -2.308429  ,  3.1820958 , -1.4804432 ,
        0.65682346, -2.6715212 , -1.4912199 , -2.7775185 ,  2.5311863 ,
       -2.5576665 ,  2.8012087 ,  2.749277  , -3.1343544 ,  2.671006  ,
        1.5518639 , -1.0619113 , -2.939326  ,  2.6777294 ,  0.02793717,
       -0.08538227,  1.9385325 , -3.535515  , -3.8482866 ,  3.810906  ,
       -1.8044199 ,  2.1600368 ,  2.9643033 , -2.5789244 ,  2.1746173 ,
        0.35484672,  1.2669352 ,  2.3686728 , -1.4405847 , -2.3862984 ,
       -1.4178462 , -1.1627715 , -2.7592802 , -4.4890122 , -4.096203  ,
       -1.1172464 ,  2.23306   , -0.16749851,  2.565865  ,  2.3038757 ,
       -0.72557044,  0.92009693, -2.1193461 , -0.832546  ,  2.02021   ,
       -1.840611  ,  3.2217956 , -0.7394676 , -2.5717127 ,  1.3745487 ,
       -1.6448978 ,  3.4163299 , -0.20385402,  0.6619807 , -2.8260238 ,
       -0.7508535 ,  2.365876  , -0.95541453,  2.9462376 ,  2.1218278 ,
       -0.5893614 , -1.9337581 , -1.6118469 , -2.0027184 , -2.4016747 ,
        1.9193349 ,  2.2572558 ,  0.74391973, -0.14313664, -3.7509766 ,
       -1.5478201 ,  0.44212514, -0.37636068, -2.1700041 , -3.2211642 ,
        2.0335927 ,  3.1226203 , -2.1676388 ,  1.8753196 , -3.7725062 ,
       -0.65530545, -4.5692987 , -3.1996927 ,  2.7733417 , -1.4913843 ,
       -1.1940341 , -1.4832507 , -0.8899791 , -0.41800672, -3.9316115 ,
        1.75084   , -4.169339  , -2.1486094 ,  2.3751848 ,  2.290302  ,
        2.9087088 ,  1.2639945 , -0.6349588 ,  0.74244046,  1.0807633 ,
        1.4865093 ,  1.8404213 , -2.9513373 , -0.5030619 , -3.9936364 ,
       -2.0597472 , -3.4900808 , -4.057021  , -4.204158  , -1.2854062 ,
       -3.4824646 , -2.0978436 ,  2.6131947 ,  0.9841701 ,  0.45136818,
       -3.055659  , -3.2479534 ,  3.6627042 ,  2.5832262 ,  2.659132  ],
      dtype=float32), 'decoder.6.weight': array([[ 2.5717485 , -1.1699594 ,  5.941043  , ...,  6.4400563 ,
         6.6469674 ,  1.1103331 ],
       [-1.3372511 ,  1.513881  , -2.9760685 , ...,  3.084758  ,
         1.181564  ,  0.9772619 ],
       [-3.0955932 ,  3.6301758 , -3.574575  , ..., -0.3262869 ,
         2.318099  , -1.2808237 ],
       ...,
       [ 0.5298743 ,  2.8318694 ,  2.3874545 , ..., -1.8400593 ,
        -1.7462484 , -2.023683  ],
       [-1.8255125 , -1.3894024 , -3.032174  , ..., -2.6368234 ,
         2.8953266 ,  0.10834643],
       [ 1.844299  ,  0.4525236 , -3.6751413 , ...,  0.0679693 ,
         1.0223699 , -1.8893769 ]], dtype=float32), 'decoder.6.bias': array([-0.8820865, -1.0651714, -0.7850324, ...,  0.617375 ,  2.976578 ,
        1.8622165], dtype=float32)}
[Time: 15.01.25 11:54:35] [Level: info] [State: aggregate] {'encoder.0.weight': array([[-1.1140786 ,  0.12871055,  0.22516355, ..., -0.86784494,
         0.6520864 ,  0.46986485],
       [ 0.259239  ,  0.74765956,  0.71436256, ...,  0.37890607,
        -0.56513524,  1.08657   ],
       [ 0.4962549 , -0.51412183,  0.14414819, ..., -0.09278376,
        -0.7704705 , -0.24262042],
       ...,
       [-0.5830958 ,  0.16210002,  0.14910813, ..., -0.23423107,
         0.18664648, -0.8106113 ],
       [ 0.2027239 ,  0.62792313, -0.33312222, ...,  1.1942292 ,
        -0.52593267,  0.7496668 ],
       [ 0.7477087 ,  0.8418919 ,  0.24044274, ...,  0.2667627 ,
         0.5354547 ,  0.2445022 ]], dtype=float32), 'encoder.0.bias': array([ 3.59015316e-02, -7.01860785e-01, -5.22384822e-01, -3.44275624e-01,
       -8.19015920e-01,  7.06041083e-02,  6.29611433e-01, -8.47086310e-01,
       -1.18857816e-01, -1.10456622e+00, -6.05240941e-01, -7.84270525e-01,
       -3.25916827e-01,  5.31789780e-01, -1.09996867e+00,  4.37687576e-01,
        8.19682956e-01, -1.22406983e+00,  1.40300214e-01,  8.36660385e-01,
        5.58880806e-01, -9.14185941e-01, -5.91614306e-01, -8.35741580e-01,
        1.65691569e-01, -9.08784151e-01, -1.25379860e+00, -3.71582627e-01,
        5.09013176e-01, -4.71870512e-01,  7.88048729e-02, -3.56595516e-01,
        6.45705938e-01, -8.51600468e-01, -7.72123635e-01, -7.91373491e-01,
       -1.00554645e+00,  5.54791167e-02,  9.97539260e-04,  5.07577956e-01,
       -8.76594856e-02, -5.71254194e-01,  4.19194311e-01,  4.69764888e-01,
        4.15136933e-01,  6.99048936e-01,  1.38115001e+00, -2.82772213e-01,
        4.82151181e-01, -7.63606191e-01, -1.16834629e+00,  2.01124653e-01,
        4.62123841e-01, -1.82541206e-01,  7.09515095e-01,  9.26135629e-02,
       -5.85901618e-01, -6.25663102e-01,  5.62156439e-01, -8.47176611e-01,
       -1.10955012e+00,  3.71374249e-01,  4.46956009e-01,  4.26233858e-01,
       -1.29575551e-01, -3.95240903e-01,  7.54986703e-01, -1.02292228e+00,
       -5.31347275e-01, -7.73631215e-01, -9.30839926e-02,  6.78090975e-02,
        3.97445172e-01, -3.95691991e-01, -5.00228763e-01,  3.56177330e-01,
       -8.75036776e-01, -1.17340600e+00, -8.08211207e-01,  4.68394071e-01,
        8.13104868e-01,  4.62834835e-01,  8.00969005e-01, -4.17164475e-01,
        6.23942673e-01, -1.13364053e+00, -2.29825079e-02, -4.50980097e-01,
       -5.57960391e-01,  4.12635028e-01, -4.08007562e-01,  6.28799438e-01,
       -1.50379047e-01, -1.01308927e-01,  4.41148102e-01,  6.25740230e-01,
        6.35189891e-01, -3.43691021e-01, -2.18597706e-02,  7.46804595e-01,
        4.58302647e-02,  3.01536825e-02, -1.05609405e+00, -1.19717526e+00,
       -8.99153352e-01,  1.66328967e-01, -5.08366287e-01, -6.94737375e-01,
        3.64786446e-01, -1.13745916e+00, -6.94426000e-01, -1.03666627e+00,
       -9.17180121e-01,  1.78221688e-01,  6.23502910e-01, -2.52590358e-01,
       -8.96899253e-02, -8.99120986e-01, -8.27302754e-01, -6.01632476e-01,
       -6.66251242e-01, -9.63779509e-01,  8.91956091e-01, -7.00102627e-01,
       -5.89689910e-01, -2.34517753e-01, -5.18998623e-01,  4.92642522e-01,
        3.58782947e-01, -6.28030062e-01,  3.64128262e-01,  5.94470084e-01,
       -1.17415035e+00,  1.06184494e+00, -1.02282330e-01, -7.01840580e-01,
       -1.21388638e+00, -4.14488375e-01, -7.65612200e-02,  3.15260254e-02,
        1.01698451e-01,  7.72776008e-01,  2.34966889e-01, -8.06683481e-01,
       -2.79875308e-01, -3.66258442e-01,  3.56467158e-01,  4.20466810e-01,
       -3.52145940e-01, -2.58546889e-01,  8.18632245e-01, -1.10096741e+00,
       -5.92857562e-02,  6.28685832e-01,  5.11996448e-01, -1.02666116e+00,
       -7.53339171e-01,  4.33121622e-01, -5.57139099e-01, -4.64598030e-01,
       -8.11646402e-01,  9.16923463e-01, -1.18034494e+00, -6.46525443e-01,
       -1.05537391e+00,  1.83142141e-01, -1.14448071e+00, -8.93591940e-01,
       -1.21269011e+00, -4.24609631e-01, -5.69791317e-01, -1.18180442e+00,
        2.30392873e-01, -1.81733727e-01, -9.48247731e-01,  7.96412587e-01,
        5.45033276e-01, -3.15608174e-01,  4.78820324e-01, -2.73687720e-01,
        1.40927121e-01,  1.15504593e-01, -5.61839379e-02, -1.28026247e+00,
        5.82718909e-01,  3.42274278e-01, -9.78409529e-01,  5.94365537e-01,
        6.84665024e-01,  6.28608167e-01, -7.33714581e-01,  1.20026417e-01,
       -1.24244189e+00, -5.56461632e-01, -1.59718537e+00, -1.25759348e-01,
       -5.06474733e-01, -6.34929001e-01, -5.95112264e-01, -3.64247501e-01,
       -3.73488069e-01,  9.13037479e-01,  2.61991113e-01, -1.14019966e+00,
        8.06601346e-01, -1.13330555e+00,  6.91347837e-01,  9.96796787e-01,
       -2.99109221e-01,  5.61788797e-01,  3.17003042e-01,  6.83263302e-01,
        2.87857085e-01, -8.74099672e-01, -9.20539021e-01, -7.95987368e-01,
       -6.84441999e-02, -8.70702147e-01, -7.60219634e-01, -4.97015685e-01,
        2.66620457e-01,  3.87910932e-01, -7.61738122e-01, -4.41189945e-01,
       -4.33015943e-01,  6.12920225e-01, -9.63485301e-01, -6.65438116e-01,
       -9.36230421e-01, -5.73866010e-01, -1.22703111e+00,  4.91817921e-01,
       -3.12537581e-01,  1.44673407e-01, -7.46568143e-01,  5.32516599e-01,
        1.01702452e-01,  6.04429483e-01,  1.26233149e+00, -6.06590688e-01,
        4.43355381e-01, -9.55127358e-01,  7.22239733e-01,  2.09971711e-01,
       -9.43141282e-01, -1.25787365e+00, -5.20219505e-01, -1.05756617e+00,
       -9.52246070e-01,  1.76094696e-01,  5.73091321e-02, -4.50516641e-01,
       -5.96674019e-03, -8.85753036e-02, -2.77168155e-01,  2.25525096e-01,
        3.35515112e-01, -1.22386765e+00,  5.08412838e-01,  8.24354410e-01,
        8.87703300e-01, -9.03661311e-01,  2.50797898e-01, -6.27199471e-01,
       -4.67310488e-01, -2.26156712e-01, -1.05609047e+00,  5.99163651e-01,
        4.49557930e-01, -8.57222140e-01,  7.21178949e-01, -1.06823683e+00,
        1.97142363e-01, -4.34889376e-01, -1.21461844e+00,  3.56646776e-01,
       -1.27147365e+00,  8.27619433e-01, -8.25884879e-01, -1.17431867e+00,
        7.36849368e-01,  5.53332150e-01,  1.88928097e-01, -1.35041088e-01,
       -1.22165525e+00,  6.00653410e-01, -7.76704609e-01,  5.14098346e-01,
        3.86486873e-02, -1.28795242e+00, -8.81629467e-01, -9.68552411e-01,
       -5.93503416e-01, -6.70232832e-01, -2.50822216e-01, -1.13904595e+00,
        7.49870479e-01, -7.38137662e-01,  5.16178906e-01, -8.55781019e-01,
        1.01491317e-01, -8.04159224e-01, -4.22221899e-01, -1.96012363e-01,
       -1.08353865e+00, -1.18717074e+00,  2.83715159e-01, -1.03324270e+00,
       -1.55539393e-01,  3.06606144e-01,  5.49229860e-01, -8.04523826e-01,
       -1.18855047e+00,  1.50978222e-01, -7.71844268e-01, -1.41351855e+00,
       -4.03666198e-01,  8.36998224e-01, -9.83154118e-01, -3.23729932e-01,
       -3.49994957e-01, -7.28163540e-01,  2.17203870e-01, -5.78157902e-01,
       -1.02827060e+00, -8.48469138e-01,  4.74164754e-01, -5.87205887e-01,
        2.82451004e-01,  7.30741262e-01, -3.17884773e-01,  4.05426174e-01,
       -5.39409637e-01,  9.02439892e-01, -1.40483633e-01,  2.09478319e-01,
       -1.06425934e-01, -6.02512777e-01,  7.31769025e-01,  1.76332563e-01,
       -1.07804704e+00,  6.50303781e-01, -5.13644159e-01,  4.35282409e-01,
       -4.00361598e-01,  6.66372061e-01,  8.24808061e-01,  1.69905778e-02,
       -8.48579764e-01,  1.84593365e-01, -1.17772609e-01,  4.38031673e-01,
       -8.14460933e-01, -2.12179497e-01, -1.01971853e+00, -5.01963615e-01,
        9.27343294e-02,  4.90178287e-01,  1.41519755e-01, -4.68802512e-01,
       -1.84773847e-01,  6.65094197e-01, -6.29137337e-01,  4.57788646e-01,
        5.11156738e-01, -5.64666212e-01,  5.49584270e-01,  6.32771373e-01,
       -4.90887910e-01, -1.05799818e+00, -4.58545953e-01, -1.87709600e-01,
       -5.95098853e-01,  4.31568265e-01,  6.11504555e-01,  6.20460153e-01,
       -1.31122977e-01, -2.44069055e-01, -6.79318249e-01, -6.42098129e-01,
       -8.61535907e-01,  5.42439342e-01,  3.79549295e-01, -3.09819996e-01,
       -4.54511851e-01, -3.56139064e-01, -1.60345823e-01,  6.80347681e-01,
       -9.46079269e-02, -1.35244691e+00, -6.04668617e-01,  2.65175015e-01,
       -9.07302946e-02,  1.26213394e-03,  3.00146013e-01,  6.97667897e-01,
        2.06043631e-01, -1.47187519e+00, -3.83610725e-01,  6.80690706e-01,
       -5.41382372e-01, -1.59001395e-01, -1.28555730e-01, -3.39142919e-01,
        2.76688188e-01, -6.35098964e-02,  5.08601125e-03,  7.72699714e-01,
        3.72810334e-01,  6.78114057e-01, -1.21715558e+00,  4.59129333e-01,
       -1.00398695e+00, -1.99272066e-01, -1.22254324e+00,  1.10051966e+00,
       -4.14529234e-01, -7.00274110e-01, -2.54433870e-01,  6.47573233e-01,
       -5.58224440e-01,  3.38899314e-01, -1.08036709e+00, -8.01118255e-01,
        3.68954867e-01,  5.01307726e-01, -3.46875787e-01, -1.25087225e+00,
        5.89237273e-01, -5.30791461e-01, -1.08166456e+00, -3.08978200e-01,
        1.43833816e-01, -1.77992582e-01, -1.01289868e+00, -1.00336206e+00,
        7.12785661e-01, -4.07260358e-01,  5.22370875e-01,  3.52816343e-01,
       -9.54456449e-01, -3.25917780e-01,  2.88919181e-01, -1.18577945e+00,
       -1.19358599e-01, -4.46596861e-01,  3.63527089e-01,  8.06178033e-01,
       -5.01567721e-01,  7.82108724e-01, -8.54915142e-01,  4.45023268e-01,
       -1.01393402e+00,  3.33412826e-01, -7.11505175e-01, -1.66888252e-01,
       -4.75007027e-01,  5.24564803e-01, -4.39903110e-01,  9.14843798e-01,
       -1.08096611e+00, -3.24814796e-01, -1.69551283e-01,  3.39283496e-01,
       -1.09391105e+00, -1.26588988e+00, -6.33961499e-01, -8.01364541e-01,
        5.93574047e-02, -1.05296767e+00, -9.00877595e-01,  4.02086347e-01,
       -9.46404934e-01, -1.05984044e+00,  2.07295880e-01, -4.42673475e-01,
       -5.70068538e-01, -7.52896145e-02, -1.06242895e+00, -3.65422398e-01,
        8.51793706e-01, -9.91693795e-01,  2.25291133e-01, -4.55263740e-04,
       -9.12847757e-01, -8.18188548e-01,  7.92633533e-01, -3.84458512e-01,
       -6.66219294e-01,  4.93801683e-02, -1.17009059e-01,  3.92857820e-01,
       -1.34585619e-01, -3.85329366e-01, -7.44805157e-01,  2.96812296e-01,
       -3.92841101e-01,  3.26376975e-01,  1.82056844e-01, -9.80347931e-01],
      dtype=float32), 'encoder.2.weight': array([[ 1.9254    , -1.8964738 , -2.4057946 , ...,  0.30623186,
         0.06835508, -3.2998745 ],
       [-1.8299868 ,  1.5754725 , -3.3901033 , ...,  0.12350555,
         1.0776142 , -2.176879  ],
       [ 3.0548978 ,  2.5153146 ,  3.5214844 , ...,  1.3136073 ,
         2.2668738 ,  1.7412881 ],
       ...,
       [ 0.4810038 ,  1.0158802 , -2.8682823 , ..., -2.0935633 ,
         1.5209354 ,  0.6064223 ],
       [ 2.6778646 ,  0.8355663 ,  2.1952608 , ...,  0.24610992,
         1.0218309 ,  1.0521976 ],
       [ 3.3008685 , -3.5423195 ,  2.5663328 , ..., -0.8619366 ,
         0.07150912, -2.5858307 ]], dtype=float32), 'encoder.2.bias': array([ 2.765078  ,  1.8564942 ,  3.2429082 , -2.1347978 , -1.2760501 ,
       -4.1988297 , -1.1140273 ,  1.1529243 , -2.6927078 ,  1.1582694 ,
        1.8103017 , -3.2662234 , -1.8414172 , -1.2900934 ,  1.4423963 ,
        2.5877266 , -1.1841531 , -3.3030236 ,  2.0103536 ,  1.4817649 ,
       -1.828988  , -1.5799346 , -2.8833694 , -1.0809555 ,  0.9327715 ,
        1.2104173 , -0.4802959 , -2.6740253 , -3.1486814 , -2.6112416 ,
       -1.9240203 , -1.7360591 ,  1.3545854 , -0.79823434, -0.09847032,
        2.5229304 , -2.390091  , -1.2209173 , -2.4324944 ,  4.2591233 ,
       -2.5829136 ,  0.11936478,  1.8279195 , -1.8597804 , -0.36799487,
        1.7314327 ,  1.8554043 ,  0.14908212, -2.0905664 , -1.7211326 ,
       -0.41666687, -0.40281177, -2.3995507 , -0.6851654 ,  0.42479572,
       -2.967446  ,  2.616414  , -3.4746702 ,  0.09077972,  2.003765  ,
       -1.9885349 ,  2.9098873 ,  3.131329  ,  0.22062965, -1.6100348 ,
       -0.693173  ,  1.8053643 ,  3.4760084 ,  0.02120592, -2.9010744 ,
        3.1908884 , -0.80185246, -2.425571  , -1.8943537 ,  2.8527393 ,
       -0.21175458, -1.6385571 ,  0.2537876 ,  1.8267651 ,  3.1404884 ,
       -4.0336413 ,  2.2588012 , -1.3515011 ,  2.3819952 ,  2.5305119 ,
       -2.7837484 , -0.71830505, -1.867677  ,  0.6629844 ,  1.3870354 ,
       -1.7690006 ,  3.5182443 , -0.57642835, -1.9315265 , -3.2175803 ,
        0.8253097 ,  1.9884995 ,  0.03660991, -2.505569  , -0.41161793,
        1.2398955 ,  1.7216406 ,  3.4499528 , -2.255254  , -0.04205539,
        0.9979819 ,  2.9588685 ,  0.08072965,  0.37424666,  2.12673   ,
        1.8391851 , -0.53391623, -3.930704  ,  3.5385778 ,  2.8267808 ,
        2.2404554 , -1.8015598 , -2.4310539 , -0.28653002,  0.28288677,
        0.33021167,  0.21558557,  2.836238  , -0.2598209 , -0.44867215,
        1.2269439 , -3.1947234 ,  2.4498982 ,  1.5901971 , -3.918778  ,
        1.817813  , -1.9361247 ,  2.6633267 , -3.1359901 , -0.60196775,
        1.1039275 ,  1.5275714 ,  2.036352  ,  1.2986331 ,  2.7617986 ,
        0.2543303 ,  1.0927728 ,  1.1184577 , -0.13065745, -0.657079  ,
       -3.543768  , -0.19087169,  1.3715298 , -2.1609497 , -2.5525045 ,
       -0.48429832,  0.2501336 , -1.7887383 ,  3.1431472 , -0.10535666,
       -3.7984526 ,  1.8228604 , -1.5987402 ,  3.4500654 , -1.4386625 ,
       -0.38369685, -4.2231054 , -0.2139411 , -1.0041515 ,  1.9072249 ,
       -1.096615  , -1.123528  , -2.7820163 ,  1.6208972 ,  0.967477  ,
       -3.046321  ,  1.0790943 ,  2.3122518 ,  0.06394741, -1.4387723 ,
       -1.2147894 , -1.3726422 , -1.6344967 ,  0.14008276,  1.8430195 ,
        2.2144628 , -0.3823326 , -0.17603774, -3.7336576 ,  1.9605037 ,
       -0.63373274,  2.723184  ,  1.3287331 , -3.4573283 , -3.489311  ,
        1.8240857 ,  0.43493098,  1.1941811 ,  0.31870046, -1.7899331 ,
       -2.6901639 , -0.43652445,  0.561105  ,  0.46939936,  0.8577904 ,
       -2.4988685 , -2.177792  , -2.4588337 , -0.32444417,  2.16226   ,
       -0.5025797 ,  0.21143658, -1.2687768 , -2.3816848 , -1.4434057 ,
        1.6971176 ,  0.27117014, -0.05594919,  2.8547096 ,  3.2047696 ,
       -3.9993165 ,  2.6422691 , -1.6852672 , -3.3753195 ,  0.5084058 ,
       -3.388391  ,  1.3806612 ,  1.4033996 , -2.3380616 , -2.647769  ,
       -0.5026874 ,  0.92458093,  2.6768496 ,  1.5985498 ,  0.62131864,
        2.751075  ,  2.6261127 ,  1.9142021 , -3.7735786 , -0.61955374,
        0.5807503 ,  0.7480976 ,  0.06762933, -2.7592223 , -2.5031748 ,
        2.6615353 ,  2.2957563 ,  0.66247445,  1.0697674 ,  2.6639419 ,
        1.9282267 ,  1.5456614 ,  3.2455318 , -1.0460004 , -2.5173912 ,
        0.39006004, -0.38607407,  3.0543299 ,  2.7805548 , -0.96975875,
        0.3622498 ,  2.1015515 , -1.6487067 ,  0.7672385 , -1.0510497 ,
        0.22559959,  0.03185657,  0.21073596,  1.9093047 , -0.7726045 ,
        2.7920768 ,  0.2309626 ,  0.01020455, -0.03528012,  0.21518767,
        3.0174615 , -3.5909328 , -2.8069048 ,  1.184318  , -0.92345023,
        2.9032333 ,  2.3530116 , -3.921379  ,  2.4857855 ,  0.6802753 ,
       -1.662023  , -1.7559992 ,  0.87333083, -2.1581857 , -3.3069215 ,
        2.4455767 ,  2.3982224 , -3.507876  ,  2.0946572 , -0.75972944,
       -3.7525115 , -1.4110501 ,  2.8173344 , -0.03110221, -1.2619596 ,
       -1.3086909 ,  1.3932332 ,  3.5428662 , -0.68456334,  0.62222975,
       -1.3299414 ,  2.5198221 , -2.7342165 , -3.313319  ,  1.9088078 ,
       -3.4881763 ,  0.52984667, -0.75153494, -3.4208775 ,  1.4294794 ,
       -1.6482546 , -3.7779875 , -4.0303364 ,  1.003182  ,  1.9297178 ,
        1.4376143 ,  1.75789   , -1.5975658 ,  3.1225758 ,  0.47083628,
        3.8964558 ,  2.2602344 , -1.7773777 ,  0.98080415,  0.7295922 ,
        2.2940516 ,  0.04328718, -0.01049472, -1.4311095 , -2.66933   ,
       -3.2414303 ,  1.3243836 , -3.190512  ,  0.8263097 , -0.4175147 ,
        2.881579  , -0.43017825, -0.38222048,  2.0032732 , -3.1398385 ,
        2.3292308 , -1.9474705 , -0.90746087,  1.1736797 ,  0.24811845,
        1.9620737 , -1.7688916 ,  1.3489622 ,  1.9006492 ,  2.6183338 ,
        2.2468164 , -2.2724807 ,  0.4306365 , -1.7394971 , -2.5245337 ,
       -2.2593725 , -2.8015823 ,  0.8865488 , -1.3166927 , -0.8798988 ,
        1.6021302 , -0.40481493, -1.7354937 , -3.0628657 , -3.5390384 ,
       -1.6432655 ,  0.04265267,  0.45109197, -1.148383  , -3.6820872 ,
        1.3569273 ,  2.1215088 , -1.1214381 ,  2.0352464 ,  1.8392484 ,
        0.89746344,  1.3448946 ,  3.141398  , -2.4948194 , -0.09313422,
       -2.203238  ,  2.87137   ,  1.4040804 , -1.5550605 ,  3.0730991 ,
        2.11057   , -2.7853873 ,  2.5048542 ,  0.4100009 , -2.3235152 ,
        2.669147  , -1.2076523 ,  2.6330667 ,  1.1913522 ,  1.9560101 ,
        1.0179231 ,  2.7233996 , -3.8320496 , -2.008374  ,  2.9321306 ,
       -0.47514373,  1.6240754 ,  2.6904175 ,  1.1259167 , -1.2739289 ,
       -3.1890824 ,  1.2064309 ,  2.2892425 ,  1.4327644 , -3.0475354 ,
        1.6154987 ,  1.0852188 , -0.78782034,  0.8032843 ,  1.3841887 ,
       -3.011067  , -0.22008118, -0.8769136 ,  2.9426334 , -0.19673048,
        0.42934555, -0.38146943, -0.2512085 ,  1.8438531 ,  2.299322  ,
        0.08064494,  2.3454635 ,  1.3470187 , -1.1398652 ,  1.0064342 ,
       -3.4538734 ,  1.9079628 , -0.17621158, -2.2001095 ,  0.7581848 ,
       -1.3168328 , -2.0155878 , -0.02487066, -2.6719303 , -0.31130412,
        3.4878821 ,  3.544946  ,  2.8768451 , -0.3842671 , -0.41592628,
       -3.1658883 ,  3.0077088 , -1.0170939 , -2.7222397 , -1.1436893 ,
        2.770812  , -1.1897002 , -0.66578794, -2.249006  ,  0.32213834,
        0.17574778, -0.75107276, -1.2657263 ,  3.520073  , -3.2506514 ,
       -2.8717213 ,  1.299847  , -1.8180088 ,  3.5245085 ,  2.600044  ,
       -0.02199913, -3.1930642 ,  1.3415569 ,  1.9085332 , -1.7076963 ,
       -2.4800594 , -0.02876577,  1.9419993 ,  1.3831012 , -3.4270532 ,
       -0.44351825, -0.9681534 , -3.4454045 ,  3.395264  ,  2.8502612 ,
        3.4023256 , -0.5995755 ,  0.8301827 ,  1.0235485 ,  1.3038583 ,
       -3.977992  , -2.7310104 ,  1.3307742 , -1.4467185 , -1.6851282 ,
       -4.0185847 ,  3.0582402 , -2.277154  ,  4.0196786 , -3.4355288 ,
        0.24393475, -3.2367072 ,  1.3651314 ,  1.1912158 , -3.1569953 ],
      dtype=float32), 'encoder.4.weight': array([[-2.4960382 , -2.8575644 , -2.9512765 , ...,  2.9774702 ,
         1.3407558 , -2.2458968 ],
       [-0.11815924, -2.7700596 , -3.8349304 , ...,  2.2363644 ,
        -1.3521546 , -2.211164  ],
       [-0.54267216,  2.0184608 ,  1.4189488 , ...,  3.4682517 ,
         3.122101  ,  1.0777953 ],
       ...,
       [-3.5262988 ,  2.220613  ,  1.8266486 , ...,  2.679457  ,
         2.0866756 , -2.5889554 ],
       [ 0.8111265 ,  2.8397667 , -1.8423804 , ..., -3.2801547 ,
        -0.99591035, -0.19503093],
       [-3.4115357 ,  3.0469174 , -3.2143033 , ..., -1.5893375 ,
        -3.5768402 , -2.9785771 ]], dtype=float32), 'encoder.4.bias': array([-3.1443677 ,  0.09487201,  3.5012393 , ...,  2.5195017 ,
       -1.9916099 , -3.4213614 ], dtype=float32), 'encoder.6.weight': array([[-0.5651371 , -1.241828  ,  1.1124649 , ...,  0.6872973 ,
         0.43494564, -0.88947964],
       [ 0.9856553 ,  1.0820031 ,  1.2660403 , ..., -1.1289636 ,
         1.264252  ,  1.4209629 ],
       [-1.2599893 , -0.91069937,  0.9494891 , ...,  0.5864486 ,
        -0.7484245 , -0.09410018],
       ...,
       [-0.8932968 , -1.6032361 , -0.3060872 , ..., -0.30730265,
         0.8764344 , -0.15439807],
       [-1.0811238 , -0.9902307 , -2.2747765 , ...,  1.637934  ,
        -0.9471102 ,  1.3021368 ],
       [-0.8264372 , -0.7748386 , -0.7631045 , ...,  0.21818839,
        -1.3973345 ,  1.3095082 ]], dtype=float32), 'encoder.6.bias': array([-0.4347062 ,  0.06029089,  0.869778  ,  0.5475043 , -0.909402  ,
       -0.442897  , -1.2843909 , -0.8331193 ,  0.9998946 , -0.03686932],
      dtype=float32), 'decoder.0.weight': array([[-11.402693  ,   0.7960551 ,  -5.8025084 , ...,  18.022085  ,
         23.84515   , -10.188255  ],
       [ -6.6597157 ,  -4.1233273 ,  -9.641891  , ..., -17.002178  ,
        -19.132835  ,  22.523117  ],
       [-14.373064  ,  -8.733498  ,   6.9412465 , ...,  -3.416871  ,
        -12.25349   ,  13.654434  ],
       ...,
       [ 11.760038  ,  -6.0129085 ,  19.708853  , ...,  10.535887  ,
        -10.697643  ,  19.256329  ],
       [-24.063997  ,   2.368     , -20.808573  , ...,  -5.7423863 ,
        -12.216444  , -24.526045  ],
       [ 25.27413   ,  25.44121   ,  14.136961  , ..., -10.028765  ,
          6.248711  ,  -0.20971619]], dtype=float32), 'decoder.0.bias': array([-26.03983  ,  -6.6936913,   0.5727948, ...,   0.9067695,
        -4.599237 ,  14.081791 ], dtype=float32), 'decoder.2.weight': array([[ 1.1935629 ,  0.7059423 , -1.293168  , ...,  1.0726262 ,
         0.6584632 ,  1.0471625 ],
       [ 0.17262265, -0.21206659, -0.5596623 , ..., -0.7889474 ,
        -1.0731502 ,  0.55649185],
       [-0.30466306,  0.41380468, -1.5129057 , ..., -1.0758196 ,
         0.6461859 ,  0.6760117 ],
       ...,
       [-1.3034946 , -1.359701  ,  0.5275743 , ...,  0.8845621 ,
        -1.3732003 ,  1.6060234 ],
       [-0.598984  , -1.8325574 , -0.07028706, ..., -0.93402326,
         1.2500502 ,  0.48618189],
       [-2.1390963 , -1.8167527 ,  0.57167745, ...,  0.15496467,
        -1.2620001 , -2.0260425 ]], dtype=float32), 'decoder.2.bias': array([ 0.4981702 , -1.0978893 , -1.1611781 ,  0.465109  , -0.66539884,
       -1.9401162 , -0.76154315,  0.20665413,  1.457107  ,  0.65405214,
       -2.273418  , -0.31653225,  0.09786413,  1.3898042 ,  0.28861064,
        0.02552085, -0.7237344 , -1.5458548 ,  0.7990582 ,  0.0026356 ,
        0.29236424, -0.613725  ,  0.50532514, -0.427166  ,  0.14136933,
        1.2816169 , -1.8428097 , -0.13886756, -1.7255056 , -1.223809  ,
        1.1434355 , -1.6389557 ,  1.6005797 ,  0.9393989 ,  1.5489682 ,
       -1.1406511 , -1.7228765 ,  0.6297997 ,  0.02170326, -0.6140937 ,
       -1.0887177 , -1.4875441 ,  1.038107  , -1.7434579 ,  0.30277517,
        0.99410117,  0.09321549, -0.57862854, -1.7380002 ,  1.1834533 ,
        1.0290576 , -1.398122  , -0.38527882,  0.99231803, -1.5489117 ,
       -1.7620393 , -1.1826469 , -0.06410153,  0.40966442, -0.3128342 ,
       -1.6578511 ,  1.4448814 ,  0.1464632 ,  0.28947023, -1.5201468 ,
       -1.8084472 ,  0.5159839 , -1.0874394 , -1.0654689 ,  1.0869421 ,
        2.170327  ,  0.0606866 ,  0.68298066, -0.2983895 ,  0.8874937 ,
       -0.63106626, -1.9794418 , -2.0316834 ,  1.5443807 ,  1.1886176 ,
        1.1564149 , -1.5466646 , -2.0347488 , -1.6698177 ,  0.97717696,
       -1.7860098 ,  0.43920946,  0.4317988 , -0.13533981, -0.28916568,
        0.47661233,  0.74255013,  0.9054516 , -1.7537878 , -1.1394365 ,
       -1.6656365 , -1.3381329 ,  1.0081896 , -0.8635474 , -1.4766656 ,
       -0.7169916 ,  0.01401653, -0.8644275 , -1.6102849 , -0.39958197,
       -1.8516028 ,  0.85780597, -0.3197327 , -0.7475426 , -0.632205  ,
        0.15167587,  0.713268  , -1.3432193 , -1.8850458 , -0.48899567,
       -0.8277073 , -1.2244698 ,  0.67924654, -1.9182919 , -1.8059926 ,
        1.2777698 ,  1.6908246 ,  1.4631073 , -1.24389   ,  1.6701047 ,
        0.31899187, -1.7592207 , -1.2012234 ,  1.4614565 ,  0.54415846,
        1.4399734 , -1.7218057 ,  0.15180074,  1.3985076 , -0.84677577,
        1.4371291 ,  0.24690427, -0.71514857, -1.7536263 , -1.5496111 ,
        1.7670566 ,  1.2628502 , -1.8327044 , -0.5164436 ,  0.36471942,
        1.551199  ,  0.9856355 ,  0.43929213,  1.1246744 , -1.1346709 ,
       -1.8831275 , -0.46710134,  1.5295296 , -1.1031301 , -1.4243699 ,
        0.14034005, -1.3479587 , -0.6333226 , -1.7072731 ,  0.19441366,
       -0.8407382 ,  1.3386536 ,  0.95027876, -0.33823332,  0.6496198 ,
        1.359849  , -1.345195  ,  1.8986984 ,  0.16630074,  1.3697188 ,
        0.18370959, -0.1610233 ,  0.872636  ,  0.0627282 , -1.3220651 ,
       -1.8656232 ,  0.77287817,  0.72107935, -1.3101678 ,  1.0132735 ,
        0.05643033, -1.888911  ,  1.4346977 , -0.33722773, -1.9638575 ,
        0.9356    , -1.8692617 , -1.1794544 , -0.05981227, -1.7606229 ,
       -1.0295908 , -1.7518406 , -1.9894769 , -1.5514085 ,  0.02746175,
       -1.3947856 , -0.05684535,  0.9118532 ,  0.08070709, -1.6068178 ,
       -1.9794017 , -0.14149095,  1.5937365 ,  0.538439  , -1.7051985 ,
       -0.7567625 , -0.6604099 , -1.292762  , -0.31591618, -0.04210731,
       -1.915442  ,  0.44091275, -0.8835667 , -1.641874  , -0.67818147,
       -1.9285333 , -1.1791933 ,  1.4655448 , -0.43777463, -0.97192085,
       -1.2315719 , -0.09358735, -0.96729565,  1.5082158 , -1.5461358 ,
        0.6259997 , -1.8136089 , -1.1679256 ,  0.6953696 , -1.8044082 ,
       -0.15080395,  0.32275915, -0.8501513 , -1.5443575 , -1.633105  ,
        0.582098  , -1.0348374 , -0.9317535 , -1.1068387 , -1.2646648 ,
       -1.6901225 ,  0.31259507, -2.072417  , -1.1625049 ,  0.9668573 ,
        0.17460571, -0.05324171,  0.75552016,  1.5797012 , -1.0552775 ,
       -0.19906482, -1.2262853 , -0.03897656, -0.12738684,  0.9647372 ,
        1.2699356 , -0.60620034, -1.8603251 , -1.4295115 , -1.5107785 ,
        0.31408942, -0.3978797 , -0.11957145, -0.8396235 , -1.5828552 ,
       -0.6790408 ,  0.02100761, -0.24239723, -1.2885958 , -0.64860296,
        0.6596406 , -1.7924719 ,  0.9112839 , -1.8198812 ,  0.5282138 ,
        0.6711435 ,  0.11150608, -1.23149   , -0.6648148 ,  0.08317341,
       -0.14497018,  1.0101168 , -0.00747756,  1.3514051 ,  0.71169436,
        1.1483928 , -2.0597582 ,  1.1006966 , -1.9396167 , -0.0087654 ,
       -0.705032  ,  0.55372024, -1.3525639 , -0.6207356 , -0.5049026 ,
       -1.227197  , -1.267961  , -1.6272534 , -1.108579  ,  0.4814597 ,
       -1.7536004 , -0.6073452 ,  1.012133  ,  0.8720089 , -0.08309911,
       -1.4668727 ,  0.594959  , -0.8028436 ,  0.6217533 ,  1.0616529 ,
        1.4235424 , -1.6220629 , -1.0569686 ,  0.14051844, -0.4766921 ,
       -1.1296669 ,  1.1138856 ,  0.05123021,  0.49391675, -0.2566884 ,
       -0.7479285 , -1.3064986 , -0.75801975, -1.0406955 , -0.5108626 ,
       -0.43999466, -2.0012949 ,  1.3743398 , -1.810958  , -0.07044884,
       -1.784612  , -1.1856973 , -1.2332617 , -0.42627555, -0.9050169 ,
        1.3591197 ,  1.1587167 ,  0.40971228, -0.6126799 , -1.0733631 ,
       -0.9416523 , -2.0167463 ,  0.09874863, -1.3618981 , -0.2501214 ,
       -0.57978886, -2.0179806 , -2.2379103 , -0.44062045, -2.027744  ,
        0.0799555 , -1.2838731 , -0.16890298,  0.29063937,  0.5328995 ,
        0.281639  ,  1.2569907 , -1.2773721 , -2.1292431 , -0.33854124,
       -0.83327025, -1.1501706 ,  1.3638943 , -0.04358009,  1.2803468 ,
        1.0520334 , -1.9201196 ,  0.52033013, -0.5235271 , -1.3699685 ,
        1.5386986 , -0.30221346, -1.3734498 , -1.3805662 , -0.9190786 ,
       -0.0547584 , -0.6248119 ,  1.1040987 , -1.0511901 ,  0.6701794 ,
       -1.3989768 , -0.7765074 , -0.90279377, -0.78112423, -0.84197235,
       -1.7813287 , -1.1010871 , -0.8342992 ,  1.2337208 ,  0.25201744,
       -0.62003076,  0.5832843 ,  1.5557542 , -1.5972103 ,  0.23461841,
        0.6594435 ,  0.36790848,  0.90508974,  0.40782675,  0.06639011,
       -1.2114741 ,  1.0524415 , -1.514104  ,  1.5628966 ,  1.159199  ,
        0.8803934 , -0.75477844, -1.232903  ,  1.5813507 , -1.639121  ,
       -1.0597348 , -1.6045191 ,  1.3195665 , -1.5311147 , -0.5773887 ,
        0.23053348,  1.0835013 , -0.24162571, -1.3792791 , -0.4717652 ,
        0.5605691 , -1.7658361 , -0.2554381 , -1.4097105 , -0.5528593 ,
        1.0047983 , -1.1041679 ,  0.12243985,  0.09674668,  1.2810452 ,
       -1.4067867 ,  0.5757689 ,  2.3643513 , -0.2707012 , -1.5978996 ,
       -0.8522558 ,  0.25806922, -0.21185184, -0.41397443,  1.0938022 ,
       -0.71369624, -1.4782557 , -0.83954537, -1.597258  , -2.2732716 ,
        0.47540304, -0.13060747, -1.2890476 , -0.9583948 , -0.01777274,
        1.2279    , -1.2785003 ,  0.20917065,  1.4204917 , -0.27128494,
        1.3666761 ,  0.1759611 , -1.0050418 ,  0.6297965 , -0.4426236 ,
        0.06025132, -0.88265413, -0.01392414, -1.772841  , -1.6291021 ,
        0.33798608,  0.63373244,  0.993561  , -0.53303707,  1.3980798 ,
       -0.65739447, -1.5546291 , -0.29749402,  0.98890775, -1.4580952 ,
       -1.3919486 ,  0.56106806,  0.8519853 , -1.303536  ,  0.27014795,
       -0.26835257,  0.21992217, -1.1320423 , -1.8804073 , -1.3061388 ,
       -0.03161253,  0.36553118, -1.089164  , -1.153271  , -1.7064178 ,
       -0.18128994, -0.22023682,  0.13983457,  0.16585049,  2.0810647 ,
       -0.67410314,  0.9511429 , -2.0404246 ,  1.1067826 , -0.1848357 ],
      dtype=float32), 'decoder.4.weight': array([[ 3.4045005 , -1.265777  ,  1.4283773 , ..., -2.9662864 ,
         2.3249474 , -0.1973243 ],
       [ 0.04439564, -1.8708872 , -3.0354958 , ..., -0.2956655 ,
        -3.9697943 ,  3.4175324 ],
       [-0.56723326, -2.8955293 ,  1.3432624 , ..., -0.23836033,
        -3.057881  ,  3.1510928 ],
       ...,
       [-0.24933317, -1.3591334 ,  2.3787422 , ..., -1.7138708 ,
         0.209853  , -1.9206637 ],
       [ 1.7639714 , -1.317144  ,  1.6077095 , ...,  2.6943264 ,
        -1.1815971 ,  1.5609293 ],
       [-3.0639637 ,  1.9724633 , -0.05729296, ...,  0.96513635,
         0.71859014, -2.569431  ]], dtype=float32), 'decoder.4.bias': array([-1.5103295 ,  1.1733164 , -1.1424625 , -2.3148503 , -0.36788544,
        3.470433  , -3.3712227 ,  0.47422054, -1.8041705 , -0.16609561,
       -3.9061482 ,  0.20897986, -1.8876395 ,  2.6452787 ,  0.6092656 ,
        1.965275  , -0.4504314 , -1.6177716 , -2.3159645 ,  2.4475663 ,
        1.9486948 , -4.1584244 ,  2.4693503 ,  0.20545375, -3.390852  ,
        0.13863717, -1.6987566 ,  3.4082518 , -2.0664217 , -3.122659  ,
        1.7220823 ,  1.4669782 ,  3.1988378 ,  1.4750375 , -2.0238023 ,
        1.4830456 ,  3.326111  ,  1.4945374 , -0.91033894, -3.5916257 ,
       -1.6132275 , -1.628498  , -2.8431134 ,  2.9056227 , -0.8403857 ,
        1.8780788 , -2.5853164 , -1.6211971 , -3.9982257 , -0.8079493 ,
       -2.1936784 , -2.8018434 ,  1.7342725 , -1.0981593 , -0.6307152 ,
       -1.1764318 , -1.5039552 ,  2.4760225 , -3.875748  , -3.3806677 ,
       -3.213317  , -2.5244792 , -0.4037833 ,  2.485591  , -2.500155  ,
        1.9192524 ,  0.20069122, -2.7920642 , -1.5547705 ,  1.0532724 ,
        1.792957  ,  0.96326923, -1.8047684 , -2.619227  , -5.514506  ,
        1.3838785 , -0.3238168 ,  0.6392603 , -1.431999  ,  3.1489527 ,
        1.3223606 ,  1.8552722 ,  3.8756325 , -0.538934  ,  2.6050394 ,
       -4.3121653 , -0.5721705 ,  1.2222595 ,  0.45139894, -1.8935955 ,
       -1.5119214 ,  1.8383416 ,  1.584546  ,  1.926994  ,  0.06201048,
       -3.739637  , -2.7669768 ,  2.5903637 ,  2.2777102 , -1.7049177 ,
        2.462323  ,  3.491298  ,  3.7476404 , -2.9417026 , -1.868489  ,
       -2.7577763 , -0.8129778 , -0.17791702,  1.6969634 , -3.3770921 ,
       -3.1727543 ,  3.514175  ,  4.7097383 ,  1.5356894 , -4.1472173 ,
        2.4746861 ,  0.5679799 ,  3.3284228 ,  2.2676933 , -3.6543324 ,
        0.42803237, -1.9457254 , -0.61042666, -3.0597138 ,  2.0506449 ,
       -0.33169004,  1.6116232 , -2.1989484 , -3.1736686 ,  1.0340124 ,
        2.203869  ,  0.24132684, -3.0240192 ,  0.5279893 , -4.203098  ,
       -0.84896773, -1.9373552 , -0.8040269 , -3.4038231 , -1.124705  ,
       -3.8986726 , -3.5812256 ,  2.7401345 , -3.046012  , -0.46446866,
       -1.5315635 ,  3.7903652 , -2.900384  ,  0.999563  ,  0.15207313,
        0.37072518,  0.19726047,  2.2031608 , -2.4808815 ,  1.3897429 ,
        0.52036   ,  1.5665736 ,  1.3825461 , -3.6026316 ,  1.9978442 ,
        0.3422652 , -2.7435079 , -0.54915476, -0.8919088 , -3.9655037 ,
        4.3619113 ,  1.4616768 ,  3.3136137 ,  3.2479675 , -0.40105233,
        2.5139103 , -1.6484928 ,  1.8563935 , -2.8645203 , -2.5963879 ,
       -1.4626675 , -2.9700682 ,  0.6720647 ,  3.1500392 , -2.4606774 ,
        1.8517673 ,  1.7823466 ,  2.159981  ,  2.9837854 ,  0.903828  ,
       -2.5813093 , -0.8229366 ,  0.26207545, -1.1647494 ,  2.0246258 ,
       -2.6129534 ,  1.3320094 , -0.7142317 ,  3.0933514 , -1.1995577 ,
        3.1832228 , -1.1517838 ,  1.0837687 , -1.4758654 ,  0.11669847,
        1.6279582 ,  3.6299093 , -1.1120095 , -2.712839  , -1.2692828 ,
       -1.3240058 ,  2.532113  ,  1.2915909 , -0.07871392, -0.11249515,
       -1.3716247 ,  2.9676282 , -3.4839494 , -1.5728332 ,  0.07720916,
       -1.4400141 , -3.0607321 , -2.2961743 , -0.95288056,  1.725977  ,
        3.6306624 ,  2.0130413 ,  0.9696488 ,  0.42152297, -4.099531  ,
        4.297025  ,  0.44797787, -2.8480585 ,  4.514805  ,  0.12773617,
       -4.5067205 ,  0.0691529 ,  2.9526377 ,  3.8285494 ,  2.083342  ,
       -0.09727756, -2.8552303 ,  0.8472657 , -1.9217722 ,  0.5667668 ,
       -1.017647  , -0.2400983 ,  2.164933  , -3.5602503 , -2.244717  ,
        0.9218178 ,  0.85523957,  1.7763597 ,  2.9194853 ,  0.95984423,
       -3.1631732 , -3.4093137 , -3.5778282 , -1.0538988 , -2.6158466 ,
       -2.7527146 , -0.08183865, -0.11132374,  3.4221861 ,  0.7910138 ,
        2.6899998 ,  1.9600819 ,  1.224137  ,  2.593113  , -2.0600913 ,
       -2.9948225 , -2.9486032 , -3.4850473 , -4.094155  ,  0.84294456,
       -2.8467817 ,  2.4373026 , -3.1404593 ,  3.6444867 , -0.679217  ,
        4.185361  , -0.72958726, -2.5981464 ,  2.5646162 ,  1.4329063 ,
       -2.4507685 ,  1.552796  , -0.95818496,  1.7849756 ,  0.4427371 ,
        1.9820452 ,  2.2593677 ,  0.4150159 ,  3.091106  , -0.01121162,
        1.7474846 , -1.5966326 , -3.646959  ,  0.5428981 , -4.824652  ,
        2.8427832 ,  1.0953417 ,  0.42435396,  1.2169224 , -0.8170569 ,
       -0.12123913,  3.138562  , -2.6125178 , -1.3264065 ,  3.180361  ,
        1.3132503 ,  2.700734  ,  0.7143509 , -1.7031527 ,  3.591163  ,
        1.9144546 , -5.198731  , -2.9540572 , -1.6784904 , -0.14590874,
        2.1912742 , -1.3413891 ,  2.649867  , -2.531145  ,  2.0315342 ,
        2.3111174 ,  1.9460875 ,  1.2647086 , -0.5317047 , -1.7722657 ,
        1.0059268 ,  1.0851305 ,  1.4144475 , -2.4740515 , -2.482389  ,
        2.9555047 , -2.5185719 ,  2.301376  , -1.5641747 , -4.0687923 ,
       -2.8458858 ,  2.8403978 , -0.61677676, -4.196011  ,  0.8935138 ,
        3.3692777 , -2.9412346 ,  1.9135038 , -1.8200998 , -2.225146  ,
        2.843528  , -2.3530328 ,  0.08855287, -2.7961133 , -0.48364204,
       -0.22782134, -0.90870106,  0.43208155, -0.02803259, -0.02141119,
       -2.0802665 ,  3.0479395 , -2.9421222 ,  2.9565365 ,  0.88514155,
       -3.7873368 ,  1.7411739 , -2.0899215 ,  3.2539525 ,  1.6733447 ,
        0.9465038 , -1.9848056 , -0.7182907 ,  3.4551935 ,  4.0903783 ,
        1.7707996 ,  2.4958785 ,  0.33705   ,  3.6613371 , -2.389856  ,
       -3.1597617 ,  2.1370072 , -2.308429  ,  3.1805394 , -1.4804432 ,
        0.54784536, -2.671523  , -1.4912199 , -2.7775185 ,  2.4890347 ,
       -2.557667  ,  2.8164527 ,  2.7571623 , -3.1343544 ,  2.6536765 ,
        1.5635399 , -1.0619113 , -2.939326  ,  2.527084  ,  0.0367509 ,
       -0.08538225,  1.950168  , -3.535515  , -3.8482866 ,  3.8139286 ,
       -1.8044199 ,  2.1636639 ,  2.9579859 , -2.5789244 ,  2.1802669 ,
        0.51222247,  1.2514089 ,  2.3487291 , -1.4405847 , -2.3862987 ,
       -1.4178462 , -1.1627715 , -2.7592802 , -4.4890122 , -4.096561  ,
       -1.1172464 ,  2.2444277 , -0.1667814 ,  2.5599117 ,  2.3149931 ,
       -0.72557044,  0.853333  , -2.1193461 , -0.8325474 ,  1.9918662 ,
       -1.840611  ,  3.3383799 , -0.7394676 , -2.5717127 ,  1.3581295 ,
       -1.6448978 ,  3.413176  , -0.20385402,  0.6687699 , -2.8260238 ,
       -0.7508535 ,  2.3773067 , -0.95541453,  2.9513714 ,  1.9031608 ,
       -0.5893614 , -1.9337581 , -1.6118469 , -2.0027184 , -2.401675  ,
        1.9295151 ,  2.2793553 ,  0.73905206, -0.14313665, -3.7509766 ,
       -1.5478201 ,  0.44913745, -0.37636068, -2.1700041 , -3.2211642 ,
        2.0393462 ,  3.1591983 , -2.1676388 ,  1.8837587 , -3.7725062 ,
       -0.6553053 , -4.5692987 , -3.1996927 ,  2.775874  , -1.4913843 ,
       -1.1940355 , -1.4832507 , -0.8899791 , -0.41800672, -3.9316115 ,
        1.7655677 , -4.169339  , -2.1486094 ,  2.3738413 ,  2.214255  ,
        2.9077685 ,  1.2554517 , -0.6349588 ,  0.77219087,  1.1085078 ,
        1.4878813 ,  1.8287696 , -2.9513373 , -0.5030619 , -3.9936364 ,
       -2.0597472 , -3.4900808 , -4.057021  , -4.204158  , -1.2854065 ,
       -3.4824646 , -2.0978436 ,  2.6923604 ,  0.9524423 ,  0.3841007 ,
       -3.055659  , -3.2479534 ,  3.6671002 ,  2.604028  ,  2.5793066 ],
      dtype=float32), 'decoder.6.weight': array([[ 2.5717483 , -1.1551509 ,  5.941043  , ...,  6.4400554 ,
         6.6469674 ,  1.377892  ],
       [-1.337251  ,  1.5137708 , -2.9760685 , ...,  3.0847585 ,
         1.181564  ,  0.9773621 ],
       [-3.0955946 ,  3.6298747 , -3.574575  , ..., -0.3262926 ,
         2.318099  , -1.2541811 ],
       ...,
       [ 0.5298744 ,  2.8310547 ,  2.3874545 , ..., -1.8400589 ,
        -1.7462369 , -2.2608497 ],
       [-1.8255122 , -1.4368175 , -3.032174  , ..., -2.63682   ,
         2.8953226 ,  0.3304206 ],
       [ 1.8442991 ,  0.4616443 , -3.6751413 , ...,  0.06797008,
         1.0223699 , -1.9290699 ]], dtype=float32), 'decoder.6.bias': array([-0.8808215 , -1.0652    , -0.7850924 , ...,  0.61838317,
        2.9790308 ,  1.8623253 ], dtype=float32)}
[Time: 15.01.25 11:54:35] [Level: info] [State: aggregate] {'encoder.0.weight': array([[-1.1140786 ,  0.12871055,  0.22516355, ..., -0.86784494,
         0.6520864 ,  0.46986485],
       [ 0.25923905,  0.7476632 ,  0.71436316, ...,  0.37889248,
        -0.56442475,  1.0865676 ],
       [ 0.4962549 , -0.5141195 ,  0.1441494 , ..., -0.09278367,
        -0.7704707 , -0.24262005],
       ...,
       [-0.5830958 ,  0.16213652,  0.14916234, ..., -0.23422761,
         0.18665451, -0.81060547],
       [ 0.20272402,  0.62788737, -0.3338205 , ...,  1.1935574 ,
        -0.52522093,  0.7496641 ],
       [ 0.74770874,  0.84118587,  0.24042802, ...,  0.26676136,
         0.5354586 ,  0.24449049]], dtype=float32), 'encoder.0.bias': array([ 3.59015316e-02, -7.01848388e-01, -5.22385120e-01, -3.44275624e-01,
       -8.18303227e-01,  7.06071705e-02,  6.29610896e-01, -8.47085655e-01,
       -1.18857004e-01, -1.10456717e+00, -6.05241299e-01, -7.84038663e-01,
       -3.25917244e-01,  5.31799614e-01, -1.09990728e+00,  4.36977178e-01,
        8.20032656e-01, -1.22407115e+00,  1.40194878e-01,  8.36659729e-01,
        5.59224308e-01, -9.13835883e-01, -5.91609597e-01, -8.35745692e-01,
        1.66400701e-01, -9.08784389e-01, -1.25379694e+00, -3.71582359e-01,
        5.09704053e-01, -4.71870512e-01,  7.88416266e-02, -3.56258661e-01,
        6.45706534e-01, -8.51935685e-01, -7.72145510e-01, -7.91373491e-01,
       -1.00554240e+00,  5.55216856e-02,  3.36907775e-04,  5.07575214e-01,
       -8.76600072e-02, -5.71253181e-01,  4.18482959e-01,  4.69764411e-01,
        4.15138006e-01,  6.99048042e-01,  1.38115060e+00, -2.82771379e-01,
        4.82167304e-01, -7.63607085e-01, -1.16868865e+00,  2.01125413e-01,
        4.62123990e-01, -1.82307661e-01,  7.10227430e-01,  9.26138833e-02,
       -5.85948288e-01, -6.25648618e-01,  5.62157571e-01, -8.46462309e-01,
       -1.10953915e+00,  3.71369720e-01,  4.46951687e-01,  4.26235497e-01,
       -1.29855633e-01, -3.95240605e-01,  7.55008638e-01, -1.02292228e+00,
       -5.31346917e-01, -7.73526192e-01, -9.30833369e-02,  6.76844046e-02,
        3.97131205e-01, -3.95249844e-01, -5.00228345e-01,  3.56177330e-01,
       -8.75020683e-01, -1.17410815e+00, -8.08212161e-01,  4.68394488e-01,
        8.13237190e-01,  4.62033927e-01,  8.01002860e-01, -4.17163670e-01,
        6.23941541e-01, -1.13364029e+00, -2.29822360e-02, -4.50971097e-01,
       -5.57960391e-01,  4.12635177e-01, -4.07777131e-01,  6.28645480e-01,
       -1.50379047e-01, -1.01307876e-01,  4.41108048e-01,  6.25726163e-01,
        6.35189891e-01, -3.43691379e-01, -2.21837834e-02,  7.46804595e-01,
        4.58309762e-02,  3.01032886e-02, -1.05609310e+00, -1.19646680e+00,
       -8.99148345e-01,  1.67043924e-01, -5.09047687e-01, -6.95448160e-01,
        3.65498453e-01, -1.13745928e+00, -6.94734633e-01, -1.03666627e+00,
       -9.16490257e-01,  1.78222016e-01,  6.23503983e-01, -2.52591252e-01,
       -8.96906704e-02, -8.99426222e-01, -8.27301264e-01, -6.01632833e-01,
       -6.66070223e-01, -9.63776529e-01,  8.92644405e-01, -7.00102627e-01,
       -5.89648068e-01, -2.34517992e-01, -5.19005597e-01,  4.92642194e-01,
        3.59008491e-01, -6.28029466e-01,  3.64127845e-01,  5.94512522e-01,
       -1.17443848e+00,  1.06184483e+00, -1.02282263e-01, -7.01825321e-01,
       -1.21388566e+00, -4.14776832e-01, -7.65612200e-02,  3.14531028e-02,
        1.01658292e-01,  7.72776008e-01,  2.34290361e-01, -8.06619704e-01,
       -2.79875308e-01, -3.66259396e-01,  3.56471717e-01,  4.20787454e-01,
       -3.52148652e-01, -2.58531988e-01,  8.18872988e-01, -1.10107672e+00,
       -5.92843667e-02,  6.28694415e-01,  5.11995316e-01, -1.02706015e+00,
       -7.53339708e-01,  4.33121622e-01, -5.57138622e-01, -4.63713437e-01,
       -8.12358081e-01,  9.17111278e-01, -1.18033183e+00, -6.47230268e-01,
       -1.05555594e+00,  1.83142617e-01, -1.14449382e+00, -8.93590391e-01,
       -1.21269011e+00, -4.24608707e-01, -5.70059896e-01, -1.18183017e+00,
        2.30408132e-01, -1.81735486e-01, -9.48246896e-01,  7.96412587e-01,
        5.45033991e-01, -3.15608114e-01,  4.78804678e-01, -2.73515403e-01,
        1.40927121e-01,  1.15508176e-01, -5.62747791e-02, -1.28026104e+00,
        5.82718968e-01,  3.42274278e-01, -9.78408396e-01,  5.94365239e-01,
        6.84914112e-01,  6.28921330e-01, -7.33714581e-01,  1.20028168e-01,
       -1.24244452e+00, -5.56460798e-01, -1.59719062e+00, -1.26068369e-01,
       -5.06474793e-01, -6.35275722e-01, -5.95116913e-01, -3.64247501e-01,
       -3.73487800e-01,  9.12738085e-01,  2.61716366e-01, -1.14030898e+00,
        8.06270480e-01, -1.13330472e+00,  6.91347837e-01,  9.97676253e-01,
       -2.99109221e-01,  5.61786652e-01,  3.17287385e-01,  6.83263123e-01,
        2.87855238e-01, -8.73752415e-01, -9.19862628e-01, -7.96229899e-01,
       -6.84445724e-02, -8.69987607e-01, -7.60215640e-01, -4.97730255e-01,
        2.66929388e-01,  3.88566673e-01, -7.61729896e-01, -4.41190153e-01,
       -4.33228761e-01,  6.12945616e-01, -9.63356793e-01, -6.65470779e-01,
       -9.36176121e-01, -5.74182987e-01, -1.22670257e+00,  4.91107196e-01,
       -3.11940491e-01,  1.44672871e-01, -7.46567369e-01,  5.31862199e-01,
        1.01703934e-01,  6.04429483e-01,  1.26233101e+00, -6.06590688e-01,
        4.42643791e-01, -9.55414712e-01,  7.22240090e-01,  2.09971711e-01,
       -9.42825735e-01, -1.25716507e+00, -5.20219266e-01, -1.05831647e+00,
       -9.52898085e-01,  1.76135018e-01,  5.69847152e-02, -4.50516462e-01,
       -5.96743636e-03, -8.85619745e-02, -2.77161211e-01,  2.25524276e-01,
        3.35712850e-01, -1.22396076e+00,  5.08340001e-01,  8.24362934e-01,
        8.87702167e-01, -9.03661072e-01,  2.50797689e-01, -6.27201378e-01,
       -4.66966689e-01, -2.26156175e-01, -1.05631733e+00,  5.99166453e-01,
        4.49552655e-01, -8.56743217e-01,  7.21178651e-01, -1.06831181e+00,
        1.97144210e-01, -4.34598148e-01, -1.21461892e+00,  3.56646776e-01,
       -1.27147388e+00,  8.27942073e-01, -8.25892925e-01, -1.17432022e+00,
        7.36848950e-01,  5.53332806e-01,  1.88927248e-01, -1.35041088e-01,
       -1.22165608e+00,  6.00995183e-01, -7.76704609e-01,  5.13762891e-01,
        3.86484191e-02, -1.28862500e+00, -8.81628871e-01, -9.68663633e-01,
       -5.93204319e-01, -6.70233965e-01, -2.50626385e-01, -1.13904560e+00,
        7.49871373e-01, -7.38137543e-01,  5.16174614e-01, -8.55782092e-01,
        1.01469077e-01, -8.03852260e-01, -4.22210008e-01, -1.95704341e-01,
       -1.08394885e+00, -1.18717086e+00,  2.83713609e-01, -1.03394282e+00,
       -1.55539304e-01,  3.06606591e-01,  5.49277782e-01, -8.03818762e-01,
       -1.18882132e+00,  1.50977403e-01, -7.71555245e-01, -1.41307700e+00,
       -4.03665781e-01,  8.37342381e-01, -9.83430088e-01, -3.23735654e-01,
       -3.49994630e-01, -7.28163302e-01,  2.17204213e-01, -5.77475369e-01,
       -1.02837157e+00, -8.48470867e-01,  4.74124402e-01, -5.87208450e-01,
        2.82451183e-01,  7.30741262e-01, -3.17884773e-01,  4.05423522e-01,
       -5.39409637e-01,  9.02439594e-01, -1.39838740e-01,  2.09476456e-01,
       -1.05719231e-01, -6.02512777e-01,  7.31769025e-01,  1.76546842e-01,
       -1.07804739e+00,  6.50350749e-01, -5.12932301e-01,  4.34639692e-01,
       -4.00362134e-01,  6.66039705e-01,  8.24806511e-01,  1.69902053e-02,
       -8.48579764e-01,  1.84582517e-01, -1.17068946e-01,  4.37686443e-01,
       -8.14461291e-01, -2.12178707e-01, -1.01968801e+00, -5.01978397e-01,
        9.27333906e-02,  4.89531130e-01,  1.41518816e-01, -4.68096524e-01,
       -1.84961677e-01,  6.65096700e-01, -6.29136682e-01,  4.57787216e-01,
        5.10450780e-01, -5.64662337e-01,  5.49584448e-01,  6.32770658e-01,
       -4.90928710e-01, -1.05799818e+00, -4.58546400e-01, -1.87709466e-01,
       -5.95098615e-01,  4.31568503e-01,  6.11504376e-01,  6.20173812e-01,
       -1.31122664e-01, -2.44068995e-01, -6.79328740e-01, -6.41826272e-01,
       -8.61536860e-01,  5.42441428e-01,  3.79519731e-01, -3.09821516e-01,
       -4.54511255e-01, -3.56419712e-01, -1.60345867e-01,  6.80348814e-01,
       -9.45869982e-02, -1.35245025e+00, -6.04701579e-01,  2.65175760e-01,
       -9.07313749e-02,  1.26239657e-03,  3.00143480e-01,  6.97667420e-01,
        2.06043437e-01, -1.47187591e+00, -3.83613735e-01,  6.80691838e-01,
       -5.41384161e-01, -1.59001604e-01, -1.28559783e-01, -3.39142919e-01,
        2.76690334e-01, -6.34961128e-02,  5.08601125e-03,  7.72699416e-01,
        3.72810066e-01,  6.78114533e-01, -1.21665394e+00,  4.59132612e-01,
       -1.00399303e+00, -1.99272066e-01, -1.22254622e+00,  1.10052001e+00,
       -4.14508700e-01, -7.00341403e-01, -2.54434973e-01,  6.47574782e-01,
       -5.58224142e-01,  3.38615477e-01, -1.07965207e+00, -8.01117659e-01,
        3.68631631e-01,  5.01304388e-01, -3.46820980e-01, -1.25087166e+00,
        5.89236915e-01, -5.30510068e-01, -1.08147597e+00, -3.08977365e-01,
        1.43834218e-01, -1.78114459e-01, -1.01289845e+00, -1.00318289e+00,
        7.12785900e-01, -4.07259434e-01,  5.22373676e-01,  3.53135049e-01,
       -9.54455972e-01, -3.25917780e-01,  2.88917750e-01, -1.18577909e+00,
       -1.20070018e-01, -4.46873605e-01,  3.63529176e-01,  8.06469500e-01,
       -5.01716554e-01,  7.82108724e-01, -8.54922235e-01,  4.45026785e-01,
       -1.01425540e+00,  3.34088147e-01, -7.11300731e-01, -1.66888252e-01,
       -4.75002795e-01,  5.24588764e-01, -4.40465122e-01,  9.14843798e-01,
       -1.08095920e+00, -3.24815959e-01, -1.69201702e-01,  3.39283556e-01,
       -1.09391105e+00, -1.26520360e+00, -6.33645773e-01, -8.00792575e-01,
        5.93573228e-02, -1.05264115e+00, -9.00878131e-01,  4.02086347e-01,
       -9.46404338e-01, -1.06005073e+00,  2.06975520e-01, -4.42673326e-01,
       -5.70067465e-01, -7.52896145e-02, -1.06207478e+00, -3.66124809e-01,
        8.51448655e-01, -9.92000878e-01,  2.25301296e-01, -4.55380767e-04,
       -9.12850082e-01, -8.18496108e-01,  7.92633295e-01, -3.84458512e-01,
       -6.66218638e-01,  4.93785664e-02, -1.17008008e-01,  3.92857403e-01,
       -1.33915246e-01, -3.85329813e-01, -7.44806111e-01,  2.96812117e-01,
       -3.93195778e-01,  3.26371640e-01,  1.82090998e-01, -9.80343819e-01],
      dtype=float32), 'encoder.2.weight': array([[ 1.9254    , -1.8968288 , -2.4061508 , ...,  0.30623186,
         0.0680005 , -3.300232  ],
       [-1.8299868 ,  1.5758264 , -3.3897533 , ...,  0.12384494,
         1.077967  , -2.1765237 ],
       [ 3.0548978 ,  2.5153146 ,  3.5214844 , ...,  1.3136011 ,
         2.2668738 ,  1.7412881 ],
       ...,
       [ 0.4810038 ,  1.0158803 , -2.8682823 , ..., -2.0935638 ,
         1.5209355 ,  0.6064223 ],
       [ 2.6778646 ,  0.83556646,  2.1952608 , ...,  0.24610142,
         1.021831  ,  1.0521977 ],
       [ 3.3008685 , -3.5423195 ,  2.5663328 , ..., -0.8619366 ,
         0.07150912, -2.5858307 ]], dtype=float32), 'encoder.2.bias': array([ 2.7650778 ,  1.8564942 ,  3.242903  , -2.1347985 , -1.2760501 ,
       -4.198827  , -1.1140273 ,  1.1528548 , -2.6927075 ,  1.1582682 ,
        1.8103017 , -3.2662234 , -1.8413006 , -1.2909906 ,  1.4431965 ,
        2.5877266 , -1.1841534 , -3.3030236 ,  2.0103536 ,  1.4820969 ,
       -1.828988  , -1.5799346 , -2.8833694 , -1.0809555 ,  0.9327715 ,
        1.210164  , -0.4802109 , -2.6740253 , -3.1486816 , -2.6112416 ,
       -1.9240209 , -1.7360591 ,  1.3537022 , -0.79823434, -0.09847032,
        2.5229313 , -2.390091  , -1.2209173 , -2.4325345 ,  4.2591233 ,
       -2.5829136 ,  0.11901693,  1.8279195 , -1.8597806 , -0.36727974,
        1.7314752 ,  1.8553518 ,  0.14908212, -2.0902867 , -1.7211326 ,
       -0.41666695, -0.402812  , -2.3988361 , -0.6851654 ,  0.42479572,
       -2.967446  ,  2.6171296 , -3.4739852 ,  0.09077895,  2.0037243 ,
       -1.9878395 ,  2.9095485 ,  3.131329  ,  0.22062965, -1.6103501 ,
       -0.6931731 ,  1.8053589 ,  3.4760084 ,  0.02120532, -2.9010744 ,
        3.1915863 , -0.8017224 , -2.4255693 , -1.8943537 ,  2.8527393 ,
       -0.21175419, -1.6385578 ,  0.2537876 ,  1.8267651 ,  3.140679  ,
       -4.0336413 ,  2.2588012 , -1.3518015 ,  2.3819952 ,  2.5304208 ,
       -2.7837484 , -0.71830493, -1.867677  ,  0.66298443,  1.3870357 ,
       -1.7690006 ,  3.5187674 , -0.57642835, -1.9315252 , -3.2172575 ,
        0.8253363 ,  1.9884995 ,  0.03695972, -2.5048614 , -0.41162115,
        1.2398955 ,  1.7216406 ,  3.4499528 , -2.255254  , -0.04216418,
        0.9979819 ,  2.9585247 ,  0.0811279 ,  0.37424666,  2.12673   ,
        1.8391851 , -0.53391623, -3.930704  ,  3.5385768 ,  2.826781  ,
        2.240496  , -1.8015598 , -2.4310539 , -0.28653002,  0.2828874 ,
        0.33021167,  0.21566951,  2.836238  , -0.25982082, -0.44870168,
        1.226945  , -3.194724  ,  2.4498982 ,  1.5901972 , -3.9187782 ,
        1.817813  , -1.9361217 ,  2.6633267 , -3.1359906 , -0.60196775,
        1.1039276 ,  1.5271076 ,  2.0363123 ,  1.2986331 ,  2.761799  ,
        0.2543303 ,  1.0927728 ,  1.1184577 , -0.13063267, -0.657079  ,
       -3.543768  , -0.19087169,  1.3715295 , -2.1609497 , -2.5525045 ,
       -0.48429805,  0.2501336 , -1.7887383 ,  3.1431472 , -0.10570484,
       -3.7984526 ,  1.8236167 , -1.598024  ,  3.4503694 , -1.4386625 ,
       -0.38369796, -4.2231054 , -0.21390745, -1.0041505 ,  1.9072249 ,
       -1.096615  , -1.1234434 , -2.7820163 ,  1.6208972 ,  0.96778   ,
       -3.046321  ,  1.0790943 ,  2.3122516 ,  0.06394763, -1.4387715 ,
       -1.2147894 , -1.372642  , -1.6346134 ,  0.14007881,  1.8430195 ,
        2.2144692 , -0.3823326 , -0.17603774, -3.7336576 ,  1.9605035 ,
       -0.633733  ,  2.7231846 ,  1.3287331 , -3.4573283 , -3.4893098 ,
        1.8240856 ,  0.43493098,  1.1937828 ,  0.31870034, -1.7899331 ,
       -2.6901639 , -0.4365249 ,  0.5611051 ,  0.4693996 ,  0.85690576,
       -2.4988685 , -2.177792  , -2.4588337 , -0.32444417,  2.16226   ,
       -0.5025698 ,  0.21143658, -1.2687763 , -2.3817246 , -1.4433545 ,
        1.6971176 ,  0.2711696 , -0.05594953,  2.8547096 ,  3.2047696 ,
       -3.9993165 ,  2.6422691 , -1.6852672 , -3.37532   ,  0.5085239 ,
       -3.3883908 ,  1.3806603 ,  1.4033996 , -2.3380616 , -2.64769   ,
       -0.5026874 ,  0.92458093,  2.6772044 ,  1.5985498 ,  0.62131864,
        2.7517862 ,  2.6261127 ,  1.9142736 , -3.7735775 , -0.61953956,
        0.5807508 ,  0.7481033 ,  0.06762933, -2.7592223 , -2.5031748 ,
        2.6614714 ,  2.2957563 ,  0.6624743 ,  1.0697672 ,  2.6639438 ,
        1.9282267 ,  1.5456614 ,  3.2455318 , -1.0460004 , -2.517379  ,
        0.3907761 , -0.38607416,  3.0543299 ,  2.7805548 , -0.96975875,
        0.36224964,  2.1015515 , -1.6487066 ,  0.7672385 , -1.0510515 ,
        0.22630617,  0.03185657,  0.21073596,  1.9093047 , -0.7726046 ,
        2.7927911 ,  0.22999336,  0.01020455, -0.0352799 ,  0.21518767,
        3.0174613 , -3.5909336 , -2.8069048 ,  1.1833824 , -0.92345023,
        2.9023488 ,  2.3530517 , -3.9213793 ,  2.4857857 ,  0.6794747 ,
       -1.662023  , -1.7559992 ,  0.8733309 , -2.1581857 , -3.3069215 ,
        2.446286  ,  2.3982224 , -3.507876  ,  2.0946572 , -0.75972956,
       -3.7525117 , -1.4110503 ,  2.8164866 , -0.03110253, -1.2619596 ,
       -1.3086909 ,  1.3932332 ,  3.5428662 , -0.684563  ,  0.62222975,
       -1.3299407 ,  2.5198216 , -2.7342165 , -3.313319  ,  1.9088078 ,
       -3.4881763 ,  0.52984697, -0.75153494, -3.4208786 ,  1.4294794 ,
       -1.6482718 , -3.7779875 , -4.029623  ,  1.003182  ,  1.9297185 ,
        1.4376143 ,  1.7578452 , -1.597528  ,  3.122576  ,  0.470836  ,
        3.8964558 ,  2.2602344 , -1.7773777 ,  0.9809421 ,  0.7295922 ,
        2.2940104 ,  0.04404363, -0.01049472, -1.4311124 , -2.6700048 ,
       -3.241439  ,  1.3243836 , -3.1905115 ,  0.8263097 , -0.41751552,
        2.8815815 , -0.43017825, -0.38222048,  2.002831  , -3.1398423 ,
        2.3292308 , -1.9474705 , -0.9074615 ,  1.1736797 ,  0.24811806,
        1.9620737 , -1.768892  ,  1.3489622 ,  1.9006492 ,  2.6183338 ,
        2.2468164 , -2.2724807 ,  0.4306365 , -1.7394971 , -2.5245337 ,
       -2.2593732 , -2.8015823 ,  0.88650876, -1.3166933 , -0.8798987 ,
        1.6021303 , -0.40481493, -1.7354941 , -3.0637016 , -3.5390384 ,
       -1.643261  ,  0.04265267,  0.45109197, -1.148383  , -3.6820946 ,
        1.3569273 ,  2.1215088 , -1.1214381 ,  2.0353951 ,  1.8392484 ,
        0.89746344,  1.3448946 ,  3.141398  , -2.4948092 , -0.09313422,
       -2.2032378 ,  2.8722544 ,  1.4040805 , -1.5550604 ,  3.0730991 ,
        2.110562  , -2.7850587 ,  2.5040567 ,  0.4100009 , -2.3235152 ,
        2.669147  , -1.2070788 ,  2.633072  ,  1.1913503 ,  1.9558014 ,
        1.0179231 ,  2.7233996 , -3.831747  , -2.008374  ,  2.9330137 ,
       -0.4751397 ,  1.6240754 ,  2.6904175 ,  1.1259167 , -1.2739289 ,
       -3.1890814 ,  1.2064309 ,  2.2892425 ,  1.4327644 , -3.047536  ,
        1.6154987 ,  1.0844195 , -0.7869358 ,  0.8032843 ,  1.3841879 ,
       -3.0110667 , -0.22008076, -0.8769136 ,  2.9426334 , -0.19673048,
        0.42934555, -0.3811937 , -0.25191435,  1.8438531 ,  2.299322  ,
        0.08064494,  2.3454635 ,  1.3477329 , -1.1398672 ,  1.0064363 ,
       -3.4537613 ,  1.9088471 , -0.17621158, -2.2001095 ,  0.7581848 ,
       -1.3168328 , -2.0155878 , -0.02487074, -2.6727307 , -0.31130412,
        3.4878821 ,  3.5445986 ,  2.8768451 , -0.38426745, -0.4159263 ,
       -3.1658883 ,  3.0077088 , -1.017107  , -2.7222397 , -1.1436893 ,
        2.770812  , -1.1901425 , -0.66534567, -2.2490063 ,  0.32213834,
        0.17574783, -0.7510737 , -1.2657264 ,  3.520073  , -3.250647  ,
       -2.8717215 ,  1.2998401 , -1.8180088 ,  3.5245085 ,  2.6000443 ,
       -0.02199913, -3.1930642 ,  1.3415569 ,  1.908533  , -1.7076974 ,
       -2.4800594 , -0.02876602,  1.9419993 ,  1.3831012 , -3.4279377 ,
       -0.44351825, -0.9681536 , -3.4454024 ,  3.3952684 ,  2.8502612 ,
        3.4023266 , -0.5995755 ,  0.8301827 ,  1.0235467 ,  1.3034151 ,
       -3.978114  , -2.7317128 ,  1.3307742 , -1.4463949 , -1.6851282 ,
       -4.0185847 ,  3.0582402 , -2.277154  ,  4.0196786 , -3.4355252 ,
        0.24399841, -3.2367072 ,  1.3651315 ,  1.1912158 , -3.1569953 ],
      dtype=float32), 'encoder.4.weight': array([[-2.496364  , -2.857905  , -2.9512763 , ...,  2.9774704 ,
         1.3407559 , -2.2458968 ],
       [-0.11815924, -2.7702816 , -3.8349304 , ...,  2.2363644 ,
        -1.3521546 , -2.211164  ],
       [-0.54267216,  2.0184608 ,  1.419748  , ...,  3.4682517 ,
         3.122101  ,  1.0777953 ],
       ...,
       [-3.5263774 ,  2.220892  ,  1.8266474 , ...,  2.679456  ,
         2.0866745 , -2.5889554 ],
       [ 0.8111265 ,  2.8397667 , -1.8423804 , ..., -3.2801547 ,
        -0.99591035, -0.19503093],
       [-3.4118738 ,  3.046576  , -3.214303  , ..., -1.5893373 ,
        -3.5768402 , -2.9785771 ]], dtype=float32), 'encoder.4.bias': array([-3.1443677 ,  0.09487201,  3.5012393 , ...,  2.519501  ,
       -1.9916099 , -3.4213614 ], dtype=float32), 'encoder.6.weight': array([[-0.56513715, -1.241828  ,  1.1124649 , ...,  0.68729717,
         0.43494564, -0.88947964],
       [ 0.9856555 ,  1.0820031 ,  1.2660403 , ..., -1.1289634 ,
         1.264252  ,  1.4209629 ],
       [-1.2599894 , -0.91069937,  0.9494891 , ...,  0.5864485 ,
        -0.7484245 , -0.09410018],
       ...,
       [-0.89401335, -1.6032361 , -0.3060872 , ..., -0.3080184 ,
         0.8764344 , -0.1551152 ],
       [-1.080408  , -0.9902307 , -2.2747765 , ...,  1.6386495 ,
        -0.9471102 ,  1.302854  ],
       [-0.8264371 , -0.7748386 , -0.7631045 , ...,  0.2181886 ,
        -1.3973345 ,  1.3095082 ]], dtype=float32), 'encoder.6.bias': array([-0.4346712 ,  0.06025964,  0.869778  ,  0.54750395, -0.90940195,
       -0.442897  , -1.2844099 , -0.8331205 ,  0.9998933 , -0.0368693 ],
      dtype=float32), 'decoder.0.weight': array([[-11.402693  ,   0.7960551 ,  -5.8025084 , ...,  18.022085  ,
         23.84515   , -10.188255  ],
       [ -6.6597157 ,  -4.1233273 ,  -9.641891  , ..., -17.002178  ,
        -19.132835  ,  22.523117  ],
       [-14.373064  ,  -8.733498  ,   6.9412465 , ...,  -3.416871  ,
        -12.25349   ,  13.654434  ],
       ...,
       [ 11.760038  ,  -6.0129094 ,  19.708853  , ...,  10.535887  ,
        -10.697644  ,  19.256329  ],
       [-24.063997  ,   2.368     , -20.808573  , ...,  -5.7423863 ,
        -12.216444  , -24.526045  ],
       [ 25.274132  ,  25.44121   ,  14.136962  , ..., -10.028764  ,
          6.2487106 ,  -0.20971633]], dtype=float32), 'decoder.0.bias': array([-26.03983  ,  -6.6936913,   0.5727948, ...,   0.9067699,
        -4.599237 ,  14.081791 ], dtype=float32), 'decoder.2.weight': array([[ 1.1935629 ,  0.7059426 , -1.2931681 , ...,  1.0726262 ,
         0.65851706,  1.0471622 ],
       [ 0.17262265, -0.21206889, -0.5596629 , ..., -0.78894836,
        -1.0734935 ,  0.5564916 ],
       [-0.30466306,  0.41380468, -1.5129057 , ..., -1.0758196 ,
         0.6461859 ,  0.6760117 ],
       ...,
       [-1.3034946 , -1.3597014 ,  0.52757424, ...,  0.88456196,
        -1.3732142 ,  1.6060234 ],
       [-0.598984  , -1.8325565 , -0.07028706, ..., -0.93402326,
         1.2500502 ,  0.48618194],
       [-2.1390963 , -1.8167527 ,  0.57167745, ...,  0.15496467,
        -1.2620001 , -2.0260425 ]], dtype=float32), 'decoder.2.bias': array([ 0.4981702 , -1.0978893 , -1.1611781 ,  0.46510902, -0.66539884,
       -1.9401162 , -0.76154315,  0.20665413,  1.457107  ,  0.65405214,
       -2.273418  , -0.3165323 ,  0.09786413,  1.3890878 ,  0.28861064,
        0.02552074, -0.723378  , -1.5458548 ,  0.7990582 ,  0.0026356 ,
        0.29236424, -0.613725  ,  0.50532514, -0.427167  ,  0.14136931,
        1.28233   , -1.8428097 , -0.1388675 , -1.7255056 , -1.223809  ,
        1.1426802 , -1.6389558 ,  1.6002214 ,  0.93939894,  1.5489682 ,
       -1.1406511 , -1.7228765 ,  0.6297998 ,  0.02170323, -0.6140937 ,
       -1.0887177 , -1.4875441 ,  1.038107  , -1.7434579 ,  0.3027751 ,
        0.99410117,  0.09321547, -0.57862854, -1.7380002 ,  1.1834533 ,
        1.0290576 , -1.398122  , -0.38527882,  0.99231803, -1.5489117 ,
       -1.7620393 , -1.1826469 , -0.06410153,  0.40966442, -0.31283402,
       -1.6578511 ,  1.4448814 ,  0.1464632 ,  0.28947023, -1.5205028 ,
       -1.8084472 ,  0.5159839 , -1.0874394 , -1.0654689 ,  1.0869421 ,
        2.1703272 ,  0.0606866 ,  0.68298066, -0.29918534,  0.8874937 ,
       -0.63106626, -1.9794418 , -2.0316834 ,  1.5443807 ,  1.1886176 ,
        1.1564149 , -1.5466646 , -2.0347488 , -1.6698177 ,  0.97717696,
       -1.7860098 ,  0.43920946,  0.4317988 , -0.13533986, -0.2891657 ,
        0.47661233,  0.74255013,  0.9054515 , -1.7537878 , -1.1394365 ,
       -1.6656365 , -1.3381329 ,  1.0081896 , -0.8635474 , -1.4766656 ,
       -0.7169917 ,  0.01401654, -0.8644275 , -1.6102848 , -0.39958152,
       -1.8516028 ,  0.85780674, -0.3197327 , -0.7475426 , -0.632205  ,
        0.15167587,  0.7129172 , -1.3432193 , -1.8850458 , -0.48899567,
       -0.82842433, -1.2244698 ,  0.67924654, -1.9182919 , -1.8059926 ,
        1.2777697 ,  1.6908246 ,  1.4631073 , -1.24389   ,  1.6701047 ,
        0.31899184, -1.7592207 , -1.2012234 ,  1.4614565 ,  0.54415846,
        1.4399734 , -1.7218057 ,  0.15180074,  1.3985076 , -0.84677607,
        1.4371291 ,  0.24690425, -0.71514857, -1.7536265 , -1.5496111 ,
        1.7670566 ,  1.2628502 , -1.8327032 , -0.5164436 ,  0.36471942,
        1.551199  ,  0.9856355 ,  0.43964872,  1.1246744 , -1.1346709 ,
       -1.8831275 , -0.4671013 ,  1.5295296 , -1.1031301 , -1.4243699 ,
        0.14034005, -1.3479587 , -0.6333226 , -1.7065568 ,  0.19441365,
       -0.8407382 ,  1.3386536 ,  0.95099527, -0.33863157,  0.6496198 ,
        1.3598489 , -1.345195  ,  1.8986984 ,  0.16630074,  1.3697153 ,
        0.18370959, -0.16102332,  0.872636  ,  0.0627282 , -1.3220651 ,
       -1.8656199 ,  0.77287817,  0.72107935, -1.3101678 ,  1.0132736 ,
        0.05643033, -1.888911  ,  1.4346977 , -0.3372277 , -1.9638575 ,
        0.9355999 , -1.8692611 , -1.1794544 , -0.05981226, -1.7606229 ,
       -1.0295908 , -1.7518406 , -1.9894769 , -1.5514085 ,  0.02746174,
       -1.3947856 , -0.05684535,  0.9118532 ,  0.08070708, -1.6068178 ,
       -1.9794017 , -0.14077394,  1.5937365 ,  0.538439  , -1.7051985 ,
       -0.7560055 , -0.6604099 , -1.292762  , -0.31591618, -0.04210731,
       -1.915442  ,  0.44091275, -0.8835667 , -1.641874  , -0.6781815 ,
       -1.9285333 , -1.1791933 ,  1.4655448 , -0.43777463, -0.9719208 ,
       -1.230855  , -0.09358733, -0.96729565,  1.508216  , -1.5461358 ,
        0.6259997 , -1.8136089 , -1.1679256 ,  0.6953696 , -1.8044082 ,
       -0.15080395,  0.32275915, -0.8501513 , -1.5443575 , -1.633105  ,
        0.582098  , -1.0348374 , -0.9317535 , -1.1068387 , -1.2646648 ,
       -1.6901225 ,  0.31259507, -2.072417  , -1.1625049 ,  0.9668573 ,
        0.17532247, -0.05324171,  0.75552016,  1.5797012 , -1.0552807 ,
       -0.19906484, -1.2262853 , -0.03897655, -0.1273876 ,  0.9647378 ,
        1.2699356 , -0.60620046, -1.860325  , -1.4295118 , -1.5107785 ,
        0.31408942, -0.3978797 , -0.11957087, -0.8396235 , -1.5828552 ,
       -0.6790408 ,  0.02100761, -0.24239722, -1.2889941 , -0.64860296,
        0.6596406 , -1.7924719 ,  0.9112839 , -1.8198812 ,  0.5282138 ,
        0.6711435 ,  0.11150607, -1.23149   , -0.66481495,  0.08317342,
       -0.14497018,  1.0101168 , -0.00676044,  1.3514051 ,  0.71169436,
        1.1483928 , -2.0597582 ,  1.1006966 , -1.9396168 , -0.0087654 ,
       -0.705032  ,  0.55372024, -1.3525639 , -0.62073565, -0.5049026 ,
       -1.227197  , -1.267961  , -1.6272534 , -1.1085789 ,  0.4814597 ,
       -1.7536004 , -0.6073453 ,  1.012133  ,  0.8720089 , -0.08309911,
       -1.4668727 ,  0.594959  , -0.8028436 ,  0.6217533 ,  1.061653  ,
        1.4235424 , -1.6224213 , -1.0569686 ,  0.14051846, -0.4766921 ,
       -1.1296669 ,  1.1138856 ,  0.05123021,  0.49391675, -0.2566884 ,
       -0.7479285 , -1.3064986 , -0.7580197 , -1.0406955 , -0.5108626 ,
       -0.43999466, -2.0012949 ,  1.3743398 , -1.8106    , -0.07044884,
       -1.784612  , -1.1856973 , -1.2332617 , -0.42592007, -0.9050169 ,
        1.3591197 ,  1.1587166 ,  0.40971228, -0.6126799 , -1.0733631 ,
       -0.9416523 , -2.0167463 ,  0.09874863, -1.361898  , -0.2501214 ,
       -0.57978886, -2.0179806 , -2.2379103 , -0.44062042, -2.027744  ,
        0.07959692, -1.2842315 , -0.16890298,  0.29063937,  0.5328995 ,
        0.281639  ,  1.2569907 , -1.2773721 , -2.1292431 , -0.33854124,
       -0.83327025, -1.1501706 ,  1.3638943 , -0.04358005,  1.2803468 ,
        1.0520334 , -1.9201196 ,  0.52033013, -0.5235271 , -1.3696102 ,
        1.5387025 , -0.30221352, -1.3734498 , -1.3805662 , -0.9190786 ,
       -0.0547584 , -0.6248119 ,  1.1040987 , -1.0511914 ,  0.6701794 ,
       -1.3989768 , -0.7765074 , -0.9020779 , -0.78112423, -0.84197235,
       -1.7813287 , -1.1010871 , -0.8342992 ,  1.2337208 ,  0.25273243,
       -0.62003076,  0.5832843 ,  1.5557542 , -1.5972103 ,  0.23461841,
        0.6594435 ,  0.36790848,  0.9050898 ,  0.40782675,  0.06674556,
       -1.2114741 ,  1.0524415 , -1.5141032 ,  1.5628966 ,  1.159199  ,
        0.8803934 , -0.75477844, -1.2329031 ,  1.5813507 , -1.639121  ,
       -1.0597348 , -1.6045191 ,  1.3195665 , -1.5311147 , -0.5773887 ,
        0.23053348,  1.0835013 , -0.24162565, -1.3789237 , -0.4717652 ,
        0.5605691 , -1.7658361 , -0.2554381 , -1.4100682 , -0.5528593 ,
        1.0047983 , -1.1041679 ,  0.12243985,  0.0967468 ,  1.2814038 ,
       -1.4067867 ,  0.5757689 ,  2.3643513 , -0.27070117, -1.5978996 ,
       -0.8522558 ,  0.25806922, -0.21185184, -0.4139744 ,  1.0945194 ,
       -0.7136963 , -1.4782557 , -0.83954537, -1.597258  , -2.272913  ,
        0.475403  , -0.13060747, -1.2890476 , -0.9583948 , -0.01777274,
        1.2279    , -1.2785003 ,  0.20917065,  1.4204917 , -0.27128494,
        1.3666761 ,  0.17596112, -1.0050418 ,  0.6297965 , -0.4426236 ,
        0.06025132, -0.88265413, -0.01392414, -1.772841  , -1.629102  ,
        0.3379861 ,  0.63373244,  0.993561  , -0.53303707,  1.3980798 ,
       -0.65703773, -1.5546291 , -0.29749402,  0.98890775, -1.4580952 ,
       -1.3919486 ,  0.56106806,  0.8519853 , -1.3035356 ,  0.27014792,
       -0.26835257,  0.21992217, -1.1320423 , -1.8804073 , -1.3061388 ,
       -0.03161192,  0.36553127, -1.089164  , -1.153271  , -1.7064178 ,
       -0.18128994, -0.22023678,  0.13983457,  0.16585049,  2.0810642 ,
       -0.67410314,  0.9511429 , -2.0404246 ,  1.1067826 , -0.1848357 ],
      dtype=float32), 'decoder.4.weight': array([[ 3.4045005 , -1.265777  ,  1.4283773 , ..., -2.9662864 ,
         2.3249474 , -0.1973243 ],
       [ 0.04439564, -1.8708922 , -3.0354958 , ..., -0.29566556,
        -3.9697943 ,  3.4175324 ],
       [-0.56723326, -2.8955274 ,  1.3432624 , ..., -0.2383603 ,
        -3.057881  ,  3.1510928 ],
       ...,
       [-0.24933317, -1.3591312 ,  2.3787422 , ..., -1.7138708 ,
         0.209853  , -1.9206637 ],
       [ 1.7639714 , -1.3171417 ,  1.6077095 , ...,  2.6943264 ,
        -1.1815971 ,  1.5609293 ],
       [-3.0639632 ,  1.9731447 , -0.05729296, ...,  0.9651367 ,
         0.7185903 , -2.569431  ]], dtype=float32), 'decoder.4.bias': array([-1.5103295 ,  1.185263  , -1.1424625 , -2.3148496 , -0.36788544,
        3.4635005 , -3.3712227 ,  0.46985006, -1.8041707 , -0.16609561,
       -3.9061482 ,  0.19572647, -1.8876395 ,  2.6567187 ,  0.6076916 ,
        1.9596711 , -0.4504314 , -1.6177716 , -2.3159645 ,  2.438811  ,
        2.0081239 , -4.1584244 ,  2.4716277 ,  0.2085978 , -3.390852  ,
        0.15177134, -1.6987566 ,  3.4097264 , -2.0664217 , -3.122659  ,
        1.7901322 ,  1.4690102 ,  3.3758864 ,  1.4810628 , -2.0238023 ,
        1.4802988 ,  3.3284929 ,  1.4971768 , -0.91033894, -3.5916257 ,
       -1.6132275 , -1.6284974 , -2.8431134 ,  2.91493   , -0.84038615,
        1.9066396 , -2.5853124 , -1.6208389 , -3.9982257 , -0.80759215,
       -2.1936784 , -2.8018434 ,  1.7607363 , -1.0981593 , -0.6307152 ,
       -1.1764318 , -1.5039552 ,  2.4753442 , -3.875748  , -3.3806677 ,
       -3.213317  , -2.5244792 , -0.4037833 ,  2.4861734 , -2.500155  ,
        1.9344457 ,  0.21883734, -2.7920642 , -1.5547704 ,  1.1368021 ,
        1.7950513 ,  0.9577862 , -1.8047684 , -2.619227  , -5.514506  ,
        1.4133382 , -0.3238168 ,  0.6624105 , -1.431999  ,  3.1704776 ,
        1.3327613 ,  1.8776236 ,  3.891097  , -0.538934  ,  2.6066313 ,
       -4.3125234 , -0.5721705 ,  1.2410138 ,  0.46299407, -1.8935949 ,
       -1.5119208 ,  1.8356701 ,  1.5836623 ,  1.9289069 ,  0.05537095,
       -3.739637  , -2.7669768 ,  2.6530704 ,  2.2616737 , -1.7049173 ,
        2.4673347 ,  3.5080633 ,  3.7471633 , -2.9417026 , -1.868489  ,
       -2.7577763 , -0.8129777 , -0.177917  ,  1.709184  , -3.3770921 ,
       -3.1727543 ,  3.508972  ,  4.711021  ,  1.4682623 , -4.1472173 ,
        2.487989  ,  0.6056629 ,  3.3421788 ,  2.3007975 , -3.6543324 ,
        0.43732592, -1.9457254 , -0.61042666, -3.0597138 ,  2.0485811 ,
       -0.33169004,  1.6193812 , -2.1989484 , -3.1736686 ,  1.0349867 ,
        2.2125607 ,  0.25275326, -3.0240192 ,  0.5385465 , -4.203098  ,
       -0.84896773, -1.9373552 , -0.8040269 , -3.4038231 , -1.124705  ,
       -3.8986726 , -3.5812256 ,  2.7330334 , -3.046012  , -0.46446863,
       -1.5315634 ,  3.813339  , -2.900384  ,  1.0072666 ,  0.16393317,
        0.3795815 ,  0.19687492,  2.1887403 , -2.4808815 ,  1.3869298 ,
        0.5192289 ,  1.5601166 ,  1.3856797 , -3.6026316 ,  2.0543733 ,
        0.36438134, -2.7435079 , -0.54915476, -0.89119184, -3.9655037 ,
        4.366069  ,  1.459538  ,  3.3172169 ,  3.25963   , -0.40105233,
        2.523726  , -1.6484928 ,  1.8659782 , -2.8645203 , -2.5963879 ,
       -1.4626675 , -2.9700682 ,  0.6416896 ,  3.15231   , -2.4606774 ,
        1.8420018 ,  1.7909304 ,  2.1565993 ,  2.9694471 ,  0.90845615,
       -2.5813093 , -0.8229413 ,  0.26962698, -1.1647494 ,  2.0324702 ,
       -2.6129534 ,  1.3058428 , -0.7142317 ,  3.0954998 , -1.1995577 ,
        3.1931796 , -1.1517838 ,  1.0648414 , -1.4758654 ,  0.11858964,
        1.6909248 ,  3.6320693 , -1.1120099 , -2.7124407 , -1.2692828 ,
       -1.3240058 ,  2.5377183 ,  1.2832718 , -0.0787139 , -0.11249226,
       -1.3716247 ,  2.975357  , -3.4839494 , -1.5728332 ,  0.09845543,
       -1.4400141 , -3.0607321 , -2.2961743 , -0.95288163,  1.7355129 ,
        3.6093264 ,  2.0214708 ,  0.9703615 ,  0.42596224, -4.099531  ,
        4.3016768 ,  0.4419276 , -2.8480585 ,  4.5073304 ,  0.12376966,
       -4.5067205 ,  0.08118287,  2.9321198 ,  3.8032901 ,  2.0863252 ,
       -0.0972773 , -2.8552303 ,  0.86996853, -1.9217722 ,  0.5938551 ,
       -1.017647  , -0.2400983 ,  2.1597078 , -3.5602503 , -2.244717  ,
        0.92229944,  0.8497456 ,  1.7759783 ,  2.9299607 ,  0.96534514,
       -3.1631732 , -3.4093137 , -3.5778282 , -1.0538988 , -2.6158466 ,
       -2.7527144 , -0.08183865, -0.11060665,  3.4111528 ,  0.7949015 ,
        2.6957443 ,  2.0405812 ,  1.2363856 ,  2.5996442 , -2.0600893 ,
       -2.9948225 , -2.9486032 , -3.4850473 , -4.094155  ,  0.86008805,
       -2.8467817 ,  2.4456186 , -3.1404593 ,  3.64268   , -0.679217  ,
        4.1799774 , -0.72958726, -2.5981464 ,  2.5669231 ,  1.4242369 ,
       -2.4507685 ,  1.5732254 , -0.95818496,  1.7955735 ,  0.42833194,
        1.9882829 ,  2.2836394 ,  0.37998858,  3.0471027 , -0.01121162,
        1.7446038 , -1.5966326 , -3.646959  ,  0.5513668 , -4.824652  ,
        2.8547034 ,  1.0974371 ,  0.41996208,  1.2401657 , -0.8170569 ,
       -0.12123982,  3.1431475 , -2.6125178 , -1.3264065 ,  3.1967077 ,
        1.2780524 ,  2.7025068 ,  0.71799433, -1.7031527 ,  3.6012917 ,
        1.8557767 , -5.198731  , -2.9540572 , -1.6784903 , -0.14590865,
        2.1949632 , -1.3413888 ,  2.6487944 , -2.531145  ,  2.028556  ,
        2.3654416 ,  1.9404821 ,  1.2663554 , -0.5317047 , -1.7726241 ,
        1.0134931 ,  0.9732283 ,  1.433054  , -2.4740512 , -2.4827476 ,
        2.9566894 , -2.5185719 ,  2.3072457 , -1.5641757 , -4.0687923 ,
       -2.8458858 ,  2.8511968 , -0.61677676, -4.196011  ,  0.9013596 ,
        3.390831  , -2.9412346 ,  1.8473877 , -1.8200998 , -2.225146  ,
        2.8492362 , -2.3530273 ,  0.08015702, -2.7961133 , -0.48364225,
       -0.22782134, -0.90870106,  0.43623734, -0.02797708, -0.00912366,
       -2.0802665 ,  3.0087252 , -2.9421222 ,  2.9787087 ,  0.9269745 ,
       -3.7873368 ,  1.6821573 , -2.0899215 ,  3.2575796 ,  1.6729696 ,
        0.9315572 , -1.9848056 , -0.7182907 ,  3.4324477 ,  4.0842447 ,
        1.770768  ,  2.4782975 ,  0.34781083,  3.6541612 , -2.389856  ,
       -3.1597617 ,  2.137085  , -2.308429  ,  3.1833768 , -1.4804432 ,
        0.5828999 , -2.6715217 , -1.4912198 , -2.7775185 ,  2.4803343 ,
       -2.5576663 ,  2.8339415 ,  2.7643518 , -3.1343544 ,  2.6440074 ,
        1.542028  , -1.0619113 , -2.939326  ,  2.5144546 ,  0.01776146,
       -0.08538224,  1.9498994 , -3.535515  , -3.8482866 ,  3.8305643 ,
       -1.8044199 ,  2.167471  ,  2.9619794 , -2.5789244 ,  2.184078  ,
        0.39145803,  1.2564721 ,  2.3591876 , -1.4409432 , -2.3862987 ,
       -1.4178462 , -1.1627715 , -2.7592802 , -4.4890122 , -4.0965614 ,
       -1.1172463 ,  2.3004556 , -0.16678134,  2.5863142 ,  2.3385098 ,
       -0.72557044,  0.91834706, -2.1193461 , -0.8325459 ,  1.9868252 ,
       -1.840611  ,  3.2723348 , -0.7394676 , -2.5717127 ,  1.3705924 ,
       -1.6448978 ,  3.425789  , -0.20385402,  0.6882734 , -2.8260238 ,
       -0.7508535 ,  2.368137  , -0.95541453,  2.9487832 ,  2.1434295 ,
       -0.5893614 , -1.9337581 , -1.6118469 , -2.0027184 , -2.401675  ,
        1.9362878 ,  2.2765477 ,  0.7286709 , -0.14313665, -3.7509766 ,
       -1.5478201 ,  0.44949144, -0.37636068, -2.1700041 , -3.2211642 ,
        2.0391865 ,  3.1489787 , -2.1676388 ,  1.8841113 , -3.7725062 ,
       -0.6553052 , -4.5692987 , -3.1996927 ,  2.774684  , -1.4913843 ,
       -1.1940355 , -1.4832507 , -0.8899802 , -0.41800672, -3.9316115 ,
        1.7580026 , -4.169339  , -2.1486094 ,  2.3745046 ,  2.208042  ,
        2.918141  ,  1.2462478 , -0.6349588 ,  0.806332  ,  1.166243  ,
        1.4888946 ,  1.8409084 , -2.9513373 , -0.5030619 , -3.9936364 ,
       -2.0601058 , -3.4900808 , -4.057021  , -4.204158  , -1.2854062 ,
       -3.4824646 , -2.0978436 ,  2.645541  ,  0.9608725 ,  0.40143013,
       -3.055659  , -3.2479534 ,  3.6702778 ,  2.6356514 ,  2.579525  ],
      dtype=float32), 'decoder.6.weight': array([[ 2.5717485 , -1.1612036 ,  5.941043  , ...,  6.4400563 ,
         6.6469674 ,  1.3831229 ],
       [-1.337251  ,  1.5137513 , -2.9760685 , ...,  3.0847588 ,
         1.181564  ,  0.9773695 ],
       [-3.095593  ,  3.629656  , -3.574575  , ..., -0.32628748,
         2.318099  , -1.2541782 ],
       ...,
       [ 0.5298743 ,  2.8242743 ,  2.3874545 , ..., -1.8400592 ,
        -1.7462368 , -2.2620273 ],
       [-1.8255126 , -1.4272085 , -3.032174  , ..., -2.6368232 ,
         2.8953266 ,  0.33123603],
       [ 1.844299  ,  0.45788726, -3.6751413 , ...,  0.06796959,
         1.0223699 , -1.9291707 ]], dtype=float32), 'decoder.6.bias': array([-0.87936026, -1.065188  , -0.78508925, ...,  0.61849177,
        2.9786298 ,  1.862259  ], dtype=float32)}
[Time: 15.01.25 11:54:35] [Level: info] [State: aggregate] {'encoder.0.weight': array([[-3.341879  ,  0.3858009 ,  0.67517316, ..., -2.6038547 ,
         1.9565903 ,  1.4092792 ],
       [ 0.7777171 ,  2.2429824 ,  2.1430895 , ...,  1.1367044 ,
        -1.6946944 ,  3.2597072 ],
       [ 1.4887648 , -1.5423735 ,  0.43244377, ..., -0.27835476,
        -2.3114092 , -0.72786444],
       ...,
       [-1.7492851 ,  0.48692772,  0.44807798, ..., -0.7027094 ,
         0.5599967 , -2.4325187 ],
       [ 0.6081718 ,  1.8837286 , -1.0000671 , ...,  3.5814533 ,
        -1.5764005 ,  2.2490041 ],
       [ 2.242409  ,  2.5249624 ,  0.7206339 , ...,  0.8010009 ,
         1.6056676 ,  0.73418677]], dtype=float32), 'encoder.0.bias': array([ 1.08023614e-01, -2.10556936e+00, -1.56715178e+00, -1.03311241e+00,
       -2.45633483e+00,  2.11821035e-01,  1.88883507e+00, -2.54131818e+00,
       -3.56584728e-01, -3.31298971e+00, -1.81571770e+00, -2.35269308e+00,
       -9.77044821e-01,  1.59539938e+00, -3.29983139e+00,  1.31235409e+00,
        2.45934987e+00, -3.67149782e+00,  4.20809865e-01,  2.50999546e+00,
        1.67693114e+00, -2.74225616e+00, -1.77477491e+00, -2.50792503e+00,
        4.97796983e-01, -2.72635031e+00, -3.76207781e+00, -1.11474884e+00,
        1.52771163e+00, -1.41526282e+00,  2.37144321e-01, -1.06946874e+00,
        1.93704545e+00, -2.55511689e+00, -2.31641817e+00, -2.37451887e+00,
       -3.01665735e+00,  1.66467428e-01,  2.36745388e-03,  1.52344298e+00,
       -2.62882650e-01, -1.71378195e+00,  1.25687456e+00,  1.40929651e+00,
        1.24540806e+00,  2.09714890e+00,  4.14344978e+00, -8.48321676e-01,
        1.44643402e+00, -2.29079843e+00, -3.50537014e+00,  6.03369713e-01,
        1.38637316e+00, -5.47509432e-01,  2.12925673e+00,  2.77840376e-01,
       -1.75845146e+00, -1.87696064e+00,  1.68576932e+00, -2.54081511e+00,
       -3.32927656e+00,  1.11482024e+00,  1.34156275e+00,  1.27869833e+00,
       -3.89061749e-01, -1.18572330e+00,  2.26428890e+00, -3.06903195e+00,
       -1.59474313e+00, -2.32103252e+00, -2.79253244e-01,  2.02832818e-01,
        1.19206369e+00, -1.18653417e+00, -1.50068736e+00,  1.06853199e+00,
       -2.62512469e+00, -3.52092934e+00, -2.42463064e+00,  1.40518081e+00,
        2.43922758e+00,  1.38770318e+00,  2.40293980e+00, -1.25149488e+00,
        1.87182856e+00, -3.40093255e+00, -6.89515322e-02, -1.35362864e+00,
       -1.67420530e+00,  1.23790371e+00, -1.22386432e+00,  1.88643813e+00,
       -4.50812221e-01, -3.03922355e-01,  1.32340550e+00,  1.87719059e+00,
        1.90556967e+00, -1.03107047e+00, -6.58802539e-02,  2.24073648e+00,
        1.37487799e-01,  8.97195935e-02, -3.16827965e+00, -3.59080791e+00,
       -2.69745398e+00,  4.99702692e-01, -1.52640724e+00, -2.08491921e+00,
        1.09507000e+00, -3.41237450e+00, -2.08368540e+00, -3.10985899e+00,
       -2.75085521e+00,  5.33958435e-01,  1.87050128e+00, -7.57204890e-01,
       -2.69068003e-01, -2.69762421e+00, -2.48190832e+00, -1.80488539e+00,
       -1.99874043e+00, -2.89133382e+00,  2.67655945e+00, -2.10003185e+00,
       -1.76969314e+00, -7.03547597e-01, -1.55629826e+00,  1.47792792e+00,
        1.07705712e+00, -1.88478446e+00,  1.09238636e+00,  1.78394771e+00,
       -3.52337027e+00,  3.18553543e+00, -3.06847751e-01, -2.10555029e+00,
       -3.64234686e+00, -1.24382949e+00, -2.30132759e-01,  9.43945050e-02,
        3.05059016e-01,  2.31866074e+00,  7.04225063e-01, -2.42035460e+00,
       -8.39912891e-01, -1.09806705e+00,  1.06940663e+00,  1.26237595e+00,
       -1.05568731e+00, -7.75633037e-01,  2.45597982e+00, -3.30301046e+00,
       -1.77859530e-01,  1.88606000e+00,  1.53599834e+00, -3.08038282e+00,
       -2.25934124e+00,  1.29936266e+00, -1.67141700e+00, -1.39290941e+00,
       -2.43565631e+00,  2.75150156e+00, -3.54171085e+00, -1.94028151e+00,
       -3.16683483e+00,  5.49360335e-01, -3.43278790e+00, -2.68077111e+00,
       -3.63807034e+00, -1.27451360e+00, -1.71022856e+00, -3.54543996e+00,
        6.91227376e-01, -5.44491291e-01, -2.84544969e+00,  2.38954544e+00,
        1.63509488e+00, -9.46826100e-01,  1.43644893e+00, -8.20197165e-01,
        4.22463834e-01,  3.47169518e-01, -1.68665886e-01, -3.84087706e+00,
        1.74815619e+00,  1.02716231e+00, -2.93523908e+00,  1.78309965e+00,
        2.05414319e+00,  1.88678241e+00, -2.20114374e+00,  3.60078365e-01,
       -3.72733450e+00, -1.66938710e+00, -4.79156303e+00, -3.77546191e-01,
       -1.51942420e+00, -1.90583396e+00, -1.78538370e+00, -1.09271741e+00,
       -1.12046564e+00,  2.73816204e+00,  7.85777330e-01, -3.42056608e+00,
        2.41949797e+00, -3.40062618e+00,  2.07404351e+00,  2.99126530e+00,
       -8.97003174e-01,  1.68536615e+00,  9.51905489e-01,  2.04979348e+00,
        8.63570929e-01, -2.62200284e+00, -2.76023698e+00, -2.38870740e+00,
       -2.04642087e-01, -2.61139250e+00, -2.28065205e+00, -1.49176133e+00,
        8.00125420e-01,  1.16435790e+00, -2.28535080e+00, -1.32356262e+00,
       -1.29913306e+00,  1.83877969e+00, -2.88985133e+00, -1.99698520e+00,
       -2.80863857e+00, -1.72191608e+00, -3.68008518e+00,  1.47404337e+00,
       -9.36421454e-01,  4.34022069e-01, -2.23970461e+00,  1.59694266e+00,
        3.04415971e-01,  1.81328845e+00,  3.78699422e+00, -1.81977201e+00,
        1.32935596e+00, -2.86566472e+00,  2.16671276e+00,  6.30198300e-01,
       -2.82919097e+00, -3.77290535e+00, -1.56066179e+00, -3.17415571e+00,
       -2.85737634e+00,  5.27653575e-01,  1.70974791e-01, -1.35156214e+00,
       -1.78970192e-02, -2.65546441e-01, -8.31500769e-01,  6.76578522e-01,
        1.00728917e+00, -3.67169189e+00,  1.52446973e+00,  2.47237754e+00,
        2.66379976e+00, -2.71098804e+00,  7.53097117e-01, -1.88089252e+00,
       -1.40157127e+00, -6.78468108e-01, -3.16837740e+00,  1.79678822e+00,
        1.34866762e+00, -2.57134533e+00,  2.16353798e+00, -3.20498228e+00,
        5.91429114e-01, -1.30373347e+00, -3.64385700e+00,  1.06964540e+00,
       -3.81442046e+00,  2.48315907e+00, -2.47832131e+00, -3.52275753e+00,
        2.21054840e+00,  1.65930271e+00,  5.66787601e-01, -4.04822618e-01,
       -3.66497159e+00,  1.80229700e+00, -2.33041525e+00,  1.54195952e+00,
        1.15953624e-01, -3.86450768e+00, -2.64489937e+00, -2.90621614e+00,
       -1.78024364e+00, -2.01061964e+00, -7.51742780e-01, -3.41714144e+00,
        2.24961138e+00, -2.21512318e+00,  1.54852986e+00, -2.56664562e+00,
        3.04460645e-01, -2.41220784e+00, -1.26734090e+00, -5.87765455e-01,
       -3.25124621e+00, -3.56151342e+00,  8.51145625e-01, -3.10042572e+00,
       -4.67325240e-01,  9.19796646e-01,  1.64707947e+00, -2.41287255e+00,
       -3.56584549e+00,  4.52954769e-01, -2.31464028e+00, -4.23956871e+00,
       -1.21100175e+00,  2.51134348e+00, -2.94966531e+00, -9.71196115e-01,
       -1.04998636e+00, -2.18449473e+00,  6.51603460e-01, -1.73379183e+00,
       -3.08565855e+00, -2.54540515e+00,  1.42240584e+00, -1.76232958e+00,
        8.47351670e-01,  2.19222379e+00, -9.53654289e-01,  1.21698737e+00,
       -1.61852789e+00,  2.70732117e+00, -4.20185745e-01,  6.28444254e-01,
       -3.18573982e-01, -1.80753827e+00,  2.19495630e+00,  5.29730797e-01,
       -3.23413515e+00,  1.95096064e+00, -1.53951597e+00,  1.30524182e+00,
       -1.20037615e+00,  1.99880469e+00,  2.47513390e+00,  5.09739891e-02,
       -2.54605627e+00,  5.53767622e-01, -3.52599740e-01,  1.31375790e+00,
       -2.44338226e+00, -6.36536002e-01, -3.05911732e+00, -1.50590873e+00,
        2.78203279e-01,  1.46921539e+00,  4.24560785e-01, -1.40570116e+00,
       -5.54399312e-01,  1.99526978e+00, -1.88741648e+00,  1.37407207e+00,
        1.53276539e+00, -1.69399750e+00,  1.64875031e+00,  1.89901853e+00,
       -1.47270179e+00, -3.17423248e+00, -1.37563634e+00, -5.63126683e-01,
       -1.78529632e+00,  1.29470098e+00,  1.83451509e+00,  1.86062157e+00,
       -3.93371046e-01, -7.32909203e-01, -2.03796625e+00, -1.92549407e+00,
       -2.58459949e+00,  1.62670875e+00,  1.13860762e+00, -9.28758144e-01,
       -1.36353648e+00, -1.06878138e+00, -4.81037557e-01,  2.04103684e+00,
       -2.83435285e-01, -4.05733681e+00, -1.81442285e+00,  7.95522809e-01,
       -2.71482378e-01,  3.78065021e-03,  9.00431633e-01,  2.09303141e+00,
        6.18132234e-01, -4.41562176e+00, -1.15015924e+00,  2.04136705e+00,
       -1.62414289e+00, -4.77002025e-01, -3.85671496e-01, -1.01771843e+00,
        8.30067158e-01, -1.91206664e-01,  1.55993113e-02,  2.31809974e+00,
        1.11843491e+00,  2.03433943e+00, -3.65106201e+00,  1.37738562e+00,
       -3.01198006e+00, -5.98214507e-01, -3.66762304e+00,  3.30155945e+00,
       -1.24351716e+00, -2.10093856e+00, -7.62746572e-01,  1.94271874e+00,
       -1.67467999e+00,  1.01647663e+00, -3.24038386e+00, -2.40335703e+00,
        1.10589540e+00,  1.50461674e+00, -1.04121006e+00, -3.75262403e+00,
        1.76771355e+00, -1.59145904e+00, -3.24501491e+00, -9.26222563e-01,
        4.31492925e-01, -5.33876896e-01, -3.03869772e+00, -3.00998878e+00,
        2.13835645e+00, -1.22183394e+00,  1.56640577e+00,  1.05874920e+00,
       -2.86337352e+00, -9.78038490e-01,  8.67442489e-01, -3.55734921e+00,
       -3.58786494e-01, -1.33999777e+00,  1.09058368e+00,  2.41876960e+00,
       -1.50490260e+00,  2.34592795e+00, -2.56405354e+00,  1.33437705e+00,
       -3.04210281e+00,  1.00138307e+00, -2.13445187e+00, -5.00948071e-01,
       -1.42502737e+00,  1.57371044e+00, -1.32087719e+00,  2.74485469e+00,
       -3.24356604e+00, -9.73760366e-01, -5.08305430e-01,  1.01786757e+00,
       -3.28140068e+00, -3.79634666e+00, -1.90170026e+00, -2.40353346e+00,
        1.78073525e-01, -3.15829682e+00, -2.70263076e+00,  1.20625901e+00,
       -2.83921671e+00, -3.17960238e+00,  6.20892525e-01, -1.32801211e+00,
       -1.71091151e+00, -2.25524932e-01, -3.18693447e+00, -1.09696102e+00,
        2.55504131e+00, -2.97535276e+00,  6.76006913e-01, -1.35742722e-03,
       -2.73854518e+00, -2.45482826e+00,  2.37790251e+00, -1.15337551e+00,
       -1.99866402e+00,  1.48141682e-01, -3.51027727e-01,  1.17860854e+00,
       -4.02385056e-01, -1.15598011e+00, -2.23441267e+00,  8.90433311e-01,
       -1.17890930e+00,  9.79152560e-01,  5.46231687e-01, -2.94174814e+00],
      dtype=float32), 'encoder.2.weight': array([[  5.775873  ,  -5.689777  ,  -7.2177405 , ...,   0.9183743 ,
          0.20470871,  -9.899982  ],
       [ -5.490118  ,   4.727454  , -10.169947  , ...,   0.37151825,
          3.233234  ,  -6.529616  ],
       [  9.164341  ,   7.545943  ,  10.564452  , ...,   3.940794  ,
          6.80062   ,   5.2238636 ],
       ...,
       [  1.4433423 ,   3.0476398 ,  -8.604848  , ...,  -6.2806892 ,
          4.562806  ,   1.8192664 ],
       [  8.0332775 ,   2.5059907 ,   6.585087  , ...,   0.7382274 ,
          3.0647821 ,   3.1558793 ],
       [  9.902374  , -10.626752  ,   7.6989493 , ...,  -2.5861006 ,
          0.2148006 ,  -7.75771   ]], dtype=float32), 'encoder.2.bias': array([  8.295234  ,   5.569483  ,   9.728741  ,  -6.4043927 ,
        -3.8284082 , -12.5964985 ,  -3.3420818 ,   3.458715  ,
        -8.078163  ,   3.474806  ,   5.430905  ,  -9.79867   ,
        -5.524077  ,  -3.8711762 ,   4.327989  ,   7.76318   ,
        -3.5524583 ,  -9.909071  ,   6.0307145 ,   4.445615  ,
        -5.4869637 ,  -4.739804  ,  -8.650108  ,  -3.2428665 ,
         2.7983148 ,   3.6310935 ,  -1.4408059 ,  -8.022076  ,
        -9.446084  ,  -7.833725  ,  -5.7720604 ,  -5.208177  ,
         4.062873  ,  -2.394703  ,  -0.29541096,   7.568076  ,
        -7.170273  ,  -3.6627522 ,  -7.2975235 ,  12.77737   ,
        -7.748741  ,   0.35710683,   5.4837584 ,  -5.579341  ,
        -1.1032691 ,   5.194323  ,   5.56616   ,   0.44689882,
        -6.270786  ,  -5.1626434 ,  -1.2500004 ,  -1.2084348 ,
        -7.197924  ,  -2.0554962 ,   1.2743871 ,  -8.902338  ,
         7.8499584 , -10.423001  ,   0.27233893,   6.0105    ,
        -5.964915  ,   8.728637  ,   9.393988  ,   0.66188896,
        -4.8310256 ,  -2.079519  ,   5.416087  ,  10.428025  ,
         0.06361854,  -8.703223  ,   9.573362  ,  -2.4053488 ,
        -7.276778  ,  -5.683061  ,   8.558218  ,  -0.63526314,
        -4.9149575 ,   0.7613628 ,   5.480295  ,   9.421661  ,
       -12.100924  ,   6.7764034 ,  -4.0547547 ,   7.1459856 ,
         7.5914035 ,  -8.351239  ,  -2.154915  ,  -5.6026864 ,
         1.9889531 ,   4.1611066 ,  -5.307002  ,  10.555202  ,
        -1.729285  ,  -5.794565  ,  -9.651759  ,   2.475952  ,
         5.9654984 ,   0.11018206,  -7.515297  ,  -1.2348576 ,
         3.7196865 ,   5.1649218 ,  10.349858  ,  -6.7657623 ,
        -0.12629718,   2.9939456 ,   8.876274  ,   0.24258721,
         1.12274   ,   6.38019   ,   5.5175557 ,  -1.6017487 ,
       -11.792112  ,  10.615023  ,   8.480342  ,   6.721447  ,
        -5.4046793 ,  -7.2931614 ,  -0.85959005,   0.84866035,
         0.99063504,   0.6470105 ,   8.508714  ,  -0.7794628 ,
        -1.3452718 ,   3.680832  ,  -9.584171  ,   7.3496947 ,
         4.7705946 , -11.755619  ,   5.453439  ,  -5.8090544 ,
         7.98998   ,  -9.407259  ,  -1.8059032 ,   3.3118224 ,
         4.5817885 ,   6.1089754 ,   3.8958993 ,   8.285386  ,
         0.76299095,   3.2783184 ,   3.355373  ,  -0.39126065,
        -1.971237  , -10.631304  ,  -0.57305753,   4.114589  ,
        -6.483206  ,  -7.6575136 ,  -1.4528949 ,   0.7504008 ,
        -5.3662148 ,   9.429441  ,  -0.3164249 , -11.395358  ,
         5.4693375 ,  -4.795504  ,  10.351158  ,  -4.3159876 ,
        -1.1503801 , -12.669316  ,  -0.6418835 ,  -3.0131407 ,
         5.721675  ,  -3.2898445 ,  -3.3704994 ,  -8.346394  ,
         4.8626914 ,   2.902679  ,  -9.138963  ,   3.2372828 ,
         6.9367547 ,   0.19184557,  -4.3164234 ,  -3.6447139 ,
        -4.1179266 ,  -4.903607  ,   0.4202457 ,   5.5290585 ,
         6.642687  ,  -1.1469978 ,  -0.52811325, -11.200973  ,
         5.881512  ,  -1.9011974 ,   8.169552  ,   3.9861994 ,
       -10.3719845 , -10.46793   ,   5.47226   ,   1.3047929 ,
         3.582145  ,   0.9561014 ,  -5.369799  ,  -8.070491  ,
        -1.3095732 ,   1.6833146 ,   1.4081954 ,   2.5724866 ,
        -7.4966054 ,  -6.533376  ,  -7.376501  ,  -0.9733325 ,
         6.48678   ,  -1.5077505 ,   0.63430977,  -3.8070345 ,
        -7.145134  ,  -4.329236  ,   5.0913525 ,   0.81350976,
        -0.16784805,   8.564129  ,   9.614309  , -11.997951  ,
         7.9268074 ,  -5.0558014 , -10.1259575 ,   1.5253384 ,
       -10.165174  ,   4.141984  ,   4.210199  ,  -7.014185  ,
        -7.9431715 ,  -1.5080621 ,   2.7737427 ,   8.030902  ,
         4.7956495 ,   1.863956  ,   8.253935  ,   7.878338  ,
         5.7426476 , -11.320733  ,  -1.8586335 ,   1.742251  ,
         2.2442973 ,   0.20288798,  -8.277666  ,  -7.5095243 ,
         7.984542  ,   6.887269  ,   1.9874232 ,   3.209307  ,
         7.991833  ,   5.7846804 ,   4.6369843 ,   9.736595  ,
        -3.138001  ,  -7.552162  ,   1.1708958 ,  -1.1582224 ,
         9.16299   ,   8.341664  ,  -2.9092762 ,   1.0867542 ,
         6.3046546 ,  -4.94612   ,   2.3017154 ,  -3.1531558 ,
         0.6775024 ,   0.09556972,   0.6322079 ,   5.7279143 ,
        -2.3178136 ,   8.376946  ,   0.6919197 ,   0.03061365,
        -0.10595606,   0.64644754,   9.052383  , -10.7728    ,
        -8.420714  ,   3.55196   ,  -2.7703507 ,   8.708816  ,
         7.059073  , -11.764833  ,   7.456645  ,   2.039225  ,
        -4.9860687 ,  -5.2679977 ,   2.6199925 ,  -6.474557  ,
        -9.920765  ,   7.3374405 ,   7.1946673 , -10.523628  ,
         6.283972  ,  -2.2791884 , -11.256825  ,  -4.23315   ,
         8.451153  ,  -0.093307  ,  -3.7858787 ,  -3.9260726 ,
         4.1796994 ,  10.628599  ,  -2.054404  ,   1.8666892 ,
        -3.9898238 ,   7.559467  ,  -8.202649  ,  -9.939957  ,
         5.7264233 , -10.464529  ,   1.58954   ,  -2.2546048 ,
       -10.262633  ,   4.288438  ,  -4.944087  , -11.333962  ,
       -12.090296  ,   3.0095463 ,   5.7891517 ,   4.312843  ,
         5.2736254 ,  -4.7927523 ,   9.367727  ,   1.4125096 ,
        11.690252  ,   6.780703  ,  -5.3321333 ,   2.9427428 ,
         2.1887765 ,   6.881418  ,   0.13065839,  -0.03228066,
        -4.2932706 ,  -8.008665  ,  -9.7243    ,   3.9731507 ,
        -9.571535  ,   2.478929  ,  -1.2525434 ,   8.644738  ,
        -1.289822  ,  -1.1466614 ,   6.0093775 ,  -9.419519  ,
         6.9868927 ,  -5.8424115 ,  -2.7223835 ,   3.521039  ,
         0.7443561 ,   5.886221  ,  -5.306674  ,   4.0468864 ,
         5.7019477 ,   7.8550014 ,   6.740449  ,  -6.817442  ,
         1.2919095 ,  -5.2184463 ,  -7.5736012 ,  -6.778118  ,
        -8.404747  ,   2.6596065 ,  -3.950078  ,  -2.6396964 ,
         4.8063903 ,  -1.2144448 ,  -5.206481  ,  -9.190275  ,
       -10.617115  ,  -4.9297905 ,   0.12795803,   1.3532759 ,
        -3.445149  , -11.046271  ,   4.0707817 ,   6.364526  ,
        -3.3643146 ,   6.1059747 ,   5.5177455 ,   2.6923904 ,
         4.034413  ,   9.424194  ,  -7.4845552 ,  -0.27940267,
        -6.6097145 ,   8.614994  ,   4.212241  ,  -4.665181  ,
         9.219297  ,   6.332409  ,  -8.355856  ,   7.5137653 ,
         1.2300026 ,  -6.970546  ,   8.007441  ,  -3.621499  ,
         7.8992047 ,   3.5742517 ,   5.86842   ,   3.0537694 ,
         8.170198  , -11.495891  ,  -6.0251217 ,   8.798158  ,
        -1.4261394 ,   4.872226  ,   8.071253  ,   3.3773944 ,
        -3.8217866 ,  -9.568046  ,   3.6192927 ,   6.8677273 ,
         4.298293  ,  -9.142607  ,   4.846496  ,   3.254857  ,
        -2.3625765 ,   2.409853  ,   4.152565  ,  -9.033202  ,
        -0.66024303,  -2.630741  ,   8.827735  ,  -0.5901914 ,
         1.2880366 ,  -1.1435127 ,  -0.75508595,   5.5315595 ,
         6.8979654 ,   0.24193484,   7.0363903 ,   4.041771  ,
        -3.4195967 ,   3.0192971 , -10.361584  ,   5.7247725 ,
        -0.5286347 ,  -6.6003284 ,   2.274156  ,  -3.9504983 ,
        -6.0467634 ,  -0.0754967 ,  -8.016592  ,  -0.9339124 ,
        10.463646  ,  10.634466  ,   8.630535  ,  -1.1535159 ,
        -1.2477789 ,  -9.497665  ,   9.023127  ,  -3.050966  ,
        -8.166719  ,  -3.431068  ,   8.312738  ,  -3.5703244 ,
        -1.9969215 ,  -6.747018  ,   0.96641505,   0.52724344,
        -2.2532191 ,  -3.7971797 ,  10.560219  ,  -9.751991  ,
        -8.615165  ,   3.899529  ,  -5.454026  ,  10.573525  ,
         7.800132  ,  -0.06599739,  -9.578751  ,   4.0246706 ,
         5.7256002 ,  -5.1230917 ,  -7.440177  ,  -0.08629723,
         5.825998  ,   4.1493034 , -10.282044  ,  -1.3305547 ,
        -2.903933  , -10.336212  ,  10.185796  ,   8.550783  ,
        10.206263  ,  -1.7990743 ,   2.4905481 ,   3.0706468 ,
         3.9111307 , -11.934113  ,  -8.193731  ,   3.9923224 ,
        -4.3398356 ,  -5.0553846 , -12.056152  ,   9.17472   ,
        -6.831502  ,  12.059036  , -10.307295  ,   0.73186064,
        -9.710121  ,   4.095395  ,   3.573647  ,  -9.47069   ],
      dtype=float32), 'encoder.4.weight': array([[ -7.488416  ,  -8.573027  ,  -8.85383   , ...,   8.93241   ,
          4.022266  ,  -6.737409  ],
       [ -0.35447773,  -8.310352  , -11.504791  , ...,   6.709093  ,
         -4.0564637 ,  -6.633549  ],
       [ -1.6288031 ,   6.0549235 ,   4.257648  , ...,  10.403964  ,
          9.365574  ,   3.2331712 ],
       ...,
       [-10.578815  ,   6.6620607 ,   5.4799476 , ...,   8.038373  ,
          6.2600393 ,  -7.7668376 ],
       [  2.4333794 ,   8.5193    ,  -5.527141  , ...,  -9.840464  ,
         -2.987731  ,  -0.5850928 ],
       [-10.234947  ,   9.140417  ,  -9.64291   , ...,  -4.768013  ,
        -10.730523  ,  -8.935833  ]], dtype=float32), 'encoder.4.bias': array([ -9.433104  ,   0.28461602,  10.502918  , ...,   7.558505  ,
        -5.9748297 , -10.264085  ], dtype=float32), 'encoder.6.weight': array([[-1.6954112 , -3.725484  ,  3.3365939 , ...,  2.0618918 ,
         1.304837  , -2.668439  ],
       [ 2.956966  ,  3.2460093 ,  3.7989218 , ..., -3.3868904 ,
         3.7927558 ,  4.2628884 ],
       [-3.7799678 , -2.732098  ,  2.848551  , ...,  1.7593462 ,
        -2.2452734 , -0.28230047],
       ...,
       [-2.6806068 , -4.809708  , -0.9183453 , ..., -0.92262334,
         2.6293032 , -0.46391135],
       [-3.242653  , -2.9706922 , -6.8242435 , ...,  4.915232  ,
        -2.8413305 ,  3.9071293 ],
       [-2.4800282 , -2.3245158 , -2.2901142 , ...,  0.6538489 ,
        -4.1920033 ,  3.9278078 ]], dtype=float32), 'encoder.6.bias': array([-1.3040843 ,  0.18088931,  2.6093338 ,  1.6425122 , -2.728206  ,
       -1.3286912 , -3.8531737 , -2.4993584 ,  2.9996824 , -0.11060798],
      dtype=float32), 'decoder.0.weight': array([[-34.208076 ,   2.3881652, -17.407524 , ...,  54.066254 ,
         71.535446 , -30.564766 ],
       [-19.979147 , -12.369982 , -28.92567  , ..., -51.006535 ,
        -57.398506 ,  67.56935  ],
       [-43.119194 , -26.200493 ,  20.82374  , ..., -10.250613 ,
        -36.76047  ,  40.963303 ],
       ...,
       [ 35.280113 , -18.038725 ,  59.126556 , ...,  31.60766  ,
        -32.09293  ,  57.768986 ],
       [-72.19199  ,   7.104    , -62.42572  , ..., -17.22716  ,
        -36.64933  , -73.57813  ],
       [ 75.82239  ,  76.32362  ,  42.41088  , ..., -30.086376 ,
         18.746141 ,  -0.6291482]], dtype=float32), 'decoder.0.bias': array([-78.11949  , -20.081074 ,   1.7183844, ...,   2.7203093,
       -13.79771  ,  42.245373 ], dtype=float32), 'decoder.2.weight': array([[ 3.5806885 ,  2.1171284 , -3.880212  , ...,  3.2171636 ,
         1.9749737 ,  3.140771  ],
       [ 0.5178679 , -0.6358468 , -1.6786299 , ..., -2.3664896 ,
        -3.2197938 ,  1.6698332 ],
       [-0.9139892 ,  1.2414141 , -4.5387173 , ..., -3.227459  ,
         1.9385576 ,  2.0280352 ],
       ...,
       [-3.9104838 , -4.0790954 ,  1.5827236 , ...,  2.653687  ,
        -4.1195354 ,  4.8180704 ],
       [-1.796952  , -5.498375  , -0.21086118, ..., -2.8020697 ,
         3.7501507 ,  1.4578294 ],
       [-6.417289  , -5.4502583 ,  1.7150323 , ...,  0.464894  ,
        -3.7860003 , -6.0781274 ]], dtype=float32), 'decoder.2.bias': array([ 1.4937935 , -3.2933092 , -3.4835343 ,  1.395327  , -1.9961965 ,
       -5.8203483 , -2.2846293 ,  0.6199624 ,  4.3713207 ,  1.9621564 ,
       -6.820254  , -0.9495923 ,  0.2935924 ,  4.167985  ,  0.8658319 ,
        0.07692093, -2.1708474 , -4.6375647 ,  2.3971746 ,  0.00790683,
        0.8770927 , -1.8411748 ,  1.5159755 , -1.2822131 ,  0.424108  ,
        3.8455603 , -5.528429  , -0.41731963, -5.1765165 , -3.671427  ,
        3.4295511 , -4.9168587 ,  4.801381  ,  2.8181968 ,  4.6469045 ,
       -3.4219532 , -5.1686296 ,  1.8893993 ,  0.06510974, -1.8422811 ,
       -3.266153  , -4.4633493 ,  3.1143212 , -5.230374  ,  0.9090426 ,
        2.982304  ,  0.27893132, -1.7358856 , -5.2140007 ,  3.55036   ,
        3.0871725 , -4.194366  , -1.1558365 ,  2.976954  , -4.646735  ,
       -5.286118  , -3.5479407 , -0.1923046 ,  1.2289933 , -0.93850255,
       -4.973553  ,  4.3346443 ,  0.4393896 ,  0.8684107 , -4.560794  ,
       -5.4249835 ,  1.5479517 , -3.2623181 , -3.1964068 ,  3.260826  ,
        6.510981  ,  0.18205981,  2.048942  , -0.8959645 ,  2.6624813 ,
       -1.8931987 , -5.9383254 , -6.0950503 ,  4.633142  ,  3.5658526 ,
        3.4692445 , -4.6399937 , -6.1049633 , -5.009453  ,  2.931531  ,
       -5.3580294 ,  1.3176284 ,  1.2953964 , -0.4060194 , -0.86749613,
        1.429837  ,  2.2276504 ,  2.7163548 , -5.261363  , -3.4183095 ,
       -4.9969096 , -4.0143986 ,  3.0245686 , -2.5906422 , -4.429997  ,
       -2.1509748 ,  0.04204943, -2.5932825 , -4.830855  , -1.198029  ,
       -5.5548086 ,  2.5741355 , -0.9591981 , -2.2426279 , -1.8966149 ,
        0.45502764,  2.1391025 , -4.029658  , -5.65442   , -1.466987  ,
       -2.483841  , -3.6734095 ,  2.0370226 , -5.7548757 , -5.417978  ,
        3.832951  ,  5.072474  ,  4.3893223 , -3.7316701 ,  5.010314  ,
        0.956977  , -5.2776623 , -3.6036701 ,  4.38437   ,  1.6324754 ,
        4.31992   , -5.165417  ,  0.4554022 ,  4.195523  , -2.5403266 ,
        4.3113875 ,  0.7407128 , -2.1454458 , -5.2608786 , -4.6488323 ,
        5.30117   ,  3.7885504 , -5.498112  , -1.5493308 ,  1.0941583 ,
        4.653597  ,  2.9569068 ,  1.3189472 ,  3.3740234 , -3.4040127 ,
       -5.6493826 , -1.401304  ,  4.5885887 , -3.3093903 , -4.27311   ,
        0.42102015, -4.043876  , -1.8999678 , -5.121103  ,  0.583241  ,
       -2.5222144 ,  4.0159607 ,  2.8515525 , -1.0150982 ,  1.9488595 ,
        4.079547  , -4.0355854 ,  5.6960955 ,  0.49890223,  4.108353  ,
        0.55112875, -0.48306984,  2.617908  ,  0.18818459, -3.9661946 ,
       -5.5968666 ,  2.3186345 ,  2.163238  , -3.9305034 ,  3.0398207 ,
        0.16929099, -5.666733  ,  4.3040934 , -1.011683  , -5.8915725 ,
        2.8068    , -5.6081414 , -3.5383635 , -0.1794368 , -5.2818685 ,
       -3.0887725 , -5.255522  , -5.9684305 , -4.6542253 ,  0.08238524,
       -4.1843567 , -0.17053606,  2.7355595 ,  0.24212125, -4.820095  ,
       -5.9382052 , -0.42375582,  4.7812095 ,  1.6153169 , -5.115596  ,
       -2.2695303 , -1.9812298 , -3.8782861 , -0.94774854, -0.12632191,
       -5.746326  ,  1.3227383 , -2.6507    , -4.925622  , -2.0345445 ,
       -5.7855997 , -3.5375798 ,  4.3966346 , -1.3133239 , -2.9157624 ,
       -3.693999  , -0.28076205, -2.901887  ,  4.524647  , -4.638407  ,
        1.8779991 , -5.4408264 , -3.5037768 ,  2.085752  , -5.4132247 ,
       -0.45241186,  0.96792364, -2.550454  , -4.633073  , -4.8985977 ,
        1.746294  , -3.1045122 , -2.7952604 , -3.320516  , -3.7939944 ,
       -5.0703673 ,  0.9377852 , -6.217251  , -3.4875147 ,  2.9005718 ,
        0.5245338 , -0.15972513,  2.2665606 ,  4.7391033 , -3.1651216 ,
       -0.5971945 , -3.678856  , -0.11692968, -0.3818035 ,  2.8942142 ,
        3.8098068 , -1.818601  , -5.580975  , -4.288535  , -4.5323358 ,
        0.94226825, -1.1936392 , -0.35871392, -2.5188706 , -4.7485657 ,
       -2.0371222 ,  0.06302284, -0.7271917 , -3.8661857 , -1.9458089 ,
        1.9789219 , -5.3774157 ,  2.7338517 , -5.4596434 ,  1.5846415 ,
        2.0134304 ,  0.33451825, -3.69447   , -1.9937276 ,  0.24952021,
       -0.43491054,  3.0303504 , -0.02171561,  4.0542154 ,  2.1350832 ,
        3.4451785 , -6.1792746 ,  3.3020897 , -5.81885   , -0.02629618,
       -2.115096  ,  1.6611607 , -4.0576916 , -1.8622067 , -1.5147078 ,
       -3.681591  , -3.803883  , -4.88176   , -3.325737  ,  1.4443791 ,
       -5.2608013 , -1.8220358 ,  3.036399  ,  2.6160269 , -0.24929734,
       -4.400618  ,  1.7848771 , -2.4085307 ,  1.8652599 ,  3.184959  ,
        4.270627  , -4.866547  , -3.170906  ,  0.42155534, -1.4300764 ,
       -3.389001  ,  3.341657  ,  0.15369064,  1.4817502 , -0.7700652 ,
       -2.2437854 , -3.919496  , -2.274776  , -3.1220865 , -1.5325878 ,
       -1.319984  , -6.0038843 ,  4.123019  , -5.432516  , -0.2113465 ,
       -5.353836  , -3.557092  , -3.6997852 , -1.2784743 , -2.7150507 ,
        4.077359  ,  3.47615   ,  1.2291368 , -1.8380396 , -3.2200892 ,
       -2.824957  , -6.0502396 ,  0.29659966, -4.085694  , -0.75036424,
       -1.7393665 , -6.0539417 , -6.713731  , -1.3218613 , -6.083232  ,
        0.23950794, -3.8519778 , -0.5067089 ,  0.8719181 ,  1.5986985 ,
        0.84491706,  3.770972  , -3.8321164 , -6.3877296 , -1.0156237 ,
       -2.4998107 , -3.4505117 ,  4.091683  , -0.13145727,  3.8410401 ,
        3.1561003 , -5.760359  ,  1.5609903 , -1.5705812 , -4.1095476 ,
        4.6161017 , -0.9059254 , -4.120706  , -4.1416984 , -2.7572358 ,
       -0.1642752 , -1.8744357 ,  3.311943  , -3.1527762 ,  2.0105383 ,
       -4.1969304 , -2.3295221 , -2.7076666 , -2.3433728 , -2.525917  ,
       -5.344703  , -3.3032613 , -2.5028977 ,  3.7004454 ,  0.7571242 ,
       -1.8600923 ,  1.7498529 ,  4.6672626 , -4.7916307 ,  0.7038552 ,
        1.9783305 ,  1.1037254 ,  2.7152693 ,  1.2234802 ,  0.19952577,
       -3.6344223 ,  3.1573243 , -4.543028  ,  4.6886897 ,  3.477597  ,
        2.64118   , -2.2643354 , -3.698709  ,  4.744052  , -4.917363  ,
       -3.1792045 , -4.8135576 ,  3.9586995 , -4.593344  , -1.732166  ,
        0.69160044,  3.250504  , -0.7248771 , -4.13677   , -1.4152956 ,
        1.6817071 , -5.2975082 , -0.76631427, -4.229847  , -1.6585779 ,
        3.0143948 , -3.3125038 ,  0.36731955,  0.29024014,  3.8434942 ,
       -4.22036   ,  1.7273066 ,  7.093054  , -0.81210357, -4.793699  ,
       -2.5567675 ,  0.77420765, -0.6352041 , -1.2419233 ,  3.2821238 ,
       -2.1410887 , -4.4347672 , -2.5186362 , -4.791774  , -6.819456  ,
        1.4262094 , -0.3918224 , -3.8671427 , -2.8751845 , -0.05331822,
        3.6837    , -3.835501  ,  0.627512  ,  4.2621922 , -0.8138548 ,
        4.100028  ,  0.52788335, -3.0151255 ,  1.8893895 , -1.3278707 ,
        0.18075395, -2.6486795 , -0.04177241, -5.318523  , -4.887306  ,
        1.0139582 ,  1.9011973 ,  2.980683  , -1.5991112 ,  4.194239  ,
       -1.9714699 , -4.663887  , -0.89248204,  2.9667232 , -4.3742857 ,
       -4.1758456 ,  1.6832042 ,  2.556313  , -3.9113226 ,  0.8111607 ,
       -0.8050577 ,  0.6597665 , -3.3961267 , -5.641222  , -3.9184163 ,
       -0.094837  ,  1.0965936 , -3.267492  , -3.4598129 , -5.119253  ,
       -0.54422724, -0.66071045,  0.4195037 ,  0.49755147,  6.2431936 ,
       -2.0215921 ,  2.8534288 , -6.121274  ,  3.3203478 , -0.55450714],
      dtype=float32), 'decoder.4.weight': array([[ 10.213501  ,  -3.7973309 ,   4.285132  , ...,  -8.898859  ,
          6.974842  ,  -0.59197295],
       [  0.13318725,  -5.612314  ,  -9.106487  , ...,  -0.88699615,
        -11.909383  ,  10.252598  ],
       [ -1.7017    ,  -8.686941  ,   4.029787  , ...,  -0.71508104,
         -9.173643  ,   9.453279  ],
       ...,
       [ -0.74799955,  -4.077754  ,   7.1362267 , ...,  -5.141612  ,
          0.629559  ,  -5.761991  ],
       [  5.291914  ,  -3.951785  ,   4.8231287 , ...,   8.082979  ,
         -3.5447912 ,   4.682788  ],
       [ -9.191889  ,   5.9184012 ,  -0.17187887, ...,   2.895409  ,
          2.1557703 ,  -7.708293  ]], dtype=float32), 'decoder.4.bias': array([-4.53098869e+00,  3.54155493e+00, -3.42738748e+00, -6.94454956e+00,
       -1.10365629e+00,  1.03868256e+01, -1.01129513e+01,  1.42102909e+00,
       -5.41251183e+00, -4.98286843e-01, -1.17184448e+01,  6.32261932e-01,
       -5.66291857e+00,  7.94049644e+00,  1.82924604e+00,  5.87905264e+00,
       -1.35129428e+00, -4.85331488e+00, -6.94789314e+00,  7.38729668e+00,
        6.06936169e+00, -1.24752731e+01,  7.41091299e+00,  6.19548976e-01,
       -1.01725559e+01,  4.19089109e-01, -5.09626961e+00,  1.02239895e+01,
       -6.19926548e+00, -9.36797714e+00,  5.16360044e+00,  4.40147161e+00,
        9.93833160e+00,  4.43820810e+00, -6.07140684e+00,  4.43662453e+00,
        9.98132610e+00,  4.48341513e+00, -2.73101687e+00, -1.07748775e+01,
       -4.83968258e+00, -4.88549232e+00, -8.52934074e+00,  8.73874664e+00,
       -2.52115822e+00,  5.69051266e+00, -7.75594521e+00, -4.86287498e+00,
       -1.19946766e+01, -2.42349172e+00, -6.58103514e+00, -8.40552998e+00,
        5.22326660e+00, -3.29447794e+00, -1.89214563e+00, -3.52929544e+00,
       -4.51186562e+00,  7.42396116e+00, -1.16272440e+01, -1.01420031e+01,
       -9.63995075e+00, -7.57343769e+00, -1.21134984e+00,  7.45267773e+00,
       -7.50046492e+00,  5.80782175e+00,  6.63758993e-01, -8.37619209e+00,
       -4.66431093e+00,  3.36584568e+00,  5.37935257e+00,  2.88284063e+00,
       -5.41430569e+00, -7.85768080e+00, -1.65435181e+01,  4.33964109e+00,
       -9.71450448e-01,  1.88815832e+00, -4.29599667e+00,  9.49150181e+00,
        3.96684361e+00,  5.56734800e+00,  1.16642208e+01, -1.61680198e+00,
        7.81195354e+00, -1.29368534e+01, -1.71651149e+00,  3.67611957e+00,
        1.45687890e+00, -5.68078518e+00, -4.53576279e+00,  5.50939894e+00,
        4.74537277e+00,  5.77979183e+00,  1.59941480e-01, -1.12189102e+01,
       -8.30093002e+00,  7.79364872e+00,  6.82633495e+00, -5.11475229e+00,
        7.38081741e+00,  1.04853191e+01,  1.12340794e+01, -8.82510757e+00,
       -5.60546684e+00, -8.27332878e+00, -2.43893385e+00, -5.33751011e-01,
        5.09614229e+00, -1.01312761e+01, -9.51826286e+00,  1.05216856e+01,
        1.41072693e+01,  4.62917280e+00, -1.24416523e+01,  7.42732668e+00,
        1.72229695e+00,  9.99425697e+00,  6.83788395e+00, -1.09629974e+01,
        1.28694272e+00, -5.83717632e+00, -1.83127999e+00, -9.17878342e+00,
        6.14680576e+00, -9.95070100e-01,  4.93909073e+00, -6.59684515e+00,
       -9.52100563e+00,  3.13277316e+00,  6.63701868e+00,  7.31208801e-01,
       -9.07205772e+00,  1.59446144e+00, -1.26092930e+01, -2.54618692e+00,
       -5.81206560e+00, -2.41208076e+00, -1.02114697e+01, -3.37411499e+00,
       -1.16960182e+01, -1.07436771e+01,  8.19349194e+00, -9.13731861e+00,
       -1.39340603e+00, -4.59469032e+00,  1.13866634e+01, -8.70115185e+00,
        3.07003641e+00,  4.63517904e-01,  1.10317206e+00,  5.89383781e-01,
        6.64500904e+00, -7.44264412e+00,  4.19614792e+00,  1.55473018e+00,
        4.69798231e+00,  4.15425062e+00, -1.08078947e+01,  6.01386642e+00,
        1.04767430e+00, -8.23052406e+00, -1.64746428e+00, -2.67500973e+00,
       -1.18965111e+01,  1.30883551e+01,  4.39009714e+00,  9.94092274e+00,
        9.74602318e+00, -1.20315695e+00,  7.54472113e+00, -4.94547844e+00,
        5.56505632e+00, -8.59356117e+00, -7.78916359e+00, -4.38800240e+00,
       -8.91020489e+00,  1.98745513e+00,  9.44614601e+00, -7.38131523e+00,
        5.54942274e+00,  5.31473875e+00,  6.42357826e+00,  8.91680908e+00,
        2.72683024e+00, -7.74472427e+00, -2.46881676e+00,  7.89270282e-01,
       -3.49424815e+00,  6.07914686e+00, -7.83886051e+00,  3.80244350e+00,
       -2.14269519e+00,  9.27871323e+00, -3.59867287e+00,  9.55364609e+00,
       -3.45535135e+00,  3.26485157e+00, -4.42759609e+00,  3.49807978e-01,
        4.96180201e+00,  1.08930025e+01, -3.33567095e+00, -8.13811874e+00,
       -3.80856562e+00, -3.97201753e+00,  7.60388327e+00,  3.84965181e+00,
       -2.36141771e-01, -3.37479472e-01, -4.11487389e+00,  8.92207146e+00,
       -1.04518480e+01, -4.71849966e+00,  2.64716685e-01, -4.32004261e+00,
       -9.18219662e+00, -6.88852310e+00, -2.85864401e+00,  5.18404579e+00,
        1.08048592e+01,  6.06329918e+00,  2.91062593e+00,  1.26771808e+00,
       -1.22985935e+01,  1.29009333e+01,  1.33689618e+00, -8.54417515e+00,
        1.35078926e+01,  3.79580170e-01, -1.35201616e+01,  1.96264029e-01,
        8.81327629e+00,  1.14401522e+01,  6.24659967e+00, -2.91832209e-01,
       -8.56569099e+00,  2.70195961e+00, -5.76531696e+00,  1.70010328e+00,
       -3.05294108e+00, -7.20294893e-01,  6.47834396e+00, -1.06811094e+01,
       -6.73415089e+00,  2.75959325e+00,  2.54274964e+00,  5.32578564e+00,
        8.76741982e+00,  2.84908509e+00, -9.48951912e+00, -1.02279415e+01,
       -1.07334843e+01, -3.16169643e+00, -7.84753990e+00, -8.25814342e+00,
       -2.45515957e-01, -3.33254158e-01,  1.02265282e+01,  2.37122726e+00,
        8.08396149e+00,  6.02946901e+00,  3.68023753e+00,  7.77400732e+00,
       -6.18026829e+00, -8.98446751e+00, -8.84580994e+00, -1.04551420e+01,
       -1.22824650e+01,  2.50107956e+00, -8.53962803e+00,  7.31396627e+00,
       -9.42137814e+00,  1.09396973e+01, -2.03765106e+00,  1.25170679e+01,
       -2.18876171e+00, -7.79515648e+00,  7.68713379e+00,  4.28131151e+00,
       -7.35230541e+00,  4.81146765e+00, -2.87455487e+00,  5.35508347e+00,
        1.31234491e+00,  5.98313522e+00,  6.79333544e+00,  1.19735992e+00,
        9.21087742e+00, -3.36348712e-02,  5.24843216e+00, -4.78989744e+00,
       -1.09408770e+01,  1.63423955e+00, -1.44739571e+01,  8.53425980e+00,
        3.25435233e+00,  1.26292956e+00,  3.66528654e+00, -2.45117068e+00,
       -3.63719434e-01,  9.42527294e+00, -7.83755350e+00, -3.97850227e+00,
        9.54641819e+00,  3.79127932e+00,  8.10041904e+00,  2.14089274e+00,
       -5.10945797e+00,  1.07913094e+01,  5.63939619e+00, -1.55961933e+01,
       -8.86217117e+00, -5.03547096e+00, -4.37726259e-01,  6.57524204e+00,
       -4.02416706e+00,  7.94599819e+00, -7.59343529e+00,  6.08846855e+00,
        6.94125557e+00,  5.83606720e+00,  3.79381418e+00, -1.59511423e+00,
       -5.31715536e+00,  3.01397371e+00,  3.05153799e+00,  4.38954353e+00,
       -7.42215443e+00, -7.44752550e+00,  8.85048294e+00, -7.55571556e+00,
        6.90390253e+00, -4.69252729e+00, -1.22063770e+01, -8.53765678e+00,
        8.53524494e+00, -1.85033035e+00, -1.25880337e+01,  2.68051887e+00,
        1.01224070e+01, -8.82370377e+00,  5.59379482e+00, -5.46029949e+00,
       -6.67543793e+00,  8.54408169e+00, -7.05909634e+00,  2.65027344e-01,
       -8.38834000e+00, -1.45092654e+00, -6.83463991e-01, -2.72610331e+00,
        1.29805732e+00, -8.55998173e-02,  1.61568336e-02, -6.24079943e+00,
        8.98429203e+00, -8.82636642e+00,  8.99308586e+00,  2.82747006e+00,
       -1.13620110e+01,  5.04950523e+00, -6.26976442e+00,  9.77033329e+00,
        5.01241302e+00,  2.80694771e+00, -5.95441675e+00, -2.15487242e+00,
        1.02175360e+01,  1.22348356e+01,  5.30813980e+00,  7.47703838e+00,
        1.01703072e+00,  1.09537878e+01, -7.16956806e+00, -9.47928524e+00,
        6.40702820e+00, -6.92528725e+00,  9.54601192e+00, -4.44132996e+00,
        1.78756869e+00, -8.01456642e+00, -4.47365952e+00, -8.33255577e+00,
        7.50055504e+00, -7.67299986e+00,  8.45160294e+00,  8.27079105e+00,
       -9.40306282e+00,  7.96868992e+00,  4.65743160e+00, -3.18573403e+00,
       -8.81797791e+00,  7.71926785e+00,  8.24495256e-02, -2.56146729e-01,
        5.83860016e+00, -1.06065454e+01, -1.15448599e+01,  1.14553986e+01,
       -5.41325951e+00,  6.49117184e+00,  8.88426781e+00, -7.73677349e+00,
        6.53896236e+00,  1.25852728e+00,  3.77481627e+00,  7.07658958e+00,
       -4.32211256e+00, -7.15889597e+00, -4.25353861e+00, -3.48831439e+00,
       -8.27784061e+00, -1.34670372e+01, -1.22893257e+01, -3.35173893e+00,
        6.77794313e+00, -5.01061201e-01,  7.71209097e+00,  6.95737839e+00,
       -2.17671132e+00,  2.69177699e+00, -6.35803843e+00, -2.49763918e+00,
        5.99890137e+00, -5.52183294e+00,  9.83250999e+00, -2.21840286e+00,
       -7.71513844e+00,  4.10327053e+00, -4.93469334e+00,  1.02552948e+01,
       -6.11562073e-01,  2.01902390e+00, -8.47807121e+00, -2.25256038e+00,
        7.11131954e+00, -2.86624360e+00,  8.84639168e+00,  6.16841793e+00,
       -1.76808429e+00, -5.80127430e+00, -4.83554077e+00, -6.00815535e+00,
       -7.20502472e+00,  5.78513765e+00,  6.81315899e+00,  2.21164274e+00,
       -4.29409951e-01, -1.12529297e+01, -4.64346027e+00,  1.34075403e+00,
       -1.12908208e+00, -6.51001263e+00, -9.66349220e+00,  6.11212540e+00,
        9.43079758e+00, -6.50291634e+00,  5.64318943e+00, -1.13175182e+01,
       -1.96591592e+00, -1.37078962e+01, -9.59907818e+00,  8.32389927e+00,
       -4.47415257e+00, -3.58210516e+00, -4.44975233e+00, -2.66993856e+00,
       -1.25402021e+00, -1.17948341e+01,  5.27441025e+00, -1.25080175e+01,
       -6.44582844e+00,  7.12353086e+00,  6.71259880e+00,  8.73461819e+00,
        3.76569390e+00, -1.90487647e+00,  2.32096338e+00,  3.35551405e+00,
        4.46328497e+00,  5.51009941e+00, -8.85401154e+00, -1.50918567e+00,
       -1.19809093e+01, -6.17960024e+00, -1.04702425e+01, -1.21710634e+01,
       -1.26124735e+01, -3.85621881e+00, -1.04473934e+01, -6.29353094e+00,
        7.95109653e+00,  2.89748478e+00,  1.23689902e+00, -9.16697693e+00,
       -9.74386024e+00,  1.10000820e+01,  7.82290554e+00,  7.81796360e+00],
      dtype=float32), 'decoder.6.weight': array([[  7.7152452 ,  -3.486314  ,  17.823128  , ...,  19.320168  ,
         19.940903  ,   3.871348  ],
       [ -4.011753  ,   4.541403  ,  -8.9282055 , ...,   9.254275  ,
          3.544692  ,   2.9319935 ],
       [ -9.286781  ,  10.889707  , -10.723724  , ...,  -0.97886705,
          6.954297  ,  -3.7891831 ],
       ...,
       [  1.589623  ,   8.487198  ,   7.1623635 , ...,  -5.5201774 ,
         -5.238722  ,  -6.54656   ],
       [ -5.4765377 ,  -4.2534285 ,  -9.096522  , ...,  -7.9104667 ,
          8.685976  ,   0.7700031 ],
       [  5.532897  ,   1.3720552 , -11.025424  , ...,   0.20390898,
          3.0671096 ,  -5.7476172 ]], dtype=float32), 'decoder.6.bias': array([-2.6422682, -3.1955595, -2.355214 , ...,  1.85425  ,  8.934238 ,
        5.5868006], dtype=float32)}
[Time: 15.01.25 11:54:35] [Level: info] [State: aggregate] Updating global model...
[Time: 15.01.25 11:54:35] [Level: info] [State: aggregate] Autoencoder(
  (encoder): Sequential(
    (0): Linear(in_features=6001, out_features=500, bias=True)
    (1): ReLU()
    (2): Linear(in_features=500, out_features=500, bias=True)
    (3): ReLU()
    (4): Linear(in_features=500, out_features=2000, bias=True)
    (5): ReLU()
    (6): Linear(in_features=2000, out_features=10, bias=True)
  )
  (decoder): Sequential(
    (0): Linear(in_features=10, out_features=2000, bias=True)
    (1): ReLU()
    (2): Linear(in_features=2000, out_features=500, bias=True)
    (3): ReLU()
    (4): Linear(in_features=500, out_features=500, bias=True)
    (5): ReLU()
    (6): Linear(in_features=500, out_features=6001, bias=True)
  )
)
[Time: 15.01.25 11:54:35] [Level: info] [State: aggregate] Broadcasting model...
[Time: 15.01.25 11:54:35] [Level: info] transition: compute
127.0.0.1 - - [15/Jan/2025 11:54:36] "GET /api/status HTTP/1.0" 200 158
[CTRL] GET /data
[Time: 15.01.25 11:54:36] [Level: info] state: compute
[Time: 15.01.25 11:54:36] [Level: info] [State: compute] ITERATION 6
[Time: 15.01.25 11:54:36] [Level: info] [State: compute] receiving weights...
[Time: 15.01.25 11:54:36] [Level: info] transition: write
[Time: 15.01.25 11:54:37] [Level: info] state: write
[Time: 15.01.25 11:54:37] [Level: info] [State: write] Cluster data...
[Time: 15.01.25 11:54:38] [Level: info] transition: terminal
127.0.0.1 - - [15/Jan/2025 11:54:38] "GET /api/data HTTP/1.0" 200 34213092
127.0.0.1 - - [15/Jan/2025 11:54:41] "GET /api/status HTTP/1.0" 200 156
127.0.0.1 - - [15/Jan/2025 11:54:43] "GET /api/status HTTP/1.0" 200 156
127.0.0.1 - - [15/Jan/2025 11:54:45] "GET /api/status HTTP/1.0" 200 156
127.0.0.1 - - [15/Jan/2025 11:54:47] "GET /api/status HTTP/1.0" 200 156
127.0.0.1 - - [15/Jan/2025 11:54:49] "GET /api/status HTTP/1.0" 200 154
